1 13483U 81053GD  21365.94427603  .00000524  00000-0  27461-3 0    16\
2 13483  82.9266 302.9446 0008717 293.5398 136.8364 14.12545070 16821
1 13483U 81053GD  22001.93608123  .00000502  00000-0  26253-3 0    15\
2 13483  82.9266 302.1605 0008668 290.4586 140.4648 14.12546088 16961
1 13483U 81053GD  22002.29975715  .00000467  00000-0  24376-3 0    13\
2 13483  82.9267 301.8730 0008666 289.2634 189.9319 14.12546243 17018
1 13483U 81053GD  22002.92730993  .00000422  00000-0  21953-3 0    19\
2 13483  82.9267 301.3769 0008631 287.3473 141.1947 14.12546595 17104
1 13483U 81053GD  22003.36385292  .00000401  00000-0  20809-3 0    12\
2 13483  82.9267 301.0318 0008623 285.9208 201.2193 14.12546867 17161
1 13483U 81053GD  21364.04185845  .00000680  00000-0  35910-3 0  6584\
2 13483  82.9265 304.4486 0008842 299.3523 182.5764 14.12543404 16892
1 13483U 81053GD  21365.31723778  .00000572  00000-0  30084-3 0  6596\
2 13483  82.9266 303.4403 0008760 295.4483 188.1986 14.12544522 17073
1 13483U 81053GD  22003.77632241  .00000403  00000-0  20929-3 0    11\
2 13483  82.9267 300.7058 0008605 284.5923 138.8008 14.12547267 17229
1 13483U 81053GD  22001.93608123  .00000502  00000-0  26253-3 0  6606\
2 13483  82.9266 302.1605 0008668 290.4586 140.4648 14.12546088 17300
1 13483U 81053GD  22003.00968554  .00000420  00000-0  21845-3 0  6615\
2 13483  82.9267 301.3118 0008628 287.0787 200.1126 14.12546653 17451
1 13483U 81053GD  22004.28368520  .00000368  00000-0  19016-3 0  6622\
2 13483  82.9268 300.3047 0008604 282.9456 198.9665 14.12547451 17632
1 13483U 81053GD  22004.28368520  .00000368  00000-0  19016-3 0    19\
2 13483  82.9268 300.3047 0008604 282.9456 198.9665 14.12547451 17294
1 13483U 81053GD  22004.91059205  .00000328  00000-0  16874-3 0    11\
2 13483  82.9268 299.8091 0008576 280.9987 146.9801 14.12547694 17384
1 13483U 81053GD  22005.34718630  .00000317  00000-0  16262-3 0  6636\
2 13483  82.9268 299.4639 0008577 279.5632 207.2757 14.12547914 17780
1 13483U 81053GD  22005.34718630  .00000317  00000-0  16262-3 0    12\
2 13483  82.9268 299.4639 0008577 279.5632 207.2757 14.12547914 17443
1 13483U 81053GD  22005.90211833  .00000286  00000-0  14605-3 0    11\
2 13483  82.9268 299.0251 0008551 277.8253 149.2908 14.12548092 17521
1 13483U 81053GD  22006.26668894  .00000273  00000-0  13880-3 0    14\
2 13483  82.9269 298.7369 0008550 276.6397 203.2981 14.12548208 17579
1 13483U 81053GD  22006.82015341  .00000245  00000-0  12378-3 0  6644\
2 13483  82.9268 298.2994 0008531 274.8441 137.9133 14.12548378 17992
1 13483U 81053GD  22006.89405466  .00000226  00000-0  11323-3 0    15\
2 13483  82.9268 298.2409 0008533 274.6062 153.7321 14.12548290 17664
1 13483U 81053GD  22007.33005608  .00000221  00000-0  11036-3 0    15\
2 13483  82.9268 297.8963 0008524 273.1529 211.0336 14.12548464 17720
1 13483U 81053GD  22007.88497497  .00000186  00000-0  91890-4 0  6659\
2 13483  82.9268 297.4576 0008505 271.2915 153.1066 14.12548538 18148
1 13483U 81053GD  22007.88497497  .00000186  00000-0  91890-4 0    13\
2 13483  82.9268 297.4576 0008505 271.2915 153.1066 14.12548538 17800
1 13483U 81053GD  22008.32186331  .00000191  00000-0  94105-4 0    13\
2 13483  82.9268 297.1122 0008498 269.7601 214.9941 14.12548718 17863
1 13483U 81053GD  22008.87658917  .00000178  00000-0  87556-4 0    14\
2 13483  82.9268 296.6736 0008475 267.9095 156.0758 14.12548881 17942
1 13483U 81053GD  22009.17101062  .00000166  00000-0  80671-4 0  6667\
2 13483  82.9268 296.4409 0008473 266.8633 213.4321 14.12548876 18322
1 13483U 81053GD  22009.52607845  .00000156  00000-0  75560-4 0    19\
2 13483  82.9268 296.1602 0008465 265.6744 219.1484 14.12548920 18036
1 13483U 81053GD  22009.86810229  .00000140  00000-0  66495-4 0    18\
2 13483  82.9268 295.8898 0008457 264.4893 158.5696 14.12548961 18083
1 13483U 81053GD  22010.30498840  .00000162  00000-0  78802-4 0  6677\
2 13483  82.9267 295.5444 0008442 262.9989 220.4062 14.12549239 18488
1 13483U 81053GD  22010.30498840  .00000162  00000-0  78802-4 0    19\
2 13483  82.9267 295.5444 0008442 262.9989 220.4062 14.12549239 18141
1 13483U 81053GD  22010.85975936  .00000156  00000-0  75470-4 0    16\
2 13483  82.9267 295.1058 0008421 261.0655 161.8009 14.12549379 18228
1 13483U 81053GD  22011.29668999  .00000173  00000-0  84673-4 0    17\
2 13483  82.9267 294.7604 0008406 259.5417 223.8974 14.12549605 18289
1 13483U 81053GD  22012.28891214  .00000184  00000-0  90559-4 0  6686\
2 13483  82.9267 293.9760 0008369 256.0357 230.0843 14.12549966 18764
1 13483U 81053GD  22012.28891214  .00000184  00000-0  90559-4 0    17\
2 13483  82.9267 293.9760 0008369 256.0357 230.0843 14.12549966 18427
1 13483U 81053GD  22013.27986706  .00000206  00000-0  10261-3 0    14\
2 13483  82.9267 293.1926 0008325 252.5183 229.8428 14.12550369 18562
1 13483U 81053GD  22013.83417594  .00000219  00000-0  10954-3 0  6693\
2 13483  82.9266 292.7544 0008299 250.5252 168.9512 14.12550633 18984
1 13483U 81053GD  22013.83417594  .00000219  00000-0  10954-3 0    13\
2 13483  82.9266 292.7544 0008299 250.5252 168.9512 14.12550633 18647
1 13483U 81053GD  22014.20125580  .00000243  00000-0  12240-3 0    13\
2 13483  82.9266 292.4642 0008283 249.2212 235.8329 14.12550869 18693
1 13483U 81053GD  22014.82562340  .00000282  00000-0  14343-3 0    19\
2 13483  82.9266 291.9706 0008258 246.9636 171.2609 14.12551374 18780
1 13483U 81053GD  22014.98098015  .00000294  00000-0  14996-3 0  6708\
2 13483  82.9267 291.8478 0008254 246.4066 241.3744 14.12551502 19147
1 13483U 81053GD  22015.26342216  .00000330  00000-0  16972-3 0    10\
2 13483  82.9267 291.6245 0008242 245.3960 237.8166 14.12551859 18844
1 13483U 81053GD  22015.81694633  .00000361  00000-0  18629-3 0    19\
2 13483  82.9267 291.1869 0008220 243.3752 172.9676 14.12552324 18926
1 13483U 81053GD  22016.02098618  .00000398  00000-0  20647-3 0  6710\
2 13483  82.9267 291.0256 0008205 242.6748 130.6441 14.12552688 19289
1 13483U 81053GD  22016.52552219  .00000463  00000-0  24128-3 0    15\
2 13483  82.9267 290.6267 0008186 240.8889 176.5940 14.12553409 19027
1 13483U 81053GD  22016.88291674  .00000515  00000-0  26982-3 0    17\
2 13483  82.9268 290.3441 0008169 239.6082 194.2348 14.12554046 19073
1 13483U 81053GD  22017.09375066  .00000541  00000-0  28375-3 0  6720\
2 13483  82.9268 290.1775 0008157 238.8339 186.5148 14.12554366 19442
1 13483U 81053GD  22017.24634565  .00000539  00000-0  28290-3 0    18\
2 13483  82.9267 290.0568 0008148 238.2897 242.5812 14.12554508 19127
1 13483U 81053GD  22017.80070997  .00000537  00000-0  28148-3 0    13\
2 13483  82.9267 289.6186 0008128 236.2868 181.9891 14.12554989 19206
1 13483U 81053GD  22018.16731979  .00000558  00000-0  29299-3 0  6733\
2 13483  82.9267 289.3288 0008119 234.9754 246.4957 14.12555445 19595
1 13483U 81053GD  22018.23837390  .00000568  00000-0  29848-3 0    11\
2 13483  82.9267 289.2726 0008119 234.7351 247.8497 14.12555607 19260
1 13483U 81053GD  22018.86615543  .00000594  00000-0  31216-3 0    15\
2 13483  82.9267 288.7764 0008104 232.5108 200.6055 14.12556424 19351
1 13483U 81053GD  22019.50169962  .00000705  00000-0  37219-3 0  6745\
2 13483  82.9267 288.2739 0008096 230.2530 192.8525 14.12557999 19781
1 13483U 81053GD  22020.22201927  .00000591  00000-0  31054-3 0    12\
2 13483  82.9267 287.7045 0008084 227.7174 256.2226 14.12558171 19547
1 13483U 81053GD  22020.77487581  .00000527  00000-0  27630-3 0  6755\
2 13483  82.9267 287.2674 0008013 225.5678 188.1193 14.12558354 19962
1 13483U 81053GD  22020.84909863  .00000449  00000-0  23401-3 0    13\
2 13483  82.9267 287.2088 0008053 225.4302 205.4736 14.12557918 19633
1 13483U 81053GD  22021.48422368  .00000454  00000-0  23690-3 0    10\
2 13483  82.9265 286.7066 0008080 223.3381 195.4250 14.12558656 19724
1 13483U 81053GD  22021.84112920  .00000456  00000-0  23757-3 0    16\
2 13483  82.9266 286.4244 0008078 222.0951 210.5494 14.12559100 19775
1 13483U 81053GD  22022.20487534  .00000469  00000-0  24480-3 0  6769\
2 13483  82.9265 286.1369 0008080 220.8564 260.4355 14.12559586 20161
1 13483U 81053GD  22022.47547583  .00000458  00000-0  23870-3 0    11\
2 13483  82.9265 285.9230 0008083 219.9301 196.6201 14.12559799 19867
1 13483U 81053GD  22022.83204837  .00000454  00000-0  23636-3 0    19\
2 13483  82.9265 285.6411 0008092 218.7222 210.0181 14.12560177 19910
1 13483U 81053GD  22023.46716560  .00000436  00000-0  22705-3 0  6775\
2 13483  82.9264 285.1390 0008101 216.6064 199.9576 14.12560701 20347
1 13483U 81053GD  22023.46716560  .00000436  00000-0  22705-3 0    16\
2 13483  82.9264 285.1390 0008101 216.6064 199.9576 14.12560701 20000
1 13483U 81053GD  22023.90608003  .00000394  00000-0  20388-3 0    15\
2 13483  82.9264 284.7920 0008112 215.1301 272.1063 14.12560852 20062
1 13483U 81053GD  22024.45872916  .00000384  00000-0  19864-3 0    18\
2 13483  82.9263 284.3552 0008122 213.3318 202.6058 14.12561270 20143
1 13483U 81053GD  22024.81510976  .00000365  00000-0  18866-3 0  6783\
2 13483  82.9263 284.0734 0008130 212.1612 214.9925 14.12561483 20533
1 13483U 81053GD  22024.89820212  .00000353  00000-0  18196-3 0    11\
2 13483  82.9263 284.0078 0008135 211.9012 277.5488 14.12561474 20203
1 13483U 81053GD  22025.25152837  .00000362  00000-0  18675-3 0    15\
2 13483  82.9263 283.7284 0008146 210.7830 274.3602 14.12561803 20259
1 13483U 81053GD  22025.80663344  .00000337  00000-0  17345-3 0    11\
2 13483  82.9262 283.2895 0008166 208.9498 217.3789 14.12562139 20337
1 13483U 81053GD  22026.17253554  .00000334  00000-0  17153-3 0  6795\
2 13483  82.9262 283.0003 0008186 207.8160 278.1207 14.12562415 20722
1 13483U 81053GD  22026.17253554  .00000334  00000-0  17153-3 0    14\
2 13483  82.9262 283.0003 0008186 207.8160 278.1207 14.12562415 20384
1 13483U 81053GD  22026.79843784  .00000364  00000-0  18777-3 0    18\
2 13483  82.9261 282.5055 0008205 205.6969 221.2373 14.12563148 20476
1 13483U 81053GD  22027.16301500  .00000374  00000-0  19309-3 0    18\
2 13483  82.9261 282.2172 0008214 204.4486 275.3612 14.12563508 20526
1 13483U 81053GD  22027.78983104  .00000387  00000-0  20052-3 0  6806\
2 13483  82.9259 281.7217 0008253 202.5515 222.9010 14.12564110 20959
1 13483U 81053GD  22027.78983104  .00000387  00000-0  20052-3 0    13\
2 13483  82.9259 281.7217 0008253 202.5515 222.9010 14.12564110 20612
1 13483U 81053GD  22028.49602242  .00000382  00000-0  19739-3 0    18\
2 13483  82.9258 281.1634 0008289 200.2106 214.2920 14.12564634 20714
1 13483U 81053GD  22028.86474701  .00000379  00000-0  19624-3 0    15\
2 13483  82.9258 280.8718 0008308 198.9923 289.4663 14.12564941 20769
1 13483U 81053GD  22029.14644332  .00000376  00000-0  19432-3 0  6814\
2 13483  82.9258 280.6492 0008324 198.0941 282.0195 14.12565130 21148
1 13483U 81053GD  22029.41661691  .00000420  00000-0  21793-3 0    10\
2 13483  82.9257 280.4355 0008337 197.2126 215.9960 14.12565635 20844
1 13483U 81053GD  22029.85649132  .00000437  00000-0  22754-3 0    10\
2 13483  82.9257 280.0878 0008362 195.7477 293.0202 14.12566091 20900
1 13483U 81053GD  22030.21007918  .00000450  00000-0  23467-3 0  6824\
2 13483  82.9257 279.8082 0008379 194.5915 291.2047 14.12566453 21297
1 13483U 81053GD  22030.42238604  .00000458  00000-0  23848-3 0    11\
2 13483  82.9257 279.6404 0008388 193.9003 290.8968 14.12566671 20988
1 13483U 81053GD  22030.76562119  .00000488  00000-0  25471-3 0    16\
2 13483  82.9256 279.3690 0008413 192.8117 236.4001 14.12567182 21033
1 13483U 81053GD  22031.41428562  .00000593  00000-0  31159-3 0  6835\
2 13483  82.9256 278.8561 0008449 190.6577 295.2451 14.12568399 21469
1 13483U 81053GD  22031.41428562  .00000593  00000-0  31159-3 0    19\
2 13483  82.9256 278.8561 0008449 190.6577 295.2451 14.12568399 21122
1 13483U 81053GD  22031.75704694  .00000608  00000-0  32006-3 0    18\
2 13483  82.9255 278.5851 0008474 189.5424 238.3686 14.12568872 21175
1 13483U 81053GD  22032.39166098  .00000653  00000-0  34442-3 0    15\
2 13483  82.9255 278.0833 0008511 187.4133 225.7824 14.12569734 21268
1 13483U 81053GD  22033.18514628  .00000630  00000-0  33173-3 0  6841\
2 13483  82.9254 277.4559 0008570 184.7249 301.1858 14.12570446 21716
1 13483U 81053GD  22033.38302009  .00000630  00000-0  33168-3 0    18\
2 13483  82.9254 277.2994 0008581 184.0322 227.5292 14.12570654 21404
1 13483U 81053GD  22033.94213397  .00000619  00000-0  32602-3 0    10\
2 13483  82.9254 276.8574 0008618 182.1092 191.0280 14.12571205 21480
1 13483U 81053GD  22034.37469269  .00000599  00000-0  31507-3 0  6857\
2 13483  82.9253 276.5153 0008645 180.6060 230.9187 14.12571596 21883
1 13483U 81053GD  22034.37469269  .00000599  00000-0  31507-3 0    19\
2 13483  82.9253 276.5153 0008645 180.6060 230.9187 14.12571596 21546
1 13483U 81053GD  22034.65188444  .00000671  00000-0  35388-3 0    15\
2 13483  82.9253 276.2962 0008666 179.6543 200.6408 14.12572415 21583
1 13483U 81053GD  22035.43798175  .00000762  00000-0  40333-3 0  6866\
2 13483  82.9252 275.6746 0008724 176.9591 238.5132 14.12573928 22038
1 13483U 81053GD  22035.43798175  .00000762  00000-0  40333-3 0    17\
2 13483  82.9252 275.6746 0008724 176.9591 238.5132 14.12573928 21699
1 13483U 81053GD  22035.92498567  .00000838  00000-0  44446-3 0    16\
2 13483  82.9251 275.2895 0008763 175.3324 195.2401 14.12575098 21765
1 13483U 81053GD  22036.42972050  .00000861  00000-0  45683-3 0    16\
2 13483  82.9250 274.8904 0008801 173.5935 242.1944 14.12576037 21837
1 13483U 81053GD  22036.71473538  .00000862  00000-0  45728-3 0  6876\
2 13483  82.9250 274.6651 0008823 172.6375 251.6826 14.12576492 22218
1 13483U 81053GD  22037.42209809  .00000853  00000-0  45233-3 0    14\
2 13483  82.9249 274.1058 0008879 170.2269 249.1278 14.12577566 21977
1 13483U 81053GD  22037.90859668  .00000844  00000-0  44746-3 0    19\
2 13483  82.9249 273.7211 0008915 168.5832 203.3080 14.12578278 22043
1 13483U 81053GD  22038.14256691  .00000842  00000-0  44611-3 0  6883\
2 13483  82.9249 273.5361 0008932 167.7945 313.2067 14.12578670 22415
1 13483U 81053GD  22038.14256691  .00000842  00000-0  44611-3 0    12\
2 13483  82.9249 273.5361 0008932 167.7945 313.2067 14.12578670 22077
1 13483U 81053GD  22038.85113642  .00000819  00000-0  43374-3 0    17\
2 13483  82.9248 272.9758 0008987 165.4417 316.7332 14.12579713 22171
1 13483U 81053GD  22039.61792821  .00000832  00000-0  44077-3 0    10\
2 13483  82.9248 272.3695 0009041 162.9050 256.3506 14.12581062 22286
1 13483U 81053GD  22039.61792821  .00000832  00000-0  44077-3 0  6892\
2 13483  82.9248 272.3695 0009041 162.9050 256.3506 14.12581062 22624
1 13483U 81053GD  22039.84278234  .00000797  00000-0  42197-3 0    13\
2 13483  82.9248 272.1918 0009056 162.1983 319.8389 14.12581261 22314
1 13483U 81053GD  22040.60976576  .00000866  00000-0  45950-3 0    10\
2 13483  82.9247 271.5853 0009111 159.7306 260.3660 14.12582915 22428
1 13483U 81053GD  22040.67931722  .00000867  00000-0  45955-3 0  6901\
2 13483  82.9247 271.5303 0009116 159.5161 254.0639 14.12583040 22774
1 13483U 81053GD  22041.60166096  .00000843  00000-0  44689-3 0    12\
2 13483  82.9247 270.8010 0009177 156.6040 264.6325 14.12584452 22566
1 13483U 81053GD  22041.74508462  .00000851  00000-0  45122-3 0  6911\
2 13483  82.9248 270.6876 0009184 156.1711 273.9927 14.12584752 22927
1 13483U 81053GD  22041.89804135  .00000894  00000-0  47437-3 0    16\
2 13483  82.9248 270.5666 0009193 155.7084 331.8333 14.12585243 22607
1 13483U 81053GD  22042.59350420  .00000890  00000-0  47235-3 0    19\
2 13483  82.9248 270.0167 0009237 153.5234 268.5970 14.12586472 22709
1 13483U 81053GD  22043.03159880  .00000909  00000-0  48265-3 0  6927\
2 13483  82.9248 269.6702 0009263 152.2445 336.4227 14.12587310 23104
1 13483U 81053GD  22042.88972259  .00000915  00000-0  48562-3 0    13\
2 13483  82.9249 269.7824 0009252 152.6498 334.9539 14.12587100 22746
1 13483U 81053GD  22043.58525722  .00000895  00000-0  47461-3 0    14\
2 13483  82.9248 269.2324 0009297 150.5689 271.9826 14.12588231 22849
1 13483U 81053GD  22044.09298326  .00000906  00000-0  48107-3 0  6936\
2 13483  82.9248 268.8309 0009325 149.0974 333.8960 14.12589227 23258
1 13483U 81053GD  22043.88140642  .00000906  00000-0  48089-3 0    11\
2 13483  82.9248 268.9982 0009316 149.7185 337.9671 14.12588831 22889
1 13483U 81053GD  22044.57714958  .00000892  00000-0  47346-3 0    14\
2 13483  82.9247 268.4481 0009352 147.7096 275.9888 14.12590069 22984
1 13483U 81053GD  22045.15615253  .00000918  00000-0  48739-3 0  6941\
2 13483  82.9247 267.9903 0009375 146.0657 340.3327 14.12591294 23401
1 13483U 81053GD  22045.56883406  .00000858  00000-0  45471-3 0    18\
2 13483  82.9247 267.6639 0009399 144.8720 278.9223 14.12591711 23121
1 13483U 81053GD  22045.71153062  .00000852  00000-0  45158-3 0    19\
2 13483  82.9247 267.5511 0009405 144.4671 284.5628 14.12591951 23148
1 13483U 81053GD  22046.34649684  .00000837  00000-0  44352-3 0  6956\
2 13483  82.9247 267.0490 0009427 142.6550 273.5054 14.12593081 23573
1 13483U 81053GD  22046.62921788  .00000816  00000-0  43190-3 0    12\
2 13483  82.9246 266.8255 0009439 141.8657 271.1870 14.12593512 23276
1 13483U 81053GD  22046.85644924  .00000797  00000-0  42169-3 0    14\
2 13483  82.9246 266.6458 0009456 141.2492 346.6772 14.12593811 23304
1 13483U 81053GD  22047.55266132  .00000844  00000-0  44698-3 0    15\
2 13483  82.9245 266.0953 0009482 139.3345 287.0022 14.12595437 23404
1 13483U 81053GD  22047.62320288  .00000845  00000-0  44756-3 0  6962\
2 13483  82.9245 266.0395 0009485 139.1405 285.7151 14.12595596 23754
1 13483U 81053GD  22047.84810190  .00000852  00000-0  45178-3 0    19\
2 13483  82.9245 265.8617 0009493 138.5149 349.3625 14.12596059 23449
1 13483U 81053GD  22048.61249544  .00000808  00000-0  42793-3 0    15\
2 13483  82.9244 265.2572 0009535 136.4375 276.3784 14.12597269 23558
1 13483U 81053GD  22048.84011784  .00000812  00000-0  42964-3 0  6979\
2 13483  82.9244 265.0771 0009547 135.8427 353.8377 14.12597706 23927
1 13483U 81053GD  22048.84011784  .00000812  00000-0  42964-3 0    18\
2 13483  82.9244 265.0771 0009547 135.8427 353.8377 14.12597706 23589
1 13483U 81053GD  22049.60413595  .00000814  00000-0  43093-3 0    15\
2 13483  82.9243 264.4730 0009587 133.7720 278.9438 14.12599133 23696
1 13483U 81053GD  22049.88890340  .00000808  00000-0  42779-3 0    15\
2 13483  82.9243 264.2478 0009598 133.0174 286.9977 14.12599605 23737
1 13483U 81053GD  22050.11460771  .00000806  00000-0  42657-3 0  6989\
2 13483  82.9242 264.0693 0009616 132.4294 354.7033 14.12600013 24105
1 13483U 81053GD  22050.59583812  .00000851  00000-0  45079-3 0    12\
2 13483  82.9242 263.6888 0009647 131.1260 281.8092 14.12601116 23838
1 13483U 81053GD  22050.87158860  .00000862  00000-0  45689-3 0    13\
2 13483  82.9242 263.4707 0009658 130.3750 244.0336 14.12601664 23877
1 13483U 81053GD  22051.58853576  .00000876  00000-0  46443-3 0  6995\
2 13483  82.9241 262.9037 0009707 128.4207 289.7998 14.12603047 24313
1 13483U 81053GD  22051.74364995  .00000873  00000-0  46257-3 0    12\
2 13483  82.9240 262.7811 0009715 128.0195 358.5536 14.12603288 23994
1 13483U 81053GD  22052.65147029  .00000849  00000-0  44991-3 0  7002\
2 13483  82.9239 262.0631 0009773 125.6213 294.8620 14.12604733 24468
1 13483U 81053GD  22052.94650398  .00000890  00000-0  47214-3 0    13\
2 13483  82.9239 261.8298 0009792 124.8416 355.1235 14.12605450 24168
1 13483U 81053GD  22053.57162201  .00000887  00000-0  47027-3 0    12\
2 13483  82.9238 261.3354 0009837 123.1434 293.9294 14.12606563 24257
1 13483U 81053GD  22053.64311363  .00000889  00000-0  47134-3 0    16\
2 13483  82.9238 261.2789 0009841 122.9543 297.4686 14.12606705 24264
1 13483U 81053GD  22054.08047277  .00000869  00000-0  46062-3 0  7019\
2 13483  82.9238 260.9330 0009873 121.7778   1.4850 14.12607296 24660
1 13483U 81053GD  22054.56377882  .00000879  00000-0  46624-3 0    18\
2 13483  82.9238 260.5507 0009907 120.4839 299.1426 14.12608204 24399
1 13483U 81053GD  22054.83824788  .00000888  00000-0  47059-3 0    13\
2 13483  82.9238 260.3337 0009925 119.7810 254.8127 14.12608698 24436
1 13483U 81053GD  22055.55486588  .00000933  00000-0  49490-3 0    17\
2 13483  82.9238 259.7669 0009972 117.8172 298.9339 14.12610256 24536
1 13483U 81053GD  22055.91118354  .00000905  00000-0  48017-3 0  7021\
2 13483  82.9238 259.4851 0009991 116.8622 310.8469 14.12610682 24920
1 13483U 81053GD  22055.91118354  .00000905  00000-0  48017-3 0    13\
2 13483  82.9238 259.4851 0009991 116.8622 310.8469 14.12610682 24582
1 13483U 81053GD  22056.54661031  .00000985  00000-0  52306-3 0    12\
2 13483  82.9238 258.9825 0010035 115.1463 302.0766 14.12612313 24679
1 13483U 81053GD  22056.82104817  .00000994  00000-0  52836-3 0    15\
2 13483  82.9238 258.7654 0010051 114.4080 257.6274 14.12612850 24712
1 13483U 81053GD  22057.05571852  .00000965  00000-0  51248-3 0  7031\
2 13483  82.9238 258.5798 0010067 113.7717  10.9599 14.12613080 25082
1 13483U 81053GD  22057.60930894  .00001003  00000-0  53311-3 0    15\
2 13483  82.9238 258.1420 0010106 112.2899 306.0315 14.12614329 24822
1 13483U 81053GD  22057.89415691  .00000953  00000-0  50612-3 0    13\
2 13483  82.9238 257.9167 0010123 111.5378 314.5066 14.12614558 24865
1 13483U 81053GD  22058.31444534  .00001036  00000-0  55100-3 0  7049\
2 13483  82.9238 257.5843 0010147 110.3993 291.7383 14.12615822 25266
1 13483U 81053GD  22058.60089976  .00001093  00000-0  58170-3 0    19\
2 13483  82.9238 257.3578 0010162 109.6458 308.3826 14.12616768 24966
1 13483U 81053GD  22058.88558198  .00001095  00000-0  58241-3 0    17\
2 13483  82.9238 257.1326 0010177 108.8981 316.0133 14.12617308 25007
1 13483U 81053GD  22059.52251729  .00001122  00000-0  59723-3 0  7057\
2 13483  82.9238 256.6288 0010209 107.1764 314.9292 14.12618755 25432
1 13483U 81053GD  22059.59308339  .00001122  00000-0  59738-3 0    19\
2 13483  82.9238 256.5730 0010212 106.9932 313.7617 14.12618907 25102
1 13483U 81053GD  22059.95885023  .00001089  00000-0  57933-3 0    16\
2 13483  82.9239 256.2837 0010229 106.0179  13.7316 14.12619464 25157
1 13483U 81053GD  22060.58514251  .00001126  00000-0  59924-3 0  7065\
2 13483  82.9239 255.7885 0010253 104.3619 318.4953 14.12621030 25582
1 13483U 81053GD  22060.58514251  .00001126  00000-0  59924-3 0    13\
2 13483  82.9239 255.7885 0010253 104.3619 318.4953 14.12621030 25245
1 13483U 81053GD  22060.86889069  .00001092  00000-0  58075-3 0    14\
2 13483  82.9239 255.5640 0010260 103.6124 321.3850 14.12621416 25284
1 13483U 81053GD  22061.57501366  .00001050  00000-0  55834-3 0    18\
2 13483  82.9239 255.0056 0010283 101.7278 312.1188 14.12622756 25385
1 13483U 81053GD  22061.64937355  .00001052  00000-0  55909-3 0  7075\
2 13483  82.9239 254.9468 0010283 101.5173 330.2615 14.12622925 25735
1 13483U 81053GD  22061.64937355  .00001052  00000-0  55909-3 0    12\
2 13483  82.9239 254.9468 0010283 101.5173 330.2615 14.12622925 25397
1 13483U 81053GD  22062.64075306  .00001168  00000-0  62218-3 0    11\
2 13483  82.9240 254.1628 0010299  98.8787 331.5643 14.12625717 25538
1 13483U 81053GD  22062.72239387  .00001120  00000-0  59579-3 0    15\
2 13483  82.9240 254.0983 0010298  98.6467  26.7345 14.12625653 25545
1 13483U 81053GD  22063.01339017  .00001117  00000-0  59439-3 0  7084\
2 13483  82.9240 253.8681 0010298  97.8807  66.4844 14.12626284 25924
1 13483U 81053GD  22063.55820212  .00001073  00000-0  57066-3 0    16\
2 13483  82.9239 253.4371 0010302  96.4824 316.8817 14.12627237 25666
1 13483U 81053GD  22063.76256090  .00001072  00000-0  57000-3 0    13\
2 13483  82.9240 253.2755 0010300  95.9368 276.0785 14.12627653 25693
1 13483U 81053GD  22063.99498035  .00001171  00000-0  62369-3 0    19\
2 13483  82.9240 253.0918 0010299  95.3058  17.9798 14.12628731 25727
1 13483U 81053GD  22064.54979348  .00001271  00000-0  67755-3 0  7092\
2 13483  82.9240 252.6530 0010299  93.8368 319.2849 14.12630578 26143
1 13483U 81053GD  22064.54979348  .00001271  00000-0  67755-3 0    17\
2 13483  82.9240 252.6530 0010299  93.8368 319.2849 14.12630578 25805
1 13483U 81053GD  22064.62461968  .00001272  00000-0  67820-3 0    14\
2 13483  82.9240 252.5938 0010298  93.6442 339.7815 14.12630753 25812
1 13483U 81053GD  22065.61562483  .00001345  00000-0  71766-3 0    13\
2 13483  82.9242 251.8103 0010280  90.8777 339.3359 14.12633515 25954
1 13483U 81053GD  22065.61562483  .00001345  00000-0  71766-3 0  7100\
2 13483  82.9242 251.8103 0010280  90.8777 339.3359 14.12633515 26292
1 13483U 81053GD  22065.90842366  .00001287  00000-0  68594-3 0    16\
2 13483  82.9242 251.5788 0010242  90.0804  28.2852 14.12633846 25994
1 13483U 81053GD  22066.45762422  .00001301  00000-0  69349-3 0    17\
2 13483  82.9242 251.1445 0010227  88.6069 301.0766 14.12635174 26071
1 13483U 81053GD  22066.60713796  .00001280  00000-0  68218-3 0    14\
2 13483  82.9242 251.0263 0010225  88.2258 341.3628 14.12635370 26096
1 13483U 81053GD  22066.97764736  .00001288  00000-0  68651-3 0  7111\
2 13483  82.9242 250.7332 0010202  87.2641  65.4449 14.12636269 26485
1 13483U 81053GD  22067.59830956  .00001248  00000-0  66512-3 0    10\
2 13483  82.9242 250.2423 0010173  85.6361 341.6011 14.12637487 26239
1 13483U 81053GD  22068.03365365  .00001188  00000-0  63265-3 0  7121\
2 13483  82.9242 249.8979 0010144  84.5241  35.3603 14.12638171 26631
1 13483U 81053GD  22068.58973247  .00001235  00000-0  65821-3 0    19\
2 13483  82.9243 249.4582 0010139  83.0255 343.1466 14.12639770 26375
1 13483U 81053GD  22068.95373618  .00001151  00000-0  61257-3 0    12\
2 13483  82.9243 249.1703 0010135  82.1042  34.1289 14.12640174 26423
1 13483U 81053GD  22069.58181986  .00001225  00000-0  65263-3 0    10\
2 13483  82.9244 248.6737 0010047  80.4671 348.0273 14.12642197 26513
1 13483U 81053GD  22069.58181986  .00001225  00000-0  65263-3 0  7130\
2 13483  82.9244 248.6737 0010047  80.4671 348.0273 14.12642197 26850
1 13483U 81053GD  22069.87486628  .00001277  00000-0  68089-3 0    19\
2 13483  82.9244 248.4419 0010038  79.6825  38.2336 14.12643221 26550
1 13483U 81053GD  22070.49959191  .00001288  00000-0  68662-3 0    18\
2 13483  82.9243 247.9477 0010031  78.0455 335.0706 14.12644975 26648
1 13483U 81053GD  22070.94517792  .00001375  00000-0  73336-3 0    16\
2 13483  82.9244 247.5952 0010012  76.8638  80.9690 14.12646682 26703
1 13483U 81053GD  22070.94517792  .00001375  00000-0  73336-3 0  7147\
2 13483  82.9244 247.5952 0010012  76.8638  80.9690 14.12646682 27041
1 13483U 81053GD  22071.56405937  .00001437  00000-0  76694-3 0    11\
2 13483  82.9246 247.1058 0009987  75.2811 348.0549 14.12648704 26790
1 13483U 81053GD  22071.92949891  .00001308  00000-0  69752-3 0    17\
2 13483  82.9246 246.8167 0009965  74.3787  46.3268 14.12648935 26843
1 13483U 81053GD  22071.99987259  .00001314  00000-0  70030-3 0  7154\
2 13483  82.9245 246.7611 0009934  74.1683  44.2161 14.12649151 27193
1 13483U 81053GD  22072.55545997  .00001501  00000-0  80160-3 0    17\
2 13483  82.9246 246.3217 0009936  72.8233 349.3736 14.12651661 26937
1 13483U 81053GD  22072.92159230  .00001568  00000-0  83759-3 0    19\
2 13483  82.9247 246.0321 0009911  71.8620  51.2333 14.12653201 26982
1 13483U 81053GD  22073.54693257  .00001498  00000-0  79981-3 0  7167\
2 13483  82.9246 245.5374 0009916  70.2185 351.2181 14.12654508 27411
1 13483U 81053GD  22073.54693257  .00001498  00000-0  79981-3 0    14\
2 13483  82.9246 245.5374 0009916  70.2185 351.2181 14.12654508 27073
1 13483U 81053GD  22073.98352969  .00001482  00000-0  79139-3 0    12\
2 13483  82.9247 245.1922 0009866  69.0995  51.3804 14.12655678 27134
1 13483U 81053GD  22074.74142417  .00001390  00000-0  74150-3 0  7172\
2 13483  82.9248 244.5927 0009787  67.5015 305.0465 14.12657238 27575
1 13483U 81053GD  22074.90415543  .00001383  00000-0  73780-3 0    19\
2 13483  82.9248 244.4641 0009776  67.0981  52.5474 14.12657673 27265
1 13483U 81053GD  22075.52979436  .00001330  00000-0  70890-3 0    15\
2 13483  82.9249 243.9693 0009743  65.5066 354.0109 14.12659099 27357
1 13483U 81053GD  22076.19010569  .00001339  00000-0  71396-3 0  7188\
2 13483  82.9249 243.4472 0009721  63.8725 111.7485 14.12661009 27782
1 13483U 81053GD  22076.52117667  .00001310  00000-0  69824-3 0    19\
2 13483  82.9250 243.1854 0009701  63.0526 355.2734 14.12661772 27491
1 13483U 81053GD  22076.95813876  .00001265  00000-0  67388-3 0    13\
2 13483  82.9250 242.8398 0009678  61.9503  57.2854 14.12662691 27555
1 13483U 81053GD  22077.51262071  .00001252  00000-0  66704-3 0  7194\
2 13483  82.9251 242.4013 0009655  60.5932 356.8626 14.12664081 27978
1 13483U 81053GD  22077.51262071  .00001252  00000-0  66704-3 0    18\
2 13483  82.9251 242.4013 0009655  60.5932 356.8626 14.12664081 27631
1 13483U 81053GD  22077.95006309  .00001231  00000-0  65545-3 0    15\
2 13483  82.9251 242.0554 0009621  59.4515  61.3588 14.12665077 27691
1 13483U 81053GD  22078.57821014  .00001211  00000-0  64480-3 0  7205\
2 13483  82.9252 241.5587 0009605  57.8886  15.5584 14.12666530 28128
1 13483U 81053GD  22078.87115830  .00001183  00000-0  62964-3 0    15\
2 13483  82.9253 241.3270 0009572  57.0782  65.3157 14.12667071 27822
1 13483U 81053GD  22079.49609472  .00001186  00000-0  63147-3 0    11\
2 13483  82.9253 240.8328 0009550  55.4746   3.2422 14.12668587 27917
1 13483U 81053GD  22079.86251267  .00001162  00000-0  61836-3 0  7213\
2 13483  82.9254 240.5431 0009519  54.4861  66.5999 14.12669266 28302
1 13483U 81053GD  22079.86251267  .00001162  00000-0  61836-3 0    14\
2 13483  82.9254 240.5431 0009519  54.4861  66.5999 14.12669266 27963
1 13483U 81053GD  22080.56123068  .00001129  00000-0  60029-3 0    16\
2 13483  82.9255 239.9906 0009479  52.6601  19.7578 14.12670605 28064
1 13483U 81053GD  22080.92494744  .00001113  00000-0  59199-3 0    17\
2 13483  82.9256 239.7030 0009452  51.6650  69.3960 14.12671323 28115
1 13483U 81053GD  22080.92494744  .00001113  00000-0  59199-3 0  7227\
2 13483  82.9256 239.7030 0009452  51.6650  69.3960 14.12671323 28452
1 13483U 81053GD  22081.47819234  .00001150  00000-0  61197-3 0    15\
2 13483  82.9257 239.2655 0009422  50.1547   2.8560 14.12672755 28196
1 13483U 81053GD  22081.91565046  .00001157  00000-0  61549-3 0    11\
2 13483  82.9258 238.9196 0009389  49.0001  67.4595 14.12673803 28254
1 13483U 81053GD  22082.19953885  .00001227  00000-0  65342-3 0  7238\
2 13483  82.9259 238.6952 0009379  48.2366  71.1308 14.12674851 28636
1 13483U 81053GD  22082.46984368  .00001230  00000-0  65469-3 0    11\
2 13483  82.9259 238.4814 0009351  47.4673   5.7679 14.12675521 28339
1 13483U 81053GD  22082.90681291  .00001256  00000-0  66868-3 0    11\
2 13483  82.9259 238.1358 0009323  46.2400  67.9634 14.12676726 28398
1 13483U 81053GD  22083.46143848  .00001293  00000-0  68867-3 0    16\
2 13483  82.9260 237.6973 0009287  44.5104   8.6718 14.12678340 28476
1 13483U 81053GD  22083.90031094  .00001341  00000-0  71487-3 0  7242\
2 13483  82.9261 237.3503 0009249  43.2214  80.6072 14.12679745 28876
1 13483U 81053GD  22083.90031094  .00001341  00000-0  71487-3 0    10\
2 13483  82.9261 237.3503 0009249  43.2214  80.6072 14.12679745 28539
1 13483U 81053GD  22084.52705220  .00001346  00000-0  71749-3 0    14\
2 13483  82.9262 236.8547 0009199  41.4141  27.9384 14.12681336 28624
1 13483U 81053GD  22084.96329008  .00001338  00000-0  71310-3 0  7256\
2 13483  82.9263 236.5097 0009154  40.0861  86.5254 14.12682406 29028
1 13483U 81053GD  22084.89167845  .00001342  00000-0  71540-3 0    14\
2 13483  82.9263 236.5663 0009160  40.3081  82.3240 14.12682238 28673
1 13483U 81053GD  22085.51906966  .00001336  00000-0  71219-3 0    15\
2 13483  82.9263 236.0703 0009110  38.5335  32.9306 14.12683726 28766
1 13483U 81053GD  22085.88295914  .00001271  00000-0  67722-3 0    11\
2 13483  82.9264 235.7825 0009051  37.3238  83.6780 14.12684298 28811
1 13483U 81053GD  22086.17713082  .00001259  00000-0  67058-3 0  7267\
2 13483  82.9264 235.5499 0009026  36.4464 139.7409 14.12685027 29193
1 13483U 81053GD  22086.51004706  .00001289  00000-0  68656-3 0    15\
2 13483  82.9264 235.2868 0009007  35.4903  32.8090 14.12686014 28900
1 13483U 81053GD  22086.87379211  .00001311  00000-0  69867-3 0    11\
2 13483  82.9265 234.9992 0008968  34.2609  82.8456 14.12687073 28952
1 13483U 81053GD  22087.42773000  .00001357  00000-0  72310-3 0  7279\
2 13483  82.9265 234.5612 0008909  32.4739  20.1383 14.12688909 29376
1 13483U 81053GD  22087.42773000  .00001357  00000-0  72310-3 0    14\
2 13483  82.9265 234.5612 0008909  32.4739  20.1383 14.12688909 29039
1 13483U 81053GD  22087.93688257  .00001393  00000-0  74272-3 0    18\
2 13483  82.9266 234.1588 0008869  30.9320  89.5559 14.12690458 29106
1 13483U 81053GD  22088.49318241  .00001480  00000-0  78949-3 0  7281\
2 13483  82.9267 233.7190 0008817  29.1188  38.8864 14.12692570 29525
1 13483U 81053GD  22088.49318241  .00001480  00000-0  78949-3 0    15\
2 13483  82.9267 233.7190 0008817  29.1188  38.8864 14.12692570 29187
1 13483U 81053GD  22088.92937344  .00001612  00000-0  86090-3 0    17\
2 13483  82.9267 233.3741 0008782  27.6419  97.4037 14.12694608 29240
1 13483U 81053GD  22089.84898028  .00001971  00000-0  10545-2 0  7290\
2 13483  82.9269 232.6471 0008703  24.6728  94.4947 14.12699566 29714
1 13483U 81053GD  22089.48409843  .00001880  00000-0  10053-2 0    19\
2 13483  82.9268 232.9356 0008738  25.8418  38.7248 14.12697839 29328
1 13483U 81053GD  22089.92102949  .00001970  00000-0  10541-2 0    17\
2 13483  82.9268 232.5901 0008699  24.4303 100.9448 14.12699803 29387
1 13483U 81053GD  22090.47564156  .00002079  00000-0  11124-2 0    10\
2 13483  82.9269 232.1518 0008637  22.6321  41.6978 14.12702320 29467
1 13483U 81053GD  22090.91243226  .00002166  00000-0  11598-2 0    13\
2 13483  82.9268 231.8063 0008573  21.1472 103.2845 14.12704393 29524
1 13483U 81053GD  22090.91243226  .00002166  00000-0  11598-2 0  7302\
2 13483  82.9268 231.8063 0008573  21.1472 103.2845 14.12704393 29861
1 13483U 81053GD  22091.46752479  .00001983  00000-0  10610-2 0    19\
2 13483  82.9269 231.3673 0008516  19.5782  46.2533 14.12705218 29605
1 13483U 81053GD  22091.90265069  .00002035  00000-0  10890-2 0    11\
2 13483  82.9270 231.0232 0008434  18.0398  99.4384 14.12707246 29664
1 13483U 81053GD  22092.12659733  .00002034  00000-0  10883-2 0  7312\
2 13483  82.9271 230.8462 0008414  17.3780 158.3711 14.12708129 30035
1 13483U 81053GD  22092.89487369  .00002098  00000-0  11230-2 0    17\
2 13483  82.9275 230.2385 0008283  14.7500 105.9764 14.12710864 29800
1 13483U 81053GD  22093.44994105  .00002150  00000-0  11509-2 0  7329\
2 13483  82.9275 229.7997 0008222  12.9223  49.0986 14.12713609 30229
1 13483U 81053GD  22093.88593851  .00002030  00000-0  10862-2 0    17\
2 13483  82.9277 229.4550 0008197  11.8065 106.3023 14.12715053 29947
1 13483U 81053GD  22094.44132137  .00002119  00000-0  11338-2 0    13\
2 13483  82.9276 229.0158 0008135   9.7979  51.2189 14.12718045 30024
1 13483U 81053GD  22094.87746535  .00002102  00000-0  11250-2 0  7330\
2 13483  82.9276 228.6710 0008098   8.9706 108.8879 14.12720008 30421
1 13483U 81053GD  22094.87746535  .00002102  00000-0  11250-2 0    18\
2 13483  82.9276 228.6710 0008098   8.9706 108.8879 14.12720008 30083
1 13483U 81053GD  22095.43264637  .00002228  00000-0  11929-2 0    11\
2 13483  82.9275 228.2320 0008033   7.0189  52.7298 14.12723002 30167
1 13483U 81053GD  22095.86976090  .00002292  00000-0  12272-2 0    14\
2 13483  82.9276 227.8865 0007975   5.5404 115.9898 14.12725161 30227
1 13483U 81053GD  22096.42398472  .00002251  00000-0  12051-2 0  7342\
2 13483  82.9276 227.4484 0007910   4.1435  54.4186 14.12727386 30642
1 13483U 81053GD  22096.42398472  .00002251  00000-0  12051-2 0    19\
2 13483  82.9276 227.4484 0007910   4.1435  54.4186 14.12727386 30305
1 13483U 81053GD  22096.86209642  .00002157  00000-0  11543-2 0    17\
2 13483  82.9274 227.1021 0007839   2.5539 122.8636 14.12728867 30365
1 13483U 81053GD  22097.61928307  .00002030  00000-0  10860-2 0    18\
2 13483  82.9274 226.5033 0007777   0.3698  13.7166 14.12731239 30479
1 13483U 81053GD  22097.61928307  .00002030  00000-0  10860-2 0  7352\
2 13483  82.9274 226.5033 0007777   0.3698  13.7166 14.12731239 30806
1 13483U 81053GD  22097.85376604  .00001996  00000-0  10675-2 0    15\
2 13483  82.9274 226.3178 0007762 359.5634 126.3675 14.12732062 30505
1 13483U 81053GD  22098.40779742  .00001888  00000-0  10090-2 0    18\
2 13483  82.9274 225.8798 0007706 358.2990  63.6978 14.12733604 30586
1 13483U 81053GD  22098.84402847  .00001735  00000-0  92638-3 0  7360\
2 13483  82.9276 225.5349 0007711 356.4712 122.8306 14.12734240 30989
1 13483U 81053GD  22098.84402847  .00001735  00000-0  92638-3 0    15\
2 13483  82.9276 225.5349 0007711 356.4712 122.8306 14.12734240 30642
1 13483U 81053GD  22099.39945619  .00001705  00000-0  91049-3 0    17\
2 13483  82.9276 225.0958 0007675 354.8176  67.6556 14.12736163 30726
1 13483U 81053GD  22099.83498816  .00001708  00000-0  91188-3 0    15\
2 13483  82.9278 224.7516 0007628 353.5424 122.6913 14.12737882 30788
1 13483U 81053GD  22100.31365965  .00001607  00000-0  85762-3 0  7374\
2 13483  82.9278 224.3730 0007608 352.0775  37.1901 14.12739066 31192
1 13483U 81053GD  22100.31365965  .00001607  00000-0  85762-3 0    18\
2 13483  82.9278 224.3730 0007608 352.0775  37.1901 14.12739066 30854
1 13483U 81053GD  22100.82668094  .00001677  00000-0  89513-3 0    18\
2 13483  82.9279 223.9675 0007566 350.7072 126.1988 14.12741527 30923
1 13483U 81053GD  22101.31140890  .00001710  00000-0  91299-3 0    14\
2 13483  82.9279 223.5842 0007529 348.7891  71.9456 14.12743627 30997
1 13483U 81053GD  22101.81822519  .00001746  00000-0  93251-3 0  7380\
2 13483  82.9280 223.1835 0007492 347.2585 129.5810 14.12745814 31401
1 13483U 81053GD  22101.81822519  .00001746  00000-0  93251-3 0    13\
2 13483  82.9280 223.1835 0007492 347.2585 129.5810 14.12745814 31063
1 13483U 81053GD  22102.37251750  .00001841  00000-0  98374-3 0    15\
2 13483  82.9281 222.7453 0007464 345.1831  69.0818 14.12748521 31148
1 13483U 81053GD  22102.81815858  .00001804  00000-0  96350-3 0    10\
2 13483  82.9282 222.3930 0007442 343.7989 175.6284 14.12750078 31207
1 13483U 81053GD  22103.43829686  .00001828  00000-0  97660-3 0  7392\
2 13483  82.9282 221.9028 0007447 341.7555  89.7930 14.12752502 31636
1 13483U 81053GD  22103.43829686  .00001828  00000-0  97660-3 0    14\
2 13483  82.9282 221.9028 0007447 341.7555  89.7930 14.12752502 31298
1 13483U 81053GD  22103.80873538  .00001753  00000-0  93606-3 0    13\
2 13483  82.9283 221.6101 0007421 340.3582 174.1061 14.12753437 31343
1 13483U 81053GD  22104.35728427  .00001589  00000-0  84782-3 0    12\
2 13483  82.9283 221.1762 0007387 338.4969  84.2063 14.12754307 31428
1 13483U 81053GD  22104.72307941  .00001613  00000-0  86066-3 0  7402\
2 13483  82.9284 220.8872 0007379 337.1603 144.8624 14.12755805 31812
1 13483U 81053GD  22105.42106039  .00001476  00000-0  78690-3 0    16\
2 13483  82.9284 220.3353 0007368 334.6138  95.2108 14.12757256 31575
1 13483U 81053GD  22105.78565066  .00001415  00000-0  75374-3 0  7414\
2 13483  82.9284 220.0470 0007358 333.0196 150.0019 14.12758076 31963
1 13483U 81053GD  22105.78565066  .00001415  00000-0  75374-3 0    13\
2 13483  82.9284 220.0470 0007358 333.0196 150.0019 14.12758076 31626
1 13483U 81053GD  22106.41257524  .00001340  00000-0  71329-3 0    14\
2 13483  82.9284 219.5515 0007352 331.2922  98.3620 14.12759493 31716
1 13483U 81053GD  22106.84782250  .00001318  00000-0  70125-3 0  7420\
2 13483  82.9285 219.2073 0007289 329.3504 152.6520 14.12760659 32110
1 13483U 81053GD  22106.84782250  .00001318  00000-0  70125-3 0    18\
2 13483  82.9285 219.2073 0007289 329.3504 152.6520 14.12760659 31771
1 13483U 81053GD  22107.48708355  .00001340  00000-0  71323-3 0    19\
2 13483  82.9286 218.7022 0007299 326.9418 164.4073 14.12762624 31866
1 13483U 81053GD  22107.76818008  .00001313  00000-0  69898-3 0    11\
2 13483  82.9285 218.4799 0007284 326.0549 154.1014 14.12763266 31902
1 13483U 81053GD  22108.05199137  .00001337  00000-0  71159-3 0  7431\
2 13483  82.9288 218.2557 0007215 325.0634 157.7018 14.12764256 32288
1 13483U 81053GD  22108.47859736  .00001393  00000-0  74182-3 0    13\
2 13483  82.9286 217.9184 0007262 323.2994 167.8984 14.12765843 32006
1 13483U 81053GD  22108.83078623  .00001441  00000-0  76762-3 0    11\
2 13483  82.9286 217.6399 0007256 322.0737 159.2970 14.12767164 32059
1 13483U 81053GD  22109.05405144  .00001442  00000-0  76812-3 0  7449\
2 13483  82.9286 217.4634 0007247 321.2909 214.9353 14.12767815 32429
1 13483U 81053GD  22109.59790774  .00001575  00000-0  83988-3 0    19\
2 13483  82.9288 217.0334 0007235 318.5626 102.0899 14.12770462 32161
1 13483U 81053GD  22110.53255505  .00001705  00000-0  90988-3 0  7451\
2 13483  82.9289 216.2947 0007219 315.1001 176.3752 14.12774220 32635
1 13483U 81053GD  22111.45236638  .00001734  00000-0  92543-3 0    15\
2 13483  82.9289 215.5675 0007190 311.6259 175.2689 14.12777393 32427
1 13483U 81053GD  22112.44382635  .00001653  00000-0  88160-3 0  7460\
2 13483  82.9288 214.7839 0007193 307.8085 178.7050 14.12780034 32905
1 13483U 81053GD  22112.44382635  .00001653  00000-0  88160-3 0    14\
2 13483  82.9288 214.7839 0007193 307.8085 178.7050 14.12780034 32567
1 13483U 81053GD  22113.43391519  .00001509  00000-0  80432-3 0    19\
2 13483  82.9289 214.0013 0007168 303.9749 175.1974 14.12782216 32707
1 13483U 81053GD  22113.98748400  .00001462  00000-0  77886-3 0  7478\
2 13483  82.9289 213.5637 0007151 301.9282 111.0604 14.12783608 33127
1 13483U 81053GD  22114.42712913  .00001425  00000-0  75858-3 0    17\
2 13483  82.9288 213.2162 0007138 300.2224 187.5053 14.12784713 32841
1 13483U 81053GD  22115.41684861  .00001366  00000-0  72689-3 0  7488\
2 13483  82.9288 212.4337 0007106 296.4647 182.0648 14.12787198 33320
1 13483U 81053GD  22115.41684861  .00001366  00000-0  72689-3 0    10\
2 13483  82.9288 212.4337 0007106 296.4647 182.0648 14.12787198 32981
1 13483U 81053GD  22116.32629844  .00001410  00000-0  75078-3 0    16\
2 13483  82.9287 211.7149 0007089 293.1730 128.1563 14.12790256 33112
1 13483U 81053GD  22116.96176149  .00001631  00000-0  86957-3 0  7493\
2 13483  82.9288 211.2124 0007062 290.9548 120.4863 14.12793457 33545
1 13483U 81053GD  22117.52034257  .00001670  00000-0  89075-3 0    17\
2 13483  82.9288 210.7710 0007063 288.6936  82.0700 14.12795737 33283
1 13483U 81053GD  22118.23811095  .00002062  00000-0  11016-2 0  7505\
2 13483  82.9287 210.2038 0007053 286.2084 133.0526 14.12800842 33723
1 13483U 81053GD  22118.51172971  .00002079  00000-0  11106-2 0    16\
2 13483  82.9287 209.9873 0007042 285.1944  84.9020 14.12801987 33427
1 13483U 81053GD  22119.45447104  .00002252  00000-0  12040-2 0  7516\
2 13483  82.9290 209.2419 0006970 281.6189 200.5458 14.12806278 33891
1 13483U 81053GD  22119.45447104  .00002252  00000-0  12040-2 0    14\
2 13483  82.9290 209.2419 0006970 281.6189 200.5458 14.12806278 33554
1 13483U 81053GD  22119.73884588  .00002250  00000-0  12029-2 0    11\
2 13483  82.9290 209.0171 0006974 280.7586 206.9214 14.12807604 33590
1 13483U 81053GD  22120.36598907  .00002025  00000-0  10817-2 0    12\
2 13483  82.9290 208.5213 0006931 278.4078 157.1281 14.12809593 33684
1 13483U 81053GD  22120.72962285  .00002101  00000-0  11227-2 0  7520\
2 13483  82.9290 208.2339 0006933 277.0995 206.8413 14.12811508 34077
1 13483U 81053GD  22120.72962285  .00002101  00000-0  11227-2 0    17\
2 13483  82.9290 208.2339 0006933 277.0995 206.8413 14.12811508 33739
1 13483U 81053GD  22121.35691722  .00001876  00000-0  10013-2 0    12\
2 13483  82.9287 207.7383 0007056 275.0982 157.4715 14.12812402 33829
1 13483U 81053GD  22121.72853212  .00001808  00000-0  96483-3 0    18\
2 13483  82.9287 207.4443 0007074 273.6810 247.8648 14.12813477 33874
1 13483U 81053GD  22122.47840838  .00001662  00000-0  88585-3 0  7537\
2 13483  82.9286 206.8513 0007112 270.9513 102.3360 14.12815451 34317
1 13483U 81053GD  22122.47840838  .00001662  00000-0  88585-3 0    13\
2 13483  82.9286 206.8513 0007112 270.9513 102.3360 14.12815451 33989
1 13483U 81053GD  22122.71872508  .00001562  00000-0  83226-3 0    15\
2 13483  82.9288 206.6617 0007081 270.2299 244.6279 14.12815874 34016
1 13483U 81053GD  22124.18808416  .00001516  00000-0  80705-3 0  7548\
2 13483  82.9290 205.5008 0007201 265.1735 158.7045 14.12821213 34563
1 13483U 81053GD  22124.33145066  .00001551  00000-0  82593-3 0    11\
2 13483  82.9289 205.3868 0007209 264.4391 168.1997 14.12822006 34248
1 13483U 81053GD  22125.32236694  .00002014  00000-0  10754-2 0  7559\
2 13483  82.9288 204.6035 0007277 261.1666 168.5023 14.12828369 34724
1 13483U 81053GD  22125.32236694  .00002014  00000-0  10754-2 0    13\
2 13483  82.9288 204.6035 0007277 261.1666 168.5023 14.12828369 34386
1 13483U 81053GD  22126.31411767  .00001717  00000-0  91533-3 0    13\
2 13483  82.9287 203.8194 0007358 257.7012 173.2389 14.12829860 34529
1 13483U 81053GD  22127.23140198  .00001417  00000-0  75392-3 0  7561\
2 13483  82.9286 203.0943 0007428 254.5331 159.1552 14.12830757 34992
1 13483U 81053GD  22127.30674892  .00001396  00000-0  74253-3 0    16\
2 13483  82.9286 203.0346 0007448 254.2086 182.4841 14.12830819 34668
1 13483U 81053GD  22127.74172829  .00001374  00000-0  73049-3 0    15\
2 13483  82.9287 202.6908 0007524 252.7891 234.9989 14.12831898 34721
1 13483U 81053GD  22128.49767103  .00001214  00000-0  64435-3 0  7573\
2 13483  82.9286 202.0933 0007587 250.2835 120.1285 14.12832879 35166
1 13483U 81053GD  22128.49767103  .00001214  00000-0  64435-3 0    15\
2 13483  82.9286 202.0933 0007587 250.2835 120.1285 14.12832879 34839
1 13483U 81053GD  22128.73180779  .00001215  00000-0  64487-3 0    18\
2 13483  82.9286 201.9082 0007600 249.4699 231.1141 14.12833581 34864
1 13483U 81053GD  22129.58197052  .00001179  00000-0  62585-3 0    10\
2 13483  82.9285 201.2360 0007709 246.6021 235.5578 14.12835542 34987
1 13483U 81053GD  22129.72446771  .00001214  00000-0  64429-3 0  7589\
2 13483  82.9284 201.1232 0007709 246.0010 240.5084 14.12836221 35349
1 13483U 81053GD  22129.93641469  .00001246  00000-0  66161-3 0    14\
2 13483  82.9285 200.9558 0007714 245.1016 238.7868 14.12837001 35032
1 13483U 81053GD  22130.57291994  .00001193  00000-0  63324-3 0    19\
2 13483  82.9285 200.4527 0007761 242.9512 236.4482 14.12838261 35127
1 13483U 81053GD  22130.65021160  .00001191  00000-0  63207-3 0    12\
2 13483  82.9285 200.3916 0007768 242.6912 269.6009 14.12838455 35135
1 13483U 81053GD  22131.19740914  .00001147  00000-0  60820-3 0  7596\
2 13483  82.9284 199.9590 0007806 240.8110 173.0228 14.12839563 35556
1 13483U 81053GD  22131.27009333  .00001140  00000-0  60456-3 0    16\
2 13483  82.9284 199.9016 0007812 240.5613 182.7444 14.12839694 35227
1 13483U 81053GD  22132.62716023  .00001206  00000-0  64022-3 0  7605\
2 13483  82.9283 198.8288 0007928 235.9473 245.6794 14.12843267 35751
1 13483U 81053GD  22132.55636771  .00001215  00000-0  64517-3 0    15\
2 13483  82.9283 198.8847 0007926 236.1163 245.6539 14.12843164 35404
1 13483U 81053GD  22132.62716023  .00001206  00000-0  64022-3 0    13\
2 13483  82.9283 198.8288 0007928 235.9473 245.6794 14.12843267 35414
1 13483U 81053GD  22133.45571047  .00001283  00000-0  68142-3 0    12\
2 13483  82.9282 198.1737 0008005 232.9744 140.3970 14.12845759 35538
1 13483U 81053GD  22134.24449878  .00001404  00000-0  74653-3 0  7618\
2 13483  82.9282 197.5501 0008060 230.1825 192.8203 14.12848512 35981
1 13483U 81053GD  22134.44721668  .00001421  00000-0  75554-3 0    17\
2 13483  82.9283 197.3899 0008081 229.4281 144.0475 14.12849125 35677
1 13483U 81053GD  22135.60250264  .00001694  00000-0  90230-3 0    15\
2 13483  82.9282 196.4764 0008206 225.6333 260.5019 14.12854000 35836
1 13483U 81053GD  22135.67270124  .00001693  00000-0  90175-3 0  7620\
2 13483  82.9282 196.4210 0008221 225.4347 257.5412 14.12854208 36184
1 13483U 81053GD  22135.67270124  .00001693  00000-0  90175-3 0    16\
2 13483  82.9282 196.4210 0008221 225.4347 257.5412 14.12854208 35846
1 13483U 81053GD  22136.60155306  .00001662  00000-0  88515-3 0    15\
2 13483  82.9281 195.6866 0008331 222.5112 302.1003 14.12856668 35972
1 13483U 81053GD  22137.14738317  .00001699  00000-0  90532-3 0  7631\
2 13483  82.9280 195.2549 0008374 220.7480 198.4881 14.12858472 36392
1 13483U 81053GD  22136.67204943  .00001661  00000-0  88449-3 0    19\
2 13483  82.9281 195.6308 0008337 222.2931 300.6736 14.12856887 35985
1 13483U 81053GD  22137.59059237  .00001752  00000-0  93374-3 0    19\
2 13483  82.9280 194.9044 0008409 219.3480 292.8648 14.12860301 36115
1 13483U 81053GD  22138.21004211  .00001962  00000-0  10464-2 0  7648\
2 13483  82.9280 194.4147 0008462 217.2967 203.7860 14.12863700 36540
1 13483U 81053GD  22138.21004211  .00001962  00000-0  10464-2 0    12\
2 13483  82.9280 194.4147 0008462 217.2967 203.7860 14.12863700 36203
1 13483U 81053GD  22139.40399491  .00002148  00000-0  11461-2 0    16\
2 13483  82.9279 193.4708 0008572 213.3289 157.0306 14.12869249 36377
1 13483U 81053GD  22139.40399491  .00002148  00000-0  11461-2 0  7653\
2 13483  82.9279 193.4708 0008572 213.3289 157.0306 14.12869249 36704
1 13483U 81053GD  22139.93241209  .00002151  00000-0  11479-2 0    10\
2 13483  82.9280 193.0530 0008631 211.7976 324.6949 14.12871285 36445
1 13483U 81053GD  22140.56707347  .00002062  00000-0  11000-2 0    12\
2 13483  82.9280 192.5509 0008783 210.3197 312.3875 14.12873213 36538
1 13483U 81053GD  22140.56707347  .00002062  00000-0  11000-2 0  7660\
2 13483  82.9280 192.5509 0008783 210.3197 312.3875 14.12873213 36875
1 13483U 81053GD  22141.18318111  .00002042  00000-0  10894-2 0    16\
2 13483  82.9279 192.0639 0008791 208.2222 206.3898 14.12875483 36627
1 13483U 81053GD  22141.55151689  .00002027  00000-0  10812-2 0    15\
2 13483  82.9279 191.7727 0008825 207.1368 279.8665 14.12876857 36676
1 13483U 81053GD  22141.62025627  .00002052  00000-0  10945-2 0  7679\
2 13483  82.9279 191.7183 0008821 206.8565 269.5769 14.12877342 37024
1 13483U 81053GD  22141.62025627  .00002052  00000-0  10945-2 0    10\
2 13483  82.9279 191.7183 0008821 206.8565 269.5769 14.12877342 36685
1 13483U 81053GD  22142.61220229  .00002066  00000-0  11018-2 0    12\
2 13483  82.9278 190.9340 0008870 203.8375 275.0496 14.12881552 36823
1 13483U 81053GD  22142.68429765  .00002161  00000-0  11530-2 0  7680\
2 13483  82.9278 190.8771 0008884 203.0274 282.3481 14.12882151 37175
1 13483U 81053GD  22142.89560483  .00002046  00000-0  10911-2 0    10\
2 13483  82.9277 190.7100 0008906 202.4230 277.1112 14.12882539 36867
1 13483U 81053GD  22143.53263190  .00002032  00000-0  10834-2 0    16\
2 13483  82.9275 190.2059 0009007 200.7690 277.0368 14.12885247 36958
1 13483U 81053GD  22143.60481826  .00002062  00000-0  10997-2 0    15\
2 13483  82.9274 190.1487 0008994 200.5147 284.2451 14.12885743 36965
1 13483U 81053GD  22144.15756826  .00001780  00000-0  94833-3 0  7690\
2 13483  82.9273 189.7118 0009023 198.9947 215.6240 14.12887013 37384
1 13483U 81053GD  22144.59554869  .00001790  00000-0  95334-3 0    18\
2 13483  82.9270 189.3654 0009008 198.1529 282.9052 14.12888013 37102
1 13483U 81053GD  22145.51826521  .00001785  00000-0  95048-3 0  7707\
2 13483  82.9268 188.6359 0009081 195.5629 296.0635 14.12891536 37574
1 13483U 81053GD  22145.58579823  .00001770  00000-0  94285-3 0    17\
2 13483  82.9269 188.5825 0009093 195.4348 279.4913 14.12891701 37244
1 13483U 81053GD  22145.87035943  .00001709  00000-0  90997-3 0    17\
2 13483  82.9268 188.3575 0009146 194.6462 286.8297 14.12892385 37280
1 13483U 81053GD  22146.14049549  .00001600  00000-0  85106-3 0    11\
2 13483  82.9267 188.1439 0009186 193.9158 220.7817 14.12892815 37322
1 13483U 81053GD  22147.57594881  .00001493  00000-0  79357-3 0  7718\
2 13483  82.9269 187.0089 0009382 190.3907 321.3685 14.12897387 37863
1 13483U 81053GD  22147.57594881  .00001493  00000-0  79357-3 0    14\
2 13483  82.9269 187.0089 0009382 190.3907 321.3685 14.12897387 37526
1 13483U 81053GD  22147.64152668  .00001494  00000-0  79401-3 0    16\
2 13483  82.9269 186.9571 0009387 190.2009 294.9212 14.12897638 37538
1 13483U 81053GD  22148.56796216  .00001490  00000-0  79218-3 0    13\
2 13483  82.9270 186.2248 0009428 187.5863 327.0418 14.12900745 37661
1 13483U 81053GD  22148.84509640  .00001349  00000-0  71635-3 0  7720\
2 13483  82.9270 186.0057 0009462 186.7846 296.6466 14.12900789 38042
1 13483U 81053GD  22148.84509640  .00001349  00000-0  71635-3 0    15\
2 13483  82.9270 186.0057 0009462 186.7846 296.6466 14.12900789 37704
1 13483U 81053GD  22149.55297847  .00001304  00000-0  69210-3 0    14\
2 13483  82.9268 185.4459 0009545 184.7566 297.1775 14.12902710 37805
1 13483U 81053GD  22149.83680877  .00001248  00000-0  66200-3 0    17\
2 13483  82.9269 185.2214 0009569 183.9249 300.8544 14.12903180 37840
1 13483U 81053GD  22150.10092569  .00001229  00000-0  65137-3 0  7737\
2 13483  82.9267 185.0125 0009607 183.2168 204.1973 14.12903889 38224
1 13483U 81053GD  22150.55066413  .00001143  00000-0  60553-3 0    11\
2 13483  82.9267 184.6569 0009663 182.0331 331.6195 14.12904637 37944
1 13483U 81053GD  22150.82832353  .00001114  00000-0  58967-3 0    19\
2 13483  82.9267 184.4373 0009690 181.2702 303.8611 14.12905232 37988
1 13483U 81053GD  22151.09264696  .00001088  00000-0  57601-3 0    12\
2 13483  82.9266 184.2283 0009718 180.5590 208.2583 14.12905816 38023
1 13483U 81053GD  22152.08423962  .00001049  00000-0  55455-3 0  7744\
2 13483  82.9265 183.4443 0009825 177.8083 211.7672 14.12908146 38506
1 13483U 81053GD  22152.08423962  .00001049  00000-0  55455-3 0    17\
2 13483  82.9265 183.4443 0009825 177.8083 211.7672 14.12908146 38168
1 13483U 81053GD  22153.15551944  .00000965  00000-0  50986-3 0  7756\
2 13483  82.9265 182.5971 0009953 174.9425 260.4892 14.12910288 38653
1 13483U 81053GD  22153.52472649  .00000964  00000-0  50929-3 0    19\
2 13483  82.9266 182.3052 0009991 173.9628 338.3370 14.12911142 38362
1 13483U 81053GD  22153.81254709  .00000959  00000-0  50661-3 0    13\
2 13483  82.9266 182.0775 0010016 173.0826   2.3571 14.12911779 38404
1 13483U 81053GD  22154.34714582  .00000945  00000-0  49886-3 0  7763\
2 13483  82.9266 181.6548 0010081 171.6300 201.4497 14.12912823 38815
1 13483U 81053GD  22154.34714582  .00000945  00000-0  49886-3 0    14\
2 13483  82.9266 181.6548 0010081 171.6300 201.4497 14.12912823 38488
1 13483U 81053GD  22155.50032970  .00000945  00000-0  49861-3 0  7770\
2 13483  82.9265 180.7429 0010210 168.3020 307.0106 14.12915141 38982
1 13483U 81053GD  22155.50032970  .00000945  00000-0  49861-3 0    10\
2 13483  82.9265 180.7429 0010210 168.3020 307.0106 14.12915141 38645
1 13483U 81053GD  22156.49202101  .00000951  00000-0  50182-3 0    19\
2 13483  82.9265 179.9585 0010308 165.4990 311.1029 14.12917084 38783
1 13483U 81053GD  22157.11850976  .00000944  00000-0  49836-3 0  7785\
2 13483  82.9264 179.4630 0010375 163.6850 257.6921 14.12918199 39219
1 13483U 81053GD  22157.11850976  .00000944  00000-0  49836-3 0    14\
2 13483  82.9264 179.4630 0010375 163.6850 257.6921 14.12918199 38870
1 13483U 81053GD  22158.03918778  .00000958  00000-0  50569-3 0    11\
2 13483  82.9264 178.7350 0010467 161.0243 260.6537 14.12919973 39005
1 13483U 81053GD  22158.84017689  .00000959  00000-0  50640-3 0  7794\
2 13483  82.9264 178.1015 0010541 158.7521  14.7888 14.12921462 39454
1 13483U 81053GD  22159.46804132  .00000984  00000-0  51958-3 0    19\
2 13483  82.9263 177.6050 0010603 157.0245 328.2956 14.12922782 39208
1 13483U 81053GD  22159.83221873  .00000999  00000-0  52776-3 0    10\
2 13483  82.9262 177.3169 0010635 155.9388  20.6966 14.12923596 39258
1 13483U 81053GD  22160.53642645  .00001029  00000-0  54402-3 0    16\
2 13483  82.9262 176.7600 0010692 153.9783   2.5367 14.12925153 39357
1 13483U 81053GD  22160.53642645  .00001029  00000-0  54402-3 0  7800\
2 13483  82.9262 176.7600 0010692 153.9783   2.5367 14.12925153 39694
1 13483U 81053GD  22161.45875083  .00001037  00000-0  54825-3 0    10\
2 13483  82.9262 176.0306 0010758 151.4682  13.7413 14.12927104 39485
1 13483U 81053GD  22161.99871090  .00001073  00000-0  56759-3 0  7816\
2 13483  82.9263 175.6035 0010806 150.0300 240.1045 14.12928490 39909
1 13483U 81053GD  22162.51883188  .00001121  00000-0  59311-3 0    12\
2 13483  82.9264 175.1921 0010851 148.7434   5.4652 14.12929921 39637
1 13483U 81053GD  22163.06842240  .00001112  00000-0  58853-3 0  7823\
2 13483  82.9264 174.7575 0010885 147.2618 280.8328 14.12931064 40050
1 13483U 81053GD  22163.51011851  .00001133  00000-0  59982-3 0    10\
2 13483  82.9264 174.4082 0010911 146.0918   7.4018 14.12932180 39776
1 13483U 81053GD  22164.50343397  .00001257  00000-0  66599-3 0  7839\
2 13483  82.9265 173.6227 0010958 143.4521  19.6520 14.12935285 40258
1 13483U 81053GD  22164.50343397  .00001257  00000-0  66599-3 0    12\
2 13483  82.9265 173.6227 0010958 143.4521  19.6520 14.12935285 39919
1 13483U 81053GD  22164.78895274  .00001258  00000-0  66677-3 0    16\
2 13483  82.9265 173.3969 0010959 142.6614  31.9051 14.12935993 39950
1 13483U 81053GD  22165.49481500  .00001446  00000-0  76742-3 0    11\
2 13483  82.9266 172.8387 0010998 140.8381  22.0509 14.12938745 40053
1 13483U 81053GD  22166.04002219  .00001503  00000-0  79821-3 0  7842\
2 13483  82.9266 172.4076 0011026 139.4321 275.0771 14.12940487 40478
1 13483U 81053GD  22166.48440471  .00001500  00000-0  79636-3 0    19\
2 13483  82.9265 172.0561 0011049 138.3606  15.2187 14.12941703 40197
1 13483U 81053GD  22166.77194145  .00001512  00000-0  80288-3 0    13\
2 13483  82.9266 171.8287 0011067 137.5996  37.7075 14.12942600 40230
1 13483U 81053GD  22167.03353372  .00001592  00000-0  84612-3 0    15\
2 13483  82.9266 171.6219 0011080 136.9323 288.2118 14.12943819 40273
1 13483U 81053GD  22170.51495166  .00001384  00000-0  73383-3 0    12\
2 13483  82.9263 168.8685 0011278 128.1867 355.2293 14.12952380 40766
1 13483U 81053GD  22171.50747809  .00001379  00000-0  73112-3 0    10\
2 13483  82.9262 168.0834 0011330 125.6394   3.4460 14.12955156 40907
1 13483U 81053GD  22171.72861050  .00001374  00000-0  72867-3 0  7860\
2 13483  82.9262 167.9085 0011358 125.0990  48.1503 14.12955751 41275
1 13483U 81053GD  22171.72861050  .00001374  00000-0  72867-3 0    10\
2 13483  82.9262 167.9085 0011358 125.0990  48.1503 14.12955751 40937
1 13483U 81053GD  22172.49881175  .00001367  00000-0  72462-3 0    18\
2 13483  82.9262 167.2994 0011420 123.1506   5.5513 14.12957929 41041
1 13483U 81053GD  22173.05226400  .00001339  00000-0  70970-3 0  7877\
2 13483  82.9262 166.8616 0011490 121.7438 300.5329 14.12959367 41469
1 13483U 81053GD  22173.48939566  .00001380  00000-0  73173-3 0    11\
2 13483  82.9263 166.5158 0011533 120.6458   3.8711 14.12960821 41180
1 13483U 81053GD  22174.48131858  .00001324  00000-0  70153-3 0  7885\
2 13483  82.9263 165.7312 0011636 118.0922   9.0556 14.12963266 41668
1 13483U 81053GD  22175.18956667  .00001304  00000-0  69079-3 0    17\
2 13483  82.9264 165.1711 0011699 116.2732  11.3951 14.12965058 41424
1 13483U 81053GD  22176.47084700  .00001211  00000-0  64115-3 0  7896\
2 13483  82.9264 164.1576 0011845 113.0082  48.3154 14.12967915 41944
1 13483U 81053GD  22176.47084700  .00001211  00000-0  64115-3 0    13\
2 13483  82.9264 164.1576 0011845 113.0082  48.3154 14.12967915 41607
1 13483U 81053GD  22176.94660558  .00001223  00000-0  64763-3 0    18\
2 13483  82.9264 163.7813 0011894 111.7778 308.1679 14.12969243 41679
1 13483U 81053GD  22177.45535796  .00001208  00000-0  63958-3 0    18\
2 13483  82.9265 163.3788 0011951 110.3757  15.9255 14.12970507 41749
1 13483U 81053GD  22177.93796797  .00001219  00000-0  64520-3 0    19\
2 13483  82.9265 162.9971 0011998 109.1198 310.6389 14.12971836 41811
1 13483U 81053GD  22178.00934882  .00001215  00000-0  64291-3 0  7903\
2 13483  82.9265 162.9406 0012005 108.9411 313.6984 14.12971998 42161
1 13483U 81053GD  22178.44610693  .00001205  00000-0  63745-3 0    19\
2 13483  82.9266 162.5953 0012042 107.8078  15.1920 14.12973041 41886
1 13483U 81053GD  22178.92950966  .00001096  00000-0  57926-3 0    14\
2 13483  82.9266 162.2129 0012091 106.5685 313.9208 14.12973602 41951
1 13483U 81053GD  22179.43814605  .00001055  00000-0  55696-3 0  7913\
2 13483  82.9267 161.8106 0012129 105.2816  20.9803 14.12974532 42361
1 13483U 81053GD  22179.43814605  .00001055  00000-0  55696-3 0    17\
2 13483  82.9267 161.8106 0012129 105.2816  20.9803 14.12974532 42024
1 13483U 81053GD  22179.92073838  .00001026  00000-0  54165-3 0    14\
2 13483  82.9266 161.4287 0012169 104.0581 315.5782 14.12975518 42090
1 13483U 81053GD  22180.43705802  .00001011  00000-0  53341-3 0    14\
2 13483  82.9266 161.0203 0012181 102.7092  61.7631 14.12976563 42162
1 13483U 81053GD  22180.91307222  .00000952  00000-0  50210-3 0    16\
2 13483  82.9266 160.6438 0012214 101.4873 322.9203 14.12977281 42230
1 13483U 81053GD  22181.13720510  .00000891  00000-0  46923-3 0  7925\
2 13483  82.9267 160.4666 0012210 100.8820  22.9607 14.12977423 42607
1 13483U 81053GD  22181.42195260  .00000876  00000-0  46101-3 0    19\
2 13483  82.9267 160.2414 0012225 100.1565  31.2713 14.12977938 42300
1 13483U 81053GD  22181.90425354  .00000838  00000-0  44060-3 0    12\
2 13483  82.9267 159.8599 0012262  98.9208 324.4050 14.12978691 42372
1 13483U 81053GD  22182.41234394  .00000838  00000-0  44058-3 0  7936\
2 13483  82.9268 159.4581 0012279  97.6138  28.7189 14.12979659 42783
1 13483U 81053GD  22182.41234394  .00000838  00000-0  44058-3 0    18\
2 13483  82.9268 159.4581 0012279  97.6138  28.7189 14.12979659 42446
1 13483U 81053GD  22182.88713725  .00000801  00000-0  42083-3 0    15\
2 13483  82.9268 159.0825 0012296  96.3844 283.6823 14.12980345 42511
1 13483U 81053GD  22183.40340733  .00000826  00000-0  43434-3 0    17\
2 13483  82.9268 158.6742 0012316  95.0876  29.5735 14.12981467 42580
1 13483U 81053GD  22183.88739403  .00000860  00000-0  45246-3 0  7945\
2 13483  82.9268 158.2914 0012324  93.8395 331.2976 14.12982625 42990
1 13483U 81053GD  22184.46610399  .00000870  00000-0  45798-3 0    16\
2 13483  82.9268 157.8337 0012330  92.3583  34.8062 14.12983721 42736
1 13483U 81053GD  22185.39180345  .00000933  00000-0  49170-3 0    10\
2 13483  82.9268 157.1015 0012344  89.9969  63.2145 14.12985744 42866
1 13483U 81053GD  22185.94028535  .00000927  00000-0  48848-3 0    17\
2 13483  82.9268 156.6677 0012346  88.5791 332.9927 14.12986708 42948
1 13483U 81053GD  22186.09343348  .00000919  00000-0  48429-3 0  7963\
2 13483  82.9269 156.5466 0012335  88.1316  32.0113 14.12986917 43309
1 13483U 81053GD  22186.09343348  .00000919  00000-0  48429-3 0    12\
2 13483  82.9269 156.5466 0012335  88.1316  32.0113 14.12986917 42960
1 13483U 81053GD  22186.71783888  .00000926  00000-0  48786-3 0    12\
2 13483  82.9269 156.0528 0012353  86.5941 327.8891 14.12987998 43059
1 13483U 81053GD  22187.43946517  .00000900  00000-0  47407-3 0  7975\
2 13483  82.9269 155.4821 0012362  84.7913  38.2846 14.12989076 43497
1 13483U 81053GD  22187.43946517  .00000900  00000-0  47407-3 0    13\
2 13483  82.9269 155.4821 0012362  84.7913  38.2846 14.12989076 43150
1 13483U 81053GD  22187.65210826  .00000916  00000-0  48244-3 0    11\
2 13483  82.9269 155.3138 0012363  84.2483  39.8605 14.12989540 43187
1 13483U 81053GD  22188.43081670  .00000895  00000-0  47098-3 0    13\
2 13483  82.9268 154.6979 0012369  82.2959  40.6046 14.12990789 43291
1 13483U 81053GD  22188.62892505  .00000946  00000-0  49873-3 0  7984\
2 13483  82.9268 154.5413 0012373  81.8049 328.2385 14.12991437 43666
1 13483U 81053GD  22188.62892505  .00000946  00000-0  49873-3 0    11\
2 13483  82.9268 154.5413 0012373  81.8049 328.2385 14.12991437 43329
1 13483U 81053GD  22189.42200628  .00000992  00000-0  52320-3 0    11\
2 13483  82.9269 153.9140 0012383  79.8593  42.0534 14.12993323 43437
1 13483U 81053GD  22189.90544979  .00001018  00000-0  53712-3 0    10\
2 13483  82.9269 153.5316 0012394  78.6978 340.9498 14.12994515 43505
1 13483U 81053GD  22190.05880904  .00001014  00000-0  53481-3 0  7992\
2 13483  82.9269 153.4103 0012392  78.3014  40.9953 14.12994784 43864
1 13483U 81053GD  22190.41475545  .00001021  00000-0  53845-3 0    11\
2 13483  82.9269 153.1288 0012399  77.4179  51.4426 14.12995512 43574
1 13483U 81053GD  22190.61229178  .00001032  00000-0  54472-3 0    11\
2 13483  82.9270 152.9725 0012407  76.9419 336.1568 14.12995993 43607
1 13483U 81053GD  22191.12267784  .00001071  00000-0  56525-3 0  8004\
2 13483  82.9270 152.5689 0012407  75.7075  52.0990 14.12997169 44013
1 13483U 81053GD  22191.33562462  .00001073  00000-0  56677-3 0    11\
2 13483  82.9270 152.4004 0012412  75.1965  55.1927 14.12997619 43700
1 13483U 81053GD  22191.88784038  .00001097  00000-0  57926-3 0    10\
2 13483  82.9270 151.9636 0012440  73.8996 343.8556 14.12998888 43787
1 13483U 81053GD  22192.16235991  .00001106  00000-0  58443-3 0  8015\
2 13483  82.9270 151.7465 0012449  73.1750 300.1873 14.12999373 44155
1 13483U 81053GD  22192.16235991  .00001106  00000-0  58443-3 0    17\
2 13483  82.9270 151.7465 0012449  73.1750 300.1873 14.12999373 43828
1 13483U 81053GD  22192.87920503  .00001189  00000-0  62889-3 0    15\
2 13483  82.9270 151.1796 0012472  71.4460 346.2356 14.13001463 43927
1 13483U 81053GD  22193.10542168  .00001298  00000-0  68718-3 0    17\
2 13483  82.9270 151.0006 0012470  70.8730  56.8573 14.13002580 43950
1 13483U 81053GD  22193.87070731  .00001417  00000-0  75074-3 0  8028\
2 13483  82.9270 150.3953 0012493  69.0144 349.3068 14.13005134 44405
1 13483U 81053GD  22193.87070731  .00001417  00000-0  75074-3 0    19\
2 13483  82.9270 150.3953 0012493  69.0144 349.3068 14.13005134 44067
1 13483U 81053GD  22194.09677403  .00001342  00000-0  71056-3 0    16\
2 13483  82.9270 150.2165 0012500  68.4735  59.1337 14.13005151 44096
1 13483U 81053GD  22194.86217477  .00001397  00000-0  74025-3 0    11\
2 13483  82.9270 149.6111 0012519  66.6374 352.1520 14.13007368 44203
1 13483U 81053GD  22195.08813491  .00001408  00000-0  74588-3 0  8031\
2 13483  82.9271 149.4324 0012519  66.0605  61.4776 14.13007995 44578
1 13483U 81053GD  22195.08813491  .00001408  00000-0  74588-3 0    11\
2 13483  82.9271 149.4324 0012519  66.0605  61.4776 14.13007995 44231
1 13483U 81053GD  22195.85362222  .00001376  00000-0  72878-3 0    11\
2 13483  82.9270 148.8269 0012543  64.2301 354.9364 14.13009726 44340
1 13483U 81053GD  22196.20882242  .00001375  00000-0  72844-3 0  8043\
2 13483  82.9271 148.5460 0012544  63.3361   1.6185 14.13010537 44730
1 13483U 81053GD  22196.20882242  .00001375  00000-0  72844-3 0    12\
2 13483  82.9271 148.5460 0012544  63.3361   1.6185 14.13010537 44392
1 13483U 81053GD  22196.91589480  .00001349  00000-0  71461-3 0    13\
2 13483  82.9271 147.9867 0012568  61.6374 357.9798 14.13012225 44491
1 13483U 81053GD  22197.28240869  .00001386  00000-0  73426-3 0  8055\
2 13483  82.9271 147.6967 0012559  60.6741  62.2530 14.13013351 44880
1 13483U 81053GD  22197.28240869  .00001386  00000-0  73426-3 0    13\
2 13483  82.9271 147.6967 0012559  60.6741  62.2530 14.13013351 44543
1 13483U 81053GD  22197.90782087  .00001351  00000-0  71531-3 0    12\
2 13483  82.9271 147.2021 0012579  59.1831   3.2625 14.13014802 44637
1 13483U 81053GD  22198.34529234  .00001366  00000-0  72368-3 0  8062\
2 13483  82.9271 146.8560 0012579  58.0956  68.4039 14.13016053 45033
1 13483U 81053GD  22198.34529234  .00001366  00000-0  72368-3 0    19\
2 13483  82.9271 146.8560 0012579  58.0956  68.4039 14.13016053 44694
1 13483U 81053GD  22198.61541021  .00001371  00000-0  72607-3 0    19\
2 13483  82.9271 146.6423 0012584  57.4311   2.3178 14.13016850 44735
1 13483U 81053GD  22199.33529601  .00001414  00000-0  74926-3 0    13\
2 13483  82.9271 146.0729 0012581  55.6167  63.9551 14.13019120 44836
1 13483U 81053GD  22199.88906122  .00001465  00000-0  77626-3 0  8070\
2 13483  82.9272 145.6349 0012571  54.2033   0.6569 14.13021049 45253
1 13483U 81053GD  22199.88906122  .00001465  00000-0  77626-3 0    16\
2 13483  82.9272 145.6349 0012571  54.2033   0.6569 14.13021049 44915
1 13483U 81053GD  22200.88231288  .00001549  00000-0  82140-3 0    13\
2 13483  82.9272 144.8493 0012554  51.6463  12.8185 14.13024572 45054
1 13483U 81053GD  22201.03651831  .00001537  00000-0  81520-3 0    19\
2 13483  82.9273 144.7273 0012547  51.2148  77.2175 14.13024957 45071
1 13483U 81053GD  22201.87348222  .00001488  00000-0  78875-3 0    12\
2 13483  82.9273 144.0653 0012531  49.1081  14.3830 14.13027226 45196
1 13483U 81053GD  22202.31617904  .00001421  00000-0  75291-3 0  8090\
2 13483  82.9273 143.7150 0012501  47.9534 106.1753 14.13028115 45596
1 13483U 81053GD  22203.01915332  .00001354  00000-0  71690-3 0    12\
2 13483  82.9273 143.1590 0012469  46.0860  81.9170 14.13029848 45354
1 13483U 81053GD  22203.30732244  .00001411  00000-0  74728-3 0    12\
2 13483  82.9273 142.9311 0012452  45.3412 107.6956 14.13030986 45396
1 13483U 81053GD  22204.29883542  .00001183  00000-0  62492-3 0    10\
2 13483  82.9273 142.1469 0012392  42.6076 111.2217 14.13032403 45534
1 13483U 81053GD  22204.92091809  .00001052  00000-0  55506-3 0    10\
2 13483  82.9274 141.6548 0012379  41.0238  35.4418 14.13033355 45622
1 13483U 81053GD  22205.13041875  .00001035  00000-0  54562-3 0  8113\
2 13483  82.9274 141.4891 0012373  40.5068  21.0500 14.13033781 45996
1 13483U 81053GD  22205.56726943  .00001014  00000-0  53463-3 0    13\
2 13483  82.9274 141.1437 0012355  39.4718  83.0146 14.13034806 45711
1 13483U 81053GD  22205.83699891  .00000963  00000-0  50715-3 0    13\
2 13483  82.9273 140.9304 0012341  38.7183  15.0614 14.13035211 45753
1 13483U 81053GD  22206.34630878  .00000957  00000-0  50400-3 0  8124\
2 13483  82.9273 140.5275 0012307  37.3693  85.7221 14.13036424 46160
1 13483U 81053GD  22206.34630878  .00000957  00000-0  50400-3 0    14\
2 13483  82.9273 140.5275 0012307  37.3693  85.7221 14.13036424 45822
1 13483U 81053GD  22206.82140503  .00000909  00000-0  47803-3 0    18\
2 13483  82.9273 140.1517 0012276  36.1304 342.3331 14.13037249 45895
1 13483U 81053GD  22207.33835046  .00000920  00000-0  48442-3 0    11\
2 13483  82.9274 139.7428 0012237  34.7412  91.8571 14.13038527 45962
1 13483U 81053GD  22207.89295326  .00000847  00000-0  44495-3 0    15\
2 13483  82.9274 139.3042 0012202  33.3146  32.8670 14.13039253 46043
1 13483U 81053GD  22208.10420404  .00000853  00000-0  44833-3 0  8131\
2 13483  82.9274 139.1371 0012184  32.7202  27.4545 14.13039699 46417
1 13483U 81053GD  22208.52730209  .00000822  00000-0  43167-3 0    18\
2 13483  82.9274 138.8024 0012154  31.6603  19.5343 14.13040400 46137
1 13483U 81053GD  22208.81212943  .00000796  00000-0  41759-3 0    15\
2 13483  82.9274 138.5771 0012133  30.9432  28.3062 14.13040791 46175
1 13483U 81053GD  22209.16775733  .00000785  00000-0  41155-3 0  8145\
2 13483  82.9273 138.2958 0012101  29.9958  37.2566 14.13041308 46560
1 13483U 81053GD  22209.54332736  .00000777  00000-0  40777-3 0    17\
2 13483  82.9273 137.9987 0012080  28.9194 147.7231 14.13041948 46279
1 13483U 81053GD  22209.58917884  .00000775  00000-0  40633-3 0    13\
2 13483  82.9273 137.9624 0012079  28.8185  20.9318 14.13042002 46285
1 13483U 81053GD  22210.53480983  .00000687  00000-0  35932-3 0  8156\
2 13483  82.9273 137.2144 0012014  26.3712 150.9470 14.13042918 46754
1 13483U 81053GD  22210.53480983  .00000687  00000-0  35932-3 0    13\
2 13483  82.9273 137.2144 0012014  26.3712 150.9470 14.13042918 46417
1 13483U 81053GD  22210.58045789  .00000672  00000-0  35104-3 0    14\
2 13483  82.9273 137.1783 0012010  26.3431  23.0483 14.13042854 46423
1 13483U 81053GD  22211.50138809  .00000620  00000-0  32337-3 0    11\
2 13483  82.9273 136.4499 0011953  24.0541  27.3296 14.13043712 46558
1 13483U 81053GD  22211.85721072  .00000581  00000-0  30253-3 0  8164\
2 13483  82.9273 136.1684 0011928  23.2225  37.1575 14.13043898 46940
1 13483U 81053GD  22212.56438053  .00000589  00000-0  30663-3 0    16\
2 13483  82.9272 135.6090 0011878  21.4960  34.1265 14.13044734 46701
1 13483U 81053GD  22213.00339646  .00000604  00000-0  31496-3 0  8172\
2 13483  82.9273 135.2617 0011848  20.3860 107.1894 14.13045328 47101
1 13483U 81053GD  22213.00339646  .00000604  00000-0  31496-3 0    17\
2 13483  82.9273 135.2617 0011848  20.3860 107.1894 14.13045328 46762
1 13483U 81053GD  22213.55645828  .00000653  00000-0  34093-3 0    19\
2 13483  82.9273 134.8243 0011805  18.9177  40.4208 14.13046274 46847
1 13483U 81053GD  22214.21460002  .00000685  00000-0  35796-3 0  8184\
2 13483  82.9273 134.3037 0011761  17.3098 148.0189 14.13047249 47273
1 13483U 81053GD  22214.27708538  .00000694  00000-0  36296-3 0    19\
2 13483  82.9273 134.2542 0011757  17.1718 105.8330 14.13047413 46940
1 13483U 81053GD  22215.26825670  .00000793  00000-0  41629-3 0  8199\
2 13483  82.9273 133.4701 0011690  14.6493 107.4760 14.13049500 47424
1 13483U 81053GD  22215.53908015  .00000827  00000-0  43407-3 0    11\
2 13483  82.9273 133.2559 0011668  13.7906  45.2039 14.13050130 47123
1 13483U 81053GD  22215.74393413  .00000831  00000-0  43647-3 0    15\
2 13483  82.9273 133.0939 0011657  13.2188   7.2554 14.13050498 47158
1 13483U 81053GD  22216.53057031  .00000880  00000-0  46288-3 0    14\
2 13483  82.9273 132.4716 0011603  11.1911  48.5531 14.13052158 47266
1 13483U 81053GD  22216.53057031  .00000880  00000-0  46288-3 0  8203\
2 13483  82.9273 132.4716 0011603  11.1911  48.5531 14.13052158 47604
1 13483U 81053GD  22217.52189972  .00000965  00000-0  50826-3 0    11\
2 13483  82.9273 131.6874 0011535   8.5275  51.1567 14.13054521 47400
1 13483U 81053GD  22217.72651086  .00000966  00000-0  50891-3 0  8216\
2 13483  82.9272 131.5256 0011513   7.9946  11.9379 14.13054942 47778
1 13483U 81053GD  22217.72651086  .00000966  00000-0  50891-3 0    16\
2 13483  82.9272 131.5256 0011513   7.9946  11.9379 14.13054942 47431
1 13483U 81053GD  22218.53605876  .00000997  00000-0  52511-3 0    17\
2 13483  82.9271 130.8850 0011450   5.6851 170.0109 14.13056590 47543
1 13483U 81053GD  22219.16294814  .00001019  00000-0  53694-3 0  8223\
2 13483  82.9271 130.3891 0011423   3.8041 119.0172 14.13057870 47976
1 13483U 81053GD  22219.50461795  .00001091  00000-0  57593-3 0    16\
2 13483  82.9271 130.1187 0011390   2.8792  57.0047 14.13058962 47680
1 13483U 81053GD  22219.86074866  .00001002  00000-0  52780-3 0    19\
2 13483  82.9272 129.8369 0011360   2.1225  68.3387 14.13058903 47732
1 13483U 81053GD  22220.49530466  .00001013  00000-0  53365-3 0  8237\
2 13483  82.9272 129.3349 0011308   0.3210  56.2478 14.13060067 48160
1 13483U 81053GD  22220.49530466  .00001013  00000-0  53365-3 0    15\
2 13483  82.9272 129.3349 0011308   0.3210  56.2478 14.13060067 47822
1 13483U 81053GD  22221.48612469  .00000955  00000-0  50262-3 0    16\
2 13483  82.9270 128.5510 0011230 357.4639  56.4779 14.13061491 47969
1 13483U 81053GD  22221.92532741  .00000977  00000-0  51472-3 0  8240\
2 13483  82.9270 128.2035 0011194 356.1675 130.7040 14.13062461 48363
1 13483U 81053GD  22222.47731553  .00000971  00000-0  51147-3 0    13\
2 13483  82.9269 127.7669 0011140 354.6166  58.5924 14.13063441 48106
1 13483U 81053GD  22223.46864772  .00000965  00000-0  50803-3 0    14\
2 13483  82.9269 126.9827 0011054 351.6653  61.5373 14.13065379 48244
1 13483U 81053GD  22223.82533111  .00000962  00000-0  50663-3 0  8259\
2 13483  82.9268 126.7005 0011024 350.5013  76.1037 14.13066126 48637
1 13483U 81053GD  22224.45887632  .00001001  00000-0  52724-3 0    10\
2 13483  82.9268 126.1993 0010964 348.6683  58.9267 14.13067733 48380
1 13483U 81053GD  22224.74535942  .00000982  00000-0  51747-3 0    17\
2 13483  82.9267 125.9726 0010934 347.8183  76.2779 14.13068255 48429
1 13483U 81053GD  22225.11267479  .00000955  00000-0  50270-3 0  8261\
2 13483  82.9267 125.6821 0010897 346.7866 144.7681 14.13068828 48818
1 13483U 81053GD  22225.45079830  .00000943  00000-0  49648-3 0    19\
2 13483  82.9266 125.4146 0010863 345.7709  64.8300 14.13069478 48523
1 13483U 81053GD  22225.88894898  .00000889  00000-0  46732-3 0    15\
2 13483  82.9266 125.0679 0010818 344.4257 133.7675 14.13070036 48583
1 13483U 81053GD  22226.17923961  .00000874  00000-0  45957-3 0  8270\
2 13483  82.9266 124.8382 0010787 343.5462 170.5084 14.13070547 48966
1 13483U 81053GD  22226.44266378  .00000857  00000-0  45013-3 0    10\
2 13483  82.9265 124.6298 0010759 342.7982  70.5270 14.13070969 48667
1 13483U 81053GD  22226.88056010  .00000811  00000-0  42581-3 0    15\
2 13483  82.9265 124.2834 0010718 341.4608 138.1659 14.13071514 48721
1 13483U 81053GD  22227.50476019  .00000853  00000-0  44827-3 0  8288\
2 13483  82.9264 123.7896 0010644 339.5755  73.5399 14.13072883 49152
1 13483U 81053GD  22227.50476019  .00000853  00000-0  44827-3 0    11\
2 13483  82.9264 123.7896 0010644 339.5755  73.5399 14.13072883 48814
1 13483U 81053GD  22227.87183904  .00000869  00000-0  45668-3 0    10\
2 13483  82.9264 123.4991 0010609 338.4743 140.9041 14.13073653 48867
1 13483U 81053GD  22228.49817062  .00000958  00000-0  50416-3 0    14\
2 13483  82.9263 123.0036 0010544 336.5888  87.1196 14.13075261 48959
1 13483U 81053GD  22228.70213177  .00000960  00000-0  50519-3 0  8290\
2 13483  82.9263 122.8422 0010519 335.9788  44.6883 14.13075657 49321
1 13483U 81053GD  22228.86309435  .00000963  00000-0  50683-3 0    17\
2 13483  82.9263 122.7148 0010496 335.5268 143.4906 14.13075988 49004
1 13483U 81053GD  22229.41623311  .00001053  00000-0  55498-3 0    11\
2 13483  82.9262 122.2772 0010437 333.9492  77.2822 14.13077449 49080
1 13483U 81053GD  22230.13862014  .00001134  00000-0  59866-3 0  8300\
2 13483  82.9261 121.7056 0010352 331.8159 152.1104 14.13079312 49527
1 13483U 81053GD  22230.47910249  .00001033  00000-0  54462-3 0    16\
2 13483  82.9261 121.4362 0010302 330.8934  84.0804 14.13079256 49234
1 13483U 81053GD  22230.84558887  .00001038  00000-0  54738-3 0    14\
2 13483  82.9260 121.1462 0010265 329.7753 148.4569 14.13079983 49280
1 13483U 81053GD  22231.12985142  .00001038  00000-0  54723-3 0    18\
2 13483  82.9260 120.9212 0010230 328.9208 154.5350 14.13080506 49322
1 13483U 81053GD  22232.19231021  .00000919  00000-0  48360-3 0  8314\
2 13483  82.9259 120.0805 0010099 325.7889 159.3299 14.13081612 49810
1 13483U 81053GD  22232.46190302  .00000874  00000-0  45943-3 0    13\
2 13483  82.9258 119.8672 0010069 324.9980  90.7634 14.13081831 49518
1 13483U 81053GD  22232.89882131  .00000859  00000-0  45109-3 0    15\
2 13483  82.9258 119.5215 0010012 323.7221 153.3865 14.13082555 49573
1 13483U 81053GD  22233.45424271  .00000923  00000-0  48535-3 0    13\
2 13483  82.9257 119.0819 0009959 322.0408  98.9023 14.13083967 49651
1 13483U 81053GD  22233.89148233  .00000939  00000-0  49387-3 0    15\
2 13483  82.9257 118.7359 0009908 320.7276 163.2006 14.13084933 49716
1 13483U 81053GD  22234.02156549  .00000936  00000-0  49228-3 0    11\
2 13483  82.9257 118.6330 0009892 320.3418 104.9465 14.13085147 49731
1 13483U 81053GD  22235.09478628  .00000796  00000-0  41734-3 0  8335\
2 13483  82.9256 117.7837 0009770 317.0589 164.6286 14.13086202 50222
1 13483U 81053GD  22235.09478628  .00000796  00000-0  41734-3 0    12\
2 13483  82.9256 117.7837 0009770 317.0589 164.6286 14.13086202 49882
1 13483U 81053GD  22235.87372969  .00000715  00000-0  37421-3 0    18\
2 13483  82.9255 117.1673 0009684 314.6470 167.2961 14.13086937 49995
1 13483U 81053GD  22236.15681043  .00000702  00000-0  36711-3 0  8347\
2 13483  82.9254 116.9433 0009662 313.7746 167.3913 14.13087321 50377
1 13483U 81053GD  22236.15681043  .00000702  00000-0  36711-3 0    13\
2 13483  82.9254 116.9433 0009662 313.7746 167.3913 14.13087321 50030
1 13483U 81053GD  22237.41924491  .00000688  00000-0  35951-3 0  8353\
2 13483  82.9253 115.9442 0009549 309.8465 109.7226 14.13089259 50552
1 13483U 81053GD  22237.41924491  .00000688  00000-0  35951-3 0    18\
2 13483  82.9253 115.9442 0009549 309.8465 109.7226 14.13089259 50215
1 13483U 81053GD  22238.07067197  .00000689  00000-0  36029-3 0    10\
2 13483  82.9252 115.4286 0009482 307.7788 183.7448 14.13090264 50302
1 13483U 81053GD  22238.84896473  .00000688  00000-0  35951-3 0    14\
2 13483  82.9251 114.8126 0009420 305.2814 183.2032 14.13091352 50417
1 13483U 81053GD  22239.83884641  .00000728  00000-0  38093-3 0    13\
2 13483  82.9250 114.0292 0009363 302.0625 179.1378 14.13092903 50558
1 13483U 81053GD  22240.12269733  .00000738  00000-0  38641-3 0  8373\
2 13483  82.9249 113.8046 0009347 301.0977 183.2470 14.13093363 50933
1 13483U 81053GD  22240.39220036  .00000745  00000-0  38994-3 0    17\
2 13483  82.9249 113.5913 0009322 300.2498 114.2919 14.13093732 50634
1 13483U 81053GD  22240.83151081  .00000784  00000-0  41093-3 0    16\
2 13483  82.9249 113.2436 0009295 298.8148 189.2547 14.13094595 50697
1 13483U 81053GD  22241.11979392  .00000783  00000-0  41068-3 0    12\
2 13483  82.9249 113.0154 0009279 297.8326 215.9169 14.13095016 50732
1 13483U 81053GD  22242.11105664  .00001072  00000-0  56504-3 0  8387\
2 13483  82.9248 112.2309 0009226 294.5026 218.9989 14.13098116 51218
1 13483U 81053GD  22242.44563569  .00000734  00000-0  38448-3 0    18\
2 13483  82.9248 111.9663 0009197 293.3450 121.2124 14.13096654 50921
1 13483U 81053GD  22242.81195594  .00000717  00000-0  37504-3 0    11\
2 13483  82.9248 111.6764 0009180 292.0739 184.9204 14.13097095 50978
1 13483U 81053GD  22243.43689267  .00000679  00000-0  35467-3 0  8397\
2 13483  82.9247 111.1818 0009140 289.9091 124.3743 14.13097715 51408
1 13483U 81053GD  22243.43689267  .00000679  00000-0  35467-3 0    18\
2 13483  82.9247 111.1818 0009140 289.9091 124.3743 14.13097715 51060
1 13483U 81053GD  22243.93371803  .00000644  00000-0  33591-3 0    15\
2 13483  82.9247 110.7887 0009106 288.2142 132.0185 14.13098171 51133
1 13483U 81053GD  22244.37110219  .00000674  00000-0  35190-3 0    16\
2 13483  82.9247 110.4426 0009077 286.7048 197.2698 14.13098992 51193
1 13483U 81053GD  22244.63369705  .00000826  00000-0  43350-3 0  8408\
2 13483  82.9246 110.2348 0009071 285.7818  93.2753 14.13100265 51577
1 13483U 81053GD  22244.63369705  .00000826  00000-0  43350-3 0    17\
2 13483  82.9246 110.2348 0009071 285.7818  93.2753 14.13100265 51230
1 13483U 81053GD  22245.36258309  .00000738  00000-0  38652-3 0    16\
2 13483  82.9245 109.6578 0009028 283.2202 201.6295 14.13100753 51337
1 13483U 81053GD  22245.62512562  .00000792  00000-0  41528-3 0    15\
2 13483  82.9245 109.4501 0009016 282.2761  97.3913 14.13101509 51378
1 13483U 81053GD  22246.07601182  .00000656  00000-0  34248-3 0  8414\
2 13483  82.9244 109.0932 0008994 280.6564 231.4020 14.13101347 51772
1 13483U 81053GD  22246.35402955  .00000807  00000-0  42332-3 0    11\
2 13483  82.9244 108.8731 0008977 279.6625 205.8929 14.13102583 51476
1 13483U 81053GD  22246.69597587  .00000798  00000-0  41852-3 0    19\
2 13483  82.9243 108.6025 0008952 278.4061 145.6715 14.13103034 51525
1 13483U 81053GD  22247.06750628  .00000810  00000-0  42475-3 0    15\
2 13483  82.9243 108.3084 0008932 277.0622 235.9501 14.13103630 51576
1 13483U 81053GD  22247.61527545  .00000879  00000-0  46194-3 0  8426\
2 13483  82.9242 107.8748 0008894 275.1214 142.8599 14.13104835 51996
1 13483U 81053GD  22247.68707865  .00000880  00000-0  46256-3 0    16\
2 13483  82.9242 107.8179 0008888 274.8272 148.2161 14.13104946 51669
1 13483U 81053GD  22248.32210747  .00000968  00000-0  50955-3 0    14\
2 13483  82.9241 107.3153 0008849 272.5547 139.1085 14.13106532 51759
1 13483U 81053GD  22248.67799466  .00000970  00000-0  51045-3 0  8430\
2 13483  82.9240 107.0336 0008826 271.2539 149.8145 14.13107134 52148
1 13483U 81053GD  22248.83276203  .00000964  00000-0  50730-3 0    16\
2 13483  82.9240 106.9111 0008818 270.6811 217.2573 14.13107337 51828
1 13483U 81053GD  22249.31345455  .00001009  00000-0  53164-3 0    11\
2 13483  82.9239 106.5305 0008788 268.9529 142.9305 14.13108480 51893
1 13483U 81053GD  22249.82404855  .00001025  00000-0  54005-3 0    10\
2 13483  82.9239 106.1264 0008759 267.0356 220.8198 14.13109503 51960
1 13483U 81053GD  22249.82404855  .00001025  00000-0  54005-3 0  8445\
2 13483  82.9239 106.1264 0008759 267.0356 220.8198 14.13109503 52309
1 13483U 81053GD  22250.37614604  .00001040  00000-0  54817-3 0    15\
2 13483  82.9238 105.6894 0008726 265.0444 149.7984 14.13110657 52046
1 13483U 81053GD  22250.81533139  .00001043  00000-0  54940-3 0    17\
2 13483  82.9238 105.3418 0008710 263.4380 224.3222 14.13111486 52102
1 13483U 81053GD  22251.02669868  .00001072  00000-0  56538-3 0  8453\
2 13483  82.9238 105.1745 0008701 262.6809 219.7186 14.13112034 52477
1 13483U 81053GD  22251.02669868  .00001072  00000-0  56538-3 0    17\
2 13483  82.9238 105.1745 0008701 262.6809 219.7186 14.13112034 52130
1 13483U 81053GD  22251.80557983  .00001059  00000-0  55828-3 0    13\
2 13483  82.9237 104.5579 0008669 259.8673 222.5464 14.13113581 52248
1 13483U 81053GD  22252.56434251  .00001087  00000-0  57291-3 0  8463\
2 13483  82.9236 103.9572 0008638 257.1294 123.0173 14.13115439 52357
1 13483U 81053GD  22252.79683826  .00001095  00000-0  57725-3 0    16\
2 13483  82.9237 103.7731 0008630 256.2676 225.9451 14.13116028 52388
1 13483U 81053GD  22253.55563236  .00001109  00000-0  58484-3 0    12\
2 13483  82.9237 103.1724 0008604 253.5632 126.5485 14.13117871 52499
1 13483U 81053GD  22253.78968203  .00001113  00000-0  58702-3 0  8476\
2 13483  82.9237 102.9871 0008600 252.6968 237.3836 14.13118471 52866
1 13483U 81053GD  22254.55624439  .00001143  00000-0  60291-3 0    13\
2 13483  82.9237 102.3803 0008587 250.0211 177.4612 14.13120462 52636
1 13483U 81053GD  22254.90962073  .00001198  00000-0  63258-3 0    17\
2 13483  82.9237 102.1006 0008577 248.7267 175.4158 14.13121676 52689
1 13483U 81053GD  22255.06310286  .00001191  00000-0  62895-3 0  8486\
2 13483  82.9237 101.9791 0008573 248.1458 236.3410 14.13122038 53041
1 13483U 81053GD  22255.33340215  .00001269  00000-0  67063-3 0    10\
2 13483  82.9236 101.7652 0008568 247.2240 171.5377 14.13123138 52747
1 13483U 81053GD  22255.77064388  .00001327  00000-0  70169-3 0    18\
2 13483  82.9236 101.4190 0008566 245.6509 236.1685 14.13124627 52800
1 13483U 81053GD  22256.53806101  .00001388  00000-0  73395-3 0  8491\
2 13483  82.9236 100.8115 0008566 242.9954 180.5884 14.13127015 53251
1 13483U 81053GD  22256.32466170  .00001352  00000-0  71469-3 0    17\
2 13483  82.9236 100.9805 0008566 243.7285 174.8726 14.13126234 52885
1 13483U 81053GD  22256.76190663  .00001412  00000-0  74705-3 0    19\
2 13483  82.9236 100.6344 0008572 242.2193 239.4597 14.13127745 52948
1 13483U 81053GD  22257.59865644  .00001414  00000-0  74815-3 0    13\
2 13483  82.9235  99.9719 0008582 239.3511 176.6071 14.13130043 53063
1 13483U 81053GD  22257.75338139  .00001402  00000-0  74144-3 0  8509\
2 13483  82.9235  99.8495 0008591 238.8042 243.8211 14.13130366 53427
1 13483U 81053GD  22257.75338139  .00001402  00000-0  74144-3 0    17\
2 13483  82.9235  99.8495 0008591 238.8042 243.8211 14.13130366 53089
1 13483U 81053GD  22258.59148462  .00001431  00000-0  75695-3 0    12\
2 13483  82.9235  99.1859 0008614 235.9135 187.8810 14.13132856 53205
1 13483U 81053GD  22258.74440052  .00001436  00000-0  75954-3 0    12\
2 13483  82.9235  99.0648 0008620 235.3700 245.8960 14.13133314 53222
1 13483U 81053GD  22258.95766551  .00001456  00000-0  77068-3 0  8513\
2 13483  82.9235  98.8961 0008629 234.6504 250.9210 14.13134051 53594
1 13483U 81053GD  22259.50305208  .00001431  00000-0  75718-3 0    13\
2 13483  82.9234  98.4643 0008649 232.7872 145.6990 14.13135408 53339
1 13483U 81053GD  22259.85650476  .00001386  00000-0  73303-3 0    18\
2 13483  82.9234  98.1845 0008668 231.5461 144.0058 14.13136177 53389
1 13483U 81053GD  22260.01917678  .00001386  00000-0  73273-3 0  8528\
2 13483  82.9235  98.0558 0008677 230.9969 251.6319 14.13136661 53749
1 13483U 81053GD  22260.57222178  .00001311  00000-0  69265-3 0    13\
2 13483  82.9234  97.6180 0008707 229.1258 185.3607 14.13137729 53489
1 13483U 81053GD  22260.93846674  .00001290  00000-0  68147-3 0    10\
2 13483  82.9234  97.3281 0008732 227.8887 248.7067 14.13138611 53530
1 13483U 81053GD  22261.28172470  .00001289  00000-0  68102-3 0  8539\
2 13483  82.9234  97.0564 0008748 226.7543 195.0771 14.13139501 53923
1 13483U 81053GD  22261.56471501  .00001293  00000-0  68319-3 0    17\
2 13483  82.9233  96.8323 0008767 225.7945 194.8548 14.13140364 53623
1 13483U 81053GD  22261.71740163  .00001289  00000-0  68074-3 0    10\
2 13483  82.9233  96.7114 0008777 225.2902 251.6690 14.13140745 53644
1 13483U 81053GD  22262.00785442  .00001268  00000-0  66959-3 0    19\
2 13483  82.9233  96.4814 0008797 224.3225 289.3960 14.13141389 53685
1 13483U 81053GD  22263.99042013  .00001231  00000-0  64974-3 0  8549\
2 13483  82.9232  94.9118 0008942 217.6518 296.1177 14.13146358 54303
1 13483U 81053GD  22264.81252414  .00001267  00000-0  66888-3 0    18\
2 13483  82.9232  94.2609 0008997 214.9067 158.7336 14.13148555 54086
1 13483U 81053GD  22265.53059480  .00001300  00000-0  68691-3 0  8555\
2 13483  82.9230  93.6923 0009046 212.5895 211.9838 14.13150503 54529
1 13483U 81053GD  22265.53059480  .00001300  00000-0  68691-3 0    18\
2 13483  82.9230  93.6923 0009046 212.5895 211.9838 14.13150503 54181
1 13483U 81053GD  22265.89778844  .00001314  00000-0  69437-3 0    13\
2 13483  82.9231  93.4016 0009073 211.3981 280.1236 14.13151475 54231
1 13483U 81053GD  22266.52186446  .00001299  00000-0  68598-3 0    14\
2 13483  82.9230  92.9075 0009120 209.3166 215.2410 14.13152935 54329
1 13483U 81053GD  22266.67417685  .00001304  00000-0  68867-3 0  8566\
2 13483  82.9230  92.7868 0009130 208.8212 270.1505 14.13153346 54685
1 13483U 81053GD  22266.67417685  .00001304  00000-0  68867-3 0    18\
2 13483  82.9230  92.7868 0009130 208.8212 270.1505 14.13153346 54348
1 13483U 81053GD  22267.58341274  .00001411  00000-0  74573-3 0    19\
2 13483  82.9230  92.0670 0009200 205.8031 216.0743 14.13156321 54479
1 13483U 81053GD  22268.24337247  .00001415  00000-0  74791-3 0  8573\
2 13483  82.9230  91.5445 0009246 203.6091 333.7617 14.13158023 54901
1 13483U 81053GD  22268.24337247  .00001415  00000-0  74791-3 0    14\
2 13483  82.9230  91.5445 0009246 203.6091 333.7617 14.13158023 54563
1 13483U 81053GD  22268.77729735  .00001415  00000-0  74828-3 0    10\
2 13483  82.9231  91.1217 0009285 201.8556 170.2013 14.13159402 54641
1 13483U 81053GD  22269.20989831  .00001382  00000-0  73027-3 0    17\
2 13483  82.9231  90.7792 0009313 200.4262 211.1474 14.13160342 54703
1 13483U 81053GD  22269.64748465  .00001404  00000-0  74220-3 0  8582\
2 13483  82.9231  90.4327 0009349 198.9968 277.4431 14.13161585 55100
1 13483U 81053GD  22269.64748465  .00001404  00000-0  74220-3 0    12\
2 13483  82.9231  90.4327 0009349 198.9968 277.4431 14.13161585 54761
1 13483U 81053GD  22270.00207319  .00001418  00000-0  74977-3 0    16\
2 13483  82.9231  90.1519 0009377 197.8523 281.4612 14.13162602 54810
1 13483U 81053GD  22270.99349382  .00001545  00000-0  81727-3 0  8594\
2 13483  82.9232  89.3669 0009439 194.6344 285.4783 14.13166156 55296
1 13483U 81053GD  22271.47736083  .00001556  00000-0  82358-3 0    18\
2 13483  82.9232  88.9838 0009469 193.0263 227.2710 14.13167506 55020
1 13483U 81053GD  22271.70195635  .00001572  00000-0  83194-3 0    13\
2 13483  82.9233  88.8059 0009502 192.3944 289.8430 14.13168217 55057
1 13483U 81053GD  22272.54019885  .00001725  00000-0  91365-3 0  8600\
2 13483  82.9233  88.1423 0009549 189.7271 234.5007 14.13171501 55517
1 13483U 81053GD  22272.54019885  .00001725  00000-0  91365-3 0    17\
2 13483  82.9233  88.1423 0009549 189.7271 234.5007 14.13171501 55179
1 13483U 81053GD  22272.90557015  .00001753  00000-0  92862-3 0    13\
2 13483  82.9234  87.8530 0009568 188.5779 293.3599 14.13172762 55221
1 13483U 81053GD  22273.45364240  .00001817  00000-0  96257-3 0    13\
2 13483  82.9234  87.4191 0009575 186.6936 201.8886 14.13174733 55304
1 13483U 81053GD  22273.89563583  .00001931  00000-0  10238-2 0    13\
2 13483  82.9234  87.0691 0009601 185.3452 290.5364 14.13176939 55366
1 13483U 81053GD  22273.96680188  .00001942  00000-0  10296-2 0  8612\
2 13483  82.9234  87.0128 0009607 185.1223 292.6011 14.13177294 55717
1 13483U 81053GD  22274.23842792  .00001884  00000-0  99852-3 0    11\
2 13483  82.9234  86.7977 0009646 184.5314 234.2624 14.13177748 55415
1 13483U 81053GD  22274.88729517  .00002008  00000-0  10647-2 0    14\
2 13483  82.9237  86.2841 0009680 182.4076 295.5341 14.13180761 55508
1 13483U 81053GD  22275.51206821  .00002021  00000-0  10714-2 0  8628\
2 13483  82.9237  85.7894 0009725 180.7267 233.8597 14.13183022 55931
1 13483U 81053GD  22275.51206821  .00002021  00000-0  10714-2 0    13\
2 13483  82.9237  85.7894 0009725 180.7267 233.8597 14.13183022 55593
1 13483U 81053GD  22275.87792935  .00002128  00000-0  11290-2 0    16\
2 13483  82.9237  85.4997 0009735 179.7135 295.0909 14.13185049 55641
1 13483U 81053GD  22276.50478703  .00002306  00000-0  12237-2 0    11\
2 13483  82.9236  85.0034 0009743 177.9960 244.0631 14.13188424 55739
1 13483U 81053GD  22276.65805514  .00002326  00000-0  12343-2 0  8637\
2 13483  82.9237  84.8820 0009756 177.5781 303.7735 14.13189142 56097
1 13483U 81053GD  22276.87092226  .00002436  00000-0  12932-2 0    19\
2 13483  82.9237  84.7136 0009765 177.0154 306.6624 14.13190723 55786
1 13483U 81053GD  22277.49461531  .00002773  00000-0  14731-2 0    10\
2 13483  82.9240  84.2200 0009848 174.9258 239.9208 14.13193096 55872
1 13483U 81053GD  22278.48576260  .00002701  00000-0  14346-2 0  8646\
2 13483  82.9239  83.4352 0009903 172.4409 241.9215 14.13197652 56359
1 13483U 81053GD  22278.48576260  .00002701  00000-0  14346-2 0    19\
2 13483  82.9239  83.4352 0009903 172.4409 241.9215 14.13197652 56012
1 13483U 81053GD  22279.47691223  .00002829  00000-0  15030-2 0    18\
2 13483  82.9239  82.6503 0009950 170.1616 243.7486 14.13203255 56150
1 13483U 81053GD  22279.63094142  .00002875  00000-0  15275-2 0  8653\
2 13483  82.9239  82.5285 0009959 169.4844 307.5975 14.13204299 56510
1 13483U 81053GD  22279.63094142  .00002875  00000-0  15275-2 0    15\
2 13483  82.9239  82.5285 0009959 169.4844 307.5975 14.13204299 56172
1 13483U 81053GD  22280.46810326  .00002997  00000-0  15926-2 0    16\
2 13483  82.9238  81.8655 0009964 167.6869 246.0054 14.13209616 56293
1 13483U 81053GD  22280.90591375  .00003045  00000-0  16179-2 0    11\
2 13483  82.9237  81.5186 0009981 166.5852 313.1930 14.13212404 56352
1 13483U 81053GD  22281.17531095  .00002878  00000-0  15286-2 0  8664\
2 13483  82.9237  81.3052 0009999 165.9116 243.6431 14.13213611 56733
1 13483U 81053GD  22281.53267697  .00003111  00000-0  16531-2 0    14\
2 13483  82.9237  81.0222 0010010 165.0137 261.6040 14.13216415 56448
1 13483U 81053GD  22281.89678583  .00003315  00000-0  17621-2 0    10\
2 13483  82.9238  80.7338 0010017 164.1081 313.8606 14.13219191 56495
1 13483U 81053GD  22282.45054414  .00003094  00000-0  16439-2 0  8674\
2 13483  82.9239  80.2953 0010050 162.6389 250.9814 14.13222085 56910
1 13483U 81053GD  22282.45054414  .00003094  00000-0  16439-2 0    14\
2 13483  82.9239  80.2953 0010050 162.6389 250.9814 14.13222085 56572
1 13483U 81053GD  22282.88957997  .00003143  00000-0  16700-2 0    15\
2 13483  82.9241  79.9479 0010075 161.5737 324.3827 14.13225004 56636
1 13483U 81053GD  22283.51483627  .00003126  00000-0  16608-2 0  8689\
2 13483  82.9243  79.4529 0010114 159.9243 265.2368 14.13228796 57068
1 13483U 81053GD  22283.51483627  .00003126  00000-0  16608-2 0    18\
2 13483  82.9243  79.4529 0010114 159.9243 265.2368 14.13228796 56720
1 13483U 81053GD  22283.66878686  .00003121  00000-0  16578-2 0    18\
2 13483  82.9244  79.3310 0010126 159.5528 328.3934 14.13229667 56743
1 13483U 81053GD  22284.43454878  .00002958  00000-0  15711-2 0    12\
2 13483  82.9246  78.7249 0010175 157.4745 264.1120 14.13233948 56854
1 13483U 81053GD  22284.66000403  .00002947  00000-0  15647-2 0  8696\
2 13483  82.9247  78.5464 0010202 156.8350 331.1177 14.13235242 57226
1 13483U 81053GD  22284.87744420  .00002924  00000-0  15527-2 0    13\
2 13483  82.9248  78.3743 0010212 156.2264 357.3396 14.13236555 56910
1 13483U 81053GD  22285.49635590  .00002901  00000-0  15403-2 0    17\
2 13483  82.9250  77.8843 0010257 154.5427 265.9953 14.13240298 57002
1 13483U 81053GD  22285.57858800  .00002903  00000-0  15415-2 0    12\
2 13483  82.9250  77.8192 0010265 154.2899 324.3733 14.13240781 57012
1 13483U 81053GD  22286.20320207  .00002706  00000-0  14361-2 0  8702\
2 13483  82.9252  77.3248 0010315 152.5052 262.1317 14.13243673 57446
1 13483U 81053GD  22286.48763115  .00002568  00000-0  13621-2 0    11\
2 13483  82.9252  77.0996 0010337 151.7218 269.1535 14.13244849 57144
1 13483U 81053GD  22286.56972712  .00002569  00000-0  13630-2 0    16\
2 13483  82.9253  77.0346 0010350 151.4823 326.8272 14.13245267 57153
1 13483U 81053GD  22287.47865427  .00002826  00000-0  15000-2 0  8715\
2 13483  82.9253  76.3150 0010394 148.9561 270.9957 14.13251220 57623
1 13483U 81053GD  22287.47865427  .00002826  00000-0  15000-2 0    10\
2 13483  82.9253  76.3150 0010394 148.9561 270.9957 14.13251220 57285
1 13483U 81053GD  22287.91580337  .00002828  00000-0  15007-2 0    12\
2 13483  82.9253  75.9689 0010406 147.7912 334.9484 14.13253672 57344
1 13483U 81053GD  22288.39871576  .00002736  00000-0  14516-2 0    15\
2 13483  82.9254  75.5867 0010451 146.3589 271.8669 14.13256123 57410
1 13483U 81053GD  22288.62372729  .00002645  00000-0  14029-2 0  8721\
2 13483  82.9254  75.4085 0010459 145.8046 336.5474 14.13256883 57787
1 13483U 81053GD  22288.62372729  .00002645  00000-0  14029-2 0    15\
2 13483  82.9254  75.4085 0010459 145.8046 336.5474 14.13256883 57440
1 13483U 81053GD  22289.38251925  .00002382  00000-0  12629-2 0    15\
2 13483  82.9255  74.8080 0010524 143.6611 236.9637 14.13260045 57557
1 13483U 81053GD  22289.82895887  .00002414  00000-0  12798-2 0  8735\
2 13483  82.9255  74.4546 0010526 142.5627 348.1042 14.13262406 57950
1 13483U 81053GD  22289.89874451  .00002375  00000-0  12591-2 0    16\
2 13483  82.9254  74.3993 0010526 142.3416 343.1692 14.13262642 57620
1 13483U 81053GD  22290.45263510  .00002169  00000-0  11487-2 0    12\
2 13483  82.9254  73.9608 0010578 140.7417 281.1769 14.13264502 57700
1 13483U 81053GD  22290.81881656  .00002106  00000-0  11153-2 0    10\
2 13483  82.9254  73.6709 0010587 139.8519 344.0197 14.13265942 57759
1 13483U 81053GD  22291.16102338  .00001933  00000-0  10228-2 0  8749\
2 13483  82.9254  73.3999 0010602 138.9122 285.0074 14.13266825 58148
1 13483U 81053GD  22291.37323034  .00001974  00000-0  10449-2 0    12\
2 13483  82.9254  73.2319 0010609 138.3539 284.5937 14.13267903 57831
1 13483U 81053GD  22291.59722652  .00001959  00000-0  10366-2 0    16\
2 13483  82.9254  73.0545 0010628 137.6641 344.2582 14.13268782 57866
1 13483U 81053GD  22292.50796292  .00001855  00000-0  98124-3 0  8752\
2 13483  82.9254  72.3333 0010646 135.3483 297.4878 14.13272164 58331
1 13483U 81053GD  22292.50796292  .00001855  00000-0  98124-3 0    13\
2 13483  82.9254  72.3333 0010646 135.3483 297.4878 14.13272164 57992
1 13483U 81053GD  22293.49920762  .00001839  00000-0  97245-3 0    18\
2 13483  82.9257  71.5491 0010659 132.7981 300.3370 14.13276312 58136
1 13483U 81053GD  22293.86974034  .00001904  00000-0  10074-2 0  8767\
2 13483  82.9255  71.2552 0010658 131.8299  25.4007 14.13278094 58524
1 13483U 81053GD  22293.86974034  .00001904  00000-0  10074-2 0    17\
2 13483  82.9255  71.2552 0010658 131.8299  25.4007 14.13278094 58186
1 13483U 81053GD  22294.41602535  .00001741  00000-0  92027-3 0    11\
2 13483  82.9255  70.8227 0010649 130.5449 284.4535 14.13279775 58262
1 13483U 81053GD  22294.86019159  .00001712  00000-0  90480-3 0    13\
2 13483  82.9257  70.4711 0010622 129.4672  24.0447 14.13281362 58326
1 13483U 81053GD  22295.85127953  .00001922  00000-0  10167-2 0  8772\
2 13483  82.9259  69.6867 0010532 127.0478  25.9951 14.13285603 58803
1 13483U 81053GD  22295.85127953  .00001922  00000-0  10167-2 0    11\
2 13483  82.9259  69.6867 0010532 127.0478  25.9951 14.13285603 58465
1 13483U 81053GD  22296.47339880  .00001822  00000-0  96349-3 0    10\
2 13483  82.9259  69.1941 0010565 125.3607 311.0682 14.13287318 58559
1 13483U 81053GD  22296.76743953  .00001848  00000-0  97705-3 0    17\
2 13483  82.9259  68.9612 0010550 124.6797   6.9070 14.13288590 58595
1 13483U 81053GD  22296.90799081  .00001794  00000-0  94840-3 0  8785\
2 13483  82.9260  68.8501 0010493 124.4354   1.8339 14.13288736 58950
1 13483U 81053GD  22297.46441719  .00001686  00000-0  89064-3 0    19\
2 13483  82.9260  68.4096 0010505 123.0375 312.5854 14.13290052 58696
1 13483U 81053GD  22297.83380807  .00001660  00000-0  87670-3 0    13\
2 13483  82.9261  68.1171 0010476 122.1053  31.8231 14.13291176 58742
1 13483U 81053GD  22298.37553271  .00001499  00000-0  79063-3 0  8790\
2 13483  82.9261  67.6883 0010476 120.7883 267.7430 14.13292100 59167
1 13483U 81053GD  22298.37553271  .00001499  00000-0  79063-3 0    17\
2 13483  82.9261  67.6883 0010476 120.7883 267.7430 14.13292100 58829
1 13483U 81053GD  22298.82675194  .00001517  00000-0  80063-3 0    19\
2 13483  82.9260  67.3311 0010473 119.6667  43.2632 14.13293762 58887
1 13483U 81053GD  22299.44505244  .00001548  00000-0  81683-3 0  8804\
2 13483  82.9261  66.8416 0010433 118.1713 308.7487 14.13295963 59311
1 13483U 81053GD  22299.44505244  .00001548  00000-0  81683-3 0    19\
2 13483  82.9261  66.8416 0010433 118.1713 308.7487 14.13295963 58972
1 13483U 81053GD  22299.81000824  .00001548  00000-0  81678-3 0    18\
2 13483  82.9263  66.5528 0010444 117.2833   5.3996 14.13297183 59028
1 13483U 81053GD  22300.35801196  .00001669  00000-0  88150-3 0    17\
2 13483  82.9264  66.1192 0010450 115.7519 273.4782 14.13299787 59105
1 13483U 81053GD  22300.87311185  .00001736  00000-0  91733-3 0  8810\
2 13483  82.9264  65.7114 0010434 114.5700  13.8983 14.13301982 59510
1 13483U 81053GD  22300.87311185  .00001736  00000-0  91733-3 0    14\
2 13483  82.9264  65.7114 0010434 114.5700  13.8983 14.13301982 59172
1 13483U 81053GD  22301.42662716  .00001818  00000-0  96058-3 0    11\
2 13483  82.9265  65.2733 0010407 113.2054 309.8425 14.13304300 59258
1 13483U 81053GD  22301.86430515  .00001982  00000-0  10484-2 0    19\
2 13483  82.9266  64.9269 0010388 112.1791  16.4302 14.13306789 59318
1 13483U 81053GD  22302.41767689  .00002088  00000-0  11046-2 0    19\
2 13483  82.9267  64.4890 0010388 110.6322 311.8361 14.13309476 59398
1 13483U 81053GD  22302.41767689  .00002088  00000-0  11046-2 0  8826\
2 13483  82.9267  64.4890 0010388 110.6322 311.8361 14.13309476 59736
1 13483U 81053GD  22303.40854519  .00002040  00000-0  10791-2 0    12\
2 13483  82.9268  63.7047 0010320 108.1202 312.8551 14.13312802 59535
1 13483U 81053GD  22303.78053208  .00002131  00000-0  11278-2 0    11\
2 13483  82.9268  63.4102 0010293 107.2003  45.3121 14.13314728 59587
1 13483U 81053GD  22304.40109153  .00002143  00000-0  11339-2 0    13\
2 13483  82.9269  62.9189 0010286 105.5147 322.5165 14.13317105 59679
1 13483U 81053GD  22304.40109153  .00002143  00000-0  11339-2 0  8842\
2 13483  82.9269  62.9189 0010286 105.5147 322.5165 14.13317105 60019
1 13483U 81053GD  22305.39051715  .00002241  00000-0  11863-2 0    13\
2 13483  82.9270  62.1358 0010263 102.9843 316.2531 14.13321755 59819
1 13483U 81053GD  22306.58512271  .00002499  00000-0  13236-2 0  8855\
2 13483  82.9273  61.1903 0010427 100.5361 273.2697 14.13328337 60313
1 13483U 81053GD  22306.58512271  .00002499  00000-0  13236-2 0    15\
2 13483  82.9273  61.1903 0010427 100.5361 273.2697 14.13328337 59984
1 13483U 81053GD  22307.37349833  .00002664  00000-0  14111-2 0    12\
2 13483  82.9273  60.5663 0010455  98.2285 324.4830 14.13333234 60093
1 13483U 81053GD  22307.81903528  .00002868  00000-0  15196-2 0  8869\
2 13483  82.9272  60.2135 0010422  97.0489  71.2334 14.13336435 60496
1 13483U 81053GD  22307.81903528  .00002868  00000-0  15196-2 0    18\
2 13483  82.9272  60.2135 0010422  97.0489  71.2334 14.13336435 60159
1 13483U 81053GD  22308.51788931  .00003113  00000-0  16503-2 0    12\
2 13483  82.9276  59.6603 0010369  95.2197  26.7676 14.13341212 60255
1 13483U 81053GD  22309.35552912  .00002785  00000-0  14756-2 0    15\
2 13483  82.9277  58.9969 0010398  92.9747 328.4614 14.13345000 60376
1 13483U 81053GD  22309.35552912  .00002785  00000-0  14756-2 0  8877\
2 13483  82.9277  58.9969 0010398  92.9747 328.4614 14.13345000 60714
1 13483U 81053GD  22310.34739008  .00002312  00000-0  12231-2 0    11\
2 13483  82.9277  58.2114 0010365  90.2453 334.8766 14.13348672 60513
1 13483U 81053GD  22310.78979557  .00002247  00000-0  11888-2 0  8881\
2 13483  82.9276  57.8606 0010147  88.9339  65.8561 14.13350418 60917
1 13483U 81053GD  22311.78084396  .00002158  00000-0  11413-2 0    12\
2 13483  82.9278  57.0764 0010164  86.3115  68.0542 14.13354646 60718
1 13483U 81053GD  22312.25896817  .00002014  00000-0  10642-2 0  8892\
2 13483  82.9279  56.6980 0010110  85.1272 340.5545 14.13356614 61120
1 13483U 81053GD  22312.32754587  .00001996  00000-0  10547-2 0    15\
2 13483  82.9280  56.6439 0010159  84.9893 329.4180 14.13356906 60797
1 13483U 81053GD  22312.77209436  .00002332  00000-0  12337-2 0    16\
2 13483  82.9282  56.2923 0010203  83.9156  71.0761 14.13360172 60856
1 13483U 81053GD  22313.31862723  .00002384  00000-0  12614-2 0    16\
2 13483  82.9283  55.8599 0010130  82.1678 332.0164 14.13363284 60933
1 13483U 81053GD  22313.31862723  .00002384  00000-0  12614-2 0  8902\
2 13483  82.9283  55.8599 0010130  82.1678 332.0164 14.13363284 61271
1 13483U 81053GD  22314.38351392  .00002264  00000-0  11974-2 0    14\
2 13483  82.9285  55.0176 0010050  79.1364 350.1558 14.13368809 61080
1 13483U 81053GD  22314.75409887  .00002256  00000-0  11931-2 0  8919\
2 13483  82.9284  54.7240 0010080  78.3508  75.4268 14.13370862 61471
1 13483U 81053GD  22314.81884598  .00002219  00000-0  11731-2 0    12\
2 13483  82.9284  54.6727 0010098  78.0034  45.0234 14.13371116 61143
1 13483U 81053GD  22315.37420066  .00002150  00000-0  11365-2 0    17\
2 13483  82.9281  54.2326 0009931  76.4787 350.6233 14.13374042 61226
1 13483U 81053GD  22315.81042365  .00002258  00000-0  11941-2 0  8925\
2 13483  82.9281  53.8878 0009895  74.9282  50.4475 14.13376730 61628
1 13483U 81053GD  22315.81042365  .00002258  00000-0  11941-2 0    17\
2 13483  82.9281  53.8878 0009895  74.9282  50.4475 14.13376730 61280
1 13483U 81053GD  22316.56736839  .00002299  00000-0  12158-2 0    12\
2 13483  82.9281  53.2887 0009825  72.9314 301.6542 14.13380642 61396
1 13483U 81053GD  22316.80182824  .00002227  00000-0  11771-2 0    19\
2 13483  82.9281  53.1032 0009783  72.3392  54.5208 14.13381493 61422
1 13483U 81053GD  22317.35769839  .00002069  00000-0  10932-2 0  8938\
2 13483  82.9279  52.6630 0009755  70.9727   2.5991 14.13383395 61843
1 13483U 81053GD  22317.35769839  .00002069  00000-0  10932-2 0    19\
2 13483  82.9279  52.6630 0009755  70.9727   2.5991 14.13383395 61506
1 13483U 81053GD  22317.72104904  .00002072  00000-0  10947-2 0    16\
2 13483  82.9279  52.3754 0009699  69.8674  51.4187 14.13384951 61559
1 13483U 81053GD  22318.34756181  .00001928  00000-0  10181-2 0    14\
2 13483  82.9278  51.8794 0009667  68.2525 358.9855 14.13387045 61643
1 13483U 81053GD  22318.72035852  .00001899  00000-0  10027-2 0  8947\
2 13483  82.9279  51.5844 0009658  67.3858  95.6067 14.13388449 62039
1 13483U 81053GD  22318.78320740  .00001728  00000-0  91163-3 0    18\
2 13483  82.9278  51.5346 0009649  67.2181  55.3751 14.13388199 61701
1 13483U 81053GD  22319.33784728  .00001734  00000-0  91471-3 0    19\
2 13483  82.9278  51.0955 0009586  65.5932 357.4722 14.13390507 61785
1 13483U 81053GD  22319.77429278  .00001792  00000-0  94553-3 0  8952\
2 13483  82.9277  50.7500 0009568  64.4146  58.0784 14.13392239 62182
1 13483U 81053GD  22319.77429278  .00001792  00000-0  94553-3 0    11\
2 13483  82.9277  50.7500 0009568  64.4146  58.0784 14.13392239 61844
1 13483U 81053GD  22320.32866281  .00001789  00000-0  94368-3 0    13\
2 13483  82.9279  50.3111 0009595  62.8438 358.7539 14.13393763 61926
1 13483U 81053GD  22320.76563311  .00001722  00000-0  90831-3 0    17\
2 13483  82.9278  49.9651 0009504  61.7211  61.9826 14.13395858 61980
1 13483U 81053GD  22321.24830677  .00001758  00000-0  92737-3 0  8961\
2 13483  82.9278  49.5830 0009472  60.3993 357.8236 14.13397784 62399
1 13483U 81053GD  22321.32075708  .00001758  00000-0  92722-3 0    18\
2 13483  82.9278  49.5256 0009468  60.2509   6.4010 14.13398084 62063
1 13483U 81053GD  22321.75697865  .00001650  00000-0  86979-3 0    17\
2 13483  82.9278  49.1802 0009456  59.1390  65.8142 14.13399334 62129
1 13483U 81053GD  22322.31071531  .00001822  00000-0  96110-3 0  8978\
2 13483  82.9278  48.7421 0009490  57.6725   3.1780 14.13401574 62543
1 13483U 81053GD  22322.31071531  .00001822  00000-0  96110-3 0    15\
2 13483  82.9278  48.7421 0009490  57.6725   3.1780 14.13401574 62206
1 13483U 81053GD  22322.74763337  .00001877  00000-0  99037-3 0    15\
2 13483  82.9279  48.3963 0009455  56.3598  66.3390 14.13403459 62267
1 13483U 81053GD  22323.67537779  .00001820  00000-0  96017-3 0  8984\
2 13483  82.9280  47.6619 0009407  53.8712 106.6704 14.13406499 62732
1 13483U 81053GD  22324.73056625  .00001784  00000-0  94096-3 0  8993\
2 13483  82.9280  46.8266 0009356  51.0534  75.4328 14.13410021 62883
1 13483U 81053GD  22324.73056625  .00001784  00000-0  94096-3 0    18\
2 13483  82.9280  46.8266 0009356  51.0534  75.4328 14.13410021 62546
1 13483U 81053GD  22325.28335285  .00001847  00000-0  97461-3 0    10\
2 13483  82.9280  46.3890 0009317  49.4143   8.1620 14.13412389 62624
1 13483U 81053GD  22325.72066389  .00001794  00000-0  94628-3 0    18\
2 13483  82.9280  46.0429 0009294  48.0828  73.3555 14.13413578 62686
1 13483U 81053GD  22326.20401806  .00001703  00000-0  89762-3 0  9000\
2 13483  82.9279  45.6602 0009269  46.8343  12.6111 14.13414644 63097
1 13483U 81053GD  22326.34842315  .00001695  00000-0  89342-3 0    15\
2 13483  82.9280  45.5459 0009264  46.4370  27.3544 14.13415084 62775
1 13483U 81053GD  22326.71084233  .00001697  00000-0  89449-3 0    13\
2 13483  82.9280  45.2589 0009240  45.3532  71.4565 14.13416313 62823
1 13483U 81053GD  22327.33947368  .00001621  00000-0  85394-3 0  9010\
2 13483  82.9279  44.7613 0009204  43.5656  30.0397 14.13417954 63254
1 13483U 81053GD  22327.33947368  .00001621  00000-0  85394-3 0    11\
2 13483  82.9279  44.7613 0009204  43.5656  30.0397 14.13417954 62916
1 13483U 81053GD  22327.70232975  .00001640  00000-0  86404-3 0    17\
2 13483  82.9279  44.4741 0009184  42.4878  76.3628 14.13419338 62969
1 13483U 81053GD  22328.25601581  .00001684  00000-0  88738-3 0    11\
2 13483  82.9279  44.0358 0009144  40.7791  13.7540 14.13421483 63042
1 13483U 81053GD  22328.62287670  .00001694  00000-0  89311-3 0  9020\
2 13483  82.9279  43.7454 0009120  39.7212  80.4267 14.13422792 63439
1 13483U 81053GD  22329.24716544  .00001559  00000-0  82095-3 0    18\
2 13483  82.9279  43.2512 0009086  37.7339  17.1419 14.13424203 63185
1 13483U 81053GD  22329.75679116  .00001723  00000-0  90836-3 0  9033\
2 13483  82.9278  42.8476 0009053  36.1193  90.3883 14.13426925 63599
1 13483U 81053GD  22329.75679116  .00001723  00000-0  90836-3 0    12\
2 13483  82.9278  42.8476 0009053  36.1193  90.3883 14.13426925 63252
1 13483U 81053GD  22330.31297593  .00001705  00000-0  89876-3 0    13\
2 13483  82.9278  42.4073 0009023  34.4730  40.4377 14.13428730 63335
1 13483U 81053GD  22330.74747501  .00001625  00000-0  85629-3 0    12\
2 13483  82.9278  42.0634 0008989  33.0603  91.4381 14.13429675 63394
1 13483U 81053GD  22330.95924832  .00001617  00000-0  85159-3 0  9040\
2 13483  82.9279  41.8957 0008970  32.4594  88.9857 14.13430321 63762
1 13483U 81053GD  22331.30314438  .00001494  00000-0  78655-3 0    19\
2 13483  82.9279  41.6234 0008941  31.3977  38.8889 14.13430839 63470
1 13483U 81053GD  22331.67352823  .00001483  00000-0  78051-3 0    17\
2 13483  82.9278  41.3302 0008922  30.1910 123.6388 14.13431995 63522
1 13483U 81053GD  22332.21443706  .00001656  00000-0  87233-3 0  9056\
2 13483  82.9278  40.9020 0008890  28.4807 356.0828 14.13434872 63947
1 13483U 81053GD  22332.58774191  .00001586  00000-0  83515-3 0    19\
2 13483  82.9278  40.6065 0008857  27.2081  95.7576 14.13435739 63655
1 13483U 81053GD  22333.20603383  .00001630  00000-0  85861-3 0    19\
2 13483  82.9278  40.1171 0008816  25.2149   2.0142 14.13438164 63741
1 13483U 81053GD  22333.57839608  .00001657  00000-0  87293-3 0  9064\
2 13483  82.9278  39.8223 0008798  24.0619  96.7796 14.13439502 64138
1 13483U 81053GD  22333.57839608  .00001657  00000-0  87293-3 0    10\
2 13483  82.9278  39.8223 0008798  24.0619  96.7796 14.13439502 63799
1 13483U 81053GD  22334.20229928  .00001548  00000-0  81503-3 0    16\
2 13483  82.9277  39.3283 0008751  22.0553  31.5891 14.13440916 63887
1 13483U 81053GD  22334.64946260  .00001514  00000-0  79694-3 0  9075\
2 13483  82.9277  38.9744 0008715  20.6745 146.9819 14.13442201 64286
1 13483U 81053GD  22334.64946260  .00001514  00000-0  79694-3 0    10\
2 13483  82.9277  38.9744 0008715  20.6745 146.9819 14.13442201 63948
1 13483U 81053GD  22334.71161428  .00001566  00000-0  82474-3 0    10\
2 13483  82.9277  38.9252 0008710  20.4100 103.3138 14.13442677 63959
1 13483U 81053GD  22335.63728378  .00001555  00000-0  81875-3 0    17\
2 13483  82.9277  38.1923 0008651  17.4353 133.7130 14.13445702 64082
1 13483U 81053GD  22335.70331102  .00001575  00000-0  82932-3 0  9083\
2 13483  82.9276  38.1400 0008655  17.2714 109.6538 14.13446022 64433
1 13483U 81053GD  22335.70331102  .00001575  00000-0  82932-3 0    17\
2 13483  82.9276  38.1400 0008655  17.2714 109.6538 14.13446022 64095
1 13483U 81053GD  22337.45019479  .00001536  00000-0  80848-3 0  9099\
2 13483  82.9276  36.7569 0008517  11.7445 358.8575 14.13451429 64672
1 13483U 81053GD  22337.45019479  .00001536  00000-0  80848-3 0    12\
2 13483  82.9276  36.7569 0008517  11.7445 358.8575 14.13451429 64346
1 13483U 81053GD  22337.68522161  .00001495  00000-0  78658-3 0    14\
2 13483  82.9276  36.5709 0008501  10.9385 114.8800 14.13451892 64375
1 13483U 81053GD  22338.32095946  .00001463  00000-0  76948-3 0    17\
2 13483  82.9274  36.0678 0008473   8.9951 109.8392 14.13453580 64463
1 13483U 81053GD  22338.60502206  .00001462  00000-0  76879-3 0  9101\
2 13483  82.9274  35.8429 0008451   8.1200 115.3040 14.13454452 64842
1 13483U 81053GD  22338.67643090  .00001623  00000-0  85479-3 0    11\
2 13483  82.9274  35.7864 0008452   7.8766 118.6965 14.13455659 64514
1 13483U 81053GD  22339.59534043  .00001653  00000-0  87034-3 0    12\
2 13483  82.9273  35.0588 0008389   4.9818 114.6801 14.13458773 64643
1 13483U 81053GD  22339.66703596  .00001656  00000-0  87210-3 0  9110\
2 13483  82.9273  35.0020 0008389   4.7738 119.4943 14.13459036 64994
1 13483U 81053GD  22340.22066181  .00001715  00000-0  90350-3 0    11\
2 13483  82.9273  34.5636 0008353   3.0371  56.6851 14.13461150 64739
1 13483U 81053GD  22340.58686556  .00001785  00000-0  94090-3 0    16\
2 13483  82.9272  34.2737 0008328   1.9419 120.1059 14.13462779 64789
1 13483U 81053GD  22341.21168376  .00001860  00000-0  98069-3 0  9127\
2 13483  82.9272  33.7789 0008293   0.0222  59.5357 14.13465323 65216
1 13483U 81053GD  22341.57979035  .00002046  00000-0  10795-2 0    13\
2 13483  82.9271  33.4874 0008274 358.8498 132.7162 14.13467656 64921
1 13483U 81053GD  22342.20331400  .00001949  00000-0  10277-2 0    18\
2 13483  82.9271  32.9937 0008226 356.9625  65.5378 14.13469302 65016
1 13483U 81053GD  22342.27649720  .00001946  00000-0  10263-2 0  9136\
2 13483  82.9271  32.9358 0008221 356.7193  77.9549 14.13469529 65362
1 13483U 81053GD  22342.27649720  .00001946  00000-0  10263-2 0    14\
2 13483  82.9271  32.9358 0008221 356.7193  77.9549 14.13469529 65025
1 13483U 81053GD  22343.34764623  .00001975  00000-0  10414-2 0    13\
2 13483  82.9270  32.0876 0008188 353.2304 128.7963 14.13473644 65172
1 13483U 81053GD  22344.55289924  .00001881  00000-0  99174-3 0  9154\
2 13483  82.9269  31.1333 0008136 349.4228 141.9633 14.13477705 65682
1 13483U 81053GD  22344.55289924  .00001881  00000-0  99174-3 0    10\
2 13483  82.9269  31.1333 0008136 349.4228 141.9633 14.13477705 65345
1 13483U 81053GD  21197.69377747  .00000223  00000-0  11181-3 0    12\
2 13483  82.9261  75.9359 0011786  61.9088   7.0941 14.12299486993077
1 13483U 81053GD  22345.61472304  .00001854  00000-0  97703-3 0  9165\
2 13483  82.9268  30.2922 0008090 345.9479 145.4013 14.13481726 65839
1 13483U 81053GD  22345.61472304  .00001854  00000-0  97703-3 0    10\
2 13483  82.9268  30.2922 0008090 345.9479 145.4013 14.13481726 65491
1 13483U 81053GD  22346.44922749  .00001873  00000-0  98729-3 0    15\
2 13483  82.9268  29.6315 0008057 343.1643  72.1146 14.13485128 65612
1 13483U 81053GD  22347.15695490  .00001840  00000-0  96936-3 0  9172\
2 13483  82.9267  29.0711 0008051 340.8403  73.6413 14.13487718 66056
1 13483U 81053GD  22347.23159891  .00001838  00000-0  96822-3 0    16\
2 13483  82.9267  29.0120 0008047 340.5867  93.5034 14.13487998 65729
1 13483U 81053GD  22348.59212208  .00001798  00000-0  94709-3 0  9182\
2 13483  82.9267  27.9346 0007995 336.0810 177.0788 14.13493179 66256
1 13483U 81053GD  22348.59212208  .00001798  00000-0  94709-3 0    15\
2 13483  82.9267  27.9346 0007995 336.0810 177.0788 14.13493179 65918
1 13483U 81053GD  22349.42364878  .00001872  00000-0  98643-3 0    13\
2 13483  82.9267  27.2761 0007983 333.2159  88.7660 14.13496889 66036
1 13483U 81053GD  22350.20358684  .00001891  00000-0  99622-3 0  9994\
2 13483  82.9266  26.6585 0008002 330.4679  97.9831 14.13499994 66482
1 13483U 81053GD  22350.57428285  .00001800  00000-0  94816-3 0    13\
2 13483  82.9266  26.3649 0008012 329.0928 184.5797 14.13500892 66194
1 13483U 81053GD  22350.20358684  .00001891  00000-0  99622-3 0  9196\
2 13483  82.9266  26.6585 0008002 330.4679  97.9831 14.13499994 66482
1 13483U 81053GD  22351.56723689  .00001797  00000-0  94644-3 0    13\
2 13483  82.9266  25.5786 0008001 325.6719 197.8049 14.13504649 66332
1 13483U 81053GD  22351.63105869  .00001793  00000-0  94427-3 0  9200\
2 13483  82.9266  25.5281 0007981 325.5031 162.5490 14.13504885 66683
1 13483U 81053GD  22351.63105869  .00001793  00000-0  94427-3 0    10\
2 13483  82.9266  25.5281 0007981 325.5031 162.5490 14.13504885 66346
1 13483U 81053GD  22352.55601344  .00001803  00000-0  94970-3 0    16\
2 13483  82.9266  24.7957 0007975 322.3708 189.6770 14.13508331 66471
1 13483U 81053GD  22353.54177075  .00001947  00000-0  10261-2 0  9215\
2 13483  82.9266  24.0150 0007979 319.1175 166.1637 14.13512941 66952
1 13483U 81053GD  22353.54177075  .00001947  00000-0  10261-2 0    14\
2 13483  82.9266  24.0150 0007979 319.1175 166.1637 14.13512941 66615
1 13483U 81053GD  22354.37815022  .00001953  00000-0  10292-2 0    18\
2 13483  82.9265  23.3526 0007966 316.1664 102.6696 14.13516083 66733
1 13483U 81053GD  22355.08624838  .00001860  00000-0  97954-3 0  9220\
2 13483  82.9264  22.7917 0007961 313.7822 106.2192 14.13518261 67173
1 13483U 81053GD  22355.15800274  .00001854  00000-0  97662-3 0    15\
2 13483  82.9264  22.7349 0007960 313.5207 111.4013 14.13518494 66847
1 13483U 81053GD  22356.14835992  .00001780  00000-0  93683-3 0  9230\
2 13483  82.9263  21.9506 0007918 310.2096 111.3691 14.13521696 67328
1 13483U 81053GD  22356.14835992  .00001780  00000-0  93683-3 0    17\
2 13483  82.9263  21.9506 0007918 310.2096 111.3691 14.13521696 66989
1 13483U 81053GD  22356.58640424  .00001702  00000-0  89570-3 0    13\
2 13483  82.9264  21.6037 0007897 308.7069 180.6367 14.13522861 67046
1 13483U 81053GD  22357.51098763  .00001671  00000-0  87908-3 0  9242\
2 13483  82.9263  20.8714 0007883 305.7083 205.8039 14.13526039 67515
1 13483U 81053GD  22357.51098763  .00001671  00000-0  87908-3 0    18\
2 13483  82.9263  20.8714 0007883 305.7083 205.8039 14.13526039 67177
1 13483U 81053GD  22358.13107208  .00001749  00000-0  92074-3 0    18\
2 13483  82.9264  20.3804 0007863 303.7027 121.3902 14.13528765 67266
1 13483U 81053GD  22359.12105116  .00001668  00000-0  87750-3 0  9254\
2 13483  82.9264  19.5964 0007838 300.5303 119.3338 14.13531810 67745
1 13483U 81053GD  22359.12105116  .00001668  00000-0  87750-3 0    19\
2 13483  82.9264  19.5964 0007838 300.5303 119.3338 14.13531810 67408
1 13483U 81053GD  22359.48737427  .00001611  00000-0  84727-3 0    13\
2 13483  82.9264  19.3062 0007828 299.3098 183.5790 14.13532735 67457
1 13483U 81053GD  22360.26587413  .00001680  00000-0  88390-3 0  9261\
2 13483  82.9263  18.6896 0007811 296.7675 185.3759 14.13535700 67907
1 13483U 81053GD  22360.26587413  .00001680  00000-0  88390-3 0    15\
2 13483  82.9263  18.6896 0007811 296.7675 185.3759 14.13535700 67569
1 13483U 81053GD  22360.81998913  .00001801  00000-0  94820-3 0    17\
2 13483  82.9263  18.2508 0007797 295.0117 125.2298 14.13538428 67641
1 13483U 81053GD  22361.03425626  .00001813  00000-0  95456-3 0    17\
2 13483  82.9263  18.0810 0007791 294.3093 135.6445 14.13539260 67671
1 13483U 81053GD  22361.83359560  .00001802  00000-0  94819-3 0  9275\
2 13483  82.9263  17.4482 0007775 291.7066 243.5049 14.13542042 68124
1 13483U 81053GD  22361.83359560  .00001802  00000-0  94819-3 0    18\
2 13483  82.9263  17.4482 0007775 291.7066 243.5049 14.13542042 67785
1 13483U 81053GD  22362.53951038  .00001733  00000-0  91193-3 0    19\
2 13483  82.9263  16.8891 0007770 289.4568 235.8806 14.13544058 67883
1 13483U 81053GD  22363.00649008  .00001658  00000-0  87213-3 0  9285\
2 13483  82.9263  16.5193 0007776 288.1123  92.1846 14.13545300 68299
1 13483U 81053GD  22363.00649008  .00001658  00000-0  87213-3 0    17\
2 13483  82.9263  16.5193 0007776 288.1123  92.1846 14.13545300 67951
1 13483U 81053GD  22364.07540028  .00001867  00000-0  98303-3 0  9290\
2 13483  82.9263  15.6725 0007763 284.5263 132.0340 14.13550334 68444
1 13483U 81053GD  22364.44262637  .00002002  00000-0  10545-2 0    12\
2 13483  82.9264  15.3817 0007773 283.4364 200.7686 14.13552560 68152
1 13483U 81053GD  22365.51213015  .00002051  00000-0  10802-2 0  9308\
2 13483  82.9264  14.5345 0007781 279.9614 243.5493 14.13556980 68641
1 13483U 81053GD  22365.51213015  .00002051  00000-0  10802-2 0    17\
2 13483  82.9264  14.5345 0007781 279.9614 243.5493 14.13556980 68304
1 13483U 81053GD  22365.79775487  .00002052  00000-0  10808-2 0    10
2 13483  82.9264  14.3083 0007780 279.0508 257.0996 14.13558137 68341
1 13483U 81053GD  23001.50310604  .00002029  00000-0  10686-2 0    11
2 13483  82.9265  13.7496 0007791 276.7819 246.6725 14.13560941 68445
1 13483U 81053GD  23001.83570441  .00002077  00000-0  10943-2 0  9315
2 13483  82.9264  13.4862 0007795 275.7486 139.2500 14.13562529 68836
1 13483U 81053GD  23001.83570441  .00002077  00000-0  10943-2 0    13
2 13483  82.9264  13.4862 0007795 275.7486 139.2500 14.13562529 68498
1 13483U 81053GD  23002.41414138  .00002002  00000-0  10543-2 0    12
2 13483  82.9268  13.0283 0007828 273.8921 202.9514 14.13564720 68572
1 13483U 81053GD  23003.26599378  .00002154  00000-0  11350-2 0  9324
2 13483  82.9267  12.3537 0007854 270.8669 218.3845 14.13568837 69033
1 13483U 81053GD  23003.26599378  .00002154  00000-0  11350-2 0    11
2 13483  82.9267  12.3537 0007854 270.8669 218.3845 14.13568837 68694
1 13483U 81053GD  23004.10307404  .00002179  00000-0  11479-2 0    11
2 13483  82.9265  11.6908 0007893 268.0645 158.4765 14.13572515 68819
1 13483U 81053GD  23004.53959986  .00002375  00000-0  12518-2 0  9333
2 13483  82.9266  11.3451 0007905 266.5683 220.0965 14.13575130 69218
1 13483U 81053GD  23004.53959986  .00002375  00000-0  12518-2 0    19
2 13483  82.9266  11.3451 0007905 266.5683 220.0965 14.13575130 68879
1 13483U 81053GD  23005.39034146  .00002141  00000-0  11278-2 0    19
2 13483  82.9265  10.6712 0007928 263.8772 229.5727 14.13577900 68994
1 13483U 81053GD  23005.75258208  .00002200  00000-0  11587-2 0    15
2 13483  82.9264  10.3842 0007935 262.6310 273.1429 14.13579752 69045
1 13483U 81053GD  23006.28689532  .00002383  00000-0  12562-2 0  9343
2 13483  82.9264   9.9610 0007941 260.8590 112.3899 14.13582888 69453
1 13483U 81053GD  23006.71941682  .00002219  00000-0  11688-2 0    19
2 13483  82.9264   9.6184 0007940 259.4011 153.6202 14.13584396 69189
1 13483U 81053GD  23007.44702226  .00002470  00000-0  13021-2 0  9357
2 13483  82.9264   9.0420 0007939 256.8911 256.6861 14.13588667 69623
1 13483U 81053GD  23007.23018090  .00002469  00000-0  13016-2 0    19
2 13483  82.9264   9.2138 0007938 257.6425 233.0920 14.13587577 69252
1 13483U 81053GD  23007.78337438  .00002461  00000-0  12972-2 0    11
2 13483  82.9264   8.7756 0007921 255.8178 168.4282 14.13590237 69337
1 13483U 81053GD  23008.44006441  .00002286  00000-0  12041-2 0    14
2 13483  82.9265   8.2553 0007915 253.4822 270.6594 14.13592826 69429
1 13483U 81053GD  23008.70102066  .00002358  00000-0  12427-2 0  9368
2 13483  82.9266   8.0486 0007906 252.5892 158.7667 14.13594338 69809
1 13483U 81053GD  23008.70102066  .00002358  00000-0  12427-2 0    11
2 13483  82.9266   8.0486 0007906 252.5892 158.7667 14.13594338 69461
1 13483U 81053GD  23009.43096111  .00002449  00000-0  12904-2 0    16
2 13483  82.9267   7.4704 0007877 250.0611 273.7513 14.13598104 69561
1 13483U 81053GD  23009.69199147  .00002484  00000-0  13090-2 0    13
2 13483  82.9267   7.2636 0007873 249.0997 162.3080 14.13599451 69607
1 13483U 81053GD  23010.48339858  .00002564  00000-0  13514-2 0  9375
2 13483  82.9268   6.6367 0007830 246.4673 230.0289 14.13603533 70059
1 13483U 81053GD  23010.48339858  .00002564  00000-0  13514-2 0    17
2 13483  82.9268   6.6367 0007830 246.4673 230.0289 14.13603533 69710
1 13483U 81053GD  23011.47429316  .00002840  00000-0  14976-2 0    16
2 13483  82.9271   5.8518 0007801 242.7801 233.4149 14.13609566 69852
1 13483U 81053GD  23011.74622580  .00002892  00000-0  15252-2 0  9388
2 13483  82.9271   5.6364 0007782 241.8162 177.4348 14.13611254 70236
1 13483U 81053GD  23011.74622580  .00002892  00000-0  15252-2 0    19
2 13483  82.9271   5.6364 0007782 241.8162 177.4348 14.13611254 69896
1 13483U 81053GD  23013.02070059  .00003213  00000-0  16952-2 0  9396
2 13483  82.9273   4.6270 0007745 237.3633 183.9150 14.13619430 70412
1 13483U 81053GD  23012.94358698  .00003206  00000-0  16914-2 0    14
2 13483  82.9272   4.6881 0007749 237.6371 151.4373 14.13618945 70063
1 13483U 81053GD  23013.45726940  .00003248  00000-0  17139-2 0    16
2 13483  82.9273   4.2812 0007744 235.8358 245.8584 14.13622320 70136
1 13483U 81053GD  23013.93460059  .00003599  00000-0  18994-2 0    14
2 13483  82.9273   3.9032 0007731 234.1244 155.3103 14.13626469 70206
1 13483U 81053GD  23014.44690049  .00003788  00000-0  19997-2 0  9401
2 13483  82.9272   3.4973 0007727 232.3142 242.7249 14.13630849 70610
1 13483U 81053GD  23014.44690049  .00003788  00000-0  19997-2 0    19
2 13483  82.9272   3.4973 0007727 232.3142 242.7249 14.13630849 70272
1 13483U 81053GD  23015.15603625  .00003888  00000-0  20524-2 0    11
2 13483  82.9272   2.9357 0007721 229.8495 251.9278 14.13636291 70370
1 13483U 81053GD  23015.70986538  .00003785  00000-0  19974-2 0  9415
2 13483  82.9273   2.4969 0007772 227.9122 190.7069 14.13640053 70792
1 13483U 81053GD  23015.92313984  .00004958  00000-0  26187-2 0    12
2 13483  82.9274   2.3281 0007763 226.9499 196.4117 14.13644555 70489
1 13483U 81053GD  23016.50159144  .00004833  00000-0  25523-2 0    18
2 13483  82.9273   1.8703 0007778 225.0647 260.3917 14.13649754 70566
1 13483U 81053GD  23016.69973038  .00004362  00000-0  23030-2 0    12
2 13483  82.9273   1.7134 0007770 224.3833 188.8375 14.13650037 70595
1 13483U 81053GD  23016.91466816  .00004449  00000-0  23488-2 0  9425
2 13483  82.9272   1.5431 0007783 223.6725 202.7578 14.13652147 70964
1 13483U 81053GD  23017.20985362  .00003835  00000-0  20236-2 0    12
2 13483  82.9272   1.3094 0007796 222.7809 265.0130 14.13653014 70661
1 13483U 81053GD  23017.89636233  .00003438  00000-0  18132-2 0    18
2 13483  82.9271   0.7656 0007820 220.5538 158.9520 14.13657868 70765
1 13483U 81053GD  23018.04768993  .00003379  00000-0  17821-2 0  9438
2 13483  82.9271   0.6458 0007819 220.0923 209.0957 14.13658923 71121
1 13483U 81053GD  23018.42011068  .00004357  00000-0  22998-2 0    17
2 13483  82.9271   0.3507 0007856 218.9797 304.4181 14.13664192 70830
1 13483U 81053GD  23018.70535304  .00004268  00000-0  22523-2 0    17
2 13483  82.9270   0.1248 0007864 218.0775 316.1241 14.13666080 70874
1 13483U 81053GD  23019.11886119  .00004266  00000-0  22510-2 0  9446
2 13483  82.9270 359.7972 0007888 216.7910 260.6057 14.13669157 71274
1 13483U 81053GD  23019.47364247  .00004171  00000-0  22010-2 0    12
2 13483  82.9270 359.5161 0007909 215.7401 266.1573 14.13671612 70980
1 13483U 81053GD  23020.46562733  .00003945  00000-0  20810-2 0  9454
2 13483  82.9271 358.7302 0007986 212.7862 274.5976 14.13678644 71468
1 13483U 81053GD  23020.46562733  .00003945  00000-0  20810-2 0    17
2 13483  82.9271 358.7302 0007986 212.7862 274.5976 14.13678644 71121
1 13483U 81053GD  23023.63603097  .00003628  00000-0  19121-2 0  9467
2 13483  82.9278 356.2186 0008135 202.4057 210.6268 14.13701146 71916
1 13483U 81053GD  23025.06452740  .00003507  00000-0  18480-2 0  9477
2 13483  82.9282 355.0871 0008246 197.4432 281.4456 14.13710917 72116
1 13483U 81053GD  23025.41936817  .00003193  00000-0  16816-2 0    11
2 13483  82.9283 354.8060 0008289 196.1983 287.5475 14.13712500 71823
1 13483U 81053GD  23025.90184223  .00003364  00000-0  17719-2 0    14
2 13483  82.9283 354.4239 0008301 194.2698 223.5294 14.13715966 71899
1 13483U 81053GD  23026.12795153  .00003342  00000-0  17605-2 0  9489
2 13483  82.9281 354.2447 0008329 193.6566 294.2252 14.13717349 72261
1 13483U 81053GD  23026.40954490  .00003076  00000-0  16195-2 0    18
2 13483  82.9281 354.0217 0008342 192.6348 287.5439 14.13718158 71963
1 13483U 81053GD  23027.40070424  .00002702  00000-0  14213-2 0  9490
2 13483  82.9279 353.2366 0008334 188.7439 292.8856 14.13722827 72448
1 13483U 81053GD  23027.40070424  .00002702  00000-0  14213-2 0    19
2 13483  82.9279 353.2366 0008334 188.7439 292.8856 14.13722827 72101
1 13483U 81053GD  23027.88366059  .00002703  00000-0  14220-2 0    12
2 13483  82.9279 352.8541 0008346 186.7976 231.3569 14.13725564 72175
1 13483U 81053GD  23028.39168479  .00002527  00000-0  13285-2 0    19
2 13483  82.9278 352.4516 0008332 184.9399 297.2497 14.13727798 72246
1 13483U 81053GD  23028.66242310  .00002416  00000-0  12697-2 0  9502
2 13483  82.9277 352.2371 0008337 183.9009 235.3848 14.13728869 72629
1 13483U 81053GD  23028.87480937  .00002327  00000-0  12226-2 0    10
2 13483  82.9277 352.0689 0008349 183.0859 236.4918 14.13729697 72312
1 13483U 81053GD  23029.86607063  .00002044  00000-0  10728-2 0    12
2 13483  82.9276 351.2836 0008412 179.6563 241.9317 14.13733599 72455
1 13483U 81053GD  23030.31110104  .00001973  00000-0  10353-2 0  9517
2 13483  82.9276 350.9311 0008435 178.0637 347.1579 14.13735300 72854
1 13483U 81053GD  23030.37364333  .00001934  00000-0  10149-2 0    14
2 13483  82.9276 350.8816 0008433 177.9404 305.4002 14.13735407 72521
1 13483U 81053GD  23030.92637225  .00001809  00000-0  94878-3 0    11
2 13483  82.9276 350.4437 0008462 175.9175 238.8654 14.13737287 72600
1 13483U 81053GD  23031.37081330  .00001892  00000-0  99258-3 0  9525
2 13483  82.9277 350.0918 0008487 174.4603 340.9640 14.13739222 73004
1 13483U 81053GD  23031.37081330  .00001892  00000-0  99258-3 0    10
2 13483  82.9277 350.0918 0008487 174.4603 340.9640 14.13739222 72665
1 13483U 81053GD  23031.84161802  .00001885  00000-0  98871-3 0    17
2 13483  82.9277 349.7186 0008530 172.9992 217.1674 14.13740938 72736
1 13483U 81053GD  23032.35486288  .00001864  00000-0  97733-3 0    15
2 13483  82.9278 349.3119 0008585 171.5939 309.1912 14.13742888 72806
1 13483U 81053GD  23033.41770792  .00002061  00000-0  10817-2 0    16
2 13483  82.9280 348.4701 0008629 168.1806 318.7736 14.13747651 72959
1 13483U 81053GD  23033.41770792  .00002061  00000-0  10817-2 0  9532
2 13483  82.9280 348.4701 0008629 168.1806 318.7736 14.13747651 73297
1 13483U 81053GD  23034.40859853  .00001922  00000-0  10082-2 0    11
2 13483  82.9280 347.6855 0008666 165.7801 321.3596 14.13750943 73097
1 13483U 81053GD  23034.81393807  .00001915  00000-0  10042-2 0  9543
2 13483  82.9280 347.3646 0008681 164.3633 224.5480 14.13752448 73499
1 13483U 81053GD  23034.81393807  .00001915  00000-0  10042-2 0    16
2 13483  82.9280 347.3646 0008681 164.3633 224.5480 14.13752448 73152
1 13483U 81053GD  23035.39910750  .00001996  00000-0  10469-2 0    14
2 13483  82.9280 346.9011 0008709 162.6182 322.7815 14.13755256 73236
1 13483U 81053GD  23035.88054604  .00001905  00000-0  99894-3 0  9553
2 13483  82.9280 346.5198 0008748 160.6870 253.5697 14.13756529 73641
1 13483U 81053GD  23035.88054604  .00001905  00000-0  99894-3 0    15
2 13483  82.9280 346.5198 0008748 160.6870 253.5697 14.13756529 73304
1 13483U 81053GD  23036.38943726  .00001975  00000-0  10359-2 0    18
2 13483  82.9281 346.1166 0008803 159.1981 323.5604 14.13758868 73375
1 13483U 81053GD  23036.94506604  .00002014  00000-0  10564-2 0    13
2 13483  82.9282 345.6765 0008854 157.4985 271.5019 14.13761416 73450
1 13483U 81053GD  23036.94506604  .00002014  00000-0  10564-2 0  9562
2 13483  82.9282 345.6765 0008854 157.4985 271.5019 14.13761416 73797
1 13483U 81053GD  23037.59273326  .00002345  00000-0  12315-2 0    10
2 13483  82.9283 345.1635 0008897 155.6580 327.7510 14.13766005 73549
1 13483U 81053GD  23037.93566767  .00002538  00000-0  13337-2 0    11
2 13483  82.9289 344.8918 0008907 155.0424 272.7277 14.13767385 73594
1 13483U 81053GD  23038.30063833  .00002840  00000-0  14929-2 0  9573
2 13483  82.9289 344.6027 0008940 154.2149 330.0134 14.13770256 73989
1 13483U 81053GD  23038.30063833  .00002840  00000-0  14929-2 0    13
2 13483  82.9289 344.6027 0008940 154.2149 330.0134 14.13770256 73642
1 13483U 81053GD  23038.85299284  .00003011  00000-0  15831-2 0    18
2 13483  82.9288 344.1654 0008967 152.8343 261.0012 14.13773701 73726
1 13483U 81053GD  23039.57475785  .00003622  00000-0  19059-2 0  9585
2 13483  82.9290 343.5938 0009033 150.7501 334.4335 14.13780279 74165
1 13483U 81053GD  23039.57475785  .00003622  00000-0  19059-2 0    14
2 13483  82.9290 343.5938 0009033 150.7501 334.4335 14.13780279 73827
1 13483U 81053GD  23039.91730155  .00003892  00000-0  20488-2 0    14
2 13483  82.9293 343.3222 0009054 149.8287 277.7496 14.13783397 73873
1 13483U 81053GD  23040.35340257  .00004159  00000-0  21894-2 0    13
2 13483  82.9292 342.9767 0009087 148.6584 337.2135 14.13787135 73937
1 13483U 81053GD  23040.90720608  .00004628  00000-0  24368-2 0  9600
2 13483  82.9292 342.5380 0009160 147.0354 275.8499 14.13792759 74359
1 13483U 81053GD  23040.83575528  .00004566  00000-0  24041-2 0    16
2 13483  82.9292 342.5947 0009152 147.2776 272.1604 14.13791966 74008
1 13483U 81053GD  23041.10995940  .00004674  00000-0  24613-2 0    16
2 13483  82.9289 342.3780 0009128 145.8475 228.3769 14.13794311 74046
1 13483U 81053GD  23041.34429236  .00005253  00000-0  27669-2 0    10
2 13483  82.9288 342.1925 0009168 144.9171 341.2892 14.13798283 74078
1 13483U 81053GD  23042.26419791  .00004871  00000-0  25645-2 0    14
2 13483  82.9286 341.4640 0009277 141.8664 343.6307 14.13805902 74205
1 13483U 81053GD  23042.81140973  .00004787  00000-0  25199-2 0  9613
2 13483  82.9284 341.0305 0009349 140.1736 248.8440 14.13810966 74625
1 13483U 81053GD  23042.81140973  .00004787  00000-0  25199-2 0    18
2 13483  82.9284 341.0305 0009349 140.1736 248.8440 14.13810966 74287
1 13483U 81053GD  23043.52356450  .00005084  00000-0  26765-2 0    17
2 13483  82.9282 340.4666 0009419 138.3559 273.2208 14.13818667 74389
1 13483U 81053GD  23044.03393882  .00004971  00000-0  26164-2 0  9627
2 13483  82.9283 340.0623 0009507 137.0527 350.6861 14.13823459 74793
1 13483U 81053GD  23044.58668269  .00004739  00000-0  24936-2 0    12
2 13483  82.9282 339.6247 0009571 134.7676 284.6654 14.13828182 74534
1 13483U 81053GD  23045.02366666  .00004652  00000-0  24478-2 0    13
2 13483  82.9283 339.2785 0009641 133.6082 348.6802 14.13832026 74599
1 13483U 81053GD  23045.78395744  .00004556  00000-0  23966-2 0  9636
2 13483  82.9281 338.6755 0009819 131.3642 258.3936 14.13838540 75044
1 13483U 81053GD  23045.78395744  .00004556  00000-0  23966-2 0    19
2 13483  82.9281 338.6755 0009819 131.3642 258.3936 14.13838540 74706
1 13483U 81053GD  23046.56837459  .00004883  00000-0  25688-2 0    16
2 13483  82.9281 338.0541 0009903 129.0432 290.9297 14.13846064 74812
1 13483U 81053GD  23046.85225650  .00004916  00000-0  25863-2 0  9642
2 13483  82.9282 337.8293 0009940 128.1890 295.8554 14.13848852 75192
1 13483U 81053GD  23046.92485472  .00005058  00000-0  26611-2 0    12
2 13483  82.9283 337.7719 0009946 127.9344 305.4064 14.13849525 74867
1 13483U 81053GD  23047.21780803  .00004973  00000-0  26159-2 0    13
2 13483  82.9283 337.5397 0009977 127.0839 356.4772 14.13852074 74901
1 13483U 81053GD  23047.91609274  .00004864  00000-0  25580-2 0  9657
2 13483  82.9284 336.9866 0010038 124.9844 310.6829 14.13858548 75344
1 13483U 81053GD  23047.91609274  .00004864  00000-0  25580-2 0    18
2 13483  82.9284 336.9866 0010038 124.9844 310.6829 14.13858548 75007
1 13483U 81053GD  23048.28657365  .00004176  00000-0  21953-2 0    19
2 13483  82.9284 336.6927 0010056 124.1199  36.1527 14.13860331 75050
1 13483U 81053GD  23048.83204163  .00003504  00000-0  18407-2 0    18
2 13483  82.9287 336.2604 0010108 122.5208 292.5097 14.13863775 75136
1 13483U 81053GD  23049.27743293  .00003250  00000-0  17067-2 0  9668
2 13483  82.9287 335.9076 0010114 121.3644  39.3444 14.13866619 75530
1 13483U 81053GD  23049.27743293  .00003250  00000-0  17067-2 0    18
2 13483  82.9287 335.9076 0010114 121.3644  39.3444 14.13866619 75192
1 13483U 81053GD  23049.97878905  .00002687  00000-0  14096-2 0    16
2 13483  82.9285 335.3519 0010078 119.9129   8.5599 14.13870100 75296
1 13483U 81053GD  23050.88716215  .00002309  00000-0  12099-2 0  9676
2 13483  82.9290 334.6327 0010201 117.0824 312.2496 14.13873878 75768
1 13483U 81053GD  23051.54467049  .00002356  00000-0  12344-2 0    12
2 13483  82.9287 334.1122 0010247 115.0183  59.0388 14.13876608 75511
1 13483U 81053GD  23052.24789233  .00002313  00000-0  12119-2 0  9687
2 13483  82.9287 333.5548 0010226 113.2967  38.0406 14.13879871 75954
1 13483U 81053GD  23052.51237257  .00002273  00000-0  11908-2 0    19
2 13483  82.9287 333.3455 0010260 112.5374 304.2086 14.13880890 75653
1 13483U 81053GD  23052.87002591  .00002500  00000-0  13102-2 0    10
2 13483  82.9286 333.0622 0010287 111.5702 324.5588 14.13883347 75706
1 13483U 81053GD  23053.57346115  .00002247  00000-0  11767-2 0    14
2 13483  82.9285 332.5052 0010319 109.7090 304.8004 14.13885800 75802
1 13483U 81053GD  23053.57346115  .00002247  00000-0  11767-2 0  9697
2 13483  82.9285 332.5052 0010319 109.7090 304.8004 14.13885800 76140
1 13483U 81053GD  23054.49317046  .00002270  00000-0  11890-2 0    10
2 13483  82.9283 331.7766 0010351 107.2974 305.7953 14.13890423 75937
1 13483U 81053GD  23054.93057747  .00002505  00000-0  13126-2 0  9708
2 13483  82.9283 331.4300 0010360 106.2030  11.9937 14.13893197 76334
1 13483U 81053GD  23054.76954884  .00002222  00000-0  11635-2 0    11
2 13483  82.9282 331.5577 0010367 106.5782 272.4604 14.13891664 75975
1 13483U 81053GD  23055.28607833  .00002402  00000-0  12581-2 0    19
2 13483  82.9282 331.1485 0010377 105.2485  21.3972 14.13894793 76040
1 13483U 81053GD  23055.83989782  .00002077  00000-0  10868-2 0    10
2 13483  82.9280 330.7097 0010404 103.8518 320.1000 14.13896408 76120
1 13483U 81053GD  23056.21144094  .00002175  00000-0  11386-2 0  9713
2 13483  82.9279 330.4153 0010421 102.8449  51.1670 14.13898360 76515
1 13483U 81053GD  23056.21144094  .00002175  00000-0  11386-2 0    17
2 13483  82.9279 330.4153 0010421 102.8449  51.1670 14.13898360 76177
1 13483U 81053GD  23056.83052972  .00002303  00000-0  12059-2 0    19
2 13483  82.9278 329.9248 0010483 101.2645 322.0922 14.13901647 76266
1 13483U 81053GD  23057.46544714  .00002482  00000-0  13003-2 0  9724
2 13483  82.9276 329.4217 0010529  99.4280 313.7981 14.13904793 76693
1 13483U 81053GD  23057.53829668  .00002444  00000-0  12801-2 0    12
2 13483  82.9276 329.3640 0010536  99.2354 324.5821 14.13905006 76365
1 13483U 81053GD  23057.74946547  .00002329  00000-0  12196-2 0    10
2 13483  82.9275 329.1967 0010552  98.6602 319.3901 14.13905653 76393
1 13483U 81053GD  23058.52801387  .00005455  00000-0  28663-2 0    18
2 13483  82.9274 328.5798 0010588  96.6723 321.9435 14.13920707 76509
1 13483U 81053GD  23058.52801387  .00005455  00000-0  28663-2 0  9736
2 13483  82.9274 328.5798 0010588  96.6723 321.9435 14.13920707 76846
1 13483U 81053GD  23058.89365999  .00003376  00000-0  17712-2 0    15
2 13483  82.9275 328.2900 0010658  95.7740  22.9096 14.13914917 76551
1 13483U 81053GD  23058.96620420  .00003540  00000-0  18574-2 0  9745
2 13483  82.9274 328.2328 0010650  95.5223  32.2041 14.13916015 76904
1 13483U 81053GD  23059.51878394  .00003491  00000-0  18318-2 0    14
2 13483  82.9275 327.7947 0010678  94.1465 324.6236 14.13919457 76647
1 13483U 81053GD  23059.80201646  .00003602  00000-0  18901-2 0    18
2 13483  82.9275 327.5703 0010724  93.5223 326.0903 14.13921711 76689
1 13483U 81053GD  23060.16854403  .00003570  00000-0  18732-2 0  9750
2 13483  82.9275 327.2798 0010772  92.5592  31.6344 14.13924546 77072
1 13483U 81053GD  23060.24020470  .00003532  00000-0  18533-2 0    15
2 13483  82.9275 327.2231 0010778  92.3803  36.3622 14.13925052 76740
1 13483U 81053GD  23061.50045399  .00002780  00000-0  14566-2 0  9769
2 13483  82.9278 326.2244 0010956  89.1734 330.6656 14.13931729 77264
1 13483U 81053GD  23061.50045399  .00002780  00000-0  14566-2 0    18
2 13483  82.9278 326.2244 0010956  89.1734 330.6656 14.13931729 76926
1 13483U 81053GD  23062.22165838  .00003315  00000-0  17384-2 0    15
2 13483  82.9279 325.6530 0011002  87.3506  41.3900 14.13937265 77029
1 13483U 81053GD  23063.21772242  .00003950  00000-0  20723-2 0  9776
2 13483  82.9281 324.8637 0011080  84.8863  71.0395 14.13944988 77506
1 13483U 81053GD  23063.21772242  .00003950  00000-0  20723-2 0    14
2 13483  82.9281 324.8637 0011080  84.8863  71.0395 14.13944988 77168
1 13483U 81053GD  23063.83278253  .00003665  00000-0  19221-2 0    19
2 13483  82.9283 324.3764 0011095  83.3173 321.5622 14.13948860 77259
1 13483U 81053GD  23064.04936553  .00003687  00000-0  19337-2 0    19
2 13483  82.9281 324.2052 0011132  82.6899 343.9995 14.13950416 77289
1 13483U 81053GD  23064.82848837  .00003990  00000-0  20929-2 0  9781
2 13483  82.9277 323.5878 0011154  80.7961 349.4941 14.13957493 77739
1 13483U 81053GD  23064.82848837  .00003990  00000-0  20929-2 0    18
2 13483  82.9277 323.5878 0011154  80.7961 349.4941 14.13957493 77391
1 13483U 81053GD  23065.19432436  .00004462  00000-0  23415-2 0    11
2 13483  82.9276 323.2981 0011130  79.7905  51.6110 14.13961904 77440
1 13483U 81053GD  23066.18504362  .00004424  00000-0  23212-2 0  9796
2 13483  82.9274 322.5132 0011135  77.2683  54.2178 14.13970128 77923
1 13483U 81053GD  23066.18504362  .00004424  00000-0  23212-2 0    12
2 13483  82.9274 322.5132 0011135  77.2683  54.2178 14.13970128 77585
1 13483U 81053GD  23067.17427929  .00004422  00000-0  23194-2 0    12
2 13483  82.9270 321.7296 0011100  74.9639  49.0972 14.13979300 77721
1 13483U 81053GD  23068.17138128  .00004322  00000-0  22665-2 0  9800
2 13483  82.9268 320.9396 0011062  72.3661  84.3180 14.13988158 78202
1 13483U 81053GD  23068.86600295  .00004761  00000-0  24972-2 0    19
2 13483  82.9271 320.3881 0011059  70.8698  19.6280 14.13995266 77960
1 13483U 81053GD  23069.29488479  .00004781  00000-0  25077-2 0  9811
2 13483  82.9268 320.0486 0011062  69.3840  43.0136 14.13999578 78366
1 13483U 81053GD  23069.85661066  .00004201  00000-0  22021-2 0    14
2 13483  82.9265 319.6040 0011074  67.6237  22.5119 14.14003183 78101
1 13483U 81053GD  23070.14721014  .00004533  00000-0  23768-2 0    15
2 13483  82.9265 319.3736 0011087  66.9388  61.6057 14.14006624 78145
1 13483U 81053GD  23070.69870285  .00003804  00000-0  19931-2 0    17
2 13483  82.9263 318.9364 0011074  65.5701 348.6686 14.14010026 78221
1 13483U 81053GD  23070.77189594  .00003779  00000-0  19799-2 0  9823
2 13483  82.9263 318.8784 0011070  65.3710   1.2351 14.14010624 78573
1 13483U 81053GD  23071.40591646  .00003730  00000-0  19543-2 0    15
2 13483  82.9261 318.3759 0011034  63.7254 348.4407 14.14015485 78324
1 13483U 81053GD  23071.84374934  .00003328  00000-0  17424-2 0  9830
2 13483  82.9261 318.0289 0011019  62.5798  57.0535 14.14017781 78722
1 13483U 81053GD  23071.84374934  .00003328  00000-0  17424-2 0    11
2 13483  82.9261 318.0289 0011019  62.5798  57.0535 14.14017781 78384
1 13483U 81053GD  23072.39694653  .00003043  00000-0  15925-2 0    13
2 13483  82.9261 317.5902 0011011  61.1552 352.8655 14.14020938 78461
1 13483U 81053GD  23072.83433924  .00002809  00000-0  14695-2 0    16
2 13483  82.9259 317.2434 0010999  59.9104  59.3468 14.14023137 78529
1 13483U 81053GD  23073.19007105  .00002898  00000-0  15162-2 0  9842
2 13483  82.9259 316.9615 0010989  59.0723  69.9745 14.14025457 78918
1 13483U 81053GD  23073.46028062  .00003011  00000-0  15753-2 0    11
2 13483  82.9259 316.7474 0011031  58.4810   5.2613 14.14027202 78612
1 13483U 81053GD  23073.89743285  .00003112  00000-0  16286-2 0    13
2 13483  82.9260 316.4010 0011068  57.4759  70.2899 14.14030162 78671
1 13483U 81053GD  23074.37777882  .00003231  00000-0  16912-2 0  9856
2 13483  82.9261 316.0201 0011057  56.5194 355.0256 14.14033592 79088
1 13483U 81053GD  23074.37777882  .00003231  00000-0  16912-2 0    15
2 13483  82.9261 316.0201 0011057  56.5194 355.0256 14.14033592 78740
1 13483U 81053GD  23074.81547918  .00003168  00000-0  16577-2 0    15
2 13483  82.9261 315.6732 0011067  55.5272  62.8407 14.14036256 78809
1 13483U 81053GD  23075.44058257  .00003495  00000-0  18298-2 0  9865
2 13483  82.9263 315.1775 0011076  54.1709   4.4505 14.14041201 79238
1 13483U 81053GD  23075.44058257  .00003495  00000-0  18298-2 0    13
2 13483  82.9263 315.1775 0011076  54.1709   4.4505 14.14041201 78899
1 13483U 81053GD  23076.43128663  .00002699  00000-0  14107-2 0    12
2 13483  82.9261 314.3922 0011123  51.8153   7.0889 14.14044994 79035
1 13483U 81053GD  23076.86932809  .00002635  00000-0  13772-2 0    11
2 13483  82.9261 314.0451 0011118  50.7442  76.7364 14.14047458 79097
1 13483U 81053GD  23076.86932809  .00002635  00000-0  13772-2 0  9874
2 13483  82.9261 314.0451 0011118  50.7442  76.7364 14.14047458 79435
1 13483U 81053GD  23077.90801972  .00002277  00000-0  11887-2 0  9884
2 13483  82.9260 313.2217 0011153  48.1907 323.7389 14.14051815 79570
1 13483U 81053GD  23077.90801972  .00002277  00000-0  11887-2 0    10
2 13483  82.9260 313.2217 0011153  48.1907 323.7389 14.14051815 79244
1 13483U 81053GD  23078.41259617  .00002331  00000-0  12174-2 0    11
2 13483  82.9259 312.8218 0011161  46.9991  12.0208 14.14054388 79310
1 13483U 81053GD  23078.85096507  .00002343  00000-0  12232-2 0    14
2 13483  82.9258 312.4742 0011150  45.9315  83.3446 14.14056520 79375
1 13483U 81053GD  23079.06209882  .00002354  00000-0  12293-2 0  9894
2 13483  82.9258 312.3069 0011147  45.4120  78.0340 14.14057520 79747
1 13483U 81053GD  23079.40366863  .00002403  00000-0  12548-2 0    18
2 13483  82.9257 312.0362 0011149  44.5807  16.6477 14.14059289 79454
1 13483U 81053GD  23079.68555316  .00002361  00000-0  12330-2 0    13
2 13483  82.9255 311.8127 0011142  43.8883  11.4670 14.14060561 79494
1 13483U 81053GD  23080.12501743  .00002365  00000-0  12348-2 0  9909
2 13483  82.9255 311.4644 0011133  42.8213  88.3722 14.14062620 79893
1 13483U 81053GD  23080.39415992  .00002368  00000-0  12365-2 0    13
2 13483  82.9254 311.2510 0011126  42.1295  18.3682 14.14064000 79596
1 13483U 81053GD  23080.83070806  .00002385  00000-0  12454-2 0    11
2 13483  82.9253 310.9050 0011118  41.0827  80.4233 14.14066233 79659
1 13483U 81053GD  23081.82130211  .00002538  00000-0  13254-2 0  9915
2 13483  82.9251 310.1200 0011085  38.4974  82.8278 14.14071847 80139
1 13483U 81053GD  23081.82130211  .00002538  00000-0  13254-2 0    17
2 13483  82.9251 310.1200 0011085  38.4974  82.8278 14.14071847 79799
1 13483U 81053GD  23082.10634176  .00002520  00000-0  13161-2 0    16
2 13483  82.9250 309.8938 0011065  37.7404  93.7765 14.14073259 79835
1 13483U 81053GD  23082.73080014  .00002797  00000-0  14616-2 0    13
2 13483  82.9248 309.3987 0011025  36.0276  32.5426 14.14077401 79924
1 13483U 81053GD  23083.02432487  .00003329  00000-0  17412-2 0  9929
2 13483  82.9246 309.1657 0011013  35.2094  86.7320 14.14081025 80305
1 13483U 81053GD  23083.57979003  .00004119  00000-0  21557-2 0    13
2 13483  82.9241 308.7257 0010965  33.6291  34.3738 14.14087968 80042
1 13483U 81053GD  23083.72124869  .00004490  00000-0  23505-2 0    19
2 13483  82.9243 308.6136 0010964  33.4620  34.2453 14.14089417 80068
1 13483U 81053GD  23084.09173772  .00003922  00000-0  20524-2 0  9934
2 13483  82.9242 308.3195 0010959  32.2900 120.3689 14.14090784 80451
1 13483U 81053GD  23084.71200567  .00003849  00000-0  20137-2 0    14
2 13483  82.9245 307.8279 0010929  30.9793  37.4573 14.14096119 80204
1 13483U 81053GD  23085.35970000  .00003314  00000-0  17326-2 0  9945
2 13483  82.9245 307.3142 0010846  28.7968  94.9631 14.14099909 80635
1 13483U 81053GD  23085.70221063  .00003075  00000-0  16068-2 0    17
2 13483  82.9246 307.0425 0010832  27.8453  38.5350 14.14101804 80349
1 13483U 81053GD  23086.61971373  .00002559  00000-0  13359-2 0    10
2 13483  82.9249 306.3150 0010761  25.1826  29.2660 14.14105859 80474
1 13483U 81053GD  23086.69291538  .00002549  00000-0  13305-2 0  9958
2 13483  82.9249 306.2570 0010760  24.9461  41.9381 14.14106192 80821
1 13483U 81053GD  23086.69291538  .00002549  00000-0  13305-2 0    16
2 13483  82.9249 306.2570 0010760  24.9461  41.9381 14.14106192 80483
1 13483U 81053GD  23087.12927087  .00002626  00000-0  13710-2 0    16
2 13483  82.9249 305.9109 0010695  23.7398 103.2381 14.14108580 80542
1 13483U 81053GD  23087.97706116  .00002753  00000-0  14377-2 0  9961
2 13483  82.9248 305.2386 0010628  21.5890  98.7945 14.14113323 81007
1 13483U 81053GD  23088.05401017  .00002752  00000-0  14369-2 0    10
2 13483  82.9248 305.1776 0010618  21.3906 130.4964 14.14113730 80673
1 13483U 81053GD  23088.67371882  .00003095  00000-0  16169-2 0    15
2 13483  82.9248 304.6862 0010571  19.7660  45.0967 14.14117918 80765
1 13483U 81053GD  23089.04488352  .00003215  00000-0  16801-2 0  9979
2 13483  82.9248 304.3921 0010551  18.9590 134.3348 14.14120439 81150
1 13483U 81053GD  23089.66382640  .00003372  00000-0  17625-2 0    15
2 13483  82.9247 303.9014 0010500  17.4180  44.9714 14.14124552 80905
1 13483U 81053GD  23090.57753795  .00003633  00000-0  18994-2 0  9985
2 13483  82.9246 303.1770 0010434  15.3215  15.9235 14.14131157 81374
1 13483U 81053GD  23091.57335810  .00003238  00000-0  16918-2 0    10
2 13483  82.9242 302.3872 0010363  12.8086  45.0726 14.14136472 81175
1 13483U 81053GD  23091.84759694  .00003370  00000-0  17608-2 0  9990
2 13483  82.9242 302.1699 0010317  12.2438   0.9438 14.14138777 81545
1 13483U 81053GD  23091.84759694  .00003370  00000-0  17608-2 0    14
2 13483  82.9242 302.1699 0010317  12.2438   0.9438 14.14138777 81219
1 13483U 81053GD  23092.56529333  .00003117  00000-0  16279-2 0    11
2 13483  82.9240 301.6007 0010267  10.5015  54.2751 14.14143036 81315
1 13483U 81053GD  23092.63571579  .00003109  00000-0  16239-2 0    15
2 13483  82.9240 301.5449 0010259  10.3548  52.7269 14.14143476 81320
1 13483U 81053GD  23093.00155861  .00002908  00000-0  15183-2 0    01
2 13483  82.9240 301.2550 0010232   9.3633 115.1050 14.14145119 81715
1 13483U 81053GD  23093.54888381  .00002920  00000-0  15246-2 0    15
2 13483  82.9238 300.8211 0010187   7.8592  21.3732 14.14148344 81456
1 13483U 81053GD  23094.53939891  .00002940  00000-0  15348-2 0    13
2 13483  82.9235 300.0355 0010111   5.2323  23.7113 14.14154544 81936
1 13483U 81053GD  23095.60579645  .00002790  00000-0  14561-2 0    29
2 13483  82.9232 299.1896 0010007   2.4212  52.3437 14.14160505 82089
1 13483U 81053GD  23095.60579645  .00002790  00000-0  14561-2 0    18
2 13483  82.9232 299.1896 0010007   2.4212  52.3437 14.14160505 81741
1 13483U 81053GD  23095.67994902  .00002787  00000-0  14544-2 0    19
2 13483  82.9232 299.1308 0010001   2.2011  69.8524 14.14160930 81751
1 13483U 81053GD  23096.51876363  .00002628  00000-0  13707-2 0    17
2 13483  82.9231 298.4657 0009917 359.9527  20.0010 14.14165469 81871
1 13483U 81053GD  23097.04021019  .00002626  00000-0  13696-2 0    33
2 13483  82.9230 298.0522 0009872 358.4240 154.6637 14.14168488 82282
1 13483U 81053GD  23097.51080432  .00002737  00000-0  14278-2 0    17
2 13483  82.9229 297.6790 0009830 357.1063  30.3821 14.14171607 82018
1 13483U 81053GD  23098.49991039  .00002551  00000-0  13300-2 0    41
2 13483  82.9227 296.8941 0009789 353.6745  26.4325 14.14176289 82494
1 13483U 81053GD  23098.49991039  .00002551  00000-0  13300-2 0    18
2 13483  82.9227 296.8941 0009789 353.6745  26.4325 14.14176289 82157
1 13483U 81053GD  23098.94596769  .00002531  00000-0  13196-2 0    10
2 13483  82.9229 296.5399 0009739 352.0758 137.5986 14.14178602 82210
1 13483U 81053GD  23099.56831832  .00002384  00000-0  12423-2 0    54
2 13483  82.9229 296.0462 0009746 349.7556  66.4821 14.14181347 82648
1 13483U 81053GD  23099.56831832  .00002384  00000-0  12423-2 0    10
2 13483  82.9229 296.0462 0009746 349.7556  66.4821 14.14181347 82301
1 13483U 81053GD  23100.55301174  .00002712  00000-0  14142-2 0    18
2 13483  82.9229 295.2652 0009707 346.6777  39.7672 14.14187555 82440
1 13483U 81053GD  23101.00226948  .00002669  00000-0  13915-2 0    67
2 13483  82.9229 294.9087 0009553 345.5936 166.7228 14.14189924 82846
1 13483U 81053GD  23101.47226385  .00002767  00000-0  14431-2 0    11
2 13483  82.9230 294.5359 0009519 343.9460  39.7542 14.14192767 82579
1 13483U 81053GD  23101.91735937  .00002720  00000-0  14183-2 0    11
2 13483  82.9231 294.1829 0009529 342.4300 145.9688 14.14194940 82639
1 13483U 81053GD  23102.53441410  .00002630  00000-0  13712-2 0    73
2 13483  82.9231 293.6934 0009466 340.2616  47.7953 14.14198381 83061
1 13483U 81053GD  23103.27076792  .00002748  00000-0  14328-2 0    10
2 13483  82.9233 293.1096 0009376 337.8854 196.8490 14.14202984 82823
1 13483U 81053GD  23103.68443432  .00002792  00000-0  14557-2 0    84
2 13483  82.9231 292.7813 0009362 336.5731 142.9616 14.14205542 83228
1 13483U 81053GD  23104.31025463  .00003072  00000-0  16025-2 0    12
2 13483  82.9231 292.2850 0009311 334.5538  89.2621 14.14210100 82977
1 13483U 81053GD  23104.95694931  .00003455  00000-0  18030-2 0    95
2 13483  82.9231 291.7721 0009234 332.4383 141.8823 14.14215369 83407
1 13483U 81053GD  23105.58341403  .00003622  00000-0  18903-2 0    15
2 13483  82.9230 291.2752 0009185 330.4089  91.4923 14.14220013 83156
1 13483U 81053GD  23105.66532471  .00003637  00000-0  18982-2 0    14
2 13483  82.9229 291.2102 0009161 330.0725 148.6080 14.14220613 83166
1 13483U 81053GD  23106.30184355  .00003898  00000-0  20347-2 0    17
2 13483  82.9229 290.7054 0009110 328.1109 149.3209 14.14225656 83257
1 13483U 81053GD  23106.77637591  .00004078  00000-0  21291-2 0    13
2 13483  82.9226 290.3289 0009060 326.5618  45.4058 14.14229804 83326
1 13483U 81053GD  23107.23316229  .00004172  00000-0  21780-2 0   116
2 13483  82.9225 289.9665 0009029 325.2527 210.9623 14.14233894 83722
1 13483U 81053GD  23107.56413382  .00004192  00000-0  21886-2 0    18
2 13483  82.9224 289.7040 0008995 324.2184  96.0691 14.14236780 83438
1 13483U 81053GD  23107.92975590  .00004342  00000-0  22670-2 0    11
2 13483  82.9223 289.4138 0008955 323.1043 157.5710 14.14240131 83485
1 13483U 81053GD  23108.27142962  .00004136  00000-0  21592-2 0   124
2 13483  82.9223 289.1428 0008911 322.0520  97.1580 14.14242432 83877
1 13483U 81053GD  23108.27142962  .00004136  00000-0  21592-2 0    12
2 13483  82.9223 289.1428 0008911 322.0520  97.1580 14.14242432 83530
1 13483U 81053GD  23108.75740300  .00004084  00000-0  21315-2 0    10
2 13483  82.9222 288.7572 0008862 320.4759  51.5131 14.14246238 83607
1 13483U 81053GD  23109.26189726  .00004522  00000-0  23607-2 0    19
2 13483  82.9222 288.3569 0008808 318.8204 100.1956 14.14251461 83672
1 13483U 81053GD  23109.99092626  .00004512  00000-0  23556-2 0   136
2 13483  82.9222 287.7784 0008745 316.4278 212.1331 14.14257616 84118
1 13483U 81053GD  23110.45885946  .00003816  00000-0  19906-2 0    11
2 13483  82.9224 287.4071 0008674 314.8424  74.7252 14.14259553 83847
1 13483U 81053GD  23110.97132019  .00003491  00000-0  18204-2 0    13
2 13483  82.9226 287.0005 0008642 313.0135 164.1401 14.14262680 83910
1 13483U 81053GD  23111.72923124  .00003315  00000-0  17282-2 0   146
2 13483  82.9228 286.3991 0008603 310.5057  63.1849 14.14267584 84351
1 13483U 81053GD  23111.72923124  .00003315  00000-0  17282-2 0    12
2 13483  82.9228 286.3991 0008603 310.5057  63.1849 14.14267584 84025
1 13483U 81053GD  23111.96340958  .00003378  00000-0  17612-2 0    12
2 13483  82.9228 286.2135 0008596 309.8353 175.4465 14.14269491 84058
1 13483U 81053GD  23112.67016990  .00003301  00000-0  17208-2 0    14
2 13483  82.9232 285.6528 0008560 307.2690 174.2924 14.14274014 84154
1 13483U 81053GD  23113.29399009  .00003226  00000-0  16810-2 0   157
2 13483  82.9232 285.1577 0008569 304.9852 110.8318 14.14277772 84580
1 13483U 81053GD  23113.29399009  .00003226  00000-0  16810-2 0    12
2 13483  82.9232 285.1577 0008569 304.9852 110.8318 14.14277772 84243
1 13483U 81053GD  23113.66209622  .00003449  00000-0  17978-2 0    17
2 13483  82.9233 284.8657 0008571 303.5713 185.3268 14.14280661 84290
1 13483U 81053GD  23114.42016675  .00014376  00000-0  75053-2 0    15
2 13483  82.9235 284.2646 0008583 301.2001  85.1426 14.14317318 84408
1 13483U 81053GD  23115.00602608  .00004539  00000-0  23676-2 0   178
2 13483  82.9236 283.7997 0008618 298.5402 188.8961 14.14294987 84821
1 13483U 81053GD  23115.27475906  .00004029  00000-0  21008-2 0    10
2 13483  82.9236 283.5865 0008639 297.6013 117.2796 14.14296166 84524
1 13483U 81053GD  23116.47215706  .00002776  00000-0  14449-2 0    11
2 13483  82.9235 282.6365 0008679 292.9215  94.9225 14.14302986 84698
1 13483U 81053GD  23117.46766942  .00002689  00000-0  13991-2 0    18
2 13483  82.9235 281.8467 0008694 289.6983 123.8336 14.14308640 84838
1 13483U 81053GD  23118.18904229  .00002609  00000-0  13570-2 0   194
2 13483  82.9233 281.2746 0008716 286.8775 197.3864 14.14311842 85272
1 13483U 81053GD  23118.53124279  .00002641  00000-0  13740-2 0    18
2 13483  82.9234 281.0033 0008730 285.6652 139.9024 14.14313770 84986
1 13483U 81053GD  23119.44979792  .00002503  00000-0  13014-2 0   209
2 13483  82.9232 280.2745 0008732 282.0672 137.6245 14.14318268 85450
1 13483U 81053GD  23119.44979792  .00002503  00000-0  13014-2 0    18
2 13483  82.9232 280.2745 0008732 282.0672 137.6245 14.14318268 85113
1 13483U 81053GD  23120.51148168  .00002551  00000-0  13265-2 0   216
2 13483  82.9231 279.4323 0008729 278.2129 143.9397 14.14323942 85601
1 13483U 81053GD  23120.51148168  .00002551  00000-0  13265-2 0    14
2 13483  82.9231 279.4323 0008729 278.2129 143.9397 14.14323942 85263
1 13483U 81053GD  23121.58374694  .00002485  00000-0  12920-2 0    10
2 13483  82.9230 278.5816 0008725 274.1967 204.2817 14.14329122 85411
1 13483U 81053GD  23121.86616823  .00002556  00000-0  13289-2 0   225
2 13483  82.9230 278.3576 0008719 273.1730 202.4370 14.14330724 85797
1 13483U 81053GD  23121.93826979  .00002548  00000-0  13250-2 0    14
2 13483  82.9230 278.3003 0008721 272.8981 209.6088 14.14331071 85464
1 13483U 81053GD  23122.49141817  .00002658  00000-0  13823-2 0    15
2 13483  82.9229 277.8615 0008714 270.7947 146.4738 14.14334244 85540
1 13483U 81053GD  23122.93803109  .00002594  00000-0  13490-2 0    12
2 13483  82.9230 277.5071 0008699 269.1586 260.7564 14.14336225 85603
1 13483U 81053GD  23122.93803109  .00002594  00000-0  13490-2 0   236
2 13483  82.9230 277.5071 0008699 269.1586 260.7564 14.14336225 85940
1 13483U 81053GD  23123.48229051  .00002497  00000-0  12982-2 0    18
2 13483  82.9230 277.0753 0008702 267.1357 152.3168 14.14338578 85681
1 13483U 81053GD  23123.91805382  .00002522  00000-0  13110-2 0    16
2 13483  82.9230 276.7295 0008699 265.5531 211.3451 14.14340899 85746
1 13483U 81053GD  23124.47304749  .00002511  00000-0  13054-2 0   249
2 13483  82.9231 276.2892 0008719 263.4750 157.5952 14.14343799 86164
1 13483U 81053GD  23124.47304749  .00002511  00000-0  13054-2 0    14
2 13483  82.9231 276.2892 0008719 263.4750 157.5952 14.14343799 85826
1 13483U 81053GD  23124.91697071  .00002741  00000-0  14255-2 0    15
2 13483  82.9233 275.9371 0008714 261.9128 258.1353 14.14346935 85887
1 13483U 81053GD  23125.89968824  .00003024  00000-0  15734-2 0   254
2 13483  82.9236 275.1574 0008740 258.3355 222.4485 14.14353187 86369
1 13483U 81053GD  23126.37524463  .00003361  00000-0  17495-2 0    19
2 13483  82.9235 274.7801 0008797 256.6792 124.0670 14.14356922 86097
1 13483U 81053GD  23127.18399001  .00003493  00000-0  18179-2 0   260
2 13483  82.9236 274.1384 0008847 253.9138 282.3056 14.14362188 86545
1 13483U 81053GD  23127.44300134  .00003553  00000-0  18493-2 0    17
2 13483  82.9237 273.9330 0008847 253.0650 161.1917 14.14364001 86247
1 13483U 81053GD  23127.95246556  .00003667  00000-0  19091-2 0    11
2 13483  82.9238 273.5288 0008879 251.4189 235.3668 14.14367656 86314
1 13483U 81053GD  23128.50719413  .00003306  00000-0  17201-2 0   279
2 13483  82.9240 273.0887 0008913 249.4674 180.1893 14.14369867 86731
1 13483U 81053GD  23128.94274837  .00003435  00000-0  17874-2 0    14
2 13483  82.9240 272.7433 0008941 248.1101 237.9778 14.14373193 86455
1 13483U 81053GD  23129.49794882  .00003297  00000-0  17152-2 0    17
2 13483  82.9241 272.3029 0008996 246.3227 185.0516 14.14376318 86536
1 13483U 81053GD  23130.48783250  .00003611  00000-0  18790-2 0    14
2 13483  82.9242 271.5177 0009120 243.0892 185.5910 14.14383516 86670
1 13483U 81053GD  23130.78182932  .00003822  00000-0  19889-2 0    11
2 13483  82.9243 271.2845 0009162 242.0942 242.6793 14.14386202 86715
1 13483U 81053GD  23131.14534546  .00003475  00000-0  18077-2 0   296
2 13483  82.9242 270.9963 0009223 241.0349 293.6017 14.14387223 87102
1 13483U 81053GD  23131.47874087  .00003559  00000-0  18516-2 0    10
2 13483  82.9241 270.7319 0009243 240.0329 191.1929 14.14389921 86811
1 13483U 81053GD  23132.13582722  .00003550  00000-0  18467-2 0    12
2 13483  82.9241 270.2106 0009315 238.0121 297.0154 14.14394302 86902
1 13483U 81053GD  23132.90333240  .00003700  00000-0  19251-2 0   318
2 13483  82.9240 269.6018 0009394 235.6078 245.1382 14.14400071 87354
1 13483U 81053GD  23132.90333240  .00003700  00000-0  19251-2 0    15
2 13483  82.9240 269.6018 0009394 235.6078 245.1382 14.14400071 87017
1 13483U 81053GD  23133.45816334  .00003224  00000-0  16762-2 0    11
2 13483  82.9239 269.1617 0009451 233.8370 190.3655 14.14402182 87091
1 13483U 81053GD  23133.89403397  .00002870  00000-0  14911-2 0    10
2 13483  82.9240 268.8158 0009473 232.3783 249.9130 14.14403644 87155
1 13483U 81053GD  23134.44824296  .00002902  00000-0  15076-2 0   320
2 13483  82.9239 268.3762 0009523 230.5404 192.0561 14.14407252 87576
1 13483U 81053GD  23134.44824296  .00002902  00000-0  15076-2 0    16
2 13483  82.9239 268.3762 0009523 230.5404 192.0561 14.14407252 87239
1 13483U 81053GD  23134.88417757  .00002580  00000-0  13396-2 0    19
2 13483  82.9239 268.0303 0009572 229.1742 251.8452 14.14408733 87294
1 13483U 81053GD  23135.43834595  .00002511  00000-0  13032-2 0    15
2 13483  82.9239 267.5907 0009606 227.3067 193.8197 14.14411609 87372
1 13483U 81053GD  23136.42869859  .00002384  00000-0  12370-2 0   333
2 13483  82.9241 266.8051 0009671 224.0290 196.9153 14.14416381 87852
1 13483U 81053GD  23136.42869859  .00002384  00000-0  12370-2 0    18
2 13483  82.9241 266.8051 0009671 224.0290 196.9153 14.14416381 87515
1 13483U 81053GD  23137.78473580  .00001948  00000-0  10091-2 0   349
2 13483  82.9243 265.7292 0009803 219.4757 262.2444 14.14421029 88049
1 13483U 81053GD  23137.85480823  .00001973  00000-0  10223-2 0    14
2 13483  82.9243 265.6736 0009819 219.2735 259.0411 14.14421439 87718
1 13483U 81053GD  23138.40918622  .00001868  00000-0  96704-3 0    11
2 13483  82.9243 265.2337 0009813 217.5597 201.9523 14.14423394 87792
1 13483U 81053GD  23138.78381010  .00001907  00000-0  98761-3 0    16
2 13483  82.9244 264.9364 0009809 216.4418 309.5119 14.14424970 87847
1 13483U 81053GD  23139.40182580  .00001914  00000-0  99110-3 0   351
2 13483  82.9246 264.4461 0009856 214.4378 216.5707 14.14427461 88273
1 13483U 81053GD  23139.83586067  .00002028  00000-0  10505-2 0    16
2 13483  82.9247 264.1017 0009869 212.9735 266.8236 14.14429577 87995
1 13483U 81053GD  23140.75455347  .00002851  00000-0  14803-2 0   362
2 13483  82.9248 263.3727 0010022 209.6143 265.3961 14.14436610 88462
1 13483U 81053GD  23140.82650057  .00002787  00000-0  14469-2 0    13
2 13483  82.9249 263.3158 0010028 209.3808 271.7680 14.14436820 88138
1 13483U 81053GD  23141.37932340  .00002764  00000-0  14349-2 0    14
2 13483  82.9250 262.8774 0010071 207.7040 206.7580 14.14439543 88217
1 13483U 81053GD  23141.81824097  .00002908  00000-0  15100-2 0    18
2 13483  82.9251 262.5294 0010117 206.3813 281.7364 14.14442394 88273
1 13483U 81053GD  23141.81824097  .00002908  00000-0  15100-2 0   377
2 13483  82.9251 262.5294 0010117 206.3813 281.7364 14.14442394 88611
1 13483U 81053GD  23142.36969174  .00002915  00000-0  15131-2 0    17
2 13483  82.9251 262.0921 0010143 204.6757 209.7845 14.14445479 88352
1 13483U 81053GD  23143.43451844  .00002751  00000-0  14275-2 0   382
2 13483  82.9252 261.2475 0010240 201.5405 231.8575 14.14450831 88840
1 13483U 81053GD  23143.86938763  .00002475  00000-0  12835-2 0    12
2 13483  82.9252 260.9028 0010310 200.5072 285.9586 14.14452151 88565
1 13483U 81053GD  23144.78743815  .00002227  00000-0  11541-2 0   395
2 13483  82.9252 260.1750 0010416 198.0354 280.4382 14.14455590 89037
1 13483U 81053GD  23144.85973966  .00002174  00000-0  11261-2 0    14
2 13483  82.9253 260.1176 0010423 197.8487 288.5714 14.14455713 88700
1 13483U 81053GD  23145.34067646  .00002024  00000-0  10477-2 0    10
2 13483  82.9251 259.7363 0010460 196.4276 217.5090 14.14457129 88771
1 13483U 81053GD  23145.84923789  .00001915  00000-0  99088-3 0   401
2 13483  82.9251 259.3328 0010529 195.0908 286.9506 14.14458819 89186
1 13483U 81053GD  23146.40473075  .00001784  00000-0  92258-3 0    15
2 13483  82.9250 258.8923 0010589 193.6402 235.3463 14.14460520 88922
1 13483U 81053GD  23146.83953169  .00001708  00000-0  88267-3 0    10
2 13483  82.9249 258.5473 0010631 192.4692 289.2551 14.14461893 88989
1 13483U 81053GD  23147.06179319  .00001694  00000-0  87571-3 0   418
2 13483  82.9249 258.3711 0010655 191.8613 340.9709 14.14462616 89350
1 13483U 81053GD  23147.82955133  .00001688  00000-0  87261-3 0    13
2 13483  82.9250 257.7619 0010680 189.4572 290.5654 14.14464790 89126
1 13483U 81053GD  23148.31162954  .00001792  00000-0  92672-3 0   422
2 13483  82.9251 257.3794 0010728 187.9550 225.4133 14.14467210 89533
1 13483U 81053GD  23148.04266525  .00001695  00000-0  87585-3 0    15
2 13483  82.9251 257.5928 0010708 188.7080 295.8731 14.14465641 89158
1 13483U 81053GD  23148.81990650  .00001895  00000-0  98022-3 0    13
2 13483  82.9251 256.9763 0010766 186.5340 293.5125 14.14469759 89265
1 13483U 81053GD  23149.37460238  .00001835  00000-0  94882-3 0   439
2 13483  82.9251 256.5363 0010835 184.9601 237.9972 14.14471471 89688
1 13483U 81053GD  23149.37460238  .00001835  00000-0  94882-3 0    13
2 13483  82.9251 256.5363 0010835 184.9601 237.9972 14.14471471 89341
1 13483U 81053GD  23149.81047987  .00001818  00000-0  94035-3 0    15
2 13483  82.9250 256.1906 0010871 183.6496 297.5419 14.14473030 89405
1 13483U 81053GD  23150.36458089  .00001769  00000-0  91433-3 0    10
2 13483  82.9251 255.7511 0010927 181.9696 239.1120 14.14474754 89481
1 13483U 81053GD  23150.73009017  .00001805  00000-0  93306-3 0    16
2 13483  82.9251 255.4612 0010956 180.9637 300.2442 14.14476323 89533
1 13483U 81053GD  23150.73009017  .00001805  00000-0  93306-3 0   443
2 13483  82.9251 255.4612 0010956 180.9637 300.2442 14.14476323 89870
1 13483U 81053GD  23151.35472390  .00001889  00000-0  97704-3 0    11
2 13483  82.9251 254.9657 0010984 179.0956 240.9614 14.14479093 89628
1 13483U 81053GD  23151.79247868  .00001896  00000-0  98043-3 0   452
2 13483  82.9252 254.6184 0011044 178.0069 309.8495 14.14480773 90028
1 13483U 81053GD  23151.79247868  .00001896  00000-0  98043-3 0    14
2 13483  82.9252 254.6184 0011044 178.0069 309.8495 14.14480773 89688
1 13483U 81053GD  23152.34488347  .00001933  00000-0  99963-3 0    19
2 13483  82.9250 254.1804 0011097 176.3268 242.8027 14.14483001 89763
1 13483U 81053GD  23153.33530634  .00001864  00000-0  96398-3 0   467
2 13483  82.9251 253.3947 0011176 173.5053 246.0466 14.14486138 90244
1 13483U 81053GD  23153.33530634  .00001864  00000-0  96398-3 0    18
2 13483  82.9251 253.3947 0011176 173.5053 246.0466 14.14486138 89905
1 13483U 81053GD  23153.77109878  .00001941  00000-0  10040-2 0    13
2 13483  82.9252 253.0488 0011253 172.5328 304.8413 14.14488064 89964
1 13483U 81053GD  23154.32596795  .00001926  00000-0  99601-3 0    17
2 13483  82.9252 252.6089 0011287 170.9310 250.2705 14.14489941 90040
1 13483U 81053GD  23154.76347654  .00001836  00000-0  94924-3 0   476
2 13483  82.9253 252.2618 0011355 169.6658 318.0980 14.14491025 90449
1 13483U 81053GD  23154.76347654  .00001836  00000-0  94924-3 0    16
2 13483  82.9253 252.2618 0011355 169.6658 318.0980 14.14491025 90102
1 13483U 81053GD  23155.31718069  .00001841  00000-0  95155-3 0    13
2 13483  82.9253 251.8228 0011361 168.2008 257.4700 14.14493108 90183
1 13483U 81053GD  23155.75264209  .00001786  00000-0  92309-3 0    19
2 13483  82.9254 251.4774 0011410 166.8958 314.9258 14.14494465 90240
1 13483U 81053GD  23156.23643920  .00001769  00000-0  91422-3 0   481
2 13483  82.9254 251.0937 0011450 165.6055 258.3601 14.14496240 90657
1 13483U 81053GD  23156.30535444  .00001765  00000-0  91201-3 0    10
2 13483  82.9254 251.0391 0011447 165.4027 249.2871 14.14496484 90326
1 13483U 81053GD  23156.74959694  .00001812  00000-0  93626-3 0    11
2 13483  82.9254 250.6867 0011481 164.1050 351.4301 14.14498414 90384
1 13483U 81053GD  23157.37061222  .00001867  00000-0  96515-3 0   494
2 13483  82.9254 250.1943 0011501 162.3600 273.6609 14.14501184 90811
1 13483U 81053GD  23157.37061222  .00001867  00000-0  96515-3 0    12
2 13483  82.9254 250.1943 0011501 162.3600 273.6609 14.14501184 90473
1 13483U 81053GD  23158.35968910  .00001946  00000-0  10060-2 0    19
2 13483  82.9255 249.4096 0011567 159.7048 269.9588 14.14505425 90614
1 13483U 81053GD  23158.79525704  .00001904  00000-0  98450-3 0   505
2 13483  82.9255 249.0641 0011582 158.7423 327.6319 14.14506879 91012
1 13483U 81053GD  23158.79525704  .00001904  00000-0  98450-3 0    11
2 13483  82.9255 249.0641 0011582 158.7423 327.6319 14.14506879 90673
1 13483U 81053GD  23159.35059573  .00001877  00000-0  97028-3 0    19
2 13483  82.9256 248.6235 0011650 157.2200 275.4105 14.14508810 90750
1 13483U 81053GD  23160.34007449  .00001826  00000-0  94356-3 0   515
2 13483  82.9256 247.8389 0011708 154.6180 273.7267 14.14512301 91237
1 13483U 81053GD  23160.70437120  .00001825  00000-0  94273-3 0    10
2 13483  82.9256 247.5499 0011734 153.6317 328.7173 14.14513703 90947
1 13483U 81053GD  23161.53148475  .00001829  00000-0  94501-3 0    12
2 13483  82.9256 246.8939 0011770 151.6019 220.1579 14.14516918 91065
1 13483U 81053GD  23161.70082209  .00001838  00000-0  94937-3 0   522
2 13483  82.9255 246.7595 0011763 151.0349   2.5319 14.14517699 91424
1 13483U 81053GD  23161.70082209  .00001838  00000-0  94937-3 0    16
2 13483  82.9255 246.7595 0011763 151.0349   2.5319 14.14517699 91086
1 13483U 81053GD  23162.24201462  .00001983  00000-0  10250-2 0    16
2 13483  82.9254 246.3305 0011780 149.7638 238.0916 14.14520757 91161
1 13483U 81053GD  23162.32056212  .00002022  00000-0  10456-2 0    19
2 13483  82.9255 246.2682 0011790 149.5532 278.0548 14.14521316 91179
1 13483U 81053GD  23162.96838140  .00002179  00000-0  11273-2 0   535
2 13483  82.9255 245.7548 0011877 148.0732 336.4853 14.14524657 91603
1 13483U 81053GD  23162.96838140  .00002179  00000-0  11273-2 0    18
2 13483  82.9255 245.7548 0011877 148.0732 336.4853 14.14524657 91265
1 13483U 81053GD  23163.95890137  .00002400  00000-0  12423-2 0    17
2 13483  82.9252 244.9688 0011892 145.8282 339.8055 14.14530153 91405
1 13483U 81053GD  23164.22894185  .00002227  00000-0  11520-2 0   547
2 13483  82.9254 244.7545 0011891 145.1426 274.8166 14.14530952 91788
1 13483U 81053GD  23164.30043237  .00002242  00000-0  11598-2 0    14
2 13483  82.9254 244.6978 0011902 144.9945 278.8039 14.14531341 91453
1 13483U 81053GD  23165.21330778  .00002229  00000-0  11530-2 0    15
2 13483  82.9254 243.9737 0011954 142.5891 247.1440 14.14535511 91581
1 13483U 81053GD  23166.20894689  .00002040  00000-0  10547-2 0   558
2 13483  82.9254 243.1838 0012017 139.8587 277.0335 14.14539093 92065
1 13483U 81053GD  23166.57538682  .00002130  00000-0  11012-2 0    15
2 13483  82.9254 242.8932 0012042 138.8189 343.0193 14.14540802 91774
1 13483U 81053GD  23166.71725038  .00002055  00000-0  10620-2 0    14
2 13483  82.9255 242.7807 0012037 138.6069 345.2254 14.14541009 91798
1 13483U 81053GD  23167.27044562  .00002396  00000-0  12396-2 0   562
2 13483  82.9255 242.3418 0012078 136.7849 282.4653 14.14544474 92214
1 13483U 81053GD  23167.27044562  .00002396  00000-0  12396-2 0    12
2 13483  82.9255 242.3418 0012078 136.7849 282.4653 14.14544474 91875
1 13483U 81053GD  23167.70715411  .00002291  00000-0  11849-2 0    14
2 13483  82.9255 241.9957 0012099 135.7562 346.0693 14.14545915 91931
1 13483U 81053GD  23168.26062575  .00002124  00000-0  10982-2 0    14
2 13483  82.9255 241.5567 0012168 133.9639 284.6923 14.14547644 92010
1 13483U 81053GD  23168.70702998  .00002018  00000-0  10430-2 0   574
2 13483  82.9254 241.2026 0012174 133.0690  37.5128 14.14548975 92415
1 13483U 81053GD  23168.70702998  .00002018  00000-0  10430-2 0    13
2 13483  82.9254 241.2026 0012174 133.0690  37.5128 14.14548975 92077
1 13483U 81053GD  23169.40487884  .00001964  00000-0  10146-2 0    18
2 13483  82.9254 240.6491 0012231 131.2931 350.9217 14.14551595 92172
1 13483U 81053GD  23169.62657978  .00001916  00000-0  98942-3 0    13
2 13483  82.9253 240.4732 0012255 130.6821  39.8592 14.14552333 92208
1 13483U 81053GD  23170.16473590  .00001877  00000-0  96906-3 0   586
2 13483  82.9252 240.0464 0012185 129.3398 260.1020 14.14554119 92626
1 13483U 81053GD  23170.16473590  .00001877  00000-0  96906-3 0    14
2 13483  82.9252 240.0464 0012185 129.3398 260.1020 14.14554119 92288
1 13483U 81053GD  23170.24225510  .00001912  00000-0  98742-3 0    10
2 13483  82.9251 239.9849 0012188 129.1677 294.8022 14.14554640 92298
1 13483U 81053GD  23171.15505194  .00001890  00000-0  97587-3 0    11
2 13483  82.9251 239.2608 0012210 126.7415 262.8407 14.14558215 92422
1 13483U 81053GD  23171.95092773  .00002026  00000-0  10467-2 0    16
2 13483  82.9254 238.6298 0012247 124.7877 355.3641 14.14562656 92537
1 13483U 81053GD  23171.95092773  .00002026  00000-0  10467-2 0   599
2 13483  82.9254 238.6298 0012247 124.7877 355.3641 14.14562656 92874
1 13483U 81053GD  23172.22098363  .00002181  00000-0  11274-2 0    17
2 13483  82.9251 238.4155 0012345 124.1338 290.4540 14.14564749 92575
1 13483U 81053GD  23173.21125059  .00002181  00000-0  11272-2 0   603
2 13483  82.9248 237.6298 0012327 121.6458 292.8696 14.14569323 93050
1 13483U 81053GD  23174.27537941  .00002310  00000-0  11941-2 0   615
2 13483  82.9247 236.7858 0012317 118.9324 311.4459 14.14574658 93200
1 13483U 81053GD  23175.63542472  .00002291  00000-0  11842-2 0   620
2 13483  82.9247 235.7070 0012254 115.6824  36.6440 14.14580535 93391
1 13483U 81053GD  23177.17218045  .00002263  00000-0  11696-2 0   634
2 13483  82.9247 234.4881 0012177 111.9003 301.7798 14.14587497 93610
1 13483U 81053GD  23178.23550168  .00002077  00000-0  10726-2 0   644
2 13483  82.9248 233.6447 0012151 109.2184 316.2838 14.14592001 93761
1 13483U 81053GD  23179.66182286  .00001723  00000-0  88812-3 0   654
2 13483  82.9250 232.5133 0012099 105.9733  18.8775 14.14596751 93961
1 13483U 81053GD  23182.63955237  .00001600  00000-0  82392-3 0   672
2 13483  82.9248 230.1510 0012149  98.2106  62.0552 14.14606378 94383
1 13483U 81053GD  23184.17652455  .00001626  00000-0  83756-3 0   683
2 13483  82.9248 228.9316 0012119  94.3748 328.4867 14.14611723 94601
1 13483U 81053GD  23185.53114769  .00001668  00000-0  85951-3 0   691
2 13483  82.9249 227.8569 0012041  90.9334  26.4610 14.14616511 94798
1 13483U 81053GD  23186.59257956  .00001607  00000-0  82762-3 0   706
2 13483  82.9249 227.0149 0012005  88.2618  31.4444 14.14619665 94940
1 13483U 81053GD  23187.65494144  .00001724  00000-0  88846-3 0   716
2 13483  82.9248 226.1722 0011970  85.4744  41.2899 14.14623732 95095
1 13483U 81053GD  23189.12603397  .00001808  00000-0  93196-3 0   720
2 13483  82.9247 225.0053 0011913  81.7637 332.3805 14.14628990 95302
1 13483U 81053GD  23190.55321447  .00001593  00000-0  81991-3 0   734
2 13483  82.9247 223.8732 0011831  78.0959  39.9520 14.14632385 95506
1 13483U 81053GD  23192.09669661  .00001496  00000-0  76939-3 0   747
2 13483  82.9246 222.6487 0011735  74.1625 339.7546 14.14636748 95729
1 13483U 81053GD  23193.53093685  .00001758  00000-0  90577-3 0   750
2 13483  82.9244 221.5109 0011625  70.5214  83.2823 14.14642781 95923
1 13483U 81053GD  23194.58478816  .00001811  00000-0  93311-3 0   769
2 13483  82.9244 220.6749 0011548  67.8309  49.8004 14.14646505 96075
1 13483U 81053GD  23196.33190634  .00002025  00000-0  10445-2 0   778
2 13483  82.9245 219.2887 0011405  63.5080 306.5359 14.14653881 96312
1 13483U 81053GD  23197.55582972  .00001947  00000-0  10038-2 0   784
2 13483  82.9244 218.3177 0011381  60.2654  59.2740 14.14657742 96492
1 13483U 81053GD  23199.02411358  .00002118  00000-0  10924-2 0   793
2 13483  82.9244 217.1528 0011312  56.4807 336.3324 14.14664619 96702
1 13483U 81053GD  23202.79010597  .00002210  00000-0  11400-2 0   818
2 13483  82.9245 214.1651 0011071  46.9578  74.1599 14.14681070 97238
1 13483U 81053GD  23205.48386426  .00002141  00000-0  11039-2 0    17
2 13483  82.9250 212.0277 0010787  39.3052 112.7556 14.14692808 97278
1 13483U 81053GD  23206.47402649  .00002186  00000-0  11275-2 0    14
2 13483  82.9251 211.2422 0010711  36.4231 115.4862 14.14697301 97415
1 13483U 81053GD  23207.46420574  .00002442  00000-0  12605-2 0    14
2 13483  82.9250 210.4567 0010605  33.7713 118.0918 14.14702640 97551
1 13483U 81053GD  23208.00590446  .00002502  00000-0  12915-2 0   854
2 13483  82.9250 210.0271 0010573  32.2348 356.8507 14.14705517 97979
1 13483U 81053GD  23208.45441764  .00002475  00000-0  12775-2 0    12
2 13483  82.9250 209.6710 0010500  31.3321 120.6706 14.14707731 97699
1 13483U 81053GD  23208.74204160  .00002377  00000-0  12262-2 0    13
2 13483  82.9250 209.4429 0010477  30.5704 145.4294 14.14708828 97733
1 13483U 81053GD  23209.35707358  .00002237  00000-0  11534-2 0   867
2 13483  82.9248 208.9551 0010412  28.9503  37.5481 14.14711353 98161
1 13483U 81053GD  23209.35707358  .00002237  00000-0  11534-2 0    14
2 13483  82.9248 208.9551 0010412  28.9503  37.5481 14.14711353 97823
1 13483U 81053GD  23210.43496845  .00002410  00000-0  12435-2 0   879
2 13483  82.9246 208.0996 0010357  26.2802 126.6950 14.14717152 98315
1 13483U 81053GD  23211.49082819  .00002480  00000-0  12794-2 0   884
2 13483  82.9244 207.2617 0010289  23.7135 103.5985 14.14722369 98463
1 13483U 81053GD  23212.96286219  .00002892  00000-0  14932-2 0   891
2 13483  82.9244 206.0936 0010185  20.0767  39.9426 14.14731362 98678
1 13483U 81053GD  23214.02493774  .00002920  00000-0  15076-2 0   900
2 13483  82.9246 205.2507 0010091  17.8033  48.2466 14.14737329 98824
1 13483U 81053GD  23215.45676583  .00002966  00000-0  15314-2 0   915
2 13483  82.9250 204.1150 0009952  13.4455 140.7308 14.14745136 99026
1 13483U 81053GD  23216.99501612  .00003035  00000-0  15669-2 0   927
2 13483  82.9254 202.8946 0009784   9.0911  54.9576 14.14753947 99245
1 13483U 81053GD  23218.42705972  .00002872  00000-0  14821-2 0   930
2 13483  82.9256 201.7584 0009636   5.1537 148.2123 14.14762144 99446
1 13483U 81053GD  23219.95607933  .00002999  00000-0  15476-2 0   945
2 13483  82.9258 200.5453 0009530   0.3464  16.0022 14.14771363 99655
1 13483U 81053GD  23221.39724230  .00002845  00000-0  14677-2 0   959
2 13483  82.9259 199.4021 0009390 356.2589 155.9089 14.14778787 99864
1 13483U 81053GD  23222.45354764  .00002593  00000-0  13368-2 0   965
2 13483  82.9259 198.5641 0009287 353.2784 135.7281 14.14783684100013
1 13483U 81053GD  23223.99614791  .00002484  00000-0  12804-2 0   978
2 13483  82.9258 197.3404 0009105 349.2891  71.9427 14.14791107100235
1 13483U 81053GD  23225.35811380  .00002501  00000-0  12887-2 0   985
2 13483  82.9258 196.2598 0008953 345.2036 168.8116 14.14797471100426
1 13483U 81053GD  23226.41315208  .00002507  00000-0  12921-2 0   997
2 13483  82.9259 195.4229 0008805 342.4663 142.0086 14.14802556100577
1 13483U 81053GD  23227.87962806  .00002735  00000-0  14102-2 0  1009
2 13483  82.9263 194.2593 0008642 338.3959  50.9133 14.14810529100786
1 13483U 81053GD  23229.38998839  .00002743  00000-0  14140-2 0  1014
2 13483  82.9267 193.0609 0008481 334.2170 183.3498 14.14817875100995
1 13483U 81053GD  23230.84954451  .00002701  00000-0  13921-2 0  1020
2 13483  82.9271 191.9027 0008323 329.6770  57.5805 14.14825542101209
1 13483U 81053GD  23231.90921486  .00002644  00000-0  13625-2 0  1038
2 13483  82.9270 191.0621 0008250 325.9515  55.4527 14.14831043101351
1 13483U 81053GD  23232.97964517  .00002581  00000-0  13296-2 0  1043
2 13483  82.9276 190.2125 0008110 322.7994 107.5479 14.14836812101509
1 13483U 81053GD  23234.40533981  .00002423  00000-0  12473-2 0  1052
2 13483  82.9272 189.0816 0008094 317.7321 170.0278 14.14843022101702
1 13483U 81053GD  23236.86121355  .00002433  00000-0  12526-2 0    17
2 13483  82.9270 187.1339 0007865 309.5115  79.8102 14.14854649101714
1 13483U 81053GD  23236.86121355  .00002433  00000-0  12526-2 0  1074
2 13483  82.9270 187.1339 0007865 309.5115  79.8102 14.14854649102052
1 13483U 81053GD  23237.37580171  .00002360  00000-0  12145-2 0    15
2 13483  82.9267 186.7259 0007801 307.8879 180.9444 14.14856829101786
1 13483U 81053GD  23237.85689594  .00002385  00000-0  12276-2 0    19
2 13483  82.9269 186.3440 0007747 306.5375 111.3072 14.14859072101858
1 13483U 81053GD  23237.92877253  .00002388  00000-0  12292-2 0  1087
2 13483  82.9267 186.2872 0007729 306.2222 117.5110 14.14859381102206
1 13483U 81053GD  23238.36601154  .00002383  00000-0  12266-2 0    19
2 13483  82.9269 185.9401 0007677 304.7457 184.7584 14.14861257101921
1 13483U 81053GD  23238.91821190  .00002368  00000-0  12187-2 0    19
2 13483  82.9268 185.5022 0007568 303.0104 117.4811 14.14863585102007
1 13483U 81053GD  23239.90807677  .00002258  00000-0  11613-2 0    14
2 13483  82.9271 184.7164 0007421 299.8967 119.5344 14.14867460102141
1 13483U 81053GD  23239.90807677  .00002258  00000-0  11613-2 0  1093
2 13483  82.9271 184.7164 0007421 299.8967 119.5344 14.14867460102488
1 13483U 81053GD  23240.89901595  .00002219  00000-0  11412-2 0    12
2 13483  82.9271 183.9305 0007353 296.4387 127.4168 14.14871723102286
1 13483U 81053GD  23241.33620816  .00002092  00000-0  10756-2 0  1106
2 13483  82.9273 183.5837 0007290 294.8362 194.5718 14.14873147102681
1 13483U 81053GD  23241.81791123  .00002183  00000-0  11223-2 0    19
2 13483  82.9275 183.2013 0007230 293.2972 128.2537 14.14875676102413
1 13483U 81053GD  23242.33168189  .00002119  00000-0  10894-2 0    19
2 13483  82.9276 182.7937 0007181 291.5044 225.4342 14.14877688102485
1 13483U 81053GD  23243.08169515  .00002109  00000-0  10840-2 0  1118
2 13483  82.9277 182.1986 0007129 289.2583  85.6847 14.14880742102928
1 13483U 81053GD  23243.32135319  .00002081  00000-0  10694-2 0    14
2 13483  82.9277 182.0085 0007122 288.3193 226.6240 14.14881602102624
1 13483U 81053GD  23244.78181796  .00002301  00000-0  11832-2 0  1128
2 13483  82.9279 180.8500 0007031 282.9172 106.6712 14.14888117103170
1 13483U 81053GD  23244.78181796  .00002301  00000-0  11832-2 0    15
2 13483  82.9279 180.8500 0007031 282.9172 106.6712 14.14888117102832
1 13483U 81053GD  23245.84903911  .00003340  00000-0  17212-2 0    16
2 13483  82.9279 180.0033 0007001 278.9521 143.4637 14.14896590102980
1 13483U 81053GD  23245.84903911  .00003340  00000-0  17212-2 0  1130
2 13483  82.9279 180.0033 0007001 278.9521 143.4637 14.14896590103329
1 13483U 81053GD  23246.21456640  .00002693  00000-0  13863-2 0    18
2 13483  82.9280 179.7133 0007042 277.6023 205.5733 14.14895542103036
1 13483U 81053GD  23247.12177263  .00002340  00000-0  12033-2 0  1142
2 13483  82.9278 178.9937 0006954 274.5190 146.9221 14.14898566103509
1 13483U 81053GD  23247.28109257  .00002261  00000-0  11625-2 0    10
2 13483  82.9278 178.8672 0006963 273.9463 238.5367 14.14899005103182
1 13483U 81053GD  23248.27109532  .00001939  00000-0  99580-3 0  1150
2 13483  82.9277 178.0820 0006980 270.4919 241.7584 14.14902218103666
1 13483U 81053GD  23248.27109532  .00001939  00000-0  99580-3 0    14
2 13483  82.9277 178.0820 0006980 270.4919 241.7584 14.14902218103329
1 13483U 81053GD  23250.31733771  .00002150  00000-0  11046-2 0  1163
2 13483  82.9273 176.4586 0006953 262.8282 226.1914 14.14910945103953
1 13483U 81053GD  23250.31733771  .00002150  00000-0  11046-2 0    16
2 13483  82.9273 176.4586 0006953 262.8282 226.1914 14.14910945103616
1 13483U 81053GD  23250.79269875  .00002028  00000-0  10415-2 0    10
2 13483  82.9273 176.0816 0006927 261.0174 127.9220 14.14912376103685
1 13483U 81053GD  23251.30734865  .00002100  00000-0  10787-2 0    17
2 13483  82.9275 175.6735 0006925 258.8558 230.0130 14.14914343103750
1 13483U 81053GD  23251.78840576  .00002004  00000-0  10289-2 0  1174
2 13483  82.9275 175.2918 0006876 256.9203 160.8704 14.14915772104160
1 13483U 81053GD  23251.85976260  .00002125  00000-0  10914-2 0    13
2 13483  82.9275 175.2352 0006875 256.6636 164.3850 14.14916465103832
1 13483U 81053GD  23252.29730375  .00002002  00000-0  10279-2 0    15
2 13483  82.9276 174.8880 0006869 255.0640 233.3831 14.14917689103896
1 13483U 81053GD  23252.84956094  .00002251  00000-0  11570-2 0  1184
2 13483  82.9276 174.4499 0006843 252.8424 166.9953 14.14920674104317
1 13483U 81053GD  23253.22147310  .00002103  00000-0  10800-2 0    12
2 13483  82.9276 174.1548 0006821 251.3467 261.7955 14.14921540104023
1 13483U 81053GD  23254.27758694  .00002229  00000-0  11450-2 0  1192
2 13483  82.9278 173.3169 0006833 247.6762 241.8731 14.14926954104513
1 13483U 81053GD  23254.56985145  .00002293  00000-0  11785-2 0    19
2 13483  82.9278 173.0850 0006830 246.6001 290.7973 14.14928546104216
1 13483U 81053GD  23255.27404069  .00002395  00000-0  12308-2 0    14
2 13483  82.9281 172.5263 0006754 243.2767 278.9788 14.14931101104313
1 13483U 81053GD  23255.74903838  .00002455  00000-0  12622-2 0  1202
2 13483  82.9281 172.1494 0006746 241.3537 179.0074 14.14933433104724
1 13483U 81053GD  23255.81975098  .00002908  00000-0  14964-2 0    19
2 13483  82.9281 172.0933 0006734 241.1045 179.2417 14.14935446104392
1 13483U 81053GD  23256.18707128  .00003131  00000-0  16117-2 0    18
2 13483  82.9282 171.8019 0006730 239.5993 250.6968 14.14938002104446
1 13483U 81053GD  23256.81141609  .00002882  00000-0  14829-2 0    14
2 13483  82.9282 171.3066 0006697 237.0203 191.6890 14.14940659104531
1 13483U 81053GD  23256.81141609  .00002882  00000-0  14829-2 0  1217
2 13483  82.9282 171.3066 0006697 237.0203 191.6890 14.14940659104878
1 13483U 81053GD  23257.87296990  .00002586  00000-0  13297-2 0  1228
2 13483  82.9283 170.4643 0006641 232.6868 200.1960 14.14945676105023
1 13483U 81053GD  23258.24251429  .00002759  00000-0  14190-2 0    19
2 13483  82.9283 170.1711 0006707 231.7331 282.4366 14.14948279104736
1 13483U 81053GD  23259.23240656  .00002412  00000-0  12395-2 0  1235
2 13483  82.9282 169.3856 0006739 228.1211 285.4279 14.14952185105218
1 13483U 81053GD  23259.23240656  .00002412  00000-0  12395-2 0    10
2 13483  82.9282 169.3856 0006739 228.1211 285.4279 14.14952185104879
1 13483U 81053GD  23259.77880615  .00002259  00000-0  11604-2 0    15
2 13483  82.9280 168.9521 0006744 226.2146 188.9707 14.14954131104958
1 13483U 81053GD  23260.77076764  .00002843  00000-0  14618-2 0  1242
2 13483  82.9278 168.1647 0006768 222.8870 202.2419 14.14960886105436
1 13483U 81053GD  23261.48923905  .00002446  00000-0  12569-2 0    15
2 13483  82.9277 167.5947 0006836 220.3243 262.4488 14.14962336105193
1 13483U 81053GD  23261.83187233  .00002607  00000-0  13401-2 0    15
2 13483  82.9278 167.3228 0006857 219.1239 207.9561 14.14964460105240
1 13483U 81053GD  23261.83187233  .00002607  00000-0  13401-2 0  1252
2 13483  82.9278 167.3228 0006857 219.1239 207.9561 14.14964460105587
1 13483U 81053GD  23262.82151446  .00002883  00000-0  14826-2 0    10
2 13483  82.9276 166.5375 0006909 215.6770 209.5794 14.14971119105381
1 13483U 81053GD  23263.81140503  .00002825  00000-0  14522-2 0  1269
2 13483  82.9273 165.7521 0006952 211.9268 212.7891 14.14976836105869
1 13483U 81053GD  23263.81140503  .00002825  00000-0  14522-2 0    11
2 13483  82.9273 165.7521 0006952 211.9268 212.7891 14.14976836105522
1 13483U 81053GD  23264.24832435  .00002795  00000-0  14366-2 0    13
2 13483  82.9273 165.4055 0006953 210.3710 278.6743 14.14979292105589
1 13483U 81053GD  23264.80108431  .00002501  00000-0  12846-2 0    13
2 13483  82.9272 164.9669 0006998 207.9891 215.1280 14.14981506105666
1 13483U 81053GD  23265.17201183  .00002548  00000-0  13089-2 0  1272
2 13483  82.9274 164.6728 0007001 206.9913 304.5009 14.14983627106053
1 13483U 81053GD  23265.23759431  .00002538  00000-0  13037-2 0    16
2 13483  82.9273 164.6206 0007017 206.9247 278.4450 14.14983929105727
1 13483U 81053GD  23265.79091032  .00002573  00000-0  13215-2 0    10
2 13483  82.9273 164.1815 0007045 204.6060 217.6766 14.14986930105806
1 13483U 81053GD  23266.22845391  .00002506  00000-0  12871-2 0  1287
2 13483  82.9273 163.8343 0007078 203.0812 286.7233 14.14988737106200
1 13483U 81053GD  23267.22481207  .00002436  00000-0  12508-2 0    19
2 13483  82.9274 163.0437 0007151 199.2876 322.9624 14.14993274106002
1 13483U 81053GD  23267.84398435  .00002536  00000-0  13024-2 0  1293
2 13483  82.9274 162.5524 0007185 196.8567 237.5990 14.14996535106437
1 13483U 81053GD  23267.84398435  .00002536  00000-0  13024-2 0    12
2 13483  82.9274 162.5524 0007185 196.8567 237.5990 14.14996535106099
1 13483U 81053GD  23268.21450530  .00003568  00000-0  18354-2 0    16
2 13483  82.9273 162.2585 0007186 195.3098 325.4780 14.15002217106142
1 13483U 81053GD  23268.76108409  .00003062  00000-0  15738-2 0    13
2 13483  82.9272 161.8250 0007214 193.0475 230.3823 14.15003427106226
1 13483U 81053GD  23269.12704941  .00003071  00000-0  15784-2 0  1301
2 13483  82.9273 161.5347 0007234 191.5082 295.0639 14.15005600106611
1 13483U 81053GD  23269.12704941  .00003071  00000-0  15784-2 0    18
2 13483  82.9273 161.5347 0007234 191.5082 295.0639 14.15005600106273
1 13483U 81053GD  23269.75056288  .00003196  00000-0  16430-2 0    18
2 13483  82.9272 161.0397 0007275 188.9845 231.9258 14.15010110106362
1 13483U 81053GD  23270.11657203  .00003211  00000-0  16507-2 0    17
2 13483  82.9272 160.7493 0007265 187.8062 296.4793 14.15012620106417
1 13483U 81053GD  23270.81371818  .00002979  00000-0  15307-2 0  1310
2 13483  82.9272 160.1959 0007319 185.3672 248.1382 14.15016401106855
1 13483U 81053GD  23271.17736380  .00002687  00000-0  13800-2 0    17
2 13483  82.9271 159.9075 0007345 184.1162 300.7377 14.15017700106569
1 13483U 81053GD  23271.80389264  .00002572  00000-0  13203-2 0    12
2 13483  82.9271 159.4104 0007394 182.1015 252.4676 14.15021155106650
1 13483U 81053GD  23272.71931567  .00002540  00000-0  13034-2 0  1324
2 13483  82.9269 158.6839 0007451 179.1658 235.9186 14.15026254107126
1 13483U 81053GD  23273.08638587  .00002492  00000-0  12789-2 0    18
2 13483  82.9268 158.3924 0007480 178.0018 305.8798 14.15028016106838
1 13483U 81053GD  23273.78419022  .00002368  00000-0  12149-2 0  1334
2 13483  82.9268 157.8388 0007527 175.6395 260.8522 14.15031247107273
1 13483U 81053GD  23274.63098029  .00002699  00000-0  13857-2 0    17
2 13483  82.9265 157.1667 0007590 173.1939 254.4282 14.15036888107054
1 13483U 81053GD  23274.69912769  .00002697  00000-0  13842-2 0    11
2 13483  82.9264 157.1126 0007594 172.9935 241.5774 14.15037277107067
1 13483U 81053GD  23275.14261350  .00002741  00000-0  14070-2 0  1346
2 13483  82.9262 156.7604 0007645 171.6038 340.8237 14.15039847107464
1 13483U 81053GD  23275.76247719  .00002855  00000-0  14660-2 0    11
2 13483  82.9261 156.2684 0007696 169.8152 258.4444 14.15043856107210
1 13483U 81053GD  23276.40982817  .00002683  00000-0  13768-2 0  1353
2 13483  82.9260 155.7545 0007746 167.8953 316.1456 14.15046939107649
1 13483U 81053GD  23276.40982817  .00002683  00000-0  13768-2 0    15
2 13483  82.9260 155.7545 0007746 167.8953 316.1456 14.15046939107302
1 13483U 81053GD  23276.75184861  .00002677  00000-0  13740-2 0    19
2 13483  82.9261 155.4829 0007773 166.8519 258.4811 14.15048959107354
1 13483U 81053GD  23277.12241527  .00002763  00000-0  14181-2 0    10
2 13483  82.9260 155.1888 0007795 165.7866 346.1755 14.15051340107408
1 13483U 81053GD  23277.74175546  .00003056  00000-0  15690-2 0  1366
2 13483  82.9259 154.6972 0007852 163.9492 261.2066 14.15056049107833
1 13483U 81053GD  23277.74175546  .00003056  00000-0  15690-2 0    17
2 13483  82.9259 154.6972 0007852 163.9492 261.2066 14.15056049107495
1 13483U 81053GD  23278.39018726  .00003326  00000-0  17086-2 0    16
2 13483  82.9258 154.1824 0007934 161.9575 324.5122 14.15060770107588
1 13483U 81053GD  23278.73110516  .00003316  00000-0  17034-2 0    16
2 13483  82.9258 153.9118 0007968 160.8846 261.2802 14.15062970107639
1 13483U 81053GD  23279.16768458  .00003372  00000-0  17318-2 0  1375
2 13483  82.9258 153.5650 0008003 159.4716 325.4261 14.15065732108033
1 13483U 81053GD  23279.72100089  .00003445  00000-0  17696-2 0    17
2 13483  82.9257 153.1257 0008065 157.6322 264.3435 14.15069617107772
1 13483U 81053GD  23280.08744050  .00003443  00000-0  17683-2 0    14
2 13483  82.9257 152.8349 0008103 156.4994 331.1197 14.15071969107822
1 13483U 81053GD  23280.71090233  .00003248  00000-0  16676-2 0  1386
2 13483  82.9258 152.3400 0008172 154.4506 267.3886 14.15075491108256
1 13483U 81053GD  23280.91304141  .00003243  00000-0  16651-2 0    11
2 13483  82.9258 152.1796 0008195 153.8132 217.1749 14.15076702107947
1 13483U 81053GD  23281.62976049  .00003282  00000-0  16849-2 0    14
2 13483  82.9259 151.6107 0008303 151.2443 268.7786 14.15081640108048
1 13483U 81053GD  23281.70017667  .00003275  00000-0  16813-2 0    18
2 13483  82.9260 151.5549 0008329 150.8963 267.6373 14.15082026108059
1 13483U 81053GD  23282.13777435  .00003361  00000-0  17254-2 0  1390
2 13483  82.9260 151.2075 0008388 149.4404 337.0423 14.15085027108455
1 13483U 81053GD  23282.61986949  .00003260  00000-0  16733-2 0    12
2 13483  82.9260 150.8248 0008445 147.8792 273.1084 14.15087962108181
1 13483U 81053GD  23282.69049845  .00003260  00000-0  16736-2 0    18
2 13483  82.9259 150.7686 0008427 147.8308 272.7527 14.15088449108196
1 13483U 81053GD  23283.60972328  .00003586  00000-0  18412-2 0    15
2 13483  82.9257 150.0390 0008514 145.1312 275.5492 14.15095848108320
1 13483U 81053GD  23283.68259361  .00003638  00000-0  18680-2 0  1407
2 13483  82.9259 149.9811 0008543 144.7925 286.8978 14.15096498108678
1 13483U 81053GD  23283.68259361  .00003638  00000-0  18680-2 0    13
2 13483  82.9259 149.9811 0008543 144.7925 286.8978 14.15096498108331
1 13483U 81053GD  23284.59996681  .00003482  00000-0  17873-2 0    17
2 13483  82.9258 149.2530 0008635 142.0616 280.3203 14.15102640108462
1 13483U 81053GD  23284.74371226  .00003489  00000-0  17907-2 0  1416
2 13483  82.9257 149.1388 0008648 141.6264 292.6195 14.15103634108829
1 13483U 81053GD  23285.59023490  .00003372  00000-0  17305-2 0    15
2 13483  82.9255 148.4668 0008740 139.2613 284.9702 14.15109109108601
1 13483U 81053GD  23285.65908819  .00003368  00000-0  17284-2 0    10
2 13483  82.9255 148.4121 0008743 139.0251 275.7668 14.15109563108618
1 13483U 81053GD  23286.09647774  .00003458  00000-0  17744-2 0  1426
2 13483  82.9253 148.0648 0008742 137.9001 343.8242 14.15112681109010
1 13483U 81053GD  23286.58038137  .00003616  00000-0  18558-2 0    11
2 13483  82.9252 147.6807 0008793 136.4866 288.9988 14.15116232108741
1 13483U 81053GD  23286.93346389  .00003995  00000-0  20511-2 0    13
2 13483  82.9250 147.4004 0008802 135.3726 287.8127 14.15119660108796
1 13483U 81053GD  23287.57024250  .00003513  00000-0  18028-2 0    10
2 13483  82.9248 146.8949 0008816 133.6618 291.6508 14.15123009108888
1 13483U 81053GD  23287.63879051  .00003494  00000-0  17930-2 0  1430
2 13483  82.9248 146.8405 0008820 133.4491 280.8730 14.15123470109236
1 13483U 81053GD  23287.63879051  .00003494  00000-0  17930-2 0    13
2 13483  82.9248 146.8405 0008820 133.4491 280.8730 14.15123470108897
1 13483U 81053GD  23288.63262477  .00003085  00000-0  15820-2 0    14
2 13483  82.9247 146.0515 0008876 130.7630 303.6377 14.15128780109033
1 13483U 81053GD  23288.70214519  .00003095  00000-0  15871-2 0  1441
2 13483  82.9247 145.9962 0008878 130.5912 297.7718 14.15129278109383
1 13483U 81053GD  23288.70214519  .00003095  00000-0  15871-2 0    13
2 13483  82.9247 145.9962 0008878 130.5912 297.7718 14.15129278109046
1 13483U 81053GD  23289.61866108  .00002805  00000-0  14372-2 0    14
2 13483  82.9244 145.2684 0008916 128.2143 286.5810 14.15133961109177
1 13483U 81053GD  23289.69164284  .00002812  00000-0  14408-2 0    16
2 13483  82.9244 145.2104 0008923 128.0172 298.3651 14.15134434109183
1 13483U 81053GD  23290.06238226  .00002820  00000-0  14449-2 0  1450
2 13483  82.9243 144.9160 0008916 127.0618  26.9420 14.15136571109572
1 13483U 81053GD  23290.06238226  .00002820  00000-0  14449-2 0    11
2 13483  82.9243 144.9160 0008916 127.0618  26.9420 14.15136571109235
1 13483U 81053GD  23291.11707167  .00002727  00000-0  13969-2 0  1465
2 13483  82.9242 144.0786 0008993 124.2434 359.7281 14.15141670109721
1 13483U 81053GD  23291.11707167  .00002727  00000-0  13969-2 0    15
2 13483  82.9242 144.0786 0008993 124.2434 359.7281 14.15141670109383
1 13483U 81053GD  23292.10729633  .00003042  00000-0  15593-2 0    13
2 13483  82.9243 143.2924 0009073 121.6443   4.0889 14.15147396109521
1 13483U 81053GD  23293.09789080  .00003267  00000-0  16747-2 0  1476
2 13483  82.9243 142.5055 0009152 119.1427  10.2578 14.15153417110000
1 13483U 81053GD  23293.57139182  .00002924  00000-0  14980-2 0    16
2 13483  82.9244 142.1295 0009194 117.8864 262.3763 14.15154879109736
1 13483U 81053GD  23294.56136549  .00002741  00000-0  14036-2 0    19
2 13483  82.9246 141.3432 0009347 114.9086 265.8906 14.15160099109879
1 13483U 81053GD  23294.56136549  .00002741  00000-0  14036-2 0  1481
2 13483  82.9246 141.3432 0009347 114.9086 265.8906 14.15160099110219
1 13483U 81053GD  23295.63063735  .00002559  00000-0  13097-2 0    17
2 13483  82.9246 140.4940 0009465 111.9497 313.1646 14.15166085110025
1 13483U 81053GD  23295.63063735  .00002559  00000-0  13097-2 0  1490
2 13483  82.9246 140.4940 0009465 111.9497 313.1646 14.15166085110362
1 13483U 81053GD  23296.77308142  .00002485  00000-0  12715-2 0  1506
2 13483  82.9243 139.5871 0009527 108.2766  13.7394 14.15172296110520
1 13483U 81053GD  23296.77308142  .00002485  00000-0  12715-2 0    11
2 13483  82.9243 139.5871 0009527 108.2766  13.7394 14.15172296110182
1 13483U 81053GD  23297.53944262  .00002345  00000-0  11995-2 0    19
2 13483  82.9240 138.9786 0009575 106.3213 317.7353 14.15175996110290
1 13483U 81053GD  23298.59815765  .00002214  00000-0  11315-2 0  1518
2 13483  82.9237 138.1376 0009624 103.7562 310.9195 14.15180799110786
1 13483U 81053GD  23298.96402279  .00002353  00000-0  12031-2 0    15
2 13483  82.9236 137.8470 0009636 102.8305  14.7114 14.15182933110494
1 13483U 81053GD  23299.58795628  .00002421  00000-0  12383-2 0    13
2 13483  82.9233 137.3512 0009639 100.9814 313.4318 14.15186179110581
1 13483U 81053GD  23299.81444644  .00002627  00000-0  13441-2 0  1529
2 13483  82.9233 137.1713 0009642 100.4279  27.2048 14.15188013110956
1 13483U 81053GD  23300.50963755  .00002796  00000-0  14309-2 0    11
2 13483  82.9231 136.6191 0009628  98.6458 328.6942 14.15192327110717
1 13483U 81053GD  23300.94390448  .00002907  00000-0  14884-2 0    14
2 13483  82.9231 136.2742 0009647  97.5526  20.9515 14.15195093110777
1 13483U 81053GD  23301.02144722  .00002909  00000-0  14893-2 0  1536
2 13483  82.9230 136.2126 0009647  97.4450  55.8853 14.15195570111129
1 13483U 81053GD  23301.56758896  .00003092  00000-0  15832-2 0    18
2 13483  82.9229 135.7789 0009635  96.0325 318.1024 14.15199258110861
1 13483U 81053GD  23302.07627142  .00003293  00000-0  16867-2 0  1545
2 13483  82.9228 135.3749 0009629  94.6830  29.5330 14.15203157111273
1 13483U 81053GD  23302.63114865  .00003465  00000-0  17747-2 0    10
2 13483  82.9227 134.9341 0009629  93.3989 336.1154 14.15207174111012
1 13483U 81053GD  23303.54270983  .00003226  00000-0  16517-2 0  1554
2 13483  82.9225 134.2103 0009603  90.9819 299.9931 14.15212333111489
1 13483U 81053GD  23303.91409823  .00003376  00000-0  17288-2 0    14
2 13483  82.9225 133.9153 0009591  90.0968  31.9102 14.15215315111197
1 13483U 81053GD  23304.61010308  .00003075  00000-0  15738-2 0    12
2 13483  82.9226 133.3626 0009556  88.1340 337.7891 14.15218912111299
1 13483U 81053GD  23304.61010308  .00003075  00000-0  15738-2 0  1563
2 13483  82.9226 133.3626 0009556  88.1340 337.7891 14.15218912111637
1 13483U 81053GD  23305.59928833  .00002809  00000-0  14368-2 0    13
2 13483  82.9228 132.5771 0009527  85.6851 336.9893 14.15224452111435
1 13483U 81053GD  23305.96322987  .00002878  00000-0  14725-2 0    15
2 13483  82.9228 132.2879 0009537  84.6923  31.1119 14.15226940111485
1 13483U 81053GD  23305.96322987  .00002878  00000-0  14725-2 0  1577
2 13483  82.9228 132.2879 0009537  84.6923  31.1119 14.15226940111823
1 13483U 81053GD  23306.51856253  .00003063  00000-0  15673-2 0    15
2 13483  82.9230 131.8469 0009539  83.1226 340.3499 14.15231204111564
1 13483U 81053GD  23307.02496788  .00003057  00000-0  15644-2 0  1589
2 13483  82.9232 131.4448 0009565  81.6925  40.3230 14.15234364111972
1 13483U 81053GD  23307.50740764  .00003463  00000-0  17731-2 0    15
2 13483  82.9231 131.0616 0009590  80.5088 338.0284 14.15238817111704
1 13483U 81053GD  23307.78124427  .00003539  00000-0  18117-2 0    10
2 13483  82.9233 130.8440 0009578  80.0343 292.8463 14.15240602111748
1 13483U 81053GD  23308.48967726  .00003754  00000-0  19225-2 0  1599
2 13483  82.9233 130.2810 0009620  78.2103 301.9354 14.15246212112176
1 13483U 81053GD  23308.77115297  .00003828  00000-0  19604-2 0    18
2 13483  82.9233 130.0575 0009625  77.5464 295.8474 14.15248302111882
1 13483U 81053GD  23309.48130282  .00005018  00000-0  25714-2 0    10
2 13483  82.9234 129.4935 0009643  75.7440 313.6821 14.15257196111986
1 13483U 81053GD  23309.71177385  .00004661  00000-0  23878-2 0  1609
2 13483  82.9231 129.3106 0009661  74.9884  47.9844 14.15258504112353
1 13483U 81053GD  23309.71177385  .00004661  00000-0  23878-2 0    13
2 13483  82.9231 129.3106 0009661  74.9884  47.9844 14.15258504112016
1 13483U 81053GD  23310.47750833  .00007497  00000-0  38436-2 0  1616
2 13483  82.9234 128.7027 0009654  72.8402 349.2501 14.15275975112467
1 13483U 81053GD  23310.54920156  .00007785  00000-0  39913-2 0    15
2 13483  82.9232 128.6461 0009670  72.4970 354.6515 14.15276573112134
1 13483U 81053GD  23310.83155187  .00007677  00000-0  39352-2 0    18
2 13483  82.9237 128.4219 0009670  71.6049 353.2776 14.15280772112170
1 13483U 81053GD  23311.53966330  .00005393  00000-0  27625-2 0    19
2 13483  82.9235 127.8591 0009658  69.6825   0.9283 14.15286286112275
1 13483U 81053GD  23311.74091822  .00005182  00000-0  26543-2 0  1629
2 13483  82.9235 127.6993 0009655  69.2764 306.1364 14.15288554112635
1 13483U 81053GD  23312.52926774  .00004570  00000-0  23397-2 0    15
2 13483  82.9231 127.0726 0009610  67.5867   2.1612 14.15296536112419
1 13483U 81053GD  23312.75270564  .00004520  00000-0  23138-2 0  1636
2 13483  82.9230 126.8951 0009596  66.9613  60.5519 14.15298451112782
1 13483U 81053GD  23312.75270564  .00004520  00000-0  23138-2 0    17
2 13483  82.9230 126.8951 0009596  66.9613  60.5519 14.15298451112445
1 13483U 81053GD  23313.51818799  .00004236  00000-0  21676-2 0    19
2 13483  82.9227 126.2869 0009568  64.8876   0.5384 14.15304459112552
1 13483U 81053GD  23314.50782497  .00003792  00000-0  19396-2 0  1646
2 13483  82.9224 125.5004 0009518  62.0365   2.7414 14.15310979113036
1 13483U 81053GD  23314.50782497  .00003792  00000-0  19396-2 0    16
2 13483  82.9224 125.5004 0009518  62.0365   2.7414 14.15310979112697
1 13483U 81053GD  23315.49556295  .00003534  00000-0  18066-2 0    17
2 13483  82.9225 124.7155 0009410  59.2262 355.2570 14.15317217112838
1 13483U 81053GD  23316.00466321  .00002947  00000-0  15054-2 0  1657
2 13483  82.9226 124.3111 0009375  57.8157  69.0897 14.15319334113244
1 13483U 81053GD  23316.48520455  .00003057  00000-0  15619-2 0    17
2 13483  82.9226 123.9292 0009337  56.6102 357.2941 14.15322456112974
1 13483U 81053GD  23317.47590214  .00003397  00000-0  17362-2 0  1663
2 13483  82.9230 123.1422 0009265  53.6853   5.0410 14.15329638113458
1 13483U 81053GD  23317.54862144  .00003099  00000-0  15832-2 0    12
2 13483  82.9230 123.0844 0009265  53.6936  15.3336 14.15329325113125
1 13483U 81053GD  23317.91875455  .00003159  00000-0  16138-2 0    19
2 13483  82.9230 122.7903 0009257  52.7422 101.0790 14.15331642113175
1 13483U 81053GD  23318.53827417  .00002962  00000-0  15127-2 0    11
2 13483  82.9232 122.2983 0009232  51.2151  17.3336 14.15334877113264
1 13483U 81053GD  23318.53827417  .00002962  00000-0  15127-2 0  1674
2 13483  82.9232 122.2983 0009232  51.2151  17.3336 14.15334877113602
1 13483U 81053GD  23318.90841646  .00003027  00000-0  15458-2 0    12
2 13483  82.9233 122.0042 0009197  50.3607 103.0379 14.15337390113314
1 13483U 81053GD  23319.52847228  .00002940  00000-0  15009-2 0    18
2 13483  82.9232 121.5114 0009185  47.9116  22.9562 14.15340619113402
1 13483U 81053GD  23321.50623447  .00002459  00000-0  12539-2 0  1688
2 13483  82.9237 119.9407 0009088  43.6413  18.5043 14.15349731114026
1 13483U 81053GD  23321.50623447  .00002459  00000-0  12539-2 0    14
2 13483  82.9237 119.9407 0009088  43.6413  18.5043 14.15349731113687
1 13483U 81053GD  23322.49579007  .00002350  00000-0  11978-2 0    11
2 13483  82.9240 119.1545 0009056  41.5434  19.6978 14.15353878113823
1 13483U 81053GD  23323.48572153  .00002386  00000-0  12165-2 0  1699
2 13483  82.9238 118.3679 0009035  38.8299  23.4366 14.15358384114309
1 13483U 81053GD  23323.48572153  .00002386  00000-0  12165-2 0    14
2 13483  82.9238 118.3679 0009035  38.8299  23.4366 14.15358384113960
1 13483U 81053GD  23323.92277264  .00002107  00000-0  10729-2 0    13
2 13483  82.9236 118.0204 0008994  36.5631  91.3003 14.15359341114021
1 13483U 81053GD  23324.54830456  .00002447  00000-0  12477-2 0    19
2 13483  82.9234 117.5231 0008973  34.6237  38.6475 14.15363268114111
1 13483U 81053GD  23324.54830456  .00002447  00000-0  12477-2 0  1706
2 13483  82.9234 117.5231 0008973  34.6237  38.6475 14.15363268114458
1 13483U 81053GD  23324.91161522  .00002420  00000-0  12339-2 0    19
2 13483  82.9234 117.2345 0008946  33.5379  89.8309 14.15364941114167
1 13483U 81053GD  23325.53788420  .00003047  00000-0  15555-2 0    19
2 13483  82.9234 116.7369 0008918  31.6016  40.9421 14.15370152114257
1 13483U 81053GD  23325.90736434  .00003480  00000-0  17773-2 0    13
2 13483  82.9234 116.4436 0008922  30.2828 123.7842 14.15373552114300
1 13483U 81053GD  23325.90736434  .00003480  00000-0  17773-2 0  1711
2 13483  82.9234 116.4436 0008922  30.2828 123.7842 14.15373552114647
1 13483U 81053GD  23326.52777729  .00004021  00000-0  20546-2 0    18
2 13483  82.9233 115.9506 0008895  28.5012  44.9389 14.15379393114393
1 13483U 81053GD  23326.89266156  .00004140  00000-0  21154-2 0    13
2 13483  82.9231 115.6602 0008837  26.5953 104.9716 14.15381863114445
1 13483U 81053GD  23327.51752569  .00004213  00000-0  21530-2 0  1729
2 13483  82.9230 115.1637 0008782  24.4145  49.2087 14.15386477114871
1 13483U 81053GD  23327.51752569  .00004213  00000-0  21530-2 0    10
2 13483  82.9230 115.1637 0008782  24.4145  49.2087 14.15386477114534
1 13483U 81053GD  23328.50681748  .00004004  00000-0  20454-2 0    12
2 13483  82.9229 114.3776 0008714  20.4604  51.0532 14.15394232114677
1 13483U 81053GD  23329.15310248  .00004226  00000-0  21591-2 0  1737
2 13483  82.9232 113.8642 0008652  19.3847 103.3043 14.15400440115100
1 13483U 81053GD  23329.42236358  .00004774  00000-0  24397-2 0    11
2 13483  82.9232 113.6503 0008632  18.4535  35.4385 14.15404178114808
1 13483U 81053GD  23329.86079171  .00007949  00000-0  40649-2 0    12
2 13483  82.9233 113.3019 0008610  16.9562 109.6332 14.15416996114860
1 13483U 81053GD  23329.86079171  .00007949  00000-0  40649-2 0  1743
2 13483  82.9233 113.3019 0008610  16.9562 109.6332 14.15416996115209
1 13483U 81053GD  23330.48573623  .00005163  00000-0  26382-2 0  1759
2 13483  82.9234 112.8055 0008517  15.0764  54.0378 14.15416090115291
1 13483U 81053GD  23330.48573623  .00005163  00000-0  26382-2 0    17
2 13483  82.9234 112.8055 0008517  15.0764  54.0378 14.15416090114953
1 13483U 81053GD  23330.84993243  .00004687  00000-0  23942-2 0    10
2 13483  82.9234 112.5161 0008482  14.0330 109.7589 14.15419201115003
1 13483U 81053GD  23331.47490833  .00004121  00000-0  21041-2 0    18
2 13483  82.9238 112.0197 0008418  12.2658  54.2436 14.15424517115093
1 13483U 81053GD  23331.91134135  .00004490  00000-0  22929-2 0    12
2 13483  82.9237 111.6729 0008496  10.4590 118.6147 14.15430925115150
1 13483U 81053GD  23331.91134135  .00004490  00000-0  22929-2 0  1765
2 13483  82.9237 111.6729 0008496  10.4590 118.6147 14.15430925115497
1 13483U 81053GD  23332.46498512  .00004534  00000-0  23151-2 0    12
2 13483  82.9239 111.2331 0008451   8.9145  59.6343 14.15436404115235
1 13483U 81053GD  23332.83004369  .00004652  00000-0  23753-2 0    15
2 13483  82.9240 110.9434 0008447   7.2745 120.3681 14.15439869115284
1 13483U 81053GD  23333.45335760  .00004792  00000-0  24467-2 0  1778
2 13483  82.9240 110.4481 0008445   5.3199  56.6180 14.15445991115717
1 13483U 81053GD  23333.45335760  .00004792  00000-0  24467-2 0    14
2 13483  82.9240 110.4481 0008445   5.3199  56.6180 14.15445991115379
1 13483U 81053GD  23334.88024336  .00004750  00000-0  24250-2 0  1785
2 13483  82.9243 109.3141 0008410   1.2036 127.3592 14.15459600115914
1 13483U 81053GD  23335.86919959  .00005901  00000-0  30136-2 0    12
2 13483  82.9243 108.5283 0008344 358.7163 126.2954 14.15471774115713
1 13483U 81053GD  23336.42233200  .00011541  00000-0  58946-2 0  1795
2 13483  82.9242 108.0887 0008290 357.6076  64.3760 14.15492119116138
1 13483U 81053GD  23336.57549126  .00005084  00000-0  25950-2 0    16
2 13483  82.9243 107.9668 0008271 356.6870 125.2771 14.15478235115810
1 13483U 81053GD  23336.85943995  .00004878  00000-0  24894-2 0  1803
2 13483  82.9242 107.7412 0008245 355.8998 132.1431 14.15481167116197
1 13483U 81053GD  23336.85943995  .00004878  00000-0  24894-2 0    15
2 13483  82.9242 107.7412 0008245 355.8998 132.1431 14.15481167115859
1 13483U 81053GD  23337.41066056  .00004507  00000-0  22994-2 0    10
2 13483  82.9239 107.3027 0008225 353.9862  61.2939 14.15486816115930
1 13483U 81053GD  23338.47407149  .00003408  00000-0  17365-2 0  1813
2 13483  82.9239 106.4575 0008161 350.4243  80.5778 14.15493801116424
1 13483U 81053GD  23338.47407149  .00003408  00000-0  17365-2 0    14
2 13483  82.9239 106.4575 0008161 350.4243  80.5778 14.15493801116086
1 13483U 81053GD  23339.38979978  .00003110  00000-0  15839-2 0    13
2 13483  82.9237 105.7297 0008121 347.3873  67.2424 14.15499761116213
1 13483U 81053GD  23339.83541892  .00003124  00000-0  15908-2 0  1825
2 13483  82.9237 105.3756 0008131 345.5059 178.5819 14.15502566116612
1 13483U 81053GD  23339.83541892  .00003124  00000-0  15908-2 0    15
2 13483  82.9237 105.3756 0008131 345.5059 178.5819 14.15502566116274
1 13483U 81053GD  23340.38065900  .00002848  00000-0  14497-2 0    12
2 13483  82.9237 104.9423 0008114 343.5661  77.3370 14.15505289116350
1 13483U 81053GD  23341.44224146  .00002238  00000-0  11371-2 0  1831
2 13483  82.9237 104.0988 0008099 339.6431  87.7339 14.15509770116843
1 13483U 81053GD  23341.44224146  .00002238  00000-0  11371-2 0    10
2 13483  82.9237 104.0988 0008099 339.6431  87.7339 14.15509770116506
1 13483U 81053GD  23342.43159317  .00002061  00000-0  10467-2 0    16
2 13483  82.9239 103.3126 0008113 336.0725  89.9338 14.15513701116645
1 13483U 81053GD  23343.42211601  .00001968  00000-0  99872-3 0  1846
2 13483  82.9241 102.5256 0008098 332.4358  98.1795 14.15517930117128
1 13483U 81053GD  23343.42211601  .00001968  00000-0  99872-3 0    14
2 13483  82.9241 102.5256 0008098 332.4358  98.1795 14.15517930116789
1 13483U 81053GD  23344.06902955  .00001842  00000-0  93457-3 0    18
2 13483  82.9241 102.0114 0008028 330.5032 154.7711 14.15520354116879
1 13483U 81053GD  23344.84722694  .00001978  00000-0  10042-2 0  1855
2 13483  82.9243 101.3932 0008003 327.7900 160.7618 14.15523787117323
1 13483U 81053GD  23345.39963037  .00001959  00000-0  99444-3 0    14
2 13483  82.9244 100.9542 0007989 325.6884  96.2032 14.15526033117067
1 13483U 81053GD  23345.76533664  .00002058  00000-0  10446-2 0    19
2 13483  82.9244 100.6634 0007964 324.4887 159.9126 14.15527691117117
1 13483U 81053GD  23346.38910803  .00002041  00000-0  10359-2 0  1861
2 13483  82.9245 100.1680 0007943 322.4535  98.7653 14.15530124117546
1 13483U 81053GD  23346.38910803  .00002041  00000-0  10359-2 0    17
2 13483  82.9245 100.1680 0007943 322.4535  98.7653 14.15530124117209
1 13483U 81053GD  23346.82613660  .00002193  00000-0  11140-2 0    14
2 13483  82.9247  99.8207 0007924 320.9697 166.0043 14.15532344117265
1 13483U 81053GD  23347.37825100  .00002087  00000-0  10593-2 0    12
2 13483  82.9247  99.3821 0007881 319.0360  99.8211 14.15534274117343
1 13483U 81053GD  23347.81566137  .00002278  00000-0  11573-2 0  1879
2 13483  82.9247  99.0344 0007879 317.6374 168.9268 14.15536751117742
1 13483U 81053GD  23347.81566137  .00002278  00000-0  11573-2 0    14
2 13483  82.9247  99.0344 0007879 317.6374 168.9268 14.15536751117405
1 13483U 81053GD  23348.36809760  .00002576  00000-0  13098-2 0    12
2 13483  82.9247  98.5955 0007857 315.8723 104.2256 14.15540323117489
1 13483U 81053GD  23348.80470554  .00002465  00000-0  12529-2 0    11
2 13483  82.9246  98.2484 0007845 314.3639 169.3603 14.15541837117545
1 13483U 81053GD  23349.43129517  .00002467  00000-0  12538-2 0  1889
2 13483  82.9246  97.7505 0007813 312.2967 122.6325 14.15545022117979
1 13483U 81053GD  23349.51123258  .00002577  00000-0  13098-2 0    12
2 13483  82.9246  97.6869 0007852 312.0653 169.9834 14.15545739117642
1 13483U 81053GD  23349.72373587  .00002579  00000-0  13112-2 0    16
2 13483  82.9246  97.5180 0007848 311.3310 172.9932 14.15546821117673
1 13483U 81053GD  23350.34622420  .00002905  00000-0  14777-2 0    10
2 13483  82.9245  97.0233 0007871 309.4080 105.2476 14.15551538117767
1 13483U 81053GD  23350.78361347  .00003004  00000-0  15282-2 0  1896
2 13483  82.9245  96.6757 0007873 307.8449 174.4366 14.15554289118163
1 13483U 81053GD  23350.78361347  .00003004  00000-0  15282-2 0    19
2 13483  82.9245  96.6757 0007873 307.8449 174.4366 14.15554289117825
1 13483U 81053GD  23351.41003378  .00002957  00000-0  15038-2 0    12
2 13483  82.9244  96.1777 0007875 305.7337 126.9179 14.15557909117912
1 13483U 81053GD  23351.77279874  .00003215  00000-0  16359-2 0    12
2 13483  82.9244  95.8894 0007856 304.5238 175.7024 14.15561102117960
1 13483U 81053GD  23352.32533316  .00003381  00000-0  17207-2 0  1904
2 13483  82.9243  95.4502 0007886 302.6507 111.6591 14.15565408118380
1 13483U 81053GD  23352.32533316  .00003381  00000-0  17207-2 0    15
2 13483  82.9243  95.4502 0007886 302.6507 111.6591 14.15565408118043
1 13483U 81053GD  23352.83443071  .00003551  00000-0  18071-2 0    18
2 13483  82.9244  95.0458 0007864 300.7567 186.4198 14.15569714118116
1 13483U 81053GD  23353.38864072  .00003930  00000-0  20010-2 0  1914
2 13483  82.9244  94.6053 0007856 298.6718 131.1381 14.15574869118530
1 13483U 81053GD  23353.38864072  .00003930  00000-0  20010-2 0    14
2 13483  82.9244  94.6053 0007856 298.6718 131.1381 14.15574869118192
1 13483U 81053GD  23354.30442215  .00003880  00000-0  19748-2 0    18
2 13483  82.9244  93.8776 0007937 295.5177 118.4551 14.15581989118323
1 13483U 81053GD  23354.74202330  .00003703  00000-0  18842-2 0  1927
2 13483  82.9244  93.5299 0007976 293.7521 188.9736 14.15584871118720
1 13483U 81053GD  23354.74202330  .00003703  00000-0  18842-2 0    16
2 13483  82.9244  93.5299 0007976 293.7521 188.9736 14.15584871118382
1 13483U 81053GD  23355.36696035  .00003959  00000-0  20152-2 0    14
2 13483  82.9245  93.0333 0008011 291.5452 134.0698 14.15590751118470
1 13483U 81053GD  23355.73104806  .00003729  00000-0  18974-2 0    19
2 13483  82.9246  92.7440 0008032 290.2953 189.6709 14.15592985118527
1 13483U 81053GD  23356.35694319  .00003926  00000-0  19977-2 0  1936
2 13483  82.9247  92.2466 0008079 288.1865 139.5666 14.15598741118959
1 13483U 81053GD  23356.35694319  .00003926  00000-0  19977-2 0    14
2 13483  82.9247  92.2466 0008079 288.1865 139.5666 14.15598741118612
1 13483U 81053GD  23356.79285806  .00004401  00000-0  22401-2 0    14
2 13483  82.9248  91.9002 0008091 286.6909 201.2560 14.15603634118675
1 13483U 81053GD  23357.34555073  .00003968  00000-0  20189-2 0    10
2 13483  82.9248  91.4610 0008107 284.8580 138.0594 14.15607213118758
1 13483U 81053GD  23357.78131458  .00004436  00000-0  22579-2 0  1944
2 13483  82.9248  91.1147 0008111 283.5082 198.8471 14.15612069119156
1 13483U 81053GD  23357.78131458  .00004436  00000-0  22579-2 0    11
2 13483  82.9248  91.1147 0008111 283.5082 198.8471 14.15612069118818
1 13483U 81053GD  23358.33471484  .00004252  00000-0  21638-2 0    10
2 13483  82.9249  90.6749 0008118 281.6843 139.2630 14.15616325118895
1 13483U 81053GD  23358.69990597  .00004350  00000-0  22133-2 0    10
2 13483  82.9250  90.3847 0008129 280.4136 200.5402 14.15619666118943
1 13483U 81053GD  23358.96897288  .00004269  00000-0  21720-2 0  1957
2 13483  82.9250  90.1709 0008120 279.5443 131.8333 14.15621599119329
1 13483U 81053GD  23359.32417993  .00004101  00000-0  20861-2 0    15
2 13483  82.9251  89.8887 0008109 278.3674 142.1711 14.15624234119034
1 13483U 81053GD  23359.76090494  .00004187  00000-0  21298-2 0    15
2 13483  82.9251  89.5416 0008128 276.9203 207.9770 14.15628115119095
1 13483U 81053GD  23360.31336459  .00003955  00000-0  20115-2 0  1966
2 13483  82.9251  89.1025 0008108 275.0644 143.6657 14.15632066119511
1 13483U 81053GD  23360.31336459  .00003955  00000-0  20115-2 0    11
2 13483  82.9251  89.1025 0008108 275.0644 143.6657 14.15632066119173
1 13483U 81053GD  23360.75057221  .00004064  00000-0  20670-2 0    14
2 13483  82.9252  88.7551 0008103 273.5818 211.9779 14.15635981119234
1 13483U 81053GD  23361.30333571  .00003888  00000-0  19771-2 0    14
2 13483  82.9252  88.3158 0008085 271.6959 149.2599 14.15639937119314
1 13483U 81053GD  23361.73924803  .00003983  00000-0  20252-2 0  1973
2 13483  82.9251  87.9692 0008069 270.2868 210.9119 14.15643497119711
1 13483U 81053GD  23361.73924803  .00003983  00000-0  20252-2 0    17
2 13483  82.9251  87.9692 0008069 270.2868 210.9119 14.15643497119373
1 13483U 81053GD  23362.36601927  .00003549  00000-0  18034-2 0    19
2 13483  82.9250  87.4710 0008076 268.1430 165.4139 14.15647258119462
1 13483U 81053GD  23362.65892918  .00003516  00000-0  17866-2 0    19
2 13483  82.9250  87.2384 0008100 267.2541 218.1951 14.15649256119501
1 13483U 81053GD  23363.21173378  .00003298  00000-0  16755-2 0  1984
2 13483  82.9249  86.7990 0008110 265.5902 155.4919 14.15652772119929
1 13483U 81053GD  23363.21173378  .00003298  00000-0  16755-2 0    17
2 13483  82.9249  86.7990 0008110 265.5902 155.4919 14.15652772119581
1 13483U 81053GD  23363.71850664  .00003170  00000-0  16099-2 0    12
2 13483  82.9248  86.3962 0008124 263.8769 218.3884 14.15655966119658
1 13483U 81053GD  23364.34457170  .00003013  00000-0  15295-2 0  1998
2 13483  82.9247  85.8986 0008160 261.7059 169.3493 14.15659662120083
1 13483U 81053GD  23364.63728427  .00002923  00000-0  14835-2 0    16
2 13483  82.9246  85.6659 0008186 260.8376 221.1171 14.15661132119787
1 13483U 81053GD  23364.77962806  .00002922  00000-0  14832-2 0    18
2 13483  82.9246  85.5526 0008207 260.4654 226.5028 14.15662033119802
1 13483U 81053GD  23365.76862866  .00002829  00000-0  14355-2 0  2000
2 13483  82.9243  84.7663 0008300 257.5846 226.7668 14.15667399120282
1 13483U 81053GD  23365.76862866  .00002829  00000-0  14355-2 0    19\
2 13483  82.9243  84.7663 0008300 257.5846 226.7668 14.15667399119943
1 13483U 81053GD  24001.61598969  .00002640  00000-0  13391-2 0    11\
2 13483  82.9242  84.0927 0008372 254.9241 225.3977 14.15671534120066
1 13483U 81053GD  24002.17122295  .00002741  00000-0  13902-2 0  2010\
2 13483  82.9242  83.6513 0008422 253.2675 175.1024 14.15675033120480
1 13483U 81053GD  24001.68691414  .00002648  00000-0  13431-2 0    10\
2 13483  82.9243  84.0362 0008378 254.6651 226.9062 14.15672005120075
1 13483U 81053GD  24002.31236693  .00002899  00000-0  14708-2 0    11\
2 13483  82.9241  83.5390 0008435 252.8167 174.4630 14.15676334120161
1 13483U 81053GD  24003.30217186  .00002463  00000-0  12484-2 0  2026\
2 13483  82.9241  82.7522 0008521 249.6166 179.1901 14.15680133120646
1 13483U 81053GD  24003.59527970  .00002449  00000-0  12413-2 0    15\
2 13483  82.9241  82.5191 0008551 248.6874 233.0542 14.15681539120343
1 13483U 81053GD  24003.73781175  .00002417  00000-0  12250-2 0    14\
2 13483  82.9241  82.4058 0008562 248.3412 239.3830 14.15682188120363
1 13483U 81053GD  24004.21798699  .00002461  00000-0  12473-2 0    13\
2 13483  82.9242  82.0242 0008585 246.4535 167.0330 14.15684841120433
1 13483U 81053GD  24004.72649039  .00002329  00000-0  11801-2 0  2033\
2 13483  82.9242  81.6200 0008621 244.7923 238.7482 14.15686937120842
1 13483U 81053GD  24004.72649039  .00002329  00000-0  11801-2 0    19\
2 13483  82.9242  81.6200 0008621 244.7923 238.7482 14.15686937120505
1 13483U 81053GD  24005.28026594  .00002433  00000-0  12329-2 0    18\
2 13483  82.9243  81.1798 0008665 243.0676 181.1267 14.15690141120580
1 13483U 81053GD  24005.71623876  .00002317  00000-0  11739-2 0    17\
2 13483  82.9244  80.8334 0008688 241.6991 243.1230 14.15691812120644
1 13483U 81053GD  24006.19764997  .00002404  00000-0  12180-2 0  2043\
2 13483  82.9244  80.4507 0008705 240.1174 176.7796 14.15694596121055
1 13483U 81053GD  24006.26923469  .00002403  00000-0  12177-2 0    12\
2 13483  82.9244  80.3938 0008705 239.8210 181.6932 14.15694861120723
1 13483U 81053GD  24006.70583977  .00002443  00000-0  12376-2 0    12\
2 13483  82.9244  80.0467 0008738 238.5573 246.8133 14.15697016120789
1 13483U 81053GD  24007.25832885  .00002453  00000-0  12427-2 0  2052\
2 13483  82.9244  79.6076 0008751 236.6947 182.7955 14.15699781121207
1 13483U 81053GD  24007.62420275  .00002613  00000-0  13245-2 0    10\
2 13483  82.9245  79.3167 0008769 235.5348 247.5475 14.15701984120911
1 13483U 81053GD  24007.69555159  .00002608  00000-0  13216-2 0    19\
2 13483  82.9245  79.2600 0008775 235.3455 251.1548 14.15702313120926
1 13483U 81053GD  24008.24897361  .00002510  00000-0  12719-2 0    14\
2 13483  82.9245  78.8200 0008787 233.6420 191.7395 14.15704766121006
1 13483U 81053GD  24008.68428939  .00002668  00000-0  13525-2 0  2060\
2 13483  82.9245  78.4741 0008800 232.2908 250.3964 14.15707421121403
1 13483U 81053GD  24008.68428939  .00002668  00000-0  13525-2 0    13\
2 13483  82.9245  78.4741 0008800 232.2908 250.3964 14.15707421121065
1 13483U 81053GD  24009.39096876  .00002811  00000-0  14253-2 0    12\
2 13483  82.9245  77.9121 0008805 230.1735 252.0344 14.15711639121169
1 13483U 81053GD  24009.67496438  .00002952  00000-0  14969-2 0    11\
2 13483  82.9244  77.6862 0008818 229.3218 259.4407 14.15713663121202
1 13483U 81053GD  24010.15667177  .00002897  00000-0  14689-2 0  2071\
2 13483  82.9243  77.3033 0008832 227.7631 194.6178 14.15716139121616
1 13483U 81053GD  24010.22785411  .00002898  00000-0  14693-2 0    19\
2 13483  82.9243  77.2467 0008836 227.5439 197.4108 14.15716538121284
1 13483U 81053GD  24011.28968785  .00003270  00000-0  16587-2 0  2081\
2 13483  82.9241  76.4024 0008889 224.2738 209.2466 14.15724143121770
1 13483U 81053GD  24011.58136527  .00003442  00000-0  17460-2 0    18\
2 13483  82.9240  76.1705 0008908 223.4289 255.7873 14.15726543121477
1 13483U 81053GD  24011.66087890  .00003428  00000-0  17391-2 0    12\
2 13483  82.9241  76.1074 0008913 223.2175 301.0117 14.15727032121486
1 13483U 81053GD  24012.64232709  .00003560  00000-0  18059-2 0    11\
2 13483  82.9238  75.3270 0008973 220.2274 263.1500 14.15734103121621
1 13483U 81053GD  24012.64232709  .00003560  00000-0  18059-2 0  2091\
2 13483  82.9238  75.3270 0008973 220.2274 263.1500 14.15734103121968
1 13483U 81053GD  24013.63773639  .00003748  00000-0  19015-2 0    14\
2 13483  82.9236  74.5357 0009035 217.3370 296.3279 14.15741754121766
1 13483U 81053GD  24014.18367840  .00003710  00000-0  18821-2 0  2103\
2 13483  82.9234  74.1015 0009083 215.8480 198.6786 14.15745890122188
1 13483U 81053GD  24014.18367840  .00003710  00000-0  18821-2 0    11\
2 13483  82.9234  74.1015 0009083 215.8480 198.6786 14.15745890121840
1 13483U 81053GD  24015.54018515  .00004378  00000-0  22217-2 0  2112\
2 13483  82.9232  73.0228 0009206 212.0465 272.1472 14.15757936122374
1 13483U 81053GD  24015.61178581  .00003991  00000-0  20245-2 0    16\
2 13483  82.9232  72.9659 0009209 212.1215 276.7862 14.15757521122044
1 13483U 81053GD  24016.60577819  .00003659  00000-0  18552-2 0    12\
2 13483  82.9233  72.1757 0009319 209.2767 302.7842 14.15764448122186
1 13483U 81053GD  24016.67186032  .00003590  00000-0  18201-2 0  2121\
2 13483  82.9233  72.1230 0009307 209.0978 279.5696 14.15764728122539
1 13483U 81053GD  24016.67186032  .00003590  00000-0  18201-2 0    17\
2 13483  82.9233  72.1230 0009307 209.0978 279.5696 14.15764728122191
1 13483U 81053GD  24017.58934390  .00003508  00000-0  17784-2 0    10\
2 13483  82.9235  71.3934 0009345 206.3266 275.8004 14.15771313122322
1 13483U 81053GD  24017.66077529  .00003495  00000-0  17717-2 0    12\
2 13483  82.9235  71.3365 0009350 206.1588 279.8248 14.15771802122339
1 13483U 81053GD  24018.14231670  .00003317  00000-0  16811-2 0  2137\
2 13483  82.9236  70.9536 0009379 204.7333 214.1259 14.15774872122747
1 13483U 81053GD  24018.57925134  .00003347  00000-0  16959-2 0    10\
2 13483  82.9236  70.6062 0009408 203.3056 281.2157 14.15777866122465
1 13483U 81053GD  24019.20404104  .00003415  00000-0  17305-2 0  2148\
2 13483  82.9237  70.1094 0009439 201.3941 225.6958 14.15782370122895
1 13483U 81053GD  24019.56812821  .00003448  00000-0  17474-2 0    13\
2 13483  82.9237  69.8199 0009455 200.2450 281.4453 14.15784898122603
1 13483U 81053GD  24020.62933507  .00003405  00000-0  17249-2 0    10\
2 13483  82.9238  68.9760 0009498 196.8843 290.4372 14.15791946122759
1 13483U 81053GD  24020.62933507  .00003405  00000-0  17249-2 0  2157\
2 13483  82.9238  68.9760 0009498 196.8843 290.4372 14.15791946123097
1 13483U 81053GD  24021.18131553  .00003367  00000-0  17057-2 0    17\
2 13483  82.9236  68.5366 0009494 195.0623 223.9775 14.15795724122833
1 13483U 81053GD  24021.54697329  .00003488  00000-0  17671-2 0    11\
2 13483  82.9236  68.2459 0009516 193.9491 287.7080 14.15798287122887
1 13483U 81053GD  24022.17136604  .00003176  00000-0  16084-2 0  2164\
2 13483  82.9237  67.7496 0009556 191.9696 230.2789 14.15801840123310
1 13483U 81053GD  24022.17136604  .00003176  00000-0  16084-2 0    16\
2 13483  82.9237  67.7496 0009556 191.9696 230.2789 14.15801840122971
1 13483U 81053GD  24022.32446211  .00003412  00000-0  17281-2 0    14\
2 13483  82.9236  67.6279 0009555 191.5273 290.5765 14.15803123122995
1 13483U 81053GD  24023.52581784  .00003430  00000-0  17373-2 0  2173\
2 13483  82.9235  66.6726 0009604 188.0448 293.6711 14.15811410123501
1 13483U 81053GD  24023.23351331  .00003401  00000-0  17225-2 0    19\
2 13483  82.9233  66.9049 0009590 189.0210 243.7159 14.15809480123126
1 13483U 81053GD  24023.52581784  .00003430  00000-0  17373-2 0    14\
2 13483  82.9235  66.6726 0009604 188.0448 293.6711 14.15811410123163
1 13483U 81053GD  24024.22302866  .00003726  00000-0  18874-2 0    19\
2 13483  82.9233  66.1182 0009629 186.0717 247.1971 14.15816848123269
1 13483U 81053GD  24025.13826155  .00003616  00000-0  18316-2 0  2181\
2 13483  82.9230  65.3901 0009658 183.6166 231.8135 14.15822788123733
1 13483U 81053GD  24025.50455069  .00003656  00000-0  18518-2 0    12\
2 13483  82.9229  65.0986 0009659 182.7227 298.5751 14.15825176123446
1 13483U 81053GD  24025.85809111  .00003849  00000-0  19495-2 0    10\
2 13483  82.9229  64.8176 0009723 181.5886 300.6397 14.15828128123490
1 13483U 81053GD  24026.20107622  .00003490  00000-0  17671-2 0  2195\
2 13483  82.9228  64.5449 0009742 180.6841 248.7073 14.15829198123885
1 13483U 81053GD  24026.56596059  .00003291  00000-0  16658-2 0    12\
2 13483  82.9228  64.2547 0009755 179.7596 308.3502 14.15830607123596
1 13483U 81053GD  24027.48298664  .00003329  00000-0  16851-2 0  2205\
2 13483  82.9227  63.5255 0009783 177.3928 302.0584 14.15836184124067
1 13483U 81053GD  24027.56036684  .00003128  00000-0  15830-2 0    16\
2 13483  82.9227  63.4639 0009789 177.2068 336.4194 14.15835888123733
1 13483U 81053GD  24028.54438535  .00002806  00000-0  14188-2 0    13\
2 13483  82.9227  62.6811 0009843 174.6068 311.6390 14.15840343123878
1 13483U 81053GD  24028.54438535  .00002806  00000-0  14188-2 0  2217\
2 13483  82.9227  62.6811 0009843 174.6068 311.6390 14.15840343124217
1 13483U 81053GD  24029.53337300  .00002929  00000-0  14813-2 0    12\
2 13483  82.9226  61.8945 0009903 171.9740 312.2234 14.15846103124011
1 13483U 81053GD  24030.15768868  .00002712  00000-0  13710-2 0  2229\
2 13483  82.9226  61.3979 0009941 170.2144 254.2857 14.15848686124446
1 13483U 81053GD  24030.52275299  .00002805  00000-0  14181-2 0    12\
2 13483  82.9226  61.1076 0009984 169.2016 314.9622 14.15850790124156
1 13483U 81053GD  24031.51213958  .00002610  00000-0  13190-2 0  2235\
2 13483  82.9228  60.3207 0010038 166.3230 317.8590 14.15855247124634
1 13483U 81053GD  24031.51213958  .00002610  00000-0  13190-2 0    19\
2 13483  82.9228  60.3207 0010038 166.3230 317.8590 14.15855247124296
1 13483U 81053GD  24032.50101899  .00002328  00000-0  11751-2 0    16\
2 13483  82.9229  59.5339 0010084 163.3688 318.2627 14.15859124124438
1 13483U 81053GD  24033.12501251  .00002463  00000-0  12437-2 0  2240\
2 13483  82.9229  59.0376 0010123 161.5091 258.8169 14.15862622124860
1 13483U 81053GD  24033.49211979  .00002361  00000-0  11919-2 0    19\
2 13483  82.9230  58.7457 0010113 160.4553 329.9585 14.15863868124571
1 13483U 81053GD  24034.48016451  .00002537  00000-0  12813-2 0  2254\
2 13483  82.9231  57.9600 0010160 157.3964 326.2484 14.15869002125054
1 13483U 81053GD  24034.48016451  .00002537  00000-0  12813-2 0    16\
2 13483  82.9231  57.9600 0010160 157.3964 326.2484 14.15869002124716
1 13483U 81053GD  24035.54826845  .00002887  00000-0  14591-2 0    13\
2 13483  82.9232  57.1102 0010185 154.2304  10.4979 14.15875240124865
1 13483U 81053GD  24035.54826845  .00002887  00000-0  14591-2 0  2262\
2 13483  82.9232  57.1102 0010185 154.2304  10.4979 14.15875240125204
1 13483U 81053GD  24036.09334101  .00002764  00000-0  13966-2 0    12\
2 13483  82.9231  56.6768 0010195 152.6610 268.7594 14.15877785124945
1 13483U 81053GD  24037.08167927  .00003040  00000-0  15366-2 0  2276\
2 13483  82.9230  55.8905 0010211 149.8920 266.3058 14.15883992125429
1 13483U 81053GD  24037.52685014  .00003221  00000-0  16286-2 0    10\
2 13483  82.9230  55.5362 0010221 148.6801  15.3081 14.15887170125148
1 13483U 81053GD  24038.43813229  .00003397  00000-0  17174-2 0  2284\
2 13483  82.9228  54.8113 0010212 146.1180 340.1399 14.15893340125613
1 13483U 81053GD  24038.43813229  .00003397  00000-0  17174-2 0    13\
2 13483  82.9228  54.8113 0010212 146.1180 340.1399 14.15893340125275
1 13483U 81053GD  24038.80118858  .00003622  00000-0  18319-2 0    13\
2 13483  82.9228  54.5227 0010268 145.1407  30.6128 14.15896573125328
1 13483U 81053GD  24039.49797985  .00003839  00000-0  19418-2 0  2296\
2 13483  82.9226  53.9683 0010283 143.3203 342.0614 14.15902004125761
1 13483U 81053GD  24039.49797985  .00003839  00000-0  19418-2 0    14\
2 13483  82.9226  53.9683 0010283 143.3203 342.0614 14.15902004125424
1 13483U 81053GD  24040.48680187  .00003847  00000-0  19455-2 0    10\
2 13483  82.9225  53.1816 0010352 140.8446 341.8670 14.15909244125568
1 13483U 81053GD  24041.11206050  .00003795  00000-0  19190-2 0  2306\
2 13483  82.9224  52.6841 0010321 138.9436 289.0178 14.15913530125998
1 13483U 81053GD  24041.47644859  .00004774  00000-0  24159-2 0    13\
2 13483  82.9221  52.3939 0010357 138.4210 345.8475 14.15918495125709
1 13483U 81053GD  24042.46412213  .00004038  00000-0  20418-2 0  2312\
2 13483  82.9223  51.6078 0010392 135.7141 340.0907 14.15924888126182
1 13483U 81053GD  24042.46412213  .00004038  00000-0  20418-2 0    17\
2 13483  82.9223  51.6078 0010392 135.7141 340.0907 14.15924888125844
1 13483U 81053GD  24043.52582529  .00004872  00000-0  24647-2 0  2323\
2 13483  82.9228  50.7637 0010489 132.8121 351.6965 14.15936154126339
1 13483U 81053GD  24043.52582529  .00004872  00000-0  24647-2 0    17\
2 13483  82.9228  50.7637 0010489 132.8121 351.6965 14.15936154125990
1 13483U 81053GD  24044.51502597  .00005077  00000-0  25680-2 0    10\
2 13483  82.9231  49.9771 0010547 129.7025 354.1882 14.15945679126131
1 13483U 81053GD  24045.06777001  .00005658  00000-0  28622-2 0  2336\
2 13483  82.9235  49.5368 0010490 126.4293 293.3751 14.15952398126552
1 13483U 81053GD  24045.50345391  .00005368  00000-0  27153-2 0    17\
2 13483  82.9237  49.1905 0010594 126.0973 353.2766 14.15956233126276
1 13483U 81053GD  24046.49204236  .00004782  00000-0  24174-2 0  2345\
2 13483  82.9239  48.4044 0010664 123.5473 352.1605 14.15964592126759
1 13483U 81053GD  24046.49204236  .00004782  00000-0  24174-2 0    17\
2 13483  82.9239  48.4044 0010664 123.5473 352.1605 14.15964592126412
1 13483U 81053GD  24046.96979512  .00004720  00000-0  23862-2 0    10\
2 13483  82.9239  48.0245 0010730 122.4941 267.1233 14.15969170126489
1 13483U 81053GD  24047.48255087  .00005067  00000-0  25617-2 0    17\
2 13483  82.9240  47.6164 0010785 121.2587   0.6028 14.15975414126557
1 13483U 81053GD  24047.75164155  .00004530  00000-0  22894-2 0  2359\
2 13483  82.9241  47.4023 0010805 120.3605 292.3893 14.15976591126933
1 13483U 81053GD  24047.95725275  .00004352  00000-0  21988-2 0    13\
2 13483  82.9240  47.2388 0010816 119.7720 260.4687 14.15977863126622
1 13483U 81053GD  24048.47093544  .00004596  00000-0  23223-2 0    12\
2 13483  82.9238  46.8302 0010828 118.3465 358.8732 14.15983074126695
1 13483U 81053GD  24048.94653558  .00004602  00000-0  23252-2 0    11\
2 13483  82.9237  46.4519 0010855 116.9509 263.2428 14.15987506126766
1 13483U 81053GD  24049.02364231  .00004588  00000-0  23182-2 0  2363\
2 13483  82.9237  46.3906 0010857 116.7396 296.2798 14.15988208127115
1 13483U 81053GD  24049.46105273  .00004820  00000-0  24356-2 0    13\
2 13483  82.9238  46.0425 0010861 115.6480   5.7926 14.15992660126837
1 13483U 81053GD  24050.52213354  .00004288  00000-0  21658-2 0  2373\
2 13483  82.9238  45.1986 0010886 113.0002  14.2222 14.16000691127322
1 13483U 81053GD  24050.52213354  .00004288  00000-0  21658-2 0    12\
2 13483  82.9238  45.1986 0010886 113.0002  14.2222 14.16000691126983
1 13483U 81053GD  24050.74329487  .00004155  00000-0  20983-2 0    14\
2 13483  82.9238  45.0228 0010889 112.3646  61.5895 14.16002096127017
1 13483U 81053GD  24051.51089890  .00003570  00000-0  18015-2 0    14\
2 13483  82.9236  44.4121 0010902 110.3034  14.3088 14.16006845127123
1 13483U 81053GD  24051.72254808  .00003705  00000-0  18700-2 0  2383\
2 13483  82.9236  44.2437 0010904 109.7531  13.1365 14.16008786127498
1 13483U 81053GD  24051.99162470  .00003574  00000-0  18033-2 0    16\
2 13483  82.9236  44.0296 0010900 109.0579 304.6826 14.16010579127190
1 13483U 81053GD  24052.49990451  .00003527  00000-0  17796-2 0    13\
2 13483  82.9235  43.6254 0010917 107.6424  15.6101 14.16014093127267
1 13483U 81053GD  24053.05395101  .00003204  00000-0  16158-2 0  2393\
2 13483  82.9235  43.1846 0010925 106.1312 319.8048 14.16017126127683
1 13483U 81053GD  24053.48884505  .00003165  00000-0  15958-2 0    11\
2 13483  82.9236  42.8385 0010915 105.1864  16.3957 14.16019861127404
1 13483U 81053GD  24053.97170973  .00003052  00000-0  15385-2 0    11\
2 13483  82.9237  42.4542 0010937 103.8825 317.7460 14.16022790127471
1 13483U 81053GD  24054.47909771  .00003039  00000-0  15318-2 0  2409\
2 13483  82.9237  42.0506 0010983 102.3588  24.2588 14.16025630127880
1 13483U 81053GD  24054.47909771  .00003039  00000-0  15318-2 0    14\
2 13483  82.9237  42.0506 0010983 102.3588  24.2588 14.16025630127543
1 13483U 81053GD  24054.96030670  .00003333  00000-0  16808-2 0    13\
2 13483  82.9239  41.6678 0011006 101.1133 317.1283 14.16029859127611
1 13483U 81053GD  24055.46707163  .00003661  00000-0  18469-2 0    16\
2 13483  82.9240  41.2645 0011012  99.7724  20.2954 14.16033873127683
1 13483U 81053GD  24056.22340516  .00003889  00000-0  19621-2 0  2415\
2 13483  82.9242  40.6629 0011075  97.7420 275.6501 14.16039554128126
1 13483U 81053GD  24056.45646247  .00003791  00000-0  19123-2 0    13\
2 13483  82.9243  40.4776 0011086  97.1608  23.5992 14.16040679127822
1 13483U 81053GD  24056.93963387  .00004007  00000-0  20215-2 0    18\
2 13483  82.9245  40.0932 0011117  95.9122 326.4929 14.16044776127890
1 13483U 81053GD  24057.44609606  .00004088  00000-0  20624-2 0  2426\
2 13483  82.9247  39.6903 0011148  94.5846  28.1306 14.16047862128307
1 13483U 81053GD  24057.44609606  .00004088  00000-0  20624-2 0    19\
2 13483  82.9247  39.6903 0011148  94.5846  28.1306 14.16047862127968
1 13483U 81053GD  24057.92909785  .00003884  00000-0  19591-2 0    17\
2 13483  82.9249  39.3060 0011203  93.3641 330.1419 14.16050800128039
1 13483U 81053GD  24058.43532867  .00003747  00000-0  18894-2 0    10\
2 13483  82.9250  38.9035 0011257  91.9252  30.7257 14.16054117128105
1 13483U 81053GD  24058.91778506  .00003244  00000-0  16345-2 0    16\
2 13483  82.9252  38.5197 0011309  90.6420 330.0319 14.16056238128171
1 13483U 81053GD  24059.14178914  .00003205  00000-0  16148-2 0  2435\
2 13483  82.9252  38.3416 0011322  90.0821  31.8518 14.16057537128548
1 13483U 81053GD  24059.42423238  .00003242  00000-0  16335-2 0    19\
2 13483  82.9251  38.1171 0011307  89.2702  31.6616 14.16059278128242
1 13483U 81053GD  24059.90730956  .00002940  00000-0  14806-2 0    15\
2 13483  82.9252  37.7328 0011350  87.9202 334.2078 14.16061483128313
1 13483U 81053GD  24059.97654807  .00002924  00000-0  14725-2 0    14\
2 13483  82.9252  37.6778 0011356  87.7241 327.1628 14.16061875128326
1 13483U 81053GD  24060.96572760  .00002824  00000-0  14216-2 0    16\
2 13483  82.9253  36.8911 0011404  85.0940 329.5113 14.16067560128465
1 13483U 81053GD  24060.96572760  .00002824  00000-0  14216-2 0  2445\
2 13483  82.9253  36.8911 0011404  85.0940 329.5113 14.16067560128803
1 13483U 81053GD  24061.40259944  .00002990  00000-0  15056-2 0    19\
2 13483  82.9254  36.5436 0011390  84.0811  36.3236 14.16070329128528
1 13483U 81053GD  24062.02924532  .00002878  00000-0  14489-2 0  2454\
2 13483  82.9253  36.0452 0011400  82.5394 350.5455 14.16073535128954
1 13483U 81053GD  24062.32097618  .00003116  00000-0  15692-2 0    16\
2 13483  82.9253  35.8132 0011404  81.7789  37.6397 14.16075824128657
1 13483U 81053GD  24062.94561446  .00003011  00000-0  15161-2 0    14\
2 13483  82.9253  35.3164 0011382  80.1308 341.7524 14.16079218128744
1 13483U 81053GD  24063.45251987  .00003330  00000-0  16776-2 0  2465\
2 13483  82.9253  34.9132 0011405  78.7742  45.7436 14.16083185129152
1 13483U 81053GD  24063.45251987  .00003330  00000-0  16776-2 0    14\
2 13483  82.9253  34.9132 0011405  78.7742  45.7436 14.16083185128814
1 13483U 81053GD  24064.44170226  .00003663  00000-0  18454-2 0    14\
2 13483  82.9252  34.1264 0011388  76.2127  48.1191 14.16091078128951
1 13483U 81053GD  24064.92250174  .00003249  00000-0  16363-2 0    15\
2 13483  82.9251  33.7440 0011403  75.0158 338.9622 14.16093112129029
1 13483U 81053GD  24064.99572275  .00003240  00000-0  16316-2 0  2472\
2 13483  82.9251  33.6857 0011403  74.7961 352.2396 14.16093601129376
1 13483U 81053GD  24065.36072597  .00003383  00000-0  17037-2 0    13\
2 13483  82.9252  33.3955 0011369  74.0967  52.6171 14.16096785129089
1 13483U 81053GD  24066.41991056  .00003481  00000-0  17531-2 0  2481\
2 13483  82.9254  32.5526 0011325  71.5491  51.6887 14.16105400129574
1 13483U 81053GD  24066.63242076  .00003644  00000-0  18354-2 0    18\
2 13483  82.9252  32.3834 0011359  70.4332  55.5432 14.16107388129263
1 13483U 81053GD  24067.40948870  .00003430  00000-0  17268-2 0    15\
2 13483  82.9253  31.7650 0011424  68.4295  56.7122 14.16112122129374
1 13483U 81053GD  24068.39869623  .00003588  00000-0  18066-2 0  2497\
2 13483  82.9255  30.9782 0011469  65.9573  59.2237 14.16119025129850
1 13483U 81053GD  24068.39869623  .00003588  00000-0  18066-2 0    13\
2 13483  82.9255  30.9782 0011469  65.9573  59.2237 14.16119025129513
1 13483U 81053GD  24069.38846914  .00003759  00000-0  18928-2 0    18\
2 13483  82.9259  30.1908 0011513  63.6375  64.4865 14.16125875129654
1 13483U 81053GD  24070.37765553  .00003170  00000-0  15952-2 0  2505\
2 13483  82.9263  29.4039 0011560  61.3298  66.7696 14.16130759130135
1 13483U 81053GD  24070.37765553  .00003170  00000-0  15952-2 0    19\
2 13483  82.9263  29.4039 0011560  61.3298  66.7696 14.16130759129795
1 13483U 81053GD  24070.92979366  .00003041  00000-0  15298-2 0    19\
2 13483  82.9263  28.9649 0011569  59.9353   1.3569 14.16133802129875
1 13483U 81053GD  24071.36669801  .00002999  00000-0  15081-2 0    19\
2 13483  82.9264  28.6173 0011570  58.8423  68.5209 14.16136347129933
1 13483U 81053GD  24072.35543207  .00002873  00000-0  14443-2 0  2519\
2 13483  82.9266  27.8309 0011583  56.3559  68.7220 14.16142128130418
1 13483U 81053GD  24072.35543207  .00002873  00000-0  14443-2 0    12\
2 13483  82.9266  27.8309 0011583  56.3559  68.7220 14.16142128130070
1 13483U 81053GD  24073.34585934  .00002765  00000-0  13897-2 0    17\
2 13483  82.9268  27.0432 0011586  53.8843  77.5554 14.16147730130210
1 13483U 81053GD  24073.81856236  .00003098  00000-0  15582-2 0  2526\
2 13483  82.9268  26.6673 0011586  52.6915 327.2424 14.16151620130617
1 13483U 81053GD  24073.81856236  .00003098  00000-0  15582-2 0    18\
2 13483  82.9268  26.6673 0011586  52.6915 327.2424 14.16151620130280
1 13483U 81053GD  24074.26409174  .00003062  00000-0  15399-2 0    10\
2 13483  82.9268  26.3129 0011581  51.5171  78.4606 14.16154077130343
1 13483U 81053GD  24074.88520535  .00003036  00000-0  15266-2 0  2536\
2 13483  82.9267  25.8191 0011500  49.8753   4.7861 14.16157944130770
1 13483U 81053GD  24075.94762450  .00002946  00000-0  14806-2 0    17\
2 13483  82.9266  24.9740 0011375  47.0627  20.8279 14.16163963130588
1 13483U 81053GD  24076.15831227  .00002776  00000-0  13950-2 0  2540\
2 13483  82.9266  24.8065 0011349  46.4884  14.8986 14.16164554130952
1 13483U 81053GD  24076.15831227  .00002776  00000-0  13950-2 0    10\
2 13483  82.9266  24.8065 0011349  46.4884  14.8986 14.16164554130615
1 13483U 81053GD  24076.93660387  .00002755  00000-0  13842-2 0    10\
2 13483  82.9266  24.1873 0011322  44.4564  22.4936 14.16169104130727
1 13483U 81053GD  24077.85509847  .00002598  00000-0  13047-2 0  2558\
2 13483  82.9265  23.4566 0011285  42.0930  24.8001 14.16173900131196
1 13483U 81053GD  24077.92515826  .00002590  00000-0  13006-2 0    16\
2 13483  82.9265  23.4009 0011284  42.0219  21.8428 14.16174245130863
1 13483U 81053GD  24078.36176909  .00002494  00000-0  12521-2 0    14\
2 13483  82.9267  23.0539 0011282  40.9949  87.5086 14.16176248130925
1 13483U 81053GD  24078.91398545  .00002797  00000-0  14052-2 0    14\
2 13483  82.9267  22.6146 0011267  39.6322  22.5565 14.16180367131005
1 13483U 81053GD  24079.11640528  .00002777  00000-0  13948-2 0  2561\
2 13483  82.9267  22.4534 0011356  38.9335 334.6359 14.16181267131366
1 13483U 81053GD  24079.35068818  .00003290  00000-0  16542-2 0    15\
2 13483  82.9269  22.2672 0011358  38.4535  88.8527 14.16184432131067
1 13483U 81053GD  24080.34032160  .00003825  00000-0  19240-2 0  2572\
2 13483  82.9270  21.4800 0011344  36.0463  93.7289 14.16192522131544
1 13483U 81053GD  24080.34032160  .00003825  00000-0  19240-2 0    19\
2 13483  82.9270  21.4800 0011344  36.0463  93.7289 14.16192522131207
1 13483U 81053GD  24080.89161347  .00004266  00000-0  21463-2 0    19\
2 13483  82.9272  21.0415 0011326  34.7260  24.0542 14.16197920131281
1 13483U 81053GD  24081.32944247  .00004363  00000-0  21954-2 0    19\
2 13483  82.9273  20.6932 0011317  33.8272  95.8355 14.16201233131342
1 13483U 81053GD  24081.88082156  .00005143  00000-0  25887-2 0  2582\
2 13483  82.9275  20.2547 0011282  32.5080  26.6247 14.16208218131764
1 13483U 81053GD  24081.88082156  .00005143  00000-0  25887-2 0    18\
2 13483  82.9275  20.2547 0011282  32.5080  26.6247 14.16208218131427
1 13483U 81053GD  24082.24826822  .00004804  00000-0  24175-2 0    17\
2 13483  82.9276  19.9624 0011264  31.5507  99.8556 14.16210662131478
1 13483U 81053GD  24082.87021527  .00004696  00000-0  23628-2 0    16\
2 13483  82.9278  19.4677 0011241  30.2250  30.2431 14.16216970131568
1 13483U 81053GD  24083.02357102  .00004723  00000-0  23760-2 0  2598\
2 13483  82.9278  19.3457 0011261  29.8560  92.0208 14.16218515131928
1 13483U 81053GD  24083.86003848  .00005796  00000-0  29170-2 0    12\
2 13483  82.9280  18.6806 0011170  28.0626  35.9747 14.16230949131709
1 13483U 81053GD  24084.29646250  .00005923  00000-0  29805-2 0  2604\
2 13483  82.9281  18.3335 0011149  27.0926 100.7248 14.16236687132109
1 13483U 81053GD  24084.29646250  .00005923  00000-0  29805-2 0    17\
2 13483  82.9281  18.3335 0011149  27.0926 100.7248 14.16236687131760
1 13483U 81053GD  24084.84868858  .00016640  00000-0  83725-2 0  2615\
2 13483  82.9283  17.8943 0011092  25.6908  35.9937 14.16265493132180
1 13483U 81053GD  24084.92156950  .00017243  00000-0  86749-2 0    18\
2 13483  82.9281  17.8363 0011072  25.5104  47.5413 14.16268030131850
1 13483U 81053GD  24085.21444344  .00008614  00000-0  43357-2 0  2627\
2 13483  82.9281  17.6034 0011116  24.7339 100.6587 14.16255720132231
1 13483U 81053GD  24085.91028674  .00008736  00000-0  43964-2 0    18\
2 13483  82.9281  17.0501 0010951  22.3598  48.7298 14.16265597131997
1 13483U 81053GD  24086.20298161  .00008833  00000-0  44449-2 0    18\
2 13483  82.9279  16.8174 0010945  21.5155 101.0198 14.16269766132030
1 13483U 81053GD  24086.89901907  .00004726  00000-0  23757-2 0  2638\
2 13483  82.9280  16.2642 0010922  19.6029  49.6451 14.16270962132476
1 13483U 81053GD  24086.89901907  .00004726  00000-0  23757-2 0    18\
2 13483  82.9280  16.2642 0010922  19.6029  49.6451 14.16270962132139
1 13483U 81053GD  24087.19231650  .00004638  00000-0  23310-2 0    10\
2 13483  82.9278  16.0308 0010887  18.4682 105.3044 14.16273825132178
1 13483U 81053GD  24087.81568034  .00003676  00000-0  18460-2 0    19\
2 13483  82.9278  15.5352 0010758  16.6013  43.5863 14.16277355132260
1 13483U 81053GD  24087.96818597  .00003767  00000-0  18916-2 0  2645\
2 13483  82.9278  15.4140 0010769  16.5486 100.7503 14.16278908132621
1 13483U 81053GD  24088.25792916  .00003794  00000-0  19054-2 0    17\
2 13483  82.9278  15.1836 0010763  15.7149 138.0057 14.16281401132328
1 13483U 81053GD  24089.24218657  .00003557  00000-0  17858-2 0  2651\
2 13483  82.9278  14.4007 0010755  13.3253 115.8130 14.16288063132800
1 13483U 81053GD  24089.78587353  .00004636  00000-0  23293-2 0    19\
2 13483  82.9277  13.9682 0010704  12.0302   7.5500 14.16294517132547
1 13483U 81053GD  24090.30186859  .00003993  00000-0  20049-2 0  2669\
2 13483  82.9277  13.5578 0010679  10.7053 118.2131 14.16296401132955
1 13483U 81053GD  24090.30186859  .00003993  00000-0  20049-2 0    16\
2 13483  82.9277  13.5578 0010679  10.7053 118.2131 14.16296401132618
1 13483U 81053GD  24090.93571228  .00004845  00000-0  24342-2 0    10\
2 13483  82.9277  13.0536 0010630   8.8239 109.9615 14.16302733132708
1 13483U 81053GD  24091.22070557  .00004661  00000-0  23416-2 0    19\
2 13483  82.9276  12.8268 0010621   8.1368 122.8881 14.16304395132741
1 13483U 81053GD  24091.84297721  .00003115  00000-0  15622-2 0  2678\
2 13483  82.9275  12.3316 0010583   6.5589  55.3780 14.16305017133171
1 13483U 81053GD  24091.84297721  .00003115  00000-0  15622-2 0    14\
2 13483  82.9275  12.3316 0010583   6.5589  55.3780 14.16305017132833
1 13483U 81053GD  24092.28003231  .00003094  00000-0  15518-2 0    14\
2 13483  82.9275  11.9840 0010531   5.5684 123.4768 14.16307670132894
1 13483U 81053GD  24092.98621147  .00002925  00000-0  14663-2 0  2680\
2 13483  82.9277  11.4222 0010471   3.8174 123.7232 14.16311367133330
1 13483U 81053GD  24093.19813660  .00002870  00000-0  14384-2 0    11\
2 13483  82.9276  11.2536 0010453   3.3033 124.1511 14.16312412133027
1 13483U 81053GD  24093.82074230  .00002651  00000-0  13283-2 0    17\
2 13483  82.9276  10.7583 0010402   1.8472  58.2450 14.16315331133119
1 13483U 81053GD  24094.25782600  .00002536  00000-0  12700-2 0  2693\
2 13483  82.9276  10.4106 0010362   0.6674 126.6936 14.16317240133517
1 13483U 81053GD  24094.25782600  .00002536  00000-0  12700-2 0    17\
2 13483  82.9276  10.4106 0010362   0.6674 126.6936 14.16317240133179
1 13483U 81053GD  24094.81294014  .00002340  00000-0  11711-2 0    10\
2 13483  82.9277   9.9690 0010317 359.3333  76.7551 14.16319512133258
1 13483U 81053GD  24095.17562645  .00002306  00000-0  11542-2 0    12\
2 13483  82.9278   9.6804 0010279 358.2893 125.9631 14.16321100133307
1 13483U 81053GD  24095.79803906  .00002086  00000-0  10430-2 0  2706\
2 13483  82.9279   9.1853 0010230 356.7775  59.1469 14.16323243133730
1 13483U 81053GD  24095.79803906  .00002086  00000-0  10430-2 0    18\
2 13483  82.9279   9.1853 0010230 356.7775  59.1469 14.16323243133392
1 13483U 81053GD  24096.23673177  .00002028  00000-0  10140-2 0    17\
2 13483  82.9279   8.8363 0010171 355.5142 135.8909 14.16324864133451
1 13483U 81053GD  24096.86065272  .00001991  00000-0  99531-3 0  2716\
2 13483  82.9280   8.3400 0010115 353.8308  76.9428 14.16327424133886
1 13483U 81053GD  24097.22581365  .00001976  00000-0  98774-3 0    15\
2 13483  82.9282   8.0495 0010063 352.7321 138.8258 14.16328798133596
1 13483U 81053GD  24097.69842459  .00002025  00000-0  10125-2 0    19\
2 13483  82.9282   7.6735 0010023 351.3529  28.5363 14.16330958133660
1 13483U 81053GD  24098.14331671  .00002052  00000-0  10260-2 0    19\
2 13483  82.9282   7.3196 0009985 350.0184 136.9545 14.16332776133729
1 13483U 81053GD  24099.48483888  .00002138  00000-0  10690-2 0  2738\
2 13483  82.9281   6.2526 0009872 346.0523 137.0771 14.16338722134259
1 13483U 81053GD  24099.48483888  .00002138  00000-0  10690-2 0    17\
2 13483  82.9281   6.2526 0009872 346.0523 137.0771 14.16338722133911
1 13483U 81053GD  24099.98064142  .00002067  00000-0  10332-2 0    14\
2 13483  82.9280   5.8582 0009823 344.6312 145.0251 14.16340495133982
1 13483U 81053GD  24100.19182838  .00001970  00000-0  98423-3 0    13\
2 13483  82.9280   5.6902 0009806 343.9755 141.8552 14.16341067134019
1 13483U 81053GD  24101.18636175  .00002109  00000-0  10546-2 0  2747\
2 13483  82.9276   4.8993 0009715 340.9566 172.8661 14.16345680134493
1 13483U 81053GD  24101.18636175  .00002109  00000-0  10546-2 0    15\
2 13483  82.9276   4.8993 0009715 340.9566 172.8661 14.16345680134156
1 13483U 81053GD  24101.80478845  .00001942  00000-0  97030-3 0    10\
2 13483  82.9275   4.4073 0009646 339.2069  86.0312 14.16347687134240
1 13483U 81053GD  24101.95837206  .00001987  00000-0  99281-3 0    15\
2 13483  82.9275   4.2850 0009632 338.7823 149.0973 14.16348407134264
1 13483U 81053GD  24102.72208057  .00002081  00000-0  10400-2 0  2751\
2 13483  82.9272   3.6776 0009539 336.5012  83.1405 14.16351949134716
1 13483U 81053GD  24102.72208057  .00002081  00000-0  10400-2 0    18\
2 13483  82.9272   3.6776 0009539 336.5012  83.1405 14.16351949134378
1 13483U 81053GD  24102.94738881  .00002031  00000-0  10149-2 0    10\
2 13483  82.9272   3.4983 0009512 335.8393 151.9459 14.16352655134403
1 13483U 81053GD  24104.14814560  .00002180  00000-0  10898-2 0  2763\
2 13483  82.9271   2.5429 0009384 332.3841 154.3287 14.16358330134912
1 13483U 81053GD  24104.14814560  .00002180  00000-0  10898-2 0    19\
2 13483  82.9271   2.5429 0009384 332.3841 154.3287 14.16358330134574
1 13483U 81053GD  24104.77089697  .00002381  00000-0  11913-2 0    15\
2 13483  82.9270   2.0475 0009319 330.5804  89.6173 14.16361907134664
1 13483U 81053GD  24105.20842441  .00002571  00000-0  12870-2 0  2777\
2 13483  82.9270   1.6993 0009257 329.3212 160.4805 14.16364488135066
1 13483U 81053GD  24105.91354038  .00003118  00000-0  15619-2 0    12\
2 13483  82.9270   1.1382 0009165 327.3099 155.7170 14.16369979134827
1 13483U 81053GD  24106.12598157  .00003167  00000-0  15865-2 0    15\
2 13483  82.9270   0.9693 0009149 326.7338 158.8814 14.16371326134851
1 13483U 81053GD  24107.11523938  .00003476  00000-0  17419-2 0  2786\
2 13483  82.9270   0.1821 0009034 323.7729 163.0616 14.16378462135330
1 13483U 81053GD  24107.11523938  .00003476  00000-0  17419-2 0    10\
2 13483  82.9270   0.1821 0009034 323.7729 163.0616 14.16378462134991
1 13483U 81053GD  24107.66842662  .00004676  00000-0  23456-2 0    19\
2 13483  82.9271 359.7417 0008956 321.7467 104.1283 14.16386732135070
1 13483U 81053GD  24108.10422186  .00005352  00000-0  26855-2 0    12\
2 13483  82.9274 359.3949 0008836 320.9015 165.7907 14.16391642135135
1 13483U 81053GD  24108.88039468  .00005646  00000-0  28332-2 0  2799\
2 13483  82.9275 358.7774 0008782 318.3146 163.7849 14.16400763135588
1 13483U 81053GD  24109.78876781  .00005270  00000-0  26432-2 0    11\
2 13483  82.9277 358.0546 0008760 315.4260 115.8075 14.16410149135376
1 13483U 81053GD  24109.94114955  .00005249  00000-0  26328-2 0  2806\
2 13483  82.9277 357.9334 0008751 314.7935 172.9910 14.16411639135737
1 13483U 81053GD  24110.63601479  .00005542  00000-0  27795-2 0    12\
2 13483  82.9279 357.3804 0008684 312.3691 116.5247 14.16420041135490
1 13483U 81053GD  24110.77692559  .00005625  00000-0  28213-2 0    14\
2 13483  82.9282 357.2681 0008705 311.9981 114.9943 14.16421533135512
1 13483U 81053GD  24110.98787245  .00008346  00000-0  41878-2 0  2819\
2 13483  82.9280 357.1006 0008720 311.5757 110.4434 14.16431334135880
1 13483U 81053GD  24110.98787245  .00008346  00000-0  41878-2 0    19\
2 13483  82.9280 357.1006 0008720 311.5757 110.4434 14.16431334135543
1 13483U 81053GD  24111.76684248  .00005939  00000-0  29786-2 0  2825\
2 13483  82.9278 356.4810 0008654 309.0856 122.6865 14.16435781135995
1 13483U 81053GD  24111.76684248  .00005939  00000-0  29786-2 0    14\
2 13483  82.9278 356.4810 0008654 309.0856 122.6865 14.16435781135658
1 13483U 81053GD  24112.13108405  .00005630  00000-0  28230-2 0    13\
2 13483  82.9279 356.1913 0008595 307.8783 180.1416 14.16440523135706
1 13483U 81053GD  24112.68321733  .00006350  00000-0  31838-2 0    12\
2 13483  82.9276 355.7522 0008569 305.7356 116.0804 14.16450268135782
1 13483U 81053GD  24113.12069109  .00006255  00000-0  31360-2 0  2834\
2 13483  82.9273 355.4038 0008569 304.0910 187.1984 14.16456179136186
1 13483U 81053GD  24113.12069109  .00006255  00000-0  31360-2 0    12\
2 13483  82.9273 355.4038 0008569 304.0910 187.1984 14.16456179135848
1 13483U 81053GD  24113.74434826  .00005854  00000-0  29342-2 0    13\
2 13483  82.9272 354.9078 0008461 301.9447 127.6685 14.16463260135933
1 13483U 81053GD  24114.11400524  .00005524  00000-0  27683-2 0    13\
2 13483  82.9268 354.6133 0008532 300.2767 213.2130 14.16466905135984
1 13483U 81053GD  24114.73168420  .00004962  00000-0  24859-2 0  2847\
2 13483  82.9266 354.1215 0008473 298.5146 122.8554 14.16472889136414
1 13483U 81053GD  24114.73168420  .00004962  00000-0  24859-2 0    14\
2 13483  82.9266 354.1215 0008473 298.5146 122.8554 14.16472889136076
1 13483U 81053GD  24115.72127326  .00005020  00000-0  25141-2 0    15\
2 13483  82.9260 353.3330 0008412 295.7151 128.9333 14.16483898136217
1 13483U 81053GD  24116.08725281  .00005310  00000-0  26598-2 0  2852\
2 13483  82.9262 353.0425 0008337 294.1431 195.6704 14.16488378136605
1 13483U 81053GD  24116.63942490  .00004714  00000-0  23600-2 0    10\
2 13483  82.9258 352.6025 0008345 292.7448 131.1442 14.16492700136341
1 13483U 81053GD  24116.70933221  .00004700  00000-0  23532-2 0    19\
2 13483  82.9258 352.5468 0008325 292.6544 127.5093 14.16493381136353
1 13483U 81053GD  24117.62158170  .00004681  00000-0  23432-2 0    10\
2 13483  82.9257 351.8213 0008186 288.7912 100.5665 14.16502311136486
1 13483U 81053GD  24117.85168491  .00005126  00000-0  25667-2 0  2864\
2 13483  82.9260 351.6385 0007979 287.8080 194.2569 14.16505751136858
1 13483U 81053GD  24117.85168491  .00005126  00000-0  25667-2 0    19\
2 13483  82.9260 351.6385 0007979 287.8080 194.2569 14.16505751136511
1 13483U 81053GD  24118.61728083  .00004464  00000-0  22341-2 0    13\
2 13483  82.9258 351.0292 0007922 284.9108 138.9687 14.16511773136625
1 13483U 81053GD  24118.91230008  .00004523  00000-0  22633-2 0    11\
2 13483  82.9258 350.7943 0007876 283.8618 203.5723 14.16514803136667
1 13483U 81053GD  24119.12500130  .00004485  00000-0  22445-2 0  2875\
2 13483  82.9257 350.6249 0007868 283.0977 208.3617 14.16516690137038
1 13483U 81053GD  24119.60679449  .00003387  00000-0  16932-2 0    16\
2 13483  82.9257 350.2414 0007789 281.1675 145.7394 14.16518512136764
1 13483U 81053GD  24119.90125806  .00003173  00000-0  15856-2 0    19\
2 13483  82.9258 350.0069 0007832 280.1782 207.4576 14.16520289136803
1 13483U 81053GD  24120.04265941  .00003088  00000-0  15427-2 0    10\
2 13483  82.9258 349.8943 0007837 279.6218 208.6643 14.16521204136820
1 13483U 81053GD  24120.66693280  .00002606  00000-0  13007-2 0  2883\
2 13483  82.9258 349.3974 0007792 277.2741 152.6188 14.16524488137251
1 13483U 81053GD  24120.66693280  .00002606  00000-0  13007-2 0    16\
2 13483  82.9258 349.3974 0007792 277.2741 152.6188 14.16524488136913
1 13483U 81053GD  24121.39373823  .00002351  00000-0  11724-2 0    16\
2 13483  82.9259 348.8187 0007871 274.4718 259.5881 14.16527652137010
1 13483U 81053GD  24121.65451831  .00002389  00000-0  11918-2 0    17\
2 13483  82.9259 348.6112 0007835 273.5063 149.6217 14.16528978137057
1 13483U 81053GD  24122.92545462  .00002299  00000-0  11461-2 0    15\
2 13483  82.9260 347.5996 0007843 268.9801 151.5039 14.16534129137233
1 13483U 81053GD  24123.08017727  .00002319  00000-0  11565-2 0  2897\
2 13483  82.9259 347.4766 0007829 268.4287 220.6047 14.16535061137594
1 13483U 81053GD  24123.62380049  .00002202  00000-0  10977-2 0    16\
2 13483  82.9257 347.0439 0007825 266.3788 113.2513 14.16537009137335
1 13483U 81053GD  24124.35094998  .00002445  00000-0  12196-2 0  2906\
2 13483  82.9258 346.4652 0007767 263.3130 222.2746 14.16541214137779
1 13483U 81053GD  24124.62085128  .00002299  00000-0  11460-2 0    11\
2 13483  82.9258 346.2504 0007771 262.2938 158.8617 14.16542021137477
1 13483U 81053GD  24124.69217505  .00002305  00000-0  11489-2 0    13\
2 13483  82.9258 346.1936 0007773 262.0384 162.6233 14.16542378137483
1 13483U 81053GD  24125.68079830  .00002424  00000-0  12087-2 0  2918\
2 13483  82.9257 345.4068 0007762 258.2699 164.9808 14.16547271137967
1 13483U 81053GD  24126.59057553  .00002548  00000-0  12709-2 0    14\
2 13483  82.9255 344.6827 0007736 254.7766 125.2323 14.16551757137759
1 13483U 81053GD  24126.66937529  .00002560  00000-0  12768-2 0    11\
2 13483  82.9255 344.6199 0007734 254.4755 167.1439 14.16552152137768
1 13483U 81053GD  24127.10655149  .00002572  00000-0  12829-2 0  2929\
2 13483  82.9254 344.2720 0007723 252.6512 237.0806 14.16554205138163
1 13483U 81053GD  24127.58736647  .00002868  00000-0  14311-2 0    18\
2 13483  82.9252 343.8893 0007712 250.8009 169.4559 14.16557286137890
1 13483U 81053GD  24127.65785691  .00002899  00000-0  14467-2 0    15\
2 13483  82.9253 343.8332 0007715 250.5731 168.9463 14.16557727137901
1 13483U 81053GD  24128.57065593  .00002677  00000-0  13353-2 0  2939\
2 13483  82.9250 343.1064 0007688 246.8945 144.8153 14.16561249138372
1 13483U 81053GD  24128.64728774  .00002738  00000-0  13658-2 0    17\
2 13483  82.9250 343.0453 0007690 246.8924 175.3827 14.16561945138047
1 13483U 81053GD  24129.63597212  .00003061  00000-0  15277-2 0    17\
2 13483  82.9248 342.2581 0007686 242.8863 178.3623 14.16568320138186
1 13483U 81053GD  24129.63597212  .00003061  00000-0  15277-2 0  2941\
2 13483  82.9248 342.2581 0007686 242.8863 178.3623 14.16568320138524
1 13483U 81053GD  24130.62386948  .00003329  00000-0  16623-2 0    13\
2 13483  82.9248 341.4717 0007704 239.5935 176.6360 14.16574708138324
1 13483U 81053GD  24130.84978262  .00004173  00000-0  20855-2 0  2958\
2 13483  82.9248 341.2917 0007710 238.9352 248.7007 14.16578522138694
1 13483U 81053GD  24131.61577447  .00004242  00000-0  21197-2 0    16\
2 13483  82.9248 340.6816 0007752 236.3197 195.3395 14.16583427138462
1 13483U 81053GD  24131.68681521  .00004288  00000-0  21426-2 0    17\
2 13483  82.9248 340.6251 0007755 236.0740 197.6588 14.16584013138471
1 13483U 81053GD  24133.33143550  .00010664  00000-0  53316-2 0  2960\
2 13483  82.9248 339.3154 0007808 229.5840 306.4963 14.16631618139040
1 13483U 81053GD  24133.59192897  .00008011  00000-0  40044-2 0    17\
2 13483  82.9249 339.1082 0007879 228.4995 195.2881 14.16637551138747
1 13483U 81053GD  24133.86469832  .00006811  00000-0  34035-2 0    12\
2 13483  82.9251 338.8910 0007899 227.6260 146.4470 14.16642264138787
1 13483U 81053GD  24133.86469832  .00006811  00000-0  34035-2 0  2979\
2 13483  82.9251 338.8910 0007899 227.6260 146.4470 14.16642264139115
1 13483U 81053GD  24136.00612098  .00004732  00000-0  23616-2 0  2986\
2 13483  82.9254 337.1858 0008082 219.9865 268.8320 14.16661872139424
1 13483U 81053GD  24136.63128740  .00004909  00000-0  24503-2 0    15\
2 13483  82.9254 336.6884 0008174 217.5395 217.7527 14.16667654139179
1 13483U 81053GD  24136.99425539  .00005282  00000-0  26368-2 0    16\
2 13483  82.9253 336.3992 0008166 216.8405 268.5050 14.16671363139223
1 13483U 81053GD  24138.52920262  .00005569  00000-0  27794-2 0  2991\
2 13483  82.9255 335.1774 0008276 210.7588 178.3094 14.16690025139780
1 13483U 81053GD  24138.52920262  .00005569  00000-0  27794-2 0    12\
2 13483  82.9255 335.1774 0008276 210.7588 178.3094 14.16690025139443
1 13483U 81053GD  24138.80860201  .00005406  00000-0  26974-2 0    18\
2 13483  82.9252 334.9549 0008285 209.9455 163.2497 14.16692915139484
1 13483U 81053GD  24139.96089336  .00006745  00000-0  33657-2 0    11\
2 13483  82.9246 334.0369 0008360 205.7847 280.8120 14.16712255139648
1 13483U 81053GD  24139.96089336  .00006745  00000-0  33657-2 0  3003\
2 13483  82.9246 334.0369 0008360 205.7847 280.8120 14.16712255139985
1 13483U 81053GD  24141.57133758  .00005808  00000-0  28964-2 0  3016\
2 13483  82.9245 332.7540 0008572 199.7695 215.6153 14.16733364140212
1 13483U 81053GD  24142.56002769  .00004755  00000-0  23697-2 0    18\
2 13483  82.9233 331.9670 0008681 197.2332 217.7707 14.16742718140015
1 13483U 81053GD  24142.78619313  .00005063  00000-0  25231-2 0  3024\
2 13483  82.9233 331.7869 0008713 196.5128 291.3230 14.16745773140387
1 13483U 81053GD  24143.27972315  .00004651  00000-0  23170-2 0    11\
2 13483  82.9231 331.3938 0008789 195.1167 288.3919 14.16750103140113
1 13483U 81053GD  24143.99234281  .00004393  00000-0  21880-2 0  3037\
2 13483  82.9236 330.8255 0008800 193.1401 322.8214 14.16756728140556
1 13483U 81053GD  24144.61109895  .00004377  00000-0  21796-2 0    12\
2 13483  82.9233 330.3328 0008905 191.5293 238.4486 14.16762778140304
1 13483U 81053GD  24145.52646475  .00004554  00000-0  22676-2 0  3044\
2 13483  82.9235 329.6035 0008918 189.1626 226.7773 14.16771902140778
1 13483U 81053GD  24145.59977847  .00004537  00000-0  22592-2 0    13\
2 13483  82.9234 329.5451 0008944 188.9251 240.7237 14.16772578140443
1 13483U 81053GD  24145.96328788  .00004395  00000-0  21881-2 0    10\
2 13483  82.9235 329.2553 0009050 187.6453 294.9569 14.16775689140493
1 13483U 81053GD  24146.58771896  .00003909  00000-0  19451-2 0  3058\
2 13483  82.9237 328.7577 0009061 185.8632 239.7206 14.16780121140926
1 13483U 81053GD  24147.57649985  .00003263  00000-0  16223-2 0    11\
2 13483  82.9238 327.9702 0009220 182.9560 242.8729 14.16786792140726
1 13483U 81053GD  24147.77801437  .00003206  00000-0  15939-2 0  3063\
2 13483  82.9239 327.8097 0009237 182.2825 190.7551 14.16787926141082
1 13483U 81053GD  24147.94174176  .00003286  00000-0  16338-2 0    19\
2 13483  82.9240 327.6793 0009252 181.8032 305.8270 14.16789368140771
1 13483U 81053GD  24148.56508428  .00002709  00000-0  13455-2 0    15\
2 13483  82.9243 327.1827 0009354 179.7570 245.3350 14.16792107140865
1 13483U 81053GD  24148.76677927  .00002690  00000-0  13358-2 0    19\
2 13483  82.9242 327.0219 0009352 179.3196 193.9055 14.16793192140894
1 13483U 81053GD  24149.99029789  .00002719  00000-0  13499-2 0  3079\
2 13483  82.9240 326.0471 0009388 175.4930 314.5928 14.16800392141402
1 13483U 81053GD  24150.54156175  .00002818  00000-0  13994-2 0    13\
2 13483  82.9241 325.6078 0009473 173.8011 246.3501 14.16803611141145
1 13483U 81053GD  24150.90704333  .00003412  00000-0  16958-2 0    12\
2 13483  82.9240 325.3169 0009524 172.9580 310.2354 14.16807153141197
1 13483U 81053GD  24151.53069476  .00003726  00000-0  18525-2 0  3084\
2 13483  82.9241 324.8202 0009647 171.0741 251.1927 14.16811605141629
1 13483U 81053GD  24151.53069476  .00003726  00000-0  18525-2 0    14\
2 13483  82.9241 324.8202 0009647 171.0741 251.1927 14.16811605141281
1 13483U 81053GD  24151.97488934  .00004551  00000-0  22642-2 0    18\
2 13483  82.9241 324.4663 0009657 169.6918 356.8767 14.16817427141348
1 13483U 81053GD  24152.23504411  .00003790  00000-0  18842-2 0    18\
2 13483  82.9241 324.2590 0009687 168.9359 243.7764 14.16816136141380
1 13483U 81053GD  24152.88398606  .00003358  00000-0  16685-2 0  3090\
2 13483  82.9245 323.7418 0009788 167.2353 313.4871 14.16818563141813
1 13483U 81053GD  24152.95554674  .00003365  00000-0  16721-2 0    15\
2 13483  82.9245 323.6848 0009796 167.0562 318.4507 14.16819049141482
1 13483U 81053GD  24153.94329163  .00003335  00000-0  16567-2 0  3106\
2 13483  82.9242 322.8980 0009910 164.4815 316.1192 14.16824864141966
1 13483U 81053GD  24154.49523497  .00003020  00000-0  14994-2 0    13\
2 13483  82.9240 322.4584 0009926 162.8561 251.3201 14.16827217141705
1 13483U 81053GD  24155.21464552  .00003637  00000-0  18075-2 0  3112\
2 13483  82.9239 321.8854 0009989 161.0929 320.3480 14.16833491142140
1 13483U 81053GD  24155.48396161  .00003715  00000-0  18461-2 0    13\
2 13483  82.9238 321.6708 0010013 160.4155 253.8929 14.16835411141847
1 13483U 81053GD  24156.47261286  .00004204  00000-0  20897-2 0  3127\
2 13483  82.9235 320.8836 0010099 157.9555 256.1289 14.16843638142325
1 13483U 81053GD  24156.47261286  .00004204  00000-0  20897-2 0    12\
2 13483  82.9235 320.8836 0010099 157.9555 256.1289 14.16843638141986
1 13483U 81053GD  24157.53475073  .00004187  00000-0  20810-2 0  3132\
2 13483  82.9235 320.0372 0010214 155.5800 272.9179 14.16851113142475
1 13483U 81053GD  24157.53475073  .00004187  00000-0  20810-2 0    16\
2 13483  82.9235 320.0372 0010214 155.5800 272.9179 14.16851113142138
1 13483U 81053GD  24158.52254128  .00004416  00000-0  21949-2 0    11\
2 13483  82.9237 319.2500 0010275 153.0211 270.9261 14.16860032142274
1 13483U 81053GD  24159.88389616  .00005153  00000-0  25617-2 0  3144\
2 13483  82.9239 318.1652 0010389 149.7026  14.0583 14.16873481142809
1 13483U 81053GD  24159.94564052  .00005156  00000-0  25631-2 0    12\
2 13483  82.9239 318.1159 0010393 149.5252 328.9932 14.16874099142479
1 13483U 81053GD  24160.49905220  .00005063  00000-0  25167-2 0    11\
2 13483  82.9245 317.6762 0010315 147.7032 271.9738 14.16878990142554
1 13483U 81053GD  24160.93401538  .00004829  00000-0  23996-2 0    10\
2 13483  82.9246 317.3297 0010362 146.6499 330.3725 14.16882496142611
1 13483U 81053GD  24160.93401538  .00004829  00000-0  23996-2 0  3158\
2 13483  82.9246 317.3297 0010362 146.6499 330.3725 14.16882496142958
1 13483U 81053GD  24161.48768691  .00004793  00000-0  23815-2 0    17\
2 13483  82.9247 316.8886 0010440 145.0988 274.4258 14.16887444142698
1 13483U 81053GD  24161.92445191  .00005062  00000-0  25152-2 0    19\
2 13483  82.9247 316.5405 0010480 143.9029 342.1679 14.16892275142754
1 13483U 81053GD  24162.47674193  .00004787  00000-0  23780-2 0  3163\
2 13483  82.9239 316.0988 0010521 142.0922 279.4588 14.16896954143170
1 13483U 81053GD  24162.47674193  .00004787  00000-0  23780-2 0    14\
2 13483  82.9239 316.0988 0010521 142.0922 279.4588 14.16896954142832
1 13483U 81053GD  24162.91177303  .00004893  00000-0  24306-2 0    17\
2 13483  82.9243 315.7533 0010546 141.3307 337.9399 14.16901057142892
1 13483U 81053GD  24163.46402362  .00004728  00000-0  23484-2 0    17\
2 13483  82.9244 315.3135 0010552 139.5798 274.9857 14.16905650142978
1 13483U 81053GD  24164.19408964  .00004030  00000-0  20006-2 0  3175\
2 13483  82.9242 314.7320 0010635 138.0118  38.3379 14.16909848143411
1 13483U 81053GD  24164.89585837  .00003567  00000-0  17694-2 0    10\
2 13483  82.9243 314.1730 0010643 136.1435  17.7467 14.16914211143173
1 13483U 81053GD  24165.44127072  .00003336  00000-0  16545-2 0  3184\
2 13483  82.9242 313.7386 0010651 134.8530 279.4984 14.16917663143595
1 13483U 81053GD  24165.44127072  .00003336  00000-0  16545-2 0    13\
2 13483  82.9242 313.7386 0010651 134.8530 279.4984 14.16917663143258
1 13483U 81053GD  24165.94976387  .00003073  00000-0  15234-2 0    11\
2 13483  82.9241 313.3336 0010644 133.6646 352.9431 14.16920476143323
1 13483U 81053GD  24166.42986372  .00003041  00000-0  15072-2 0    15\
2 13483  82.9239 312.9512 0010644 132.5018 281.6208 14.16923504143394
1 13483U 81053GD  24166.87312111  .00003149  00000-0  15610-2 0    15\
2 13483  82.9238 312.5981 0010634 131.4411  22.3807 14.16926467143456
1 13483U 81053GD  24167.41841902  .00003239  00000-0  16059-2 0    19\
2 13483  82.9239 312.1636 0010660 130.3351 283.3894 14.16930246143534
1 13483U 81053GD  24167.92617257  .00003734  00000-0  18521-2 0    15\
2 13483  82.9237 311.7591 0010658 129.1775 353.0581 14.16934849143609
1 13483U 81053GD  24168.40699204  .00003643  00000-0  18068-2 0    16\
2 13483  82.9237 311.3760 0010665 127.9287 285.5130 14.16937838143672
1 13483U 81053GD  24168.91485809  .00003405  00000-0  16878-2 0    19\
2 13483  82.9237 310.9712 0010689 126.6127 355.9223 14.16940461143748
1 13483U 81053GD  24169.90390367  .00003030  00000-0  15012-2 0    16\
2 13483  82.9237 310.1829 0010725 124.3468   0.3431 14.16945325143884
1 13483U 81053GD  24170.10172670  .00003020  00000-0  14962-2 0  3223\
2 13483  82.9236 310.0254 0010735 123.8803 289.3141 14.16946468144250
1 13483U 81053GD  24170.53824866  .00002769  00000-0  13709-2 0    12\
2 13483  82.9236 309.6775 0010752 122.8090 355.7826 14.16948275143972
1 13483U 81053GD  24170.89177279  .00002679  00000-0  13260-2 0    12\
2 13483  82.9236 309.3958 0010758 121.9980 358.8693 14.16950070144025
1 13483U 81053GD  24171.52674188  .00002475  00000-0  12244-2 0  3236\
2 13483  82.9236 308.8898 0010795 120.3276 357.6336 14.16952805144450
1 13483U 81053GD  24171.88049885  .00002317  00000-0  11460-2 0    12\
2 13483  82.9237 308.6079 0010806 119.4528   1.9775 14.16954262144165
1 13483U 81053GD  24172.58691726  .00002537  00000-0  12550-2 0    12\
2 13483  82.9238 308.0449 0010827 117.5768   5.2133 14.16958657144267
1 13483U 81053GD  24172.86946650  .00002556  00000-0  12648-2 0  3249\
2 13483  82.9239 307.8198 0010839 116.8549   6.3898 14.16960273144647
1 13483U 81053GD  24172.86946650  .00002556  00000-0  12648-2 0    11\
2 13483  82.9239 307.8198 0010839 116.8549   6.3898 14.16960273144300
1 13483U 81053GD  24173.57537465  .00002849  00000-0  14106-2 0    16\
2 13483  82.9240 307.2574 0010847 115.1402   6.8772 14.16964978144406
1 13483U 81053GD  24174.40950194  .00002697  00000-0  13349-2 0  3255\
2 13483  82.9242 306.5928 0010856 113.0517 301.4206 14.16968997144868
1 13483U 81053GD  24174.40950194  .00002697  00000-0  13349-2 0    16\
2 13483  82.9242 306.5928 0010856 113.0517 301.4206 14.16968997144521
1 13483U 81053GD  24174.85429233  .00002770  00000-0  13710-2 0    14\
2 13483  82.9243 306.2385 0010855 111.9131  50.1453 14.16971539144588
1 13483U 81053GD  24175.39808922  .00002646  00000-0  13090-2 0    13\
2 13483  82.9244 305.8054 0010850 110.5323 303.8624 14.16974043144660
1 13483U 81053GD  24175.83499590  .00002746  00000-0  13587-2 0  3261\
2 13483  82.9244 305.4572 0010825 109.5207  12.2776 14.16976743145065
1 13483U 81053GD  24175.83499590  .00002746  00000-0  13587-2 0    11\
2 13483  82.9244 305.4572 0010825 109.5207  12.2776 14.16976743144727
1 13483U 81053GD  24176.46063263  .00002668  00000-0  13199-2 0    17\
2 13483  82.9244 304.9589 0010811 107.9291 323.4454 14.16979717144813
1 13483U 81053GD  24176.89528347  .00002582  00000-0  12772-2 0  3275\
2 13483  82.9246 304.6128 0010775 106.9078  20.3765 14.16981650145214
1 13483U 81053GD  24176.89528347  .00002582  00000-0  12772-2 0    14\
2 13483  82.9246 304.6128 0010775 106.9078  20.3765 14.16981650144875
1 13483U 81053GD  24177.44915653  .00002568  00000-0  12699-2 0    18\
2 13483  82.9245 304.1716 0010763 105.4420 325.5687 14.16984442144958
1 13483U 81053GD  24177.81326359  .00002636  00000-0  13041-2 0    16\
2 13483  82.9245 303.8816 0010749 104.4781  22.8079 14.16986586145008
1 13483U 81053GD  24178.36375399  .00002813  00000-0  13921-2 0  3281\
2 13483  82.9244 303.4429 0010718 103.2190 310.5597 14.16990218145425
1 13483U 81053GD  24178.36375399  .00002813  00000-0  13921-2 0    19\
2 13483  82.9244 303.4429 0010718 103.2190 310.5597 14.16990218145087
1 13483U 81053GD  24179.42492038  .00003276  00000-0  16218-2 0  3296\
2 13483  82.9243 302.5975 0010695 100.5584 323.2468 14.16998056145573
1 13483U 81053GD  24179.86131187  .00003384  00000-0  16754-2 0    11\
2 13483  82.9243 302.2498 0010685  99.4563  29.1630 14.17001170145297
1 13483U 81053GD  24180.41357075  .00003841  00000-0  19029-2 0    16\
2 13483  82.9242 301.8098 0010669  98.0945 326.0643 14.17006505145377
1 13483U 81053GD  24180.84940684  .00004571  00000-0  22658-2 0  3305\
2 13483  82.9241 301.4626 0010641  97.0973  29.0605 14.17011682145773
1 13483U 81053GD  24180.84940684  .00004571  00000-0  22658-2 0    10\
2 13483  82.9241 301.4626 0010641  97.0973  29.0605 14.17011682145436
1 13483U 81053GD  24181.40216977  .00004538  00000-0  22491-2 0    12\
2 13483  82.9240 301.0222 0010652  95.7595 328.5251 14.17016251145510
1 13483U 81053GD  24181.83779366  .00004485  00000-0  22226-2 0    12\
2 13483  82.9239 300.6749 0010618  94.7721  30.4407 14.17019771145577
1 13483U 81053GD  24182.10683139  .00004446  00000-0  22029-2 0  3319\
2 13483  82.9239 300.4605 0010638  94.0766 322.7666 14.17022005145950
1 13483U 81053GD  24182.59233458  .00003972  00000-0  19672-2 0    14\
2 13483  82.9238 300.0739 0010618  93.1600 278.9205 14.17025014145682
1 13483U 81053GD  24182.82567247  .00003877  00000-0  19199-2 0    14\
2 13483  82.9238 299.8878 0010631  92.6536  29.0542 14.17026824145711
1 13483U 81053GD  24183.30247517  .00003597  00000-0  17807-2 0  3323\
2 13483  82.9238 299.5078 0010620  91.4322 301.1651 14.17030139146123
1 13483U 81053GD  24183.30247517  .00003597  00000-0  17807-2 0    16\
2 13483  82.9238 299.5078 0010620  91.4322 301.1651 14.17030139145784
1 13483U 81053GD  24183.75322803  .00003554  00000-0  17591-2 0    10\
2 13483  82.9239 299.1487 0010619  90.3163  80.3656 14.17033451145842
1 13483U 81053GD  24184.36824175  .00003221  00000-0  15933-2 0  3334\
2 13483  82.9240 298.6585 0010597  88.8240 337.4052 14.17037204146274
1 13483U 81053GD  24184.36824175  .00003221  00000-0  15933-2 0    16\
2 13483  82.9240 298.6585 0010597  88.8240 337.4052 14.17037204145936
1 13483U 81053GD  24184.80957816  .00003264  00000-0  16150-2 0    13\
2 13483  82.9241 298.3068 0010584  87.6854  68.6314 14.17040388145991
1 13483U 81053GD  24185.42855003  .00002972  00000-0  14694-2 0  3342\
2 13483  82.9243 297.8136 0010567  86.1291 345.9311 14.17044013146429
1 13483U 81053GD  24185.79134126  .00002973  00000-0  14700-2 0    18\
2 13483  82.9244 297.5245 0010528  85.1900  36.5153 14.17046403146131
1 13483U 81053GD  24186.41698682  .00002724  00000-0  13461-2 0    17\
2 13483  82.9244 297.0262 0010489  83.4857 347.9993 14.17049234146229
1 13483U 81053GD  24186.78624514  .00002638  00000-0  13035-2 0  3351\
2 13483  82.9245 296.7320 0010464  82.5097  71.5992 14.17051240146612
1 13483U 81053GD  24186.78624514  .00002638  00000-0  13035-2 0    11\
2 13483  82.9245 296.7320 0010464  82.5097  71.5992 14.17051240146274
1 13483U 81053GD  24187.48584244  .00002806  00000-0  13865-2 0    12\
2 13483  82.9246 296.1746 0010407  80.6880  40.2517 14.17056040146377
1 13483U 81053GD  24187.83991753  .00002781  00000-0  13743-2 0  3366\
2 13483  82.9246 295.8925 0010372  79.7618  46.3998 14.17058098146769
1 13483U 81053GD  24187.83991753  .00002781  00000-0  13743-2 0    15\
2 13483  82.9246 295.8925 0010372  79.7618  46.3998 14.17058098146422
1 13483U 81053GD  24188.39349375  .00002580  00000-0  12742-2 0    19\
2 13483  82.9246 295.4515 0010326  78.2820 350.2450 14.17060625146509
1 13483U 81053GD  24188.76343873  .00002271  00000-0  11205-2 0    17\
2 13483  82.9246 295.1568 0010304  77.2434  77.4227 14.17061741146555
1 13483U 81053GD  24189.24064821  .00002371  00000-0  11703-2 0  3370\
2 13483  82.9246 294.7767 0010264  76.0139 351.6776 14.17064839146967
1 13483U 81053GD  24189.38171837  .00002329  00000-0  11492-2 0    17\
2 13483  82.9246 294.6643 0010253  75.6456 351.2844 14.17065470146643
1 13483U 81053GD  24190.45117125  .00002313  00000-0  11415-2 0  3388\
2 13483  82.9244 293.8123 0010176  72.8166  46.6744 14.17071223147138
1 13483U 81053GD  24190.45117125  .00002313  00000-0  11415-2 0    15\
2 13483  82.9244 293.8123 0010176  72.8166  46.6744 14.17071223146799
1 13483U 81053GD  24190.80565538  .00002388  00000-0  11787-2 0    13\
2 13483  82.9244 293.5299 0010140  71.8760  54.9418 14.17073285146846
1 13483U 81053GD  24191.35796140  .00002237  00000-0  11034-2 0    17\
2 13483  82.9243 293.0898 0010101  70.5280 352.2101 14.17075619146920
1 13483U 81053GD  24191.79356076  .00002289  00000-0  11294-2 0  3394\
2 13483  82.9242 292.7428 0010055  69.4372  54.1982 14.17077884147327
1 13483U 81053GD  24191.79356076  .00002289  00000-0  11294-2 0    10\
2 13483  82.9242 292.7428 0010055  69.4372  54.1982 14.17077884146988
1 13483U 81053GD  24192.50055396  .00002391  00000-0  11799-2 0    15\
2 13483  82.9241 292.1795 0010013  67.6449  60.5931 14.17081623147080
1 13483U 81053GD  24192.71943369  .00002403  00000-0  11859-2 0    15\
2 13483  82.9240 292.0052 0010005  67.1132  97.0844 14.17082768147112
1 13483U 81053GD  24193.05130394  .00002416  00000-0  11924-2 0  3402\
2 13483  82.9239 291.7408 0009984  66.2546 349.9876 14.17084527147506
1 13483U 81053GD  24193.48894760  .00002478  00000-0  12230-2 0    16\
2 13483  82.9239 291.3921 0009965  65.2001  62.3763 14.17086913147227
1 13483U 81053GD  24193.77135296  .00002615  00000-0  12909-2 0    16\
2 13483  82.9239 291.1670 0009948  64.4659  62.9613 14.17088793147269
1 13483U 81053GD  24194.47638351  .00002851  00000-0  14083-2 0  3418\
2 13483  82.9238 290.6053 0009896  62.6103  59.4388 14.17093047147700
1 13483U 81053GD  24194.47638351  .00002851  00000-0  14083-2 0    11\
2 13483  82.9238 290.6053 0009896  62.6103  59.4388 14.17093047147362
1 13483U 81053GD  24194.68862887  .00002884  00000-0  14244-2 0    12\
2 13483  82.9239 290.4363 0009879  62.0232  62.1680 14.17094274147395
1 13483U 81053GD  24195.46515984  .00002941  00000-0  14529-2 0    12\
2 13483  82.9238 289.8176 0009828  59.9858  63.3892 14.17098486147501
1 13483U 81053GD  24195.74727108  .00002968  00000-0  14659-2 0  3427\
2 13483  82.9238 289.5928 0009802  59.1908  62.5464 14.17100139147889
1 13483U 81053GD  24195.74727108  .00002968  00000-0  14659-2 0    19\
2 13483  82.9238 289.5928 0009802  59.1908  62.5464 14.17100139147542
1 13483U 81053GD  24196.52507677  .00003224  00000-0  15933-2 0    15\
2 13483  82.9237 288.9729 0009748  57.1299  70.3095 14.17105349147650
1 13483U 81053GD  24196.73586240  .00003253  00000-0  16074-2 0    10\
2 13483  82.9237 288.8050 0009733  56.5396  65.6091 14.17106745147688
1 13483U 81053GD  24197.21870315  .00003446  00000-0  17030-2 0  3439\
2 13483  82.9238 288.4201 0009696  55.2186   8.7414 14.17110400148090
1 13483U 81053GD  24197.51361656  .00003397  00000-0  16788-2 0    10\
2 13483  82.9238 288.1850 0009666  54.3323  73.2746 14.17111993147796
1 13483U 81053GD  24198.50213899  .00003427  00000-0  16934-2 0  3442\
2 13483  82.9238 287.3972 0009555  51.6457  76.0661 14.17118811148274
1 13483U 81053GD  24198.50213899  .00003427  00000-0  16934-2 0    12\
2 13483  82.9238 287.3972 0009555  51.6457  76.0661 14.17118811147936
1 13483U 81053GD  24198.64182406  .00003385  00000-0  16727-2 0    19\
2 13483  82.9239 287.2859 0009537  51.2069  68.7086 14.17119742147950
1 13483U 81053GD  24199.63000760  .00004572  00000-0  22613-2 0    11\
2 13483  82.9240 286.4984 0009411  48.2483  70.0776 14.17130196148093
1 13483U 81053GD  24199.77297226  .00004595  00000-0  22726-2 0  3452\
2 13483  82.9240 286.3844 0009391  47.7744  79.4820 14.17131513148455
1 13483U 81053GD  24199.77297226  .00004595  00000-0  22726-2 0    11\
2 13483  82.9240 286.3844 0009391  47.7744  79.4820 14.17131513148118
1 13483U 81053GD  24200.32628917  .00004300  00000-0  21264-2 0    10\
2 13483  82.9240 285.9435 0009338  46.1025  22.3425 14.17135371148197
1 13483U 81053GD  24200.76114321  .00004511  00000-0  22306-2 0    19\
2 13483  82.9241 285.5970 0009292  44.8423  80.7938 14.17139554148255
1 13483U 81053GD  24201.24381602  .00004326  00000-0  21389-2 0  3467\
2 13483  82.9241 285.2124 0009243  43.5035  23.1433 14.17143161148669
1 13483U 81053GD  24201.31373421  .00004355  00000-0  21531-2 0    14\
2 13483  82.9241 285.1567 0009231  43.3093  19.8311 14.17143789148335
1 13483U 81053GD  24201.74939979  .00003521  00000-0  17392-2 0    11\
2 13483  82.9241 284.8096 0009178  42.0690  82.4120 14.17145385148391
1 13483U 81053GD  24202.50401554  .00004076  00000-0  20142-2 0  3475\
2 13483  82.9241 284.2082 0009118  39.9757 332.1008 14.17152751148837
1 13483U 81053GD  24202.50401554  .00004076  00000-0  20142-2 0    12\
2 13483  82.9241 284.2082 0009118  39.9757 332.1008 14.17152751148501
1 13483U 81053GD  24202.73855991  .00004084  00000-0  20181-2 0    17\
2 13483  82.9240 284.0213 0009095  39.3023  88.6596 14.17154681148530
1 13483U 81053GD  24203.37206737  .00003888  00000-0  19208-2 0    15\
2 13483  82.9238 283.5165 0009040  37.5676  80.5054 14.17159280148621
1 13483U 81053GD  24203.72590733  .00004143  00000-0  20471-2 0  3489\
2 13483  82.9237 283.2346 0009010  36.5452  85.6812 14.17162505149012
1 13483U 81053GD  24203.72590733  .00004143  00000-0  20471-2 0    15\
2 13483  82.9237 283.2346 0009010  36.5452  85.6812 14.17162505148673
1 13483U 81053GD  24204.43194566  .00004060  00000-0  20062-2 0    12\
2 13483  82.9236 282.6719 0008962  34.7155  87.4609 14.17167893148774
1 13483U 81053GD  24205.19647066  .00004359  00000-0  21541-2 0  3493\
2 13483  82.9233 282.0626 0008918  32.6316  27.7212 14.17174552149227
1 13483U 81053GD  24205.19647066  .00004359  00000-0  21541-2 0    18\
2 13483  82.9233 282.0626 0008918  32.6316  27.7212 14.17174552148888
1 13483U 81053GD  24206.40878303  .00003907  00000-0  19296-2 0  3502\
2 13483  82.9229 281.0965 0008827  29.2989  92.4480 14.17182291149397
1 13483U 81053GD  24206.40878303  .00003907  00000-0  19296-2 0    15\
2 13483  82.9229 281.0965 0008827  29.2989  92.4480 14.17182291149050
1 13483U 81053GD  24206.69835601  .00003758  00000-0  18557-2 0    13\
2 13483  82.9228 280.8658 0008804  28.4355 129.8037 14.17183891149092
1 13483U 81053GD  24207.24479817  .00003134  00000-0  15462-2 0    18\
2 13483  82.9227 280.4303 0008755  26.8486  37.6284 14.17185960149174
1 13483U 81053GD  24207.39727240  .00003173  00000-0  15656-2 0    18\
2 13483  82.9226 280.3087 0008732  26.3572  95.5670 14.17186837149195
1 13483U 81053GD  24208.23122144  .00002828  00000-0  13942-2 0  3514\
2 13483  82.9227 279.6438 0008648  23.5278  30.6083 14.17190864149659
1 13483U 81053GD  24208.23122144  .00002828  00000-0  13942-2 0    16\
2 13483  82.9227 279.6438 0008648  23.5278  30.6083 14.17190864149312
1 13483U 81053GD  24208.95040689  .00002675  00000-0  13185-2 0    17\
2 13483  82.9229 279.0712 0008591  21.4621  99.7320 14.17194638149413
1 13483U 81053GD  24209.44591463  .00002556  00000-0  12594-2 0  3523\
2 13483  82.9226 278.6759 0008532  19.7208 108.0255 14.17197097149820
1 13483U 81053GD  24209.21961282  .00002576  00000-0  12694-2 0    12\
2 13483  82.9227 278.8564 0008551  20.4276  33.4244 14.17195939149453
1 13483U 81053GD  24209.66276524  .00002631  00000-0  12965-2 0    12\
2 13483  82.9226 278.5030 0008512  18.9652 134.4868 14.17198719149514
1 13483U 81053GD  24210.64371731  .00002708  00000-0  13346-2 0  3537\
2 13483  82.9226 277.7212 0008417  15.7420  99.5207 14.17204510149996
1 13483U 81053GD  24210.64371731  .00002708  00000-0  13346-2 0    17\
2 13483  82.9226 277.7212 0008417  15.7420  99.5207 14.17204510149659
1 13483U 81053GD  24211.42363266  .00003164  00000-0  15605-2 0    15\
2 13483  82.9226 277.0997 0008342  13.2814 118.7340 14.17210365149768
1 13483U 81053GD  24211.90200380  .00003077  00000-0  15175-2 0    10\
2 13483  82.9227 276.7185 0008300  11.7221  39.4938 14.17213051149838
1 13483U 81053GD  24212.18711610  .00003278  00000-0  16170-2 0  3544\
2 13483  82.9227 276.4912 0008268  10.6996  54.2976 14.17215373150213
1 13483U 81053GD  24212.46818465  .00003438  00000-0  16959-2 0    13\
2 13483  82.9227 276.2671 0008237   9.7104  48.4500 14.17217376149917
1 13483U 81053GD  24212.89078671  .00004008  00000-0  19785-2 0    11\
2 13483  82.9228 275.9302 0008188   8.4147  44.5901 14.17221621149979
1 13483U 81053GD  24213.24538115  .00003960  00000-0  19547-2 0  3559\
2 13483  82.9228 275.6475 0008139   7.2696  53.8101 14.17223406150362
1 13483U 81053GD  24213.61052660  .00003249  00000-0  16024-2 0    11\
2 13483  82.9228 275.3563 0008088   5.9639 116.9924 14.17223141150070
1 13483U 81053GD  24213.87899377  .00003845  00000-0  18973-2 0    10\
2 13483  82.9227 275.1423 0008081   5.1676  46.7068 14.17226611150117
1 13483U 81053GD  24214.31520964  .00003957  00000-0  19528-2 0  3567\
2 13483  82.9228 274.7947 0008030   4.0298 112.1197 14.17229754150512
1 13483U 81053GD  24214.31520964  .00003957  00000-0  19528-2 0    14\
2 13483  82.9228 274.7947 0008030   4.0298 112.1197 14.17229754150174
1 13483U 81053GD  24214.93842464  .00003181  00000-0  15682-2 0    10\
2 13483  82.9228 274.2979 0007974   2.0550  51.8830 14.17230704150269
1 13483U 81053GD  24215.58601696  .00003351  00000-0  16522-2 0  3579\
2 13483  82.9227 273.7817 0007937   0.1478 115.8887 14.17234811150693
1 13483U 81053GD  24215.93955159  .00003433  00000-0  16929-2 0    12\
2 13483  82.9227 273.5001 0007905 359.1626 119.5684 14.17237458150408
1 13483U 81053GD  24216.64545108  .00003343  00000-0  16483-2 0    15\
2 13483  82.9225 272.9373 0007856 356.6924 121.4686 14.17241745150508
1 13483U 81053GD  24216.64545108  .00003343  00000-0  16483-2 0  3580\
2 13483  82.9225 272.9373 0007856 356.6924 121.4686 14.17241745150845
1 13483U 81053GD  24216.91638073  .00003641  00000-0  17958-2 0    18\
2 13483  82.9225 272.7214 0007838 355.6834  63.9725 14.17244695150544
1 13483U 81053GD  24217.64106494  .00004090  00000-0  20179-2 0    14\
2 13483  82.9224 272.1439 0007785 353.5636 161.3282 14.17250906150648
1 13483U 81053GD  24217.90457963  .00007212  00000-0  35624-2 0    13\
2 13483  82.9223 271.9339 0007768 352.6718  65.9239 14.17261802150687
1 13483U 81053GD  24218.18618153  .00004420  00000-0  21809-2 0  3598\
2 13483  82.9223 271.7093 0007743 351.7284  62.7787 14.17256185151067
1 13483U 81053GD  24218.89196269  .00003722  00000-0  18354-2 0    14\
2 13483  82.9222 271.1467 0007686 349.0685  64.3127 14.17260222150822
1 13483U 81053GD  24219.54039581  .00003288  00000-0  16205-2 0  3608\
2 13483  82.9220 270.6302 0007644 346.6601 133.1813 14.17264344151251
1 13483U 81053GD  24219.61022772  .00003227  00000-0  15902-2 0    18\
2 13483  82.9219 270.5744 0007646 346.4205 129.5050 14.17264750150924
1 13483U 81053GD  24219.68292616  .00003186  00000-0  15697-2 0    16\
2 13483  82.9219 270.5164 0007644 346.1269 140.4998 14.17265228150930
1 13483U 81053GD  24220.16288234  .00003040  00000-0  14976-2 0    10\
2 13483  82.9217 270.1338 0007613 344.2377  69.7683 14.17268541151006
1 13483U 81053GD  24220.67155757  .00003164  00000-0  15589-2 0  3616\
2 13483  82.9215 269.7284 0007590 342.3786 145.4552 14.17272254151413
1 13483U 81053GD  24220.67155757  .00003164  00000-0  15589-2 0    17\
2 13483  82.9215 269.7284 0007590 342.3786 145.4552 14.17272254151075
1 13483U 81053GD  24221.58712075  .00004169  00000-0  20561-2 0    12\
2 13483  82.9213 268.9984 0007524 338.9829 137.4914 14.17280634151206
1 13483U 81053GD  24221.87118146  .00004517  00000-0  22281-2 0  3621\
2 13483  82.9212 268.7719 0007497 337.9944 146.9686 14.17283593151584
1 13483U 81053GD  24221.87118146  .00004517  00000-0  22281-2 0    11\
2 13483  82.9212 268.7719 0007497 337.9944 146.9686 14.17283593151247
1 13483U 81053GD  24222.57549273  .00004368  00000-0  21543-2 0    12\
2 13483  82.9212 268.2104 0007452 335.2008 141.2118 14.17288937151349
1 13483U 81053GD  24222.64775994  .00004385  00000-0  21627-2 0    13\
2 13483  82.9212 268.1527 0007447 334.9253 149.9957 14.17289581151352
1 13483U 81053GD  24223.20025271  .00004492  00000-0  22151-2 0  3635\
2 13483  82.9212 267.7122 0007401 332.9294  89.2990 14.17295095151777
1 13483U 81053GD  24223.63540258  .00005098  00000-0  25146-2 0    18\
2 13483  82.9212 267.3653 0007384 331.2107 149.9680 14.17300467151496
1 13483U 81053GD  24224.56155057  .00007141  00000-0  35236-2 0  3644\
2 13483  82.9214 266.6267 0007354 328.0231 195.8762 14.17315583151968
1 13483U 81053GD  24224.89303141  .00007981  00000-0  39382-2 0    15\
2 13483  82.9215 266.3625 0007297 326.9013  87.3343 14.17320894151674
1 13483U 81053GD  24225.10645652  .00008174  00000-0  40335-2 0    11\
2 13483  82.9216 266.1921 0007315 326.3323  96.2349 14.17324248151707
1 13483U 81053GD  24225.88235649  .00017384  00000-0  85710-2 0    16\
2 13483  82.9216 265.5732 0007226 323.8354  95.3832 14.17358683151816
1 13483U 81053GD  24226.16487346  .00008024  00000-0  39580-2 0  3659\
2 13483  82.9218 265.3481 0007152 323.0603  96.8323 14.17346592152193
1 13483U 81053GD  24226.31834553  .00007540  00000-0  37184-2 0    19\
2 13483  82.9215 265.2248 0007144 322.9137 159.6060 14.17349099151876
1 13483U 81053GD  24227.07695306  .00007423  00000-0  36596-2 0  3664\
2 13483  82.9220 264.6213 0007161 319.5915  71.4628 14.17367353152327
1 13483U 81053GD  24227.58863263  .00005771  00000-0  28435-2 0    12\
2 13483  82.9220 264.2124 0007146 317.5475 162.8434 14.17374134152051
1 13483U 81053GD  24227.87075413  .00005204  00000-0  25636-2 0    17\
2 13483  82.9220 263.9874 0007124 316.4396 162.6485 14.17377613152098
1 13483U 81053GD  24228.21456775  .00005342  00000-0  26313-2 0  3671\
2 13483  82.9219 263.7135 0007100 315.3358 117.0555 14.17381655152480
1 13483U 81053GD  24228.21456775  .00005342  00000-0  26313-2 0    16\
2 13483  82.9219 263.7135 0007100 315.3358 117.0555 14.17381655152143
1 13483U 81053GD  24228.85930851  .00005090  00000-0  25064-2 0    10\
2 13483  82.9220 263.1998 0007101 312.6277 167.6785 14.17388127152234
1 13483U 81053GD  24229.12873176  .00004933  00000-0  24291-2 0    13\
2 13483  82.9218 262.9850 0007098 311.7649 102.4947 14.17390924152272
1 13483U 81053GD  24230.11697292  .00006002  00000-0  29558-2 0  3683\
2 13483  82.9215 262.1969 0007101 307.9498 105.9793 14.17403122152751
1 13483U 81053GD  24230.11697292  .00006002  00000-0  29558-2 0    17\
2 13483  82.9215 262.1969 0007101 307.9498 105.9793 14.17403122152414
1 13483U 81053GD  24231.17869872  .00006064  00000-0  29862-2 0  3692\
2 13483  82.9212 261.3504 0007126 303.7922 124.5952 14.17415175152909
1 13483U 81053GD  24231.17869872  .00006064  00000-0  29862-2 0    15\
2 13483  82.9212 261.3504 0007126 303.7922 124.5952 14.17415175152561
1 13483U 81053GD  24231.82495549  .00005533  00000-0  27238-2 0    18\
2 13483  82.9210 260.8352 0007097 301.3150 182.7963 14.17421462152652
1 13483U 81053GD  24232.53672057  .00005009  00000-0  24648-2 0  3707\
2 13483  82.9206 260.2678 0007172 298.2508 215.6796 14.17429148153095
1 13483U 81053GD  24232.53672057  .00005009  00000-0  24648-2 0    18\
2 13483  82.9206 260.2678 0007172 298.2508 215.6796 14.17429148152757
1 13483U 81053GD  24233.58925128  .00004979  00000-0  24492-2 0    16\
2 13483  82.9204 259.4285 0007156 294.6743 186.9247 14.17440521152908
1 13483U 81053GD  24233.58925128  .00004979  00000-0  24492-2 0  3716\
2 13483  82.9204 259.4285 0007156 294.6743 186.9247 14.17440521153246
1 13483U 81053GD  24234.57745366  .00004967  00000-0  24432-2 0    11\
2 13483  82.9202 258.6401 0007078 290.9135 190.3280 14.17449967153049
1 13483U 81053GD  24234.84669678  .00005067  00000-0  24924-2 0  3721\
2 13483  82.9202 258.4253 0007120 289.6466 124.6901 14.17452743153420
1 13483U 81053GD  24234.84669678  .00005067  00000-0  24924-2 0    10\
2 13483  82.9202 258.4253 0007120 289.6466 124.6901 14.17452743153082
1 13483U 81053GD  24235.56590870  .00005066  00000-0  24912-2 0    13\
2 13483  82.9202 257.8514 0007056 287.2788 194.9295 14.17459923153188
1 13483U 81053GD  24235.83488808  .00005198  00000-0  25563-2 0    19\
2 13483  82.9203 257.6369 0007060 286.1689 127.7990 14.17462936153227
1 13483U 81053GD  24236.11834406  .00005342  00000-0  26273-2 0  3732\
2 13483  82.9202 257.4108 0007034 285.0709 134.4876 14.17465875153602
1 13483U 81053GD  24236.55377894  .00004527  00000-0  22252-2 0    18\
2 13483  82.9203 257.0634 0007028 283.4445 196.7811 14.17468260153325
1 13483U 81053GD  24237.54126800  .00004536  00000-0  22296-2 0  3748\
2 13483  82.9205 256.2755 0007014 279.8435 196.4835 14.17476875153802
1 13483U 81053GD  24237.54126800  .00004536  00000-0  22296-2 0    15\
2 13483  82.9205 256.2755 0007014 279.8435 196.4835 14.17476875153464
1 13483U 81053GD  24237.81111328  .00004434  00000-0  21789-2 0    17\
2 13483  82.9206 256.0603 0006999 278.9360 133.5818 14.17478952153509
1 13483U 81053GD  24238.09397602  .00004433  00000-0  21782-2 0    11\
2 13483  82.9206 255.8347 0006999 277.8518 137.2477 14.17481515153549
1 13483U 81053GD  24238.80042556  .00004055  00000-0  19920-2 0  3750\
2 13483  82.9208 255.2714 0007000 275.4339 142.5212 14.17486473153984
1 13483U 81053GD  24238.80042556  .00004055  00000-0  19920-2 0    16\
2 13483  82.9208 255.2714 0007000 275.4339 142.5212 14.17486473153647
1 13483U 81053GD  24239.08232171  .00004036  00000-0  19822-2 0    11\
2 13483  82.9209 255.0465 0007007 274.3603 141.2546 14.17488841153689
1 13483U 81053GD  24240.07032875  .00004750  00000-0  23337-2 0  3765\
2 13483  82.9210 254.2584 0007025 270.7283 143.7047 14.17498661154166
1 13483U 81053GD  24240.07032875  .00004750  00000-0  23337-2 0    10\
2 13483  82.9210 254.2584 0007025 270.7283 143.7047 14.17498661153828
1 13483U 81053GD  24240.79998443  .00004685  00000-0  23017-2 0    13\
2 13483  82.9208 253.6762 0007049 268.0626 267.6194 14.17504333153927
1 13483U 81053GD  24241.05844659  .00005054  00000-0  24833-2 0    10\
2 13483  82.9208 253.4701 0007075 267.0750 146.7719 14.17507704153963
1 13483U 81053GD  24242.04661750  .00006261  00000-0  30771-2 0  3774\
2 13483  82.9208 252.6820 0007162 263.3999 150.1764 14.17521004154449
1 13483U 81053GD  24242.04661750  .00006261  00000-0  30771-2 0    18\
2 13483  82.9208 252.6820 0007162 263.3999 150.1764 14.17521004154102
1 13483U 81053GD  24243.30909541  .00005732  00000-0  28158-2 0  3786\
2 13483  82.9209 251.6753 0007234 258.7108 113.6330 14.17534166154619
1 13483U 81053GD  24243.30909541  .00005732  00000-0  28158-2 0    19\
2 13483  82.9209 251.6753 0007234 258.7108 113.6330 14.17534166154282
1 13483U 81053GD  24244.02389032  .00006836  00000-0  33587-2 0    14\
2 13483  82.9203 251.1053 0007232 256.3287 161.5797 14.17545632154384
1 13483U 81053GD  24245.08522978  .00007087  00000-0  34810-2 0  3796\
2 13483  82.9204 250.2591 0007208 252.1108 178.8386 14.17560408154878
1 13483U 81053GD  24245.51951837  .00007738  00000-0  38008-2 0    12\
2 13483  82.9206 249.9126 0007213 250.3727 235.5515 14.17568116154590
1 13483U 81053GD  24246.50738719  .00006790  00000-0  33338-2 0  3802\
2 13483  82.9204 249.1243 0007186 246.5568 237.7662 14.17580373155079
1 13483U 81053GD  24246.50738719  .00006790  00000-0  33338-2 0    12\
2 13483  82.9204 249.1243 0007186 246.5568 237.7662 14.17580373154731
1 13483U 81053GD  24247.06005703  .00007805  00000-0  38320-2 0    18\
2 13483  82.9203 248.6833 0007200 244.3523 178.7613 14.17590228154812
1 13483U 81053GD  24247.97742684  .00009752  00000-0  47873-2 0  3811\
2 13483  82.9206 247.9515 0007208 240.6156 181.4071 14.17606508155283
1 13483U 81053GD  24248.49156910  .00010588  00000-0  51966-2 0    16\
2 13483  82.9206 247.5416 0007241 238.8556 285.4947 14.17615736155010
1 13483U 81053GD  24249.31892686  .00009764  00000-0  47909-2 0  3823\
2 13483  82.9204 246.8815 0007258 235.9762 188.2659 14.17629414155476
1 13483U 81053GD  24249.31892686  .00009764  00000-0  47909-2 0    11\
2 13483  82.9204 246.8815 0007258 235.9762 188.2659 14.17629414155139
1 13483U 81053GD  24249.95446551  .00009660  00000-0  47391-2 0    17\
2 13483  82.9208 246.3744 0007329 233.6751 192.1253 14.17641104155225
1 13483U 81053GD  24250.46676319  .00009105  00000-0  44660-2 0  3835\
2 13483  82.9212 245.9662 0007370 232.8358 285.9504 14.17649397155631
1 13483U 81053GD  24250.46676319  .00009105  00000-0  44660-2 0    12\
2 13483  82.9212 245.9662 0007370 232.8358 285.9504 14.17649397155293
1 13483U 81053GD  24251.45395102  .00009582  00000-0  46980-2 0    16\
2 13483  82.9211 245.1778 0007425 229.4266 284.5844 14.17667870155437
1 13483U 81053GD  24252.07299279  .00010695  00000-0  52425-2 0  3845\
2 13483  82.9212 244.6837 0007490 227.0442 204.4693 14.17681031155865
1 13483U 81053GD  24252.50744042  .00009205  00000-0  45118-2 0    18\
2 13483  82.9214 244.3372 0007563 225.5384 261.9452 14.17686608155582
1 13483U 81053GD  24252.91351241  .00009807  00000-0  48058-2 0    12\
2 13483  82.9214 244.0131 0007600 224.1472 174.5860 14.17695457155648
1 13483U 81053GD  24253.14162491  .00010060  00000-0  49297-2 0  3859\
2 13483  82.9214 243.8312 0007620 223.3573 258.9136 14.17700213156013
1 13483U 81053GD  24253.49503828  .00009794  00000-0  47983-2 0    17\
2 13483  82.9217 243.5494 0007693 221.8234 263.1170 14.17706894155725
1 13483U 81053GD  24253.69282466  .00009952  00000-0  48755-2 0    15\
2 13483  82.9216 243.3914 0007703 221.2752 192.5253 14.17710834155759
1 13483U 81053GD  24254.48399221  .00009702  00000-0  47518-2 0  3866\
2 13483  82.9218 242.7601 0007743 218.5531 270.8303 14.17726802156204
1 13483U 81053GD  24254.96408184  .00009595  00000-0  46986-2 0    10\
2 13483  82.9218 242.3771 0007745 216.6034 201.6357 14.17735141155933
1 13483U 81053GD  24255.47131959  .00008558  00000-0  41897-2 0    14\
2 13483  82.9217 241.9727 0007821 214.4843 271.1031 14.17742103156003
1 13483U 81053GD  24255.94480064  .00009082  00000-0  44460-2 0    12\
2 13483  82.9217 241.5949 0007831 212.4756 168.2861 14.17750821156077
1 13483U 81053GD  24256.02331264  .00009112  00000-0  44602-2 0  3878\
2 13483  82.9217 241.5324 0007852 212.0807 209.1633 14.17752100156423
1 13483U 81053GD  24256.45965045  .00008401  00000-0  41114-2 0    13\
2 13483  82.9217 241.1843 0007881 210.4574 276.5094 14.17757703156142
1 13483U 81053GD  24256.94036663  .00013343  00000-0  65286-2 0    19\
2 13483  82.9216 240.8005 0007858 208.7570 210.3303 14.17775824156218
1 13483U 81053GD  24257.44739990  .00015517  00000-0  75893-2 0  3886\
2 13483  82.9214 240.3958 0007886 206.5791 278.8939 14.17790770156626
1 13483U 81053GD  24258.43659670  .00014887  00000-0  72781-2 0  3895\
2 13483  82.9214 239.6066 0007968 202.8031 288.6400 14.17813889156768
1 13483U 81053GD  24258.43659670  .00014887  00000-0  72781-2 0    16\
2 13483  82.9214 239.6066 0007968 202.8031 288.6400 14.17813889156421
1 13483U 81053GD  24258.91756635  .00007852  00000-0  38389-2 0    18\
2 13483  82.9213 239.2229 0007988 201.2578 223.6631 14.17812472156497
1 13483U 81053GD  24258.91756635  .00007852  00000-0  38389-2 0  3909\
2 13483  82.9213 239.2229 0007988 201.2578 223.6631 14.17812472156835
1 13483U 81053GD  24259.97410597  .00008670  00000-0  42378-2 0    11\
2 13483  82.9218 238.3800 0008090 197.9471 216.5444 14.17829041156645
1 13483U 81053GD  24260.04856149  .00008778  00000-0  42905-2 0  3915\
2 13483  82.9216 238.3204 0008129 197.9728 236.3291 14.17830005156999
1 13483U 81053GD  24260.04856149  .00008778  00000-0  42905-2 0    13\
2 13483  82.9216 238.3204 0008129 197.9728 236.3291 14.17830005156652
1 13483U 81053GD  24260.96197878  .00007196  00000-0  35158-2 0    16\
2 13483  82.9217 237.5915 0008180 195.0718 218.7543 14.17839324156789
1 13483U 81053GD  24261.39934775  .00022508  00000-0  10984-1 0  3925\
2 13483  82.9216 237.2425 0008255 194.3447 290.6221 14.17872556157186
1 13483U 81053GD  24261.39934775  .00022508  00000-0  10984-1 0    12\
2 13483  82.9216 237.2425 0008255 194.3447 290.6221 14.17872556156848
1 13483U 81053GD  24261.94997324  .00008397  00000-0  41018-2 0    15\
2 13483  82.9220 236.8035 0008261 191.9091 221.9268 14.17855762156927
1 13483U 81053GD  24262.02296500  .00008322  00000-0  40651-2 0  3937\
2 13483  82.9219 236.7452 0008277 191.6282 234.5591 14.17856730157277
1 13483U 81053GD  24262.45808089  .00006123  00000-0  29897-2 0    17\
2 13483  82.9223 236.3984 0008233 190.0592 295.7785 14.17859229156995
1 13483U 81053GD  24262.86443632  .00005245  00000-0  25598-2 0    19\
2 13483  82.9223 236.0740 0008295 188.9291 209.8539 14.17863568157054
1 13483U 81053GD  24263.38102431  .00005552  00000-0  27099-2 0  3940\
2 13483  82.9225 235.6618 0008363 187.0207 327.0460 14.17869812157467
1 13483U 81053GD  24263.38102431  .00005552  00000-0  27099-2 0    15\
2 13483  82.9225 235.6618 0008363 187.0207 327.0460 14.17869812157120
1 13483U 81053GD  24263.92114646  .00006252  00000-0  30517-2 0  3959\
2 13483  82.9222 235.2306 0008394 184.7920 204.6246 14.17877188157540
1 13483U 81053GD  24264.36892293  .00005558  00000-0  27119-2 0    15\
2 13483  82.9223 234.8736 0008396 183.8103 329.8716 14.17879798157268
1 13483U 81053GD  24264.98642580  .00005494  00000-0  26803-2 0  3960\
2 13483  82.9229 234.3813 0008409 182.1123 241.6831 14.17885481157696
1 13483U 81053GD  24265.42135722  .00005520  00000-0  26928-2 0    16\
2 13483  82.9226 234.0338 0008445 181.0647 301.4863 14.17889571157415
1 13483U 81053GD  24266.40898243  .00004796  00000-0  23386-2 0  3976\
2 13483  82.9228 233.2451 0008620 177.3884 303.4453 14.17896457157890
1 13483U 81053GD  24266.40898243  .00004796  00000-0  23386-2 0    18\
2 13483  82.9228 233.2451 0008620 177.3884 303.4453 14.17896457157553
1 13483U 81053GD  24267.39789955  .00006604  00000-0  32218-2 0    10\
2 13483  82.9230 232.4558 0008658 173.2528 312.4835 14.17908909157691
1 13483U 81053GD  24268.38632264  .00005576  00000-0  27191-2 0  3980\
2 13483  82.9230 231.6674 0008785 169.8014 318.3579 14.17916291158170
1 13483U 81053GD  24268.38632264  .00005576  00000-0  27191-2 0    11\
2 13483  82.9230 231.6674 0008785 169.8014 318.3579 14.17916291157832
1 13483U 81053GD  24269.37495090  .00007001  00000-0  34143-2 0    15\
2 13483  82.9228 230.8787 0008960 167.3483 324.3271 14.17931085157972
1 13483U 81053GD  24270.07856061  .00007420  00000-0  36179-2 0  3999\
2 13483  82.9235 230.3167 0009100 165.5525 315.6341 14.17940450158418
1 13483U 81053GD  24270.62985387  .00006879  00000-0  33536-2 0    15\
2 13483  82.9236 229.8767 0009177 163.4638 250.1983 14.17946686158157
1 13483U 81053GD  24271.13838352  .00006501  00000-0  31687-2 0  4001\
2 13483  82.9233 229.4713 0009213 161.8950 326.0962 14.17953295158560
1 13483U 81053GD  24271.27836813  .00006434  00000-0  31359-2 0    14\
2 13483  82.9233 229.3598 0009233 161.4581 320.6843 14.17955146158248
1 13483U 81053GD  24272.40786206  .00006089  00000-0  29662-2 0  4014\
2 13483  82.9230 228.4589 0009320 157.9578 326.4988 14.17971101158746
1 13483U 81053GD  24272.40786206  .00006089  00000-0  29662-2 0    10\
2 13483  82.9230 228.4589 0009320 157.9578 326.4988 14.17971101158409
1 13483U 81053GD  24272.88881206  .00007652  00000-0  37283-2 0    13\
2 13483  82.9228 228.0753 0009316 156.5761 261.5555 14.17981216158473
1 13483U 81053GD  24273.60783742  .00008246  00000-0  40174-2 0    13\
2 13483  82.9231 227.5021 0009356 155.0043 331.4169 14.17992642158574
1 13483U 81053GD  24273.60783742  .00008246  00000-0  40174-2 0  4028\
2 13483  82.9231 227.5021 0009356 155.0043 331.4169 14.17992642158912
1 13483U 81053GD  24274.31866007  .00009333  00000-0  45459-2 0    17\
2 13483  82.9233 226.9348 0009442 152.7380   0.1591 14.18006449158677
1 13483U 81053GD  24274.86454368  .00009355  00000-0  45561-2 0  4034\
2 13483  82.9235 226.4990 0009534 150.8021 267.1073 14.18016478159090
1 13483U 81053GD  24274.93578177  .00009288  00000-0  45232-2 0    11\
2 13483  82.9234 226.4422 0009546 150.5688 270.7873 14.18017607158764
1 13483U 81053GD  24275.37107387  .00009478  00000-0  46147-2 0    18\
2 13483  82.9234 226.0946 0009604 149.0756 333.0898 14.18026124158826
1 13483U 81053GD  24275.85258616  .00009706  00000-0  47253-2 0    16\
2 13483  82.9234 225.7105 0009669 147.8610 270.9405 14.18036066158891
1 13483U 81053GD  24275.92363001  .00009694  00000-0  47189-2 0  4040\
2 13483  82.9235 225.6536 0009673 147.7249 273.5382 14.18037499159245
1 13483U 81053GD  24276.36038187  .00013732  00000-0  66827-2 0    14\
2 13483  82.9238 225.3051 0009786 145.9958 343.5538 14.18051636158967
1 13483U 81053GD  24276.83468059  .00015887  00000-0  77283-2 0    12\
2 13483  82.9240 224.9264 0009850 144.6083 244.8144 14.18065798159037
1 13483U 81053GD  24276.83468059  .00015887  00000-0  77283-2 0  4050\
2 13483  82.9240 224.9264 0009850 144.6083 244.8144 14.18065798159374
1 13483U 81053GD  24277.34786404  .00010866  00000-0  52862-2 0    14\
2 13483  82.9243 224.5168 0009930 142.9746 344.7288 14.18069839159102
1 13483U 81053GD  24277.89818855  .00014551  00000-0  70762-2 0  4063\
2 13483  82.9243 224.0776 0010017 140.8789 274.6224 14.18086184159523
1 13483U 81053GD  24277.89818855  .00014551  00000-0  70762-2 0    14\
2 13483  82.9243 224.0776 0010017 140.8789 274.6224 14.18086184159185
1 13483U 81053GD  24278.88747177  .00014925  00000-0  72542-2 0    15\
2 13483  82.9243 223.2882 0010136 137.9266 285.0472 14.18111493159322
1 13483U 81053GD  24279.32427345  .00014685  00000-0  71362-2 0  4079\
2 13483  82.9244 222.9395 0010150 137.3235 354.3090 14.18123141159727
1 13483U 81053GD  24279.32427345  .00014685  00000-0  71362-2 0    19\
2 13483  82.9244 222.9395 0010150 137.3235 354.3090 14.18123141159389
1 13483U 81053GD  24279.87698719  .00014043  00000-0  68226-2 0    17\
2 13483  82.9245 222.4984 0010198 135.7512 295.9746 14.18136943159462
1 13483U 81053GD  24280.60264216  .00011492  00000-0  55821-2 0    13\
2 13483  82.9245 221.9199 0010226 135.0774  39.1749 14.18151874159561
1 13483U 81053GD  24280.60264216  .00011492  00000-0  55821-2 0  4084\
2 13483  82.9245 221.9199 0010226 135.0774  39.1749 14.18151874159909
1 13483U 81053GD  24280.86475376  .00012343  00000-0  59948-2 0    12\
2 13483  82.9245 221.7104 0010296 133.3965 298.2399 14.18158304159604
1 13483U 81053GD  24281.85004109  .00014009  00000-0  67998-2 0  4091\
2 13483  82.9242 220.9242 0010412 130.6608 288.3283 14.18186110160081
1 13483U 81053GD  24281.85004109  .00014009  00000-0  67998-2 0    19\
2 13483  82.9242 220.9242 0010412 130.6608 288.3283 14.18186110159742
1 13483U 81053GD  24282.90957060  .00012365  00000-0  59982-2 0    16\
2 13483  82.9238 220.0786 0010650 127.4268 297.8501 14.18216513159896
1 13483U 81053GD  24282.90957060  .00012365  00000-0  59982-2 0  4100\
2 13483  82.9238 220.0786 0010650 127.4268 297.8501 14.18216513160236
1 13483U 81053GD  24283.34538369  .00013507  00000-0  65506-2 0    10\
2 13483  82.9238 219.7308 0010582 126.6532   2.4049 14.18229968159952
1 13483U 81053GD  24283.82545719  .00009667  00000-0  46879-2 0    14\
2 13483  82.9240 219.3479 0010636 125.3466 293.3467 14.18234855160028
1 13483U 81053GD  24284.33276691  .00011773  00000-0  57081-2 0  4114\
2 13483  82.9239 218.9433 0010619 124.2079   3.1138 14.18246386160439
1 13483U 81053GD  24284.33276691  .00011773  00000-0  57081-2 0    19\
2 13483  82.9239 218.9433 0010619 124.2079   3.1138 14.18246386160091
1 13483U 81053GD  24284.81296390  .00033290  00000-0  16097-1 0  4125\
2 13483  82.9242 218.5600 0010757 122.8955 294.7226 14.18278793160506
1 13483U 81053GD  24284.81296390  .00033290  00000-0  16097-1 0    19\
2 13483  82.9242 218.5600 0010757 122.8955 294.7226 14.18278793160168
1 13483U 81053GD  24285.31998421  .00086099  00000-0  41269-1 0  4130\
2 13483  82.9238 218.1548 0010795 121.6457   3.2151 14.18363808160573
1 13483U 81053GD  24285.31998421  .00086099  00000-0  41269-1 0    13\
2 13483  82.9238 218.1548 0010795 121.6457   3.2151 14.18363808160236
1 13483U 81053GD  24285.87175550  .00014769  00000-0  71535-2 0  4147\
2 13483  82.9240 217.7141 0010822 119.4088 301.0061 14.18291785160658
1 13483U 81053GD  24286.30849653  .00010613  00000-0  51401-2 0    14\
2 13483  82.9244 217.3658 0010941 118.8516  10.2016 14.18302025160370
1 13483U 81053GD  24286.86024088  .00008416  00000-0  40749-2 0    13\
2 13483  82.9242 216.9255 0011049 117.1738 307.3720 14.18308982160453
1 13483U 81053GD  24287.30205785  .00007976  00000-0  38613-2 0    15\
2 13483  82.9253 216.5739 0011104 115.8225  43.2794 14.18314691160514
1 13483U 81053GD  24287.77113056  .00007273  00000-0  35202-2 0    16\
2 13483  82.9251 216.1991 0011202 114.2636 278.4807 14.18318013160582
1 13483U 81053GD  24288.28290003  .00005431  00000-0  26271-2 0  4161\
2 13483  82.9247 215.7892 0011109 113.7737  10.5027 14.18321269160995
1 13483U 81053GD  24288.28290003  .00005431  00000-0  26271-2 0    11\
2 13483  82.9247 215.7892 0011109 113.7737  10.5027 14.18321269160658
1 13483U 81053GD  24289.27038105  .00006352  00000-0  30730-2 0    12\
2 13483  82.9247 215.0013 0011145 110.9067  12.4558 14.18332586160790
1 13483U 81053GD  24289.74356360  .00005869  00000-0  28388-2 0  4179\
2 13483  82.9253 214.6240 0011177 109.5920 268.4171 14.18335550161194
1 13483U 81053GD  24289.74356360  .00005869  00000-0  28388-2 0    18\
2 13483  82.9253 214.6240 0011177 109.5920 268.4171 14.18335550160867
1 13483U 81053GD  24289.97673486  .00005858  00000-0  28334-2 0    13\
2 13483  82.9253 214.4380 0011166 108.8358  19.0493 14.18338269160895
1 13483U 81053GD  24291.25161671  .00006181  00000-0  29889-2 0  4183\
2 13483  82.9255 213.4201 0011227 105.6301  48.0325 14.18353069161419
1 13483U 81053GD  24292.30427411  .00008599  00000-0  41587-2 0  4192\
2 13483  82.9256 212.5799 0011297 102.9129  22.5508 14.18368665161561
1 13483U 81053GD  24292.30427411  .00008599  00000-0  41587-2 0    19\
2 13483  82.9256 212.5799 0011297 102.9129  22.5508 14.18368665161224
1 13483U 81053GD  24293.29241535  .00012988  00000-0  62794-2 0    19\
2 13483  82.9261 211.7906 0011385 100.1853  27.8925 14.18388098161361
1 13483U 81053GD  24294.28002142  .00013313  00000-0  64346-2 0    16\
2 13483  82.9259 211.0025 0011662  96.9036  31.1040 14.18401709161503
1 13483U 81053GD  24294.76017389  .00008836  00000-0  42710-2 0  4219\
2 13483  82.9255 210.6197 0011554  96.3957 321.9149 14.18396340161919
1 13483U 81053GD  24294.83053553  .00009042  00000-0  43709-2 0    13\
2 13483  82.9254 210.5636 0011554  96.2294 321.1518 14.18397594161585
1 13483U 81053GD  24295.19566590  .00005186  00000-0  25050-2 0    17\
2 13483  82.9254 210.2722 0011605  95.1919  25.5311 14.18394811161638
1 13483U 81053GD  24295.19566590  .00005186  00000-0  25050-2 0  4224\
2 13483  82.9254 210.2722 0011605  95.1919  25.5311 14.18394811161975
1 13483U 81053GD  24296.80511524  .00004504  00000-0  21740-2 0  4236\
2 13483  82.9250 208.9879 0011721  91.0736 323.0722 14.18409510162201
1 13483U 81053GD  24296.80511524  .00004504  00000-0  21740-2 0    18\
2 13483  82.9250 208.9879 0011721  91.0736 323.0722 14.18409510161862
1 13483U 81053GD  24297.17205521  .00005003  00000-0  24154-2 0    13\
2 13483  82.9250 208.6951 0011779  90.0092  36.7399 14.18414723161913
1 13483U 81053GD  24297.79471341  .00005113  00000-0  24682-2 0    14\
2 13483  82.9250 208.1983 0011839  88.4518 335.9170 14.18422060162009
1 13483U 81053GD  24297.94839322  .00005399  00000-0  26065-2 0  4240\
2 13483  82.9250 208.0756 0011793  88.0902  40.5577 14.18424429162368
1 13483U 81053GD  24297.94839322  .00005399  00000-0  26065-2 0    11\
2 13483  82.9250 208.0756 0011793  88.0902  40.5577 14.18424429162021
1 13483U 81053GD  24298.85400514  .00006258  00000-0  30213-2 0    14\
2 13483  82.9251 207.3527 0011828  85.5363 344.7710 14.18437413162151
1 13483U 81053GD  24299.84098042  .00006252  00000-0  30177-2 0  4256\
2 13483  82.9253 206.5651 0011808  82.9595 344.2759 14.18449815162638
1 13483U 81053GD  24299.84098042  .00006252  00000-0  30177-2 0    16\
2 13483  82.9253 206.5651 0011808  82.9595 344.2759 14.18449815162290
1 13483U 81053GD  24300.27575677  .00005867  00000-0  28312-2 0    19\
2 13483  82.9254 206.2180 0011829  81.8899  44.1976 14.18454747162357
1 13483U 81053GD  24300.82831750  .00007358  00000-0  35515-2 0    17\
2 13483  82.9257 205.7769 0011784  80.3712 345.6888 14.18465266162433
1 13483U 81053GD  24301.19813576  .00008856  00000-0  42744-2 0  4261\
2 13483  82.9259 205.4816 0011758  79.3910  74.0347 14.18474015162822
1 13483U 81053GD  24301.81539015  .00010377  00000-0  50077-2 0    11\
2 13483  82.9257 204.9885 0011802  78.1392 345.4599 14.18486579162575
1 13483U 81053GD  24302.25123397  .00009773  00000-0  47156-2 0  4276\
2 13483  82.9259 204.6406 0011847  77.1796  50.7779 14.18494329162971
1 13483U 81053GD  24302.25123397  .00009773  00000-0  47156-2 0    14\
2 13483  82.9259 204.6406 0011847  77.1796  50.7779 14.18494329162634
1 13483U 81053GD  24302.72581241  .00010527  00000-0  50785-2 0    13\
2 13483  82.9261 204.2615 0011907  75.9524 314.0646 14.18505470162704
1 13483U 81053GD  24303.23889142  .00009617  00000-0  46386-2 0    11\
2 13483  82.9261 203.8519 0011899  74.7914  53.7959 14.18514617162776
1 13483U 81053GD  24303.99182413  .00010137  00000-0  48880-2 0    11\
2 13483  82.9261 203.2507 0011940  72.8736 298.4452 14.18530699162881
1 13483U 81053GD  24303.99182413  .00010137  00000-0  48880-2 0  4284\
2 13483  82.9261 203.2507 0011940  72.8736 298.4452 14.18530699163219
1 13483U 81053GD  24304.15542969  .00010857  00000-0  52346-2 0    17\
2 13483  82.9262 203.1201 0011942  72.5298  53.7867 14.18535369162908
1 13483U 81053GD  24304.77727580  .00010365  00000-0  49960-2 0    11\
2 13483  82.9260 202.6237 0011969  71.0700 348.9915 14.18547395162994
1 13483U 81053GD  24305.21378097  .00009854  00000-0  47488-2 0  4294\
2 13483  82.9260 202.2752 0012016  70.0858  57.8068 14.18556450163391
1 13483U 81053GD  24305.21378097  .00009854  00000-0  47488-2 0    10\
2 13483  82.9260 202.2752 0012016  70.0858  57.8068 14.18556450163054
1 13483U 81053GD  24305.76473997  .00011500  00000-0  55408-2 0    17\
2 13483  82.9260 201.8353 0012027  68.8016 351.0903 14.18569859163132
1 13483U 81053GD  24306.75264907  .00009166  00000-0  44146-2 0    18\
2 13483  82.9258 201.0464 0012078  66.2835 355.7864 14.18588604163272
1 13483U 81053GD  24307.11779372  .00009963  00000-0  47980-2 0  4317\
2 13483  82.9256 200.7549 0011978  65.2781  60.4684 14.18597609163665
1 13483U 81053GD  24307.11779372  .00009963  00000-0  47980-2 0    10\
2 13483  82.9256 200.7549 0011978  65.2781  60.4684 14.18597609163328
1 13483U 81053GD  24307.81330116  .00011853  00000-0  57062-2 0    19\
2 13483  82.9255 200.1995 0012036  63.4413  12.1637 14.18614986163425
1 13483U 81053GD  24308.18112001  .00012191  00000-0  58678-2 0  4329\
2 13483  82.9252 199.9057 0011983  62.3765  90.5876 14.18624311163815
1 13483U 81053GD  24308.18112001  .00012191  00000-0  58678-2 0    11\
2 13483  82.9252 199.9057 0011983  62.3765  90.5876 14.18624311163477
1 13483U 81053GD  24308.79943236  .00009780  00000-0  47063-2 0    16\
2 13483  82.9250 199.4120 0011879  60.8205   8.0548 14.18636146163566
1 13483U 81053GD  24309.16891056  .00011254  00000-0  54144-2 0    17\
2 13483  82.9248 199.1172 0011921  59.8711  94.8653 14.18647181163612
1 13483U 81053GD  24309.78680716  .00009498  00000-0  45685-2 0  4330\
2 13483  82.9244 198.6231 0012080  58.0621  10.5098 14.18658174164046
1 13483U 81053GD  24309.78680716  .00009498  00000-0  45685-2 0    11\
2 13483  82.9244 198.6231 0012080  58.0621  10.5098 14.18658174163708
1 13483U 81053GD  24310.44235090  .00008929  00000-0  42939-2 0    14\
2 13483  82.9249 198.1003 0012036  56.5809 118.0098 14.18669357163795
1 13483U 81053GD  24311.13883733  .00007278  00000-0  34983-2 0  4340\
2 13483  82.9250 197.5444 0012018  54.6782  74.9415 14.18680254164230
1 13483U 81053GD  24311.20921316  .00008524  00000-0  40979-2 0    15\
2 13483  82.9249 197.4885 0011950  54.5095  74.3269 14.18683017163900
1 13483U 81053GD  24311.76050300  .00008576  00000-0  41221-2 0    10\
2 13483  82.9249 197.0482 0011987  53.1721   9.5984 14.18692199163983
1 13483U 81053GD  24312.19628940  .00007932  00000-0  38120-2 0    18\
2 13483  82.9249 196.7003 0012008  52.0978  75.0612 14.18699048164049
1 13483U 81053GD  24312.19628940  .00007932  00000-0  38120-2 0  4359\
2 13483  82.9249 196.7003 0012008  52.0978  75.0612 14.18699048164386
1 13483U 81053GD  24313.93673597  .00007806  00000-0  37491-2 0    19\
2 13483  82.9249 195.3106 0012076  48.3265 322.7118 14.18726374164293
1 13483U 81053GD  24313.93673597  .00007806  00000-0  37491-2 0  4361\
2 13483  82.9249 195.3106 0012076  48.3265 322.7118 14.18726374164620
1 13483U 81053GD  24314.17150587  .00012689  00000-0  60944-2 0    19\
2 13483  82.9251 195.1228 0012054  47.5099  81.8939 14.18737690164322
1 13483U 81053GD  24314.17150587  .00012689  00000-0  60944-2 0  4372\
2 13483  82.9251 195.1228 0012054  47.5099  81.8939 14.18737690164669
1 13483U 81053GD  24314.72217734  .00009398  00000-0  45130-2 0  4385\
2 13483  82.9251 194.6829 0012086  46.1620  14.1188 14.18742372164747
1 13483U 81053GD  24314.72217734  .00009398  00000-0  45130-2 0    11\
2 13483  82.9251 194.6829 0012086  46.1620  14.1188 14.18742372164400
1 13483U 81053GD  24316.14046413  .00008419  00000-0  40411-2 0  4398\
2 13483  82.9255 193.5505 0012121  42.6873  57.2627 14.18766535164946
1 13483U 81053GD  24316.14046413  .00008419  00000-0  40411-2 0    13\
2 13483  82.9255 193.5505 0012121  42.6873  57.2627 14.18766535164609
1 13483U 81053GD  24317.75648448  .00004895  00000-0  23467-2 0  4400\
2 13483  82.9253 192.2591 0012082  38.5133  30.5502 14.18781364165173
1 13483U 81053GD  24317.90290914  .00004393  00000-0  21051-2 0    11\
2 13483  82.9254 192.1421 0012037  38.0081  58.4963 14.18781809164850
1 13483U 81053GD  24318.19108222  .00004359  00000-0  20888-2 0    12\
2 13483  82.9253 191.9120 0011998  37.1206  90.3968 14.18784350164894
1 13483U 81053GD  24318.74326247  .00003786  00000-0  18130-2 0    12\
2 13483  82.9250 191.4711 0011954  36.0145  30.1766 14.18787404164974
1 13483U 81053GD  24319.10691495  .00003632  00000-0  17388-2 0  4415\
2 13483  82.9249 191.1807 0011929  34.5796  87.9244 14.18789634165364
1 13483U 81053GD  24319.10691495  .00003632  00000-0  17388-2 0    17\
2 13483  82.9249 191.1807 0011929  34.5796  87.9244 14.18789634165027
1 13483U 81053GD  24320.09346334  .00003966  00000-0  18992-2 0    18\
2 13483  82.9247 190.3925 0011926  32.2053  86.2843 14.18796936165160
1 13483U 81053GD  24321.15190946  .00004451  00000-0  21322-2 0  4422\
2 13483  82.9245 189.5470 0011901  29.5122  92.0096 14.18806081165654
1 13483U 81053GD  24321.15190946  .00004451  00000-0  21322-2 0    13\
2 13483  82.9245 189.5470 0011901  29.5122  92.0096 14.18806081165317
1 13483U 81053GD  24322.84458398  .00002871  00000-0  13723-2 0    18\
2 13483  82.9241 188.1950 0011777  24.9579  97.1793 14.18813612165551
1 13483U 81053GD  24323.39642486  .00002803  00000-0  13399-2 0  4447\
2 13483  82.9242 187.7542 0011769  23.4727  35.6642 14.18816341165972
1 13483U 81053GD  24323.39642486  .00002803  00000-0  13399-2 0    16\
2 13483  82.9242 187.7542 0011769  23.4727  35.6642 14.18816341165635
1 13483U 81053GD  24324.58943080  .00002994  00000-0  14316-2 0    13\
2 13483  82.9241 186.8013 0011718  20.2312   8.9063 14.18824022165800
1 13483U 81053GD  24324.58943080  .00002994  00000-0  14316-2 0  4455\
2 13483  82.9241 186.8013 0011718  20.2312   8.9063 14.18824022166148
1 13483U 81053GD  24324.81919778  .00003524  00000-0  16858-2 0    19\
2 13483  82.9241 186.6177 0011703  19.5638 102.4819 14.18827034165833
1 13483U 81053GD  24325.37093185  .00003081  00000-0  14731-2 0    12\
2 13483  82.9243 186.1771 0011677  18.0795  40.4449 14.18828879165915
1 13483U 81053GD  24325.87812112  .00003317  00000-0  15865-2 0    17\
2 13483  82.9243 185.7719 0011659  16.7459 110.8748 14.18832837165984
1 13483U 81053GD  24325.87812112  .00003317  00000-0  15865-2 0  4460\
2 13483  82.9243 185.7719 0011659  16.7459 110.8748 14.18832837166323
1 13483U 81053GD  24326.42811424  .00003357  00000-0  16057-2 0    12\
2 13483  82.9241 185.3323 0011608  15.1314  40.0972 14.18836615166067
1 13483U 81053GD  24326.86545809  .00003901  00000-0  18668-2 0    16\
2 13483  82.9241 184.9830 0011588  13.9388 113.8518 14.18841348166120
1 13483U 81053GD  24327.08205756  .00003945  00000-0  18878-2 0  4470\
2 13483  82.9241 184.8099 0011578  13.3329 140.1613 14.18843112166494
1 13483U 81053GD  24327.41526877  .00004113  00000-0  19682-2 0    15\
2 13483  82.9242 184.5437 0011568  12.4619  42.0205 14.18845641166204
1 13483U 81053GD  24327.91015138  .00004587  00000-0  21956-2 0    15\
2 13483  82.9242 184.1484 0011555  11.0918  49.6913 14.18850456166271
1 13483U 81053GD  24328.40209925  .00004318  00000-0  20667-2 0  4484\
2 13483  82.9243 183.7554 0011535   9.7347  42.3756 14.18853818166688
1 13483U 81053GD  24328.40209925  .00004318  00000-0  20667-2 0    19\
2 13483  82.9243 183.7554 0011535   9.7347  42.3756 14.18853818166341
1 13483U 81053GD  24328.76794876  .00004014  00000-0  19206-2 0    12\
2 13483  82.9243 183.4630 0011527   8.7295 110.9972 14.18856074166399
1 13483U 81053GD  24329.38918904  .00004179  00000-0  19993-2 0    16\
2 13483  82.9242 182.9667 0011494   6.9552  44.1389 14.18862006166483
1 13483U 81053GD  24329.75508872  .00004261  00000-0  20385-2 0  4491\
2 13483  82.9244 182.6744 0011484   5.9780 113.0013 14.18865466166875
1 13483U 81053GD  24329.82733583  .00004430  00000-0  21199-2 0    14\
2 13483  82.9244 182.6167 0011481   5.7859 122.0096 14.18866541166546
1 13483U 81053GD  24330.30599206  .00005088  00000-0  24355-2 0    18\
2 13483  82.9242 182.2343 0011422   4.3976  46.9065 14.18872847166610
1 13483U 81053GD  24331.09620615  .00005201  00000-0  24893-2 0  4506\
2 13483  82.9243 181.6030 0011366   2.3342 122.9773 14.18880986167063
1 13483U 81053GD  24331.09620615  .00005201  00000-0  24893-2 0    18\
2 13483  82.9243 181.6030 0011366   2.3342 122.9773 14.18880986166725
1 13483U 81053GD  24332.55661189  .00005543  00000-0  26525-2 0    14\
2 13483  82.9240 180.4360 0011270 358.5196  22.1626 14.18897234166937
1 13483U 81053GD  24332.55661189  .00005543  00000-0  26525-2 0  4513\
2 13483  82.9240 180.4360 0011270 358.5196  22.1626 14.18897234167264
1 13483U 81053GD  24332.78800770  .00005230  00000-0  25021-2 0    13\
2 13483  82.9239 180.2510 0011278 358.0020 123.9642 14.18899254166964
1 13483U 81053GD  24333.33847630  .00005969  00000-0  28563-2 0    14\
2 13483  82.9238 179.8112 0011232 356.4619  55.6741 14.18906681167045
1 13483U 81053GD  24333.77520705  .00006406  00000-0  30657-2 0  4527\
2 13483  82.9238 179.4623 0011230 355.3689 126.3085 14.18912459167442
1 13483U 81053GD  24333.77520705  .00006406  00000-0  30657-2 0    17\
2 13483  82.9238 179.4623 0011230 355.3689 126.3085 14.18912459167105
1 13483U 81053GD  24334.06556691  .00005750  00000-0  27509-2 0    16\
2 13483  82.9237 179.2303 0011209 354.5740 169.4175 14.18914965167148
1 13483U 81053GD  24334.53961271  .00006056  00000-0  28970-2 0    15\
2 13483  82.9235 178.8517 0011161 352.9891  71.0573 14.18921343167210
1 13483U 81053GD  24336.57500453  .00005839  00000-0  27917-2 0    10\
2 13483  82.9232 177.2256 0011084 346.6377  28.4168 14.18946455167502
1 13483U 81053GD  24336.57500453  .00005839  00000-0  27917-2 0  4531\
2 13483  82.9232 177.2256 0011084 346.6377  28.4168 14.18946455167838
1 13483U 81053GD  24336.86607817  .00005518  00000-0  26378-2 0    18\
2 13483  82.9231 176.9932 0011095 345.8576  75.1898 14.18949312167540
1 13483U 81053GD  24337.56322242  .00004971  00000-0  23757-2 0    12\
2 13483  82.9227 176.4358 0011069 343.5822  36.5485 14.18956415167648
1 13483U 81053GD  24337.72386549  .00004889  00000-0  23360-2 0  4540\
2 13483  82.9226 176.3072 0011067 343.1408 137.1126 14.18957964168004
1 13483U 81053GD  24337.72386549  .00004889  00000-0  23360-2 0    18\
2 13483  82.9226 176.3072 0011067 343.1408 137.1126 14.18957964167665
1 13483U 81053GD  24338.55811483  .00004965  00000-0  23724-2 0    19\
2 13483  82.9225 175.6406 0011015 340.6008  78.7193 14.18967302167782
1 13483U 81053GD  24339.06384976  .00005406  00000-0  25830-2 0  4552\
2 13483  82.9227 175.2363 0010977 339.2230 142.0236 14.18973786168191
1 13483U 81053GD  24339.54488512  .00004910  00000-0  23453-2 0    11\
2 13483  82.9227 174.8519 0010947 337.8499  79.2328 14.18977915167928
1 13483U 81053GD  24340.32005550  .00005301  00000-0  25323-2 0  4563\
2 13483  82.9230 174.2323 0010872 335.4669  79.1245 14.18987212168377
1 13483U 81053GD  24340.60374958  .00005035  00000-0  24047-2 0    17\
2 13483  82.9228 174.0058 0010866 334.8530  88.0987 14.18989984168077
1 13483U 81053GD  24341.51997800  .00004775  00000-0  22796-2 0    14\
2 13483  82.9232 173.2732 0010787 332.2127  88.4343 14.18999067168206
1 13483U 81053GD  24341.74354972  .00004711  00000-0  22492-2 0  4574\
2 13483  82.9232 173.0945 0010780 331.6092 150.4610 14.19001154168576
1 13483U 81053GD  24341.74354972  .00004711  00000-0  22492-2 0    19\
2 13483  82.9232 173.0945 0010780 331.6092 150.4610 14.19001154168239
1 13483U 81053GD  24342.57649764  .00005070  00000-0  24206-2 0    11\
2 13483  82.9233 172.4287 0010733 329.1250  85.4952 14.19010392168351
1 13483U 81053GD  24342.94147752  .00005020  00000-0  23965-2 0    18\
2 13483  82.9233 172.1370 0010704 327.9816 150.0226 14.19013954168409
1 13483U 81053GD  24343.01237174  .00005017  00000-0  23949-2 0  4589\
2 13483  82.9233 172.0804 0010704 327.7884 152.1628 14.19014741168755
1 13483U 81053GD  24343.01237174  .00005017  00000-0  23949-2 0    13\
2 13483  82.9233 172.0804 0010704 327.7884 152.1628 14.19014741168418
1 13483U 81053GD  24344.07114682  .00005345  00000-0  25514-2 0  4599\
2 13483  82.9235 171.2346 0010656 324.2272 161.2721 14.19026457168907
1 13483U 81053GD  24344.07114682  .00005345  00000-0  25514-2 0    12\
2 13483  82.9235 171.2346 0010656 324.2272 161.2721 14.19026457168569
1 13483U 81053GD  24345.53013714  .00005467  00000-0  26092-2 0  4604\
2 13483  82.9231 170.0686 0010629 319.3555  55.0501 14.19042154169107
1 13483U 81053GD  24345.53013714  .00005467  00000-0  26092-2 0    15\
2 13483  82.9231 170.0686 0010629 319.3555  55.0501 14.19042154168779
1 13483U 81053GD  24346.51829095  .00004468  00000-0  21309-2 0    17\
2 13483  82.9229 169.2790 0010640 316.1912  63.2956 14.19049931168918
1 13483U 81053GD  24347.03317295  .00004035  00000-0  19236-2 0  4615\
2 13483  82.9231 168.8676 0010582 314.4048 173.8579 14.19054062169321
1 13483U 81053GD  24347.03317295  .00004035  00000-0  19236-2 0    15\
2 13483  82.9231 168.8676 0010582 314.4048 173.8579 14.19054062168982
1 13483U 81053GD  24347.95472545  .00003688  00000-0  17575-2 0    13\
2 13483  82.9228 168.1311 0010525 311.4028 201.9446 14.19060979169115
1 13483U 81053GD  24348.49446980  .00003605  00000-0  17173-2 0  4621\
2 13483  82.9227 167.6997 0010475 309.6759  79.4042 14.19064814169529
1 13483U 81053GD  24348.49446980  .00003605  00000-0  17173-2 0    10\
2 13483  82.9227 167.6997 0010475 309.6759  79.4042 14.19064814169192
1 13483U 81053GD  24349.47989359  .00003881  00000-0  18494-2 0    14\
2 13483  82.9241 166.9120 0010528 306.6231  73.6830 14.19073061169330
1 13483U 81053GD  24349.76018770  .00004590  00000-0  21883-2 0  4632\
2 13483  82.9238 166.6882 0010480 305.6979  65.6977 14.19076913169706
1 13483U 81053GD  24350.46703431  .00004858  00000-0  23161-2 0    12\
2 13483  82.9239 166.1234 0010430 303.4311  76.9011 14.19083707169471
1 13483U 81053GD  24350.74739137  .00004745  00000-0  22619-2 0    17\
2 13483  82.9236 165.8991 0010389 302.5423  69.2092 14.19085772169514
1 13483U 81053GD  24351.25117252  .00004638  00000-0  22104-2 0  4645\
2 13483  82.9234 165.4969 0010413 301.1426 122.7706 14.19089984169920
1 13483U 81053GD  24351.25117252  .00004638  00000-0  22104-2 0    12\
2 13483  82.9234 165.4969 0010413 301.1426 122.7706 14.19089984169582
1 13483U 81053GD  24351.73427490  .00005041  00000-0  24030-2 0    12\
2 13483  82.9231 165.1104 0010373 299.5346  70.9706 14.19095487169650
1 13483U 81053GD  24352.45041135  .00005028  00000-0  23964-2 0  4654\
2 13483  82.9229 164.5380 0010397 297.2659 129.6554 14.19102507170099
1 13483U 81053GD  24352.52236929  .00005279  00000-0  25162-2 0    15\
2 13483  82.9230 164.4805 0010397 297.0204 137.3024 14.19103949169767
1 13483U 81053GD  24352.67302980  .00005306  00000-0  25291-2 0    16\
2 13483  82.9231 164.3601 0010396 296.5141 187.0473 14.19105454169789
1 13483U 81053GD  24353.22327199  .00005179  00000-0  24680-2 0    16\
2 13483  82.9233 163.9204 0010413 294.7315 118.2492 14.19110785169867
1 13483U 81053GD  24354.21036937  .00004640  00000-0  22103-2 0    13\
2 13483  82.9233 163.1311 0010432 291.3559 121.5588 14.19119341170000
1 13483U 81053GD  24354.21036937  .00004640  00000-0  22103-2 0  4668\
2 13483  82.9233 163.1311 0010432 291.3559 121.5588 14.19119341170347
1 13483U 81053GD  24354.71896991  .00004174  00000-0  19875-2 0    16\
2 13483  82.9234 162.7244 0010444 289.5755 200.1701 14.19123058170079
1 13483U 81053GD  24355.47974332  .00004143  00000-0  19725-2 0    16\
2 13483  82.9234 162.1163 0010437 286.9854 127.1608 14.19130152170185
1 13483U 81053GD  24355.47974332  .00004143  00000-0  19725-2 0  4672\
2 13483  82.9234 162.1163 0010437 286.9854 127.1608 14.19130152170523
1 13483U 81053GD  24355.98792976  .00004725  00000-0  22501-2 0    16\
2 13483  82.9237 161.7103 0010421 285.2715 203.6117 14.19135881170255
1 13483U 81053GD  24356.54156110  .00004779  00000-0  22757-2 0  4682\
2 13483  82.9238 161.2677 0010448 283.5122 152.1564 14.19141284170673
1 13483U 81053GD  24356.54156110  .00004779  00000-0  22757-2 0    15\
2 13483  82.9238 161.2677 0010448 283.5122 152.1564 14.19141284170336
1 13483U 81053GD  24357.52682189  .00005258  00000-0  25038-2 0    12\
2 13483  82.9237 160.4800 0010437 280.3980 145.9394 14.19152148170476
1 13483U 81053GD  24357.89214392  .00005930  00000-0  28246-2 0    10\
2 13483  82.9236 160.1880 0010437 279.2970 212.3577 14.19157469170525
1 13483U 81053GD  24357.96236253  .00005990  00000-0  28532-2 0  4690\
2 13483  82.9235 160.1319 0010443 279.1091 211.0791 14.19158198170873
1 13483U 81053GD  24357.96236253  .00005990  00000-0  28532-2 0    12\
2 13483  82.9235 160.1319 0010443 279.1091 211.0791 14.19158198170536
1 13483U 81053GD  24359.42930771  .00006608  00000-0  31470-2 0  4703\
2 13483  82.9235 158.9592 0010407 274.4306 145.9788 14.19177003171089
1 13483U 81053GD  24359.50093183  .00006509  00000-0  30994-2 0    19\
2 13483  82.9235 158.9019 0010405 274.1851 151.9397 14.19177745170752
1 13483U 81053GD  24359.65445549  .00006516  00000-0  31027-2 0    18\
2 13483  82.9236 158.7795 0010399 273.4546 216.5682 14.19179633170772
1 13483U 81053GD  24360.48777973  .00007194  00000-0  34254-2 0  4719\
2 13483  82.9235 158.1132 0010405 270.9758 154.0557 14.19192051171233
1 13483U 81053GD  24360.48777973  .00007194  00000-0  34254-2 0    18\
2 13483  82.9235 158.1132 0010405 270.9758 154.0557 14.19192051170894
1 13483U 81053GD  24360.92384667  .00006473  00000-0  30811-2 0    15\
2 13483  82.9231 157.7641 0010442 269.6498 221.9813 14.19196516170953
1 13483U 81053GD  24361.47564374  .00006753  00000-0  32145-2 0    14\
2 13483  82.9230 157.3228 0010499 268.0669 161.1064 14.19204447171030
1 13483U 81053GD  24362.46282666  .00006807  00000-0  32393-2 0    10\
2 13483  82.9230 156.5337 0010578 264.9924 164.8945 14.19218117171171
1 13483U 81053GD  24362.46282666  .00006807  00000-0  32393-2 0  4722\
2 13483  82.9230 156.5337 0010578 264.9924 164.8945 14.19218117171519
1 13483U 81053GD  24363.37891628  .00007052  00000-0  33552-2 0    16\
2 13483  82.9228 155.8012 0010634 261.9043 165.7244 14.19230809171301
1 13483U 81053GD  24363.44672441  .00007031  00000-0  33451-2 0    19\
2 13483  82.9229 155.7470 0010620 261.6896 152.1829 14.19231728171318
1 13483U 81053GD  24364.50656580  .00008108  00000-0  38567-2 0  4735\
2 13483  82.9230 154.8997 0010684 258.3031 167.3955 14.19248659171801
1 13483U 81053GD  24364.50656580  .00008108  00000-0  38567-2 0    12\
2 13483  82.9230 154.8997 0010684 258.3031 167.3955 14.19248659171463
1 13483U 81053GD  24364.87127545  .00008769  00000-0  41711-2 0    14\
2 13483  82.9230 154.6079 0010737 257.3311 230.6842 14.19255176171518
1 13483U 81053GD  24365.49362991  .00008378  00000-0  39840-2 0    15\
2 13483  82.9238 154.1107 0010643 254.6550 171.3096 14.19264947171602
1 13483U 81053GD  25001.38987472  .00010333  00000-0  49112-2 0  4749
2 13483  82.9245 152.5944 0010678 248.9102 140.0485 14.19299460172208
1 13483U 81053GD  25001.38987472  .00010333  00000-0  49112-2 0    15
2 13483  82.9245 152.5944 0010678 248.9102 140.0485 14.19299460171870
1 13483U 81053GD  25001.74957473  .00011204  00000-0  53241-2 0    19
2 13483  82.9238 152.3070 0010670 248.4800 177.2837 14.19308073171922
1 13483U 81053GD  25002.37517917  .00013981  00000-0  66406-2 0    15
2 13483  82.9244 151.8063 0010604 246.2197 134.2211 14.19328216172018
1 13483U 81053GD  25002.37517917  .00013981  00000-0  66406-2 0  4750
2 13483  82.9244 151.8063 0010604 246.2197 134.2211 14.19328216172344
1 13483U 81053GD  25003.44122295  .00007018  00000-0  33319-2 0    16
2 13483  82.9241 150.9541 0010715 243.1392 181.1552 14.19340215172160
1 13483U 81053GD  25003.88226462  .00005708  00000-0  27087-2 0    14
2 13483  82.9242 150.6011 0010703 242.6960 273.8371 14.19345310172228
1 13483U 81053GD  25004.16765899  .00006315  00000-0  29973-2 0    19
2 13483  82.9246 150.3745 0010732 241.1957 292.7486 14.19350256172261
1 13483U 81053GD  25004.86858442  .00007169  00000-0  34023-2 0    13
2 13483  82.9245 149.8140 0010805 239.1817 274.1671 14.19362069172361
1 13483U 81053GD  25004.86858442  .00007169  00000-0  34023-2 0  4770
2 13483  82.9245 149.8140 0010805 239.1817 274.1671 14.19362069172709
1 13483U 81053GD  25005.41464779  .00007237  00000-0  34340-2 0    19
2 13483  82.9237 149.3764 0010821 236.9112 185.0297 14.19370641172448
1 13483U 81053GD  25005.85566515  .00006354  00000-0  30142-2 0    13
2 13483  82.9239 149.0241 0010837 235.6098 278.4931 14.19375770172500
1 13483U 81053GD  25006.47311878  .00006333  00000-0  30036-2 0  4789
2 13483  82.9239 148.5304 0010866 233.6030 193.6971 14.19385365172930
1 13483U 81053GD  25006.47311878  .00006333  00000-0  30036-2 0    11
2 13483  82.9239 148.5304 0010866 233.6030 193.6971 14.19385365172592
1 13483U 81053GD  25007.46081911  .00005142  00000-0  24370-2 0    14
2 13483  82.9244 147.7417 0010895 230.7334 200.5587 14.19395920172736
1 13483U 81053GD  25008.44606649  .00004916  00000-0  23292-2 0  4793
2 13483  82.9247 146.9543 0010908 227.5262 195.2667 14.19405705173215
1 13483U 81053GD  25008.44606649  .00004916  00000-0  23292-2 0    14
2 13483  82.9247 146.9543 0010908 227.5262 195.2667 14.19405705172876
1 13483U 81053GD  25009.79749132  .00003927  00000-0  18589-2 0  4803
2 13483  82.9239 145.8721 0011012 223.1301 261.2181 14.19415412173407
1 13483U 81053GD  25009.86836042  .00004428  00000-0  20969-2 0    19
2 13483  82.9234 145.8146 0011049 223.5833 262.6852 14.19417001173076
1 13483U 81053GD  25010.34281664  .00003953  00000-0  18712-2 0    13
2 13483  82.9234 145.4351 0011095 222.1642 167.1056 14.19419808173144
1 13483U 81053GD  25011.40504969  .00004610  00000-0  21827-2 0  4811
2 13483  82.9235 144.5858 0011209 219.5614 194.4631 14.19431359173634
1 13483U 81053GD  25011.40504969  .00004610  00000-0  21827-2 0    19
2 13483  82.9235 144.5858 0011209 219.5614 194.4631 14.19431359173296
1 13483U 81053GD  25011.84317639  .00003876  00000-0  18342-2 0    14
2 13483  82.9238 144.2355 0011198 217.1807 274.3377 14.19433680173354
1 13483U 81053GD  25012.46579519  .00003996  00000-0  18910-2 0  4827
2 13483  82.9241 143.7376 0011261 215.3685 215.8491 14.19439792173784
1 13483U 81053GD  25012.46579519  .00003996  00000-0  18910-2 0    14
2 13483  82.9241 143.7376 0011261 215.3685 215.8491 14.19439792173447
1 13483U 81053GD  25012.82910097  .00003940  00000-0  18640-2 0    13
2 13483  82.9240 143.4467 0011325 214.1474 272.4696 14.19442964173494
1 13483U 81053GD  25013.38103865  .00004266  00000-0  20185-2 0    11
2 13483  82.9240 143.0054 0011342 212.7138 212.6517 14.19448746173573
1 13483U 81053GD  25014.43948991  .00004243  00000-0  20076-2 0  4833
2 13483  82.9242 142.1589 0011399 209.5727 221.3339 14.19457836174062
1 13483U 81053GD  25014.43948991  .00004243  00000-0  20076-2 0    19
2 13483  82.9242 142.1589 0011399 209.5727 221.3339 14.19457836173724
1 13483U 81053GD  25014.73164911  .00004059  00000-0  19201-2 0    17
2 13483  82.9243 141.9254 0011427 208.6701 274.3075 14.19459820173769
1 13483U 81053GD  25015.42522444  .00004232  00000-0  20017-2 0    13
2 13483  82.9243 141.3708 0011475 206.4497 218.6634 14.19466439173865
1 13483U 81053GD  25015.79506331  .00003962  00000-0  18734-2 0  4847
2 13483  82.9244 141.0750 0011513 205.8737 308.0361 14.19468966174255
1 13483U 81053GD  25015.79506331  .00003962  00000-0  18734-2 0    12
2 13483  82.9244 141.0750 0011513 205.8737 308.0361 14.19468966173917
1 13483U 81053GD  25016.41222972  .00004342  00000-0  20534-2 0    12
2 13483  82.9244 140.5814 0011561 203.7316 222.1078 14.19475312174000
1 13483U 81053GD  25017.32714368  .00004622  00000-0  21859-2 0  4856
2 13483  82.9244 139.8490 0011606 201.3042 217.1119 14.19484001174477
1 13483U 81053GD  25017.32714368  .00004622  00000-0  21859-2 0    10
2 13483  82.9244 139.8490 0011606 201.3042 217.1119 14.19484001174130
1 13483U 81053GD  25017.83458361  .00004769  00000-0  22558-2 0    13
2 13483  82.9240 139.4428 0011597 200.0981 289.8884 14.19489087174202
1 13483U 81053GD  25018.38500380  .00005116  00000-0  24202-2 0  4865
2 13483  82.9241 139.0031 0011589 198.2862 222.7873 14.19495074174629
1 13483U 81053GD  25018.38500380  .00005116  00000-0  24202-2 0    18
2 13483  82.9241 139.0031 0011589 198.2862 222.7873 14.19495074174281
1 13483U 81053GD  25018.82133760  .00004846  00000-0  22918-2 0    12
2 13483  82.9242 138.6542 0011692 197.0976 292.4118 14.19498449174344
1 13483U 81053GD  25019.37391323  .00004911  00000-0  23224-2 0    18
2 13483  82.9241 138.2121 0011685 195.4976 236.1266 14.19504081174424
1 13483U 81053GD  25019.80752104  .00005394  00000-0  25511-2 0  4879
2 13483  82.9241 137.8653 0011710 194.0756 292.0820 14.19509936174824
1 13483U 81053GD  25019.80752104  .00005394  00000-0  25511-2 0    11
2 13483  82.9241 137.8653 0011710 194.0756 292.0820 14.19509936174486
1 13483U 81053GD  25020.35761681  .00006379  00000-0  30173-2 0    17
2 13483  82.9241 137.4255 0011751 192.5969 223.0371 14.19518374174564
1 13483U 81053GD  25020.79457201  .00005791  00000-0  27384-2 0    12
2 13483  82.9239 137.0761 0011778 190.9872 296.2947 14.19522520174629
1 13483U 81053GD  25021.41811958  .00006345  00000-0  30004-2 0  4883
2 13483  82.9238 136.5773 0011788 189.3505 242.5753 14.19531830175052
1 13483U 81053GD  25021.41811958  .00006345  00000-0  30004-2 0    14
2 13483  82.9238 136.5773 0011788 189.3505 242.5753 14.19531830174714
1 13483U 81053GD  25023.31058022  .00006027  00000-0  28488-2 0  4890
2 13483  82.9240 135.0636 0011911 184.1303 193.2562 14.19554537175312
1 13483U 81053GD  25023.31058022  .00006027  00000-0  28488-2 0    10
2 13483  82.9240 135.0636 0011911 184.1303 193.2562 14.19554537174984
1 13483U 81053GD  25023.82559633  .00005429  00000-0  25652-2 0    15
2 13483  82.9237 134.6515 0011907 183.3587 304.4180 14.19559006175058
1 13483U 81053GD  25024.37773704  .00006032  00000-0  28505-2 0  4906
2 13483  82.9237 134.2100 0011946 181.8033 245.9897 14.19566478175477
1 13483U 81053GD  25024.37773704  .00006032  00000-0  28505-2 0    14
2 13483  82.9237 134.2100 0011946 181.8033 245.9897 14.19566478175130
1 13483U 81053GD  25025.36335076  .00005577  00000-0  26345-2 0    13
2 13483  82.9238 133.4215 0011959 179.1391 242.6303 14.19576931175276
1 13483U 81053GD  25025.99579348  .00004802  00000-0  22671-2 0  4915
2 13483  82.9239 132.9157 0011970 177.0402 234.9224 14.19582659175707
1 13483U 81053GD  25026.27333906  .00004862  00000-0  22953-2 0    11
2 13483  82.9240 132.6937 0011952 176.3561 213.1699 14.19585625175408
1 13483U 81053GD  25027.25837494  .00004427  00000-0  20891-2 0  4921
2 13483  82.9241 131.9058 0012045 173.1475 207.4729 14.19594692175873
1 13483U 81053GD  25027.25837494  .00004427  00000-0  20891-2 0    17
2 13483  82.9241 131.9058 0012045 173.1475 207.4729 14.19594692175547
1 13483U 81053GD  25024.37773704  .00007503  00000-0  35464-2 0  4935
2 13483  82.9238 134.2101 0011785 180.8389 246.9557 14.19570425175474
1 13483U 81053GD  25028.25361459  .00004821  00000-0  22750-2 0  4941
2 13483  82.9242 131.1096 0012197 169.4849 254.3806 14.19605138176022
1 13483U 81053GD  25029.38361831  .00005270  00000-0  24871-2 0  4956
2 13483  82.9247 130.2065 0012280 165.9384 269.5300 14.19617460176186
1 13483U 81053GD  25029.38361831  .00005270  00000-0  24871-2 0    19
2 13483  82.9247 130.2065 0012280 165.9384 269.5300 14.19617460175848
1 13483U 81053GD  25030.29700762  .00004763  00000-0  22468-2 0    17
2 13483  82.9242 129.4749 0012275 164.1808 256.5453 14.19625930175978
1 13483U 81053GD  25030.73803378  .00004499  00000-0  21217-2 0  4968
2 13483  82.9242 129.1223 0012270 163.1982 350.1377 14.19629760176375
1 13483U 81053GD  25030.73803378  .00004499  00000-0  21217-2 0    10
2 13483  82.9242 129.1223 0012270 163.1982 350.1377 14.19629760176038
1 13483U 81053GD  25031.56577638  .00004646  00000-0  21909-2 0    11
2 13483  82.9242 128.4597 0012300 161.3317 259.8470 14.19637262176158
1 13483U 81053GD  25031.72481513  .00004665  00000-0  21996-2 0    12
2 13483  82.9242 128.3325 0012288 160.8963 352.6038 14.19638913176170
1 13483U 81053GD  25032.26241983  .00005004  00000-0  23597-2 0  4973
2 13483  82.9238 127.9024 0012228 159.7559 219.6721 14.19645142176586
1 13483U 81053GD  25032.26241983  .00005004  00000-0  23597-2 0    14
2 13483  82.9238 127.9024 0012228 159.7559 219.6721 14.19645142176250
1 13483U 81053GD  25033.48185461  .00005661  00000-0  26700-2 0  4985
2 13483  82.9234 126.9268 0012273 156.4884 331.4983 14.19658823176769
1 13483U 81053GD  25033.48185461  .00005661  00000-0  26700-2 0    15
2 13483  82.9234 126.9268 0012273 156.4884 331.4983 14.19658823176422
1 13483U 81053GD  25033.69821890  .00005209  00000-0  24561-2 0    12
2 13483  82.9233 126.7536 0012289 155.8703 357.2548 14.19660285176458
1 13483U 81053GD  25034.31480021  .00004966  00000-0  23409-2 0    18
2 13483  82.9232 126.2602 0012301 154.2119 268.2779 14.19666478176542
1 13483U 81053GD  25034.75058344  .00004556  00000-0  21471-2 0  4998
2 13483  82.9231 125.9116 0012347 152.8114 335.5740 14.19670401176947
1 13483U 81053GD  25034.75058344  .00004556  00000-0  21471-2 0    17
2 13483  82.9231 125.9116 0012347 152.8114 335.5740 14.19670401176600
1 13483U 81053GD  25035.45419628  .00004600  00000-0  21676-2 0    18
2 13483  82.9229 125.3485 0012376 150.7193 331.5973 14.19677464176707
1 13483U 81053GD  25036.21783887  .00004231  00000-0  19930-2 0  5008
2 13483  82.9229 124.7375 0012408 148.5354 274.3497 14.19683690177151
1 13483U 81053GD  25036.44242181  .00004249  00000-0  20011-2 0    17
2 13483  82.9230 124.5579 0012410 147.9616 342.0614 14.19685466176846
1 13483U 81053GD  25037.63963138  .00004126  00000-0  19426-2 0    13
2 13483  82.9229 123.5996 0012433 144.7856 340.4389 14.19694880177013
1 13483U 81053GD  25037.63963138  .00004126  00000-0  19426-2 0  5018
2 13483  82.9229 123.5996 0012433 144.7856 340.4389 14.19694880177350
1 13483U 81053GD  25038.69703286  .00003745  00000-0  17625-2 0  5027
2 13483  82.9232 122.7537 0012445 141.9905 344.3444 14.19702085177502
1 13483U 81053GD  25038.69703286  .00003745  00000-0  17625-2 0    11
2 13483  82.9232 122.7537 0012445 141.9905 344.3444 14.19702085177164
1 13483U 81053GD  25039.47261361  .00003368  00000-0  15842-2 0    11
2 13483  82.9233 122.1333 0012460 140.0067 347.9404 14.19706552177279
1 13483U 81053GD  25040.15469700  .00003256  00000-0  15309-2 0  5036
2 13483  82.9232 121.5875 0012459 138.2619 233.7324 14.19711106177704
1 13483U 81053GD  25040.30813310  .00003154  00000-0  14828-2 0    18
2 13483  82.9233 121.4648 0012463 137.8527 297.8857 14.19711759177391
1 13483U 81053GD  25040.74129918  .00003419  00000-0  16080-2 0    16
2 13483  82.9232 121.1181 0012460 136.7375 351.5975 14.19715147177456
1 13483U 81053GD  25041.49385289  .00004447  00000-0  20934-2 0  5047
2 13483  82.9231 120.5159 0012434 134.7397 237.6299 14.19723229177897
1 13483U 81053GD  25041.49385289  .00004447  00000-0  20934-2 0    19
2 13483  82.9231 120.5159 0012434 134.7397 237.6299 14.19723229177561
1 13483U 81053GD  25041.72793380  .00003922  00000-0  18455-2 0    12
2 13483  82.9231 120.3286 0012456 134.0953 353.9578 14.19723732177599
1 13483U 81053GD  25042.64482115  .00003602  00000-0  16939-2 0    15
2 13483  82.9228 119.5948 0012467 131.6578 359.8675 14.19729988177725
1 13483U 81053GD  25042.71321316  .00003619  00000-0  17021-2 0  5058
2 13483  82.9229 119.5400 0012491 131.3856 349.4885 14.19730657178074
1 13483U 81053GD  25042.71321316  .00003619  00000-0  17021-2 0    19
2 13483  82.9229 119.5400 0012491 131.3856 349.4885 14.19730657177736
1 13483U 81053GD  25043.46718466  .00003567  00000-0  16774-2 0    14
2 13483  82.9226 118.9366 0012534 129.3659 242.8229 14.19736244177841
1 13483U 81053GD  25043.70082154  .00003564  00000-0  16757-2 0    17
2 13483  82.9225 118.7495 0012535 128.7029 356.9153 14.19738132177870
1 13483U 81053GD  25044.18155343  .00003366  00000-0  15821-2 0  5062
2 13483  82.9223 118.3646 0012544 127.3649 293.8597 14.19741140178285
1 13483U 81053GD  25044.18155343  .00003366  00000-0  15821-2 0    12
2 13483  82.9223 118.3646 0012544 127.3649 293.8597 14.19741140177947
1 13483U 81053GD  25045.23745539  .00003993  00000-0  18777-2 0  5071
2 13483  82.9219 117.5192 0012579 124.4238 290.4346 14.19750517178437
1 13483U 81053GD  25045.23745539  .00003993  00000-0  18777-2 0    10
2 13483  82.9219 117.5192 0012579 124.4238 290.4346 14.19750517178099
1 13483U 81053GD  25046.29781052  .00004373  00000-0  20569-2 0  5084
2 13483  82.9216 116.6703 0012568 121.6027 309.6681 14.19759656178589
1 13483U 81053GD  25046.59016219  .00004280  00000-0  20131-2 0    13
2 13483  82.9216 116.4363 0012508 120.9001   3.7412 14.19761791178281
1 13483U 81053GD  25046.66099843  .00004235  00000-0  19919-2 0    17
2 13483  82.9216 116.3795 0012471 120.7711   5.7108 14.19762221178298
1 13483U 81053GD  25047.21222584  .00004262  00000-0  20041-2 0    17
2 13483  82.9215 115.9382 0012520 119.2579 302.9738 14.19766781178379
1 13483U 81053GD  25047.92871822  .00004300  00000-0  20218-2 0    19
2 13483  82.9215 115.3649 0012450 117.3325   4.8608 14.19772871178471
1 13483U 81053GD  25048.19755747  .00004178  00000-0  19642-2 0  5091
2 13483  82.9215 115.1497 0012504 116.6902 298.7823 14.19774857178854
1 13483U 81053GD  25048.63929019  .00003902  00000-0  18340-2 0    10
2 13483  82.9215 114.7964 0012461 115.3672  36.5593 14.19777751178577
1 13483U 81053GD  25049.25655075  .00004211  00000-0  19796-2 0  5102
2 13483  82.9215 114.3023 0012437 113.7763 311.2464 14.19783874179007
1 13483U 81053GD  25049.69166005  .00003608  00000-0  16952-2 0    15
2 13483  82.9215 113.9540 0012398 112.6127  15.0437 14.19785928178723
1 13483U 81053GD  25050.44434345  .00004662  00000-0  21920-2 0  5113
2 13483  82.9214 113.3515 0012380 110.5851 261.9624 14.19794985179162
1 13483U 81053GD  25050.60587812  .00004020  00000-0  18890-2 0    13
2 13483  82.9214 113.2221 0012395 110.1388   7.5678 14.19794766178857
1 13483U 81053GD  25050.67865920  .00003986  00000-0  18730-2 0    12
2 13483  82.9214 113.1638 0012388 109.9566  19.5345 14.19795317178862
1 13483U 81053GD  25051.59328691  .00003783  00000-0  17768-2 0    18
2 13483  82.9214 112.4316 0012378 107.4686  14.1919 14.19802653178996
1 13483U 81053GD  25051.66428851  .00003762  00000-0  17671-2 0  5122
2 13483  82.9215 112.3748 0012387 107.2767  17.0806 14.19803258179342
1 13483U 81053GD  25051.93244086  .00003527  00000-0  16560-2 0    16
2 13483  82.9215 112.1601 0012373 106.5382 307.6207 14.19805034179042
1 13483U 81053GD  25052.57991642  .00003546  00000-0  16649-2 0    13
2 13483  82.9213 111.6418 0012386 104.8257  16.8376 14.19810489179132
1 13483U 81053GD  25052.65165332  .00003523  00000-0  16539-2 0    14
2 13483  82.9213 111.5845 0012398 104.6558  23.4626 14.19811071179141
1 13483U 81053GD  25053.13197284  .00003527  00000-0  16560-2 0  5135
2 13483  82.9214 111.2000 0012398 103.3870 318.3611 14.19815184179559
1 13483U 81053GD  25053.27529795  .00003830  00000-0  17986-2 0    18
2 13483  82.9215 111.0851 0012384 102.9409 330.9612 14.19817165179237
1 13483U 81053GD  25054.18979641  .00003795  00000-0  17817-2 0  5140
2 13483  82.9214 110.3529 0012390 100.4493 325.0327 14.19824545179703
1 13483U 81053GD  25054.55362888  .00004108  00000-0  19295-2 0    12
2 13483  82.9216 110.0618 0012358  99.4440  24.6294 14.19828188179414
1 13483U 81053GD  25055.53952619  .00004405  00000-0  20690-2 0    19
2 13483  82.9216 109.2726 0012304  96.5597  23.8651 14.19837367179558
1 13483U 81053GD  25055.53952619  .00004405  00000-0  20690-2 0  5159
2 13483  82.9216 109.2726 0012304  96.5597  23.8651 14.19837367179895
1 13483U 81053GD  25055.94955543  .00005205  00000-0  24456-2 0    16
2 13483  82.9214 108.9441 0012265  95.4104 319.6147 14.19842856179616
1 13483U 81053GD  25056.87925091  .00004727  00000-0  22200-2 0  5168
2 13483  82.9212 108.2000 0012245  92.9631  31.3576 14.19850600180086
1 13483U 81053GD  25057.43040602  .00004905  00000-0  23036-2 0    12
2 13483  82.9212 107.7585 0012201  91.5648 328.3146 14.19856353179826
1 13483U 81053GD  25057.86630019  .00004829  00000-0  22676-2 0    10
2 13483  82.9209 107.4094 0012194  90.4098  36.2294 14.19860654179886
1 13483U 81053GD  25058.28773104  .00005040  00000-0  23669-2 0  5171
2 13483  82.9207 107.0719 0012178  89.2308  30.2893 14.19865435180283
1 13483U 81053GD  25058.28773104  .00005040  00000-0  23669-2 0    19
2 13483  82.9207 107.0719 0012178  89.2308  30.2893 14.19865435179944
1 13483U 81053GD  25058.83825065  .00005245  00000-0  24633-2 0    13
2 13483  82.9206 106.6312 0012127  87.6792 324.1844 14.19871865180026
1 13483U 81053GD  25059.55764369  .00005060  00000-0  23756-2 0  5185
2 13483  82.9203 106.0549 0012120  85.8247  41.0932 14.19879320180462
1 13483U 81053GD  25059.89626545  .00005443  00000-0  25560-2 0    12
2 13483  82.9203 105.7837 0012107  84.9069 331.8835 14.19883555180170
1 13483U 81053GD  25060.54372718  .00004391  00000-0  20605-2 0    12
2 13483  82.9200 105.2650 0012105  83.2016  41.2020 14.19888355180268
1 13483U 81053GD  25061.16542567  .00004119  00000-0  19324-2 0  5190
2 13483  82.9200 104.7671 0012109  81.5005 338.9132 14.19893241180695
1 13483U 81053GD  25060.88331175  .00004159  00000-0  19509-2 0    14
2 13483  82.9200 104.9930 0012116  82.3130 336.8920 14.19891005180318
1 13483U 81053GD  25061.60903808  .00003504  00000-0  16425-2 0    10
2 13483  82.9200 104.4119 0012079  80.2894  86.3693 14.19895497180418
1 13483U 81053GD  25062.51577541  .00003198  00000-0  14982-2 0  5203
2 13483  82.9199 103.6857 0012041  77.7280  41.1147 14.19901169180882
1 13483U 81053GD  25062.51577541  .00003198  00000-0  14982-2 0    17
2 13483  82.9199 103.6857 0012041  77.7280  41.1147 14.19901169180545
1 13483U 81053GD  25063.50235978  .00003210  00000-0  15040-2 0    13
2 13483  82.9200 102.8955 0011985  74.9760  43.9791 14.19907173180687
1 13483U 81053GD  25063.91268631  .00002979  00000-0  13949-2 0    17
2 13483  82.9200 102.5670 0011947  73.7387 341.4377 14.19909242180740
1 13483U 81053GD  25064.12389686  .00002978  00000-0  13945-2 0  5217
2 13483  82.9200 102.3979 0011934  73.1547 341.0268 14.19910572181113
1 13483U 81053GD  25064.56616089  .00003181  00000-0  14901-2 0    18
2 13483  82.9201 102.0438 0011916  71.8093  81.7583 14.19914008180836
1 13483U 81053GD  25064.89918019  .00003100  00000-0  14520-2 0    10
2 13483  82.9201 101.7773 0011905  71.0257 343.8336 14.19915786180883
1 13483U 81053GD  25065.33696888  .00003016  00000-0  14120-2 0  5227
2 13483  82.9202 101.4267 0011877  69.7806  61.6077 14.19918156181287
1 13483U 81053GD  25065.55274800  .00003076  00000-0  14404-2 0    10
2 13483  82.9202 101.2539 0011862  69.1857  84.5548 14.19919766180971
1 13483U 81053GD  25066.53257534  .00003080  00000-0  14421-2 0  5237
2 13483  82.9202 100.4692 0011806  66.4901  52.9081 14.19925571181456
1 13483U 81053GD  25066.53257534  .00003080  00000-0  14421-2 0    18
2 13483  82.9202 100.4692 0011806  66.4901  52.9081 14.19925571181119
1 13483U 81053GD  25066.80163223  .00003162  00000-0  14808-2 0    19
2 13483  82.9200 100.2537 0011781  65.7311 348.2070 14.19927565181150
1 13483U 81053GD  25067.23707598  .00003055  00000-0  14302-2 0    16
2 13483  82.9200  99.9050 0011760  64.5647  53.9393 14.19929705181213
1 13483U 81053GD  25067.78787238  .00003326  00000-0  15578-2 0  5242
2 13483  82.9199  99.4638 0011727  63.0607 349.3243 14.19933954181633
1 13483U 81053GD  25067.85873087  .00003369  00000-0  15778-2 0    17
2 13483  82.9199  99.4071 0011725  62.8692 351.5144 14.19934502181302
1 13483U 81053GD  25068.57715747  .00003876  00000-0  18161-2 0    17
2 13483  82.9198  98.8317 0011697  60.8623  63.7975 14.19940912181404
1 13483U 81053GD  25068.84624914  .00003804  00000-0  17822-2 0  5257
2 13483  82.9197  98.6161 0011669  60.0660 359.3252 14.19942582181788
1 13483U 81053GD  25068.84624914  .00003804  00000-0  17822-2 0    16
2 13483  82.9197  98.6161 0011669  60.0660 359.3252 14.19942582181441
1 13483U 81053GD  25069.56356023  .00003669  00000-0  17187-2 0    12
2 13483  82.9197  98.0415 0011659  58.2868  65.6991 14.19947221181548
1 13483U 81053GD  25069.83285061  .00003694  00000-0  17305-2 0    15
2 13483  82.9196  97.8258 0011643  57.4873   2.2523 14.19949376181584
1 13483U 81053GD  25070.04489749  .00003668  00000-0  17180-2 0  5263
2 13483  82.9196  97.6559 0011639  56.8967   6.1513 14.19951027181957
1 13483U 81053GD  25070.55789552  .00003651  00000-0  17098-2 0    12
2 13483  82.9195  97.2449 0011610  55.4933 108.3728 14.19954952181680
1 13483U 81053GD  25070.81929009  .00003735  00000-0  17495-2 0    18
2 13483  82.9195  97.0355 0011604  54.7340   4.5545 14.19957156181729
1 13483U 81053GD  25071.10023405  .00003875  00000-0  18153-2 0  5276
2 13483  82.9194  96.8105 0011593  53.9708   0.6169 14.19959698182109
1 13483U 81053GD  25071.53691711  .00003894  00000-0  18239-2 0    17
2 13483  82.9193  96.4605 0011556  52.6973  72.8404 14.19962938181820
1 13483U 81053GD  25071.87550262  .00004360  00000-0  20430-2 0    14
2 13483  82.9192  96.1893 0011535  51.6522   3.6755 14.19966854181878
1 13483U 81053GD  25072.52869394  .00004893  00000-0  22933-2 0  5281
2 13483  82.9191  95.6658 0011488  49.7386 102.6716 14.19974080182309
1 13483U 81053GD  25072.52869394  .00004893  00000-0  22933-2 0    17
2 13483  82.9191  95.6658 0011488  49.7386 102.6716 14.19974080181960
1 13483U 81053GD  25073.58009749  .00005215  00000-0  24439-2 0    16
2 13483  82.9188  94.8234 0011426  46.8790  77.0689 14.19985356182116
1 13483U 81053GD  25073.77749337  .00005255  00000-0  24626-2 0    13
2 13483  82.9187  94.6652 0011400  46.1695   6.2637 14.19987570182146
1 13483U 81053GD  25074.56734720  .00005192  00000-0  24326-2 0    18
2 13483  82.9186  94.0325 0011337  43.9389  83.8339 14.19996643182253
1 13483U 81053GD  25074.76411286  .00005212  00000-0  24421-2 0  5305
2 13483  82.9186  93.8748 0011321  43.2313   9.8149 14.19998737182626
1 13483U 81053GD  25074.76411286  .00005212  00000-0  24421-2 0    18
2 13483  82.9186  93.8748 0011321  43.2313   9.8149 14.19998737182288
1 13483U 81053GD  25075.55232958  .00005282  00000-0  24743-2 0    17
2 13483  82.9186  93.2434 0011299  41.1311  78.9224 14.20008040182397
1 13483U 81053GD  25075.82134862  .00005396  00000-0  25281-2 0  5314
2 13483  82.9186  93.0279 0011292  40.2446  14.2359 14.20011197182775
1 13483U 81053GD  25075.82134862  .00005396  00000-0  25281-2 0    16
2 13483  82.9186  93.0279 0011292  40.2446  14.2359 14.20011197182438
1 13483U 81053GD  25076.53843138  .00005990  00000-0  28065-2 0    11
2 13483  82.9188  92.4534 0011242  38.7149  79.3828 14.20021353182533
1 13483U 81053GD  25077.09041635  .00006657  00000-0  31190-2 0  5328
2 13483  82.9189  92.0112 0011225  37.1498  21.0888 14.20029929182956
1 13483U 81053GD  25077.52567022  .00006832  00000-0  32006-2 0    12
2 13483  82.9190  91.6625 0011209  36.0198  85.9808 14.20036335182678
1 13483U 81053GD  25078.51081310  .00008235  00000-0  38575-2 0  5339
2 13483  82.9193  90.8734 0011142  33.5475  81.7026 14.20053708183152
1 13483U 81053GD  25078.51081310  .00008235  00000-0  38575-2 0    19
2 13483  82.9193  90.8734 0011142  33.5475  81.7026 14.20053708182814
1 13483U 81053GD  25079.50517531  .00006979  00000-0  32676-2 0    17
2 13483  82.9197  90.0767 0011073  30.6656 124.9942 14.20067808182956
1 13483U 81053GD  25080.49206617  .00006180  00000-0  28921-2 0  5340
2 13483  82.9198  89.2858 0010984  27.6816 130.2633 14.20080910183432
1 13483U 81053GD  25080.49206617  .00006180  00000-0  28921-2 0    19
2 13483  82.9198  89.2858 0010984  27.6816 130.2633 14.20080910183094
1 13483U 81053GD  25080.77711513  .00006024  00000-0  28188-2 0    18
2 13483  82.9197  89.0576 0010976  26.8169 147.5258 14.20084203183139
1 13483U 81053GD  25081.03661508  .00006870  00000-0  32153-2 0    12
2 13483  82.9197  88.8495 0010997  26.0242  34.1847 14.20089489183173
1 13483U 81053GD  25082.02172823  .00009053  00000-0  42365-2 0  5353
2 13483  82.9196  88.0600 0010877  23.2066  30.3040 14.20111060183659
1 13483U 81053GD  25082.52891006  .00008058  00000-0  37702-2 0    10
2 13483  82.9196  87.6534 0010851  21.9746 102.9375 14.20119221183386
1 13483U 81053GD  25083.45242806  .00006900  00000-0  32267-2 0  5369
2 13483  82.9191  86.9133 0010888  19.1270 144.4554 14.20132920183852
1 13483U 81053GD  25083.45242806  .00006900  00000-0  32267-2 0    16
2 13483  82.9191  86.9133 0010888  19.1270 144.4554 14.20132920183515
1 13483U 81053GD  25084.50244942  .00008104  00000-0  37892-2 0  5377
2 13483  82.9192  86.0726 0010730  16.4806 112.1974 14.20151647184006
1 13483U 81053GD  25084.50244942  .00008104  00000-0  37892-2 0    13
2 13483  82.9192  86.0726 0010730  16.4806 112.1974 14.20151647183667
1 13483U 81053GD  25084.98218897  .00007418  00000-0  34680-2 0    14
2 13483  82.9189  85.6881 0010677  15.3521  44.5779 14.20157827183737
1 13483U 81053GD  25085.48844383  .00008635  00000-0  40367-2 0    16
2 13483  82.9190  85.2825 0010587  13.9347 112.7480 14.20168291183805
1 13483U 81053GD  25085.96895727  .00008806  00000-0  41157-2 0    15
2 13483  82.9186  84.8973 0010575  12.7271  49.1925 14.20176501183876
1 13483U 81053GD  25086.47506476  .00009241  00000-0  43184-2 0    18
2 13483  82.9188  84.4915 0010488  11.2048 116.7452 14.20186069183943
1 13483U 81053GD  25087.02629139  .00008014  00000-0  37445-2 0  5398
2 13483  82.9188  84.0497 0010422   9.8273  54.7099 14.20193320184368
1 13483U 81053GD  25087.46704178  .00006461  00000-0  30178-2 0    17
2 13483  82.9192  83.6965 0010382   8.4385 148.1970 14.20197191184087
1 13483U 81053GD  25087.94312348  .00006290  00000-0  29372-2 0    18
2 13483  82.9194  83.3148 0010325   7.3888  61.8877 14.20203287184151
1 13483U 81053GD  25088.08457390  .00006157  00000-0  28752-2 0  5402
2 13483  82.9191  83.2014 0010333   7.1101  64.9382 14.20204631184513
1 13483U 81053GD  25088.08457390  .00006157  00000-0  28752-2 0    14
2 13483  82.9191  83.2014 0010333   7.1101  64.9382 14.20204631184175
1 13483U 81053GD  25088.51769057  .00005646  00000-0  26359-2 0    11
2 13483  82.9189  82.8544 0010374   5.5201 119.6382 14.20208735184237
1 13483U 81053GD  25089.50390627  .00004911  00000-0  22916-2 0  5412
2 13483  82.9193  82.0641 0010250   1.8997 122.5798 14.20217134184716
1 13483U 81053GD  25089.50390627  .00004911  00000-0  22916-2 0    13
2 13483  82.9193  82.0641 0010250   1.8997 122.5798 14.20217134184378
1 13483U 81053GD  25090.71160030  .00005049  00000-0  23557-2 0  5426
2 13483  82.9198  81.0963 0010164 358.5180 177.0317 14.20229218184883
1 13483U 81053GD  25090.48951002  .00004723  00000-0  22033-2 0    13
2 13483  82.9198  81.2739 0010166 359.1228 121.5859 14.20226358184515
1 13483U 81053GD  25090.71160030  .00005049  00000-0  23557-2 0    16
2 13483  82.9198  81.0963 0010164 358.5180 177.0317 14.20229218184546
1 13483U 81053GD  25091.47694819  .00005174  00000-0  24134-2 0    18
2 13483  82.9201  80.4830 0010078 356.3079 130.0428 14.20237501184652
1 13483U 81053GD  25091.95626280  .00005091  00000-0  23748-2 0    16
2 13483  82.9202  80.0989 0010047 354.9186  60.6608 14.20242226184729
1 13483U 81053GD  25091.95626280  .00005091  00000-0  23748-2 0  5437
2 13483  82.9202  80.0989 0010047 354.9186  60.6608 14.20242226185067
1 13483U 81053GD  25093.44943130  .00006952  00000-0  32434-2 0  5449
2 13483  82.9206  78.9025 0009885 350.7634 134.7583 14.20262932185272
1 13483U 81053GD  25093.44943130  .00006952  00000-0  32434-2 0    17
2 13483  82.9206  78.9025 0009885 350.7634 134.7583 14.20262932184934
1 13483U 81053GD  25094.37260646  .00006817  00000-0  31798-2 0    16
2 13483  82.9208  78.1625 0009807 348.2926 174.6061 14.20273313185068
1 13483U 81053GD  25094.98518275  .00006302  00000-0  29389-2 0  5452
2 13483  82.9207  77.6715 0009767 346.8241  66.3296 14.20279675185491
1 13483U 81053GD  25095.97150472  .00006276  00000-0  29261-2 0    19
2 13483  82.9204  76.8810 0009664 343.6210  69.6662 14.20293107185299
1 13483U 81053GD  25096.12715310  .00006916  00000-0  32248-2 0  5469
2 13483  82.9203  76.7564 0009653 343.3898 145.2700 14.20296532185659
1 13483U 81053GD  25096.94994953  .00006062  00000-0  28253-2 0    10
2 13483  82.9203  76.0971 0009601 340.3193  32.8953 14.20306227185432
1 13483U 81053GD  25097.11391969  .00006067  00000-0  28275-2 0    17
2 13483  82.9205  75.9655 0009548 339.9730 151.1465 14.20308464185452
1 13483U 81053GD  25097.66116157  .00005377  00000-0  25052-2 0  5479
2 13483  82.9203  75.5271 0009485 338.2786  69.3074 14.20313448185873
1 13483U 81053GD  25097.94580175  .00005201  00000-0  24228-2 0    10
2 13483  82.9202  75.2992 0009468 337.5714  84.5609 14.20316208185570
1 13483U 81053GD  25098.45192358  .00005521  00000-0  25719-2 0    10
2 13483  82.9205  74.8934 0009401 335.4468 153.0409 14.20322433185649
1 13483U 81053GD  25098.93185527  .00005382  00000-0  25070-2 0    18
2 13483  82.9203  74.5085 0009314 334.8532  86.1599 14.20326842185711
1 13483U 81053GD  25099.08410738  .00005255  00000-0  24477-2 0  5485
2 13483  82.9203  74.3866 0009281 334.2309 144.8156 14.20327955186072
1 13483U 81053GD  25099.37466244  .00005703  00000-0  26564-2 0    11
2 13483  82.9204  74.1535 0009237 333.2646 190.5699 14.20331781185776
1 13483U 81053GD  25099.91750355  .00005666  00000-0  26390-2 0    15
2 13483  82.9204  73.7185 0009182 331.6892  86.1708 14.20337782185853
1 13483U 81053GD  25100.42351455  .00005823  00000-0  27118-2 0  5493
2 13483  82.9205  73.3131 0009115 330.4134 153.2748 14.20344112186264
1 13483U 81053GD  25100.42351455  .00005823  00000-0  27118-2 0    16
2 13483  82.9205  73.3131 0009115 330.4134 153.2748 14.20344112185926
1 13483U 81053GD  25100.90417701  .00005751  00000-0  26782-2 0    12
2 13483  82.9205  72.9278 0009100 328.7489  91.2405 14.20349582185994
1 13483U 81053GD  25101.89052610  .00005984  00000-0  27861-2 0  5501
2 13483  82.9208  72.1374 0008968 325.6222  94.8833 14.20362069186471
1 13483U 81053GD  25102.40387000  .00006061  00000-0  28218-2 0    18
2 13483  82.9210  71.7261 0008909 323.9176 199.9322 14.20368274186203
1 13483U 81053GD  25102.87124897  .00006318  00000-0  29411-2 0    13
2 13483  82.9208  71.3512 0008829 323.1513  69.1552 14.20373888186270
1 13483U 81053GD  25103.38816861  .00006442  00000-0  29990-2 0  5519
2 13483  82.9211  70.9368 0008750 320.9694 192.9751 14.20380126186680
1 13483U 81053GD  25103.85683869  .00005290  00000-0  24615-2 0    10
2 13483  82.9213  70.5608 0008717 318.6372  70.3783 14.20382586186412
1 13483U 81053GD  25104.37570689  .00004983  00000-0  23178-2 0  5525
2 13483  82.9215  70.1452 0008611 317.7792 202.8457 14.20387021186820
1 13483U 81053GD  25104.37570689  .00004983  00000-0  23178-2 0    14
2 13483  82.9215  70.1452 0008611 317.7792 202.8457 14.20387021186482
1 13483U 81053GD  25105.89963463  .00005286  00000-0  24586-2 0  5531
2 13483  82.9220  68.9243 0008537 312.4659  76.0600 14.20402882187038
1 13483U 81053GD  25105.89963463  .00005286  00000-0  24586-2 0    19
2 13483  82.9220  68.9243 0008537 312.4659  76.0600 14.20402882186701
1 13483U 81053GD  25106.41219139  .00006021  00000-0  28009-2 0    14
2 13483  82.9221  68.5139 0008492 310.7667 177.1553 14.20409514186778
1 13483U 81053GD  25107.32848117  .00005927  00000-0  27568-2 0    12
2 13483  82.9223  67.7795 0008373 307.7404 182.8611 14.20418946186904
1 13483U 81053GD  25107.87807497  .00005124  00000-0  23822-2 0  5549
2 13483  82.9223  67.3392 0008318 305.9473 113.3561 14.20423228187327
1 13483U 81053GD  25107.94884242  .00005097  00000-0  23698-2 0    17
2 13483  82.9223  67.2825 0008334 305.6554 115.3059 14.20423882186994
1 13483U 81053GD  25108.93446130  .00004131  00000-0  19190-2 0  5551
2 13483  82.9222  66.4927 0008200 302.5412 115.4553 14.20431087187478
1 13483U 81053GD  25109.84293331  .00004252  00000-0  19750-2 0    17
2 13483  82.9220  65.7646 0008077 299.5065  81.2939 14.20439788187268
1 13483U 81053GD  25110.28505605  .00004698  00000-0  21829-2 0  5566
2 13483  82.9219  65.4101 0008016 298.0327 182.2748 14.20444874187663
1 13483U 81053GD  25110.28505605  .00004698  00000-0  21829-2 0    11
2 13483  82.9219  65.4101 0008016 298.0327 182.2748 14.20444874187326
1 13483U 81053GD  25111.81514050  .00005095  00000-0  23670-2 0  5579
2 13483  82.9218  64.1838 0007868 292.6741  87.3124 14.20460284187878
1 13483U 81053GD  25111.81514050  .00005095  00000-0  23670-2 0    13
2 13483  82.9218  64.1838 0007868 292.6741  87.3124 14.20460284187542
1 13483U 81053GD  25112.17561522  .00004950  00000-0  22994-2 0    16
2 13483  82.9217  63.8942 0007886 291.7648 130.4823 14.20463380187590
1 13483U 81053GD  25112.66724823  .00004678  00000-0  21724-2 0    12
2 13483  82.9217  63.4999 0007851 289.9872 124.8314 14.20467346187664
1 13483U 81053GD  25114.22977387  .00004155  00000-0  19285-2 0  5587
2 13483  82.9220  62.2477 0007775 284.1523 196.2648 14.20480522188228
1 13483U 81053GD  25114.30077087  .00004097  00000-0  19014-2 0    12
2 13483  82.9220  62.1910 0007775 283.5995 199.6634 14.20480942187895
1 13483U 81053GD  25115.35757267  .00004690  00000-0  21772-2 0  5594
2 13483  82.9222  61.3442 0007715 279.3160 204.9995 14.20493008188381
1 13483U 81053GD  25115.35757267  .00004690  00000-0  21772-2 0    16
2 13483  82.9222  61.3442 0007715 279.3160 204.9995 14.20493008188044
1 13483U 81053GD  25116.89472228  .00005263  00000-0  24431-2 0  5609
2 13483  82.9227  60.1125 0007509 273.5373 146.8419 14.20510512188604
1 13483U 81053GD  25116.89472228  .00005263  00000-0  24431-2 0    19
2 13483  82.9227  60.1125 0007509 273.5373 146.8419 14.20510512188266
1 13483U 81053GD  25117.26043804  .00004960  00000-0  23018-2 0    18
2 13483  82.9229  59.8192 0007503 272.1779 217.3132 14.20513502188310
1 13483U 81053GD  25118.24422819  .00004924  00000-0  22849-2 0  5616
2 13483  82.9233  59.0308 0007522 268.5773 208.9212 14.20522695188790
1 13483U 81053GD  25118.31737388  .00004937  00000-0  22910-2 0    16
2 13483  82.9235  58.9724 0007517 268.1922 223.1462 14.20523631188469
1 13483U 81053GD  25121.89776914  .00003919  00000-0  18161-2 0  5636
2 13483  82.9233  56.1030 0007397 254.8139 175.6697 14.20552893189313
1 13483U 81053GD  25121.82668812  .00003965  00000-0  18372-2 0 85707
2 13483  82.9233  56.1600 0007398 254.9921 172.1979 14.20552464188966
1 13483U 81053GD  25122.59807646  .00004148  00000-0  19222-2 0    12
2 13483  82.9231  55.5418 0007375 251.8774 157.8722 14.20559109189073
1 13483U 81053GD  25122.88291742  .00004069  00000-0  18855-2 0    11
2 13483  82.9231  55.3135 0007358 250.7011 174.8730 14.20561369189114
1 13483U 81053GD  25123.24804440  .00004105  00000-0  19023-2 0  5640
2 13483  82.9230  55.0208 0007357 249.2232 242.5203 14.20564263189505
1 13483U 81053GD  25123.31766094  .00004133  00000-0  19152-2 0    10
2 13483  82.9230  54.9650 0007351 248.9230 238.6328 14.20564992189178
1 13483U 81053GD  25123.86798913  .00003623  00000-0  16779-2 0    10
2 13483  82.9229  54.5238 0007332 246.6941 173.6064 14.20568301189259
1 13483U 81053GD  25124.30275439  .00003470  00000-0  16065-2 0  5656
2 13483  82.9229  54.1753 0007312 244.8786 237.5260 14.20571264189656
1 13483U 81053GD  25124.30275439  .00003470  00000-0  16065-2 0    11
2 13483  82.9229  54.1753 0007312 244.8786 237.5260 14.20571264189319
1 13483U 81053GD  25124.85397782  .00003478  00000-0  16102-2 0    17
2 13483  82.9229  53.7333 0007328 242.9409 176.7995 14.20575713189396
1 13483U 81053GD  25125.84176787  .00003245  00000-0  15017-2 0  5669
2 13483  82.9229  52.9414 0007318 239.1583 189.2528 14.20582284189872
1 13483U 81053GD  25125.84176787  .00003245  00000-0  15017-2 0    13
2 13483  82.9229  52.9414 0007318 239.1583 189.2528 14.20582284189535
1 13483U 81053GD  25126.82526299  .00003080  00000-0  14250-2 0    14
2 13483  82.9232  52.1530 0007373 235.3153 179.8363 14.20588335189672
1 13483U 81053GD  25127.19211703  .00002915  00000-0  13481-2 0  5674
2 13483  82.9233  51.8589 0007408 233.9598 256.2237 14.20590115190063
1 13483U 81053GD  25127.81298819  .00002676  00000-0  12367-2 0    15
2 13483  82.9233  51.3614 0007437 231.8613 191.6690 14.20592837189813
1 13483U 81053GD  25128.25386868  .00002769  00000-0  12798-2 0  5685
2 13483  82.9234  51.0081 0007462 230.3209 286.6069 14.20595586190217
1 13483U 81053GD  25128.25386868  .00002769  00000-0  12798-2 0    17
2 13483  82.9234  51.0081 0007462 230.3209 286.6069 14.20595586189877
1 13483U 81053GD  25129.23900343  .00002697  00000-0  12463-2 0    15
2 13483  82.9238  50.2184 0007527 226.4963 285.5965 14.20600664190016
1 13483U 81053GD  25129.78486363  .00002351  00000-0  10853-2 0  5693
2 13483  82.9240  49.7807 0007510 224.1013 197.9654 14.20602106190437
1 13483U 81053GD  25129.93839694  .00002303  00000-0  10631-2 0    11
2 13483  82.9240  49.6578 0007522 223.6308 263.1681 14.20602555190114
1 13483U 81053GD  25130.29044172  .00002604  00000-0  12031-2 0    11
2 13483  82.9242  49.3758 0007540 222.1953 263.9640 14.20605310190163
1 13483U 81053GD  25130.77006531  .00002239  00000-0  10332-2 0    17
2 13483  82.9242  48.9915 0007567 220.3973 197.1985 14.20606278190236
1 13483U 81053GD  25131.21333731  .00002221  00000-0  10248-2 0  5700
2 13483  82.9243  48.6362 0007566 218.5388 304.6996 14.20608291190636
1 13483U 81053GD  25131.27559318  .00002234  00000-0  10310-2 0    10
2 13483  82.9243  48.5863 0007565 218.2134 263.2264 14.20608664190302
1 13483U 81053GD  25131.82948523  .00002279  00000-0  10517-2 0    19
2 13483  82.9243  48.1424 0007609 216.5239 215.9642 14.20611618190382
1 13483U 81053GD  25132.53056582  .00002491  00000-0  11504-2 0  5718
2 13483  82.9243  47.5806 0007651 213.8740 201.9803 14.20615913190828
1 13483U 81053GD  25132.81333185  .00002451  00000-0  11316-2 0    11
2 13483  82.9244  47.3541 0007646 213.0964 208.0345 14.20617280190522
1 13483U 81053GD  25133.24803201  .00002438  00000-0  11253-2 0    15
2 13483  82.9243  47.0060 0007681 211.1581 271.8202 14.20619429190580
1 13483U 81053GD  25133.79923575  .00002501  00000-0  11549-2 0  5724
2 13483  82.9242  46.5643 0007721 209.3889 210.9179 14.20622552191001
1 13483U 81053GD  25133.79923575  .00002501  00000-0  11549-2 0    11
2 13483  82.9242  46.5643 0007721 209.3889 210.9179 14.20622552190662
1 13483U 81053GD  25134.78739078  .00002457  00000-0  11342-2 0    15
2 13483  82.9241  45.7722 0007792 205.8492 225.1559 14.20627396190806
1 13483U 81053GD  25136.75084958  .00002182  00000-0  10063-2 0  5787
2 13483  82.9238  44.1980 0007957 199.4939 187.2607 14.20635098191416
1 13483U 81053GD  25136.75084958  .00002182  00000-0  10063-2 0    18
2 13483  82.9238  44.1980 0007957 199.4939 187.2607 14.20635098191089
1 13483U 81053GD  25137.26330138  .00002746  00000-0  12681-2 0    13
2 13483  82.9237  43.7875 0007982 197.1690 288.8696 14.20638975191154
1 13483U 81053GD  25138.24880292  .00002731  00000-0  12610-2 0  5799
2 13483  82.9236  42.9975 0008058 193.8286 289.3992 14.20643476191634
1 13483U 81053GD  25138.24880292  .00002731  00000-0  12610-2 0    19
2 13483  82.9236  42.9975 0008058 193.8286 289.3992 14.20643476191296
1 13483U 81053GD  25138.80012944  .00002657  00000-0  12266-2 0    16
2 13483  82.9235  42.5554 0008105 191.8111 229.4167 14.20645838191374
1 13483U 81053GD  25139.23504859  .00002326  00000-0  10730-2 0    12
2 13483  82.9235  42.2068 0008153 190.0195 294.2174 14.20646852191439
1 13483U 81053GD  25139.78697766  .00002152  00000-0  99186-3 0  5804
2 13483  82.9235  41.7643 0008218 188.3480 236.9784 14.20649034191852
1 13483U 81053GD  25139.78697766  .00002152  00000-0  99186-3 0    12
2 13483  82.9235  41.7643 0008218 188.3480 236.9784 14.20649034191515
1 13483U 81053GD  25140.77370942  .00002125  00000-0  97950-3 0    14
2 13483  82.9236  40.9731 0008269 184.8097 244.0362 14.20653698191654
1 13483U 81053GD  25141.21343069  .00001994  00000-0  91868-3 0  5812
2 13483  82.9238  40.6209 0008339 183.4599 332.9543 14.20655219192057
1 13483U 81053GD  25141.49928275  .00001928  00000-0  88758-3 0    18
2 13483  82.9238  40.3919 0008357 182.9922 354.5127 14.20656216191758
1 13483U 81053GD  25142.19351666  .00002076  00000-0  95635-3 0    17
2 13483  82.9238  39.8352 0008417 180.6694 305.3123 14.20659342191854
1 13483U 81053GD  25142.81672757  .00001798  00000-0  82736-3 0  5825
2 13483  82.9239  39.3357 0008505 178.1057 253.3343 14.20660796192287
1 13483U 81053GD  25143.10767052  .00001803  00000-0  82966-3 0    19
2 13483  82.9240  39.1025 0008548 177.1780 301.3790 14.20661805191986
1 13483U 81053GD  25143.80202263  .00001797  00000-0  82661-3 0    18
2 13483  82.9241  38.5459 0008631 174.9556 252.6981 14.20664428192086
1 13483U 81053GD  25143.95468310  .00001807  00000-0  83145-3 0  5836
2 13483  82.9241  38.4236 0008646 174.4126 313.5477 14.20665008192444
1 13483U 81053GD  25144.23611904  .00001775  00000-0  81632-3 0    15
2 13483  82.9242  38.1981 0008674 173.4775 313.0108 14.20665987192148
1 13483U 81053GD  25144.78781253  .00001758  00000-0  80852-3 0    14
2 13483  82.9240  37.7561 0008666 171.9458 254.4654 14.20668089192226
1 13483U 81053GD  25145.15670142  .00001781  00000-0  81915-3 0  5843
2 13483  82.9234  37.4603 0008680 170.9909 340.9575 14.20669156192611
1 13483U 81053GD  25145.15670142  .00001781  00000-0  81915-3 0    17
2 13483  82.9234  37.4603 0008680 170.9909 340.9575 14.20669156192273
1 13483U 81053GD  25147.19430069  .00001816  00000-0  83536-3 0  5852
2 13483  82.9233  35.8269 0008907 164.2883 322.6761 14.20676960192906
1 13483U 81053GD  25147.19430069  .00001816  00000-0  83536-3 0    15
2 13483  82.9233  35.8269 0008907 164.2883 322.6761 14.20676960192568
1 13483U 81053GD  25148.11566669  .00001817  00000-0  83560-3 0    12
2 13483  82.9232  35.0883 0009006 161.5544 354.9124 14.20680369192699
1 13483U 81053GD  25150.44312182  .00002182  00000-0  10052-2 0  5869
2 13483  82.9232  33.2225 0009317 154.3653  18.8036 14.20691896193365
1 13483U 81053GD  25150.44312182  .00002182  00000-0  10052-2 0    11
2 13483  82.9232  33.2225 0009317 154.3653  18.8036 14.20691896193028
1 13483U 81053GD  25150.77508558  .00002172  00000-0  10005-2 0    18
2 13483  82.9231  32.9564 0009395 153.1720 276.8206 14.20693087193071
1 13483U 81053GD  25151.76232602  .00001932  00000-0  88898-3 0  5870
2 13483  82.9232  32.1648 0009524 150.1497 286.1162 14.20696874193554
1 13483U 81053GD  25151.76232602  .00001932  00000-0  88898-3 0    11
2 13483  82.9232  32.1648 0009524 150.1497 286.1162 14.20696874193217
1 13483U 81053GD  25152.19501178  .00002277  00000-0  10489-2 0    19
2 13483  82.9232  31.8178 0009570 148.9471 338.9941 14.20699813193272
1 13483U 81053GD  25152.74637476  .00006027  00000-0  27869-2 0  5888
2 13483  82.9233  31.3756 0009620 147.4179 278.8573 14.20717366193698
1 13483U 81053GD  25152.74637476  .00006027  00000-0  27869-2 0    18
2 13483  82.9233  31.3756 0009620 147.4179 278.8573 14.20717366193351
1 13483U 81053GD  25153.18081469  .00002600  00000-0  11988-2 0  5891
2 13483  82.9234  31.0272 0009705 146.1531 340.7453 14.20706064193757
1 13483U 81053GD  25153.73265813  .00002887  00000-0  13317-2 0    13
2 13483  82.9235  30.5848 0009761 144.6817 282.9885 14.20710109193495
1 13483U 81053GD  25154.71764675  .00003312  00000-0  15284-2 0  5904
2 13483  82.9236  29.7951 0009876 141.9524 280.5465 14.20717448193977
1 13483U 81053GD  25155.08880112  .00002637  00000-0  12156-2 0    11
2 13483  82.9237  29.4976 0009939 140.8445  18.8320 14.20717117193685
1 13483U 81053GD  25155.70293924  .00002143  00000-0  98646-3 0    10
2 13483  82.9236  29.0054 0009996 139.0931 279.7935 14.20718595193771
1 13483U 81053GD  25156.13828731  .00002071  00000-0  95281-3 0  5914
2 13483  82.9238  28.6564 0010021 137.9591 346.2457 14.20720576194170
1 13483U 81053GD  25156.13828731  .00002071  00000-0  95281-3 0    10
2 13483  82.9238  28.6564 0010021 137.9591 346.2457 14.20720576193832
1 13483U 81053GD  25156.68925633  .00001880  00000-0  86423-3 0    14
2 13483  82.9238  28.2147 0010080 136.4307 284.1017 14.20722517193917
1 13483U 81053GD  25157.12443507  .00001729  00000-0  79439-3 0    10
2 13483  82.9238  27.8660 0010123 135.3059 349.6835 14.20723766193970
1 13483U 81053GD  25157.67565395  .00001721  00000-0  79042-3 0    12
2 13483  82.9237  27.4240 0010141 133.7541 288.8474 14.20726009194053
1 13483U 81053GD  25158.11795240  .00001699  00000-0  78029-3 0  5930
2 13483  82.9237  27.0695 0010195 132.5528  30.9051 14.20727567194455
1 13483U 81053GD  25158.40185139  .00001657  00000-0  76077-3 0    11
2 13483  82.9237  26.8419 0010222 131.7557  42.8836 14.20728418194156
1 13483U 81053GD  25158.66317470  .00001724  00000-0  79170-3 0    16
2 13483  82.9236  26.6324 0010246 131.0524 299.3717 14.20729637194196
1 13483U 81053GD  25159.38889058  .00001859  00000-0  85420-3 0  5943
2 13483  82.9236  26.0506 0010326 129.1591  50.8519 14.20732725194634
1 13483U 81053GD  25159.38889058  .00001859  00000-0  85420-3 0    16
2 13483  82.9236  26.0506 0010326 129.1591  50.8519 14.20732725194296
1 13483U 81053GD  25161.13898056  .00001632  00000-0  74871-3 0    17
2 13483  82.9230  24.6473 0010484 124.5361   1.2992 14.20737711194549
1 13483U 81053GD  25161.61870863  .00001538  00000-0  70538-3 0    17
2 13483  82.9228  24.2626 0010525 123.2687 294.7680 14.20738825194613
1 13483U 81053GD  25162.59916969  .00001538  00000-0  70548-3 0    14
2 13483  82.9228  23.4765 0010621 120.6824 269.1386 14.20742268194759
1 13483U 81053GD  25162.67708679  .00001542  00000-0  70719-3 0  5964
2 13483  82.9228  23.4139 0010624 120.4907 307.6170 14.20742581195104
1 13483U 81053GD  25162.67708679  .00001542  00000-0  70719-3 0    15
2 13483  82.9228  23.4139 0010624 120.4907 307.6170 14.20742581194765
1 13483U 81053GD  25163.66226620  .00001704  00000-0  78213-3 0    13
2 13483  82.9228  22.6240 0010711 117.9746 306.0509 14.20746985194905
1 13483U 81053GD  25164.10526093  .00001720  00000-0  78974-3 0  5972
2 13483  82.9228  22.2688 0010752 116.8755  51.5995 14.20748665195303
1 13483U 81053GD  25164.10526093  .00001720  00000-0  78974-3 0    12
2 13483  82.9228  22.2688 0010752 116.8755  51.5995 14.20748665194964
1 13483U 81053GD  25165.56412723  .00002036  00000-0  93594-3 0    13
2 13483  82.9228  21.0990 0010946 113.2745 312.4907 14.20755965195179
1 13483U 81053GD  25165.63448572  .00001869  00000-0  85837-3 0  5987
2 13483  82.9228  21.0427 0010885 113.1234 312.2970 14.20755626195529
1 13483U 81053GD  25165.63448572  .00001869  00000-0  85837-3 0    16
2 13483  82.9228  21.0427 0010885 113.1234 312.2970 14.20755626195181
1 13483U 81053GD  25166.07513306  .00001903  00000-0  87442-3 0    16
2 13483  82.9228  20.6893 0010897 111.9423  45.9429 14.20757582195241
1 13483U 81053GD  25167.06014862  .00001866  00000-0  85722-3 0  5998
2 13483  82.9227  19.8994 0010959 109.4382  43.5762 14.20761268195720
1 13483U 81053GD  25167.06014862  .00001866  00000-0  85722-3 0    16
2 13483  82.9227  19.8994 0010959 109.4382  43.5762 14.20761268195382
1 13483U 81053GD  25168.66325755  .00001829  00000-0  83985-3 0  6002
2 13483  82.9228  18.6139 0011062 105.3718 322.3247 14.20767464195958
1 13483U 81053GD  25169.03185674  .00001809  00000-0  83037-3 0    19
2 13483  82.9228  18.3185 0011083 104.3766  47.5099 14.20768835195663
1 13483U 81053GD  25169.64853118  .00001762  00000-0  80843-3 0    11
2 13483  82.9228  17.8239 0011124 102.8552 321.3245 14.20770956195752
1 13483U 81053GD  25170.01344931  .00001807  00000-0  82957-3 0  6016
2 13483  82.9228  17.5313 0011127 101.9125  27.6446 14.20772577196145
1 13483U 81053GD  25170.01344931  .00001807  00000-0  82957-3 0    10
2 13483  82.9228  17.5313 0011127 101.9125  27.6446 14.20772577195807
1 13483U 81053GD  25171.54154553  .00001615  00000-0  74027-3 0  6021
2 13483  82.9229  16.3062 0011230  98.2556 282.5935 14.20776993196359
1 13483U 81053GD  25171.54154553  .00001615  00000-0  74027-3 0    14
2 13483  82.9229  16.3062 0011230  98.2556 282.5935 14.20776993196023
1 13483U 81053GD  25172.06160769  .00001565  00000-0  71703-3 0    10
2 13483  82.9229  15.8891 0011239  97.0033  62.2945 14.20778415196095
1 13483U 81053GD  25173.04682802  .00001561  00000-0  71546-3 0  6035
2 13483  82.9227  15.0992 0011262  94.4246  61.1212 14.20781580196575
1 13483U 81053GD  25173.04682802  .00001561  00000-0  71546-3 0    17
2 13483  82.9227  15.0992 0011262  94.4246  61.1212 14.20781580196238
1 13483U 81053GD  25174.31850126  .00001546  00000-0  70831-3 0  6042
2 13483  82.9227  14.0794 0011289  91.3773  84.7216 14.20785492196755
1 13483U 81053GD  25174.31850126  .00001546  00000-0  70831-3 0    13
2 13483  82.9227  14.0794 0011289  91.3773  84.7216 14.20785492196418
1 13483U 81053GD  25175.01846346  .00001514  00000-0  69337-3 0    14
2 13483  82.9227  13.5179 0011301  89.7540  64.4278 14.20787560196519
1 13483U 81053GD  25175.63555236  .00001545  00000-0  70782-3 0  6057
2 13483  82.9228  13.0230 0011326  88.2948 340.3386 14.20789560196941
1 13483U 81053GD  25175.63555236  .00001545  00000-0  70782-3 0    17
2 13483  82.9228  13.0230 0011326  88.2948 340.3386 14.20789560196604
1 13483U 81053GD  25176.00394769  .00001534  00000-0  70267-3 0    17
2 13483  82.9228  12.7276 0011329  87.3960  64.4135 14.20790648196657
1 13483U 81053GD  25176.82164913  .00001464  00000-0  67013-3 0  6061
2 13483  82.9228  12.0718 0011335  85.5251 286.2422 14.20792662197103
1 13483U 81053GD  25176.82164913  .00001464  00000-0  67013-3 0    10
2 13483  82.9228  12.0718 0011335  85.5251 286.2422 14.20792662196775
1 13483U 81053GD  25177.52911623  .00001470  00000-0  67292-3 0    12
2 13483  82.9227  11.5045 0011339  83.8887 304.3438 14.20794874196878
1 13483U 81053GD  25179.02658997  .00001454  00000-0  66552-3 0  6129
2 13483  82.9228  10.3035 0011307  80.2610  42.8486 14.20799299197420
1 13483U 81053GD  25179.57791593  .00001400  00000-0  64065-3 0    19
2 13483  82.9227   9.8614 0011297  78.8589 342.5576 14.20800628197161
1 13483U 81053GD  25179.94245205  .00001416  00000-0  64785-3 0    10
2 13483  82.9227   9.5690 0011284  77.9711  46.9089 14.20801777197211
1 13483U 81053GD  25180.56258248  .00001372  00000-0  62760-3 0  6132
2 13483  82.9228   9.0717 0011271  76.5354 338.3776 14.20803392197644
1 13483U 81053GD  25180.63669475  .00001370  00000-0  62659-3 0    14
2 13483  82.9228   9.0123 0011268  76.3137 357.4525 14.20803594197310
1 13483U 81053GD  25181.54885957  .00001472  00000-0  67360-3 0    17
2 13483  82.9229   8.2807 0011244  74.1272 342.5274 14.20806976197448
1 13483U 81053GD  25181.91558781  .00001500  00000-0  68681-3 0    19
2 13483  82.9230   7.9866 0011233  73.1987  58.1341 14.20808283197494
1 13483U 81053GD  25181.91558781  .00001500  00000-0  68681-3 0  6149
2 13483  82.9230   7.9866 0011233  73.1987  58.1341 14.20808283197832
1 13483U 81053GD  25182.52851296  .00001660  00000-0  76094-3 0    18
2 13483  82.9229   7.4950 0011216  71.7068 312.8432 14.20811212197583
1 13483U 81053GD  25182.90007604  .00001705  00000-0  78149-3 0    19
2 13483  82.9230   7.1971 0011203  70.7547  53.1936 14.20812666197636
1 13483U 81053GD  25182.97102331  .00001707  00000-0  78231-3 0  6154
2 13483  82.9229   7.1402 0011203  70.5732  56.0518 14.20812931197988
1 13483U 81053GD  25183.59342406  .00001693  00000-0  77585-3 0    16
2 13483  82.9229   6.6410 0011178  69.0987 359.1883 14.20814904197734
1 13483U 81053GD  25183.96187334  .00001735  00000-0  79539-3 0    12
2 13483  82.9230   6.3456 0011161  68.1432  83.6299 14.20816399197785
1 13483U 81053GD  25184.02686341  .00001729  00000-0  79272-3 0  6161
2 13483  82.9230   6.2934 0011160  67.9279  56.0697 14.20816586198134
1 13483U 81053GD  25184.57824650  .00001717  00000-0  78728-3 0    18
2 13483  82.9230   5.8512 0011136  66.5975 356.0324 14.20818342197874
1 13483U 81053GD  25184.94807801  .00001692  00000-0  77550-3 0    12
2 13483  82.9230   5.5546 0011112  65.6812  87.5038 14.20819412197925
1 13483U 81053GD  25185.56466297  .00001726  00000-0  79102-3 0  6177
2 13483  82.9230   5.0602 0011086  64.1040   1.0285 14.20821680198353
1 13483U 81053GD  25185.92881065  .00001717  00000-0  78697-3 0    16
2 13483  82.9230   4.7681 0011062  63.1601  63.4769 14.20822844198062
1 13483U 81053GD  25186.54995057  .00001745  00000-0  80006-3 0    10
2 13483  82.9229   4.2700 0011031  61.5520   0.3261 14.20825200198151
1 13483U 81053GD  25186.91492957  .00001697  00000-0  77785-3 0  6182
2 13483  82.9229   3.9773 0010972  60.6781  66.9590 14.20826203198549
1 13483U 81053GD  25186.91492957  .00001697  00000-0  77785-3 0    18
2 13483  82.9229   3.9773 0010972  60.6781  66.9590 14.20826203198202
1 13483U 81053GD  25186.99372436  .00001713  00000-0  78515-3 0    16
2 13483  82.9229   3.9141 0010985  60.5184 109.9162 14.20826633198212
1 13483U 81053GD  25187.97840819  .00001686  00000-0  77276-3 0    12
2 13483  82.9228   3.1245 0010928  57.9638 106.1496 14.20830048198358
1 13483U 81053GD  25187.97840819  .00001686  00000-0  77276-3 0  6197
2 13483  82.9228   3.1245 0010928  57.9638 106.1496 14.20830048198695
1 13483U 81053GD  25188.52029227  .00001692  00000-0  77532-3 0    18
2 13483  82.9229   2.6900 0010876  56.6815 357.5353 14.20832085198432
1 13483U 81053GD  25188.96275656  .00001662  00000-0  76151-3 0    18
2 13483  82.9229   2.3351 0010816  55.6215 100.4686 14.20833517198497
1 13483U 81053GD  25189.50618528  .00001617  00000-0  74059-3 0  6200
2 13483  82.9228   1.8994 0010799  54.1978 359.8970 14.20835183198917
1 13483U 81053GD  25189.58001347  .00001616  00000-0  74030-3 0    14
2 13483  82.9228   1.8402 0010805  53.9693  17.5353 14.20835447198589
1 13483U 81053GD  25189.87199618  .00001597  00000-0  73127-3 0    19
2 13483  82.9229   1.6060 0010787  53.1791  70.9417 14.20836374198627
1 13483U 81053GD  25190.85737948  .00001467  00000-0  67130-3 0  6214
2 13483  82.9229   0.8156 0010693  50.5589  70.8476 14.20838992199102
1 13483U 81053GD  25190.85737948  .00001467  00000-0  67130-3 0    16
2 13483  82.9229   0.8156 0010693  50.5589  70.8476 14.20838992198763
1 13483U 81053GD  25191.55079546  .00001428  00000-0  65320-3 0    13
2 13483  82.9230   0.2596 0010653  48.8282  17.3328 14.20841112198864
1 13483U 81053GD  25192.20642984  .00001413  00000-0  64589-3 0  6227
2 13483  82.9232 359.7339 0010591  47.1966 130.5836 14.20843153199292
1 13483U 81053GD  25192.45918495  .00001399  00000-0  63952-3 0    14
2 13483  82.9231 359.5312 0010574  46.4879 343.3837 14.20843892198997
1 13483U 81053GD  25192.90565373  .00001455  00000-0  66547-3 0    13
2 13483  82.9232 359.1732 0010544  45.3108 106.9259 14.20845684199050
1 13483U 81053GD  25193.52143468  .00001495  00000-0  68393-3 0  6234
2 13483  82.9232 358.6794 0010461  43.6162  16.5178 14.20847877199480
1 13483U 81053GD  25193.52143468  .00001495  00000-0  68393-3 0    14
2 13483  82.9232 358.6794 0010461  43.6162  16.5178 14.20847877199143
1 13483U 81053GD  25193.96419708  .00001538  00000-0  70382-3 0    14
2 13483  82.9232 358.3243 0010415  42.3761 121.1805 14.20849523199206
1 13483U 81053GD  25194.50706641  .00001560  00000-0  71427-3 0    16
2 13483  82.9233 357.8889 0010365  40.9484  17.7841 14.20851324199287
1 13483U 81053GD  25194.87837435  .00001496  00000-0  68426-3 0  6246
2 13483  82.9232 357.5911 0010313  39.8481 117.0300 14.20852024199671
1 13483U 81053GD  25194.87837435  .00001496  00000-0  68426-3 0    15
2 13483  82.9232 357.5911 0010313  39.8481 117.0300 14.20852024199334
1 13483U 81053GD  25195.49207448  .00001487  00000-0  68014-3 0    12
2 13483  82.9232 357.0990 0010248  38.1856  15.9639 14.20853775199426
1 13483U 81053GD  25195.69560463  .00001490  00000-0  68144-3 0    11
2 13483  82.9232 356.9358 0010231  37.6101 336.9985 14.20854369199454
1 13483U 81053GD  25195.92766987  .00001455  00000-0  66540-3 0  6257
2 13483  82.9233 356.7497 0010185  36.9271  84.0141 14.20854861199828
1 13483U 81053GD  25196.47806201  .00001559  00000-0  71333-3 0    11
2 13483  82.9233 356.3084 0010128  35.4229  19.1642 14.20857188199561
1 13483U 81053GD  25196.92038377  .00001533  00000-0  70147-3 0    16
2 13483  82.9233 355.9536 0010085  34.1740 121.5962 14.20858392199622
1 13483U 81053GD  25197.19528073  .00001556  00000-0  71207-3 0  6269
2 13483  82.9234 355.7332 0010059  33.4706  87.5957 14.20859369200005
1 13483U 81053GD  25197.46385654  .00001549  00000-0  70892-3 0    13
2 13483  82.9234 355.5178 0010032  32.7180  21.3309 14.20860199199704
1 13483U 81053GD  25197.97074198  .00001593  00000-0  72940-3 0    12
2 13483  82.9234 355.1112 0009971  31.2851  94.0098 14.20862138199771
1 13483U 81053GD  25198.44965850  .00001720  00000-0  78779-3 0    17
2 13483  82.9234 354.7272 0009926  29.9257  23.6402 14.20864574199848
1 13483U 81053GD  25198.44965850  .00001720  00000-0  78779-3 0  6271
2 13483  82.9234 354.7272 0009926  29.9257  23.6402 14.20864574200188
1 13483U 81053GD  25199.50811545  .00001698  00000-0  77772-3 0  6287
2 13483  82.9234 353.8784 0009819  26.8848  37.6260 14.20867973200339
1 13483U 81053GD  25199.50811545  .00001698  00000-0  77772-3 0    12
2 13483  82.9234 353.8784 0009819  26.8848  37.6260 14.20867973199998
1 13483U 81053GD  25199.87763601  .00001753  00000-0  80320-3 0    16
2 13483  82.9235 353.5820 0009759  25.7568 127.7881 14.20869625200042
1 13483U 81053GD  25200.49349389  .00001629  00000-0  74558-3 0    18
2 13483  82.9235 353.0881 0009705  23.9891  37.8939 14.20870902200139
1 13483U 81053GD  25201.47884918  .00001677  00000-0  76804-3 0  6294
2 13483  82.9235 352.2980 0009620  20.9734  38.1782 14.20874649200614
1 13483U 81053GD  25201.47884918  .00001677  00000-0  76804-3 0    18
2 13483  82.9235 352.2980 0009620  20.9734  38.1782 14.20874649200276
1 13483U 81053GD  25201.91381322  .00001700  00000-0  77841-3 0    17
2 13483  82.9236 351.9492 0009570  19.5734 103.1769 14.20876314200335
1 13483U 81053GD  25202.46510948  .00001712  00000-0  78417-3 0    19
2 13483  82.9236 351.5071 0009503  17.9136  43.1443 14.20878264200415
1 13483U 81053GD  25202.83097169  .00001751  00000-0  80228-3 0  6309
2 13483  82.9236 351.2137 0009467  16.7694 114.6324 14.20879718200800
1 13483U 81053GD  25202.83097169  .00001751  00000-0  80228-3 0    11
2 13483  82.9236 351.2137 0009467  16.7694 114.6324 14.20879718200462
1 13483U 81053GD  25203.44969148  .00001863  00000-0  85366-3 0    16
2 13483  82.9234 350.7176 0009379  14.7846  39.6148 14.20882644200558
1 13483U 81053GD  25203.88498703  .00001991  00000-0  91282-3 0  6313
2 13483  82.9235 350.3684 0009341  13.6368 106.0718 14.20885156200952
1 13483U 81053GD  25204.43550711  .00002115  00000-0  97048-3 0    19
2 13483  82.9234 349.9269 0009269  11.9630  42.1060 14.20888116200696
1 13483U 81053GD  25204.87184095  .00002130  00000-0  97719-3 0    17
2 13483  82.9235 349.5770 0009220  10.5499 114.1409 14.20889978200756
1 13483U 81053GD  25205.42134647  .00002108  00000-0  96718-3 0    10
2 13483  82.9235 349.1363 0009169   8.9951  44.8748 14.20892056200831
1 13483U 81053GD  25205.42134647  .00002108  00000-0  96718-3 0  6320
2 13483  82.9235 349.1363 0009169   8.9951  44.8748 14.20892056201179
1 13483U 81053GD  25205.85789302  .00002031  00000-0  93145-3 0    17
2 13483  82.9235 348.7863 0009111   7.4988 118.0834 14.20893283200891
1 13483U 81053GD  25206.48026922  .00002015  00000-0  92387-3 0  6339
2 13483  82.9235 348.2864 0008992   5.7650  61.5333 14.20895963201322
1 13483U 81053GD  25206.48026922  .00002015  00000-0  92387-3 0    18
2 13483  82.9235 348.2864 0008992   5.7650  61.5333 14.20895963200983
1 13483U 81053GD  25207.89893940  .00002186  00000-0  10027-2 0  6347
2 13483  82.9242 347.1489 0008884   1.2415 118.6202 14.20902593201520
1 13483U 81053GD  25207.89893940  .00002186  00000-0  10027-2 0    15
2 13483  82.9242 347.1489 0008884   1.2415 118.6202 14.20902593201182
1 13483U 81053GD  25208.45136535  .00002003  00000-0  91838-3 0    16
2 13483  82.9244 346.7060 0008795 359.3280  64.6688 14.20904364201267
1 13483U 81053GD  25208.88490009  .00002190  00000-0  10048-2 0    12
2 13483  82.9244 346.3583 0008759 357.9742 122.3616 14.20906865201328
1 13483U 81053GD  25209.43620265  .00002051  00000-0  94057-3 0  6355
2 13483  82.9245 345.9163 0008704 356.0642  62.6725 14.20908815201747
1 13483U 81053GD  25209.43620265  .00002051  00000-0  94057-3 0    12
2 13483  82.9245 345.9163 0008704 356.0642  62.6725 14.20908815201400
1 13483U 81053GD  25210.57524752  .00002341  00000-0  10745-2 0    16
2 13483  82.9248 345.0033 0008640 352.2168 129.6292 14.20914917201560
1 13483U 81053GD  25210.78691304  .00002357  00000-0  10817-2 0  6368
2 13483  82.9249 344.8337 0008617 351.5613 132.3791 14.20915941201930
1 13483U 81053GD  25210.78691304  .00002357  00000-0  10817-2 0    14
2 13483  82.9249 344.8337 0008617 351.5613 132.3791 14.20915941201592
1 13483U 81053GD  25211.48057491  .00002369  00000-0  10873-2 0    10
2 13483  82.9248 344.2776 0008578 349.3497  80.7928 14.20919228201694
1 13483U 81053GD  25211.91415980  .00002557  00000-0  11742-2 0  6379
2 13483  82.9247 343.9297 0008543 347.8046 138.9562 14.20921968202091
1 13483U 81053GD  25211.91415980  .00002557  00000-0  11742-2 0    14
2 13483  82.9247 343.9297 0008543 347.8046 138.9562 14.20921968201753
1 13483U 81053GD  25212.46616869  .00002220  00000-0  10183-2 0    19
2 13483  82.9248 343.4872 0008482 345.6624  83.1342 14.20923039201835
1 13483U 81053GD  25212.89904122  .00002200  00000-0  10090-2 0    13
2 13483  82.9247 343.1400 0008442 343.9937 137.7842 14.20924943201894
1 13483U 81053GD  25213.37859822  .00002099  00000-0  96236-3 0  6382
2 13483  82.9247 342.7554 0008434 342.5421  70.8846 14.20926652202300
1 13483U 81053GD  25213.37859822  .00002099  00000-0  96236-3 0    16
2 13483  82.9247 342.7554 0008434 342.5421  70.8846 14.20926652201961
1 13483U 81053GD  25213.82073446  .00001997  00000-0  91501-3 0    12
2 13483  82.9246 342.4010 0008394 340.8224 172.9496 14.20928188202020
1 13483U 81053GD  25214.36437274  .00001994  00000-0  91369-3 0    14
2 13483  82.9245 341.9651 0008353 338.9972  74.0366 14.20930545202104
1 13483U 81053GD  25214.80632139  .00001916  00000-0  87752-3 0  6392
2 13483  82.9245 341.6106 0008328 337.6150 174.8115 14.20932101202507
1 13483U 81053GD  25215.42260729  .00001926  00000-0  88217-3 0    14
2 13483  82.9245 341.1164 0008290 335.2493  87.8487 14.20934876202256
1 13483U 81053GD  25215.79214843  .00001828  00000-0  83683-3 0    13
2 13483  82.9246 340.8202 0008263 334.0671 178.2565 14.20935957202300
1 13483U 81053GD  25216.40790233  .00001934  00000-0  88568-3 0  6408
2 13483  82.9245 340.3262 0008219 331.8360  88.4495 14.20939079202731
1 13483U 81053GD  25216.40790233  .00001934  00000-0  88568-3 0    19
2 13483  82.9245 340.3262 0008219 331.8360  88.4495 14.20939079202393
1 13483U 81053GD  25217.39353804  .00001981  00000-0  90765-3 0    11
2 13483  82.9247 339.5354 0008105 328.8995  90.3325 14.20943578202530
1 13483U 81053GD  25218.81423543  .00002053  00000-0  94059-3 0 88610
2 13483  82.9250 338.3967 0008094 323.3104 159.0909 14.20949701202737
1 13483U 81053GD  25219.36422297  .00001915  00000-0  87699-3 0 88636
2 13483  82.9251 337.9555 0008057 321.3576  92.8061 14.20951488202813
1 13483U 81053GD  25219.36422297  .00001915  00000-0  87699-3 0    12
2 13483  82.9251 337.9555 0008057 321.3576  92.8061 14.20951488202813
1 13483U 81053GD  25219.36422297  .00001915  00000-0  87699-3 0  6434
2 13483  82.9251 337.9555 0008057 321.3576  92.8061 14.20951488203151
1 13483U 81053GD  25220.85694947  .00002195  00000-0  10059-2 0  6440
2 13483  82.9252 336.7584 0008012 315.7016 169.9080 14.20957498203365
1 13483U 81053GD  25220.85694947  .00002195  00000-0  10059-2 0    17
2 13483  82.9252 336.7584 0008012 315.7016 169.9080 14.20957498203028
1 13483U 81053GD  25221.25745670  .00001945  00000-0  89056-3 0    18
2 13483  82.9251 336.4371 0007985 314.5025  58.6724 14.20958006203084
1 13483U 81053GD  25222.05387793  .00002286  00000-0  10480-2 0  6452
2 13483  82.9253 335.7988 0007986 311.3725 173.4602 14.20961913203537
1 13483U 81053GD  25222.05387793  .00002286  00000-0  10480-2 0    18
2 13483  82.9253 335.7988 0007986 311.3725 173.4602 14.20961913203199
1 13483U 81053GD  25222.82840800  .00001964  00000-0  89915-3 0    18
2 13483  82.9248 335.1779 0008010 308.5818 176.0018 14.20964337203301
1 13483U 81053GD  25223.81467880  .00001940  00000-0  88805-3 0  6467
2 13483  82.9248 334.3869 0007973 305.0793 181.7776 14.20967762203784
1 13483U 81053GD  25223.81467880  .00001940  00000-0  88805-3 0    12
2 13483  82.9248 334.3869 0007973 305.0793 181.7776 14.20967762203447
1 13483U 81053GD  25225.27263314  .00001826  00000-0  83561-3 0    17
2 13483  82.9247 333.2179 0007956 299.9966  80.6224 14.20972470203652
1 13483U 81053GD  25225.78611874  .00001663  00000-0  76007-3 0    17
2 13483  82.9249 332.8059 0007947 298.0211 187.7865 14.20973314203725
1 13483U 81053GD  25226.33552689  .00001759  00000-0  80446-3 0    15
2 13483  82.9247 332.3655 0007950 296.0523 118.6053 14.20975915203808
1 13483U 81053GD  25227.39491028  .00001666  00000-0  76126-3 0    18
2 13483  82.9246 331.5160 0007952 292.0470 138.7181 14.20979259203954
1 13483U 81053GD  25225.27263314  .00001826  00000-0  83561-3 0  6473
2 13483  82.9247 333.2179 0007956 299.9966  80.6224 14.20972470203988
1 13483U 81053GD  25226.33552689  .00001759  00000-0  80446-3 0  6482
2 13483  82.9247 332.3655 0007950 296.0523 118.6053 14.20975915204146
1 13483U 81053GD  25227.39491028  .00001666  00000-0  76126-3 0  6496
2 13483  82.9246 331.5160 0007952 292.0470 138.7181 14.20979259204292
1 13483U 81053GD  25228.38000286  .00001575  00000-0  71950-3 0    19
2 13483  82.9246 330.7261 0007940 288.4716 138.5991 14.20982150204093
1 13483U 81053GD  25229.21414703  .00001565  00000-0  71466-3 0  6506
2 13483  82.9246 330.0572 0007945 285.4354  86.2216 14.20984783204544
1 13483U 81053GD  25229.21414703  .00001565  00000-0  71466-3 0    16
2 13483  82.9246 330.0572 0007945 285.4354  86.2216 14.20984783204218
1 13483U 81053GD  25229.79922418  .00001534  00000-0  70030-3 0    18
2 13483  82.9246 329.5880 0007949 283.2357 199.6513 14.20986552204299
1 13483U 81053GD  25230.35124348  .00001524  00000-0  69575-3 0  6510
2 13483  82.9245 329.1453 0007947 281.2270 143.8813 14.20988145204711
1 13483U 81053GD  25230.35124348  .00001524  00000-0  69575-3 0    19
2 13483  82.9245 329.1453 0007947 281.2270 143.8813 14.20988145204373
1 13483U 81053GD  25231.33618356  .00001471  00000-0  67122-3 0    12
2 13483  82.9246 328.3555 0007956 277.5080 143.1572 14.20990873204517
1 13483U 81053GD  25231.77100963  .00001483  00000-0  67672-3 0  6525
2 13483  82.9246 328.0069 0007992 276.0946 207.6444 14.20992248204915
1 13483U 81053GD  25231.77100963  .00001483  00000-0  67672-3 0    13
2 13483  82.9246 328.0069 0007992 276.0946 207.6444 14.20992248204577
1 13483U 81053GD  25232.32169907  .00001514  00000-0  69125-3 0    18
2 13483  82.9245 327.5652 0008003 274.2420 144.9335 14.20994145204658
1 13483U 81053GD  25232.75688867  .00001445  00000-0  65940-3 0    10
2 13483  82.9245 327.2162 0008022 272.4997 211.6120 14.20994997204717
1 13483U 81053GD  25235.78489976  .00001331  00000-0  60669-3 0 89098
2 13483  82.9244 324.7880 0008122 261.4992 223.5730 14.21002632205143
1 13483U 81053GD  25236.62902547  .00001411  00000-0  64325-3 0 89122
2 13483  82.9244 324.1111 0008157 258.3396 222.4135 14.21005406205267
1 13483U 81053GD  25236.77039613  .00001433  00000-0  65365-3 0 89144
2 13483  82.9243 323.9976 0008166 257.8983 225.6287 14.21006001205285
1 13483U 81053GD  25237.61530457  .00001502  00000-0  68513-3 0 89178
2 13483  82.9243 323.3200 0008221 254.9724 228.2485 14.21008915205401
1 13483U 81053GD  25237.75727019  .00001529  00000-0  69786-3 0 89199
2 13483  82.9242 323.2061 0008214 254.5125 234.5265 14.21009591205426
1 13483U 81053GD  25238.23069984  .00001628  00000-0  74337-3 0 89203
2 13483  82.9242 322.8265 0008226 252.9736 136.5352 14.21011613205493
1 13483U 81053GD  25238.74199598  .00001779  00000-0  81290-3 0 89229
2 13483  82.9241 322.4164 0008253 251.0769 232.5085 14.21014412205560
1 13483U 81053GD  25239.21648322  .00002018  00000-0  92318-3 0 89237
2 13483  82.9241 322.0359 0008272 249.6181 139.8548 14.21017524205632
1 13483U 81053GD  25239.49582065  .00002134  00000-0  97690-3 0 89246
2 13483  82.9242 321.8118 0008372 248.4549 129.1766 14.21019327205670
1 13483U 81053GD  25239.72766029  .00002229  00000-0  10203-2 0 89267
2 13483  82.9241 321.6258 0008351 247.7077 235.2425 14.21020842205706
1 13483U 81053GD  25240.56142543  .00002501  00000-0  11457-2 0 89276
2 13483  82.9240 320.9572 0008416 244.9821 180.7373 14.21025970205820
1 13483U 81053GD  25240.64380676  .00002804  00000-0  12854-2 0 89285
2 13483  82.9240 320.8914 0008440 244.3592 242.5441 14.21026331205831
1 13483U 81053GD  25241.26349714  .00002901  00000-0  13300-2 0 89300
2 13483  82.9238 320.3944 0008492 242.3377 172.8510 14.21030162205921
1 13483U 81053GD  25241.62950191  .00002837  00000-0  13004-2 0 89317
2 13483  82.9238 320.1008 0008526 241.1227 245.3389 14.21032019205977
1 13483U 81053GD  25242.17197876  .00003125  00000-0  14332-2 0 89328
2 13483  82.9236 319.6656 0008588 239.6711 140.3140 14.21035729206055
1 13483U 81053GD  25242.75626322  .00003010  00000-0  13801-2 0 89362
2 13483  82.9235 319.1968 0008634 237.8713 249.3955 14.21038598206139
1 13483U 81053GD  25243.23488625  .00003061  00000-0  14035-2 0 89375
2 13483  82.9235 318.8128 0008639 236.2349 178.1028 14.21041502206203
1 13483U 81053GD  25243.59956493  .00003161  00000-0  14497-2 0 89381
2 13483  82.9236 318.5205 0008693 234.9951 243.8493 14.21043791206254
1 13483U 81053GD  25243.74142819  .00003097  00000-0  14203-2 0 89403
2 13483  82.9234 318.4066 0008694 234.5905 249.5637 14.21044356206275
1 13483U 81053GD  25244.29405747  .00003371  00000-0  15464-2 0 89423
2 13483  82.9234 317.9634 0008747 232.6819 196.9271 14.21048167206354
1 13483U 81053GD  25244.58565213  .00003508  00000-0  16094-2 0 89433
2 13483  82.9234 317.7295 0008773 231.7157 248.7467 14.21050189206393
1 13483U 81053GD  25244.93864760  .00003823  00000-0  17545-2 0 89466
2 13483  82.9235 317.4466 0008782 230.1477 255.1022 14.21053579206440
1 13483U 81053GD  25245.20155469  .00004186  00000-0  19215-2 0 89476
2 13483  82.9234 317.2357 0008787 229.3635 160.0755 14.21056750206482
1 13483U 81053GD  25245.64116693  .00004022  00000-0  18459-2 0 89489
2 13483  82.9238 316.8828 0008840 228.1629 248.9215 14.21059212206544
1 13483U 81053GD  25246.69987184  .00004106  00000-0  18844-2 0 89500
2 13483  82.9239 316.0336 0009005 224.9004 265.1462 14.21067222206697
1 13483U 81053GD  25247.17880483  .00003248  00000-0  14892-2 0 89514
2 13483  82.9238 315.6495 0009009 223.2416 195.5082 14.21068808206763
1 13483U 81053GD  25247.61422484  .00003122  00000-0  14309-2 0 89543
2 13483  82.9238 315.3003 0009011 221.8842 263.0976 14.21071320206828
1 13483U 81053GD  25248.30852300  .00002781  00000-0  12738-2 0 89571
2 13483  82.9239 314.7434 0009084 219.7494 215.0768 14.21075014206920
1 13483U 81053GD  25248.60126684  .00002698  00000-0  12356-2 0 89587
2 13483  82.9238 314.5085 0009122 218.9174 272.6657 14.21076202206968
1 13483U 81053GD  25248.66858804  .00002904  00000-0  13302-2 0 89592
2 13483  82.9235 314.4544 0009138 218.8375 256.9491 14.21076859206973
1 13483U 81053GD  25249.21986826  .00002784  00000-0  12748-2 0 89612
2 13483  82.9235 314.0123 0009176 217.0794 197.3329 14.21079881207056
1 13483U 81053GD  25250.27915483  .00002577  00000-0  11795-2 0 89645
2 13483  82.9230 313.1625 0009291 214.0240 216.4050 14.21085554207204
1 13483U 81053GD  25250.57077317  .00002561  00000-0  11720-2 0 89666
2 13483  82.9230 312.9287 0009316 213.0391 268.4054 14.21087045207241
1 13483U 81053GD  25251.26419601  .00002384  00000-0  10902-2 0 89696
2 13483  82.9228 312.3724 0009339 210.8267 216.0272 14.21090415207347
1 13483U 81053GD  25251.90901712  .00002017  00000-0  92143-3 0 89709
2 13483  82.9225 311.8551 0009428 209.1514 274.6204 14.21092481207431
1 13483U 81053GD  25252.17866650  .00001919  00000-0  87612-3 0 89716
2 13483  82.9224 311.6387 0009433 208.0270 214.4413 14.21093388207473
1 13483U 81053GD  25252.68314576  .00001749  00000-0  79779-3 0 89735
2 13483  82.9224 311.2342 0009490 206.5504 275.2839 14.21094948207544
1 13483U 81053GD  25253.15808448  .00001555  00000-0  70854-3 0 89745
2 13483  82.9222 310.8531 0009546 205.0831 185.0817 14.21096206207617
1 13483U 81053GD  25253.66828691  .00001566  00000-0  71354-3 0 89752
2 13483  82.9221 310.4438 0009592 203.6646 275.1346 14.21098044207684
1 13483U 81053GD  25254.65523277  .00001696  00000-0  77330-3 0 89770
2 13483  82.9219 309.6518 0009691 200.7269 284.2778 14.21101923207826
1 13483U 81053GD  25256.11516064  .00001444  00000-0  65738-3 0 89780
2 13483  82.9218 308.4802 0009825 196.8183 192.7434 14.21105890208030
1 13483U 81053GD  25256.55599668  .00001617  00000-0  73694-3 0 89792
2 13483  82.9217 308.1266 0009790 195.3525 288.1919 14.21107682208090
1 13483U 81053GD  25257.10076034  .00001542  00000-0  70222-3 0 89804
2 13483  82.9217 307.6896 0009864 194.0962 194.8136 14.21109067208178
1 13483U 81053GD  25257.61058601  .00001575  00000-0  71735-3 0 89828
2 13483  82.9216 307.2804 0009896 192.5848 283.0556 14.21110850208240
1 13483U 81053GD  25259.14024215  .00001788  00000-0  81546-3 0    13
2 13483  82.9214 306.0530 0010054 188.5299 188.2470 14.21117422208461
1 13483U 81053GD  25259.58377727  .00001808  00000-0  82474-3 0    14
2 13483  82.9214 305.6971 0010076 187.1429 297.4353 14.21119091208523
1 13483U 81053GD  25260.63954910  .00001775  00000-0  80932-3 0    17
2 13483  82.9213 304.8496 0010173 184.2612 298.5017 14.21122532208674
1 13483U 81053GD  25261.11415270  .00001814  00000-0  82744-3 0    19
2 13483  82.9213 304.4687 0010208 182.9143 206.5122 14.21124422208749
1 13483U 81053GD  25261.62475023  .00001753  00000-0  79908-3 0    17
2 13483  82.9211 304.0591 0010228 181.5302 298.6002 14.21125839208811
1 13483U 81053GD  25262.10037326  .00001848  00000-0  84281-3 0    16
2 13483  82.9210 303.6775 0010236 180.1117 211.9015 14.21128106208886
1 13483U 81053GD  25262.53977130  .00001849  00000-0  84341-3 0    17
2 13483  82.9209 303.3248 0010271 178.9431 299.7353 14.21129715208942
1 13483U 81053GD  25263.08538948  .00001965  00000-0  89682-3 0    10
2 13483  82.9208 302.8869 0010298 177.5100 210.9478 14.21132441209024
1 13483U 81053GD  25263.59777272  .00002140  00000-0  97703-3 0    10
2 13483  82.9208 302.4758 0010347 176.0914 312.2198 14.21135488209095
1 13483U 81053GD  25264.14769433  .00002387  00000-0  10906-2 0    14
2 13483  82.9206 302.0344 0010385 174.4509 245.6508 14.21138896209173
1 13483U 81053GD  25264.58210920  .00002447  00000-0  11180-2 0    16
2 13483  82.9206 301.6858 0010416 173.3497 307.9550 14.21141127209234
1 13483U 81053GD  25265.13230459  .00002725  00000-0  12458-2 0    15
2 13483  82.9205 301.2441 0010454 171.7718 242.7374 14.21145105209316
1 13483U 81053GD  25265.56881294  .00003052  00000-0  13964-2 0    18
2 13483  82.9206 300.8943 0010520 170.6351 315.7794 14.21146157209375
1 13483U 81053GD  25266.11797890  .00003733  00000-0  17093-2 0    11
2 13483  82.9206 300.4536 0010528 169.0637 245.3036 14.21151480209457
1 13483U 81053GD  25266.48336144  .00003879  00000-0  17763-2 0    17
2 13483  82.9206 300.1604 0010527 168.1427 314.4745 14.21154181209508
1 13483U 81053GD  25267.17612748  .00003624  00000-0  16590-2 0    94
2 13483  82.9203 299.6048 0010559 166.0770 258.7540 14.21157952209605
1 13483U 81053GD  25267.61094439  .00003561  00000-0  16299-2 0   124
2 13483  82.9202 299.2559 0010590 164.9038 323.2159 14.21160724209667
1 13483U 81053GD  25268.16247771  .00003747  00000-0  17154-2 0   143
2 13483  82.9201 298.8132 0010631 163.3883 264.8175 14.21165242209742
1 13483U 81053GD  25268.52437029  .00003632  00000-0  16625-2 0   156
2 13483  82.9201 298.5227 0010650 162.5074 316.1225 14.21167494209791
1 13483U 81053GD  25269.14697176  .00003485  00000-0  15946-2 0    12
2 13483  82.9201 298.0228 0010685 160.7879 261.3264 14.21171612209889
1 13483U 81053GD  25269.50977391  .00003455  00000-0  15807-2 0  7449
2 13483  82.9201 297.7316 0010723 159.7599 317.4373 14.21173859209938
1 13483U 81053GD  25269.58261418  .00003325  00000-0  15212-2 0    15
2 13483  82.9201 297.6731 0010705 159.5837 330.0607 14.21173992209941
1 13483U 81053GD  25270.13311124  .00003380  00000-0  15461-2 0    15
2 13483  82.9200 297.2311 0010703 158.0278 266.4303 14.21177882210029
1 13483U 81053GD  25270.56746238  .00003436  00000-0  15718-2 0    17
2 13483  82.9201 296.8825 0010736 156.7991 328.5969 14.21180714210080
1 13483U 81053GD  25271.11699417  .00003625  00000-0  16585-2 0    18
2 13483  82.9200 296.4413 0010755 155.3662 259.9220 14.21185059210162
1 13483U 81053GD  25271.55431500  .00003761  00000-0  17207-2 0    16
2 13483  82.9200 296.0902 0010783 154.2687 337.1542 14.21188333210228
1 13483U 81053GD  25272.53793458  .00004520  00000-0  20692-2 0   294
2 13483  82.9202 295.3005 0010813 151.6311 329.3206 14.21198229210365
1 13483U 81053GD  25273.08811427  .00004014  00000-0  18365-2 0  7550
2 13483  82.9202 294.8588 0010837 150.0645 264.1269 14.21201999210447
1 13483U 81053GD  25273.08811428  .00004014  00000-0  18365-2 0   318
2 13483  82.9202 294.8588 0010837 150.0645 264.1269 14.21201999210447
1 13483U 81053GD  25273.53175433  .00005141  00000-0  23537-2 0  7560
2 13483  82.9203 294.5027 0010865 148.8417  13.8329 14.21209460210500
1 13483U 81053GD  25273.53175434  .00005141  00000-0  23537-2 0   328
2 13483  82.9203 294.5027 0010865 148.8417  13.8329 14.21209460210500
1 13483U 81053GD  25274.07368093  .00004947  00000-0  22647-2 0  7571
2 13483  82.9203 294.0680 0010861 147.4127 266.3267 14.21215161210588
1 13483U 81053GD  25274.07368093  .00004947  00000-0  22647-2 0   338
2 13483  82.9203 294.0680 0010861 147.4127 266.3267 14.21215161210588
1 13483U 81053GD  25274.50924603  .00005785  00000-0  26487-2 0  7582
2 13483  82.9202 293.7183 0010897 146.2417 334.7100 14.21222471210644
1 13483U 81053GD  25274.50924604  .00005785  00000-0  26487-2 0   340
2 13483  82.9202 293.7183 0010897 146.2417 334.7100 14.21222471210644
1 13483U 81053GD  25275.13158560  .00005308  00000-0  24297-2 0  7592
2 13483  82.9202 293.2188 0010893 144.6128 278.6141 14.21229735210732
1 13483U 81053GD  25275.13158561  .00005308  00000-0  24297-2 0   361
2 13483  82.9202 293.2188 0010893 144.6128 278.6141 14.21229735210732
1 13483U 81053GD  25276.11689697  .00005470  00000-0  25035-2 0   382
2 13483  82.9198 292.4282 0010987 141.7670 279.7914 14.21241952210876
1 13483U 81053GD  25277.46714830  .00004162  00000-0  19030-2 0  7628
2 13483  82.9194 291.3445 0011097 137.9123 348.1241 14.21252309211068
1 13483U 81053GD  25278.16057036  .00003563  00000-0  16279-2 0  7631
2 13483  82.9190 290.7877 0011133 135.9293 295.9247 14.21256881211168
1 13483U 81053GD  25278.45220193  .00003502  00000-0  15996-2 0  7648
2 13483  82.9191 290.5539 0011181 135.1065 348.0107 14.21258944211206
1 13483U 81053GD  25279.07362140  .00003292  00000-0  15032-2 0  7665
2 13483  82.9191 290.0551 0011242 133.4157 287.3465 14.21262690211290
1 13483U 81053GD  25279.50716419  .00003127  00000-0  14273-2 0  7679
2 13483  82.9187 289.7063 0011112 132.3062 345.3903 14.21264874211352
1 13483U 81053GD  25279.50716419  .00003127  00000-0  14273-2 0   481
2 13483  82.9187 289.7063 0011112 132.3062 345.3903 14.21264874211352
1 13483U 81053GD  25280.13191737  .00003114  00000-0  14214-2 0   506
2 13483  82.9187 289.2049 0011143 130.5124 301.8895 14.21268639211444
1 13483U 81053GD  25280.49969066  .00003023  00000-0  13798-2 0   519
2 13483  82.9187 288.9096 0011143 129.5202  23.5110 14.21270496211494
1 13483U 81053GD  25281.11679122  .00003397  00000-0  15511-2 0  7707
2 13483  82.9185 288.4140 0011163 127.9435 300.6760 14.21275323211583
1 13483U 81053GD  25281.31771436  .00003209  00000-0  14650-2 0   540
2 13483  82.9185 288.2525 0011222 127.6145 248.4426 14.21276177211619
1 13483U 81053GD  25281.48775492  .00003238  00000-0  14781-2 0  7717
2 13483  82.9185 288.1160 0011236 127.1040  38.4704 14.21277439211637
1 13483U 81053GD  25281.48775492  .00003238  00000-0  14781-2 0    13
2 13483  82.9185 288.1160 0011236 127.1040  38.4704 14.21277439211637
1 13483U 81053GD  25282.10186955  .00003006  00000-0  13713-2 0  7725
2 13483  82.9186 287.6229 0011256 125.3377 300.5702 14.21280835211728
1 13483U 81053GD  25282.30248778  .00002776  00000-0  12658-2 0   586
2 13483  82.9186 287.4617 0011273 124.8967 246.8917 14.21281227211754
1 13483U 81053GD  25282.46401887  .00002794  00000-0  12741-2 0   599
2 13483  82.9182 287.3321 0011295 124.5294 353.2660 14.21282368211772
1 13483U 81053GD  25282.46401887  .00002794  00000-0  12741-2 0  7732
2 13483  82.9182 287.3321 0011295 124.5294 353.2660 14.21282368211772
1 13483U 81053GD  25283.08680622  .00002771  00000-0  12635-2 0  7745
2 13483  82.9184 286.8320 0011313 122.7334 299.7573 14.21286284211861
1 13483U 81053GD  25283.08680622  .00002771  00000-0  12635-2 0   614
2 13483  82.9184 286.8320 0011313 122.7334 299.7574 14.21286284211862
1 13483U 81053GD  25283.52083471  .00002961  00000-0  13507-2 0  7754
2 13483  82.9187 286.4834 0011334 121.5484   0.4030 14.21289676211926
1 13483U 81053GD  25283.99558709  .00003000  00000-0  13682-2 0   646
2 13483  82.9187 286.1021 0011339 120.1673 269.4957 14.21292792211996
1 13483U 81053GD  25284.07210780  .00002986  00000-0  13620-2 0  7764
2 13483  82.9187 286.0407 0011346 119.9616 301.0009 14.21293196212007
1 13483U 81053GD  25284.07210781  .00002986  00000-0  13620-2 0   656
2 13483  82.9187 286.0407 0011346 119.9616 301.0009 14.21293196212007
1 13483U 81053GD  25284.98114927  .00003342  00000-0  15249-2 0   680
2 13483  82.9188 285.3107 0011380 117.4071 272.0805 14.21299960212133
1 13483U 81053GD  25285.27696528  .00003524  00000-0  16084-2 0   720
2 13483  82.9190 285.0734 0011368 116.4864 345.7073 14.21302388212172
1 13483U 81053GD  25285.50113718  .00003579  00000-0  16338-2 0   756
2 13483  82.9191 284.8934 0011377 115.9279  52.6094 14.21304158212204
1 13483U 81053GD  25285.96659947  .00003966  00000-0  18108-2 0   785
2 13483  82.9192 284.5198 0011415 114.6733 274.0924 14.21307991212275
1 13483U 81053GD  25286.26140137  .00003875  00000-0  17692-2 0   826
2 13483  82.9193 284.2829 0011421 114.0053 342.2883 14.21309906212315
1 13483U 81053GD  25286.55280663  .00003639  00000-0  16608-2 0   865
2 13483  82.9193 284.0489 0011431 113.1760  33.2788 14.21311649212353
1 13483U 81053GD  25286.95201693  .00003578  00000-0  16329-2 0   890
2 13483  82.9193 283.7284 0011443 112.2567 275.6466 14.21314642212418
1 13483U 81053GD  25287.24683566  .00003447  00000-0  15726-2 0   936
2 13483  82.9193 283.4917 0011445 111.4866 344.0374 14.21316310212450
1 13483U 81053GD  25287.87652079  .00003225  00000-0  14709-2 0   990
2 13483  82.9192 282.9860 0011458 109.7260 325.8397 14.21320213212541
1 13483U 81053GD  25288.44809704  .00003325  00000-0  15166-2 0  1050
2 13483  82.9190 282.5270 0011456 108.3037  10.1579 14.21324057212620
1 13483U 81053GD  25288.78761313  .00003422  00000-0  15610-2 0  7890
2 13483  82.9189 282.2545 0011477 107.3069 307.3575 14.21326564212674
1 13483U 81053GD  25288.93249030  .00003785  00000-0  17274-2 0  1089
2 13483  82.9189 282.1381 0011483 106.8752 328.6547 14.21328385212691
1 13483U 81053GD  25289.15204830  .00003255  00000-0  14844-2 0  7902
2 13483  82.9189 281.9618 0011489 106.2307  12.0685 14.21328258212727
1 13483U 81053GD  25289.57310553  .00003505  00000-0  15990-2 0  1161
2 13483  82.9188 281.6237 0011505 105.0744   6.4155 14.21331648212783
1 13483U 81053GD  25289.91803797  .00004407  00000-0  20117-2 0  1200
2 13483  82.9187 281.3468 0011502 104.3197 331.0822 14.21336797212830
1 13483U 81053GD  25290.13782433  .00004565  00000-0  20841-2 0  7912
2 13483  82.9187 281.1703 0011507 103.7144  15.6306 14.21338831212866
1 13483U 81053GD  25290.20312218  .00003703  00000-0  16893-2 0  1234
2 13483  82.9187 281.1179 0011509 103.5293 349.7318 14.21336230212874
1 13483U 81053GD  25290.68806722  .00003967  00000-0  18103-2 0  7924
2 13483  82.9186 280.7286 0011531 102.2034 310.9705 14.21340248212943
1 13483U 81053GD  25290.83303374  .00004250  00000-0  19396-2 0  7938
2 13483  82.9186 280.6122 0011525 101.8710 332.6352 14.21342238212962
1 13483U 81053GD  25290.96510492  .00004490  00000-0  20498-2 0  1321
2 13483  82.9185 280.5062 0011520 101.4200 288.4722 14.21342879212980
1 13483U 81053GD  25291.18854443  .00004199  00000-0  19165-2 0  7942
2 13483  82.9185 280.3268 0011532 100.7632 351.7566 14.21343478213011
1 13483U 81053GD  25291.24316487  .00004250  00000-0  19397-2 0  1365
2 13483  82.9185 280.2829 0011532 100.6970 271.1422 14.21344001213027
1 13483U 81053GD  25291.88338059  .00005192  00000-0  23708-2 0  1417
2 13483  82.9185 279.7688 0011582  98.9264 306.8730 14.21351627213113
1 13483U 81053GD  25292.24653014  .00005784  00000-0  26416-2 0  1448
2 13483  82.9185 279.4772 0011594  97.9278   4.9670 14.21356368213162
1 13483U 81053GD  25292.94238916  .00005524  00000-0  25221-2 0  1529
2 13483  82.9185 278.9182 0011632  96.0637 325.3685 14.21362660213262
1 13483U 81053GD  25293.16541796  .00005266  00000-0  24037-2 0  8004
2 13483  82.9185 278.7392 0011647  95.4656  26.5122 14.21364420213298
1 13483U 81053GD  25293.23136515  .00005211  00000-0  23786-2 0  1565
2 13483  82.9185 278.6862 0011652  95.2761   3.9489 14.21365006213308
1 13483U 81053GD  25293.51444409  .00004864  00000-0  22197-2 0  1603
2 13483  82.9185 278.4587 0011669  94.4141  12.4497 14.21367391213348
1 13483U 81053GD  25293.99663519  .00004513  00000-0  20590-2 0  1639
2 13483  82.9186 278.0714 0011663  93.2195 319.5301 14.21371516213414
1 13483U 81053GD  25294.50816654  .00004371  00000-0  19937-2 0  1700
2 13483  82.9188 277.6605 0011660  91.8135  56.8734 14.21375867213486
1 13483U 81053GD  25294.77156844  .00004370  00000-0  19932-2 0  8056
2 13483  82.9189 277.4490 0011668  91.1454 324.5646 14.21378213213522
1 13483U 81053GD  25294.91674281  .00004143  00000-0  18895-2 0  1746
2 13483  82.9188 277.3324 0011663  90.7711 347.3535 14.21379045213548
1 13483U 81053GD  25295.13629443  .00003866  00000-0  17627-2 0  8066
2 13483  82.9189 277.1561 0011672  90.1389  30.7626 14.21380175213578
1 13483U 81053GD  25295.48933630  .00003799  00000-0  17316-2 0  8071
2 13483  82.9190 276.8727 0011670  89.2349  37.1091 14.21382921213627
1 13483U 81053GD  25295.20164634  .00003898  00000-0  17771-2 0  1787
2 13483  82.9189 277.1036 0011671  89.9797   5.1286 14.21380748213588
1 13483U 81053GD  25295.75713402  .00003829  00000-0  17454-2 0  8082
2 13483  82.9190 276.6577 0011672  88.5546 327.2993 14.21385119213661
1 13483U 81053GD  25295.90177499  .00003795  00000-0  17296-2 0  1864
2 13483  82.9190 276.5415 0011675  88.1566 347.3886 14.21386345213680
1 13483U 81053GD  25295.97369712  .00003767  00000-0  17171-2 0  8095
2 13483  82.9191 276.4838 0011678  87.9488 355.4047 14.21386872213697
1 13483U 81053GD  25296.47413132  .00003862  00000-0  17605-2 0  1885
2 13483  82.9192 276.0821 0011683  86.6402  35.9286 14.21391084213768
1 13483U 81053GD  25296.47413132  .00003862  00000-0  17605-2 0  8107
2 13483  82.9192 276.0821 0011683  86.6402  35.9286 14.21391084213768
1 13483U 81053GD  25296.95335222  .00003771  00000-0  17187-2 0  1896
2 13483  82.9193 275.6972 0011698  85.3149 327.9901 14.21394584213835
1 13483U 81053GD  25297.02616922  .00003762  00000-0  17144-2 0  1909
2 13483  82.9193 275.6387 0011699  85.1196 340.5722 14.21395095213847
1 13483U 81053GD  25297.46006520  .00004016  00000-0  18304-2 0  8127
2 13483  82.9194 275.2902 0011705  83.9670  40.6767 14.21399125213900
1 13483U 81053GD  25297.94031874  .00003818  00000-0  17399-2 0  1934
2 13483  82.9195 274.9045 0011750  82.5862 338.0868 14.21402238213976
1 13483U 81053GD  25298.01125866  .00003807  00000-0  17348-2 0  8139
2 13483  82.9195 274.8475 0011753  82.3926 341.0696 14.21402725213989
1 13483U 81053GD  25298.01125866  .00003807  00000-0  17348-2 0  1941
2 13483  82.9195 274.8475 0011753  82.3926 341.0696 14.21402725213989
1 13483U 81053GD  25298.44587911  .00003897  00000-0  17760-2 0  8147
2 13483  82.9196 274.4985 0011749  81.3338  44.7960 14.21406187214048
1 13483U 81053GD  25298.99770256  .00003554  00000-0  16187-2 0  1980
2 13483  82.9197 274.0554 0011799  79.8524 348.3311 14.21409270214129
1 13483U 81053GD  25298.99770256  .00003554  00000-0  16187-2 0  8156
2 13483  82.9197 274.0554 0011799  79.8524 348.3311 14.21409269214127
1 13483U 81053GD  25299.42994141  .00003392  00000-0  15448-2 0  8166
2 13483  82.9198 273.7084 0011814  78.7405  39.9398 14.21411746214183
1 13483U 81053GD  25299.90523648  .00003644  00000-0  16597-2 0  2013
2 13483  82.9199 273.3267 0011837  77.4902 311.8858 14.21415711214253
1 13483U 81053GD  25299.98152809  .00003680  00000-0  16760-2 0  8173
2 13483  82.9199 273.2654 0011839  77.2723 342.2656 14.21416349214266
1 13483U 81053GD  25299.98152810  .00003680  00000-0  16760-2 0  2023
2 13483  82.9199 273.2654 0011839  77.2723 342.2657 14.21416349214267
1 13483U 81053GD  25300.41536472  .00003624  00000-0  16506-2 0  8183
2 13483  82.9200 272.9171 0011845  76.1040  42.1118 14.21418954214326
1 13483U 81053GD  25300.89060641  .00003823  00000-0  17412-2 0  8194
2 13483  82.9200 272.5355 0011856  74.8204 313.8294 14.21422720214391
1 13483U 81053GD  25300.96611124  .00003822  00000-0  17408-2 0  2064
2 13483  82.9200 272.4749 0011846  74.6504 340.1391 14.21423237214404
1 13483U 81053GD  25301.40153100  .00003772  00000-0  17181-2 0  2094
2 13483  82.9199 272.1253 0011875  73.4769  48.0980 14.21425958214466
1 13483U 81053GD  25302.38684119  .00003904  00000-0  17780-2 0  8235
2 13483  82.9197 271.3342 0011854  70.8494  49.7325 14.21433272214602
1 13483U 81053GD  25302.31711348  .00003924  00000-0  17871-2 0  2139
2 13483  82.9197 271.3902 0011862  71.0337  52.9508 14.21432819214595
1 13483U 81053GD  25302.38684120  .00003904  00000-0  17780-2 0  2141
2 13483  82.9197 271.3342 0011854  70.8494  49.7325 14.21433272214602
1 13483U 81053GD  25303.37329250  .00003870  00000-0  17622-2 0  2159
2 13483  82.9195 270.5421 0011833  68.2085  57.2416 14.21440486214748
1 13483U 81053GD  25304.28808947  .00003477  00000-0  15825-2 0  2184
2 13483  82.9191 269.8076 0011826  65.7820  58.1061 14.21446181214870
1 13483U 81053GD  25304.42938388  .00003536  00000-0  16094-2 0  8263
2 13483  82.9190 269.6943 0011880  65.3669  61.1302 14.21447642214894
1 13483U 81053GD  25305.41374546  .00003348  00000-0  15234-2 0  2241
2 13483  82.9192 268.9038 0011831  63.2081  57.5241 14.21454572215032
1 13483U 81053GD  25306.40007566  .00002818  00000-0  12808-2 0  8315
2 13483  82.9191 268.1119 0011851  60.7489  64.3060 14.21459837215178
1 13483U 81053GD  25305.88866519  .00003098  00000-0  14089-2 0  2258
2 13483  82.9190 268.5226 0011848  62.1560 327.4246 14.21457325215104
1 13483U 81053GD  25307.38542413  .00002824  00000-0  12836-2 0  2297
2 13483  82.9190 267.3209 0011837  58.3549  66.0243 14.21465920215310
1 13483U 81053GD  25307.38542413  .00002824  00000-0  12836-2 0    15
2 13483  82.9190 267.3209 0011837  58.3549  66.0243 14.21465920215310
1 13483U 81053GD  25308.37108557  .00002955  00000-0  13432-2 0  8333
2 13483  82.9193 266.5291 0011834  55.7572  69.5691 14.21472414215455
1 13483U 81053GD  25308.37108557  .00002955  00000-0  13432-2 0  2315
2 13483  82.9193 266.5291 0011834  55.7572  69.5691 14.21472414215455
1 13483U 81053GD  25309.28611837  .00003004  00000-0  13655-2 0  2320
2 13483  82.9197 265.7942 0011793  53.2651  71.8110 14.21478025215588
1 13483U 81053GD  25310.41237953  .00003676  00000-0  16722-2 0  8352
2 13483  82.9202 264.8893 0011803  50.0761  75.0661 14.21487513215746
1 13483U 81053GD  25310.41237953  .00003676  00000-0  16722-2 0  2345
2 13483  82.9202 264.8893 0011803  50.0761  75.0661 14.21487513215746
1 13483U 81053GD  25311.32693338  .00003984  00000-0  18123-2 0  8377
2 13483  82.9204 264.1548 0011973  47.7208  74.7723 14.21495020215876
1 13483U 81053GD  25311.94883089  .00004051  00000-0  18429-2 0  8385
2 13483  82.9202 263.6557 0011858  45.9530  17.1634 14.21500465215960
1 13483U 81053GD  25312.31398375  .00003903  00000-0  17752-2 0  8390
2 13483  82.9204 263.3625 0011802  44.8050  85.8467 14.21503117216019
1 13483U 81053GD  25312.31398376  .00003903  00000-0  17752-2 0  2384
2 13483  82.9204 263.3625 0011802  44.8050  85.8467 14.21503117216019
1 13483U 81053GD  25314.35313170  .00004166  00000-0  18948-2 0  2435
2 13483  82.9204 261.7253 0011718  39.4583  80.2766 14.21520762216303
1 13483U 81053GD  25315.26870534  .00004613  00000-0  20983-2 0  2448
2 13483  82.9203 260.9901 0011668  37.0522  85.3597 14.21528950216433
1 13483U 81053GD  25316.33068299  .00007314  00000-0  33294-2 0  2466
2 13483  82.9202 260.1373 0011597  34.1229 119.7924 14.21545914216581
1 13483U 81053GD  25317.31584853  .00007742  00000-0  35234-2 0  2476
2 13483  82.9202 259.3463 0011520  31.3901 121.2428 14.21562269216728
1 13483U 81053GD  25317.31584852  .00007742  00000-0  35234-2 0  8482
2 13483  82.9202 259.3463 0011520  31.3901 121.2428 14.21562269216728
1 13483U 81053GD  25318.22447321  .00005543  00000-0  25204-2 0    16
2 13483  82.9198 258.6167 0011774  29.7416  90.1760 14.21573748216859
1 13483U 81053GD  25318.57747977  .00004746  00000-0  21572-2 0  8515
2 13483  82.9196 258.3334 0011793  28.8045  96.6257 14.21577561216904
1 13483U 81053GD  25318.84497399  .00004354  00000-0  19783-2 0  8522
2 13483  82.9197 258.1184 0011698  27.9470  25.6313 14.21580381216945
1 13483U 81053GD  25320.33697340  .00004603  00000-0  20913-2 0  8554
2 13483  82.9200 256.9202 0011666  24.1842 100.5264 14.21594230217154
1 13483U 81053GD  25318.91750481  .00004242  00000-0  19273-2 0  2539
2 13483  82.9196 258.0603 0011719  27.7700  36.7808 14.21581114216955
1 13483U 81053GD  25320.80937984  .00004461  00000-0  20265-2 0  8560
2 13483  82.9202 256.5406 0011581  22.6652 358.2779 14.21598207217225
1 13483U 81053GD  25320.33697341  .00004603  00000-0  20913-2 0  2548
2 13483  82.9200 256.9202 0011666  24.1842 100.5264 14.21594230217154
1 13483U 81053GD  25321.25225691  .00004430  00000-0  20120-2 0  8572
2 13483  82.9202 256.1851 0011552  21.4930 104.6544 14.21602046217285
1 13483U 81053GD  25321.25225692  .00004430  00000-0  20120-2 0  2566
2 13483  82.9202 256.1851 0011552  21.4930 104.6544 14.21602046217285
1 13483U 81053GD  25321.79480976  .00003889  00000-0  17656-2 0  8588
2 13483  82.9204 255.7492 0011518  20.0819   1.0911 14.21605251217364
1 13483U 81053GD  25322.23675899  .00003650  00000-0  16565-2 0  8605
2 13483  82.9206 255.3943 0011487  18.9079 102.7348 14.21608400217421
1 13483U 81053GD  25321.79480976  .00003889  00000-0  17656-2 0  2571
2 13483  82.9204 255.7492 0011518  20.0819   1.0911 14.21605252217365
1 13483U 81053GD  25322.78164874  .00003211  00000-0  14562-2 0  8610
2 13483  82.9208 254.9566 0011449  17.4326  11.2019 14.21611457217500
1 13483U 81053GD  25322.78164875  .00003211  00000-0  14562-2 0  2592
2 13483  82.9208 254.9566 0011449  17.4326  11.2019 14.21611457217500
1 13483U 81053GD  25323.29212387  .00002989  00000-0  13552-2 0  2613
2 13483  82.9209 254.5464 0011355  15.6322 103.9778 14.21614333217570
1 13483U 81053GD  25324.27831785  .00002621  00000-0  11873-2 0  2630
2 13483  82.9212 253.7544 0011273  12.7562 111.0473 14.21619607217714
1 13483U 81053GD  25324.27831785  .00002621  00000-0  11873-2 0  8647
2 13483  82.9212 253.7544 0011273  12.7562 111.0473 14.21619607217714
1 13483U 81053GD  25324.82190969  .00002482  00000-0  11240-2 0  2647
2 13483  82.9213 253.3179 0011279  11.5582  12.6195 14.21622190217796
1 13483U 81053GD  25324.90112295  .00002453  00000-0  11105-2 0  8668
2 13483  82.9213 253.2545 0011303  11.3850  57.9546 14.21622499217802
1 13483U 81053GD  25325.26925544  .00003045  00000-0  13803-2 0  8673
2 13483  82.9215 252.9589 0011273  10.5846 141.6937 14.21626201217855
1 13483U 81053GD  25325.88580176  .00002680  00000-0  12140-2 0  8687
2 13483  82.9215 252.4639 0011269   9.1266  56.6895 14.21628819217946
1 13483U 81053GD  25326.32030855  .00002940  00000-0  13324-2 0  8696
2 13483  82.9213 252.1149 0011245   8.1272 120.1306 14.21632134218004
1 13483U 81053GD  25326.32030856  .00002940  00000-0  13324-2 0  2703
2 13483  82.9213 252.1149 0011245   8.1272 120.1306 14.21632134218004
1 13483U 81053GD  25326.79931763  .00002565  00000-0  11615-2 0  8701
2 13483  82.9213 251.7302 0011237   7.0835  51.2384 14.21633477218072
1 13483U 81053GD  25326.87051398  .00002568  00000-0  11630-2 0  8718
2 13483  82.9213 251.6731 0011237   6.9061  55.5763 14.21633914218081
1 13483U 81053GD  25327.30412529  .00002645  00000-0  11977-2 0  8725
2 13483  82.9214 251.3251 0011219   5.7083 114.6413 14.21636565218148
1 13483U 81053GD  25327.23306770  .00002658  00000-0  12038-2 0  2746
2 13483  82.9214 251.3821 0011221   5.8910 111.0076 14.21636184218136
1 13483U 81053GD  25327.78527546  .00002451  00000-0  11096-2 0  8731
2 13483  82.9213 250.9387 0011197   4.4312  56.9443 14.21638577218212
1 13483U 81053GD  25327.85693274  .00002778  00000-0  12585-2 0  8748
2 13483  82.9214 250.8812 0011193   4.2364  63.6589 14.21640035218225
1 13483U 81053GD  25328.29025904  .00002662  00000-0  12056-2 0  8752
2 13483  82.9214 250.5334 0011162   3.0778 121.2354 14.21642062218282
1 13483U 81053GD  25328.22566459  .00002669  00000-0  12086-2 0  2787
2 13483  82.9214 250.5852 0011168   3.2424 150.6769 14.21641706218272
1 13483U 81053GD  25328.76997072  .00003052  00000-0  13832-2 0  2805
2 13483  82.9213 250.1483 0011124   1.7314  56.2621 14.21646059218353
1 13483U 81053GD  25328.76997072  .00003052  00000-0  13832-2 0  8766
2 13483  82.9213 250.1482 0011124   1.7314  56.2621 14.21646059218352
1 13483U 81053GD  25329.21173293  .00003070  00000-0  13910-2 0  8776
2 13483  82.9213 249.7935 0011108   0.6139 156.9564 14.21648686218413
1 13483U 81053GD  25329.21173293  .00003070  00000-0  13910-2 0  2815
2 13483  82.9213 249.7935 0011108   0.6139 156.9564 14.21648686218413
1 13483U 81053GD  25329.82512072  .00003148  00000-0  14265-2 0  8786
2 13483  82.9212 249.3009 0011043 358.8032  56.2028 14.21652754218506
1 13483U 81053GD  25330.18945294  .00003082  00000-0  13964-2 0  8808
2 13483  82.9214 249.0086 0011012 357.6139 120.9286 14.21654668218557
1 13483U 81053GD  25329.82512072  .00003148  00000-0  14265-2 0  2836
2 13483  82.9212 249.3009 0011043 358.8032  56.2028 14.21652754218506
1 13483U 81053GD  25330.26113014  .00003015  00000-0  13660-2 0  8814
2 13483  82.9213 248.9510 0011023 357.3147 127.8515 14.21654820218566
1 13483U 81053GD  25330.26113014  .00003015  00000-0  13660-2 0  2852
2 13483  82.9213 248.9510 0011023 357.3147 127.8515 14.21654820218566
1 13483U 81053GD  25330.81031269  .00003087  00000-0  13989-2 0  8820
2 13483  82.9213 248.5099 0011027 355.8559  58.3521 14.21658517218649
1 13483U 81053GD  25330.81031269  .00003087  00000-0  13989-2 0  2879
2 13483  82.9213 248.5099 0011027 355.8559  58.3521 14.21658517218649
1 13483U 81053GD  25331.25205190  .00002735  00000-0  12382-2 0  2880
2 13483  82.9213 248.1552 0010936 354.5173 159.1682 14.21659969218702
1 13483U 81053GD  25331.86923975  .00002744  00000-0  12426-2 0  2907
2 13483  82.9213 247.6595 0010922 352.8459  77.7348 14.21663466218796
1 13483U 81053GD  25331.86923975  .00002744  00000-0  12426-2 0  8868
2 13483  82.9213 247.6595 0010922 352.8459  77.7348 14.21663466218796
1 13483U 81053GD  25332.78098162  .00002397  00000-0  10841-2 0  8875
2 13483  82.9211 246.9274 0010827 349.9992  64.1277 14.21667670218920
1 13483U 81053GD  25332.85371749  .00002567  00000-0  11614-2 0  8887
2 13483  82.9211 246.8689 0010812 349.7467  76.4236 14.21668556218934
1 13483U 81053GD  25333.28814006  .00002351  00000-0  10631-2 0  2932
2 13483  82.9213 246.5202 0010775 348.7507 139.4908 14.21670301218999
1 13483U 81053GD  25333.83882980  .00002348  00000-0  10618-2 0  8903
2 13483  82.9211 246.0779 0010724 347.0263  77.9994 14.21673435219078
1 13483U 81053GD  25334.27314471  .00002620  00000-0  11855-2 0  8915
2 13483  82.9212 245.7290 0010687 345.6052 140.9508 14.21676804219133
1 13483U 81053GD  25334.27314472  .00002620  00000-0  11855-2 0  2965
2 13483  82.9212 245.7290 0010687 345.6052 140.9508 14.21676804219133
1 13483U 81053GD  25334.75230053  .00002504  00000-0  11327-2 0  8927
2 13483  82.9213 245.3442 0010661 344.4312  73.0194 14.21679018219202
1 13483U 81053GD  25334.75230054  .00002504  00000-0  11327-2 0  2977
2 13483  82.9213 245.3442 0010661 344.4312  73.0194 14.21679018219202
1 13483U 81053GD  25335.25772957  .00002895  00000-0  13109-2 0  2991
2 13483  82.9214 244.9385 0010608 342.5652 140.1741 14.21682992219277
1 13483U 81053GD  25335.25772956  .00002895  00000-0  13109-2 0  8941
2 13483  82.9214 244.9385 0010608 342.5652 140.1741 14.21682992219277
1 13483U 81053GD  25335.80886366  .00002566  00000-0  11607-2 0  8950
2 13483  82.9215 244.4959 0010574 341.0167  80.7979 14.21684837219358
1 13483U 81053GD  25336.18163256  .00002845  00000-0  12879-2 0  8961
2 13483  82.9215 244.1967 0010506 339.9822 188.5678 14.21687788219400
1 13483U 81053GD  25336.24295811  .00003131  00000-0  14180-2 0  3030
2 13483  82.9216 244.1474 0010500 339.7556 142.4780 14.21688954219410
1 13483U 81053GD  25336.24295810  .00003131  00000-0  14180-2 0  8977
2 13483  82.9216 244.1474 0010500 339.7556 142.4780 14.21688953219419
1 13483U 81053GD  25336.79449997  .00003246  00000-0  14701-2 0  8981
2 13483  82.9217 243.7045 0010447 337.7282  85.6823 14.21692669219496
1 13483U 81053GD  25337.15923653  .00003245  00000-0  14698-2 0  8993
2 13483  82.9218 243.4118 0010402 336.5001 152.5680 14.21694860219548
1 13483U 81053GD  25337.23522372  .00003527  00000-0  15978-2 0  3074
2 13483  82.9216 243.3503 0010478 336.7447 181.0033 14.21696126219559
1 13483U 81053GD  25337.23522372  .00003527  00000-0  15978-2 0  9003
2 13483  82.9216 243.3503 0010478 336.7447 181.0033 14.21696125219558
1 13483U 81053GD  25337.77807565  .00003758  00000-0  17030-2 0  9010
2 13483  82.9217 242.9145 0010428 335.1249  79.3645 14.21700507219631
1 13483U 81053GD  25337.77807565  .00003758  00000-0  17030-2 0  3081
2 13483  82.9217 242.9145 0010428 335.1249  79.3645 14.21700507219631
1 13483U 81053GD  25338.28488245  .00005531  00000-0  25091-2 0  3108
2 13483  82.9221 242.5073 0010352 333.7870 153.0826 14.21708630219706
1 13483U 81053GD  25338.69595480  .00005303  00000-0  24055-2 0  9026
2 13483  82.9220 242.1773 0010328 332.5203  97.0404 14.21711822219760
1 13483U 81053GD  25338.83693019  .00005329  00000-0  24170-2 0  9036
2 13483  82.9221 242.0641 0010317 332.0838  98.5869 14.21713220219788
1 13483U 81053GD  25338.83693019  .00005329  00000-0  24170-2 0  3120
2 13483  82.9221 242.0641 0010317 332.0838  98.5869 14.21713220219788
1 13483U 81053GD  25339.12940749  .00005233  00000-0  23734-2 0  9044
2 13483  82.9221 241.8292 0010297 331.0693 155.6656 14.21715419219828
1 13483U 81053GD  25339.19900149  .00004807  00000-0  21795-2 0  3147
2 13483  82.9221 241.7734 0010290 330.9125 151.8069 14.21715168219837
1 13483U 81053GD  25339.82236031  .00004624  00000-0  20960-2 0  3161
2 13483  82.9221 241.2728 0010255 329.0669 102.2395 14.21720844219927
1 13483U 81053GD  25340.19005859  .00004169  00000-0  18893-2 0  3172
2 13483  82.9220 240.9776 0010222 327.9121 184.2380 14.21723066219977
1 13483U 81053GD  25340.80620613  .00004161  00000-0  18853-2 0  3191
2 13483  82.9219 240.4828 0010172 326.0862  97.7819 14.21728640220064
1 13483U 81053GD  25341.99382045  .00003204  00000-0  14501-2 0  3223
2 13483  82.9217 239.5294 0010067 322.8258  55.9502 14.21735139220239
1 13483U 81053GD  25342.22491687  .00003570  00000-0  16165-2 0  3249
2 13483  82.9216 239.3439 0010028 322.2609 158.6266 14.21737389220268
1 13483U 81053GD  25342.77591272  .00004030  00000-0  18256-2 0  9106
2 13483  82.9216 238.9014 0009974 320.6598  98.7069 14.21742209220340
1 13483U 81053GD  25342.77591272  .00004030  00000-0  18256-2 0  3267
2 13483  82.9216 238.9014 0009974 320.6598  98.7069 14.21742209220340
1 13483U 81053GD  25343.21177249  .00003625  00000-0  16410-2 0  3271
2 13483  82.9216 238.5514 0009932 319.4042 169.4972 14.21744107220400
1 13483U 81053GD  25343.21177249  .00003625  00000-0  16410-2 0  9110
2 13483  82.9216 238.5514 0009932 319.4042 169.4971 14.21744107220409
1 13483U 81053GD  25343.68326097  .00003730  00000-0  16890-2 0  9128
2 13483  82.9215 238.1729 0009877 318.0742  62.6162 14.21747337220473
1 13483U 81053GD  25343.68326098  .00003730  00000-0  16890-2 0  3280
2 13483  82.9215 238.1729 0009877 318.0742  62.6162 14.21747337220473
1 13483U 81053GD  25345.18092000  .00003330  00000-0  15067-2 0  9131
2 13483  82.9217 236.9703 0009755 313.5092 168.1412 14.21756106220683
1 13483U 81053GD  25345.18092000  .00003330  00000-0  15067-2 0  3292
2 13483  82.9217 236.9703 0009755 313.5092 168.1412 14.21756106220683
1 13483U 81053GD  25346.78934198  .00003404  00000-0  15400-2 0  3329
2 13483  82.9217 235.6786 0009625 308.4057 120.8599 14.21768450220912
1 13483U 81053GD  25347.15742495  .00003325  00000-0  15040-2 0  3331
2 13483  82.9217 235.3829 0009601 307.2561 204.8860 14.21771001220963
1 13483U 81053GD  25347.70143027  .00002754  00000-0  12445-2 0  3340
2 13483  82.9218 234.9459 0009552 305.5131 109.4161 14.21773496221041
1 13483U 81053GD  25347.77391683  .00002877  00000-0  13003-2 0  3358
2 13483  82.9218 234.8877 0009542 305.3013 120.4223 14.21773462221056
1 13483U 81053GD  25348.20777113  .00002649  00000-0  11966-2 0  3378
2 13483  82.9217 234.5391 0009496 303.9369 181.1159 14.21775670221111
1 13483U 81053GD  25348.75886009  .00002201  00000-0  99298-3 0  3394
2 13483  82.9217 234.0966 0009431 302.2315 121.8513 14.21777397221197
1 13483U 81053GD  25349.19224294  .00001904  00000-0  85823-3 0  3416
2 13483  82.9217 233.7485 0009394 300.7885 180.2159 14.21778647221253
1 13483U 81053GD  25349.94544569  .00001756  00000-0  79087-3 0  3442
2 13483  82.9216 233.1434 0009342 298.2369  75.6991 14.21781596221361
1 13483U 81053GD  25350.17823618  .00001677  00000-0  75499-3 0  3461
2 13483  82.9217 232.9566 0009333 297.4306 187.3221 14.21782331221395
1 13483U 81053GD  25350.72874831  .00001743  00000-0  78467-3 0  3489
2 13483  82.9217 232.5144 0009309 295.7127 125.1341 14.21784687221476
1 13483U 81053GD  25351.17060297  .00001733  00000-0  78007-3 0  3492
2 13483  82.9216 232.1594 0009278 294.2949 226.8216 14.21786267221534
1 13483U 81053GD  25351.64414662  .00001681  00000-0  75651-3 0  3509
2 13483  82.9216 231.7790 0009224 292.7820 130.7077 14.21787670221604
1 13483U 81053GD  25351.78672354  .00001663  00000-0  74833-3 0  3521
2 13483  82.9215 231.6645 0009215 292.3232 140.5075 14.21788074221622
1 13483U 81053GD  25352.14849816  .00001681  00000-0  75635-3 0  3533
2 13483  82.9214 231.3739 0009203 291.1234 192.3377 14.21789297221671
1 13483U 81053GD  25352.63006566  .00001589  00000-0  71467-3 0  3541
2 13483  82.9214 230.9871 0009155 289.6576 137.2280 14.21790645221748
1 13483U 81053GD  25352.69803226  .00001596  00000-0  71804-3 0  3559
2 13483  82.9212 230.9327 0009200 289.2561 125.3075 14.21790434221750
1 13483U 81053GD  25353.20489957  .00001528  00000-0  68681-3 0  3585
2 13483  82.9212 230.5255 0009173 287.6055 199.8052 14.21791864221822
1 13483U 81053GD  25353.20489956  .00001528  00000-0  68681-3 0  9298
2 13483  82.9212 230.5255 0009173 287.6055 199.8052 14.21791864221822
1 13483U 81053GD  25354.11934161  .00001456  00000-0  65427-3 0  9309
2 13483  82.9212 229.7911 0009112 284.5563 200.6309 14.21794538221955
1 13483U 81053GD  25354.11934161  .00001456  00000-0  65427-3 0  3606
2 13483  82.9212 229.7911 0009112 284.5563 200.6309 14.21794538221955
1 13483U 81053GD  25354.67024328  .00001432  00000-0  64338-3 0  9310
2 13483  82.9211 229.3487 0009086 282.6543 140.6442 14.21796235222032
1 13483U 81053GD  25354.67024328  .00001432  00000-0  64338-3 0  3617
2 13483  82.9211 229.3487 0009086 282.6544 140.6442 14.21796235222033
1 13483U 81053GD  25355.03364112  .00001459  00000-0  65539-3 0  9323
2 13483  82.9211 229.0568 0009071 281.4428 200.8016 14.21797508222087
1 13483U 81053GD  25355.03364113  .00001459  00000-0  65539-3 0  3621
2 13483  82.9211 229.0568 0009071 281.4428 200.8016 14.21797508222087
1 13483U 81053GD  25355.72567214  .00001568  00000-0  70506-3 0  9339
2 13483  82.9210 228.5009 0009055 278.9611 143.3439 14.21800412222187
1 13483U 81053GD  25355.72567215  .00001568  00000-0  70506-3 0  3648
2 13483  82.9210 228.5009 0009055 278.9611 143.3439 14.21800412222187
1 13483U 81053GD  25356.64126119  .00001701  00000-0  76526-3 0  3652
2 13483  82.9209 227.7656 0009008 275.9416 150.0396 14.21804400222315
1 13483U 81053GD  25357.08280375  .00001823  00000-0  82081-3 0  9357
2 13483  82.9211 227.4110 0008931 274.8062 249.8804 14.21806642222376
1 13483U 81053GD  25357.08280375  .00001823  00000-0  82081-3 0  3665
2 13483  82.9211 227.4110 0008931 274.8062 249.8804 14.21806642222376
1 13483U 81053GD  25358.13016594  .00001876  00000-0  84483-3 0  9361
2 13483  82.9210 226.5697 0008886 270.9933 211.4725 14.21810789222529
1 13483U 81053GD  25358.13016594  .00001876  00000-0  84483-3 0  3680
2 13483  82.9210 226.5697 0008886 270.9933 211.4725 14.21810789222529
1 13483U 81053GD  25358.67995729  .00001885  00000-0  84898-3 0  9377
2 13483  82.9209 226.1282 0008902 268.9375 145.9922 14.21812990222604
1 13483U 81053GD  25358.67995730  .00001885  00000-0  84898-3 0  3698
2 13483  82.9209 226.1282 0008902 268.9375 145.9922 14.21812990222604
1 13483U 81053GD  25359.04470985  .00001953  00000-0  87988-3 0  9381
2 13483  82.9209 225.8352 0008891 267.6553 213.1725 14.21814778222659
1 13483U 81053GD  25359.04470986  .00001953  00000-0  87988-3 0  3702
2 13483  82.9209 225.8352 0008891 267.6553 213.1725 14.21814778222659
1 13483U 81053GD  25359.66723734  .00001994  00000-0  89831-3 0  3728
2 13483  82.9208 225.3353 0008880 265.5206 159.8625 14.21817532222740
1 13483U 81053GD  25359.66723734  .00001994  00000-0  89831-3 0  9397
2 13483  82.9208 225.3353 0008880 265.5206 159.8625 14.21817532222740
1 13483U 81053GD  25360.65301530  .00002047  00000-0  92217-3 0  9408
2 13483  82.9208 224.5435 0008838 262.1172 166.0507 14.21821920222880
1 13483U 81053GD  25360.65301531  .00002047  00000-0  92217-3 0  3739
2 13483  82.9208 224.5435 0008838 262.1172 166.0507 14.21821920222880
1 13483U 81053GD  25361.09174472  .00002296  00000-0  10355-2 0  9419
2 13483  82.9207 224.1910 0008774 260.7803 251.7308 14.21825156222940
1 13483U 81053GD  25361.09174473  .00002296  00000-0  10355-2 0  3751
2 13483  82.9207 224.1910 0008774 260.7803 251.7308 14.21825156222940
1 13483U 81053GD  25361.63542757  .00002279  00000-0  10275-2 0  9427
2 13483  82.9209 223.7542 0008739 259.0309 154.7225 14.21827655223027
1 13483U 81053GD  25361.63542757  .00002279  00000-0  10275-2 0  3768
2 13483  82.9209 223.7542 0008739 259.0309 154.7225 14.21827655223027
1 13483U 81053GD  25362.14194007  .00002430  00000-0  10960-2 0  9436
2 13483  82.9210 223.3474 0008722 257.2111 227.6420 14.21830426223096
1 13483U 81053GD  25362.14194007  .00002430  00000-0  10960-2 0  3788
2 13483  82.9210 223.3474 0008722 257.2111 227.6420 14.21830426223096
1 13483U 81053GD  25362.62147625  .00002451  00000-0  11054-2 0  3794
2 13483  82.9210 222.9623 0008717 255.5547 162.4042 14.21832876223160
1 13483U 81053GD  25362.69291367  .00002451  00000-0  11055-2 0  9443
2 13483  82.9212 222.9047 0008727 255.3988 168.0044 14.21833258223170
1 13483U 81053GD  25362.69291367  .00002451  00000-0  11055-2 0  3807
2 13483  82.9212 222.9048 0008727 255.3988 168.0044 14.21833258223171
1 13483U 81053GD  25363.12736963  .00002915  00000-0  13164-2 0  3822
2 13483  82.9213 222.5558 0008716 253.9143 231.9889 14.21836979223236
1 13483U 81053GD  25363.67793601  .00002995  00000-0  13525-2 0  9469
2 13483  82.9213 222.1136 0008699 252.0408 170.3427 14.21840396223319
1 13483U 81053GD  25364.04099457  .00003153  00000-0  14240-2 0  9472
2 13483  82.9214 221.8219 0008672 251.0854 228.5636 14.21842783223368
1 13483U 81053GD  25364.04099458  .00003153  00000-0  14240-2 0  3859
2 13483  82.9214 221.8219 0008672 251.0854 228.5636 14.21842783223368
1 13483U 81053GD  25364.66337815  .00003325  00000-0  15020-2 0  3879
2 13483  82.9213 221.3221 0008664 249.0195 174.5105 14.21847083223450
1 13483U 81053GD  25364.66337815  .00003325  00000-0  15020-2 0  9482
2 13483  82.9213 221.3221 0008664 249.0195 174.5105 14.21847083223450
1 13483U 81053GD  25365.10502530  .00003657  00000-0  16527-2 0  9492
2 13483  82.9213 220.9674 0008673 247.5603 275.2783 14.21851012223519
1 13483U 81053GD  25365.10502531  .00003657  00000-0  16527-2 0  3891
2 13483  82.9213 220.9674 0008673 247.5603 275.2783 14.21851012223519
1 13483U 81053GD  25365.37784816  .00003635  00000-0  16427-2 0  9507
2 13483  82.9214 220.7483 0008658 246.5843 231.9183 14.21852503223557
1 13483U 81053GD  25365.57860480  .00003684  00000-0  16647-2 0  3918
2 13483  82.9213 220.5871 0008674 245.9094 179.5950 14.21854072223589
