1 13498U 81041C   22001.59390671  .00000719  00000-0  15989-3 0    10\
2 13498  74.0176 190.3651 0010336 324.4148 100.6322 14.58859880162803
1 13498U 81041C   22001.67282937  .00000717  00000-0  15952-3 0    12\
2 13498  74.0176 190.2146 0010341 324.2540 155.1167 14.58859997162813
1 13498U 81041C   22002.27789515  .00000661  00000-0  14752-3 0    18\
2 13498  74.0177 189.0610 0010363 323.0832  92.7278 14.58860660162909
1 13498U 81041C   22002.70252050  .00000605  00000-0  13558-3 0    16\
2 13498  74.0177 188.2515 0010384 322.2169 162.7694 14.58861029162967
1 13498U 81041C   22002.70252050  .00000605  00000-0  13558-3 0  2984\
2 13498  74.0177 188.2515 0010384 322.2169 162.7694 14.58861029166927
1 13498U 81041C   21365.48966767  .00000711  00000-0  15814-3 0  2971\
2 13498  74.0176 192.4704 0010288 326.6393  61.4393 14.58857906166608
1 13498U 81041C   22004.61173186  .00000518  00000-0  11704-3 0    14\
2 13498  74.0177 184.6114 0010443 318.4386 109.4343 14.58863406163248
1 13498U 81041C   22004.81611404  .00000515  00000-0  11631-3 0  2991\
2 13498  74.0177 184.2217 0010472 317.9965 102.8328 14.58863626167234
1 13498U 81041C   22004.89562410  .00000496  00000-0  11224-3 0    18\
2 13498  74.0177 184.0701 0010465 317.8601 160.3775 14.58863623163281
1 13498U 81041C   22005.57072486  .00000483  00000-0  10939-3 0    11\
2 13498  74.0176 182.7829 0010483 316.5452 105.8081 14.58864426163383
1 13498U 81041C   22005.92405372  .00000475  00000-0  10777-3 0    15\
2 13498  74.0176 182.1092 0010505 315.8253 161.4195 14.58864787163435
1 13498U 81041C   22006.60108675  .00000444  00000-0  10106-3 0    19\
2 13498  74.0176 180.8184 0010531 314.4845 117.0218 14.58865405163535
1 13498U 81041C   22006.88476622  .00000424  00000-0  96820-4 0    15\
2 13498  74.0177 180.2775 0010544 313.9253 166.8306 14.58865567163570
1 13498U 81041C   22006.88476622  .00000424  00000-0  96820-4 0  3007\
2 13498  74.0177 180.2775 0010544 313.9253 166.8306 14.58865567167530
1 13498U 81041C   22007.55890490  .00000446  00000-0  10161-3 0    10\
2 13498  74.0177 178.9922 0010566 312.6102 107.2146 14.58866399163677
1 13498U 81041C   22007.91392637  .00000407  00000-0  93245-4 0    12\
2 13498  74.0177 178.3153 0010591 311.8997 171.7045 14.58866529163723
1 13498U 81041C   22008.51813032  .00000483  00000-0  10954-3 0    15\
2 13498  74.0177 177.1634 0010615 310.6905 104.8434 14.58867516163813
1 13498U 81041C   22008.87255019  .00000505  00000-0  11420-3 0    13\
2 13498  74.0178 176.4877 0010642 309.9835 166.1735 14.58867996163860
1 13498U 81041C   22009.22653969  .00000571  00000-0  12823-3 0  3013\
2 13498  74.0178 175.8127 0010653 309.3167 225.2050 14.58868755167871
1 13498U 81041C   22009.54777656  .00000531  00000-0  11970-3 0    13\
2 13498  74.0178 175.2003 0010666 308.6584 112.2824 14.58868789163964
1 13498U 81041C   22009.90155163  .00000503  00000-0  11378-3 0    17\
2 13498  74.0179 174.5258 0010686 307.9588 170.2211 14.58868988164019
1 13498U 81041C   22010.50671701  .00000583  00000-0  13083-3 0    19\
2 13498  74.0180 173.3720 0010704 306.7711 108.3914 14.58870069164103
1 13498U 81041C   22010.86194215  .00000544  00000-0  12256-3 0    16\
2 13498  74.0180 172.6947 0010730 306.0409 173.9742 14.58870190164159
1 13498U 81041C   22011.46748507  .00000584  00000-0  13092-3 0  3029\
2 13498  74.0180 171.5402 0010752 304.8632 114.1187 14.58871058168205
1 13498U 81041C   22011.46748507  .00000584  00000-0  13092-3 0    15\
2 13498  74.0180 171.5402 0010752 304.8632 114.1187 14.58871058164245
1 13498U 81041C   22011.73299687  .00000602  00000-0  13492-3 0    10\
2 13498  74.0181 171.0340 0010763 304.3193  68.5415 14.58871423164287
1 13498U 81041C   22012.49544250  .00000570  00000-0  12793-3 0    10\
2 13498  74.0182 169.5803 0010790 302.8331 112.7020 14.58872119164390
1 13498U 81041C   22013.52587691  .00000626  00000-0  13987-3 0  3034\
2 13498  74.0183 167.6158 0010830 300.8064 124.2908 14.58873644168503
1 13498U 81041C   22013.52587691  .00000626  00000-0  13987-3 0    19\
2 13498  74.0183 167.6158 0010830 300.8064 124.2908 14.58873644164543
1 13498U 81041C   22013.81011581  .00000636  00000-0  14211-3 0    13\
2 13498  74.0184 167.0739 0010847 300.2480 177.0443 14.58874045164587
1 13498U 81041C   22014.55613083  .00000738  00000-0  16380-3 0    12\
2 13498  74.0185 165.6516 0010869 298.7906 134.9273 14.58875587164690
1 13498U 81041C   22014.83911097  .00000740  00000-0  16436-3 0    14\
2 13498  74.0185 165.1121 0010890 298.2375 181.0686 14.58875963164730
1 13498U 81041C   22015.52814462  .00000884  00000-0  19498-3 0    19\
2 13498  74.0186 163.7984 0010908 296.8945 199.7036 14.58877900164838
1 13498U 81041C   22015.79827417  .00000894  00000-0  19711-3 0  3047\
2 13498  74.0186 163.2834 0010928 296.3732 178.3525 14.58878368168837
1 13498U 81041C   22015.86859067  .00000921  00000-0  20282-3 0    11\
2 13498  74.0186 163.1493 0010932 296.2429 187.6327 14.58878743164885
1 13498U 81041C   22016.55403546  .00000980  00000-0  21545-3 0    13\
2 13498  74.0187 161.8425 0010947 294.9122 187.4186 14.58880231164984
1 13498U 81041C   22016.74883194  .00000986  00000-0  21665-3 0    14\
2 13498  74.0187 161.4711 0010953 294.5380 130.4380 14.58880593165017
1 13498U 81041C   22017.50319536  .00000934  00000-0  20552-3 0    10\
2 13498  74.0188 160.0328 0010973 293.0799 132.1661 14.58881728165121
1 13498U 81041C   22017.85691615  .00000982  00000-0  21588-3 0    12\
2 13498  74.0188 159.3585 0010994 292.3935 189.8236 14.58882653165174
1 13498U 81041C   22018.14136080  .00000980  00000-0  21543-3 0  3051\
2 13498  74.0188 158.8161 0011004 291.8565 243.6451 14.58883209169174
1 13498U 81041C   22018.46237966  .00000978  00000-0  21503-3 0    17\
2 13498  74.0189 158.2041 0011010 291.2218 129.5743 14.58883925165269
1 13498U 81041C   22018.74754153  .00000940  00000-0  20699-3 0    14\
2 13498  74.0189 157.6605 0011022 290.6664 187.1796 14.58884206165305
1 13498U 81041C   22019.49314934  .00001127  00000-0  24671-3 0    18\
2 13498  74.0189 156.2389 0011039 289.2350 142.9316 14.58887026165415
1 13498U 81041C   22020.45076645  .00000979  00000-0  21517-3 0  3068\
2 13498  74.0190 154.4131 0011022 287.4397 132.0636 14.58888296169515
1 13498U 81041C   22020.45076645  .00000979  00000-0  21517-3 0    10\
2 13498  74.0190 154.4131 0011022 287.4397 132.0636 14.58888296165555
1 13498U 81041C   22020.80519084  .00000874  00000-0  19271-3 0    16\
2 13498  74.0191 153.7374 0011053 286.7509 193.4207 14.58888202165606
1 13498U 81041C   22021.60771037  .00000801  00000-0  17728-3 0    18\
2 13498  74.0191 152.2073 0011117 285.1779  88.0967 14.58889331165728
1 13498U 81041C   22021.83420032  .00000792  00000-0  17524-3 0    12\
2 13498  74.0191 151.7755 0011125 284.7591 197.5536 14.58889714165751
1 13498U 81041C   22022.16453837  .00000810  00000-0  17915-3 0    13\
2 13498  74.0191 151.1457 0011134 284.1440 132.3951 14.58890477165803
1 13498U 81041C   22022.44089490  .00000795  00000-0  17588-3 0    12\
2 13498  74.0192 150.6188 0011144 283.6038 143.7669 14.58890938165845
1 13498U 81041C   22023.12551590  .00000717  00000-0  15923-3 0  3077\
2 13498  74.0192 149.3135 0011164 282.3189 139.2130 14.58891720169901
1 13498U 81041C   22023.59577446  .00000725  00000-0  16111-3 0    16\
2 13498  74.0193 148.4170 0011175 281.4046  88.9183 14.58892583166010
1 13498U 81041C   22023.75980243  .00000722  00000-0  16036-3 0    10\
2 13498  74.0193 148.1043 0011180 281.0887 230.3583 14.58892845166031
1 13498U 81041C   22024.50882737  .00000652  00000-0  14541-3 0    14\
2 13498  74.0194 146.6762 0011197 279.6719 204.0529 14.58893692166149
1 13498U 81041C   22024.78184053  .00000644  00000-0  14369-3 0    19\
2 13498  74.0194 146.1558 0011205 279.1691 197.8379 14.58894076166184
1 13498U 81041C   22025.38738742  .00000668  00000-0  14888-3 0  3088\
2 13498  74.0195 145.0013 0011214 278.0188 138.0290 14.58895166170239
1 13498U 81041C   22025.38738742  .00000668  00000-0  14888-3 0    18\
2 13498  74.0195 145.0013 0011214 278.0188 138.0290 14.58895166166278
1 13498U 81041C   22026.41749861  .00000699  00000-0  15547-3 0    14\
2 13498  74.0196 143.0373 0011233 276.0816 147.9205 14.58897037166424
1 13498U 81041C   22026.77732422  .00000720  00000-0  15982-3 0    16\
2 13498  74.0194 142.3512 0011274 275.4931 237.5495 14.58897698166470
1 13498U 81041C   22027.57352869  .00000689  00000-0  15338-3 0    17\
2 13498  74.0194 140.8332 0011286 273.9468  99.0731 14.58898752166593
1 13498U 81041C   22027.73109815  .00000687  00000-0  15284-3 0  3095\
2 13498  74.0195 140.5328 0011288 273.6562 206.5846 14.58898980170578
1 13498U 81041C   22027.73109815  .00000687  00000-0  15284-3 0    14\
2 13498  74.0195 140.5328 0011288 273.6562 206.5846 14.58898980166618
1 13498U 81041C   22028.40671351  .00000702  00000-0  15612-3 0    11\
2 13498  74.0196 139.2448 0011277 272.3081 154.8359 14.58900153166718
1 13498U 81041C   22028.76612056  .00000665  00000-0  14825-3 0    10\
2 13498  74.0197 138.5596 0011301 271.6596 242.3304 14.58900459166763
1 13498U 81041C   22029.56213344  .00000813  00000-0  17979-3 0    14\
2 13498  74.0196 137.0420 0011309 270.1376 102.8364 14.58902668166883
1 13498U 81041C   22030.25036778  .00000838  00000-0  18506-3 0  3103\
2 13498  74.0196 135.7298 0011325 268.8684 117.2636 14.58903872170947
1 13498U 81041C   22030.47500778  .00000832  00000-0  18371-3 0    14\
2 13498  74.0196 135.3015 0011328 268.4203 217.0491 14.58904203167017
1 13498U 81041C   22030.75488369  .00000895  00000-0  19721-3 0    15\
2 13498  74.0196 134.7679 0011345 267.9261 246.8649 14.58905045167057
1 13498U 81041C   22031.55074595  .00001143  00000-0  25012-3 0    13\
2 13498  74.0196 133.2505 0011350 266.4267 106.5691 14.58907942167175
1 13498U 81041C   22031.70751025  .00001147  00000-0  25080-3 0    19\
2 13498  74.0196 132.9516 0011353 266.1392 209.8555 14.58908282167198
1 13498U 81041C   22032.38468705  .00001173  00000-0  25642-3 0  3111\
2 13498  74.0195 131.6604 0011355 264.8399 166.2722 14.58909597171259
1 13498U 81041C   22032.38468705  .00001173  00000-0  25642-3 0    17\
2 13498  74.0195 131.6604 0011355 264.8399 166.2722 14.58909597167298
1 13498U 81041C   22032.74355116  .00001114  00000-0  24395-3 0    17\
2 13498  74.0195 130.9762 0011365 264.1942 250.9239 14.58909920167343
1 13498U 81041C   22033.61795434  .00000982  00000-0  21576-3 0    15\
2 13498  74.0195 129.3091 0011372 262.5305 163.1328 14.58910756167470
1 13498U 81041C   22033.69663549  .00000977  00000-0  21460-3 0    10\
2 13498  74.0195 129.1590 0011373 262.3928 216.3406 14.58910882167481
1 13498U 81041C   22034.49897882  .00000867  00000-0  19119-3 0  3129\
2 13498  74.0195 127.6293 0011380 260.8641 110.1130 14.58911857171558
1 13498U 81041C   22034.49897882  .00000867  00000-0  19119-3 0    14\
2 13498  74.0195 127.6293 0011380 260.8641 110.1130 14.58911857167609
1 13498U 81041C   22034.73263428  .00001062  00000-0  23275-3 0    10\
2 13498  74.0195 127.1838 0011382 260.4428 257.2142 14.58913653167635
1 13498U 81041C   22035.25711766  .00001165  00000-0  25469-3 0    12\
2 13498  74.0195 126.1838 0011376 259.4344 131.7257 14.58915261167711
1 13498U 81041C   22035.68487153  .00001127  00000-0  24651-3 0    19\
2 13498  74.0195 125.3682 0011379 258.6460 218.1975 14.58916050167772
1 13498U 81041C   22036.56597312  .00001237  00000-0  26998-3 0    14\
2 13498  74.0195 123.6883 0011389 256.9865 165.5967 14.58918844167901
1 13498U 81041C   22036.71442778  .00001236  00000-0  26974-3 0  3135\
2 13498  74.0194 123.4052 0011389 256.7245 225.2389 14.58919220171889
1 13498U 81041C   22037.51661545  .00001168  00000-0  25530-3 0    14\
2 13498  74.0194 121.8757 0011389 255.2244 118.1908 14.58920858168046
1 13498U 81041C   22037.68009831  .00001159  00000-0  25336-3 0    10\
2 13498  74.0194 121.5640 0011392 254.9375 256.7562 14.58921205168063
1 13498U 81041C   22038.47655777  .00001074  00000-0  23531-3 0    15\
2 13498  74.0194 120.0454 0011395 253.4483 119.6287 14.58922639168183
1 13498U 81041C   22038.90909899  .00001034  00000-0  22665-3 0    13\
2 13498  74.0193 119.2207 0011391 252.6513 231.2545 14.58923494168244
1 13498U 81041C   22039.24025178  .00001092  00000-0  23911-3 0  3146\
2 13498  74.0193 118.5893 0011390 252.0278 170.4203 14.58924554172257
1 13498U 81041C   22039.59346830  .00001041  00000-0  22812-3 0    11\
2 13498  74.0192 117.9157 0011393 251.3610 225.4652 14.58925095168342
1 13498U 81041C   22039.94744575  .00000979  00000-0  21490-3 0    18\
2 13498  74.0192 117.2408 0011392 250.7194 284.4821 14.58925688168399
1 13498U 81041C   22040.63005382  .00001096  00000-0  24001-3 0    14\
2 13498  74.0191 115.9392 0011386 249.4048 269.4760 14.58927813168499
1 13498U 81041C   22041.49376764  .00001028  00000-0  22534-3 0  3156\
2 13498  74.0189 114.2922 0011385 247.8183 125.5503 14.58929387172577
1 13498U 81041C   22041.58299160  .00001052  00000-0  23062-3 0    16\
2 13498  74.0189 114.1221 0011383 247.6529 234.1408 14.58929718168639
1 13498U 81041C   22041.93596061  .00001140  00000-0  24919-3 0    15\
2 13498  74.0189 113.4490 0011377 246.9941 287.8863 14.58931051168680
1 13498U 81041C   22042.61704234  .00001115  00000-0  24397-3 0    16\
2 13498  74.0187 112.1503 0011369 245.6869 264.8724 14.58932447168787
1 13498U 81041C   22042.88551017  .00001138  00000-0  24891-3 0    18\
2 13498  74.0187 111.6384 0011365 245.1926 234.8232 14.58933139168828
1 13498U 81041C   22043.57064164  .00001103  00000-0  24136-3 0  3160\
2 13498  74.0186 110.3319 0011363 243.9309 233.0302 14.58934478172887
1 13498U 81041C   22043.57064164  .00001103  00000-0  24136-3 0    11\
2 13498  74.0186 110.3319 0011363 243.9309 233.0302 14.58934478168927
1 13498U 81041C   22043.92452470  .00001102  00000-0  24106-3 0    17\
2 13498  74.0186 109.6571 0011358 243.2860 291.5654 14.58935283168976
1 13498U 81041C   22044.44217378  .00001072  00000-0  23476-3 0    16\
2 13498  74.0185 108.6700 0011354 242.3027 130.2150 14.58936339169052
1 13498U 81041C   22045.55965410  .00000973  00000-0  21359-3 0    13\
2 13498  74.0183 106.5390 0011340 240.2308 239.0811 14.58938268169219
1 13498U 81041C   22045.62883038  .00000975  00000-0  21405-3 0  3170\
2 13498  74.0183 106.4071 0011338 240.0948 242.3946 14.58938452173181
1 13498U 81041C   22045.62883038  .00000975  00000-0  21405-3 0    10\
2 13498  74.0183 106.4071 0011338 240.0948 242.3946 14.58938452169221
1 13498U 81041C   22046.59416508  .00000891  00000-0  19620-3 0    14\
2 13498  74.0182 104.5663 0011323 238.2821 272.2434 14.58940201169363
1 13498U 81041C   22046.86206111  .00000854  00000-0  18824-3 0    15\
2 13498  74.0182 104.0554 0011313 237.7696 239.2193 14.58940610169404
1 13498U 81041C   22047.54716625  .00000908  00000-0  19970-3 0    10\
2 13498  74.0182 102.7490 0011306 236.4819 237.3357 14.58942451169500
1 13498U 81041C   22047.90171089  .00000901  00000-0  19828-3 0    14\
2 13498  74.0181 102.0729 0011297 235.8202 299.3718 14.58943214169557
1 13498U 81041C   22047.90171089  .00000901  00000-0  19828-3 0  3185\
2 13498  74.0181 102.0729 0011297 235.8202 299.3718 14.58943214173518
1 13498U 81041C   22048.58274383  .00000821  00000-0  18135-3 0    11\
2 13498  74.0181 100.7741 0011284 234.5449 276.1004 14.58944190169657
1 13498U 81041C   22048.90800476  .00000756  00000-0  16750-3 0    13\
2 13498  74.0180 100.1538 0011274 233.9482 184.3324 14.58944499169706
1 13498U 81041C   22049.60634847  .00000780  00000-0  17260-3 0    12\
2 13498  74.0180  98.8221 0011261 232.6009 252.0200 14.58945983169801
1 13498U 81041C   22050.13712997  .00000741  00000-0  16418-3 0  3198\
2 13498  74.0179  97.8099 0011245 231.5860 159.6669 14.58946775173846
1 13498U 81041C   22050.57254969  .00000811  00000-0  17921-3 0    12\
2 13498  74.0179  96.9795 0011235 230.7718 286.4600 14.58947936169941
1 13498U 81041C   22050.83889185  .00000799  00000-0  17665-3 0    15\
2 13498  74.0179  96.4716 0011227 230.2776 245.2665 14.58948360169989
1 13498U 81041C   22051.59496771  .00000793  00000-0  17520-3 0    18\
2 13498  74.0179  95.0297 0011208 228.8147 256.1754 14.58949668170098
1 13498U 81041C   22051.87880363  .00000717  00000-0  15914-3 0    14\
2 13498  74.0179  94.4885 0011197 228.2755 306.8715 14.58949734170139
1 13498U 81041C   22052.56003104  .00000733  00000-0  16249-3 0  3205\
2 13498  74.0178  93.1893 0011178 226.9444 284.6928 14.58950945174197
1 13498U 81041C   22052.88478066  .00000779  00000-0  17236-3 0    16\
2 13498  74.0178  92.5700 0011166 226.3273 190.2689 14.58951759170284
1 13498U 81041C   22053.51324155  .00000750  00000-0  16615-3 0    15\
2 13498  74.0177  91.3714 0011149 225.1416 250.9211 14.58952666170375
1 13498U 81041C   22053.86728632  .00000709  00000-0  15747-3 0    10\
2 13498  74.0177  90.6962 0011133 224.4682 310.3557 14.58952962170421
1 13498U 81041C   22054.54234008  .00000689  00000-0  15305-3 0    12\
2 13498  74.0176  89.4088 0011112 223.1483 255.7609 14.58953902170523
1 13498U 81041C   22054.82740823  .00000692  00000-0  15371-3 0  3212\
2 13498  74.0176  88.8651 0011100 222.5948 312.9458 14.58954393174525
1 13498U 81041C   22054.82740823  .00000692  00000-0  15371-3 0    17\
2 13498  74.0176  88.8651 0011100 222.5948 312.9458 14.58954393170565
1 13498U 81041C   22055.50839615  .00000719  00000-0  15950-3 0    14\
2 13498  74.0175  87.5664 0011077 221.2841 289.5012 14.58955625170660
1 13498U 81041C   22055.90405021  .00000672  00000-0  14950-3 0    15\
2 13498  74.0175  86.8118 0011059 220.5259 207.4770 14.58955946170724
1 13498U 81041C   22056.53736480  .00000757  00000-0  16749-3 0    13\
2 13498  74.0175  85.6039 0011038 219.2914 293.6713 14.58957428170814
1 13498U 81041C   22056.81555122  .00000755  00000-0  16708-3 0    19\
2 13498  74.0175  85.0733 0011025 218.7449 314.7225 14.58957867170856
1 13498U 81041C   22057.20772664  .00000724  00000-0  16050-3 0  3227\
2 13498  74.0175  84.3254 0011013 217.9588 214.4656 14.58958242174876
1 13498U 81041C   22057.49078845  .00000727  00000-0  16121-3 0    14\
2 13498  74.0175  83.7856 0010998 217.4409 261.0849 14.58958659170954
1 13498U 81041C   22057.89221137  .00000668  00000-0  14871-3 0    16\
2 13498  74.0175  83.0200 0010978 216.6593 209.3760 14.58958940171011
1 13498U 81041C   22058.52625057  .00000820  00000-0  18098-3 0    11\
2 13498  74.0175  81.8107 0010952 215.4513 299.3548 14.58960756171105
1 13498U 81041C   22058.80412897  .00000826  00000-0  18221-3 0    12\
2 13498  74.0175  81.2808 0010935 214.9222 318.7748 14.58961241171141
1 13498U 81041C   22059.48027463  .00000830  00000-0  18316-3 0  3235\
2 13498  74.0175  79.9913 0010909 213.5631 269.9693 14.58962217175203
1 13498U 81041C   22059.48027463  .00000830  00000-0  18316-3 0    18\
2 13498  74.0175  79.9913 0010909 213.5631 269.9693 14.58962217171243
1 13498U 81041C   22059.80980993  .00000781  00000-0  17278-3 0    11\
2 13498  74.0175  79.3628 0010891 212.9239 200.7050 14.58962492171297
1 13498U 81041C   22060.51483584  .00000796  00000-0  17584-3 0    11\
2 13498  74.0175  78.0182 0010862 211.5358 303.5585 14.58963674171392
1 13498U 81041C   22061.47393971  .00000769  00000-0  17014-3 0    15\
2 13498  74.0175  76.1890 0010812 209.6142 300.8869 14.58964985171538
1 13498U 81041C   22061.79882361  .00000750  00000-0  16603-3 0    19\
2 13498  74.0175  75.5694 0010797 208.9533 207.2279 14.58965435171582
1 13498U 81041C   22062.14419628  .00000742  00000-0  16440-3 0  3249\
2 13498  74.0175  74.9107 0010786 208.2400 221.1901 14.58965956175598
1 13498U 81041C   22062.49668656  .00000822  00000-0  18148-3 0    12\
2 13498  74.0176  74.2384 0010767 207.5689 272.4782 14.58966875171682
1 13498U 81041C   22062.78118215  .00000795  00000-0  17558-3 0    18\
2 13498  74.0176  73.6959 0010750 206.9984 326.6873 14.58967229171728
1 13498U 81041C   22063.46253448  .00000879  00000-0  19359-3 0    16\
2 13498  74.0176  72.3963 0010726 205.5879 305.2856 14.58968765171821
1 13498U 81041C   22064.13201653  .00000893  00000-0  19648-3 0    19\
2 13498  74.0177  71.1195 0010696 204.2105 221.5349 14.58970058171926
1 13498U 81041C   22064.49268549  .00001027  00000-0  22508-3 0  3253\
2 13498  74.0177  70.4316 0010679 203.4954 315.8134 14.58971475175935
1 13498U 81041C   22064.49268549  .00001027  00000-0  22508-3 0    14\
2 13498  74.0177  70.4316 0010679 203.4954 315.8134 14.58971475171975
1 13498U 81041C   22064.76959473  .00001055  00000-0  23097-3 0    12\
2 13498  74.0177  69.9035 0010662 202.9263 330.1951 14.58972121172017
1 13498U 81041C   22065.45109278  .00001266  00000-0  27580-3 0    14\
2 13498  74.0178  68.6038 0010634 201.5147 309.5754 14.58974802172112
1 13498U 81041C   22065.84690340  .00001130  00000-0  24701-3 0    14\
2 13498  74.0178  67.8489 0010610 200.6863 228.4678 14.58974797172175
1 13498U 81041C   22066.47441094  .00001192  00000-0  26009-3 0    15\
2 13498  74.0179  66.6520 0010576 199.3999 284.2664 14.58976417172260
1 13498U 81041C   22066.75810245  .00001181  00000-0  25769-3 0  3264\
2 13498  74.0179  66.1110 0010564 198.8008 334.2908 14.58976941176265
1 13498U 81041C   22066.75810245  .00001181  00000-0  25769-3 0    14\
2 13498  74.0179  66.1110 0010564 198.8008 334.2908 14.58976941172306
1 13498U 81041C   22067.43386582  .00001177  00000-0  25686-3 0    15\
2 13498  74.0180  64.8222 0010529 197.3835 283.5773 14.58978451172405
1 13498U 81041C   22067.83519090  .00001117  00000-0  24403-3 0    11\
2 13498  74.0180  64.0568 0010505 196.5301 231.4542 14.58978995172468
1 13498U 81041C   22068.46969573  .00001258  00000-0  27418-3 0    11\
2 13498  74.0181  62.8466 0010483 195.2267 324.0188 14.58981267172555
1 13498U 81041C   22068.74664878  .00001197  00000-0  26114-3 0    16\
2 13498  74.0181  62.3184 0010466 194.6332 338.6638 14.58981534172596
1 13498U 81041C   22069.06809948  .00001069  00000-0  23386-3 0  3278\
2 13498  74.0182  61.7054 0010455 193.9531 227.0171 14.58981580176607
1 13498U 81041C   22069.42828163  .00001215  00000-0  26496-3 0    15\
2 13498  74.0182  61.0185 0010435 193.2002 318.7927 14.58983231172696
1 13498U 81041C   22069.75323793  .00001167  00000-0  25477-3 0    14\
2 13498  74.0182  60.3987 0010417 192.5063 225.5674 14.58983759172742
1 13498U 81041C   22070.38804213  .00001233  00000-0  26879-3 0    17\
2 13498  74.0183  59.1880 0010382 191.1490 319.7695 14.58985773172838
1 13498U 81041C   22070.73531972  .00001272  00000-0  27704-3 0    16\
2 13498  74.0184  58.5257 0010365 190.3803 343.8144 14.58986894172887
1 13498U 81041C   22071.41689257  .00001511  00000-0  32781-3 0  3281\
2 13498  74.0184  57.2259 0010328 188.8859 323.7066 14.58990083176943
1 13498U 81041C   22071.41689257  .00001511  00000-0  32781-3 0    19\
2 13498  74.0184  57.2259 0010328 188.8859 323.7066 14.58990083172983
1 13498U 81041C   22071.69526539  .00001420  00000-0  30853-3 0    19\
2 13498  74.0185  56.6950 0010309 188.2730 345.8326 14.58990226173025
1 13498U 81041C   22072.37647230  .00001472  00000-0  31951-3 0    14\
2 13498  74.0186  55.3959 0010277 186.8010 323.7847 14.58992277173122
1 13498U 81041C   22072.72361806  .00001528  00000-0  33153-3 0    13\
2 13498  74.0186  54.7338 0010260 186.0392 347.1369 14.58993511173179
1 13498U 81041C   22073.40554771  .00001677  00000-0  36313-3 0    10\
2 13498  74.0188  53.4333 0010228 184.5672 328.8992 14.58996662173279
1 13498U 81041C   22073.73085560  .00001568  00000-0  34006-3 0  3290\
2 13498  74.0188  52.8129 0010214 183.8761 237.5291 14.58996881177287
1 13498U 81041C   22073.73085560  .00001568  00000-0  34006-3 0    17\
2 13498  74.0188  52.8129 0010214 183.8761 237.5291 14.58996881173328
1 13498U 81041C   22074.07572729  .00001548  00000-0  33571-3 0    17\
2 13498  74.0189  52.1552 0010200 183.1030 248.9605 14.58997893173373
1 13498U 81041C   22074.69025437  .00001415  00000-0  30746-3 0    18\
2 13498  74.0190  50.9833 0010166 181.7736 236.7027 14.58998943173461
1 13498U 81041C   22075.39418836  .00001390  00000-0  30200-3 0    12\
2 13498  74.0191  49.6408 0010133 180.2279 334.0761 14.59001000173563
1 13498U 81041C   22075.67210738  .00001333  00000-0  28990-3 0    14\
2 13498  74.0191  49.1108 0010117 179.6192 353.8283 14.59001472173609
1 13498U 81041C   22076.18989513  .00001329  00000-0  28916-3 0  3303\
2 13498  74.0192  48.1233 0010091 178.4432 193.5224 14.59003030177636
1 13498U 81041C   22076.34691461  .00001317  00000-0  28652-3 0    12\
2 13498  74.0192  47.8239 0010083 178.0953 298.2632 14.59003438173705
1 13498U 81041C   22076.95228331  .00001184  00000-0  25818-3 0    14\
2 13498  74.0193  46.6694 0010056 176.7158 237.9858 14.59004472173798
1 13498U 81041C   22077.38291523  .00001176  00000-0  25656-3 0    16\
2 13498  74.0194  45.8482 0010036 175.8147 339.8185 14.59005594173859
1 13498U 81041C   22078.33517834  .00001083  00000-0  23670-3 0  3315\
2 13498  74.0196  44.0321 0009990 173.6453 301.6252 14.59007493177954
1 13498U 81041C   22078.33517834  .00001083  00000-0  23670-3 0    19\
2 13498  74.0196  44.0321 0009990 173.6453 301.6252 14.59007493173994
1 13498U 81041C   22078.94079774  .00001016  00000-0  22257-3 0    18\
2 13498  74.0197  42.8772 0009961 172.2359 242.7039 14.59008676174082
1 13498U 81041C   22079.29586125  .00001027  00000-0  22473-3 0    12\
2 13498  74.0198  42.2000 0009944 171.4590 307.6634 14.59009544174133
1 13498U 81041C   22079.89625762  .00000996  00000-0  21832-3 0    11\
2 13498  74.0198  41.0550 0009918 170.0959 221.2770 14.59010743174220
1 13498U 81041C   22080.85565973  .00000941  00000-0  20656-3 0  3326\
2 13498  74.0200  39.2254 0009873 167.8782 220.6306 14.59012403178320
1 13498U 81041C   22080.33042447  .00000970  00000-0  21271-3 0    14\
2 13498  74.0199  40.2270 0009895 169.1096 341.7630 14.59011484174288
1 13498U 81041C   22080.92934619  .00000935  00000-0  20535-3 0    13\
2 13498  74.0200  39.0848 0009871 167.6968 247.6874 14.59012529174378
1 13498U 81041C   22081.35346404  .00000987  00000-0  21638-3 0    12\
2 13498  74.0201  38.2761 0009852 166.7135 315.4130 14.59013620174438
1 13498U 81041C   22081.89084559  .00000970  00000-0  21260-3 0    14\
2 13498  74.0202  37.2513 0009838 165.3936 258.1456 14.59014650174518
1 13498U 81041C   22082.59731147  .00001030  00000-0  22540-3 0    14\
2 13498  74.0204  35.9040 0009805 163.8071   8.8905 14.59016397174617
1 13498U 81041C   22082.91776780  .00001051  00000-0  22992-3 0    16\
2 13498  74.0204  35.2929 0009798 163.0611 252.1306 14.59017231174661
1 13498U 81041C   22082.98945083  .00001051  00000-0  22984-3 0  3336\
2 13498  74.0205  35.1562 0009795 162.9059 268.6438 14.59017381178630
1 13498U 81041C   22083.27894069  .00001067  00000-0  23340-3 0    12\
2 13498  74.0205  34.6042 0009779 162.2617 349.1983 14.59018010174717
1 13498U 81041C   22083.94721272  .00001125  00000-0  24557-3 0    17\
2 13498  74.0206  33.3298 0009758 160.6570 259.4408 14.59019815174814
1 13498U 81041C   22084.30753904  .00001146  00000-0  25013-3 0    16\
2 13498  74.0207  32.6427 0009742 159.8290 352.0946 14.59020598174865
1 13498U 81041C   22084.90800450  .00001136  00000-0  24802-3 0    15\
2 13498  74.0207  31.4976 0009723 158.4159 266.1443 14.59021924174950
1 13498U 81041C   22085.26727987  .00001219  00000-0  26555-3 0  3346\
2 13498  74.0208  30.8125 0009705 157.6144 353.2567 14.59023053178960
1 13498U 81041C   22085.26727987  .00001219  00000-0  26555-3 0    17\
2 13498  74.0208  30.8125 0009705 157.6144 353.2567 14.59023053175002
1 13498U 81041C   22085.66216792  .00001179  00000-0  25703-3 0    17\
2 13498  74.0209  30.0595 0009692 156.6340 267.5289 14.59023735175069
1 13498U 81041C   22086.57460910  .00001178  00000-0  25694-3 0    19\
2 13498  74.0210  28.3196 0009664 154.4133  20.3715 14.59025925175199
1 13498U 81041C   22086.89475615  .00001247  00000-0  27142-3 0    19\
2 13498  74.0211  27.7091 0009661 153.6469 262.0201 14.59027154175244
1 13498U 81041C   22087.52423788  .00001240  00000-0  26997-3 0  3354\
2 13498  74.0212  26.5088 0009634 152.1765 328.4872 14.59028686179292
1 13498U 81041C   22087.92455775  .00001340  00000-0  29129-3 0    10\
2 13498  74.0212  25.7454 0009622 151.2889 271.1951 14.59030280175396
1 13498U 81041C   22088.56303899  .00001479  00000-0  32080-3 0    13\
2 13498  74.0213  24.5279 0009594 149.7691  24.9709 14.59032817175483
1 13498U 81041C   22088.88323801  .00001633  00000-0  35353-3 0    11\
2 13498  74.0212  23.9173 0009595 149.0286 266.8736 14.59034604175531
1 13498U 81041C   22089.84387446  .00002011  00000-0  43377-3 0  3360\
2 13498  74.0213  22.0854 0009560 146.9547 272.6488 14.59039619179631
1 13498U 81041C   22089.59156573  .00001927  00000-0  41593-3 0    19\
2 13498  74.0213  22.5665 0009562 147.5215  27.3642 14.59038264175635
1 13498U 81041C   22089.91362134  .00002027  00000-0  43726-3 0    19\
2 13498  74.0213  21.9524 0009552 146.8360 278.9656 14.59039953175684
1 13498U 81041C   22090.55151525  .00002173  00000-0  46829-3 0    10\
2 13498  74.0213  20.7360 0009531 145.3248  29.6691 14.59043017175771
1 13498U 81041C   22090.87161713  .00002225  00000-0  47930-3 0    17\
2 13498  74.0213  20.1256 0009522 144.5718 271.0840 14.59044493175826
1 13498U 81041C   22091.58005949  .00002224  00000-0  47913-3 0    14\
2 13498  74.0213  18.7745 0009511 142.8696  32.3955 14.59047151175926
1 13498U 81041C   22091.90193503  .00002577  00000-0  55400-3 0    15\
2 13498  74.0226  18.1607 0009489 142.0358 283.2052 14.59048878175979
1 13498U 81041C   22092.25487110  .00002501  00000-0  53788-3 0  3370\
2 13498  74.0227  17.4877 0009483 141.1496 337.1540 14.59050242179982
1 13498U 81041C   22092.86181899  .00002610  00000-0  56100-3 0    12\
2 13498  74.0227  16.3304 0009499 139.5945 285.4494 14.59053923176116
1 13498U 81041C   22093.89052687  .00002316  00000-0  49843-3 0    17\
2 13498  74.0226  14.3688 0009456 137.2742 288.9465 14.59058430176261
1 13498U 81041C   22094.52831206  .00002317  00000-0  49869-3 0  3382\
2 13498  74.0226  13.1527 0009439 135.7336  39.1557 14.59061857180319
1 13498U 81041C   22094.52831206  .00002317  00000-0  49869-3 0    19\
2 13498  74.0226  13.1527 0009439 135.7336  39.1557 14.59061857176358
1 13498U 81041C   22094.84935137  .00002086  00000-0  44945-3 0    15\
2 13498  74.0226  12.5405 0009441 134.9829 285.5135 14.59062768176404
1 13498U 81041C   22095.47690197  .00002138  00000-0  46050-3 0    16\
2 13498  74.0224  11.3437 0009426 133.4963 341.9395 14.59065744176491
1 13498U 81041C   22095.87917640  .00002053  00000-0  44254-3 0    15\
2 13498  74.0224  10.5765 0009430 132.5334 295.0383 14.59067321176559
1 13498U 81041C   22096.51664594  .00002100  00000-0  45255-3 0    19\
2 13498  74.0222   9.3608 0009425 130.9569  43.6441 14.59070225176644
1 13498U 81041C   22096.83853958  .00001943  00000-0  41913-3 0  3393\
2 13498  74.0221   8.7469 0009425 130.1855 294.5175 14.59071110180652
1 13498U 81041C   22096.91725037  .00001937  00000-0  41778-3 0    16\
2 13498  74.0221   8.5968 0009424 129.9980 347.9762 14.59071387176700
1 13498U 81041C   22097.19780664  .00001805  00000-0  38972-3 0    10\
2 13498  74.0221   8.0617 0009422 129.3123  21.7231 14.59072039176744
1 13498U 81041C   22097.86804410  .00001880  00000-0  40578-3 0    18\
2 13498  74.0221   6.7835 0009420 127.6828 302.4430 14.59075136176844
1 13498U 81041C   22098.50514093  .00001813  00000-0  39142-3 0    16\
2 13498  74.0221   5.5684 0009425 126.1036  49.1113 14.59077356176932
1 13498U 81041C   22098.82636257  .00001675  00000-0  36210-3 0    17\
2 13498  74.0221   4.9558 0009428 125.3522 296.4447 14.59078150176984
1 13498U 81041C   22099.18641778  .00001677  00000-0  36262-3 0  3406\
2 13498  74.0213   4.2692 0009427 124.5663  27.7110 14.59078828180993
1 13498U 81041C   22099.46510421  .00001641  00000-0  35496-3 0    10\
2 13498  74.0213   3.7377 0009421 123.8965  51.6332 14.59079729177076
1 13498U 81041C   22099.85646000  .00001611  00000-0  34857-3 0    13\
2 13498  74.0213   2.9914 0009419 122.9702 307.3895 14.59081180177136
1 13498U 81041C   22100.49338748  .00001668  00000-0  36063-3 0    16\
2 13498  74.0213   1.7768 0009397 121.3203  53.2574 14.59084002177221
1 13498U 81041C   22100.81484531  .00001555  00000-0  33650-3 0    18\
2 13498  74.0213   1.1638 0009395 120.5493 301.8583 14.59084565177272
1 13498U 81041C   22101.17475903  .00001556  00000-0  33671-3 0    15\
2 13498  74.0212   0.4773 0009392 119.6979  32.4573 14.59085919177324
1 13498U 81041C   22101.77372007  .00001520  00000-0  32922-3 0  3418\
2 13498  74.0212 359.3350 0009387 118.2464 298.7906 14.59087927181377
1 13498U 81041C   22101.77372007  .00001520  00000-0  32922-3 0    11\
2 13498  74.0212 359.3350 0009387 118.2464 298.7906 14.59087927177417
1 13498U 81041C   22102.40298933  .00001602  00000-0  34644-3 0    11\
2 13498  74.0211 358.1349 0009375 116.7213   4.3366 14.59090563177504
1 13498U 81041C   22102.73443958  .00001542  00000-0  33387-3 0    12\
2 13498  74.0211 357.5028 0009378 115.9089 305.4535 14.59091447177556
1 13498U 81041C   22103.44178780  .00001507  00000-0  32644-3 0    15\
2 13498  74.0210 356.1538 0009364 114.2012  61.1470 14.59093550177651
1 13498U 81041C   22103.83465972  .00001370  00000-0  29734-3 0  3422\
2 13498  74.0209 355.4046 0009371 113.2318 324.9198 14.59093902181676
1 13498U 81041C   22104.46967888  .00001296  00000-0  28146-3 0    10\
2 13498  74.0209 354.1935 0009366 111.6550  60.7195 14.59095404177804
1 13498U 81041C   22104.72255878  .00001344  00000-0  29171-3 0    11\
2 13498  74.0208 353.7111 0009367 111.0679 309.0779 14.59096567177843
1 13498U 81041C   22105.43000628  .00001332  00000-0  28918-3 0    16\
2 13498  74.0207 352.3619 0009366 109.3576  65.3116 14.59098685177946
1 13498U 81041C   22105.83086906  .00001366  00000-0  29628-3 0    19\
2 13498  74.0207 351.5974 0009361 108.3764  11.0668 14.59100205178004
1 13498U 81041C   22106.11395156  .00001354  00000-0  29381-3 0  3433\
2 13498  74.0206 351.0575 0009363 107.6924  58.1063 14.59100987182000
1 13498U 81041C   22106.45850074  .00001297  00000-0  28180-3 0    18\
2 13498  74.0206 350.4004 0009372 106.8735  68.0180 14.59101645178097
1 13498U 81041C   22106.78076701  .00001287  00000-0  27958-3 0    12\
2 13498  74.0205 349.7857 0009360 106.1016 320.8868 14.59102598178141
1 13498U 81041C   22107.46559941  .00001337  00000-0  29016-3 0    13\
2 13498  74.0204 348.4796 0009352 104.4360 318.3473 14.59104844178243
1 13498U 81041C   22107.93611876  .00001312  00000-0  28495-3 0    14\
2 13498  74.0204 347.5822 0009350 103.3136 269.9909 14.59106070178316
1 13498U 81041C   22108.42457973  .00001359  00000-0  29477-3 0  3447\
2 13498  74.0203 346.6505 0009353 102.1194 315.9123 14.59107661182342
1 13498U 81041C   22108.42457973  .00001359  00000-0  29477-3 0    17\
2 13498  74.0203 346.6505 0009353 102.1194 315.9123 14.59107661178381
1 13498U 81041C   22108.89594228  .00001356  00000-0  29416-3 0    13\
2 13498  74.0202 345.7515 0009354 100.9902 271.9954 14.59109062178453
1 13498U 81041C   22109.45382740  .00001376  00000-0  29837-3 0    19\
2 13498  74.0202 344.6875 0009354  99.6427 322.5980 14.59110822178533
1 13498U 81041C   22110.41252036  .00001338  00000-0  29043-3 0    18\
2 13498  74.0200 342.8589 0009357  97.3461 318.6537 14.59113321178675
1 13498U 81041C   22111.11859615  .00001341  00000-0  29088-3 0  3456\
2 13498  74.0199 341.5122 0009356  95.6709  67.6908 14.59115341182735
1 13498U 81041C   22111.44225090  .00001414  00000-0  30642-3 0    14\
2 13498  74.0198 340.8949 0009357  94.8825 327.8820 14.59116695178826
1 13498U 81041C   22111.79564972  .00001462  00000-0  31662-3 0    13\
2 13498  74.0197 340.2208 0009353  94.0361  24.3081 14.59117984178875
1 13498U 81041C   22112.07801332  .00001465  00000-0  31734-3 0    12\
2 13498  74.0197 339.6823 0009361  93.3604  67.5822 14.59118808178914
1 13498U 81041C   22113.43093170  .00001522  00000-0  32931-3 0  3462\
2 13498  74.0195 337.1017 0009375  90.1216 334.5623 14.59123096183073
1 13498U 81041C   22113.43093170  .00001522  00000-0  32931-3 0    10\
2 13498  74.0195 337.1017 0009375  90.1216 334.5623 14.59123096179113
1 13498U 81041C   22114.34269853  .00001513  00000-0  32736-3 0    17\
2 13498  74.0193 335.3625 0009395  87.9874  84.1057 14.59125940179245
1 13498U 81041C   22115.41903661  .00001448  00000-0  31360-3 0    17\
2 13498  74.0192 333.3094 0009403  85.3797 338.2458 14.59128913179407
1 13498U 81041C   22115.61860639  .00001441  00000-0  31214-3 0  3470\
2 13498  74.0191 332.9286 0009406  84.9184 306.5911 14.59129552183397
1 13498U 81041C   22115.61860639  .00001441  00000-0  31214-3 0    17\
2 13498  74.0191 332.9286 0009406  84.9184 306.5911 14.59129552179437
1 13498U 81041C   22116.05326914  .00001414  00000-0  30645-3 0    16\
2 13498  74.0191 332.0995 0009409  83.8691  69.9310 14.59130783179496
1 13498U 81041C   22116.84928933  .00001734  00000-0  37425-3 0    10\
2 13498  74.0190 330.5810 0009416  82.0202 291.4656 14.59135271179617
1 13498U 81041C   22117.35998536  .00001630  00000-0  35212-3 0    10\
2 13498  74.0190 329.6069 0009430  80.8074  94.2065 14.59136421179689
1 13498U 81041C   22118.04129434  .00002027  00000-0  43618-3 0  3484\
2 13498  74.0189 328.3072 0009436  79.2197  73.1802 14.59141395183744
1 13498U 81041C   22118.04129434  .00002027  00000-0  43618-3 0    10\
2 13498  74.0189 328.3072 0009436  79.2197  73.1802 14.59141395179783
1 13498U 81041C   22119.39580613  .00002095  00000-0  45061-3 0    18\
2 13498  74.0187 325.7234 0009450  75.9919 348.6282 14.59147116179984
1 13498U 81041C   22119.67012992  .00002211  00000-0  47524-3 0    15\
2 13498  74.0194 325.2004 0009460  75.2877 349.7395 14.59148122180021
1 13498U 81041C   22120.55493549  .00002188  00000-0  47022-3 0  3496\
2 13498  74.0192 323.5124 0009470  73.1857 317.7681 14.59152388184115
1 13498U 81041C   22120.62861115  .00002161  00000-0  46458-3 0    10\
2 13498  74.0192 323.3719 0009471  73.0377 344.7720 14.59152662180160
1 13498U 81041C   22120.82579784  .00002017  00000-0  43414-3 0    19\
2 13498  74.0192 322.9957 0009473  72.4509 300.7454 14.59153032180192
1 13498U 81041C   22121.58944963  .00002042  00000-0  43939-3 0    18\
2 13498  74.0191 321.5387 0009478  70.5987 352.3836 14.59156706180308
1 13498U 81041C   22121.85427517  .00001932  00000-0  41598-3 0    15\
2 13498  74.0191 321.0335 0009478  69.9736 303.5570 14.59157390180347
1 13498U 81041C   22122.54323581  .00001628  00000-0  35146-3 0    12\
2 13498  74.0190 319.7190 0009490  68.3132 322.8235 14.59159399180440
1 13498U 81041C   22122.61681348  .00001609  00000-0  34744-3 0  3507\
2 13498  74.0190 319.5786 0009491  68.1306 349.3494 14.59159637184418
1 13498U 81041C   22122.90204334  .00001567  00000-0  33857-3 0    15\
2 13498  74.0190 319.0345 0009490  67.3959  47.7752 14.59160488180494
1 13498U 81041C   22123.50267240  .00001406  00000-0  30449-3 0    13\
2 13498  74.0190 317.8886 0009497  66.0135 322.9572 14.59162166180582
1 13498U 81041C   22123.92170464  .00001508  00000-0  32598-3 0    10\
2 13498  74.0183 317.0894 0009499  65.3699   3.8660 14.59162669180642
1 13498U 81041C   22124.53139177  .00001445  00000-0  31275-3 0    15\
2 13498  74.0183 315.9263 0009510  63.9043 326.7012 14.59164690180734
1 13498U 81041C   22124.80238725  .00001553  00000-0  33563-3 0  3514\
2 13498  74.0183 315.4093 0009509  63.2715 310.2881 14.59166164184720
1 13498U 81041C   22124.88074252  .00001550  00000-0  33503-3 0    18\
2 13498  74.0183 315.2598 0009512  63.0853   1.9060 14.59166443180788
1 13498U 81041C   22125.23346274  .00002334  00000-0  50103-3 0    10\
2 13498  74.0182 314.5868 0009516  62.1308  54.9530 14.59172591180835
1 13498U 81041C   22125.91895753  .00002071  00000-0  44529-3 0    19\
2 13498  74.0182 313.2790 0009526  60.5279  55.9868 14.59173385180933
1 13498U 81041C   22125.99610738  .00002072  00000-0  44561-3 0    12\
2 13498  74.0181 313.1318 0009528  60.3309 101.2877 14.59173707180945
1 13498U 81041C   22127.55300843  .00001549  00000-0  33466-3 0  3528\
2 13498  74.0181 310.1616 0009566  56.6111   0.0782 14.59175326185130
1 13498U 81041C   22127.90785089  .00001353  00000-0  29316-3 0    19\
2 13498  74.0181 309.4846 0009568  55.8033  64.1157 14.59175092181225
1 13498U 81041C   22128.58367928  .00001346  00000-0  29163-3 0    14\
2 13498  74.0181 308.1953 0009570  54.2981  14.3146 14.59177050181320
1 13498U 81041C   22128.93624152  .00001342  00000-0  29079-3 0    10\
2 13498  74.0181 307.5227 0009575  53.4738  66.4020 14.59177988181377
1 13498U 81041C   22129.54231729  .00001239  00000-0  26890-3 0    15\
2 13498  74.0181 306.3664 0009592  52.0510  10.2591 14.59179052181465
1 13498U 81041C   22129.82726762  .00001247  00000-0  27057-3 0  3537\
2 13498  74.0181 305.8228 0009595  51.3630  67.1904 14.59179845185466
1 13498U 81041C   22129.89717545  .00001244  00000-0  26993-3 0    18\
2 13498  74.0181 305.6894 0009598  51.2162  74.4159 14.59180029181516
1 13498U 81041C   22130.57053743  .00001196  00000-0  25985-3 0    14\
2 13498  74.0181 304.4047 0009598  49.6776  11.7087 14.59181589181612
1 13498U 81041C   22130.85559053  .00001226  00000-0  26612-3 0    12\
2 13498  74.0181 303.8609 0009608  48.9820  69.1914 14.59182576181650
1 13498U 81041C   22131.45446333  .00001158  00000-0  25171-3 0    18\
2 13498  74.0181 302.7183 0009622  47.5804 335.2170 14.59183786181743
1 13498U 81041C   22131.80479257  .00001183  00000-0  25712-3 0    17\
2 13498  74.0181 302.0500 0009622  46.7541  15.5914 14.59184868181799
1 13498U 81041C   22132.15926189  .00001321  00000-0  28628-3 0  3541\
2 13498  74.0181 301.3737 0009622  45.8868  77.7467 14.59186554185808
1 13498U 81041C   22132.55894969  .00001331  00000-0  28844-3 0    15\
2 13498  74.0181 300.6112 0009633  44.9587  17.4035 14.59187737181900
1 13498U 81041C   22132.91881193  .00001368  00000-0  29619-3 0    11\
2 13498  74.0181 299.9246 0009649  44.0591 107.9129 14.59188961181955
1 13498U 81041C   22133.51766223  .00001434  00000-0  31009-3 0    14\
2 13498  74.0181 298.7821 0009664  42.6631  13.8282 14.59190956182040
1 13498U 81041C   22133.87310153  .00001474  00000-0  31857-3 0    15\
2 13498  74.0181 298.1040 0009675  41.7907  81.0900 14.59192232182093
1 13498U 81041C   22134.22548293  .00001602  00000-0  34570-3 0  3553\
2 13498  74.0181 297.4318 0009685  40.9506 132.2635 14.59193964186103
1 13498U 81041C   22134.47976619  .00001641  00000-0  35398-3 0    17\
2 13498  74.0181 296.9467 0009687  40.3781  28.0627 14.59194941182186
1 13498U 81041C   22134.90715535  .00001751  00000-0  37721-3 0    17\
2 13498  74.0181 296.1312 0009702  39.3290 113.3125 14.59196986182247
1 13498U 81041C   22135.57777319  .00001955  00000-0  42046-3 0    11\
2 13498  74.0181 294.8518 0009708  37.7772  36.2517 14.59200414182344
1 13498U 81041C   22135.70325221  .00001966  00000-0  42275-3 0    13\
2 13498  74.0181 294.6124 0009717  37.4750 335.4396 14.59200895182362
1 13498U 81041C   22136.46835063  .00001858  00000-0  39982-3 0  3561\
2 13498  74.0181 293.1528 0009741  35.6670  34.7529 14.59202850186434
1 13498U 81041C   22136.46835063  .00001858  00000-0  39982-3 0    18\
2 13498  74.0181 293.1528 0009741  35.6670  34.7529 14.59202850182474
1 13498U 81041C   22136.89525514  .00002232  00000-0  47917-3 0    16\
2 13498  74.0181 292.3384 0009756  34.6047 117.4812 14.59206347182534
1 13498U 81041C   22137.49420826  .00002242  00000-0  48122-3 0    13\
2 13498  74.0181 291.1956 0009781  33.2220  23.9648 14.59209099182627
1 13498U 81041C   22137.85473226  .00002300  00000-0  49348-3 0    11\
2 13498  74.0181 290.5077 0009785  32.4044 117.8922 14.59210817182676
1 13498U 81041C   22138.45464016  .00002793  00000-0  59773-3 0    14\
2 13498  74.0192 289.3629 0009789  30.8367  29.5777 14.59214557182763
1 13498U 81041C   22139.48371755  .00003048  00000-0  65163-3 0    19\
2 13498  74.0194 287.3997 0009794  28.3360  35.7873 14.59220509182919
1 13498U 81041C   22139.67960463  .00003297  00000-0  70423-3 0  3575\
2 13498  74.0194 287.0259 0009846  27.8515 344.8828 14.59222342186893
1 13498U 81041C   22139.67960463  .00003297  00000-0  70423-3 0    11\
2 13498  74.0194 287.0259 0009846  27.8515 344.8828 14.59222342182945
1 13498U 81041C   22140.51254994  .00002884  00000-0  61692-3 0    10\
2 13498  74.0195 285.4369 0009792  25.6625  40.9033 14.59225377183065
1 13498U 81041C   22141.15016705  .00002917  00000-0  62386-3 0    15\
2 13498  74.0195 284.2205 0009811  24.0987 150.6341 14.59229075183157
1 13498U 81041C   22141.54337731  .00003005  00000-0  64232-3 0    14\
2 13498  74.0201 283.4708 0009818  22.9979  56.5109 14.59231719183210
1 13498U 81041C   22141.83109209  .00003103  00000-0  66305-3 0  3580\
2 13498  74.0198 282.9214 0009886  22.4337 127.8890 14.59233705187219
1 13498U 81041C   22141.83109209  .00003103  00000-0  66305-3 0    15\
2 13498  74.0198 282.9214 0009886  22.4337 127.8890 14.59233705183259
1 13498U 81041C   22142.50150333  .00002937  00000-0  62786-3 0    17\
2 13498  74.0197 281.6424 0009881  20.7477  49.9638 14.59237024183351
1 13498U 81041C   22142.85438678  .00002880  00000-0  61580-3 0    14\
2 13498  74.0191 280.9688 0009929  20.0409 103.6974 14.59238897183406
1 13498U 81041C   22143.45964817  .00002582  00000-0  55265-3 0    12\
2 13498  74.0191 279.8142 0009936  18.6099  43.4223 14.59241547183497
1 13498U 81041C   22143.81352486  .00002496  00000-0  53458-3 0    11\
2 13498  74.0191 279.1389 0010000  17.9925 102.2876 14.59243169183543
1 13498U 81041C   22144.08699369  .00002415  00000-0  51730-3 0  3593\
2 13498  74.0190 278.6170 0009993  17.2892  99.0095 14.59244401187549
1 13498U 81041C   22144.61576703  .00002267  00000-0  48603-3 0    12\
2 13498  74.0190 277.6082 0009999  16.0529 356.9031 14.59246662183665
1 13498U 81041C   22144.77333858  .00002243  00000-0  48094-3 0    19\
2 13498  74.0189 277.3076 0010009  15.6971 104.6886 14.59247408183680
1 13498U 81041C   22145.44790816  .00002047  00000-0  43939-3 0    10\
2 13498  74.0190 276.0205 0010046  14.2490  48.3972 14.59250152183785
1 13498U 81041C   22145.80134510  .00002181  00000-0  46770-3 0    18\
2 13498  74.0191 275.3464 0010099  13.3048 105.2923 14.59252285183836
1 13498U 81041C   22146.47749588  .00001822  00000-0  39176-3 0  3600\
2 13498  74.0192 274.0565 0010136  11.8253  57.3448 14.59254101187896
1 13498U 81041C   22147.63226620  .00001590  00000-0  34263-3 0    12\
2 13498  74.0196 271.8535 0010149   9.2253   3.8344 14.59257584184107
1 13498U 81041C   22147.79575512  .00001580  00000-0  34060-3 0    10\
2 13498  74.0196 271.5416 0010158   8.8627 142.7055 14.59258145184120
1 13498U 81041C   22148.39465609  .00001649  00000-0  35514-3 0    13\
2 13498  74.0198 270.3990 0010179   7.5197  48.9867 14.59260715184211
1 13498U 81041C   22148.75679281  .00001631  00000-0  35145-3 0  3616\
2 13498  74.0199 269.7081 0010197   6.6846 151.4689 14.59261870188226
1 13498U 81041C   22148.75679281  .00001631  00000-0  35145-3 0    17\
2 13498  74.0199 269.7081 0010197   6.6846 151.4689 14.59261870184266
1 13498U 81041C   22149.42420296  .00001353  00000-0  29259-3 0    12\
2 13498  74.0191 268.4352 0010213   5.2864  57.5620 14.59262134184365
1 13498U 81041C   22149.77822299  .00001350  00000-0  29183-3 0    12\
2 13498  74.0191 267.7598 0010231   4.4636 117.4129 14.59263318184418
1 13498U 81041C   22150.58016862  .00001154  00000-0  25048-3 0    12\
2 13498  74.0192 266.2298 0010263   2.6446  10.4076 14.59264816184534
1 13498U 81041C   22151.09082650  .00001077  00000-0  23424-3 0  3627\
2 13498  74.0192 265.2556 0010289   1.5121 173.1087 14.59265917188565
1 13498U 81041C   22151.09082650  .00001077  00000-0  23424-3 0    17\
2 13498  74.0192 265.2556 0010289   1.5121 173.1087 14.59265917184606
1 13498U 81041C   22151.60846830  .00001079  00000-0  23459-3 0    12\
2 13498  74.0193 264.2680 0010307   0.3219  12.5443 14.59267416184686
1 13498U 81041C   22152.56826719  .00000999  00000-0  21762-3 0    17\
2 13498  74.0194 262.4370 0010347 358.1229  14.8534 14.59269568184824
1 13498U 81041C   22153.40103227  .00000873  00000-0  19105-3 0  3633\
2 13498  74.0194 260.8483 0010385 356.2844  69.7238 14.59270882188909
1 13498U 81041C   22153.40103227  .00000873  00000-0  19105-3 0    12\
2 13498  74.0194 260.8483 0010385 356.2844  69.7238 14.59270882184949
1 13498U 81041C   22153.67560453  .00000873  00000-0  19107-3 0    11\
2 13498  74.0194 260.3244 0010399 355.6763  72.1726 14.59271512184982
1 13498U 81041C   22154.55634949  .00000826  00000-0  18105-3 0    16\
2 13498  74.0194 258.6442 0010434 353.6954  19.1454 14.59273150185117
1 13498U 81041C   22155.38906008  .00000792  00000-0  17375-3 0    16\
2 13498  74.0194 257.0556 0010471 351.8779  73.7198 14.59274647185238
1 13498U 81041C   22155.74862973  .00000801  00000-0  17575-3 0  3643\
2 13498  74.0194 256.3696 0010491 351.0583 162.7241 14.59275330189245
1 13498U 81041C   22155.74862973  .00000801  00000-0  17575-3 0    11\
2 13498  74.0194 256.3696 0010491 351.0583 162.7241 14.59275330185285
1 13498U 81041C   22156.62298703  .00000780  00000-0  17141-3 0    18\
2 13498  74.0194 254.7015 0010529 349.0948  76.1466 14.59276770185417
1 13498U 81041C   22157.37756340  .00000714  00000-0  15725-3 0    10\
2 13498  74.0194 253.2619 0010561 347.4466  80.2587 14.59277700185520
1 13498U 81041C   22158.01495468  .00000735  00000-0  16180-3 0  3655\
2 13498  74.0193 252.0460 0010596 346.0351 188.7700 14.59278892189579
1 13498U 81041C   22158.61106747  .00000718  00000-0  15826-3 0    14\
2 13498  74.0193 250.9088 0010619 344.7215  80.4211 14.59279749185700
1 13498U 81041C   22159.36557553  .00000734  00000-0  16154-3 0    15\
2 13498  74.0193 249.4693 0010649 343.0915  84.1666 14.59281162185816
1 13498U 81041C   22160.59925094  .00000768  00000-0  16871-3 0    14\
2 13498  74.0192 247.1158 0010706 340.4198  85.1900 14.59283335185999
1 13498U 81041C   22160.59925094  .00000768  00000-0  16871-3 0  3668\
2 13498  74.0192 247.1158 0010706 340.4198  85.1900 14.59283335189959
1 13498U 81041C   22161.43337733  .00000799  00000-0  17532-3 0    14\
2 13498  74.0192 245.5245 0010739 338.6469 147.1842 14.59284929186113
1 13498U 81041C   22162.66696248  .00000856  00000-0  18737-3 0  3676\
2 13498  74.0191 243.1711 0010797 336.0263 147.7000 14.59287394190253
1 13498U 81041C   22162.66696248  .00000856  00000-0  18737-3 0    11\
2 13498  74.0191 243.1711 0010797 336.0263 147.7000 14.59287394186292
1 13498U 81041C   22163.34206531  .00000821  00000-0  17994-3 0    15\
2 13498  74.0190 241.8831 0010825 334.5924  94.2876 14.59288354186393
1 13498U 81041C   22163.62581417  .00000870  00000-0  19025-3 0    16\
2 13498  74.0190 241.3417 0010840 334.0013 144.9249 14.59289121186434
1 13498U 81041C   22164.49692213  .00001034  00000-0  22490-3 0    12\
2 13498  74.0190 239.6799 0010879 332.1159  41.2528 14.59291766186560
1 13498U 81041C   22164.93896777  .00001031  00000-0  22432-3 0    15\
2 13498  74.0189 238.8366 0010903 331.1969 203.4835 14.59292597186628
1 13498U 81041C   22165.33169260  .00001311  00000-0  28348-3 0    13\
2 13498  74.0189 238.0873 0010912 330.3557 106.6396 14.59294844186686
1 13498U 81041C   22166.56371910  .00001314  00000-0  28416-3 0    15\
2 13498  74.0189 235.7368 0010970 327.7639  98.9826 14.59297656186869
1 13498U 81041C   22166.92714355  .00001414  00000-0  30513-3 0    11\
2 13498  74.0189 235.0435 0010988 327.0088 208.1954 14.59299122186910
1 13498U 81041C   22170.27439774  .00001208  00000-0  26160-3 0    17\
2 13498  74.0186 228.6575 0011136 319.9876 152.7574 14.59306328187405
1 13498U 81041C   22170.90320069  .00001087  00000-0  23598-3 0    10\
2 13498  74.0185 227.4578 0011172 318.6776 216.1303 14.59307196187497
1 13498U 81041C   22171.42079240  .00001078  00000-0  23420-3 0    14\
2 13498  74.0185 226.4703 0011191 317.6291  55.2353 14.59308372187571
1 13498U 81041C   22171.93096247  .00001079  00000-0  23443-3 0    12\
2 13498  74.0184 225.4970 0011218 316.5831 215.3685 14.59309721187647
1 13498U 81041C   22172.52813722  .00001075  00000-0  23359-3 0    15\
2 13498  74.0183 224.3577 0011242 315.3278 112.6052 14.59311133187733
1 13498U 81041C   22172.60728510  .00001073  00000-0  23302-3 0    10\
2 13498  74.0183 224.2067 0011245 315.1657 168.4018 14.59311312187749
1 13498U 81041C   22173.13809547  .00001083  00000-0  23522-3 0  3703\
2 13498  74.0182 223.1939 0011260 314.0773  76.9715 14.59312678191780
1 13498U 81041C   22173.40883772  .00001068  00000-0  23210-3 0    13\
2 13498  74.0182 222.6774 0011277 313.5187  59.2980 14.59313202187868
1 13498U 81041C   22173.91942417  .00001029  00000-0  22375-3 0    19\
2 13498  74.0181 221.7032 0011301 312.4809 221.6168 14.59314201187932
1 13498U 81041C   22174.52572916  .00000977  00000-0  21279-3 0    13\
2 13498  74.0181 220.5465 0011328 311.2262 166.8077 14.59315232188023
1 13498U 81041C   22174.87934203  .00000907  00000-0  19790-3 0    10\
2 13498  74.0181 219.8718 0011343 310.5156 224.4743 14.59315637188071
1 13498U 81041C   22175.39695787  .00000930  00000-0  20287-3 0  3718\
2 13498  74.0180 218.8842 0011361 309.4665  63.7232 14.59316853192106
1 13498U 81041C   22175.55410463  .00000867  00000-0  18950-3 0    15\
2 13498  74.0180 218.5844 0011366 309.1660 169.2608 14.59316774188175
1 13498U 81041C   22175.88458291  .00000840  00000-0  18394-3 0    15\
2 13498  74.0180 217.9538 0011377 308.5080 105.3885 14.59317327188228
1 13498U 81041C   22176.51396403  .00000825  00000-0  18062-3 0    17\
2 13498  74.0179 216.7530 0011400 307.2309 171.7922 14.59318519188315
1 13498U 81041C   22176.86732911  .00000834  00000-0  18257-3 0    19\
2 13498  74.0179 216.0787 0011412 306.5328 228.1501 14.59319292188362
1 13498U 81041C   22177.54354000  .00000818  00000-0  17926-3 0  3729\
2 13498  74.0179 214.7885 0011433 305.1414 180.5950 14.59320579192421
1 13498U 81041C   22177.54354000  .00000818  00000-0  17926-3 0    18\
2 13498  74.0179 214.7885 0011433 305.1414 180.5950 14.59320579188460
1 13498U 81041C   22177.87315000  .00000833  00000-0  18239-3 0    16\
2 13498  74.0179 214.1597 0011447 304.4875 112.1641 14.59321354188518
1 13498U 81041C   22178.57141177  .00000775  00000-0  17010-3 0    17\
2 13498  74.0178 212.8274 0011469 303.0958 180.4108 14.59322358188617
1 13498U 81041C   22178.85485080  .00000715  00000-0  15733-3 0    16\
2 13498  74.0178 212.2866 0011477 302.5440 229.4156 14.59322516188654
1 13498U 81041C   22179.53641203  .00000696  00000-0  15332-3 0    16\
2 13498  74.0178 210.9862 0011499 301.1699 209.9473 14.59323638188752
1 13498U 81041C   22179.86182278  .00000659  00000-0  14549-3 0    12\
2 13498  74.0177 210.3652 0011502 300.5592 119.4241 14.59324009188809
1 13498U 81041C   22180.49782802  .00000627  00000-0  13874-3 0    17\
2 13498  74.0177 209.1518 0011514 299.2624 220.6483 14.59324898188897
1 13498U 81041C   22181.52458340  .00000529  00000-0  11819-3 0    17\
2 13498  74.0176 207.1927 0011542 297.2686 214.5643 14.59325989189045
1 13498U 81041C   22181.80320878  .00000505  00000-0  11306-3 0    17\
2 13498  74.0176 206.6612 0011545 296.7405 238.2716 14.59326283189082
1 13498U 81041C   22182.48487200  .00000494  00000-0  11071-3 0    11\
2 13498  74.0176 205.3605 0011562 295.3347 219.3796 14.59327201189189
1 13498U 81041C   22182.87885872  .00000484  00000-0  10863-3 0    18\
2 13498  74.0176 204.6088 0011575 294.5788 129.1274 14.59327690189248
1 13498U 81041C   22183.50771806  .00000554  00000-0  12339-3 0    18\
2 13498  74.0175 203.4089 0011590 293.3267 192.7906 14.59328985189337
1 13498U 81041C   22183.83779672  .00000548  00000-0  12215-3 0    19\
2 13498  74.0176 202.7791 0011593 292.6724 126.8302 14.59329401189380
1 13498U 81041C   22184.47230807  .00000581  00000-0  12918-3 0    19\
2 13498  74.0175 201.5685 0011605 291.4281 220.1684 14.59330395189472
1 13498U 81041C   22184.86593792  .00000598  00000-0  13266-3 0    12\
2 13498  74.0175 200.8174 0011612 290.6673 128.0510 14.59330991189534
1 13498U 81041C   22185.14182753  .00000592  00000-0  13150-3 0  3755\
2 13498  74.0175 200.2910 0011615 290.1101 137.4250 14.59331315193531
1 13498U 81041C   22185.50239892  .00000692  00000-0  15257-3 0    19\
2 13498  74.0174 199.6030 0011626 289.3966 231.6579 14.59332340189620
1 13498U 81041C   22185.77927622  .00000692  00000-0  15244-3 0    19\
2 13498  74.0174 199.0747 0011634 288.8521 246.2069 14.59332701189660
1 13498U 81041C   22186.45998083  .00000719  00000-0  15818-3 0    11\
2 13498  74.0174 197.7759 0011641 287.5310 222.2084 14.59333670189766
1 13498U 81041C   22186.85510209  .00000738  00000-0  16226-3 0    10\
2 13498  74.0174 197.0220 0011647 286.7564 137.9413 14.59334340189820
1 13498U 81041C   22187.48898775  .00000775  00000-0  17005-3 0  3769\
2 13498  74.0174 195.8125 0011662 285.5219 227.9934 14.59335392193877
1 13498U 81041C   22187.48898775  .00000775  00000-0  17005-3 0    14\
2 13498  74.0174 195.8125 0011662 285.5219 227.9934 14.59335392189917
1 13498U 81041C   22187.76721361  .00000780  00000-0  17117-3 0    11\
2 13498  74.0174 195.2816 0011666 284.9839 249.6211 14.59335833189956
1 13498U 81041C   22188.44168164  .00000754  00000-0  16552-3 0    16\
2 13498  74.0174 193.9947 0011673 283.6522 192.8892 14.59336583190059
1 13498U 81041C   22188.79556855  .00000959  00000-0  20887-3 0    15\
2 13498  74.0174 193.3194 0011676 282.9584 252.0080 14.59338399190101
1 13498U 81041C   22189.47133730  .00000878  00000-0  19182-3 0    10\
2 13498  74.0174 192.0300 0011684 281.6256 202.1148 14.59339091190209
1 13498U 81041C   22189.75532936  .00000897  00000-0  19586-3 0    11\
2 13498  74.0174 191.4881 0011687 281.0884 254.0280 14.59339772190243
1 13498U 81041C   22190.42981715  .00000929  00000-0  20253-3 0    19\
2 13498  74.0174 190.2011 0011685 279.7394 197.4297 14.59341157190342
1 13498U 81041C   22191.45893109  .00001079  00000-0  23414-3 0    11\
2 13498  74.0175 188.2375 0011690 277.7094 203.8298 14.59344057190495
1 13498U 81041C   22191.74279797  .00001096  00000-0  23773-3 0    11\
2 13498  74.0175 187.6959 0011691 277.1604 255.1011 14.59344752190538
1 13498U 81041C   22192.06461166  .00001094  00000-0  23724-3 0  3781\
2 13498  74.0175 187.0818 0011693 276.5144 145.7473 14.59345439194544
1 13498U 81041C   22192.42417065  .00001144  00000-0  24780-3 0    12\
2 13498  74.0176 186.3958 0011698 275.8304 234.6501 14.59346380190639
1 13498U 81041C   22192.74852826  .00001206  00000-0  26099-3 0    19\
2 13498  74.0176 185.7769 0011670 275.1368 138.7069 14.59347551190684
1 13498U 81041C   22193.22065947  .00001344  00000-0  29017-3 0    19\
2 13498  74.0176 184.8760 0011679 274.1967  99.0440 14.59349476190756
1 13498U 81041C   22193.77866074  .00001475  00000-0  31768-3 0    10\
2 13498  74.0177 183.8113 0011687 273.1167 150.4719 14.59351719190831
1 13498U 81041C   22194.41223205  .00001362  00000-0  29385-3 0  3790\
2 13498  74.0177 182.6025 0011667 271.8576 238.9347 14.59352640194889
1 13498U 81041C   22194.41223205  .00001362  00000-0  29385-3 0    12\
2 13498  74.0177 182.6025 0011667 271.8576 238.9347 14.59352640190920
1 13498U 81041C   22194.73671588  .00001337  00000-0  28854-3 0    10\
2 13498  74.0177 181.9833 0011661 271.2255 143.5975 14.59353331190972
1 13498U 81041C   22195.20835751  .00001249  00000-0  26991-3 0    19\
2 13498  74.0178 181.0832 0011653 270.2957 101.3592 14.59353954191049
1 13498U 81041C   22195.76651410  .00001268  00000-0  27396-3 0    19\
2 13498  74.0178 180.0184 0011668 269.2352 153.5917 14.59355546191129
1 13498U 81041C   22196.40028793  .00001292  00000-0  27905-3 0    16\
2 13498  74.0179 178.8092 0011671 267.9990 243.1087 14.59357333191210
1 13498U 81041C   22196.72498384  .00001263  00000-0  27286-3 0  3808\
2 13498  74.0179 178.1896 0011671 267.3790 148.8795 14.59358027195220
1 13498U 81041C   22196.72498384  .00001263  00000-0  27286-3 0    18\
2 13498  74.0179 178.1896 0011671 267.3790 148.8795 14.59358027191260
1 13498U 81041C   22197.43143241  .00001340  00000-0  28928-3 0    16\
2 13498  74.0179 176.8416 0011657 265.9906 260.2104 14.59360415191368
1 13498U 81041C   22197.75356087  .00001349  00000-0  29103-3 0    10\
2 13498  74.0180 176.2270 0011650 265.3564 152.5165 14.59361365191410
1 13498U 81041C   22198.38840016  .00001352  00000-0  29166-3 0    13\
2 13498  74.0180 175.0157 0011633 264.0981 247.6638 14.59363130191504
1 13498U 81041C   22198.71368167  .00001361  00000-0  29353-3 0    10\
2 13498  74.0180 174.3950 0011621 263.4581 156.5382 14.59364177191554
1 13498U 81041C   22199.18419050  .00001339  00000-0  28891-3 0  3812\
2 13498  74.0181 173.4972 0011621 262.5309 108.3695 14.59365373195574
1 13498U 81041C   22199.61700494  .00001389  00000-0  29951-3 0    17\
2 13498  74.0181 172.6713 0011614 261.6819 222.1710 14.59366896191688
1 13498U 81041C   22199.74180181  .00001388  00000-0  29936-3 0    18\
2 13498  74.0181 172.4332 0011610 261.4326 157.7992 14.59367246191708
1 13498U 81041C   22200.37788194  .00001464  00000-0  31536-3 0    12\
2 13498  74.0181 171.2195 0011604 260.1921 259.4609 14.59369585191794
1 13498U 81041C   22200.90025399  .00001541  00000-0  33158-3 0    10\
2 13498  74.0182 170.2228 0011590 259.1418 123.7905 14.59371679191872
1 13498U 81041C   22201.60482816  .00001529  00000-0  32898-3 0    15\
2 13498  74.0183 168.8784 0011580 257.7716 225.2906 14.59373676191976
1 13498U 81041C   22201.86015856  .00001521  00000-0  32728-3 0  3825\
2 13498  74.0183 168.3912 0011575 257.2590 126.6950 14.59374491195965
1 13498U 81041C   22201.93608892  .00001517  00000-0  32650-3 0    18\
2 13498  74.0183 168.2463 0011573 257.1021 165.6073 14.59374726192025
1 13498U 81041C   22202.36453411  .00001467  00000-0  31595-3 0    12\
2 13498  74.0184 167.4288 0011566 256.2613 256.4675 14.59375688192082
1 13498U 81041C   22203.16055711  .00001569  00000-0  33736-3 0    14\
2 13498  74.0185 165.9099 0011550 254.6665 118.4599 14.59378811192205
1 13498U 81041C   22203.32382584  .00001563  00000-0  33618-3 0    16\
2 13498  74.0185 165.5984 0011547 254.3578 256.1923 14.59379319192227
1 13498U 81041C   22204.35263737  .00001315  00000-0  28383-3 0    16\
2 13498  74.0186 163.6353 0011518 252.3169 261.1512 14.59381038192376
1 13498U 81041C   22204.87767575  .00001173  00000-0  25388-3 0    16\
2 13498  74.0187 162.6335 0011502 251.2791 139.4912 14.59381868192459
1 13498U 81041C   22205.31175951  .00001156  00000-0  25018-3 0    18\
2 13498  74.0187 161.8053 0011496 250.4197 259.9954 14.59383018192510
1 13498U 81041C   22205.70682477  .00001090  00000-0  23624-3 0    15\
2 13498  74.0188 161.0515 0011483 249.6514 175.4989 14.59383760192575
1 13498U 81041C   22206.34163557  .00001040  00000-0  22582-3 0  3840\
2 13498  74.0188 159.8402 0011471 248.3801 270.5621 14.59385193196629
1 13498U 81041C   22206.34163557  .00001040  00000-0  22582-3 0    16\
2 13498  74.0188 159.8402 0011471 248.3801 270.5621 14.59385193192669
1 13498U 81041C   22206.86566113  .00000906  00000-0  19758-3 0    19\
2 13498  74.0189 158.8403 0011447 247.3031 143.6288 14.59385746192749
1 13498U 81041C   22207.29970721  .00000925  00000-0  20159-3 0    19\
2 13498  74.0189 158.0121 0011437 246.4388 263.9469 14.59386930192802
1 13498U 81041C   22207.89996542  .00000808  00000-0  17687-3 0    16\
2 13498  74.0190 156.8668 0011409 245.1956 177.5294 14.59387598192898
1 13498U 81041C   22208.32332966  .00000792  00000-0  17352-3 0    10\
2 13498  74.0191 156.0591 0011404 244.3735 241.7095 14.59388376192952
1 13498U 81041C   22208.65272931  .00000752  00000-0  16503-3 0  3859\
2 13498  74.0191 155.4306 0011393 243.7198 172.2533 14.59388828196964
1 13498U 81041C   22208.86101694  .00000734  00000-0  16122-3 0    11\
2 13498  74.0191 155.0332 0011383 243.2697 186.5562 14.59389134193033
1 13498U 81041C   22209.28766690  .00000737  00000-0  16190-3 0    19\
2 13498  74.0192 154.2191 0011377 242.4398 268.0013 14.59389913193098
1 13498U 81041C   22209.81261653  .00000696  00000-0  15321-3 0    16\
2 13498  74.0192 153.2174 0011356 241.3759 145.9175 14.59390661193177
1 13498U 81041C   22210.31848303  .00000665  00000-0  14669-3 0    16\
2 13498  74.0192 152.2522 0011342 240.3753 283.5531 14.59391314193240
1 13498U 81041C   22210.84162142  .00000638  00000-0  14095-3 0    17\
2 13498  74.0192 151.2540 0011326 239.3140 151.9569 14.59392008193328
1 13498U 81041C   22211.11196747  .00000631  00000-0  13937-3 0  3870\
2 13498  74.0193 150.7382 0011319 238.7744 132.2611 14.59392351197316
1 13498U 81041C   22211.27567088  .00000622  00000-0  13763-3 0    17\
2 13498  74.0193 150.4258 0011310 238.4439 272.3055 14.59392532193386
1 13498U 81041C   22211.80098775  .00000581  00000-0  12890-3 0    12\
2 13498  74.0193 149.4235 0011291 237.3964 152.1383 14.59393092193468
1 13498U 81041C   22212.58217612  .00000548  00000-0  12189-3 0    15\
2 13498  74.0193 147.9329 0011259 235.8301 296.2414 14.59393957193574
1 13498U 81041C   22212.82955046  .00000551  00000-0  12265-3 0    11\
2 13498  74.0193 147.4609 0011247 235.3062 155.8927 14.59394346193613
1 13498U 81041C   22213.26557119  .00000543  00000-0  12082-3 0  3885\
2 13498  74.0194 146.6290 0011234 234.4348 286.5984 14.59394811197632
1 13498U 81041C   22213.26557119  .00000543  00000-0  12082-3 0    17\
2 13498  74.0194 146.6290 0011234 234.4348 286.5984 14.59394811193672
1 13498U 81041C   22213.78876372  .00000544  00000-0  12115-3 0    17\
2 13498  74.0194 145.6306 0011210 233.3750 155.2915 14.59395519193759
1 13498U 81041C   22214.57072057  .00000572  00000-0  12705-3 0    19\
2 13498  74.0194 144.1385 0011178 231.7881 303.4583 14.59396656193863
1 13498U 81041C   22214.81743760  .00000557  00000-0  12378-3 0    11\
2 13498  74.0194 143.6678 0011168 231.2670 159.6565 14.59396893193901
1 13498U 81041C   22215.25167576  .00000575  00000-0  12770-3 0    11\
2 13498  74.0194 142.8392 0011153 230.3965 281.0045 14.59397527193960
1 13498U 81041C   22215.77679831  .00000561  00000-0  12477-3 0    19\
2 13498  74.0195 141.8372 0011128 229.2923 159.8819 14.59398093194041
1 13498U 81041C   22216.28311927  .00000558  00000-0  12395-3 0    10\
2 13498  74.0195 140.8711 0011109 228.2729 299.9361 14.59398673194119
1 13498U 81041C   22216.80522566  .00000585  00000-0  12963-3 0    12\
2 13498  74.0195 139.8749 0011089 227.2013 162.9443 14.59399496194192
1 13498U 81041C   22217.23947019  .00000634  00000-0  14001-3 0    14\
2 13498  74.0195 139.0463 0011068 226.2713 284.3891 14.59400297194255
1 13498U 81041C   22217.76484154  .00000625  00000-0  13822-3 0    18\
2 13498  74.0195 138.0439 0011042 225.1522 164.5937 14.59400955194335
1 13498U 81041C   22218.19934380  .00000648  00000-0  14305-3 0  3900\
2 13498  74.0195 137.2148 0011029 224.2844 287.3312 14.59401581198358
1 13498U 81041C   22218.52343079  .00000678  00000-0  14942-3 0    15\
2 13498  74.0195 136.5964 0011013 223.6114 190.0084 14.59402160194448
1 13498U 81041C   22219.22810258  .00000724  00000-0  15896-3 0    12\
2 13498  74.0195 135.2519 0010985 222.1410 292.1981 14.59403306194544
1 13498U 81041C   22219.82644771  .00000887  00000-0  19329-3 0    18\
2 13498  74.0195 134.1102 0010964 220.8660 195.8033 14.59405211194633
1 13498U 81041C   22220.18722661  .00001008  00000-0  21883-3 0    18\
2 13498  74.0194 133.4218 0010950 220.1286 291.2449 14.59406455194682
1 13498U 81041C   22220.78038321  .00000998  00000-0  21686-3 0  3917\
2 13498  74.0194 132.2899 0010928 218.8648 167.5928 14.59407419198733
1 13498U 81041C   22220.78038321  .00000998  00000-0  21686-3 0    15\
2 13498  74.0194 132.2899 0010928 218.8648 167.5928 14.59407419194773
1 13498U 81041C   22221.54104670  .00000964  00000-0  20961-3 0    19\
2 13498  74.0193 130.8384 0010894 217.2680 203.9733 14.59408509194888
1 13498U 81041C   22222.44326683  .00000933  00000-0  20298-3 0    18\
2 13498  74.0192 129.1169 0010859 215.4637 263.9811 14.59409948195019
1 13498U 81041C   22222.57058991  .00000948  00000-0  20615-3 0    15\
2 13498  74.0192 128.8739 0010852 215.1972 212.9129 14.59410271195039
1 13498U 81041C   22223.20362684  .00000905  00000-0  19725-3 0  3929\
2 13498  74.0192 127.6659 0010829 213.8950 298.7501 14.59411288199086
1 13498U 81041C   22223.20362684  .00000905  00000-0  19725-3 0    16\
2 13498  74.0192 127.6659 0010829 213.8950 298.7501 14.59411288195127
1 13498U 81041C   22224.16290941  .00000998  00000-0  21669-3 0    10\
2 13498  74.0191 125.8354 0010792 211.8558 298.6836 14.59413814195261
1 13498U 81041C   22224.76529229  .00000929  00000-0  20229-3 0    15\
2 13498  74.0190 124.6859 0010766 210.5501 223.5449 14.59414718195353
1 13498U 81041C   22225.51561958  .00000938  00000-0  20419-3 0    15\
2 13498  74.0190 123.2541 0010735 208.9804 205.6396 14.59416361195469
1 13498U 81041C   22226.47527521  .00000901  00000-0  19638-3 0    10\
2 13498  74.0190 121.4229 0010693 206.9205 207.5689 14.59418217195602
1 13498U 81041C   22226.82089969  .00000869  00000-0  18965-3 0    13\
2 13498  74.0189 120.7633 0010682 206.1688 223.4546 14.59418774195658
1 13498U 81041C   22227.50498869  .00000913  00000-0  19890-3 0    10\
2 13498  74.0189 119.4579 0010652 204.7315 217.5602 14.59420378195751
1 13498U 81041C   22227.70473319  .00000905  00000-0  19711-3 0  3943\
2 13498  74.0189 119.0768 0010645 204.2935 187.0083 14.59420757199740
1 13498U 81041C   22227.85882062  .00000922  00000-0  20075-3 0    17\
2 13498  74.0189 118.7828 0010641 203.9653 276.5667 14.59421149195803
1 13498U 81041C   22228.46313299  .00000990  00000-0  21505-3 0    10\
2 13498  74.0189 117.6295 0010611 202.6702 211.5662 14.59422665195894
1 13498U 81041C   22228.81671878  .00000967  00000-0  21028-3 0    13\
2 13498  74.0188 116.9548 0010600 201.8977 269.2892 14.59423292195947
1 13498U 81041C   22229.16252122  .00001021  00000-0  22152-3 0    10\
2 13498  74.0188 116.2949 0010581 201.1741 286.0855 14.59424150195990
1 13498U 81041C   22230.12670505  .00001177  00000-0  25449-3 0  3957\
2 13498  74.0188 114.4550 0010543 199.0846 311.8537 14.59427125200094
1 13498U 81041C   22230.52312611  .00001065  00000-0  23092-3 0    14\
2 13498  74.0187 113.6985 0010525 198.2056 234.6471 14.59427253196196
1 13498U 81041C   22230.87591854  .00001120  00000-0  24234-3 0    11\
2 13498  74.0187 113.0253 0010518 197.4572 288.1867 14.59428399196245
1 13498U 81041C   22231.47990152  .00000979  00000-0  21274-3 0    14\
2 13498  74.0186 111.8726 0010484 196.1455 221.4846 14.59428702196338
1 13498U 81041C   22231.83442090  .00000957  00000-0  20814-3 0    12\
2 13498  74.0186 111.1961 0010473 195.3872 284.1042 14.59429333196384
1 13498U 81041C   22232.43980145  .00000881  00000-0  19213-3 0  3961\
2 13498  74.0185 110.0407 0010441 194.0629 224.7609 14.59430133200438
1 13498U 81041C   22232.43980145  .00000881  00000-0  19213-3 0    14\
2 13498  74.0185 110.0407 0010441 194.0629 224.7609 14.59430133196476
1 13498U 81041C   22232.78477965  .00000858  00000-0  18728-3 0    17\
2 13498  74.0185 109.3824 0010432 193.3014 237.2772 14.59430709196525
1 13498U 81041C   22233.46928647  .00000842  00000-0  18380-3 0    18\
2 13498  74.0184 108.0760 0010398 191.7915 233.6778 14.59431883196623
1 13498U 81041C   22233.74287311  .00000827  00000-0  18071-3 0    15\
2 13498  74.0183 107.5539 0010389 191.1952 231.0968 14.59432355196667
1 13498U 81041C   22234.10262728  .00000822  00000-0  17949-3 0    19\
2 13498  74.0183 106.8673 0010372 190.4167 321.2340 14.59433046196710
1 13498U 81041C   22234.89881840  .00000658  00000-0  14507-3 0    11\
2 13498  74.0182 105.3478 0010339 188.6753 184.4147 14.59433526196839
1 13498U 81041C   22235.06228156  .00000649  00000-0  14307-3 0  3972\
2 13498  74.0181 105.0359 0010333 188.3123 323.2546 14.59433750200814
1 13498U 81041C   22235.06228156  .00000649  00000-0  14307-3 0    14\
2 13498  74.0181 105.0359 0010333 188.3123 323.2546 14.59433750196852
1 13498U 81041C   22235.81160968  .00000590  00000-0  13062-3 0    15\
2 13498  74.0181 103.6058 0010304 186.6306 300.2639 14.59434629196960
1 13498U 81041C   22236.41535637  .00000560  00000-0  12442-3 0    19\
2 13498  74.0180 102.4535 0010274 185.3152 232.3431 14.59435374197051
1 13498U 81041C   22236.76969191  .00000546  00000-0  12142-3 0    14\
2 13498  74.0179 101.7773 0010263 184.5399 294.0228 14.59435823197101
1 13498U 81041C   22237.37383256  .00000537  00000-0  11959-3 0  3988\
2 13498  74.0179 100.6242 0010235 183.2062 228.1910 14.59436530201155
1 13498U 81041C   22237.37383256  .00000537  00000-0  11959-3 0    19\
2 13498  74.0179 100.6242 0010235 183.2062 228.1910 14.59436530197193
1 13498U 81041C   22237.79973032  .00000540  00000-0  12019-3 0    14\
2 13498  74.0178  99.8114 0010224 182.2593 305.8756 14.59437112197250
1 13498U 81041C   22238.40285441  .00000535  00000-0  11901-3 0    16\
2 13498  74.0177  98.6603 0010191 180.9765 234.6570 14.59437798197341
1 13498U 81041C   22238.75766722  .00000558  00000-0  12389-3 0    16\
2 13498  74.0177  97.9832 0010181 180.2095 298.8373 14.59438332197398
1 13498U 81041C   22239.43284160  .00000625  00000-0  13800-3 0    17\
2 13498  74.0176  96.6945 0010150 178.7182 246.2255 14.59439475197499
1 13498U 81041C   22239.78701301  .00000675  00000-0  14856-3 0    13\
2 13498  74.0176  96.0186 0010137 177.9619 307.0291 14.59440204197545
1 13498U 81041C   22240.39193410  .00000709  00000-0  15583-3 0    14\
2 13498  74.0176  94.8641 0010113 176.6141 245.3182 14.59441072197634
1 13498U 81041C   22240.66514062  .00000725  00000-0  15914-3 0    10\
2 13498  74.0176  94.3427 0010106 176.0036 240.7629 14.59441501197676
1 13498U 81041C   22241.55035069  .00000741  00000-0  16256-3 0  4005\
2 13498  74.0175  92.6532 0010070 174.0413 211.7009 14.59442674201768
1 13498U 81041C   22241.55035069  .00000741  00000-0  16256-3 0    12\
2 13498  74.0175  92.6532 0010070 174.0413 211.7009 14.59442674197807
1 13498U 81041C   22241.70384062  .00000742  00000-0  16266-3 0    11\
2 13498  74.0175  92.3602 0010063 173.7180 298.1283 14.59442885197820
1 13498U 81041C   22242.57960258  .00000715  00000-0  15692-3 0    16\
2 13498  74.0175  90.6888 0010042 171.7421 219.4644 14.59443875197951
1 13498U 81041C   22242.73347333  .00000707  00000-0  15526-3 0    14\
2 13498  74.0175  90.3951 0010037 171.4235 307.8874 14.59444008197971
1 13498U 81041C   22243.53840887  .00000687  00000-0  15113-3 0    14\
2 13498  74.0174  88.8588 0010007 169.6315 217.0747 14.59444986198093
1 13498U 81041C   22243.69178875  .00000684  00000-0  15041-3 0  4013\
2 13498  74.0174  88.5660 0010004 169.2982 302.9356 14.59445188202073
1 13498U 81041C   22243.69178875  .00000684  00000-0  15041-3 0    19\
2 13498  74.0174  88.5660 0010004 169.2982 302.9356 14.59445188198112
1 13498U 81041C   22244.56749058  .00000938  00000-0  20392-3 0    10\
2 13498  74.0174  86.8946 0009977 167.3351 223.9546 14.59447908198245
1 13498U 81041C   22245.52641277  .00000844  00000-0  18424-3 0    10\
2 13498  74.0173  85.0643 0009949 165.1698 222.2381 14.59448737198383
1 13498U 81041C   22245.67939876  .00000844  00000-0  18415-3 0    11\
2 13498  74.0174  84.7723 0009944 164.8466 306.0222 14.59448987198408
1 13498U 81041C   22246.03336312  .00000635  00000-0  14005-3 0  4022\
2 13498  74.0173  84.0967 0009927 164.0607   5.7767 14.59448258202415
1 13498U 81041C   22246.55541810  .00000892  00000-0  19428-3 0    14\
2 13498  74.0173  83.1003 0009911 162.8794 228.7206 14.59450557198539
1 13498U 81041C   22247.51441215  .00001056  00000-0  22880-3 0    18\
2 13498  74.0173  81.2698 0009874 160.7393 227.3730 14.59453163198676
1 13498U 81041C   22247.65952868  .00001057  00000-0  22898-3 0    14\
2 13498  74.0173  80.9928 0009860 160.4179 269.8283 14.59453447198693
1 13498U 81041C   22248.54323122  .00001142  00000-0  24681-3 0  4031\
2 13498  74.0173  79.3060 0009812 158.4173 232.9296 14.59455753202783
1 13498U 81041C   22248.54323122  .00001142  00000-0  24681-3 0    15\
2 13498  74.0173  79.3060 0009812 158.4173 232.9296 14.59455753198822
1 13498U 81041C   22248.89254722  .00001166  00000-0  25204-3 0    10\
2 13498  74.0174  78.6392 0009798 157.6259 268.2891 14.59456644198870
1 13498U 81041C   22248.97729669  .00001167  00000-0  25220-3 0    15\
2 13498  74.0173  78.4774 0009797 157.4293 353.5804 14.59456844198881
1 13498U 81041C   22249.65636340  .00001184  00000-0  25575-3 0    16\
2 13498  74.0173  77.1813 0009782 155.9023 321.4927 14.59458540198985
1 13498U 81041C   22250.53104828  .00001190  00000-0  25695-3 0    16\
2 13498  74.0173  75.5117 0009745 153.9095 237.2424 14.59460702199115
1 13498U 81041C   22250.60532617  .00001188  00000-0  25657-3 0  4047\
2 13498  74.0173  75.3700 0009743 153.7554 267.4970 14.59460890203088
1 13498U 81041C   22250.60532617  .00001188  00000-0  25657-3 0    10\
2 13498  74.0173  75.3700 0009743 153.7554 267.4970 14.59460890199127
1 13498U 81041C   22251.49035983  .00001276  00000-0  27501-3 0    10\
2 13498  74.0174  73.6807 0009723 151.7689 237.6018 14.59463783199252
1 13498U 81041C   22251.76130744  .00001267  00000-0  27309-3 0    17\
2 13498  74.0175  73.1636 0009717 151.2064 221.1585 14.59464470199298
1 13498U 81041C   22252.52507038  .00001248  00000-0  26924-3 0    17\
2 13498  74.0175  71.7058 0009684 149.4568 274.1310 14.59466518199403
1 13498U 81041C   22252.67346635  .00001239  00000-0  26723-3 0  4063\
2 13498  74.0176  71.4226 0009679 149.1568 333.7956 14.59466874203385
1 13498U 81041C   22252.88025736  .00001258  00000-0  27127-3 0    13\
2 13498  74.0176  71.0279 0009670 148.6911 340.3135 14.59467587199453
1 13498U 81041C   22253.55188494  .00001260  00000-0  27159-3 0    17\
2 13498  74.0176  69.7460 0009648 147.1462 269.2015 14.59469546199553
1 13498U 81041C   22254.51310823  .00001313  00000-0  28276-3 0    17\
2 13498  74.0177  67.9112 0009610 144.9858 279.6516 14.59472644199690
1 13498U 81041C   22254.85637998  .00001416  00000-0  30441-3 0  4070\
2 13498  74.0178  67.2560 0009589 144.2015 283.2836 14.59474273203708
1 13498U 81041C   22254.85637998  .00001416  00000-0  30441-3 0    10\
2 13498  74.0178  67.2560 0009589 144.2015 283.2836 14.59474273199746
1 13498U 81041C   22255.54190861  .00001636  00000-0  35085-3 0    13\
2 13498  74.0178  65.9475 0009564 142.6601 285.1935 14.59477644199849
1 13498U 81041C   22256.42458566  .00001651  00000-0  35395-3 0    11\
2 13498  74.0180  64.2628 0009524 140.6435 243.0000 14.59480443199974
1 13498U 81041C   22256.84420318  .00001833  00000-0  39213-3 0    16\
2 13498  74.0180  63.4619 0009500 139.6497 287.8162 14.59482845200038
1 13498U 81041C   22257.52892927  .00001819  00000-0  38916-3 0  4085\
2 13498  74.0182  62.1549 0009472 137.9868 285.6478 14.59485020204093
1 13498U 81041C   22257.52892927  .00001819  00000-0  38916-3 0    14\
2 13498  74.0182  62.1549 0009472 137.9868 285.6478 14.59485020200134
1 13498U 81041C   22257.88816035  .00001899  00000-0  40604-3 0    14\
2 13498  74.0182  61.4692 0009454 137.1802  13.1335 14.59486726200180
1 13498U 81041C   22258.55740187  .00001892  00000-0  40463-3 0    19\
2 13498  74.0183  60.1918 0009433 135.6662 289.5015 14.59489018200284
1 13498U 81041C   22258.75310397  .00001902  00000-0  40674-3 0    13\
2 13498  74.0184  59.8184 0009419 135.2062 237.7896 14.59489760200319
1 13498U 81041C   22259.51558387  .00001914  00000-0  40909-3 0    15\
2 13498  74.0185  58.3630 0009383 133.4700 284.0777 14.59492609200420
1 13498U 81041C   22259.87056111  .00001816  00000-0  38853-3 0    18\
2 13498  74.0185  57.6855 0009364 132.6524 349.2418 14.59493367200478
1 13498U 81041C   22259.87056111  .00001816  00000-0  38853-3 0  4102\
2 13498  74.0185  57.6855 0009364 132.6524 349.2418 14.59493367204438
1 13498U 81041C   22260.54547000  .00001638  00000-0  35109-3 0    19\
2 13498  74.0187  56.3973 0009348 131.0193 295.5089 14.59494705200579
1 13498U 81041C   22260.89896059  .00001602  00000-0  34346-3 0    11\
2 13498  74.0187  55.7227 0009328 130.2252 352.8453 14.59495738200624
1 13498U 81041C   22261.50567609  .00001591  00000-0  34112-3 0    14\
2 13498  74.0188  54.5647 0009302 128.8646 300.6967 14.59497850200718
1 13498U 81041C   22261.70063403  .00001583  00000-0  33944-3 0    12\
2 13498  74.0188  54.1926 0009290 128.3972 245.0907 14.59498464200748
1 13498U 81041C   22262.46369985  .00001448  00000-0  31105-3 0  4112\
2 13498  74.0190  52.7362 0009266 126.6547 294.4870 14.59500312204816
1 13498U 81041C   22262.46369985  .00001448  00000-0  31105-3 0    17\
2 13498  74.0190  52.7362 0009266 126.6547 294.4870 14.59500312200856
1 13498U 81041C   22262.89410418  .00001513  00000-0  32467-3 0    17\
2 13498  74.0190  51.9146 0009237 125.6840  35.9643 14.59502154200919
1 13498U 81041C   22263.41773031  .00001461  00000-0  31375-3 0    18\
2 13498  74.0191  50.9152 0009222 124.4269 267.3341 14.59503575200994
1 13498U 81041C   22264.60054248  .00001463  00000-0  31428-3 0  4129\
2 13498  74.0193  48.6577 0009175 121.6488   2.3168 14.59507282205123
1 13498U 81041C   22264.60054248  .00001463  00000-0  31428-3 0    13\
2 13498  74.0193  48.6577 0009175 121.6488   2.3168 14.59507282201163
1 13498U 81041C   22265.55898123  .00001513  00000-0  32473-3 0    13\
2 13498  74.0195  46.8285 0009137 119.3811 358.3768 14.59510469201300
1 13498U 81041C   22265.76429616  .00001509  00000-0  32392-3 0    18\
2 13498  74.0196  46.4367 0009127 118.8893 357.1990 14.59511044201338
1 13498U 81041C   22266.50928142  .00001464  00000-0  31433-3 0    14\
2 13498  74.0197  45.0148 0009110 117.0503 311.7642 14.59513030201441
1 13498U 81041C   22266.79382528  .00001507  00000-0  32348-3 0  4138\
2 13498  74.0198  44.4718 0009093 116.3555   6.9105 14.59514170205444
1 13498U 81041C   22266.79382528  .00001507  00000-0  32348-3 0    11\
2 13498  74.0198  44.4718 0009093 116.3555   6.9105 14.59514170201484
1 13498U 81041C   22267.54706462  .00001569  00000-0  33652-3 0    19\
2 13498  74.0199  43.0341 0009067 114.5747   4.7783 14.59516800201598
1 13498U 81041C   22267.82185924  .00001612  00000-0  34555-3 0    16\
2 13498  74.0200  42.5096 0009055 113.9178   8.6858 14.59517901201634
1 13498U 81041C   22268.49932751  .00001533  00000-0  32873-3 0    11\
2 13498  74.0201  41.2165 0009040 112.2571 328.4822 14.59519460201738
1 13498U 81041C   22268.78062951  .00001558  00000-0  33405-3 0    18\
2 13498  74.0202  40.6797 0009026 111.6156   6.5541 14.59520441201776
1 13498U 81041C   22269.18147426  .00001440  00000-0  30928-3 0  4149\
2 13498  74.0202  39.9147 0009018 110.6325 312.8197 14.59520955205790
1 13498U 81041C   22269.38699772  .00001459  00000-0  31327-3 0    13\
2 13498  74.0202  39.5224 0009014 110.1472 312.7381 14.59521627201861
1 13498U 81041C   22270.41500227  .00001672  00000-0  35809-3 0    11\
2 13498  74.0204  37.5604 0008980 107.6842 314.4172 14.59526181202011
1 13498U 81041C   22271.44411366  .00001750  00000-0  37431-3 0  4159\
2 13498  74.0205  35.5963 0008939 105.1669 321.9730 14.59529879206128
1 13498U 81041C   22271.44411366  .00001750  00000-0  37431-3 0    10\
2 13498  74.0205  35.5963 0008939 105.1669 321.9730 14.59529879202168
1 13498U 81041C   22271.80306036  .00001720  00000-0  36817-3 0    11\
2 13498  74.0206  34.9112 0008926 104.2449  48.1366 14.59530867202218
1 13498U 81041C   22272.48202250  .00001908  00000-0  40763-3 0    12\
2 13498  74.0207  33.6154 0008918 102.6018  15.7957 14.59534160202313
1 13498U 81041C   22272.74743237  .00001925  00000-0  41119-3 0    11\
2 13498  74.0207  33.1088 0008910 101.9195 330.4546 14.59535186202358
1 13498U 81041C   22273.51109705  .00002212  00000-0  47146-3 0  4169\
2 13498  74.0208  31.6513 0008892 100.0249  23.2497 14.59539569206427
1 13498U 81041C   22273.51109705  .00002212  00000-0  47146-3 0    19\
2 13498  74.0208  31.6513 0008892 100.0249  23.2497 14.59539569202467
1 13498U 81041C   22273.79100303  .00002199  00000-0  46865-3 0    15\
2 13498  74.0208  31.1171 0008883  99.3023  54.0900 14.59540582202505
1 13498U 81041C   22274.46187399  .00002111  00000-0  45018-3 0    13\
2 13498  74.0209  29.8367 0008872  97.7043 339.2251 14.59542464202608
1 13498U 81041C   22274.75031233  .00002165  00000-0  46157-3 0    14\
2 13498  74.0209  29.2862 0008869  96.9548  54.9095 14.59543881202644
1 13498U 81041C   22275.49900699  .00002204  00000-0  46964-3 0    17\
2 13498  74.0210  27.8573 0008844  95.1299  29.0312 14.59547063202759
1 13498U 81041C   22275.77872358  .00002304  00000-0  49075-3 0  4176\
2 13498  74.0210  27.3235 0008835  94.3831  58.9109 14.59548867206754
1 13498U 81041C   22275.77872358  .00002304  00000-0  49075-3 0    15\
2 13498  74.0210  27.3235 0008835  94.3831  58.9109 14.59548867202794
1 13498U 81041C   22276.45765900  .00002835  00000-0  60226-3 0    15\
2 13498  74.0218  26.0277 0008810  92.6073  26.6018 14.59552640202892
1 13498U 81041C   22276.73774372  .00002930  00000-0  62222-3 0    13\
2 13498  74.0218  25.4932 0008797  91.8585  58.4206 14.59554314202933
1 13498U 81041C   22277.40708951  .00003230  00000-0  68509-3 0    16\
2 13498  74.0219  24.2156 0008782  90.1997 335.6482 14.59558982203035
1 13498U 81041C   22278.04467709  .00003146  00000-0  66744-3 0  4187\
2 13498  74.0220  22.9987 0008774  88.5141  86.1073 14.59562210207089
1 13498U 81041C   22278.56192822  .00003117  00000-0  66141-3 0    12\
2 13498  74.0221  22.0115 0008754  87.3041 284.0609 14.59565229203205
1 13498U 81041C   22279.39503256  .00003439  00000-0  72880-3 0    15\
2 13498  74.0222  20.4214 0008740  85.1821 341.8878 14.59571618203327
1 13498U 81041C   22279.74872473  .00003215  00000-0  68178-3 0    11\
2 13498  74.0224  19.7464 0008725  84.2282  40.5385 14.59573061203376
1 13498U 81041C   22280.35407866  .00003511  00000-0  74385-3 0  4199\
2 13498  74.0225  18.5910 0008711  82.6905 341.5874 14.59578246207426
1 13498U 81041C   22280.35407866  .00003511  00000-0  74385-3 0    16\
2 13498  74.0225  18.5910 0008711  82.6905 341.5874 14.59578246203466
1 13498U 81041C   22281.38332654  .00002943  00000-0  62453-3 0    13\
2 13498  74.0228  16.6269 0008693  80.0762 350.1550 14.59583329203619
1 13498U 81041C   22281.73683681  .00003256  00000-0  69024-3 0    10\
2 13498  74.0229  15.9522 0008672  79.1040  47.8856 14.59586469203661
1 13498U 81041C   22282.53763285  .00003451  00000-0  73105-3 0  4205\
2 13498  74.0234  14.4239 0008636  77.0224 296.0414 14.59592522207734
1 13498U 81041C   22283.57489876  .00003371  00000-0  71411-3 0    15\
2 13498  74.0233  12.4442 0008670  74.3678 346.8215 14.59599746203934
1 13498U 81041C   22284.32908692  .00003180  00000-0  67390-3 0    10\
2 13498  74.0233  11.0050 0008700  72.4725 350.0242 14.59604761204044
1 13498U 81041C   22284.68860012  .00003073  00000-0  65157-3 0  4218\
2 13498  74.0232  10.3188 0008702  71.5326  79.2795 14.59606822208054
1 13498U 81041C   22284.68860012  .00003073  00000-0  65157-3 0    12\
2 13498  74.0232  10.3188 0008702  71.5326  79.2795 14.59606822204094
1 13498U 81041C   22285.48483472  .00002805  00000-0  59526-3 0    17\
2 13498  74.0228   8.7990 0008723  69.6200 303.3630 14.59610843204214
1 13498U 81041C   22286.51294502  .00002227  00000-0  47383-3 0    12\
2 13498  74.0224   6.8365 0008721  67.0281 306.0520 14.59614764204364
1 13498U 81041C   22287.20141963  .00002140  00000-0  45552-3 0  4228\
2 13498  74.0222   5.5223 0008736  65.2982 323.9700 14.59617985208422
1 13498U 81041C   22287.35529214  .00002132  00000-0  45383-3 0    19\
2 13498  74.0222   5.2286 0008739  64.8905  52.5890 14.59618750204489
1 13498U 81041C   22288.30443296  .00002244  00000-0  47734-3 0    16\
2 13498  74.0220   3.4170 0008742  62.4726   0.3553 14.59624117204625
1 13498U 81041C   22288.65810608  .00002181  00000-0  46399-3 0    15\
2 13498  74.0220   2.7419 0008750  61.5449  58.9481 14.59625528204675
1 13498U 81041C   22289.34301885  .00001943  00000-0  41404-3 0    11\
2 13498  74.0218   1.4344 0008763  59.8475  58.1507 14.59628060204774
1 13498U 81041C   22289.61771472  .00001873  00000-0  39931-3 0    18\
2 13498  74.0218   0.9101 0008763  59.0987  61.7414 14.59629027204815
1 13498U 81041C   22290.21738924  .00001857  00000-0  39607-3 0    13\
2 13498  74.0217 359.7654 0008779  57.6368 333.0036 14.59631837204903
1 13498U 81041C   22290.65174644  .00001691  00000-0  36112-3 0    18\
2 13498  74.0218 358.9362 0008792  56.5374  95.5734 14.59633107204964
1 13498U 81041C   22291.33070398  .00001535  00000-0  32839-3 0    14\
2 13498  74.0218 357.6403 0008808  54.8567  63.4986 14.59635439205064
1 13498U 81041C   22291.61100024  .00001560  00000-0  33361-3 0  4243\
2 13498  74.0218 357.1053 0008814  54.1294  96.4915 14.59636505209064
1 13498U 81041C   22291.87961896  .00001561  00000-0  33389-3 0    15\
2 13498  74.0218 356.5925 0008819  53.4361  68.1151 14.59637531205140
1 13498U 81041C   22292.27990015  .00001515  00000-0  32428-3 0    17\
2 13498  74.0218 355.8284 0008831  52.4170  11.6274 14.59638796205201
1 13498U 81041C   22293.59937406  .00001462  00000-0  31303-3 0    10\
2 13498  74.0206 353.3099 0008858  49.2718 105.3719 14.59641993205394
1 13498U 81041C   22293.99348102  .00001446  00000-0  30972-3 0  4256\
2 13498  74.0206 352.5576 0008867  48.2816  16.4338 14.59643365209414
1 13498U 81041C   22294.27674561  .00001375  00000-0  29483-3 0    15\
2 13498  74.0205 352.0168 0008873  47.5882  64.9904 14.59643840205496
1 13498U 81041C   22294.62719042  .00001300  00000-0  27902-3 0    10\
2 13498  74.0205 351.3478 0008885  46.6762 106.6356 14.59644488205542
1 13498U 81041C   22295.58615500  .00001410  00000-0  30202-3 0    19\
2 13498  74.0204 349.5172 0008905  44.2895 106.0540 14.59648088205689
1 13498U 81041C   22295.85431775  .00001515  00000-0  32422-3 0    11\
2 13498  74.0203 349.0053 0008911  43.6224  75.2698 14.59649627205723
1 13498U 81041C   22296.25700847  .00001546  00000-0  33056-3 0  4264\
2 13498  74.0203 348.2366 0008922  42.6182  31.4412 14.59651076209740
1 13498U 81041C   22296.25700847  .00001546  00000-0  33056-3 0    13\
2 13498  74.0203 348.2366 0008922  42.6182  31.4412 14.59651076205780
1 13498U 81041C   22296.61492178  .00001475  00000-0  31569-3 0    16\
2 13498  74.0201 347.5532 0008933  41.6982 112.3309 14.59651694205830
1 13498U 81041C   22297.41027025  .00001497  00000-0  32036-3 0    14\
2 13498  74.0200 346.0349 0008954  39.7432 331.9297 14.59654288205950
1 13498U 81041C   22297.84169247  .00001403  00000-0  30054-3 0    19\
2 13498  74.0199 345.2113 0008971  38.6921  79.0675 14.59654992206017
1 13498U 81041C   22298.25178309  .00001248  00000-0  26802-3 0    17\
2 13498  74.0198 344.4284 0008982  37.6911  74.1113 14.59655355206079
1 13498U 81041C   22298.60270691  .00001261  00000-0  27077-3 0  4275\
2 13498  74.0198 343.7584 0008996  36.8078 118.2590 14.59656398210087
1 13498U 81041C   22298.60270691  .00001261  00000-0  27077-3 0    13\
2 13498  74.0198 343.7584 0008996  36.8078 118.2590 14.59656398206127
1 13498U 81041C   22299.56171156  .00001246  00000-0  26769-3 0    15\
2 13498  74.0196 341.9276 0009031  34.5011 117.8458 14.59659048206264
1 13498U 81041C   22300.50533774  .00001344  00000-0  28821-3 0    10\
2 13498  74.0195 340.1261 0009065  32.2089  36.6515 14.59662330206401
1 13498U 81041C   22301.19012431  .00001434  00000-0  30705-3 0  4285\
2 13498  74.0194 338.8188 0009091  30.5850  35.2077 14.59664818210460
1 13498U 81041C   22301.47460897  .00001530  00000-0  32727-3 0    19\
2 13498  74.0193 338.2757 0009103  29.9032  90.1853 14.59666199206543
1 13498U 81041C   22302.29788884  .00001690  00000-0  36068-3 0    18\
2 13498  74.0192 336.7039 0009134  27.9418  96.5466 14.59669692206662
1 13498U 81041C   22302.85532186  .00001894  00000-0  40339-3 0    14\
2 13498  74.0191 335.6397 0009160  26.6029 145.8927 14.59672737206742
1 13498U 81041C   22303.45182934  .00001815  00000-0  38687-3 0    19\
2 13498  74.0190 334.5008 0009192  25.2081  40.5382 14.59674103206831
1 13498U 81041C   22303.86161933  .00001954  00000-0  41595-3 0    16\
2 13498  74.0189 333.7184 0009212  24.2925  33.9484 14.59676390206899
1 13498U 81041C   22304.28560994  .00001911  00000-0  40689-3 0    19\
2 13498  74.0189 332.9090 0009226  23.3147 102.0100 14.59677515206957
1 13498U 81041C   22304.28560994  .00001911  00000-0  40689-3 0  4349\
2 13498  74.0189 332.9090 0009226  23.3147 102.0100 14.59677515210918
1 13498U 81041C   22305.44885993  .00002118  00000-0  45037-3 0    19\
2 13498  74.0187 330.6880 0009287  20.6580  94.8611 14.59683131207121
1 13498U 81041C   22306.46812796  .00002125  00000-0  45170-3 0  4350\
2 13498  74.0186 328.7419 0009340  18.3376  51.0984 14.59687280211237
1 13498U 81041C   22306.46812796  .00002125  00000-0  45170-3 0    19\
2 13498  74.0186 328.7419 0009340  18.3376  51.0984 14.59687280207276
1 13498U 81041C   22306.83100041  .00002123  00000-0  45122-3 0    18\
2 13498  74.0185 328.0491 0009354  17.5290 157.9743 14.59688815207329
1 13498U 81041C   22307.15183528  .00002219  00000-0  47138-3 0    10\
2 13498  74.0197 327.4366 0009382  16.7027  44.0581 14.59690565207372
1 13498U 81041C   22308.47129792  .00002796  00000-0  59210-3 0  4365\
2 13498  74.0195 324.9175 0009449  13.7791 137.7817 14.59698809211522
1 13498U 81041C   22308.47129792  .00002796  00000-0  59210-3 0    13\
2 13498  74.0195 324.9175 0009449  13.7791 137.7817 14.59698809207561
1 13498U 81041C   22308.86475226  .00002855  00000-0  60448-3 0    13\
2 13498  74.0193 324.1662 0009486  12.8065  45.4766 14.59701137207621
1 13498U 81041C   22309.49951081  .00002557  00000-0  54208-3 0    17\
2 13498  74.0192 322.9542 0009526  11.4012 141.1221 14.59703519207711
1 13498U 81041C   22309.82452022  .00002557  00000-0  54203-3 0    10\
2 13498  74.0191 322.3337 0009542  10.6840  49.0431 14.59705368207762
1 13498U 81041C   22310.45865919  .00002214  00000-0  47020-3 0    13\
2 13498  74.0189 321.1228 0009566   9.3010 141.4230 14.59707608207858
1 13498U 81041C   22310.80601758  .00002228  00000-0  47304-3 0  4374\
2 13498  74.0188 320.4595 0009575   8.5505 166.7772 14.59709533211862
1 13498U 81041C   22311.81221337  .00002651  00000-0  56149-3 0    11\
2 13498  74.0186 318.5382 0009611   6.3893  54.2948 14.59716052208056
1 13498U 81041C   22312.44613442  .00002144  00000-0  45540-3 0    13\
2 13498  74.0186 317.3277 0009657   4.9483 145.6138 14.59717893208145
1 13498U 81041C   22312.84096208  .00002676  00000-0  56668-3 0    15\
2 13498  74.0185 316.5737 0009660   4.1213  60.4094 14.59721922208203
1 13498U 81041C   22313.11523722  .00002639  00000-0  55888-3 0  4388\
2 13498  74.0185 316.0499 0009696   3.5137  61.7417 14.59723314212205
1 13498U 81041C   22313.46861816  .00002709  00000-0  57358-3 0    13\
2 13498  74.0185 315.3751 0009708   2.7378 118.7774 14.59725679208299
1 13498U 81041C   22313.75293075  .00002866  00000-0  60645-3 0    18\
2 13498  74.0185 314.8321 0009738   2.1193 172.8511 14.59727914208337
1 13498U 81041C   22314.43357838  .00002374  00000-0  50334-3 0    10\
2 13498  74.0186 313.5324 0009773   0.6600 149.6609 14.59730086208437
1 13498U 81041C   22314.82853073  .00002339  00000-0  49599-3 0    17\
2 13498  74.0186 312.7783 0009793 359.8345  65.1230 14.59732189208498
1 13498U 81041C   22315.46222326  .00002059  00000-0  43740-3 0  4395\
2 13498  74.0187 311.5682 0009857 358.5072 155.1634 14.59734495212549
1 13498U 81041C   22315.46222326  .00002059  00000-0  43740-3 0    10\
2 13498  74.0187 311.5682 0009857 358.5072 155.1634 14.59734495208588
1 13498U 81041C   22315.78740066  .00002203  00000-0  46757-3 0    13\
2 13498  74.0187 310.9473 0009849 357.7629  64.0321 14.59736757208639
1 13498U 81041C   22316.42105699  .00002219  00000-0  47084-3 0    13\
2 13498  74.0189 309.7372 0009870 356.3771 153.9524 14.59739800208727
1 13498U 81041C   22316.81609303  .00001970  00000-0  41876-3 0    13\
2 13498  74.0189 308.9829 0009891 355.5217  69.8955 14.59740741208789
1 13498U 81041C   22317.44988747  .00002032  00000-0  43158-3 0    10\
2 13498  74.0190 307.7726 0009916 354.1734 160.5116 14.59743534208872
1 13498U 81041C   22317.72786034  .00002094  00000-0  44462-3 0  4400\
2 13498  74.0190 307.2418 0009931 353.5822 181.2738 14.59745025212875
1 13498U 81041C   22317.72786034  .00002094  00000-0  44462-3 0    13\
2 13498  74.0190 307.2418 0009931 353.5822 181.2738 14.59745025208915
1 13498U 81041C   22318.40852725  .00001977  00000-0  42002-3 0    17\
2 13498  74.0190 305.9422 0009966 352.1404 158.2105 14.59747499209015
1 13498U 81041C   22318.80432919  .00001793  00000-0  38161-3 0    17\
2 13498  74.0190 305.1864 0009988 351.3016  78.1729 14.59748692209075
1 13498U 81041C   22319.43217826  .00001827  00000-0  38873-3 0    13\
2 13498  74.0190 303.9876 0010011 350.0126 137.5194 14.59751485209161
1 13498U 81041C   22320.03694392  .00001635  00000-0  34851-3 0  4415\
2 13498  74.0190 302.8329 0010042 348.7762  75.5603 14.59753239213212
1 13498U 81041C   22320.39600027  .00001706  00000-0  36338-3 0    19\
2 13498  74.0190 302.1473 0010072 348.0434 162.4005 14.59754667209300
1 13498U 81041C   22320.79187192  .00001793  00000-0  38163-3 0    10\
2 13498  74.0179 301.3913 0010068 347.3405  82.6017 14.59755936209364
1 13498U 81041C   22321.41852733  .00001805  00000-0  38397-3 0    13\
2 13498  74.0179 300.1946 0010097 346.0461 135.6980 14.59758419209454
1 13498U 81041C   22321.70365653  .00001788  00000-0  38041-3 0    11\
2 13498  74.0179 299.6501 0010118 345.4455 194.0754 14.59759423209491
1 13498U 81041C   22322.38348508  .00001546  00000-0  32972-3 0  4424\
2 13498  74.0180 298.3519 0010161 344.1482 166.4988 14.59760650213550
1 13498U 81041C   22322.38348508  .00001546  00000-0  32972-3 0    15\
2 13498  74.0180 298.3519 0010161 344.1482 166.4988 14.59760650209599
1 13498U 81041C   22322.70895993  .00001756  00000-0  37376-3 0    12\
2 13498  74.0179 297.7303 0010168 343.4172  76.9457 14.59762989209645
1 13498U 81041C   22323.41338993  .00001836  00000-0  39037-3 0    18\
2 13498  74.0180 296.3852 0010190 341.9194 178.8116 14.59766039209748
1 13498U 81041C   22324.36531600  .00001707  00000-0  36346-3 0    10\
2 13498  74.0180 294.5674 0010233 340.0039 141.1955 14.59768512209883
1 13498U 81041C   22324.64990932  .00001644  00000-0  35017-3 0  4432\
2 13498  74.0180 294.0239 0010241 339.4048 196.7664 14.59769153213886
1 13498U 81041C   22324.89595456  .00001500  00000-0  32012-3 0    14\
2 13498  74.0180 293.5542 0010258 338.9894  49.6603 14.59769215209960
1 13498U 81041C   22325.40019455  .00001682  00000-0  35814-3 0    16\
2 13498  74.0180 292.5913 0010280 337.9673 179.4644 14.59771881210039
1 13498U 81041C   22325.72506117  .00001593  00000-0  33948-3 0    14\
2 13498  74.0181 291.9710 0010299 337.3496  86.6122 14.59772404210082
1 13498U 81041C   22326.35865437  .00001489  00000-0  31788-3 0    11\
2 13498  74.0181 290.7611 0010327 336.0845 176.1575 14.59773790210171
1 13498U 81041C   22327.03739095  .00001336  00000-0  28585-3 0  4440\
2 13498  74.0181 289.4650 0010360 334.7997 142.8677 14.59775125214237
1 13498U 81041C   22327.31795887  .00001413  00000-0  30185-3 0    16\
2 13498  74.0181 288.9293 0010375 334.2494 177.2509 14.59776316210311
1 13498U 81041C   22327.71239781  .00001421  00000-0  30361-3 0    11\
2 13498  74.0182 288.1761 0010397 333.5220  89.9825 14.59777588210375
1 13498U 81041C   22328.34599514  .00001450  00000-0  30965-3 0    16\
2 13498  74.0183 286.9662 0010421 332.3026 179.5173 14.59779603210463
1 13498U 81041C   22328.94486515  .00001330  00000-0  28458-3 0    19\
2 13498  74.0183 285.8226 0010442 331.2051  86.5093 14.59780705210559
1 13498U 81041C   22329.30631225  .00001231  00000-0  26382-3 0  4456\
2 13498  74.0183 285.1324 0010464 330.4689 185.9463 14.59781130214566
1 13498U 81041C   22329.30631225  .00001231  00000-0  26382-3 0    14\
2 13498  74.0183 285.1324 0010464 330.4689 185.9463 14.59781130210607
1 13498U 81041C   22329.70024097  .00001478  00000-0  31552-3 0    19\
2 13498  74.0183 284.3802 0010479 329.6915  96.0582 14.59783769210667
1 13498U 81041C   22330.32733639  .00001475  00000-0  31471-3 0    15\
2 13498  74.0184 283.1827 0010502 328.4737 151.4506 14.59785613210750
1 13498U 81041C   22330.85850885  .00001404  00000-0  29996-3 0    17\
2 13498  74.0184 282.1684 0010520 327.4563  62.7538 14.59786689210838
1 13498U 81041C   22331.29279081  .00001428  00000-0  30488-3 0    13\
2 13498  74.0185 281.3391 0010540 326.6044 184.9231 14.59788094210897
1 13498U 81041C   22331.68738076  .00001237  00000-0  26497-3 0  4466\
2 13498  74.0185 280.5857 0010560 325.8344  98.5049 14.59788131214917
1 13498U 81041C   22331.68738076  .00001237  00000-0  26497-3 0    13\
2 13498  74.0185 280.5857 0010560 325.8344  98.5049 14.59788131210957
1 13498U 81041C   22332.32101995  .00001470  00000-0  31370-3 0    14\
2 13498  74.0186 279.3757 0010582 324.5720 188.3320 14.59791372211043
1 13498U 81041C   22333.54838170  .00001446  00000-0  30875-3 0    13\
2 13498  74.0187 277.0320 0010620 322.2237 158.1327 14.59794950211223
1 13498U 81041C   22334.30974928  .00001432  00000-0  30569-3 0  4479\
2 13498  74.0188 275.5782 0010644 320.7560 199.1475 14.59797190215296
1 13498U 81041C   22334.30974928  .00001432  00000-0  30569-3 0    15\
2 13498  74.0188 275.5782 0010644 320.7560 199.1475 14.59797190211337
1 13498U 81041C   22334.83187917  .00001424  00000-0  30413-3 0    16\
2 13498  74.0188 274.5811 0010654 319.7849  62.9284 14.59798813211415
1 13498U 81041C   22335.26768932  .00001498  00000-0  31954-3 0    18\
2 13498  74.0188 273.7490 0010668 318.8971 193.1806 14.59800568211474
1 13498U 81041C   22336.57418612  .00001488  00000-0  31736-3 0    17\
2 13498  74.0189 271.2542 0010708 316.3519 218.9293 14.59804793211663
1 13498U 81041C   22336.57418612  .00001488  00000-0  31736-3 0  4482\
2 13498  74.0189 271.2542 0010708 316.3519 218.9293 14.59804793215623
1 13498U 81041C   22337.25546881  .00001482  00000-0  31619-3 0    17\
2 13498  74.0189 269.9534 0010723 315.0314 199.1264 14.59806930211768
1 13498U 81041C   22338.27847587  .00001436  00000-0  30655-3 0    15\
2 13498  74.0189 268.0000 0010745 313.0684 175.1035 14.59809943211912
1 13498U 81041C   22339.23594955  .00001642  00000-0  34939-3 0  4494\
2 13498  74.0189 266.1717 0010760 311.2188 166.7272 14.59814434216018
1 13498U 81041C   22339.56674765  .00001666  00000-0  35457-3 0    14\
2 13498  74.0190 265.5400 0010765 310.5958 105.0917 14.59815727212108
1 13498U 81041C   22339.84094135  .00001661  00000-0  35352-3 0    11\
2 13498  74.0189 265.0165 0010765 310.0766 106.0009 14.59816713212144
1 13498U 81041C   22340.26513546  .00001717  00000-0  36513-3 0    13\
2 13498  74.0190 264.2065 0010775 309.2581 175.1883 14.59818354212209
1 13498U 81041C   22340.79561858  .00001796  00000-0  38168-3 0    15\
2 13498  74.0190 263.1936 0010779 308.2584  82.9196 14.59820758212281
1 13498U 81041C   22341.22953095  .00001799  00000-0  38227-3 0    11\
2 13498  74.0190 262.3650 0010796 307.4001 203.2054 14.59822259212345
1 13498U 81041C   22342.17361436  .00002044  00000-0  43335-3 0  4506\
2 13498  74.0191 260.5624 0010800 305.5975 124.4823 14.59827405216443
1 13498U 81041C   22342.53601157  .00002037  00000-0  43192-3 0    18\
2 13498  74.0191 259.8703 0010805 304.8917 228.9411 14.59828798212530
1 13498U 81041C   22343.54241189  .00001914  00000-0  40620-3 0    11\
2 13498  74.0191 257.9487 0010819 302.9922 117.6959 14.59832215212684
1 13498U 81041C   22344.24650991  .00001941  00000-0  41171-3 0  4515\
2 13498  74.0201 256.6041 0010839 301.7137 217.7746 14.59835762216742
1 13498U 81041C   22345.52968444  .00001966  00000-0  41684-3 0    19\
2 13498  74.0200 254.1541 0010841 299.2811 121.0648 14.59841898212978
1 13498U 81041C   22345.80420167  .00001915  00000-0  40621-3 0    19\
2 13498  74.0199 253.6300 0010841 298.7318 123.7292 14.59843017213013
1 13498U 81041C   22346.23429571  .00002002  00000-0  42437-3 0    10\
2 13498  74.0198 252.8086 0010838 298.0216 223.8454 14.59845163213072
1 13498U 81041C   22346.75803704  .00001807  00000-0  38374-3 0  4528\
2 13498  74.0197 251.8086 0010829 297.0419  96.1897 14.59846834217111
1 13498U 81041C   22347.47042303  .00001864  00000-0  39559-3 0    17\
2 13498  74.0196 250.4483 0010833 295.7098 239.9003 14.59850164213257
1 13498U 81041C   22347.87066963  .00001829  00000-0  38825-3 0    15\
2 13498  74.0195 249.6840 0010834 294.9574 183.2719 14.59851852213311
1 13498U 81041C   22348.54557573  .00001918  00000-0  40669-3 0    10\
2 13498  74.0195 248.3953 0010831 293.7178 130.0070 14.59854983213415
1 13498U 81041C   22348.75113715  .00001882  00000-0  39927-3 0    14\
2 13498  74.0194 248.0028 0010829 293.3028 130.3030 14.59855833213448
1 13498U 81041C   22349.17902050  .00002040  00000-0  43231-3 0  4530\
2 13498  74.0194 247.1857 0010829 292.5615 218.8566 14.59858139217465
1 13498U 81041C   22349.17902050  .00002040  00000-0  43231-3 0    19\
2 13498  74.0194 247.1857 0010829 292.5615 218.8566 14.59858139213506
1 13498U 81041C   22349.70408962  .00002062  00000-0  43670-3 0    12\
2 13498  74.0194 246.1830 0010807 291.5789  98.2047 14.59860572213589
1 13498U 81041C   22350.53335449  .00001968  00000-0  41715-3 0    16\
2 13498  74.0194 244.5995 0010836 290.0286 136.1717 14.59863898213705
1 13498U 81041C   22350.80665733  .00001921  00000-0  40732-3 0    15\
2 13498  74.0194 244.0775 0010832 289.4988 132.4589 14.59865002213742
1 13498U 81041C   22351.44492394  .00001901  00000-0  40314-3 0    11\
2 13498  74.0195 242.8587 0010837 288.3396 246.6645 14.59867702213836
1 13498U 81041C   22351.44492394  .00001901  00000-0  40314-3 0  4543\
2 13498  74.0195 242.8587 0010837 288.3396 246.6645 14.59867702217795
1 13498U 81041C   22351.84536212  .00001888  00000-0  40044-3 0    17\
2 13498  74.0195 242.0940 0010838 287.5514 191.1031 14.59869406213897
1 13498U 81041C   22352.52029495  .00001845  00000-0  39135-3 0    15\
2 13498  74.0195 240.8052 0010841 286.3005 138.0297 14.59871889213996
1 13498U 81041C   22352.79440334  .00001751  00000-0  37169-3 0    14\
2 13498  74.0195 240.2817 0010846 285.7541 138.5734 14.59872810214034
1 13498U 81041C   22353.06913287  .00001744  00000-0  37035-3 0    11\
2 13498  74.0195 239.7571 0010845 285.2664 142.3213 14.59873757214074
1 13498U 81041C   22353.94961213  .00001930  00000-0  40907-3 0  4552\
2 13498  74.0194 238.0757 0010844 283.6244  89.4722 14.59878016218158
1 13498U 81041C   22353.83272542  .00001919  00000-0  40674-3 0    15\
2 13498  74.0194 238.2989 0010839 283.8599 195.1837 14.59877565214185
1 13498U 81041C   22354.50779043  .00002133  00000-0  45148-3 0    18\
2 13498  74.0194 237.0098 0010838 282.6134 142.8217 14.59880910214284
1 13498U 81041C   22355.41957682  .00002077  00000-0  43967-3 0    10\
2 13498  74.0193 235.2686 0010827 280.9014 254.5313 14.59884621214418
1 13498U 81041C   22356.10133498  .00001970  00000-0  41726-3 0  4564\
2 13498  74.0192 233.9667 0010838 279.6067 237.3961 14.59887184218471
1 13498U 81041C   22356.10133498  .00001970  00000-0  41726-3 0    10\
2 13498  74.0192 233.9667 0010838 279.6067 237.3961 14.59887184214512
1 13498U 81041C   22356.84895641  .00001913  00000-0  40554-3 0    11\
2 13498  74.0183 232.5390 0010826 278.0692 206.5186 14.59889700214629
1 13498U 81041C   22357.45386771  .00001674  00000-0  35555-3 0    17\
2 13498  74.0182 231.3838 0010821 276.9662 145.4910 14.59890734214716
1 13498U 81041C   22357.80741475  .00001807  00000-0  38327-3 0    10\
2 13498  74.0182 230.7087 0010820 276.2635 203.5382 14.59892889214764
1 13498U 81041C   22358.41219021  .00001694  00000-0  35980-3 0  4576\
2 13498  74.0182 229.5537 0010813 275.1595 141.8062 14.59894589218813
1 13498U 81041C   22358.41219021  .00001694  00000-0  35980-3 0    11\
2 13498  74.0182 229.5537 0010813 275.1595 141.8062 14.59894589214853
1 13498U 81041C   22358.75663503  .00001621  00000-0  34447-3 0    13\
2 13498  74.0182 228.8959 0010813 274.4426 152.0533 14.59895563214904
1 13498U 81041C   22359.44118413  .00001539  00000-0  32741-3 0    18\
2 13498  74.0182 227.5886 0010807 273.1877 149.5668 14.59897543215000
1 13498U 81041C   22359.91130285  .00001331  00000-0  28396-3 0    12\
2 13498  74.0182 226.6908 0010804 272.2860 100.2256 14.59897994215078
1 13498U 81041C   22360.42167356  .00001550  00000-0  32962-3 0  4582\
2 13498  74.0181 225.7162 0010795 271.3061 262.4300 14.59900915219108
1 13498U 81041C   22360.42167356  .00001550  00000-0  32962-3 0    16\
2 13498  74.0181 225.7162 0010795 271.3061 262.4300 14.59900915215148
1 13498U 81041C   22360.87040437  .00001678  00000-0  35631-3 0    12\
2 13498  74.0181 224.8593 0010790 270.4312 100.7120 14.59903371215211
1 13498U 81041C   22361.38133897  .00001504  00000-0  32004-3 0    11\
2 13498  74.0180 223.8835 0010784 269.4977 265.8364 14.59904049215289
1 13498U 81041C   22361.78204612  .00001739  00000-0  36901-3 0    19\
2 13498  74.0179 223.1183 0010781 268.6862 211.7681 14.59906910215345
1 13498U 81041C   22362.58667383  .00001545  00000-0  32849-3 0  4595\
2 13498  74.0178 221.5816 0010764 267.1645 120.4074 14.59908480219422
1 13498U 81041C   22362.58667383  .00001545  00000-0  32849-3 0    18\
2 13498  74.0178 221.5816 0010764 267.1645 120.4074 14.59908480215462
1 13498U 81041C   22362.81084351  .00001445  00000-0  30763-3 0    14\
2 13498  74.0178 221.1535 0010757 266.7241 218.5261 14.59908655215499
1 13498U 81041C   22363.36861782  .00001613  00000-0  34274-3 0    14\
2 13498  74.0177 220.0883 0010745 265.7038 269.8244 14.59911350215577
1 13498U 81041C   22364.57292078  .00001774  00000-0  37632-3 0    13\
2 13498  74.0175 217.7883 0010713 263.3812 118.9947 14.59916530215756
1 13498U 81041C   22364.72041622  .00001769  00000-0  37523-3 0  4609\
2 13498  74.0175 217.5066 0010715 263.0817 174.1678 14.59917032219736
1 13498U 81041C   22365.35572880  .00001892  00000-0  40082-3 0    16\
2 13498  74.0176 216.2933 0010713 261.9035 272.9939 14.59920105215865
1 13498U 81041C   22365.75629280  .00001902  00000-0  40283-3 0    12
2 13498  74.0175 215.5283 0010705 261.1108 218.1720 14.59921635215924
1 13498U 81041C   23001.43201707  .00001880  00000-0  39835-3 0    11
2 13498  74.0175 214.2378 0010681 259.8378 169.4069 14.59924138216028
1 13498U 81041C   23001.83246104  .00001875  00000-0  39711-3 0  4612
2 13498  74.0175 213.4730 0010671 259.0741 113.9316 14.59925619220036
1 13498U 81041C   23001.83246104  .00001875  00000-0  39711-3 0    12
2 13498  74.0175 213.4730 0010671 259.0741 113.9316 14.59925619216086
1 13498U 81041C   23002.39045545  .00001982  00000-0  41952-3 0    19
2 13498  74.0174 212.4073 0010658 258.0317 166.4417 14.59928347216162
1 13498U 81041C   23002.86036090  .00001779  00000-0  37710-3 0    17
2 13498  74.0174 211.5099 0010649 257.1345 116.0252 14.59928933216238
1 13498U 81041C   23003.29088028  .00002038  00000-0  43105-3 0    17
2 13498  74.0174 210.6876 0010642 256.3281 218.6050 14.59932000216295
1 13498U 81041C   23004.05320646  .00001750  00000-0  37100-3 0  4626
2 13498  74.0174 209.2317 0010628 254.8841 265.0051 14.59933363220361
1 13498U 81041C   23004.37644330  .00002056  00000-0  43482-3 0    19
2 13498  74.0173 208.6143 0010623 254.2893 163.7623 14.59936413216459
1 13498U 81041C   23004.65134274  .00002116  00000-0  44731-3 0    16
2 13498  74.0178 208.0893 0010607 253.8621 168.4056 14.59937616216498
1 13498U 81041C   23005.53593549  .00002191  00000-0  46282-3 0    14
2 13498  74.0177 206.3998 0010578 252.2141 137.3724 14.59941625216628
1 13498U 81041C   23005.80684911  .00002200  00000-0  46486-3 0    15
2 13498  74.0177 205.8824 0010579 251.6700 121.1979 14.59942801216669
1 13498U 81041C   23006.31736711  .00002463  00000-0  51954-3 0  4637
2 13498  74.0176 204.9073 0010546 250.7299 284.2199 14.59946277220695
1 13498U 81041C   23006.36476809  .00002473  00000-0  52160-3 0    10
2 13498  74.0176 204.8168 0010550 250.6291 173.3490 14.59946557216749
1 13498U 81041C   23006.99831620  .00002409  00000-0  50830-3 0    16
2 13498  74.0176 203.6067 0010537 249.4470 262.9749 14.59949539216839
1 13498U 81041C   23007.87223472  .00002654  00000-0  55919-3 0    19
2 13498  74.0175 201.9376 0010520 247.8464 175.8565 14.59954953216967
1 13498U 81041C   23008.35201907  .00002442  00000-0  51512-3 0  4645
2 13498  74.0175 201.0211 0010504 246.9319 177.4058 14.59956808220991
1 13498U 81041C   23008.35201907  .00002442  00000-0  51512-3 0    12
2 13498  74.0175 201.0211 0010504 246.9319 177.4058 14.59956808217032
1 13498U 81041C   23008.90081199  .00002721  00000-0  57301-3 0    14
2 13498  74.0176 199.9730 0010490 245.8975 181.6311 14.59960605217112
1 13498U 81041C   23009.26385449  .00002621  00000-0  55234-3 0    11
2 13498  74.0176 199.2796 0010476 245.2266 289.6190 14.59962205217165
1 13498U 81041C   23009.94450683  .00002698  00000-0  56829-3 0    14
2 13498  74.0177 197.9796 0010463 243.9880 266.8095 14.59966045217262
1 13498U 81041C   23010.46880740  .00002784  00000-0  58617-3 0  4651
2 13498  74.0177 196.9780 0010453 242.9752 142.3534 14.59969137221299
1 13498U 81041C   23010.46880740  .00002784  00000-0  58617-3 0    17
2 13498  74.0177 196.9780 0010453 242.9752 142.3534 14.59969137217340
1 13498U 81041C   23010.97284760  .00003259  00000-0  68494-3 0    15
2 13498  74.0178 196.0153 0010441 242.0846 271.3404 14.59973547217415
1 13498U 81041C   23011.57152625  .00003235  00000-0  67978-3 0    16
2 13498  74.0179 194.8718 0010427 240.9635 177.7701 14.59977114217509
1 13498U 81041C   23011.93159219  .00003402  00000-0  71448-3 0    15
2 13498  74.0180 194.1841 0010421 240.2327 270.2022 14.59979828217550
1 13498U 81041C   23012.68029816  .00003368  00000-0  70749-3 0  4666
2 13498  74.0181 192.7540 0010411 238.9432 245.0273 14.59984723221622
1 13498U 81041C   23012.96053230  .00003829  00000-0  80321-3 0    18
2 13498  74.0181 192.2187 0010404 238.4676 277.7939 14.59987936217705
1 13498U 81041C   23013.55834932  .00003893  00000-0  81650-3 0    17
2 13498  74.0181 191.0768 0010387 237.2949 179.7826 14.59992725217794
1 13498U 81041C   23013.91871565  .00004546  00000-0  95235-3 0    10
2 13498  74.0185 190.3885 0010369 236.7025 273.6744 14.59996740217849
1 13498U 81041C   23014.51844062  .00004514  00000-0  94549-3 0    11
2 13498  74.0184 189.2429 0010350 235.5701 185.6675 14.60002256217934
1 13498U 81041C   23014.94865041  .00005153  00000-0  10782-2 0  4670
2 13498  74.0184 188.4212 0010341 234.8357 286.6633 14.60007622221959
1 13498U 81041C   23015.54777904  .00004928  00000-0  10314-2 0    11
2 13498  74.0184 187.2768 0010309 233.5883 195.6589 14.60012914218085
1 13498U 81041C   23015.62596836  .00004923  00000-0  10303-2 0    16
2 13498  74.0184 187.1276 0010326 233.6792 246.3657 14.60013579218096
1 13498U 81041C   23016.50456575  .00006363  00000-0  13292-2 0    19
2 13498  74.0186 185.4493 0010282 232.1344 183.9878 14.60026676218226
1 13498U 81041C   23016.93465161  .00005791  00000-0  12103-2 0    11
2 13498  74.0184 184.6277 0010273 231.3165 284.4498 14.60030324218283
1 13498U 81041C   23017.21211425  .00004902  00000-0  10256-2 0  4682
2 13498  74.0184 184.0977 0010273 230.8495 302.6918 14.60031474222286
1 13498U 81041C   23017.21211425  .00004902  00000-0  10256-2 0    15
2 13498  74.0184 184.0977 0010273 230.8495 302.6918 14.60031474218326
1 13498U 81041C   23017.89295380  .00004415  00000-0  92418-3 0    11
2 13498  74.0184 182.7972 0010239 229.6135 281.0389 14.60038103218424
1 13498U 81041C   23018.41761403  .00005783  00000-0  12081-2 0    10
2 13498  74.0184 181.7950 0010204 228.6155 158.5983 14.60045947218503
1 13498U 81041C   23018.91639122  .00005618  00000-0  11738-2 0    12
2 13498  74.0183 180.8422 0010195 227.7357 260.0579 14.60050514218572
1 13498U 81041C   23019.44619325  .00005111  00000-0  10684-2 0  4699
2 13498  74.0183 179.8302 0010167 226.7248 164.6626 14.60054504222619
1 13498U 81041C   23019.44619325  .00005111  00000-0  10684-2 0    11
2 13498  74.0183 179.8302 0010167 226.7248 164.6626 14.60054504218658
1 13498U 81041C   23020.47862941  .00005185  00000-0  10836-2 0    10
2 13498  74.0187 177.8579 0010127 224.7717 191.0954 14.60065442218809
1 13498U 81041C   23023.84939656  .00005113  00000-0  10677-2 0  4706
2 13498  74.0197 171.4191 0009949 218.5649 267.7834 14.60100098223255
1 13498U 81041C   23025.56103185  .00004581  00000-0  95704-3 0    10
2 13498  74.0199 168.1494 0009844 215.1883 264.4845 14.60115419219549
1 13498U 81041C   23025.84133199  .00004601  00000-0  96121-3 0    16
2 13498  74.0199 167.6140 0009825 214.6957 297.7465 14.60117937219584
1 13498U 81041C   23026.11931654  .00004763  00000-0  99479-3 0  4718
2 13498  74.0198 167.0829 0009813 214.1640 318.8849 14.60120946223582
1 13498U 81041C   23026.43976111  .00004295  00000-0  89758-3 0    18
2 13498  74.0199 166.4707 0009795 213.5125 203.2405 14.60122667219673
1 13498U 81041C   23027.54780918  .00003807  00000-0  79619-3 0    12
2 13498  74.0197 164.3539 0009741 211.4547 267.3127 14.60130664219833
1 13498U 81041C   23027.82196248  .00003775  00000-0  78964-3 0    16
2 13498  74.0197 163.8303 0009723 210.9602 268.2950 14.60132718219872
1 13498U 81041C   23028.49761839  .00003358  00000-0  70315-3 0  4725
2 13498  74.0196 162.5395 0009689 209.6783 219.6949 14.60136998223938
1 13498U 81041C   23028.49761839  .00003358  00000-0  70315-3 0    13
2 13498  74.0196 162.5395 0009689 209.6783 219.6949 14.60136998219977
1 13498U 81041C   23028.78712087  .00003116  00000-0  65289-3 0    12
2 13498  74.0196 161.9864 0009684 209.1670 301.3491 14.60138311220015
1 13498U 81041C   23029.81521543  .00002819  00000-0  59114-3 0    11
2 13498  74.0195 160.0223 0009628 207.3026 305.1849 14.60144500220168
1 13498U 81041C   23030.49414873  .00002588  00000-0  54323-3 0    14
2 13498  74.0195 158.7253 0009596 205.9223 273.9304 14.60147566220266
1 13498U 81041C   23031.12132244  .00002424  00000-0  50917-3 0  4731
2 13498  74.0195 157.5271 0009561 204.6384 330.6232 14.60150597224318
1 13498U 81041C   23031.36745319  .00002578  00000-0  54119-3 0    15
2 13498  74.0195 157.0569 0009550 204.1825 184.3463 14.60152544220394
1 13498U 81041C   23031.80220462  .00002595  00000-0  54451-3 0    19
2 13498  74.0196 156.2264 0009510 203.2832 309.6017 14.60154966220456
1 13498U 81041C   23032.47359247  .00002553  00000-0  53578-3 0    10
2 13498  74.0197 154.9437 0009486 201.9339 238.6959 14.60158520220550
1 13498U 81041C   23033.43032951  .00002917  00000-0  61129-3 0    12
2 13498  74.0199 153.1162 0009416 200.2518 227.4807 14.60165037220696
1 13498U 81041C   23033.78920618  .00002670  00000-0  56003-3 0  4752
2 13498  74.0200 152.4306 0009394 199.5979 313.8270 14.60166006224704
1 13498U 81041C   23034.46764264  .00002729  00000-0  57218-3 0    10
2 13498  74.0201 151.1345 0009360 198.3396 279.8937 14.60170041220843
1 13498U 81041C   23034.74782233  .00002765  00000-0  57955-3 0    15
2 13498  74.0202 150.5993 0009345 197.9010 312.5242 14.60171690220886
1 13498U 81041C   23035.34732059  .00002956  00000-0  61911-3 0    12
2 13498  74.0202 149.4540 0009318 196.6486 223.8221 14.60175967220976
1 13498U 81041C   23035.77737817  .00002920  00000-0  61173-3 0    17
2 13498  74.0203 148.6324 0009293 195.8287 324.3700 14.60178298221037
1 13498U 81041C   23036.10122206  .00002725  00000-0  57133-3 0  4765
2 13498  74.0202 148.0137 0009278 195.1993 226.6323 14.60179587225044
1 13498U 81041C   23036.45456628  .00002858  00000-0  59881-3 0    14
2 13498  74.0203 147.3386 0009266 194.5017 283.9746 14.60182064221135
1 13498U 81041C   23036.73475315  .00002947  00000-0  61725-3 0    18
2 13498  74.0204 146.8033 0009243 193.9932 316.7255 14.60184023221174
1 13498U 81041C   23037.40447997  .00003355  00000-0  70159-3 0    13
2 13498  74.0204 145.5239 0009217 192.6023 237.2059 14.60189532221276
1 13498U 81041C   23037.76295206  .00003650  00000-0  76268-3 0    11
2 13498  74.0204 144.8391 0009194 191.8945 321.5165 14.60192877221322
1 13498U 81041C   23038.44171062  .00004234  00000-0  88358-3 0  4779
2 13498  74.0208 143.5423 0009158 190.6409 289.3364 14.60198782225383
1 13498U 81041C   23038.44171062  .00004234  00000-0  88358-3 0    12
2 13498  74.0208 143.5423 0009158 190.6409 289.3364 14.60198782221424
1 13498U 81041C   23039.39939793  .00004634  00000-0  96617-3 0    11
2 13498  74.0206 141.7126 0009101 188.7603 283.4558 14.60208126221563
1 13498U 81041C   23039.74488611  .00005103  00000-0  10632-2 0    12
2 13498  74.0204 141.0524 0009080 188.1890 299.4298 14.60212618221619
1 13498U 81041C   23040.34907207  .00005441  00000-0  11330-2 0    18
2 13498  74.0203 139.8981 0009036 186.8926 235.4942 14.60219873221702
1 13498U 81041C   23041.05563146  .00006083  00000-0  12655-2 0  4790
2 13498  74.0203 138.5480 0008991 185.3518 349.7549 14.60229038225768
1 13498U 81041C   23041.10409981  .00006114  00000-0  12719-2 0    19
2 13498  74.0203 138.4555 0008987 185.3300 244.4618 14.60229436221816
1 13498U 81041C   23041.73084307  .00006074  00000-0  12634-2 0    10
2 13498  74.0202 137.2580 0008938 184.1330 298.9949 14.60237128221904
1 13498U 81041C   23042.41533816  .00006419  00000-0  13345-2 0    13
2 13498  74.0201 135.9500 0008886 182.7088 297.2441 14.60246405222005
1 13498U 81041C   23043.21990556  .00005909  00000-0  12288-2 0  4809
2 13498  74.0199 134.4127 0008824 181.0768 206.6711 14.60255374226079
1 13498U 81041C   23043.49116551  .00005888  00000-0  12244-2 0    11
2 13498  74.0199 133.8943 0008805 180.5415 192.6145 14.60258672222165
1 13498U 81041C   23044.40180987  .00005643  00000-0  11736-2 0    11
2 13498  74.0198 132.1542 0008730 178.5863 299.8175 14.60269340222293
1 13498U 81041C   23045.35961014  .00005550  00000-0  11541-2 0  4817
2 13498  74.0199 130.3240 0008662 176.5963 294.8838 14.60279840226394
1 13498U 81041C   23045.35961014  .00005550  00000-0  11541-2 0    15
2 13498  74.0199 130.3240 0008662 176.5963 294.8838 14.60279840222435
1 13498U 81041C   23045.62599631  .00005286  00000-0  10994-2 0    14
2 13498  74.0199 129.8150 0008641 176.0500 255.2495 14.60282135222472
1 13498U 81041C   23046.58414531  .00006013  00000-0  12493-2 0    10
2 13498  74.0201 127.9844 0008582 173.7754 252.4788 14.60293915222612
1 13498U 81041C   23046.66877556  .00006028  00000-0  12525-2 0    11
2 13498  74.0201 127.8227 0008576 173.5609 337.4169 14.60295021222624
1 13498U 81041C   23047.33877866  .00006251  00000-0  12983-2 0    16
2 13498  74.0198 126.5411 0008517 172.2131 259.5738 14.60303037222725
1 13498U 81041C   23047.69802137  .00006269  00000-0  13019-2 0  4827
2 13498  74.0198 125.8548 0008477 171.6695 347.9151 14.60307468226739
1 13498U 81041C   23047.69802137  .00006269  00000-0  13019-2 0    14
2 13498  74.0198 125.8548 0008477 171.6695 347.9151 14.60307468222779
1 13498U 81041C   23048.29585521  .00004946  00000-0  10286-2 0    19
2 13498  74.0203 124.7133 0008436 170.1350 251.0408 14.60312080222867
1 13498U 81041C   23048.93390284  .00003925  00000-0  81750-3 0    11
2 13498  74.0202 123.4941 0008422 168.4518   5.6516 14.60317286222956
1 13498U 81041C   23049.45118022  .00003581  00000-0  74642-3 0    17
2 13498  74.0202 122.5057 0008397 167.3572 205.0346 14.60321233223037
1 13498U 81041C   23049.60785881  .00003531  00000-0  73613-3 0  4833
2 13498  74.0202 122.2063 0008394 167.0117 308.7267 14.60322556227014
1 13498U 81041C   23050.63621944  .00002973  00000-0  62063-3 0    19
2 13498  74.0197 120.2410 0008347 164.6405 315.1453 14.60328187223204
1 13498U 81041C   23051.59511079  .00002859  00000-0  59702-3 0    11
2 13498  74.0194 118.4083 0008283 162.5027 316.2892 14.60333726223341
1 13498U 81041C   23052.27034977  .00002891  00000-0  60355-3 0  4841
2 13498  74.0190 117.1177 0008249 161.0744 266.1335 14.60337962227401
1 13498U 81041C   23052.62340861  .00002968  00000-0  61960-3 0    15
2 13498  74.0190 116.4430 0008233 160.2198 322.3356 14.60340419223496
1 13498U 81041C   23052.90715015  .00003230  00000-0  67364-3 0    10
2 13498  74.0189 115.9006 0008207 159.6287  14.0085 14.60342950223530
1 13498U 81041C   23053.58801208  .00002827  00000-0  59030-3 0    17
2 13498  74.0187 114.5992 0008164 158.0780 353.5436 14.60345877223633
1 13498U 81041C   23054.53098559  .00002796  00000-0  58388-3 0  4856
2 13498  74.0185 112.7968 0008080 155.9467 271.0954 14.60351759227739
1 13498U 81041C   23054.61582278  .00002780  00000-0  58058-3 0    12
2 13498  74.0185 112.6346 0008077 155.6755 357.1955 14.60352283223782
1 13498U 81041C   23054.89363052  .00003147  00000-0  65632-3 0    13
2 13498  74.0185 112.1036 0008076 154.9571  17.8251 14.60355067223827
1 13498U 81041C   23055.57450171  .00002692  00000-0  56230-3 0    16
2 13498  74.0184 110.8022 0008026 153.4821 357.3642 14.60357972223927
1 13498U 81041C   23056.60249674  .00002562  00000-0  53546-3 0    18
2 13498  74.0183 108.8374 0007958 151.1504   1.9545 14.60363467224076
1 13498U 81041C   23056.60249674  .00002562  00000-0  53546-3 0  4865
2 13498  74.0183 108.8374 0007958 151.1504   1.9545 14.60363467228036
1 13498U 81041C   23057.56107007  .00003160  00000-0  65866-3 0    10
2 13498  74.0183 107.0053 0007943 148.9660   1.5986 14.60370861224219
1 13498U 81041C   23057.90792157  .00002970  00000-0  61942-3 0    13
2 13498  74.0183 106.3424 0007924 148.2003  25.1298 14.60372244224266
1 13498U 81041C   23058.58923109  .00007245  00000-0  15006-2 0    10
2 13498  74.0182 105.0402 0007877 146.7779   6.9934 14.60392533224365
1 13498U 81041C   23058.58923109  .00007245  00000-0  15006-2 0  4878
2 13498  74.0182 105.0402 0007877 146.7779   6.9934 14.60392533228325
1 13498U 81041C   23058.86694204  .00004924  00000-0  10224-2 0    10
2 13498  74.0184 104.5094 0007851 146.0886  27.0902 14.60383962224402
1 13498U 81041C   23059.11386376  .00004992  00000-0  10365-2 0  4887
2 13498  74.0184 104.0374 0007838 145.5372 245.2709 14.60386380228407
1 13498U 81041C   23059.54763731  .00004538  00000-0  94274-3 0    17
2 13498  74.0184 103.2084 0007808 144.5537   5.8365 14.60389214224509
1 13498U 81041C   23059.89468132  .00004050  00000-0  84211-3 0    11
2 13498  74.0184 102.5451 0007791 143.7374  30.4548 14.60391340224555
1 13498U 81041C   23060.85363684  .00003375  00000-0  70266-3 0    19
2 13498  74.0183 100.7121 0007764 141.4497  32.3111 14.60398682224697
1 13498U 81041C   23061.17390907  .00003138  00000-0  65373-3 0  4893
2 13498  74.0182 100.0998 0007753 140.7385 276.1437 14.60400796228702
1 13498U 81041C   23061.53420139  .00003060  00000-0  63759-3 0    14
2 13498  74.0184  99.4111 0007725 139.9802  10.3436 14.60403298224797
1 13498U 81041C   23062.56263101  .00004033  00000-0  83819-3 0    12
2 13498  74.0182  97.4452 0007686 137.5955  17.4477 14.60413171224941
1 13498U 81041C   23062.84012053  .00004517  00000-0  93784-3 0    10
2 13498  74.0183  96.9148 0007692 136.8310  36.5124 14.60416515224982
1 13498U 81041C   23063.52283196  .00005099  00000-0  10576-2 0  4909
2 13498  74.0181  95.6096 0007682 135.2209  26.0109 14.60423777229044
1 13498U 81041C   23063.52283196  .00005099  00000-0  10576-2 0    17
2 13498  74.0181  95.6096 0007682 135.2209  26.0109 14.60423777225084
1 13498U 81041C   23063.86743972  .00004732  00000-0  98207-3 0    18
2 13498  74.0181  94.9507 0007667 134.2377  38.0340 14.60426038225130
1 13498U 81041C   23064.18981472  .00005084  00000-0  10544-2 0    11
2 13498  74.0179  94.3344 0007628 133.6355 292.8406 14.60430111225181
1 13498U 81041C   23064.82647255  .00005203  00000-0  10787-2 0    12
2 13498  74.0178  93.1172 0007597 132.0570  40.3102 14.60436670225278
1 13498U 81041C   23065.85394029  .00005236  00000-0  10853-2 0  4917
2 13498  74.0177  91.1529 0007532 129.4716  42.6865 14.60447906229383
1 13498U 81041C   23065.90294264  .00005788  00000-0  11990-2 0    15
2 13498  74.0173  91.0593 0007496 129.2657 300.4237 14.60449725225431
1 13498U 81041C   23066.81319646  .00007225  00000-0  14944-2 0    18
2 13498  74.0175  89.3189 0007477 127.2273  46.2810 14.60462799225567
1 13498U 81041C   23067.81795097  .00009251  00000-0  19103-2 0    10
2 13498  74.0174  87.3977 0007457 124.8662 289.1474 14.60478034225712
1 13498U 81041C   23068.28906310  .00005789  00000-0  11985-2 0  4920
2 13498  74.0174  86.4969 0007447 123.6231 246.3470 14.60477618229735
1 13498U 81041C   23068.84703880  .00006670  00000-0  13794-2 0    15
2 13498  74.0175  85.4302 0007446 122.3803 300.0734 14.60486045225861
1 13498U 81041C   23069.48026433  .00006659  00000-0  13768-2 0    16
2 13498  74.0176  84.2195 0007436 120.8489  29.5895 14.60494650225953
1 13498U 81041C   23070.50899877  .00005706  00000-0  11805-2 0    13
2 13498  74.0179  82.2528 0007432 118.3602  38.7381 14.60506070226109
1 13498U 81041C   23070.83354744  .00005297  00000-0  10964-2 0  4933
2 13498  74.0178  81.6321 0007404 117.5844 305.2351 14.60509162230110
1 13498U 81041C   23071.46674868  .00005477  00000-0  11332-2 0    10
2 13498  74.0180  80.4216 0007407 116.0324  34.6968 14.60517150226245
1 13498U 81041C   23071.79124045  .00005269  00000-0  10903-2 0    15
2 13498  74.0181  79.8012 0007406 115.2708 300.8927 14.60520256226297
1 13498U 81041C   23072.49586826  .00004735  00000-0  98046-3 0    14
2 13498  74.0184  78.4541 0007411 113.5167  45.9778 14.60526908226390
1 13498U 81041C   23072.81894307  .00004645  00000-0  96193-3 0    17
2 13498  74.0185  77.8365 0007404 112.7458 304.7469 14.60529765226447
1 13498U 81041C   23073.09355394  .00004585  00000-0  94943-3 0  4946
2 13498  74.0185  77.3114 0007392 111.9965 308.7830 14.60532448230447
1 13498U 81041C   23073.45316918  .00004817  00000-0  99720-3 0    15
2 13498  74.0185  76.6239 0007405 111.2073  39.6252 14.60536401226531
1 13498U 81041C   23073.77791578  .00005494  00000-0  11361-2 0    15
2 13498  74.0185  76.0030 0007408 110.4136 307.2164 14.60540961226585
1 13498U 81041C   23074.48182742  .00005613  00000-0  11603-2 0    13
2 13498  74.0186  74.6573 0007414 108.4972  48.7506 14.60548563226688
1 13498U 81041C   23075.16113108  .00006067  00000-0  12535-2 0  4955
2 13498  74.0185  73.3584 0007403 106.7002  20.8542 14.60557442230747
1 13498U 81041C   23075.43961111  .00006020  00000-0  12437-2 0    13
2 13498  74.0185  72.8260 0007410 105.9765  45.2283 14.60560870226823
1 13498U 81041C   23076.40022170  .00004078  00000-0  84467-3 0    18
2 13498  74.0183  70.9890 0007408 103.6364  56.4113 14.60567085226962
1 13498U 81041C   23077.14694211  .00003870  00000-0  80183-3 0  4969
2 13498  74.0182  69.5611 0007400 101.9743  22.7578 14.60573359231036
1 13498U 81041C   23077.95074167  .00003740  00000-0  77487-3 0    11
2 13498  74.0182  68.0239 0007421  99.9890 289.4464 14.60579533227196
1 13498U 81041C   23078.45529142  .00003916  00000-0  81095-3 0    10
2 13498  74.0182  67.0591 0007431  98.6915  62.6239 14.60583726227269
1 13498U 81041C   23078.77872272  .00004103  00000-0  84938-3 0    18
2 13498  74.0183  66.4406 0007429  97.8725 323.3817 14.60586868227310
1 13498U 81041C   23079.24877620  .00004250  00000-0  87952-3 0  4974
2 13498  74.0184  65.5418 0007445  96.5463 275.2904 14.60591067231333
1 13498U 81041C   23079.40691863  .00004275  00000-0  88460-3 0    18
2 13498  74.0184  65.2394 0007450  96.1184  26.9101 14.60592456227401
1 13498U 81041C   23079.73679726  .00004406  00000-0  91137-3 0    19
2 13498  74.0185  64.6086 0007459  95.2967 321.5672 14.60595650227452
1 13498U 81041C   23080.37113814  .00004276  00000-0  88467-3 0    19
2 13498  74.0186  63.3956 0007457  93.7641  57.1916 14.60600841227547
1 13498U 81041C   23080.76563446  .00004222  00000-0  87355-3 0    18
2 13498  74.0187  62.6413 0007474  92.7295 331.7025 14.60604167227605
1 13498U 81041C   23081.39877669  .00004490  00000-0  92845-3 0  4980
2 13498  74.0189  61.4305 0007466  91.2362  61.0104 14.60610697231650
1 13498U 81041C   23081.72312507  .00004761  00000-0  98389-3 0    12
2 13498  74.0191  60.8104 0007465  90.4975 326.5405 14.60614569227743
1 13498U 81041C   23082.35752125  .00004771  00000-0  98573-3 0    12
2 13498  74.0190  59.5973 0007461  88.9816  62.4811 14.60620370227837
1 13498U 81041C   23082.95659117  .00006661  00000-0  13731-2 0    17
2 13498  74.0193  58.4518 0007476  87.6569 332.5760 14.60631694227925
1 13498U 81041C   23083.37979549  .00022087  00000-0  45244-2 0  4993
2 13498  74.0196  57.6426 0007509  86.8769  37.7994 14.60670838231940
1 13498U 81041C   23083.37979549  .00022087  00000-0  45244-2 0    12
2 13498  74.0196  57.6426 0007509  86.8769  37.7994 14.60670838227989
1 13498U 81041C   23083.70945206  .00008952  00000-0  18422-2 0  5009
2 13498  74.0199  57.0123 0007520  85.7932 331.5800 14.60645596231993
1 13498U 81041C   23083.70945206  .00008952  00000-0  18422-2 0    15
2 13498  74.0199  57.0123 0007520  85.7932 331.5800 14.60645596228034
1 13498U 81041C   23084.94251928  .00005980  00000-0  12328-2 0    10
2 13498  74.0203  54.6547 0007514  82.9754 335.6261 14.60659076228211
1 13498U 81041C   23085.20767575  .00005645  00000-0  11640-2 0  5019
2 13498  74.0203  54.1477 0007513  82.3212 290.0000 14.60661420232205
1 13498U 81041C   23085.96951948  .00005221  00000-0  10770-2 0    19
2 13498  74.0203  52.6910 0007540  80.4905 336.2544 14.60668252228366
1 13498U 81041C   23086.59799946  .00004699  00000-0  96991-3 0    15
2 13498  74.0203  51.4893 0007518  78.9585  41.2361 14.60673313228458
1 13498U 81041C   23086.92893514  .00004906  00000-0  10122-2 0    10
2 13498  74.0203  50.8565 0007505  78.1025 341.5789 14.60676821228507
1 13498U 81041C   23087.35186167  .00004867  00000-0  10041-2 0  5029
2 13498  74.0202  50.0478 0007519  77.0695  45.6337 14.60680904232522
1 13498U 81041C   23087.35186167  .00004867  00000-0  10041-2 0    13
2 13498  74.0202  50.0478 0007519  77.0695  45.6337 14.60680904228561
1 13498U 81041C   23087.88228486  .00005368  00000-0  11067-2 0    18
2 13498  74.0201  49.0335 0007526  75.8575 314.9108 14.60687463228645
1 13498U 81041C   23088.58398326  .00005962  00000-0  12282-2 0    17
2 13498  74.0202  47.6917 0007557  74.2961  44.8264 14.60695440228749
1 13498U 81041C   23088.71077784  .00006112  00000-0  12588-2 0    11
2 13498  74.0202  47.4492 0007540  74.0045 351.5937 14.60697027228768
1 13498U 81041C   23089.66882281  .00006456  00000-0  13288-2 0  5038
2 13498  74.0201  45.6171 0007551  71.7716 349.6629 14.60708660232860
1 13498U 81041C   23089.66882281  .00006456  00000-0  13288-2 0    11
2 13498  74.0201  45.6171 0007551  71.7716 349.6629 14.60708660228900
1 13498U 81041C   23091.33012557  .00006105  00000-0  12565-2 0    17
2 13498  74.0205  42.4401 0007571  67.7222  86.2271 14.60728698229141
1 13498U 81041C   23091.65358986  .00005405  00000-0  11131-2 0    11
2 13498  74.0206  41.8215 0007594  67.0217 347.2046 14.60730651229197
1 13498U 81041C   23092.00844865  .00005499  00000-0  11324-2 0  5042
2 13498  74.0207  41.1428 0007585  66.1070  53.4276 14.60735118233205
1 13498U 81041C   23092.28822866  .00005467  00000-0  11256-2 0    10
2 13498  74.0208  40.6079 0007604  65.5385  84.6569 14.60738213229289
1 13498U 81041C   23092.88736830  .00004511  00000-0  93005-3 0    13
2 13498  74.0210  39.4620 0007614  64.0783 355.4965 14.60742431229373
1 13498U 81041C   23093.31028885  .00005011  00000-0  10322-2 0    12
2 13498  74.0210  38.6532 0007635  63.1117  59.5556 14.60747846229430
1 13498U 81041C   23093.91591118  .00004793  00000-0  98743-3 0    12
2 13498  74.0212  37.4950 0007655  61.6969   4.4483 14.60753310229524
1 13498U 81041C   23094.18963142  .00004979  00000-0  10254-2 0  5057
2 13498  74.0214  36.9717 0007640  61.1164   3.8542 14.60756274233523
1 13498U 81041C   23094.27464931  .00004963  00000-0  10222-2 0    18
2 13498  74.0214  36.8091 0007646  60.9861  90.8864 14.60757179229572
1 13498U 81041C   23094.94442604  .00004464  00000-0  91989-3 0    11
2 13498  74.0215  35.5283 0007656  59.3686  13.2342 14.60762372229672
1 13498U 81041C   23095.30246394  .00004496  00000-0  92645-3 0    15
2 13498  74.0217  34.8437 0007666  58.5802  96.0823 14.60765912229721
1 13498U 81041C   23095.90194348  .00004271  00000-0  88036-3 0    12
2 13498  74.0218  33.6975 0007674  57.1623   8.7283 14.60771015229812
1 13498U 81041C   23096.26042345  .00004116  00000-0  84864-3 0  5064
2 13498  74.0220  33.0121 0007694  56.3678  93.9161 14.60773848233828
1 13498U 81041C   23096.58502135  .00003947  00000-0  81397-3 0    16
2 13498  74.0221  32.3915 0007704  55.6095   0.9657 14.60776333229914
1 13498U 81041C   23096.78496034  .00003897  00000-0  80375-3 0    17
2 13498  74.0221  32.0091 0007712  55.1761 332.4063 14.60778055229940
1 13498U 81041C   23097.28254657  .00004079  00000-0  84075-3 0    10
2 13498  74.0221  31.0577 0007704  53.9219  69.2970 14.60782670230013
1 13498U 81041C   23098.57034517  .00003774  00000-0  77822-3 0    17
2 13498  74.0222  28.5951 0007761  51.0791   1.6779 14.60792469230203
1 13498U 81041C   23098.77164644  .00003734  00000-0  76998-3 0  5074
2 13498  74.0221  28.2102 0007772  50.6619 340.2746 14.60794061234191
1 13498U 81041C   23099.26882081  .00003637  00000-0  75012-3 0    18
2 13498  74.0223  27.2595 0007788  49.5172  74.9179 14.60797600230308
1 13498U 81041C   23099.79897668  .00003544  00000-0  73112-3 0    19
2 13498  74.0222  26.2457 0007822  48.3948 342.9200 14.60801466230387
1 13498U 81041C   23100.55787021  .00004046  00000-0  83366-3 0    17
2 13498  74.0221  24.7944 0007811  46.6145  14.0036 14.60808318230497
1 13498U 81041C   23100.75715007  .00004065  00000-0  83747-3 0    18
2 13498  74.0221  24.4133 0007820  46.1681 342.0147 14.60810021230529
1 13498U 81041C   23101.18506375  .00003661  00000-0  75474-3 0  5083
2 13498  74.0220  23.5949 0007834  45.1682  72.4525 14.60812155234548
1 13498U 81041C   23101.58548771  .00004013  00000-0  82667-3 0    15
2 13498  74.0220  22.8291 0007849  44.2967  18.2620 14.60816254230647
1 13498U 81041C   23101.78502626  .00003801  00000-0  78326-3 0    17
2 13498  74.0219  22.4474 0007856  43.8431 347.6452 14.60817349230674
1 13498U 81041C   23102.54312253  .00003529  00000-0  72770-3 0    11
2 13498  74.0219  20.9975 0007876  41.9945  14.6492 14.60822736230787
1 13498U 81041C   23103.24725538  .00003539  00000-0  72971-3 0    17
2 13498  74.0219  19.6508 0007891  40.3651 117.7736 14.60828317230886
1 13498U 81041C   23104.52969253  .00004019  00000-0  82754-3 0    17
2 13498  74.0219  17.1980 0007938  37.5369  22.1708 14.60839453231072
1 13498U 81041C   23105.55755205  .00004657  00000-0  95761-3 0    11
2 13498  74.0221  15.2321 0007978  35.3489  27.6941 14.60849972231229
1 13498U 81041C   23105.83243200  .00004729  00000-0  97221-3 0  5107
2 13498  74.0221  14.7064 0007988  34.7616  33.2993 14.60852806235227
1 13498U 81041C   23105.83243200  .00004729  00000-0  97221-3 0    12
2 13498  74.0221  14.7064 0007988  34.7616  33.2993 14.60852806231267
1 13498U 81041C   23106.19089723  .00004671  00000-0  96020-3 0    12
2 13498  74.0223  14.0208 0008012  34.1302 118.3516 14.60855986231311
1 13498U 81041C   23106.86004163  .00004875  00000-0  10018-2 0    19
2 13498  74.0223  12.7411 0008029  32.6407  37.4892 14.60863080231412
1 13498U 81041C   23107.54382317  .00004865  00000-0  99949-3 0    15
2 13498  74.0223  11.4334 0008048  31.1640  33.5776 14.60869921231515
1 13498U 81041C   23107.81712590  .00004802  00000-0  98660-3 0    15
2 13498  74.0224  10.9108 0008057  30.6176  30.8700 14.60872584231557
1 13498U 81041C   23108.17678394  .00004493  00000-0  92362-3 0    17
2 13498  74.0225  10.2231 0008071  29.8690 122.3348 14.60875213231608
1 13498U 81041C   23108.85497289  .00004651  00000-0  95557-3 0    19
2 13498  74.0224   8.9260 0008091  28.1512  89.2943 14.60882171231704
1 13498U 81041C   23109.12937421  .00004751  00000-0  97599-3 0    16
2 13498  74.0223   8.4012 0008104  27.6629  92.3136 14.60884650231748
1 13498U 81041C   23109.88256569  .00004756  00000-0  97684-3 0    16
2 13498  74.0222   6.9607 0008130  26.0471  93.4831 14.60891614231851
1 13498U 81041C   23110.15634247  .00004030  00000-0  82881-3 0    19
2 13498  74.0222   6.4372 0008151  25.5527  93.2341 14.60892212231897
1 13498U 81041C   23111.12235935  .00003844  00000-0  79072-3 0    18
2 13498  74.0220   4.5896 0008184  23.4276 133.7736 14.60899902232037
1 13498U 81041C   23112.47339010  .00003354  00000-0  69070-3 0    19
2 13498  74.0216   2.0054 0008246  20.4990  39.1982 14.60908827232231
1 13498U 81041C   23112.82698725  .00003028  00000-0  62405-3 0    12
2 13498  74.0215   1.3290 0008266  19.8400  98.7575 14.60910461232285
1 13498U 81041C   23113.10204205  .00003389  00000-0  69778-3 0    10
2 13498  74.0214   0.8029 0008271  19.2154 105.3783 14.60913000232327
1 13498U 81041C   23113.70055664  .00003515  00000-0  72327-3 0  5132
2 13498  74.0213 359.6580 0008291  17.8462  13.2181 14.60917435236375
1 13498U 81041C   23113.70055664  .00003515  00000-0  72327-3 0    14
2 13498  74.0213 359.6580 0008291  17.8462  13.2181 14.60917435232416
1 13498U 81041C   23114.13442817  .00004192  00000-0  86129-3 0    19
2 13498  74.0211 358.8279 0008320  16.7611 135.2334 14.60922472232475
1 13498U 81041C   23115.41630656  .00004414  00000-0  90613-3 0    11
2 13498  74.0209 356.3755 0008366  14.1794  36.9049 14.60936949232663
1 13498U 81041C   23116.44532098  .00002708  00000-0  55842-3 0    15
2 13498  74.0209 354.4070 0008396  11.9914  48.8531 14.60942436232817
1 13498U 81041C   23116.91538045  .00002487  00000-0  51330-3 0    17
2 13498  74.0209 353.5078 0008405  10.8846   1.1760 14.60945272232882
1 13498U 81041C   23116.99360248  .00002475  00000-0  51093-3 0  5156
2 13498  74.0209 353.3582 0008407  10.7090  52.5838 14.60945704236859
1 13498U 81041C   23117.47219736  .00002576  00000-0  53149-3 0    11
2 13498  74.0209 352.4427 0008433   9.6755  49.7099 14.60948587232968
1 13498U 81041C   23118.43131000  .00002501  00000-0  51602-3 0    15
2 13498  74.0209 350.6078 0008479   7.5349  54.1574 14.60953311233102
1 13498U 81041C   23119.06450189  .00002518  00000-0  51945-3 0  5166
2 13498  74.0206 349.3966 0008490   6.2158 144.3432 14.60956803237150
1 13498U 81041C   23119.45897872  .00002514  00000-0  51876-3 0    11
2 13498  74.0206 348.6420 0008504   5.3776  59.0595 14.60958860233253
1 13498U 81041C   23120.09195365  .00002509  00000-0  51761-3 0    18
2 13498  74.0206 347.4311 0008528   4.0058 148.1698 14.60962319233342
1 13498U 81041C   23121.44482201  .00002379  00000-0  49099-3 0  5174
2 13498  74.0204 344.8431 0008577   1.1194  63.5108 14.60968865237507
1 13498U 81041C   23121.44482201  .00002379  00000-0  49099-3 0    12
2 13498  74.0204 344.8431 0008577   1.1194  63.5108 14.60968865233547
1 13498U 81041C   23121.64930198  .00002357  00000-0  48656-3 0    11
2 13498  74.0203 344.4519 0008582   0.6726  58.9762 14.60969882233577
1 13498U 81041C   23122.07226786  .00002463  00000-0  50806-3 0    18
2 13498  74.0202 343.6428 0008593 359.7896 123.5327 14.60972302233638
1 13498U 81041C   23122.75597675  .00002513  00000-0  51827-3 0    11
2 13498  74.0201 342.3347 0008619 358.2558 119.5611 14.60975995233734
1 13498U 81041C   23123.42926948  .00002370  00000-0  48914-3 0    19
2 13498  74.0199 341.0466 0008643 356.8315  60.7247 14.60978748233832
1 13498U 81041C   23123.70537793  .00002352  00000-0  48546-3 0  5180
2 13498  74.0198 340.5184 0008653 356.2264  72.9332 14.60980097237834
1 13498U 81041C   23123.70537793  .00002352  00000-0  48546-3 0    17
2 13498  74.0198 340.5184 0008653 356.2264  72.9332 14.60980097233874
1 13498U 81041C   23124.58827858  .00002544  00000-0  52454-3 0    14
2 13498  74.0197 338.8293 0008695 354.3542  36.5471 14.60985190234003
1 13498U 81041C   23124.85851008  .00002574  00000-0  53064-3 0    19
2 13498  74.0196 338.3123 0008696 353.7029  17.9107 14.60986627234042
1 13498U 81041C   23125.88561654  .00002887  00000-0  59427-3 0  5198
2 13498  74.0194 336.3472 0008736 351.4284  20.0940 14.60992789238149
1 13498U 81041C   23126.57405207  .00003835  00000-0  78716-3 0    18
2 13498  74.0192 335.0299 0008760 349.9652  40.9531 14.60999737234297
1 13498U 81041C   23127.60751473  .00003610  00000-0  74116-3 0    13
2 13498  74.0191 333.0524 0008796 347.7187  76.5656 14.61005032234440
1 13498U 81041C   23127.75569425  .00003673  00000-0  75393-3 0    10
2 13498  74.0191 332.7689 0008804 347.3605 135.9708 14.61006103234469
1 13498U 81041C   23128.02897200  .00003769  00000-0  77348-3 0  5200
2 13498  74.0191 332.2460 0008820 346.7769 133.3022 14.61008255238468
1 13498U 81041C   23128.90856545  .00003610  00000-0  74117-3 0    14
2 13498  74.0191 330.5628 0008851 344.8362  79.6828 14.61013595234631
1 13498U 81041C   23129.59247937  .00003416  00000-0  70158-3 0    14
2 13498  74.0191 329.2542 0008876 343.3659  76.8245 14.61017564234734
1 13498U 81041C   23129.94538403  .00003391  00000-0  69650-3 0    11
2 13498  74.0191 328.5789 0008900 342.5809 133.0056 14.61019587234783
1 13498U 81041C   23130.81577841  .00004244  00000-0  86985-3 0    16
2 13498  74.0195 326.9133 0008915 340.6776  31.0269 14.61027571234910
1 13498U 81041C   23131.24675990  .00003712  00000-0  76149-3 0    18
2 13498  74.0195 326.0886 0008929 339.8083 137.7967 14.61029360234975
1 13498U 81041C   23131.72743465  .00003878  00000-0  79524-3 0    17
2 13498  74.0195 325.1688 0008954 338.7516 146.0247 14.61033165235043
1 13498U 81041C   23132.00133198  .00003540  00000-0  72659-3 0    13
2 13498  74.0195 324.6449 0008956 338.1487 146.6594 14.61034445235082
1 13498U 81041C   23132.80147458  .00003892  00000-0  79797-3 0    15
2 13498  74.0195 323.1140 0008996 336.4180  35.1981 14.61040927235207
1 13498U 81041C   23133.23234091  .00003571  00000-0  73263-3 0  5227
2 13498  74.0194 322.2896 0009012 335.5194 141.4149 14.61043382239220
1 13498U 81041C   23133.56484508  .00003232  00000-0  66367-3 0    16
2 13498  74.0193 321.6533 0009036 334.8163  90.2908 14.61044977235315
1 13498U 81041C   23133.91738532  .00003161  00000-0  64932-3 0    11
2 13498  74.0194 320.9788 0009062 334.0675 144.5566 14.61047054235366
1 13498U 81041C   23134.59223367  .00002789  00000-0  57356-3 0    18
2 13498  74.0193 319.6875 0009083 332.6295  94.0885 14.61050747235469
1 13498U 81041C   23134.86574272  .00002890  00000-0  59397-3 0    12
2 13498  74.0192 319.1642 0009082 332.0114  92.7159 14.61052752235500
1 13498U 81041C   23135.61938550  .00002752  00000-0  56593-3 0  5230
2 13498  74.0188 317.7221 0009097 330.3833  96.7236 14.61056753239573
1 13498U 81041C   23135.47488612  .00002784  00000-0  57238-3 0    16
2 13498  74.0188 317.9986 0009093 330.7025  56.6781 14.61055955235597
1 13498U 81041C   23136.57703920  .00002514  00000-0  51744-3 0    17
2 13498  74.0186 315.8895 0009136 328.4223  93.6974 14.61061842235758
1 13498U 81041C   23136.77278185  .00002476  00000-0  50966-3 0    11
2 13498  74.0186 315.5149 0009160 328.0571  43.2111 14.61062689235783
1 13498U 81041C   23137.89012252  .00002179  00000-0  44926-3 0  5245
2 13498  74.0185 313.3765 0009209 325.8821 159.9993 14.61067541239902
1 13498U 81041C   23137.95797584  .00002169  00000-0  44722-3 0    13
2 13498  74.0185 313.2467 0009212 325.7533 156.8795 14.61067863235957
1 13498U 81041C   23138.56330831  .00001989  00000-0  41061-3 0    11
2 13498  74.0185 312.0883 0009218 324.4490 100.8335 14.61070227236048
1 13498U 81041C   23138.92191144  .00002044  00000-0  42191-3 0    11
2 13498  74.0185 311.4020 0009234 323.7030 187.0057 14.61071965236097
1 13498U 81041C   23139.95023347  .00002221  00000-0  45778-3 0    15
2 13498  74.0186 309.4339 0009285 321.6486 195.6763 14.61077077236242
1 13498U 81041C   23140.22720487  .00002822  00000-0  57992-3 0  5255
2 13498  74.0186 308.9038 0009291 321.0487 212.5167 14.61080436240249
1 13498U 81041C   23140.90763529  .00003123  00000-0  64103-3 0    10
2 13498  74.0187 307.6016 0009315 319.6515 191.4373 14.61085099236388
1 13498U 81041C   23141.50586014  .00003089  00000-0  63397-3 0    14
2 13498  74.0188 306.4568 0009330 318.4343  97.9688 14.61088269236472
1 13498U 81041C   23141.86733161  .00003321  00000-0  68118-3 0    15
2 13498  74.0188 305.7650 0009348 317.6851 199.2495 14.61091226236525
1 13498U 81041C   23142.45962718  .00003788  00000-0  77578-3 0  5262
2 13498  74.0189 304.6316 0009362 316.4639  74.6290 14.61096805240566
1 13498U 81041C   23142.45962718  .00003788  00000-0  77578-3 0    10
2 13498  74.0189 304.6316 0009362 316.4639  74.6290 14.61096805236617
1 13498U 81041C   23142.89323486  .00003314  00000-0  67952-3 0    11
2 13498  74.0189 303.8018 0009380 315.5782 195.3261 14.61097693236677
1 13498U 81041C   23143.84513726  .00002962  00000-0  60802-3 0    10
2 13498  74.0191 301.9802 0009413 313.6739 162.1401 14.61102585236819
1 13498U 81041C   23144.44524366  .00003021  00000-0  61985-3 0  5272
2 13498  74.0191 300.8318 0009428 312.5559  78.5064 14.61106495240851
1 13498U 81041C   23144.87320919  .00002725  00000-0  55972-3 0    13
2 13498  74.0191 300.0129 0009448 311.7302 169.4973 14.61107797236964
1 13498U 81041C   23145.55726931  .00002639  00000-0  54231-3 0    14
2 13498  74.0191 298.7038 0009465 310.3688 167.5310 14.61111164237066
1 13498U 81041C   23145.90741580  .00002467  00000-0  50741-3 0    11
2 13498  74.0191 298.0338 0009487 309.6970 209.2165 14.61112370237119
1 13498U 81041C   23146.50569456  .00002262  00000-0  46567-3 0  5286
2 13498  74.0191 296.8890 0009498 308.5833 115.9880 14.61114691241161
1 13498U 81041C   23146.50569456  .00002262  00000-0  46567-3 0    12
2 13498  74.0191 296.8890 0009498 308.5833 115.9880 14.61114691237201
1 13498U 81041C   23146.86478090  .00002180  00000-0  44908-3 0    10
2 13498  74.0191 296.2018 0009515 307.8965 204.6983 14.61116078237251
1 13498U 81041C   23147.88647425  .00002050  00000-0  42256-3 0    13
2 13498  74.0191 294.2467 0009549 305.7721 178.7472 14.61120230237407
1 13498U 81041C   23148.21684503  .00002233  00000-0  45978-3 0    16
2 13498  74.0191 293.6145 0009551 305.0945 116.4730 14.61122227237456
1 13498U 81041C   23148.84415366  .00002463  00000-0  50644-3 0  5290
2 13498  74.0190 292.4141 0009578 303.9018 175.9817 14.61125763241500
1 13498U 81041C   23148.84415366  .00002463  00000-0  50644-3 0    15
2 13498  74.0190 292.4141 0009578 303.9018 175.9817 14.61125763237549
1 13498U 81041C   23149.51923390  .00002227  00000-0  45851-3 0    13
2 13498  74.0190 291.1222 0009584 302.6507 126.7319 14.61127955237648
1 13498U 81041C   23149.87847593  .00002253  00000-0  46363-3 0    10
2 13498  74.0189 290.4347 0009602 301.9648 216.2768 14.61129578237696
1 13498U 81041C   23150.47622110  .00002235  00000-0  46007-3 0    19
2 13498  74.0189 289.2908 0009629 300.7005 120.4308 14.61132220237782
1 13498U 81041C   23150.83092788  .00002272  00000-0  46745-3 0    11
2 13498  74.0189 288.6120 0009647 300.0217 186.1287 14.61133909237835
1 13498U 81041C   23151.16084078  .00002374  00000-0  48817-3 0  5303
2 13498  74.0189 287.9806 0009656 299.4101 121.3974 14.61135791241842
1 13498U 81041C   23151.51403966  .00002422  00000-0  49800-3 0    13
2 13498  74.0189 287.3046 0009672 298.6502 179.2528 14.61137696237934
1 13498U 81041C   23151.86397553  .00002420  00000-0  49758-3 0    15
2 13498  74.0190 286.6350 0009686 297.9728 219.8707 14.61139360237988
1 13498U 81041C   23152.46224274  .00002570  00000-0  52782-3 0    18
2 13498  74.0190 285.4900 0009701 296.7873 126.7128 14.61142808238077
1 13498U 81041C   23153.49963567  .00002695  00000-0  55321-3 0  5315
2 13498  74.0192 283.5046 0009740 294.7720 183.2991 14.61148406242184
1 13498U 81041C   23153.49963567  .00002695  00000-0  55321-3 0    17
2 13498  74.0192 283.5046 0009740 294.7720 183.2991 14.61148406238224
1 13498U 81041C   23153.84975789  .00002675  00000-0  54905-3 0    10
2 13498  74.0193 282.8345 0009752 294.1120 224.8925 14.61150126238276
1 13498U 81041C   23154.44812934  .00002620  00000-0  53789-3 0    18
2 13498  74.0193 281.6894 0009765 292.9660 132.2645 14.61153028238366
1 13498U 81041C   23154.80699438  .00002541  00000-0  52192-3 0    19
2 13498  74.0194 281.0026 0009778 292.3566 219.7826 14.61154545238414
1 13498U 81041C   23155.48521755  .00002343  00000-0  48169-3 0    19
2 13498  74.0195 279.7047 0009794 291.0439 187.1919 14.61157330238512
1 13498U 81041C   23155.76531729  .00002349  00000-0  48299-3 0  5321
2 13498  74.0196 279.1687 0009804 290.5304 220.4717 14.61158662242515
1 13498U 81041C   23155.76531729  .00002349  00000-0  48299-3 0    12
2 13498  74.0196 279.1687 0009804 290.5304 220.4717 14.61158662238554
1 13498U 81041C   23156.43302772  .00002326  00000-0  47814-3 0    18
2 13498  74.0196 277.8909 0009819 289.2224 132.6128 14.61161977238652
1 13498U 81041C   23156.79256166  .00002442  00000-0  50160-3 0    19
2 13498  74.0196 277.2029 0009832 288.5827 223.6905 14.61163983238704
1 13498U 81041C   23157.47079957  .00002549  00000-0  52326-3 0    10
2 13498  74.0195 275.9051 0009873 287.2900 191.1828 14.61167828238802
1 13498U 81041C   23157.75082326  .00002541  00000-0  52171-3 0    15
2 13498  74.0195 275.3692 0009888 286.7802 224.0695 14.61169185238848
1 13498U 81041C   23158.14466771  .00002586  00000-0  53079-3 0  5336
2 13498  74.0196 274.6155 0009908 285.9567 135.7468 14.61171323242867
1 13498U 81041C   23158.49859036  .00002702  00000-0  55423-3 0    19
2 13498  74.0196 273.9382 0009917 285.2475 197.4022 14.61173555238957
1 13498U 81041C   23158.77815156  .00002737  00000-0  56131-3 0    10
2 13498  74.0196 273.4032 0009906 284.7549 227.8463 14.61175195238991
1 13498U 81041C   23159.45647395  .00002702  00000-0  55425-3 0    11
2 13498  74.0196 272.1052 0009915 283.5200 195.7516 14.61178886239094
1 13498U 81041C   23159.65120693  .00002723  00000-0  55845-3 0    19
2 13498  74.0196 271.7325 0009941 283.0789 140.1154 14.61180011239127
1 13498U 81041C   23160.40442649  .00002635  00000-0  54055-3 0  5347
2 13498  74.0195 270.2912 0009966 281.6121 142.0811 14.61183951243192
1 13498U 81041C   23160.40442649  .00002635  00000-0  54055-3 0    16
2 13498  74.0195 270.2912 0009966 281.6121 142.0811 14.61183951239232
1 13498U 81041C   23160.76371889  .00002625  00000-0  53863-3 0    17
2 13498  74.0194 269.6036 0009981 280.9407 231.9491 14.61185833239284
1 13498U 81041C   23161.55849385  .00002587  00000-0  53076-3 0    19
2 13498  74.0193 268.0826 0010007 279.3456  92.5611 14.61189869239402
1 13498U 81041C   23161.72181536  .00002564  00000-0  52603-3 0    15
2 13498  74.0194 267.7700 0010026 279.0286 231.6425 14.61190679239421
1 13498U 81041C   23162.46965617  .00002719  00000-0  55754-3 0  5351
2 13498  74.0192 266.3388 0010049 277.5454 205.3714 14.61195083243496
1 13498U 81041C   23162.46965617  .00002719  00000-0  55754-3 0    19
2 13498  74.0192 266.3388 0010049 277.5454 205.3714 14.61195083239536
1 13498U 81041C   23163.54392316  .00002541  00000-0  52134-3 0    11
2 13498  74.0192 264.2829 0010066 275.5648  96.0067 14.61200035239692
1 13498U 81041C   23164.45540888  .00002388  00000-0  49026-3 0    16
2 13498  74.0192 262.5385 0010083 273.8129 210.5026 14.61204301239827
1 13498U 81041C   23164.73479534  .00002374  00000-0  48747-3 0  5363
2 13498  74.0192 262.0037 0010081 273.2798 240.0991 14.61205653243825
1 13498U 81041C   23164.73479534  .00002374  00000-0  48747-3 0    10
2 13498  74.0192 262.0037 0010081 273.2798 240.0991 14.61205653239864
1 13498U 81041C   23165.41294175  .00002304  00000-0  47315-3 0    15
2 13498  74.0194 260.7060 0010086 272.0020 207.1956 14.61208820239962
1 13498U 81041C   23165.69488010  .00002213  00000-0  45469-3 0    15
2 13498  74.0194 260.1664 0010100 271.5047 250.1782 14.61209798240003
1 13498U 81041C   23166.44078407  .00002242  00000-0  46065-3 0    19
2 13498  74.0195 258.7389 0010135 270.0363 213.7604 14.61213529240111
1 13498U 81041C   23166.72031677  .00002249  00000-0  46196-3 0    10
2 13498  74.0195 258.2039 0010143 269.5459 244.0920 14.61214831240155
1 13498U 81041C   23166.99796465  .00002421  00000-0  49677-3 0  5375
2 13498  74.0196 257.6726 0010150 269.0122 264.5598 14.61216881244151
1 13498U 81041C   23167.51488372  .00002834  00000-0  58048-3 0    15
2 13498  74.0196 256.6834 0010174 268.0418 103.6095 14.61221024240272
1 13498U 81041C   23167.67821987  .00002829  00000-0  57952-3 0    12
2 13498  74.0196 256.3708 0010179 267.7258 242.7853 14.61221922240298
1 13498U 81041C   23168.35574769  .00002497  00000-0  51218-3 0    11
2 13498  74.0196 255.0742 0010201 266.4091 206.7058 14.61224493240393
1 13498U 81041C   23168.70583587  .00002486  00000-0  50983-3 0    14
2 13498  74.0196 254.4042 0010206 265.7938 248.1727 14.61226323240449
1 13498U 81041C   23169.23012792  .00002463  00000-0  50526-3 0  5381
2 13498  74.0195 253.4009 0010223 264.7723 126.0577 14.61229170244477
1 13498U 81041C   23169.50030130  .00002421  00000-0  49677-3 0    11
2 13498  74.0195 252.8838 0010233 264.2689 107.2049 14.61230463240565
1 13498U 81041C   23169.66365657  .00002382  00000-0  48886-3 0    10
2 13498  74.0195 252.5713 0010236 263.9812 246.4588 14.61231245240586
1 13498U 81041C   23170.18745681  .00002368  00000-0  48585-3 0    18
2 13498  74.0194 251.5687 0010239 262.9548 121.7729 14.61234156240667
1 13498U 81041C   23170.33207451  .00002444  00000-0  50135-3 0    12
2 13498  74.0193 251.2920 0010239 262.6702 162.4987 14.61235189240689
1 13498U 81041C   23171.36939480  .00002381  00000-0  48839-3 0  5394
2 13498  74.0191 249.3068 0010271 260.7138 218.9917 14.61240458244797
1 13498U 81041C   23171.56421389  .00002399  00000-0  49211-3 0    18
2 13498  74.0191 248.9340 0010281 260.3682 163.7552 14.61241405240865
1 13498U 81041C   23171.91701479  .00002468  00000-0  50607-3 0    16
2 13498  74.0190 248.2588 0010278 259.7153 219.5457 14.61243484240911
1 13498U 81041C   23172.60204392  .00002516  00000-0  51581-3 0    11
2 13498  74.0188 246.9478 0010289 258.4039 222.9600 14.61247050241015
1 13498U 81041C   23173.47091904  .00002651  00000-0  54301-3 0  5401
2 13498  74.0187 245.2849 0010297 256.7708 113.4300 14.61251936245092
1 13498U 81041C   23172.67142270  .00002515  00000-0  51555-3 0    14
2 13498  74.0188 246.8150 0010289 258.2831 227.8973 14.61247429241027
1 13498U 81041C   23175.61994906  .00002804  00000-0  57385-3 0  5419
2 13498  74.0186 241.1718 0010313 252.7107 257.8775 14.61264141245416
1 13498U 81041C   23178.12925618  .00002369  00000-0  48574-3 0  5429
2 13498  74.0187 236.3691 0010352 247.9170 137.6438 14.61276832245772
1 13498U 81041C   23180.18888306  .00001876  00000-0  38586-3 0  5435
2 13498  74.0187 232.4269 0010347 244.0653 171.9442 14.61285309246088
1 13498U 81041C   23182.60413757  .00001636  00000-0  33715-3 0  5442
2 13498  74.0181 227.8039 0010328 239.3694 277.2147 14.61294142246432
1 13498U 81041C   23185.18856602  .00001575  00000-0  32479-3 0  5457
2 13498  74.0172 222.8568 0010286 234.2462 192.5901 14.61302628246812
1 13498U 81041C   23187.53218765  .00001771  00000-0  36447-3 0  5468
2 13498  74.0171 218.3709 0010232 229.7761 281.0955 14.61311647247152
1 13498U 81041C   23189.84250917  .00001981  00000-0  40681-3 0  5478
2 13498  74.0168 213.9487 0010158 225.2767 194.5932 14.61320970247495
1 13498U 81041C   23192.18103941  .00001709  00000-0  35179-3 0  5488
2 13498  74.0167 209.4722 0010095 220.6927 256.5795 14.61327825247833
1 13498U 81041C   23194.44762806  .00002299  00000-0  47095-3 0  5496
2 13498  74.0175 205.1335 0010012 216.2566 300.1850 14.61338810248165
1 13498U 81041C   23196.82505394  .00002554  00000-0  52226-3 0  5505
2 13498  74.0172 200.5825 0009929 211.3745 207.1902 14.61351352248514
1 13498U 81041C   23199.16426362  .00003053  00000-0  62288-3 0  5517
2 13498  74.0172 196.1046 0009851 206.4101 273.4153 14.61365296248857
1 13498U 81041C   23205.39996906  .00002841  00000-0  57967-3 0    18
2 13498  74.0182 184.1673 0009628 193.1631 319.0452 14.61398604245803
1 13498U 81041C   23206.35810434  .00002823  00000-0  57601-3 0    11
2 13498  74.0182 182.3329 0009572 190.9656 319.9612 14.61403905245944
1 13498U 81041C   23207.38518958  .00003159  00000-0  64372-3 0    17
2 13498  74.0181 180.3666 0009537 188.6934 323.5766 14.61411041246097
1 13498U 81041C   23207.70937353  .00003319  00000-0  67577-3 0    15
2 13498  74.0179 179.7461 0009534 187.9501 229.1787 14.61413650246146
1 13498U 81041C   23208.34330368  .00003136  00000-0  63885-3 0    14
2 13498  74.0179 178.5324 0009511 186.6375 324.2857 14.61416975246239
1 13498U 81041C   23208.69016233  .00003030  00000-0  61745-3 0  5554
2 13498  74.0180 177.8684 0009501 185.8969 349.1356 14.61418810250247
1 13498U 81041C   23208.93620019  .00003004  00000-0  61224-3 0    13
2 13498  74.0179 177.3974 0009502 185.3003 203.6329 14.61420341246327
1 13498U 81041C   23209.37041708  .00002786  00000-0  56830-3 0    17
2 13498  74.0179 176.5661 0009486 184.3069 328.1525 14.61422205246381
1 13498U 81041C   23210.85216008  .00003051  00000-0  62152-3 0  5564
2 13498  74.0180 173.7296 0009428 180.9616 203.9494 14.61432289250554
1 13498U 81041C   23212.98144069  .00003305  00000-0  67266-3 0  5571
2 13498  74.0186 169.6534 0009354 176.3679 246.4626 14.61445891250872
1 13498U 81041C   23215.32600493  .00003482  00000-0  70793-3 0  5586
2 13498  74.0190 165.1650 0009278 171.1606 341.8911 14.61461382251214
1 13498U 81041C   23218.10581529  .00004266  00000-0  86547-3 0  5599
2 13498  74.0193 159.8432 0009181 164.9631 207.4773 14.61482432251612
1 13498U 81041C   23220.52191150  .00003464  00000-0  70376-3 0  5609
2 13498  74.0192 155.2173 0009095 159.5936 319.5667 14.61496800251975
1 13498U 81041C   23222.63377941  .00002799  00000-0  56989-3 0  5612
2 13498  74.0192 151.1742 0009051 154.6464 271.3467 14.61508232252287
1 13498U 81041C   23224.97221986  .00002733  00000-0  55647-3 0  5627
2 13498  74.0194 146.6972 0008984 149.3628 335.1696 14.61521612252628
1 13498U 81041C   23227.23670390  .00002781  00000-0  56589-3 0  5636
2 13498  74.0197 142.3617 0008932 144.1765  10.0377 14.61534004252958
1 13498U 81041C   23230.17464061  .00002827  00000-0  57493-3 0  5646
2 13498  74.0195 136.7363 0008887 137.3207 348.6420 14.61550387253384
1 13498U 81041C   23232.48816810  .00002795  00000-0  56838-3 0  5652
2 13498  74.0191 132.3062 0008806 132.0665 281.7689 14.61564452253729
1 13498U 81041C   23236.45823432  .00002517  00000-0  51212-3 0    19
2 13498  74.0189 124.7040 0008747 122.7317 291.6953 14.61585300250345
1 13498U 81041C   23237.48640907  .00002349  00000-0  47833-3 0    14
2 13498  74.0190 122.7352 0008751 120.2560 301.9093 14.61589898250491
1 13498U 81041C   23238.11917986  .00002439  00000-0  49651-3 0  5676
2 13498  74.0190 121.5234 0008750 118.7763  31.4898 14.61593335254542
1 13498U 81041C   23238.11917986  .00002439  00000-0  49651-3 0    19
2 13498  74.0190 121.5234 0008750 118.7763  31.4898 14.61593335250582
1 13498U 81041C   23238.71736844  .00002444  00000-0  49736-3 0    17
2 13498  74.0189 120.3779 0008747 117.3497 299.1348 14.61596234250670
1 13498U 81041C   23239.14685803  .00002421  00000-0  49267-3 0    17
2 13498  74.0189 119.5554 0008731 116.2978  39.1236 14.61598145250734
1 13498U 81041C   23240.70571037  .00002247  00000-0  45776-3 0  5689
2 13498  74.0187 116.5703 0008716 112.4896 321.8773 14.61605253254926
1 13498U 81041C   23240.89938845  .00002303  00000-0  46897-3 0    13
2 13498  74.0187 116.1994 0008714 112.1068 260.9336 14.61606348250997
1 13498U 81041C   23241.80959860  .00002246  00000-0  45742-3 0    19
2 13498  74.0187 114.4565 0008715 109.5928  10.8138 14.61610591251121
1 13498U 81041C   23242.83717468  .00002256  00000-0  45937-3 0    16
2 13498  74.0183 112.4883 0008676 107.1213  17.9700 14.61615467251271
1 13498U 81041C   23243.11686449  .00002262  00000-0  46066-3 0  5692
2 13498  74.0183 111.9527 0008675 106.4194  49.7436 14.61616784255275
1 13498U 81041C   23243.44127836  .00002233  00000-0  45480-3 0    16
2 13498  74.0182 111.3313 0008671 105.6378 316.8308 14.61618091251367
1 13498U 81041C   23244.59832403  .00002460  00000-0  50030-3 0    15
2 13498  74.0179 109.1152 0008662 102.8089 285.3395 14.61624019251539
1 13498U 81041C   23245.10314980  .00002524  00000-0  51320-3 0    12
2 13498  74.0178 108.1483 0008655 101.5454  61.8282 14.61626528251605
1 13498U 81041C   23245.70123532  .00002561  00000-0  52049-3 0  5700
2 13498  74.0178 107.0028 0008656 100.0784 329.0436 14.61629549255654
1 13498U 81041C   23245.89587275  .00003854  00000-0  78004-3 0    12
2 13498  74.0177 106.6299 0008655  99.6470 273.2208 14.61635481251725
1 13498U 81041C   23246.38322641  .00003114  00000-0  63142-3 0    17
2 13498  74.0176 105.6964 0008684  98.5004 317.7000 14.61634962251799
1 13498U 81041C   23247.61050295  .00002368  00000-0  48176-3 0    17
2 13498  74.0176 103.3458 0008686  95.5432 295.7976 14.61639164251972
1 13498U 81041C   23247.88070352  .00002376  00000-0  48329-3 0  5713
2 13498  74.0177 102.8283 0008686  94.9091 277.6167 14.61640502255969
1 13498U 81041C   23248.04366994  .00002365  00000-0  48111-3 0    17
2 13498  74.0177 102.5161 0008685  94.4796  55.2079 14.61641320252033
1 13498U 81041C   23249.39601806  .00002539  00000-0  51599-3 0    17
2 13498  74.0178  99.9260 0008696  91.1658 331.5434 14.61648336252237
1 13498U 81041C   23250.02901578  .00002713  00000-0  55069-3 0  5721
2 13498  74.0178  98.7136 0008694  89.6336  62.5007 14.61651817256283
1 13498U 81041C   23250.55302260  .00002411  00000-0  49013-3 0    16
2 13498  74.0178  97.7100 0008697  88.2940 300.0005 14.61653139252409
1 13498U 81041C   23250.82403258  .00002674  00000-0  54302-3 0    13
2 13498  74.0178  97.1908 0008692  87.5639 286.1859 14.61655112252449
1 13498U 81041C   23251.05005859  .00002713  00000-0  55078-3 0    19
2 13498  74.0178  96.7579 0008693  87.0019  35.5983 14.61656340252477
1 13498U 81041C   23251.65477025  .00002369  00000-0  48167-3 0    11
2 13498  74.0178  95.5997 0008703  85.5293 337.7292 14.61657709252567
1 13498U 81041C   23252.33791487  .00002448  00000-0  49743-3 0  5731
2 13498  74.0179  94.2913 0008718  83.8453 332.6240 14.61661096256629
1 13498U 81041C   23252.61164466  .00002602  00000-0  52836-3 0    18
2 13498  74.0179  93.7670 0008726  83.2592 332.9792 14.61662924252701
1 13498U 81041C   23253.57180626  .00002711  00000-0  55021-3 0    10
2 13498  74.0176  91.9277 0008730  80.8697 345.6552 14.61667936252843
1 13498U 81041C   23254.52279869  .00002955  00000-0  59900-3 0  5749
2 13498  74.0175  90.1061 0008742  78.4500 310.1503 14.61673472256932
1 13498U 81041C   23254.59656764  .00002965  00000-0  60102-3 0    11
2 13498  74.0175  89.9648 0008744  78.2672 338.3473 14.61673897252990
1 13498U 81041C   23255.62423723  .00003107  00000-0  62955-3 0    10
2 13498  74.0174  87.9961 0008756  75.6977 346.3257 14.61679948253147
1 13498U 81041C   23255.70343025  .00003148  00000-0  63766-3 0    11
2 13498  74.0174  87.8444 0008757  75.5712  42.9986 14.61680523253159
1 13498U 81041C   23256.58295497  .00003864  00000-0  78107-3 0    17
2 13498  74.0172  86.1595 0008768  73.3349 351.4517 14.61688939253281
1 13498U 81041C   23256.73136431  .00003929  00000-0  79417-3 0  5759
2 13498  74.0173  85.8752 0008773  73.0159  52.3918 14.61690187257267
1 13498U 81041C   23256.93564912  .00003827  00000-0  77361-3 0    17
2 13498  74.0173  85.4838 0008776  72.4537  47.4750 14.61691230253337
1 13498U 81041C   23257.61042580  .00003796  00000-0  76739-3 0    18
2 13498  74.0174  84.1912 0008786  70.8693 358.3387 14.61696155253435
1 13498U 81041C   23257.89412903  .00003347  00000-0  67738-3 0    19
2 13498  74.0176  83.6476 0008800  70.2465  51.2245 14.61697167253474
1 13498U 81041C   23258.56616454  .00003005  00000-0  60881-3 0    14
2 13498  74.0176  82.3601 0008819  68.5909 347.7579 14.61701448253575
1 13498U 81041C   23258.91088346  .00003093  00000-0  62631-3 0  5765
2 13498  74.0173  81.6998 0008807  67.9139   1.6458 14.61703928257580
1 13498U 81041C   23259.59387469  .00002982  00000-0  60404-3 0    13
2 13498  74.0174  80.3915 0008811  66.3817 355.6947 14.61707684253727
1 13498U 81041C   23260.55202098  .00004307  00000-0  86944-3 0    15
2 13498  74.0176  78.5561 0008850  63.8326 358.0906 14.61716834253869
1 13498U 81041C   23260.98084177  .00004167  00000-0  84120-3 0  5774
2 13498  74.0176  77.7347 0008872  62.6956  94.8304 14.61720020257887
1 13498U 81041C   23261.57861719  .00003732  00000-0  75405-3 0    10
2 13498  74.0177  76.5895 0008891  61.2319   0.6070 14.61722525254011
1 13498U 81041C   23261.93235906  .00004147  00000-0  83710-3 0    12
2 13498  74.0178  75.9119 0008883  60.4244  62.1123 14.61726330254068
1 13498U 81041C   23263.56307809  .00004456  00000-0  89873-3 0  5783
2 13498  74.0184  72.7881 0008954  56.3596   3.8911 14.61741793258262
1 13498U 81041C   23263.92275291  .00004141  00000-0  83566-3 0    17
2 13498  74.0184  72.0990 0008947  55.4555  96.7250 14.61744397254359
1 13498U 81041C   23264.59231032  .00003923  00000-0  79185-3 0    15
2 13498  74.0185  70.8163 0008979  53.7763  20.3628 14.61750149254450
1 13498U 81041C   23264.87651847  .00004050  00000-0  81717-3 0    12
2 13498  74.0186  70.2720 0008968  53.0960  76.0180 14.61752752254491
1 13498U 81041C   23265.54815584  .00004194  00000-0  84593-3 0    11
2 13498  74.0186  68.9854 0009002  51.4494  10.5809 14.61758483254596
1 13498U 81041C   23265.90730575  .00004402  00000-0  88742-3 0  5799
2 13498  74.0186  68.2974 0008994  50.4644 100.7550 14.61761650258608
1 13498U 81041C   23266.50521613  .00004174  00000-0  84178-3 0    12
2 13498  74.0186  67.1519 0009027  49.0461   7.2914 14.61765926254735
1 13498U 81041C   23267.53490983  .00004480  00000-0  90285-3 0    17
2 13498  74.0186  65.1792 0009047  46.5101  26.2320 14.61775255254885
1 13498U 81041C   23267.89222072  .00004592  00000-0  92519-3 0    14
2 13498  74.0187  64.4947 0009071  45.6241 106.6562 14.61778583254936
1 13498U 81041C   23268.17043543  .00006869  00000-0  13801-2 0  5807
2 13498  74.0187  63.9616 0009099  44.9329 130.8318 14.61787321258934
1 13498U 81041C   23268.56124324  .00005547  00000-0  11160-2 0    13
2 13498  74.0186  63.2129 0009110  44.0284  27.4835 14.61787679255039
1 13498U 81041C   23268.84595774  .00005733  00000-0  11530-2 0    13
2 13498  74.0185  62.6674 0009110  43.3080  85.8816 14.61791149255070
1 13498U 81041C   23269.51791206  .00005983  00000-0  12028-2 0  5819
2 13498  74.0185  61.3799 0009138  41.6284  22.2402 14.61799139259135
1 13498U 81041C   23269.87676595  .00005951  00000-0  11962-2 0    19
2 13498  74.0185  60.6924 0009139  40.6892 110.8666 14.61803606255229
1 13498U 81041C   23270.54699382  .00004944  00000-0  99488-3 0    15
2 13498  74.0187  59.4081 0009187  39.1940  37.9866 14.61809162255326
1 13498U 81041C   23271.50211826  .00004370  00000-0  87998-3 0    11
2 13498  74.0190  57.5781 0009238  36.7624  24.7232 14.61818003255465
1 13498U 81041C   23271.86257696  .00004150  00000-0  83600-3 0  5821
2 13498  74.0191  56.8875 0009247  35.8613 121.7760 14.61820901259479
1 13498U 81041C   23271.86257696  .00004150  00000-0  83600-3 0    17
2 13498  74.0191  56.8875 0009247  35.8613 121.7760 14.61820901255510
1 13498U 81041C   23272.53937920  .00004569  00000-0  91962-3 0    11
2 13498  74.0193  55.5909 0009282  34.2406  83.6502 14.61827813255618
1 13498U 81041C   23272.88298778  .00004493  00000-0  90424-3 0    18
2 13498  74.0195  54.9326 0009317  33.3078  92.1081 14.61830646255660
1 13498U 81041C   23274.17103809  .00005560  00000-0  11171-2 0  5834
2 13498  74.0200  52.4652 0009364  30.1787  30.9646 14.61845691259810
1 13498U 81041C   23274.52399833  .00005302  00000-0  10655-2 0    12
2 13498  74.0202  51.7889 0009389  29.3438  88.5401 14.61848613255907
1 13498U 81041C   23274.80406154  .00005243  00000-0  10536-2 0    10
2 13498  74.0202  51.2525 0009396  28.6618 122.4935 14.61851441255946
1 13498U 81041C   23275.75684965  .00005620  00000-0  11286-2 0    15
2 13498  74.0205  49.4272 0009458  26.2896  97.0281 14.61862819256086
1 13498U 81041C   23276.42851333  .00005099  00000-0  10245-2 0  5845
2 13498  74.0205  48.1405 0009500  24.7125  31.9272 14.61869104260149
1 13498U 81041C   23276.57992372  .00005285  00000-0  10616-2 0    13
2 13498  74.0205  47.8504 0009516  24.3963 108.7492 14.61871252256204
1 13498U 81041C   23276.78911413  .00005241  00000-0  10526-2 0    15
2 13498  74.0205  47.4496 0009524  23.8755 129.7319 14.61873483256234
1 13498U 81041C   23277.45605958  .00005628  00000-0  11298-2 0    10
2 13498  74.0205  46.1719 0009566  22.2092  39.9285 14.61881641256331
1 13498U 81041C   23277.80933602  .00006166  00000-0  12368-2 0    16
2 13498  74.0205  45.4951 0009589  21.3985  99.1927 14.61886979256382
1 13498U 81041C   23278.49317424  .00006820  00000-0  13670-2 0  5851
2 13498  74.0204  44.1849 0009640  19.7949  98.2280 14.61896941260446
1 13498U 81041C   23278.61003802  .00006854  00000-0  13737-2 0    11
2 13498  74.0205  43.9611 0009639  19.5168 353.2875 14.61898552256506
1 13498U 81041C   23278.76698233  .00006843  00000-0  13714-2 0    18
2 13498  74.0204  43.6604 0009644  19.1526  99.2846 14.61900727256529
1 13498U 81041C   23279.52034241  .00006661  00000-0  13348-2 0    17
2 13498  74.0201  42.2169 0009691  17.2298 104.4026 14.61910146256631
1 13498U 81041C   23279.72605934  .00006740  00000-0  13506-2 0    16
2 13498  74.0201  41.8227 0009700  16.7504 107.1005 14.61913036256667
1 13498U 81041C   23280.59424721  .00006224  00000-0  12474-2 0    16
2 13498  74.0203  40.1594 0009768  14.9851 356.1752 14.61923051256794
1 13498U 81041C   23280.75765399  .00006203  00000-0  12431-2 0  5861
2 13498  74.0202  39.8463 0009768  14.4471 136.3569 14.61925063260778
1 13498U 81041C   23280.75765399  .00006203  00000-0  12431-2 0    13
2 13498  74.0202  39.8463 0009768  14.4471 136.3569 14.61925063256818
1 13498U 81041C   23281.62101829  .00006423  00000-0  12867-2 0    19
2 13498  74.0203  38.1920 0009831  12.3686   0.4102 14.61936309256948
1 13498U 81041C   23281.78438330  .00006402  00000-0  12825-2 0    17
2 13498  74.0203  37.8789 0009837  12.0004 140.2106 14.61938436256966
1 13498U 81041C   23282.38345701  .00006403  00000-0  12824-2 0    13
2 13498  74.0203  36.7310 0009882  10.6561  53.1784 14.61946084257059
1 13498U 81041C   23282.73738566  .00006069  00000-0  12158-2 0    15
2 13498  74.0204  36.0529 0009902   9.8093 115.9890 14.61949844257106
1 13498U 81041C   23283.06532921  .00006790  00000-0  13591-2 0  5871
2 13498  74.0204  35.4244 0009935   9.0723  41.9962 14.61955921261118
1 13498U 81041C   23283.40964056  .00006695  00000-0  13401-2 0    12
2 13498  74.0206  34.7647 0009967   8.3553  54.0960 14.61960602257207
1 13498U 81041C   23283.76886809  .00006776  00000-0  13561-2 0    17
2 13498  74.0208  34.0764 0009984   7.3893 144.9223 14.61965476257257
1 13498U 81041C   23284.56355572  .00006061  00000-0  12136-2 0    18
2 13498  74.0210  32.5538 0010031   5.4116   7.6947 14.61974897257372
1 13498U 81041C   23285.12064537  .00005962  00000-0  11936-2 0  5885
2 13498  74.0212  31.4863 0010064   4.1596  59.7723 14.61981651261413
1 13498U 81041C   23285.58995811  .00006081  00000-0  12171-2 0    18
2 13498  74.0214  30.5872 0010110   3.1568   9.8196 14.61987631257526
1 13498U 81041C   23285.75331502  .00006072  00000-0  12152-2 0    17
2 13498  74.0214  30.2743 0010116   2.8556 149.5402 14.61989650257546
1 13498U 81041C   23286.54794016  .00006491  00000-0  12983-2 0    15
2 13498  74.0217  28.7518 0010179   1.1853  11.7449 14.61999935257663
1 13498U 81041C   23286.70451191  .00006501  00000-0  13002-2 0    12
2 13498  74.0216  28.4518 0010188   0.6937 115.9658 14.62001911257686
1 13498U 81041C   23287.37928428  .00006327  00000-0  12654-2 0  5897
2 13498  74.0217  27.1590 0010241 359.1869  67.4881 14.62010123261745
1 13498U 81041C   23287.37928428  .00006327  00000-0  12654-2 0    16
2 13498  74.0217  27.1590 0010241 359.1869  67.4881 14.62010123257784
1 13498U 81041C   23287.66408861  .00005903  00000-0  11810-2 0    14
2 13498  74.0217  26.6133 0010257 358.5700 126.4807 14.62012609257825
1 13498U 81041C   23288.40706355  .00005335  00000-0  10678-2 0    16
2 13498  74.0219  25.1899 0010310 357.0812  76.8309 14.62020287257936
1 13498U 81041C   23288.69542097  .00004789  00000-0  95933-3 0    18
2 13498  74.0218  24.6374 0010325 356.4211 154.5705 14.62022260257970
1 13498U 81041C   23289.44062941  .00004593  00000-0  92015-3 0  5901
2 13498  74.0217  23.2096 0010385 354.6175 117.0099 14.62028962262049
1 13498U 81041C   23289.44062941  .00004593  00000-0  92015-3 0    18
2 13498  74.0217  23.2096 0010385 354.6175 117.0099 14.62028962258088
1 13498U 81041C   23289.72207756  .00004422  00000-0  88600-3 0    10
2 13498  74.0216  22.6703 0010404 354.0236 158.3415 14.62031042258127
1 13498U 81041C   23290.59460826  .00004431  00000-0  88765-3 0    18
2 13498  74.0215  20.9985 0010470 352.0526  70.8339 14.62038308258251
1 13498U 81041C   23291.54309411  .00004263  00000-0  85411-3 0  5918
2 13498  74.0213  19.1810 0010535 349.9466  23.0958 14.62045348262340
1 13498U 81041C   23291.02646913  .00004362  00000-0  87387-3 0    12
2 13498  74.0214  20.1709 0010505 351.0675 183.9141 14.62041608258310
1 13498U 81041C   23291.70640954  .00004370  00000-0  87552-3 0    19
2 13498  74.0213  18.8680 0010552 349.5858 162.6913 14.62046896258414
1 13498U 81041C   23292.57894854  .00005180  00000-0  10362-2 0    19
2 13498  74.0211  17.1960 0010604 347.6659  75.2316 14.62056453258541
1 13498U 81041C   23292.93225987  .00005410  00000-0  10819-2 0    17
2 13498  74.0212  16.5189 0010621 347.0355 134.7188 14.62060416258591
1 13498U 81041C   23293.33226014  .00004708  00000-0  94233-3 0    16
2 13498  74.0211  15.7523 0010637 346.2290  80.0272 14.62062523258654
1 13498U 81041C   23293.69074809  .00004686  00000-0  93775-3 0  5928
2 13498  74.0211  15.0653 0010666 345.4484 166.9080 14.62065765262667
1 13498U 81041C   23293.69074809  .00004686  00000-0  93775-3 0    13
2 13498  74.0211  15.0653 0010666 345.4484 166.9080 14.62065765258707
1 13498U 81041C   23294.48533846  .00004870  00000-0  97422-3 0    10
2 13498  74.0211  13.5426 0010716 343.7034  29.2210 14.62073924258821
1 13498U 81041C   23294.64842241  .00003908  00000-0  78308-3 0    13
2 13498  74.0211  13.2300 0010725 343.3297 167.6269 14.62073089258841
1 13498U 81041C   23295.60216802  .00003272  00000-0  65655-3 0    13
2 13498  74.0211  11.4020 0010792 341.2052 147.7092 14.62080069258984
1 13498U 81041C   23296.46973073  .00003446  00000-0  69103-3 0  5939
2 13498  74.0213   9.7393 0010841 339.2937  34.1649 14.62087544263060
1 13498U 81041C   23296.46973073  .00003446  00000-0  69103-3 0    13
2 13498  74.0213   9.7393 0010841 339.2937  34.1649 14.62087544259111
1 13498U 81041C   23297.30027130  .00002791  00000-0  56089-3 0    12
2 13498  74.0213   8.1476 0010914 337.3416  85.8869 14.62091669259231
1 13498U 81041C   23298.88500177  .00002638  00000-0  53033-3 0  5946
2 13498  74.0214   5.1106 0010970 334.2714 146.8264 14.62100036263420
1 13498U 81041C   23298.88500177  .00002638  00000-0  53033-3 0    19
2 13498  74.0214   5.1106 0010970 334.2714 146.8264 14.62100036259469
1 13498U 81041C   23299.36447772  .00002789  00000-0  56034-3 0    15
2 13498  74.0210   4.1918 0010990 333.2967 150.5159 14.62103111259536
1 13498U 81041C   23300.60382556  .00003328  00000-0  66720-3 0    16
2 13498  74.0208   1.8171 0011054 330.7186 193.8294 14.62112530259710
1 13498U 81041C   23300.94786081  .00003483  00000-0  69791-3 0    17
2 13498  74.0207   1.1575 0011071 330.0184 204.6531 14.62115361259765
1 13498U 81041C   23301.19990603  .00003435  00000-0  68833-3 0  5953
2 13498  74.0207   0.6745 0011114 329.5152  91.2791 14.62116855263766
1 13498U 81041C   23301.55334383  .00003762  00000-0  75329-3 0    13
2 13498  74.0206 359.9972 0011136 328.7810 151.6133 14.62120350259854
1 13498U 81041C   23301.90580968  .00004172  00000-0  83454-3 0    18
2 13498  74.0207 359.3217 0011159 328.0541 206.8319 14.62124292259904
1 13498U 81041C   23302.58799579  .00004416  00000-0  88280-3 0    16
2 13498  74.0206 358.0143 0011191 326.6386 197.5638 14.62130460260001
1 13498U 81041C   23302.93216817  .00004461  00000-0  89169-3 0    11
2 13498  74.0204 357.3546 0011209 325.9537 209.1150 14.62133575260052
1 13498U 81041C   23303.53708942  .00004007  00000-0  80159-3 0  5968
2 13498  74.0201 356.1951 0011238 324.7247 153.1497 14.62137525264104
1 13498U 81041C   23303.89003485  .00004268  00000-0  85335-3 0    18
2 13498  74.0200 355.5186 0011262 324.0291 210.8820 14.62141361260194
1 13498U 81041C   23304.56973853  .00003621  00000-0  72494-3 0    12
2 13498  74.0199 354.2158 0011305 322.5996 188.6059 14.62145297260298
1 13498U 81041C   23304.91637073  .00003594  00000-0  71948-3 0    14
2 13498  74.0198 353.5513 0011329 321.9024 213.1311 14.62148037260341
1 13498U 81041C   23305.59672045  .00003197  00000-0  64066-3 0    19
2 13498  74.0197 352.2471 0011355 320.5221 194.2233 14.62152114260446
1 13498U 81041C   23305.59672045  .00003197  00000-0  64066-3 0  5979
2 13498  74.0197 352.2471 0011355 320.5221 194.2233 14.62152114264406
1 13498U 81041C   23305.92122595  .00003290  00000-0  65915-3 0    14
2 13498  74.0197 351.6251 0011367 319.8800 102.2808 14.62154755260497
1 13498U 81041C   23306.39080837  .00003451  00000-0  69102-3 0    19
2 13498  74.0197 350.7249 0011385 318.9341  53.9819 14.62158487260562
1 13498U 81041C   23307.57561929  .00003846  00000-0  76904-3 0    12
2 13498  74.0196 348.4537 0011446 316.5678 170.3770 14.62168314260739
1 13498U 81041C   23307.85839515  .00003742  00000-0  74846-3 0  5981
2 13498  74.0196 347.9116 0011468 316.0017 218.8087 14.62170213264736
1 13498U 81041C   23307.90534440  .00003738  00000-0  74765-3 0    10
2 13498  74.0196 347.8216 0011462 315.9142 105.9264 14.62170539260782
1 13498U 81041C   23308.53281557  .00003978  00000-0  79504-3 0    10
2 13498  74.0196 346.6188 0011489 314.6597 168.7196 14.62175875260875
1 13498U 81041C   23308.88471396  .00004662  00000-0  93058-3 0    11
2 13498  74.0197 345.9443 0011493 313.9844 220.9714 14.62180568260922
1 13498U 81041C   23309.20632978  .00005353  00000-0  10675-2 0    14
2 13498  74.0196 345.3278 0011520 313.3446 113.8545 14.62185185260971
1 13498U 81041C   23309.88904512  .00008812  00000-0  17517-2 0    19
2 13498  74.0196 344.0192 0011564 312.0006 107.4604 14.62201276261075
1 13498U 81041C   23310.16227069  .00009788  00000-0  19445-2 0  5994
2 13498  74.0198 343.4954 0011576 311.5144 105.5912 14.62205806265074
1 13498U 81041C   23310.52275957  .00008833  00000-0  17555-2 0    11
2 13498  74.0197 342.8044 0011586 310.7786 203.1376 14.62209792261163
1 13498U 81041C   23310.91519648  .00007178  00000-0  14279-2 0    13
2 13498  74.0197 342.0522 0011599 310.0200 108.8120 14.62212575261222
1 13498U 81041C   23311.18975497  .00006714  00000-0  13361-2 0  6002
2 13498  74.0197 341.5259 0011603 309.4595 114.0475 14.62216575265228
1 13498U 81041C   23311.54887331  .00005206  00000-0  10375-2 0    13
2 13498  74.0198 340.8374 0011638 308.7524 204.3724 14.62219590261317
1 13498U 81041C   23312.50634809  .00004661  00000-0  92948-3 0    11
2 13498  74.0197 339.0019 0011643 306.8801 204.3287 14.62229366261456
1 13498U 81041C   23312.90033559  .00004430  00000-0  88361-3 0    18
2 13498  74.0196 338.2466 0011647 306.1046 118.2140 14.62232739261516
1 13498U 81041C   23313.45827032  .00004486  00000-0  89452-3 0  6015
2 13498  74.0194 337.1770 0011668 304.9851 175.1200 14.62237899265552
1 13498U 81041C   23313.45827032  .00004486  00000-0  89452-3 0    19
2 13498  74.0194 337.1770 0011668 304.9851 175.1200 14.62237899261592
1 13498U 81041C   23313.85741007  .00004091  00000-0  81641-3 0    14
2 13498  74.0191 336.4118 0011656 304.1575 116.1779 14.62240301261654
1 13498U 81041C   23314.49034965  .00004138  00000-0  82563-3 0    19
2 13498  74.0190 335.1984 0011679 302.9392 207.8654 14.62245502261746
1 13498U 81041C   23314.88454003  .00003562  00000-0  71160-3 0    12
2 13498  74.0188 334.4427 0011687 302.1764 122.8286 14.62247549261808
1 13498U 81041C   23315.51698872  .00003889  00000-0  77607-3 0  6028
2 13498  74.0187 333.2301 0011701 300.9068 212.0007 14.62252862265851
1 13498U 81041C   23315.51698872  .00003889  00000-0  77607-3 0    11
2 13498  74.0187 333.2301 0011701 300.9068 212.0007 14.62252862261891
1 13498U 81041C   23316.47439687  .00003325  00000-0  66455-3 0    18
2 13498  74.0184 331.3945 0011770 299.1609 211.5816 14.62257990262033
1 13498U 81041C   23316.86847826  .00003307  00000-0  66083-3 0    16
2 13498  74.0183 330.6389 0011795 298.4740 125.9134 14.62260775262093
1 13498U 81041C   23317.50100780  .00003823  00000-0  76294-3 0    17
2 13498  74.0182 329.4260 0011812 297.2600 215.4874 14.62266354262183
1 13498U 81041C   23318.09972545  .00003500  00000-0  69886-3 0  6037
2 13498  74.0181 328.2779 0011817 296.0652 127.1307 14.62269456266239
1 13498U 81041C   23318.45841216  .00003094  00000-0  61852-3 0    12
2 13498  74.0179 327.5901 0011828 295.3883 215.2172 14.62270492262322
1 13498U 81041C   23318.85146156  .00003260  00000-0  65130-3 0    15
2 13498  74.0179 326.8362 0011827 294.6718 124.1673 14.62273789262385
1 13498U 81041C   23319.48505630  .00003049  00000-0  60953-3 0    14
2 13498  74.0179 325.6213 0011838 293.3567 219.4732 14.62277080262479
1 13498U 81041C   23319.80898686  .00003143  00000-0  62816-3 0    11
2 13498  74.0179 325.0002 0011849 292.7626 124.6022 14.62279468262527
1 13498U 81041C   23320.44242624  .00002859  00000-0  57187-3 0  6045
2 13498  74.0179 323.7857 0011868 291.5426 219.0087 14.62282470266572
1 13498U 81041C   23320.44242624  .00002859  00000-0  57187-3 0    16
2 13498  74.0179 323.7857 0011868 291.5426 219.0087 14.62282470262613
1 13498U 81041C   23320.83550155  .00002729  00000-0  54614-3 0    18
2 13498  74.0179 323.0319 0011873 290.7451 128.1910 14.62284480262678
1 13498U 81041C   23321.46907979  .00002519  00000-0  50467-3 0    17
2 13498  74.0179 321.8172 0011889 289.5914 223.2717 14.62287116262769
1 13498U 81041C   23321.74691735  .00002402  00000-0  48147-3 0    11
2 13498  74.0180 321.2845 0011896 289.0772 245.7862 14.62288163262805
1 13498U 81041C   23322.42653340  .00002372  00000-0  47542-3 0    11
2 13498  74.0180 319.9814 0011908 287.6766 223.3782 14.62291324262903
1 13498U 81041C   23322.82055721  .00002076  00000-0  41684-3 0    16
2 13498  74.0180 319.2258 0011915 286.9561 137.4872 14.62292446262968
1 13498U 81041C   23323.09506872  .00002045  00000-0  41086-3 0  6056
2 13498  74.0180 318.6995 0011918 286.4288 142.5188 14.62293613266961
1 13498U 81041C   23323.45307361  .00002451  00000-0  49097-3 0    19
2 13498  74.0180 318.0130 0011919 285.6056 227.1975 14.62296337263058
1 13498U 81041C   23323.77662178  .00002521  00000-0  50492-3 0    13
2 13498  74.0180 317.3927 0011917 285.0828 130.2644 14.62298096263100
1 13498U 81041C   23324.41044705  .00002522  00000-0  50499-3 0    13
2 13498  74.0180 316.1774 0011926 283.9300 226.6761 14.62301043263195
1 13498U 81041C   23324.67846155  .00002638  00000-0  52805-3 0    11
2 13498  74.0180 315.6635 0011924 283.4192 197.5110 14.62302655263236
1 13498U 81041C   23325.43709350  .00002950  00000-0  58951-3 0  6067
2 13498  74.0180 314.2089 0011925 281.8722 231.0790 14.62307482267309
1 13498U 81041C   23325.43709350  .00002950  00000-0  58951-3 0    16
2 13498  74.0180 314.2089 0011925 281.8722 231.0790 14.62307482263349
1 13498U 81041C   23326.39442993  .00004318  00000-0  85987-3 0    18
2 13498  74.0178 312.3732 0011924 279.9805 230.6309 14.62318276263488
1 13498U 81041C   23327.42088547  .00005286  00000-0  10508-2 0  6077
2 13498  74.0178 310.4049 0011932 277.9718 234.0496 14.62329109267596
1 13498U 81041C   23327.42088547  .00005286  00000-0  10508-2 0    15
2 13498  74.0178 310.4049 0011932 277.9718 234.0496 14.62329109263637
1 13498U 81041C   23327.94569402  .00004890  00000-0  97240-3 0    15
2 13498  74.0177 309.3986 0011917 277.0323 116.6507 14.62333670263714
1 13498U 81041C   23328.37845219  .00005089  00000-0  10117-2 0    14
2 13498  74.0177 308.5686 0011911 276.1490 234.8129 14.62338485263779
1 13498U 81041C   23328.77142549  .00005203  00000-0  10340-2 0    10
2 13498  74.0177 307.8150 0011900 275.4372 143.4528 14.62342932263833
1 13498U 81041C   23329.40497569  .00006036  00000-0  11983-2 0    15
2 13498  74.0176 306.6000 0011899 274.2657 238.5456 14.62351543263927
1 13498U 81041C   23329.92897671  .00009967  00000-0  19729-2 0    12
2 13498  74.0176 305.5951 0011879 273.2862 116.9918 14.62366785264001
1 13498U 81041C   23330.36239608  .00006433  00000-0  12762-2 0    17
2 13498  74.0177 304.7638 0011887 272.3311 238.7400 14.62364807264061
1 13498U 81041C   23330.75534211  .00005932  00000-0  11773-2 0    12
2 13498  74.0178 304.0101 0011887 271.5722 147.3220 14.62369079264125
1 13498U 81041C   23331.38913178  .00005061  00000-0  10052-2 0    17
2 13498  74.0179 302.7947 0011884 270.2317 243.9090 14.62376612264211
1 13498U 81041C   23332.06650889  .00005633  00000-0  11179-2 0  6090
2 13498  74.0182 301.4955 0011848 268.9552 209.8260 14.62386730268277
1 13498U 81041C   23332.61422747  .00005751  00000-0  11410-2 0    16
2 13498  74.0184 300.4449 0011847 267.9119 213.2052 14.62393502264395
1 13498U 81041C   23332.74026878  .00005770  00000-0  11446-2 0    15
2 13498  74.0183 300.2033 0011847 267.6433 156.7602 14.62394902264417
1 13498U 81041C   23333.37299786  .00005920  00000-0  11741-2 0    10
2 13498  74.0184 298.9900 0011836 266.4016 247.7207 14.62402945264505
1 13498U 81041C   23334.12089028  .00006432  00000-0  12746-2 0  6101
2 13498  74.0185 297.5558 0011813 264.8781 225.0327 14.62413484268579
1 13498U 81041C   23335.95562831  .00007349  00000-0  14545-2 0    12
2 13498  74.0184 294.0376 0011762 261.1519 164.1809 14.62438208264889
1 13498U 81041C   23336.31396667  .00014768  00000-0  29123-2 0  6113
2 13498  74.0186 293.3505 0011731 260.4019 250.7428 14.62457106268892
1 13498U 81041C   23336.31396667  .00014768  00000-0  29123-2 0    16
2 13498  74.0186 293.3505 0011731 260.4019 250.7428 14.62457106264933
1 13498U 81041C   23336.91221233  .00005383  00000-0  10670-2 0    18
2 13498  74.0186 292.2033 0011740 259.0904 160.4030 14.62450618265022
1 13498U 81041C   23336.98143834  .00005208  00000-0  10325-2 0  6126
2 13498  74.0186 292.0705 0011746 258.9810 164.8258 14.62451342268990
1 13498U 81041C   23337.34039427  .00005444  00000-0  10789-2 0    17
2 13498  74.0184 291.3821 0011718 258.2575 254.6179 14.62456761265086
1 13498U 81041C   23338.29768730  .00004064  00000-0  80695-3 0    19
2 13498  74.0183 289.5461 0011718 256.4514 254.3636 14.62464410265228
1 13498U 81041C   23338.69064855  .00004443  00000-0  88160-3 0    16
2 13498  74.0183 288.7925 0011697 255.7148 163.1426 14.62468506265285
1 13498U 81041C   23339.32415172  .00003693  00000-0  73378-3 0  6139
2 13498  74.0183 287.5775 0011716 254.5125 258.2970 14.62472022269337
1 13498U 81041C   23339.32415172  .00003693  00000-0  73378-3 0    10
2 13498  74.0183 287.5775 0011716 254.5125 258.2970 14.62472022265377
1 13498U 81041C   23339.84809385  .00003776  00000-0  75012-3 0    19
2 13498  74.0181 286.5727 0011696 253.5223 136.6582 14.62476001265454
1 13498U 81041C   23340.28142208  .00003410  00000-0  67800-3 0    14
2 13498  74.0180 285.7416 0011693 252.5815 258.0976 14.62478295265512
1 13498U 81041C   23340.94882356  .00002973  00000-0  59192-3 0    10
2 13498  74.0178 284.4616 0011664 251.3236 171.7304 14.62481885265615
1 13498U 81041C   23341.23323814  .00002604  00000-0  51911-3 0    14
2 13498  74.0179 283.9162 0011622 250.7614 229.1016 14.62482790265651
1 13498U 81041C   23341.83187968  .00002519  00000-0  50244-3 0  6141
2 13498  74.0179 282.7680 0011589 249.5692 140.8133 14.62486366269697
1 13498U 81041C   23342.26016407  .00002350  00000-0  46906-3 0    11
2 13498  74.0179 281.9465 0011588 248.6826 235.6689 14.62487642265803
1 13498U 81041C   23342.85755824  .00002338  00000-0  46672-3 0    15
2 13498  74.0180 280.8006 0011571 247.4524 140.8646 14.62491006265896
1 13498U 81041C   23343.29164962  .00002203  00000-0  44007-3 0    12
2 13498  74.0181 279.9681 0011563 246.6426 266.2121 14.62492679265953
1 13498U 81041C   23343.81567360  .00002103  00000-0  42048-3 0    11
2 13498  74.0182 278.9630 0011544 245.6143 145.0804 14.62494962266030
1 13498U 81041C   23344.24909066  .00002074  00000-0  41476-3 0  6154
2 13498  74.0183 278.1317 0011534 244.7713 266.9183 14.62496687270053
1 13498U 81041C   23344.24909066  .00002074  00000-0  41476-3 0    13
2 13498  74.0183 278.1317 0011534 244.7713 266.9183 14.62496687266092
1 13498U 81041C   23344.91660289  .00001856  00000-0  37163-3 0    13
2 13498  74.0184 276.8515 0011494 243.4903 181.2009 14.62498950266192
1 13498U 81041C   23345.26971253  .00002002  00000-0  40048-3 0    18
2 13498  74.0185 276.1742 0011466 242.7825 240.2652 14.62500715266241
1 13498U 81041C   23345.94479296  .00001782  00000-0  35716-3 0    13
2 13498  74.0185 274.8795 0011422 241.4227 194.4658 14.62502838266343
1 13498U 81041C   23346.55573972  .00002118  00000-0  42325-3 0    15
2 13498  74.0186 273.7078 0011390 240.2114 170.9976 14.62506196266435
1 13498U 81041C   23346.55573972  .00002118  00000-0  42325-3 0  6167
2 13498  74.0186 273.7078 0011390 240.2114 170.9976 14.62506196270395
1 13498U 81041C   23346.90002552  .00002370  00000-0  47276-3 0    15
2 13498  74.0186 273.0475 0011381 239.4909 183.6459 14.62508437266483
1 13498U 81041C   23347.58342852  .00002147  00000-0  42902-3 0    13
2 13498  74.0186 271.7370 0011381 238.0886 181.7063 14.62510531266580
1 13498U 81041C   23347.92805380  .00002115  00000-0  42252-3 0    14
2 13498  74.0186 271.0760 0011369 237.3780 196.1364 14.62511939266630
1 13498U 81041C   23348.53972882  .00002340  00000-0  46683-3 0    16
2 13498  74.0185 269.9030 0011329 236.2430 176.4465 14.62515436266720
1 13498U 81041C   23348.88399586  .00002352  00000-0  46927-3 0  6175
2 13498  74.0185 269.2428 0011308 235.5243 189.0051 14.62517068270735
1 13498U 81041C   23348.88399586  .00002352  00000-0  46927-3 0    12
2 13498  74.0185 269.2428 0011308 235.5243 189.0051 14.62517068266774
1 13498U 81041C   23349.23751101  .00002375  00000-0  47368-3 0    12
2 13498  74.0184 268.5649 0011305 234.7821 250.2640 14.62519022266823
1 13498U 81041C   23349.84018716  .00002518  00000-0  50191-3 0    14
2 13498  74.0183 267.4090 0011306 233.5025 183.3751 14.62522745266919
1 13498U 81041C   23350.19566674  .00002933  00000-0  58354-3 0    15
2 13498  74.0183 266.7273 0011277 232.7330 255.0093 14.62526282266962
1 13498U 81041C   23350.87001198  .00003006  00000-0  59770-3 0    10
2 13498  74.0182 265.4340 0011269 231.4104 205.3675 14.62530532267067
1 13498U 81041C   23351.15229875  .00002555  00000-0  50902-3 0  6186
2 13498  74.0181 264.8926 0011259 230.8826 251.5543 14.62530711271063
1 13498U 81041C   23351.22150132  .00002989  00000-0  59449-3 0    15
2 13498  74.0182 264.7599 0011246 230.6063 256.0423 14.62532656267114
1 13498U 81041C   23351.90399946  .00003769  00000-0  74778-3 0    17
2 13498  74.0181 263.4510 0011193 229.2337 249.3795 14.62539802267219
1 13498U 81041C   23352.57768274  .00003671  00000-0  72846-3 0    11
2 13498  74.0181 262.1588 0011163 227.8477 196.3510 14.62544430267316
1 13498U 81041C   23352.85110495  .00003759  00000-0  74564-3 0  6199
2 13498  74.0182 261.6343 0011120 227.3939 195.8232 14.62546521271314
1 13498U 81041C   23352.85110495  .00003759  00000-0  74564-3 0    14
2 13498  74.0182 261.6343 0011120 227.3939 195.8232 14.62546521267353
1 13498U 81041C   23353.53482713  .00003835  00000-0  76047-3 0    18
2 13498  74.0183 260.3229 0011091 225.9355 195.7211 14.62552371267453
1 13498U 81041C   23354.16222787  .00003385  00000-0  67197-3 0    17
2 13498  74.0184 259.1194 0011079 224.6625 259.0240 14.62556476267549
1 13498U 81041C   23354.83472604  .00003816  00000-0  75649-3 0    16
2 13498  74.0184 257.8295 0011046 223.3116 199.7712 14.62563589267649
1 13498U 81041C   23355.12086951  .00004007  00000-0  79403-3 0  6207
2 13498  74.0183 257.2803 0011035 222.9193 266.1571 14.62566487271642
1 13498U 81041C   23355.51789675  .00003921  00000-0  77717-3 0    16
2 13498  74.0182 256.5188 0010999 222.1623 196.5005 14.62569758267745
1 13498U 81041C   23355.86262382  .00003951  00000-0  78291-3 0    16
2 13498  74.0183 255.8575 0010994 221.4597 211.5346 14.62572969267794
1 13498U 81041C   23356.54494161  .00004575  00000-0  90534-3 0    11
2 13498  74.0182 254.5487 0010952 220.0599 204.0490 14.62580529267891
1 13498U 81041C   23356.81905218  .00004564  00000-0  90325-3 0    17
2 13498  74.0183 254.0228 0010945 219.4476 207.3405 14.62583113267937
1 13498U 81041C   23357.17741208  .00004102  00000-0  81246-3 0  6212
2 13498  74.0184 253.3357 0010934 218.5416 294.3438 14.62585219271942
1 13498U 81041C   23357.85509924  .00004472  00000-0  88505-3 0    11
2 13498  74.0184 252.0355 0010881 217.1189 262.5372 14.62592051268086
1 13498U 81041C   23358.52897267  .00004442  00000-0  87894-3 0    13
2 13498  74.0183 250.7431 0010821 215.6628 210.7065 14.62597908268181
1 13498U 81041C   23358.73352951  .00004389  00000-0  86845-3 0    17
2 13498  74.0183 250.3507 0010800 215.2105 207.7802 14.62599727268214
1 13498U 81041C   23359.16088146  .00004301  00000-0  85123-3 0    19
2 13498  74.0184 249.5312 0010765 214.1904 298.0367 14.62602956268278
1 13498U 81041C   23359.75832462  .00004154  00000-0  82227-3 0  6229
2 13498  74.0183 248.3855 0010774 212.9024 203.7967 14.62608027272320
1 13498U 81041C   23359.75832462  .00004154  00000-0  82227-3 0    10
2 13498  74.0183 248.3855 0010774 212.9024 203.7967 14.62608027268369
1 13498U 81041C   23360.03309235  .00003970  00000-0  78608-3 0    13
2 13498  74.0182 247.8585 0010759 212.3356 210.5282 14.62609851268404
1 13498U 81041C   23360.78558301  .00003979  00000-0  78778-3 0    12
2 13498  74.0180 246.4151 0010711 210.7040 212.6997 14.62616354268510
1 13498U 81041C   23361.14443250  .00003697  00000-0  73229-3 0    12
2 13498  74.0180 245.7270 0010705 209.9677 302.1525 14.62618513268569
1 13498U 81041C   23361.82188660  .00003409  00000-0  67580-3 0    12
2 13498  74.0178 244.4276 0010677 208.5128 269.2307 14.62623051268667
1 13498U 81041C   23362.10179745  .00003392  00000-0  67243-3 0  6235
2 13498  74.0177 243.8907 0010666 207.9336 303.0588 14.62624947272660
1 13498U 81041C   23362.10179745  .00003392  00000-0  67243-3 0    15
2 13498  74.0177 243.8907 0010666 207.9336 303.0588 14.62624947268700
1 13498U 81041C   23362.84864814  .00002850  00000-0  56587-3 0    11
2 13498  74.0174 242.4581 0010635 206.2541 275.6321 14.62628974268811
1 13498U 81041C   23363.12798687  .00002787  00000-0  55348-3 0    10
2 13498  74.0174 241.9224 0010632 205.6216 306.5089 14.62630603268859
1 13498U 81041C   23363.80556642  .00002832  00000-0  56220-3 0    19
2 13498  74.0172 240.6226 0010593 204.1620 274.2810 14.62634852268958
1 13498U 81041C   23364.47814549  .00002808  00000-0  55760-3 0  6248
2 13498  74.0170 239.3324 0010581 202.6903 215.7547 14.62638508273016
1 13498U 81041C   23364.47814549  .00002808  00000-0  55760-3 0    17
2 13498  74.0170 239.3324 0010581 202.6903 215.7547 14.62638508269055
1 13498U 81041C   23364.83218875  .00002469  00000-0  49101-3 0    12
2 13498  74.0170 238.6533 0010567 201.9242 279.9695 14.62639570269103
1 13498U 81041C   23365.78906705  .00002479  00000-0  49281-3 0    13\
2 13498  74.0168 236.8176 0010502 199.7015 278.5719 14.62644546269240
1 13498U 81041C   24001.07011267  .00002142  00000-0  42663-3 0    17\
2 13498  74.0168 236.2784 0010484 199.1311 318.3854 14.62644910269283
1 13498U 81041C   24001.73597736  .00002269  00000-0  45168-3 0  6255\
2 13498  74.0167 235.0010 0010451 197.7361 224.4676 14.62648521273347
1 13498U 81041C   24001.73597736  .00002269  00000-0  45168-3 0    13\
2 13498  74.0167 235.0010 0010451 197.7361 224.4676 14.62648521269386
1 13498U 81041C   24002.61895611  .00002411  00000-0  47942-3 0    15\
2 13498  74.0167 233.3071 0010397 195.7239 193.9298 14.62653205269515
1 13498U 81041C   24002.77256237  .00002412  00000-0  47964-3 0    12\
2 13498  74.0167 233.0124 0010388 195.4110 282.7317 14.62653931269533
1 13498U 81041C   24003.37638541  .00002173  00000-0  43264-3 0    14\
2 13498  74.0167 231.8539 0010340 194.1015 222.1976 14.62655949269627
1 13498U 81041C   24003.79885003  .00002187  00000-0  43534-3 0  6265\
2 13498  74.0167 231.0435 0010318 193.1693 286.7304 14.62658002273641
1 13498U 81041C   24003.79885003  .00002187  00000-0  43534-3 0    12\
2 13498  74.0167 231.0435 0010318 193.1693 286.7304 14.62658002269680
1 13498U 81041C   24004.60274194  .00002158  00000-0  42963-3 0    19\
2 13498  74.0167 229.5013 0010276 191.3427 199.7695 14.62661711269803
1 13498U 81041C   24004.74733970  .00002139  00000-0  42596-3 0    17\
2 13498  74.0167 229.2239 0010272 191.0522 241.1386 14.62662336269824
1 13498U 81041C   24005.63533311  .00002104  00000-0  41906-3 0    19\
2 13498  74.0169 227.5202 0010227 189.0815 236.9958 14.62666228269954
1 13498U 81041C   24005.70293852  .00002097  00000-0  41775-3 0    15\
2 13498  74.0169 227.3905 0010223 188.9349 232.9789 14.62666494269962
1 13498U 81041C   24006.06201008  .00002217  00000-0  44125-3 0  6277\
2 13498  74.0168 226.7017 0010205 188.1673 323.6981 14.62668557273970
1 13498U 81041C   24006.38621362  .00002178  00000-0  43352-3 0    14\
2 13498  74.0168 226.0797 0010189 187.4018 230.8889 14.62669744270066
1 13498U 81041C   24006.65961788  .00002185  00000-0  43488-3 0    11\
2 13498  74.0168 225.5552 0010178 186.7905 230.5489 14.62671028270100
1 13498U 81041C   24007.61211164  .00002424  00000-0  48173-3 0    16\
2 13498  74.0166 223.7278 0010126 184.7025 206.0473 14.62676064270248
1 13498U 81041C   24007.76594876  .00002439  00000-0  48469-3 0    10\
2 13498  74.0166 223.4327 0010114 184.4127 296.0534 14.62676745270262
1 13498U 81041C   24008.04552054  .00002303  00000-0  45796-3 0    14\
2 13498  74.0165 222.8964 0010100 183.8029 328.1813 14.62677648270305
1 13498U 81041C   24008.72301816  .00002474  00000-0  49149-3 0  6287\
2 13498  74.0164 221.5966 0010059 182.1973 295.7799 14.62681216274363
1 13498U 81041C   24008.72301816  .00002474  00000-0  49149-3 0    12\
2 13498  74.0164 221.5966 0010059 182.1973 295.7799 14.62681216270404
1 13498U 81041C   24009.06641451  .00002526  00000-0  50180-3 0    17\
2 13498  74.0163 220.9379 0010033 181.4341 304.0062 14.62683041270457
1 13498U 81041C   24009.95480170  .00002727  00000-0  54111-3 0    15\
2 13498  74.0161 219.2336 0009971 179.3643 302.1018 14.62688036270582
1 13498U 81041C   24010.35369704  .00002774  00000-0  55034-3 0    17\
2 13498  74.0160 218.4683 0009959 178.4734 242.5838 14.62690302270647
1 13498U 81041C   24011.57907358  .00003560  00000-0  70424-3 0    19\
2 13498  74.0159 216.1176 0009880 175.6685 215.2043 14.62700448270822
1 13498U 81041C   24011.65338174  .00003604  00000-0  71295-3 0  6294\
2 13498  74.0159 215.9750 0009871 175.5073 246.4909 14.62701126274798
1 13498U 81041C   24011.65338174  .00003604  00000-0  71295-3 0    18\
2 13498  74.0159 215.9750 0009871 175.5073 246.4909 14.62701126270839
1 13498U 81041C   24012.60986663  .00004004  00000-0  79113-3 0    18\
2 13498  74.0158 214.1399 0009808 173.2576 243.2666 14.62709128270971
1 13498U 81041C   24012.97143740  .00004005  00000-0  79131-3 0    10\
2 13498  74.0158 213.4462 0009771 172.5309 347.1542 14.62712016271023
1 13498U 81041C   24013.63796689  .00004359  00000-0  86050-3 0    10\
2 13498  74.0158 212.1673 0009730 171.0024 257.0315 14.62718348271128
1 13498U 81041C   24013.71618125  .00004399  00000-0  86840-3 0  6306\
2 13498  74.0158 212.0172 0009724 170.8048 308.9198 14.62719050275093
1 13498U 81041C   24014.59329069  .00004667  00000-0  92069-3 0    19\
2 13498  74.0160 210.3343 0009656 168.7700 247.7389 14.62727344271264
1 13498U 81041C   24014.95463713  .00005047  00000-0  99497-3 0    19\
2 13498  74.0161 209.6410 0009626 167.9684 350.5445 14.62731419271310
1 13498U 81041C   24015.54578045  .00005343  00000-0  10529-2 0    17\
2 13498  74.0162 208.5067 0009593 166.5872 223.5126 14.62737931271404
1 13498U 81041C   24015.69958936  .00005021  00000-0  98974-3 0    18\
2 13498  74.0163 208.2116 0009585 166.1930 313.5090 14.62738628271425
1 13498U 81041C   24015.97934274  .00004870  00000-0  96014-3 0  6311\
2 13498  74.0164 207.6748 0009567 165.5493 346.6892 14.62740989275421
1 13498U 81041C   24016.57691263  .00005055  00000-0  99617-3 0    15\
2 13498  74.0165 206.5282 0009524 164.1187 253.5577 14.62747753271553
1 13498U 81041C   24016.93844911  .00004939  00000-0  97339-3 0    14\
2 13498  74.0167 205.8344 0009491 163.2331 357.4751 14.62751456271609
1 13498U 81041C   24017.60403340  .00005095  00000-0  10039-2 0    11\
2 13498  74.0169 204.5573 0009411 161.7628 262.4149 14.62758522271703
1 13498U 81041C   24017.95669987  .00004897  00000-0  96503-3 0    10\
2 13498  74.0169 203.8807 0009461 160.8935 319.6403 14.62761928271758
1 13498U 81041C   24018.56007656  .00004986  00000-0  98239-3 0  6324\
2 13498  74.0169 202.7230 0009389 159.4130 257.1667 14.62768040275806
1 13498U 81041C   24018.63111762  .00004984  00000-0  98183-3 0    12\
2 13498  74.0169 202.5867 0009384 159.2385 271.2870 14.62768747271853
1 13498U 81041C   24018.91424052  .00005106  00000-0  10056-2 0    11\
2 13498  74.0167 202.0433 0009359 158.6307 322.1988 14.62771840271892
1 13498U 81041C   24019.58692343  .00005187  00000-0  10213-2 0    19\
2 13498  74.0167 200.7527 0009310 157.0748 264.6387 14.62778824271993
1 13498U 81041C   24019.94587090  .00005022  00000-0  98906-3 0    15\
2 13498  74.0167 200.0640 0009329 156.0925 355.0641 14.62782234272043
1 13498U 81041C   24020.61550833  .00005093  00000-0  10027-2 0    11\
2 13498  74.0166 198.7791 0009286 154.4488 281.5849 14.62788975272142
1 13498U 81041C   24020.61550833  .00005093  00000-0  10027-2 0  6332\
2 13498  74.0166 198.7791 0009286 154.4488 281.5849 14.62788975276102
1 13498U 81041C   24020.96667326  .00005054  00000-0  99505-3 0    11\
2 13498  74.0165 198.1051 0009249 153.6467 330.8767 14.62792408272199
1 13498U 81041C   24021.92919326  .00004789  00000-0  94306-3 0    16\
2 13498  74.0163 196.2583 0009181 151.4374 359.6973 14.62801644272331
1 13498U 81041C   24022.25316515  .00005022  00000-0  98848-3 0    10\
2 13498  74.0162 195.6366 0009175 150.6976 265.7987 14.62804907272386
1 13498U 81041C   24022.60666997  .00005090  00000-0  10017-2 0    17\
2 13498  74.0162 194.9582 0009153 149.8725 327.4509 14.62808580272439
1 13498U 81041C   24023.55370389  .00005550  00000-0  10915-2 0  6349\
2 13498  74.0162 193.1409 0009093 147.5847 274.8904 14.62819457276535
1 13498U 81041C   24023.90713394  .00005161  00000-0  10153-2 0    15\
2 13498  74.0162 192.4627 0009063 146.7973 336.1286 14.62822235272626
1 13498U 81041C   24024.17907588  .00005087  00000-0  10009-2 0    12\
2 13498  74.0163 191.9408 0009078 146.0632 328.3637 14.62824670272661
1 13498U 81041C   24025.53696601  .00005760  00000-0  11319-2 0    17\
2 13498  74.0165 189.3351 0009016 142.7162 279.6790 14.62840007272866
1 13498U 81041C   24025.82101704  .00005998  00000-0  11783-2 0  6355\
2 13498  74.0166 188.7902 0008967 142.0877 335.5677 14.62843300276861
1 13498U 81041C   24025.88946175  .00006054  00000-0  11892-2 0    12\
2 13498  74.0166 188.6588 0008962 141.9207 336.0320 14.62844157272914
1 13498U 81041C   24026.56491350  .00005234  00000-0  10290-2 0    18\
2 13498  74.0168 187.3626 0008939 140.2711 293.3071 14.62848561273014
1 13498U 81041C   24027.52004427  .00005498  00000-0  10804-2 0    13\
2 13498  74.0170 185.5298 0008888 137.8629 283.6201 14.62858311273151
1 13498U 81041C   24027.80518556  .00005296  00000-0  10409-2 0  6368\
2 13498  74.0169 184.9826 0008842 137.2620 345.2366 14.62860104277158
1 13498U 81041C   24027.87329786  .00004566  00000-0  89835-3 0    15\
2 13498  74.0171 184.8520 0008855 137.0897 343.9620 14.62859325273202
1 13498U 81041C   24028.55676927  .00004518  00000-0  88891-3 0    11\
2 13498  74.0173 183.5403 0008799 135.3528 343.5830 14.62865117273305
1 13498U 81041C   24028.83184221  .00004620  00000-0  90878-3 0    15\
2 13498  74.0174 183.0125 0008778 134.6715 352.2892 14.62867668273341
1 13498U 81041C   24029.50485361  .00004904  00000-0  96407-3 0    18\
2 13498  74.0175 181.7209 0008744 132.9777 296.8272 14.62874473273440
1 13498U 81041C   24030.45969792  .00004611  00000-0  90667-3 0  6371\
2 13498  74.0176 179.8885 0008696 130.5583 285.7266 14.62881888277547
1 13498U 81041C   24030.53971538  .00004574  00000-0  89955-3 0    12\
2 13498  74.0176 179.7349 0008687 130.3834 347.1296 14.62882395273599
1 13498U 81041C   24030.81307549  .00004665  00000-0  91727-3 0    19\
2 13498  74.0176 179.2103 0008661 129.6877 346.8502 14.62884864273636
1 13498U 81041C   24031.56579476  .00004215  00000-0  82919-3 0    16\
2 13498  74.0177 177.7658 0008642 127.7909 351.2307 14.62890218273744
1 13498U 81041C   24031.84565376  .00004250  00000-0  83602-3 0    10\
2 13498  74.0177 177.2288 0008637 127.1104  25.1561 14.62892581273781
1 13498U 81041C   24032.51430613  .00003566  00000-0  70255-3 0  6385\
2 13498  74.0177 175.9456 0008619 125.4472 306.7725 14.62896198277841
1 13498U 81041C   24032.51430613  .00003566  00000-0  70255-3 0    19\
2 13498  74.0177 175.9456 0008619 125.4472 306.7725 14.62896198273881
1 13498U 81041C   24033.47152523  .00003605  00000-0  70998-3 0    14\
2 13498  74.0177 174.1087 0008592 122.9923 308.2904 14.62903594274027
1 13498U 81041C   24033.82350689  .00003832  00000-0  75416-3 0    18\
2 13498  74.0176 173.4333 0008565 122.1183   2.0977 14.62906609274076
1 13498U 81041C   24034.50489506  .00003987  00000-0  78440-3 0    16\
2 13498  74.0176 172.1256 0008518 120.4710 350.7793 14.62912022274177
1 13498U 81041C   24034.84922670  .00004143  00000-0  81478-3 0  6394\
2 13498  74.0175 171.4648 0008492 119.5460   4.3754 14.62914882278185
1 13498U 81041C   24034.84922670  .00004143  00000-0  81478-3 0    17\
2 13498  74.0175 171.4648 0008492 119.5460   4.3754 14.62914882274226
1 13498U 81041C   24035.53292771  .00004517  00000-0  88755-3 0    16\
2 13498  74.0177 170.1528 0008488 117.8346   5.3173 14.62921048274329
1 13498U 81041C   24035.80560168  .00004673  00000-0  91799-3 0    19\
2 13498  74.0177 169.6296 0008465 117.1074   1.4949 14.62923528274367
1 13498U 81041C   24036.60613972  .00004732  00000-0  92941-3 0    16\
2 13498  74.0178 168.0934 0008446 115.0632 257.8640 14.62930345274489
1 13498U 81041C   24037.43904171  .00005125  00000-0  10058-2 0  6406\
2 13498  74.0180 166.4950 0008413 112.8595 324.7940 14.62939175278569
1 13498U 81041C   24037.43904171  .00005125  00000-0  10058-2 0    17\
2 13498  74.0180 166.4950 0008413 112.8595 324.7940 14.62939175274600
1 13498U 81041C   24037.78906940  .00005005  00000-0  98233-3 0    10\
2 13498  74.0180 165.8232 0008378 112.0063   8.3377 14.62942085274656
1 13498U 81041C   24038.58925252  .00005397  00000-0  10586-2 0    14\
2 13498  74.0181 164.2875 0008330 109.9446 262.9159 14.62951249274772
1 13498U 81041C   24038.81585032  .00005418  00000-0  10625-2 0    16\
2 13498  74.0182 163.8528 0008324 109.2424  16.5329 14.62953708274803
1 13498U 81041C   24039.34498022  .00005554  00000-0  10889-2 0    10\
2 13498  74.0184 162.8373 0008307 107.9059 283.4611 14.62959834274885
1 13498U 81041C   24039.77298490  .00005788  00000-0  11343-2 0  6419\
2 13498  74.0186 162.0158 0008309 106.7641  17.8314 14.62964929278903
1 13498U 81041C   24039.77298490  .00005788  00000-0  11343-2 0    19\
2 13498  74.0186 162.0158 0008309 106.7641  17.8314 14.62964929274943
1 13498U 81041C   24040.37570993  .00005649  00000-0  11071-2 0    12\
2 13498  74.0188 160.8592 0008275 105.1534 312.4983 14.62971381275036
1 13498U 81041C   24041.40272046  .00006579  00000-0  12878-2 0    14\
2 13498  74.0191 158.8882 0008277 102.3289 322.0692 14.62984499275181
1 13498U 81041C   24041.76097215  .00006945  00000-0  13590-2 0    15\
2 13498  74.0191 158.2007 0008283 101.4114  49.0282 14.62988907275233
1 13498U 81041C   24042.43724580  .00005690  00000-0  11146-2 0  6424\
2 13498  74.0190 156.9026 0008233  99.6067  11.1444 14.62994556279295
1 13498U 81041C   24042.43724580  .00005690  00000-0  11146-2 0    13\
2 13498  74.0190 156.9026 0008233  99.6067  11.1444 14.62994556275336
1 13498U 81041C   24042.78826240  .00006695  00000-0  13101-2 0    16\
2 13498  74.0191 156.2290 0008237  98.7870  59.9333 14.63000546275389
1 13498U 81041C   24043.38587497  .00006337  00000-0  12402-2 0    17\
2 13498  74.0190 155.0819 0008192  97.1469 327.7909 14.63007190275476
1 13498U 81041C   24044.41340551  .00006308  00000-0  12341-2 0    10\
2 13498  74.0186 153.1095 0008137  94.2948 340.2623 14.63020031275624
1 13498U 81041C   24044.77063736  .00006756  00000-0  13212-2 0  6433\
2 13498  74.0186 152.4240 0008149  93.3991  61.8813 14.63025518279636
1 13498U 81041C   24044.77063736  .00006756  00000-0  13212-2 0    11\
2 13498  74.0186 152.4240 0008149  93.3991  61.8813 14.63025518275676
1 13498U 81041C   24045.56422259  .00006434  00000-0  12582-2 0    10\
2 13498  74.0183 150.9007 0008175  91.3986 281.9021 14.63035041275799
1 13498U 81041C   24045.72831759  .00006450  00000-0  12613-2 0    10\
2 13498  74.0183 150.5858 0008170  90.9962  66.2255 14.63037238275819
1 13498U 81041C   24046.32650157  .00005740  00000-0  11232-2 0    15\
2 13498  74.0182 149.4376 0008172  89.3908 337.1378 14.63043568275903
1 13498U 81041C   24046.75358240  .00005950  00000-0  11638-2 0    13\
2 13498  74.0182 148.6181 0008153  88.2414  66.7798 14.63048877275962
1 13498U 81041C   24047.03081846  .00005382  00000-0  10534-2 0  6446\
2 13498  74.0182 148.0859 0008159  87.5168  87.1020 14.63051209279964
1 13498U 81041C   24047.54714404  .00005144  00000-0  10069-2 0    11\
2 13498  74.0181 147.0949 0008136  86.1736 286.8118 14.63056928276082
1 13498U 81041C   24047.70996253  .00005030  00000-0  98464-3 0    13\
2 13498  74.0182 146.7823 0008121  85.7027  64.4967 14.63058706276103
1 13498U 81041C   24048.37856677  .00005055  00000-0  98948-3 0    16\
2 13498  74.0183 145.4989 0008127  83.8914 346.4117 14.63065579276200
1 13498U 81041C   24048.73082517  .00004787  00000-0  93722-3 0    16\
2 13498  74.0182 144.8228 0008112  82.9632  41.9350 14.63068611276250
1 13498U 81041C   24049.53011775  .00005356  00000-0  10477-2 0  6455\
2 13498  74.0183 143.2885 0008125  80.8497 292.2426 14.63078207280323
1 13498U 81041C   24049.53011775  .00005356  00000-0  10477-2 0    11\
2 13498  74.0183 143.2885 0008125  80.8497 292.2426 14.63078207276373
1 13498U 81041C   24049.96014213  .00004695  00000-0  91909-3 0    13\
2 13498  74.0184 142.4631 0008117  79.7812  37.3539 14.63081264276430
1 13498U 81041C   24050.36092115  .00004591  00000-0  89886-3 0    12\
2 13498  74.0184 141.6937 0008114  78.6693 348.5396 14.63085023276493
1 13498U 81041C   24050.71939931  .00004484  00000-0  87788-3 0    17\
2 13498  74.0184 141.0056 0008119  77.7177  76.8582 14.63088241276540
1 13498U 81041C   24051.31803685  .00003731  00000-0  73147-3 0    18\
2 13498  74.0184 139.8565 0008112  76.1792 350.1964 14.63091624276630
1 13498U 81041C   24051.31803685  .00003731  00000-0  73147-3 0  6463\
2 13498  74.0184 139.8565 0008112  76.1792 350.1964 14.63091624280590
1 13498U 81041C   24051.94319623  .00003662  00000-0  71815-3 0    14\
2 13498  74.0185 138.6565 0008127  74.6272  43.1962 14.63096734276724
1 13498U 81041C   24052.62704865  .00003147  00000-0  61793-3 0    18\
2 13498  74.0185 137.3438 0008116  72.8060  45.4932 14.63100751276820
1 13498U 81041C   24052.69599492  .00003128  00000-0  61423-3 0    12\
2 13498  74.0184 137.2114 0008118  72.6205  48.6805 14.63101203276838
1 13498U 81041C   24053.49592212  .00003168  00000-0  62199-3 0  6475\
2 13498  74.0184 135.6758 0008113  70.5378 302.3886 14.63107099280908
1 13498U 81041C   24053.49592212  .00003168  00000-0  62199-3 0    19\
2 13498  74.0184 135.6758 0008113  70.5378 302.3886 14.63107099276958
1 13498U 81041C   24053.65412880  .00003237  00000-0  63529-3 0    14\
2 13498  74.0184 135.3721 0008095  70.0819  55.8058 14.63108347276979
1 13498U 81041C   24054.40600653  .00002829  00000-0  55599-3 0    19\
2 13498  74.0183 133.9289 0008117  68.1185  56.4291 14.63112583277086
1 13498U 81041C   24054.68004675  .00003350  00000-0  65707-3 0    13\
2 13498  74.0183 133.4029 0008107  67.3386  60.0432 14.63115651277128
1 13498U 81041C   24055.47878197  .00003535  00000-0  69297-3 0    12\
2 13498  74.0181 131.8696 0008086  65.1677 307.5999 14.63121212277243
1 13498U 81041C   24055.64165288  .00003682  00000-0  72150-3 0  6483\
2 13498  74.0180 131.5569 0008092  64.7439  85.5497 14.63122567281229
1 13498U 81041C   24055.64165288  .00003682  00000-0  72150-3 0    16\
2 13498  74.0180 131.5569 0008092  64.7439  85.5497 14.63122567277268
1 13498U 81041C   24056.59347010  .00003812  00000-0  74670-3 0    10\
2 13498  74.0173 129.7295 0008093  62.2659  59.4249 14.63129822277405
1 13498U 81041C   24056.94542021  .00003769  00000-0  73831-3 0    17\
2 13498  74.0171 129.0539 0008128  61.5573 113.1861 14.63132145277458
1 13498U 81041C   24057.62450128  .00003811  00000-0  74646-3 0    12\
2 13498  74.0172 127.7502 0008108  59.5325  90.6496 14.63136715277555
1 13498U 81041C   24057.89194536  .00003683  00000-0  72147-3 0    10\
2 13498  74.0171 127.2367 0008122  58.9878  59.3202 14.63138300277593
1 13498U 81041C   24058.01862042  .00003689  00000-0  72261-3 0  6490\
2 13498  74.0172 126.9935 0008122  58.6687   6.6001 14.63139223281576
1 13498U 81041C   24058.57678022  .00003146  00000-0  61711-3 0    12\
2 13498  74.0171 125.9217 0008128  57.2525  66.8045 14.63141924277694
1 13498U 81041C   24058.64543451  .00003131  00000-0  61419-3 0    16\
2 13498  74.0171 125.7898 0008129  57.0919  68.4399 14.63142390277703
1 13498U 81041C   24059.60736876  .00002647  00000-0  52026-3 0    13\
2 13498  74.0167 123.9429 0008134  54.6553  95.6071 14.63146755277844
1 13498U 81041C   24059.87487562  .00002536  00000-0  49863-3 0    19\
2 13498  74.0169 123.4294 0008159  54.0512  64.6796 14.63148145277886
1 13498U 81041C   24060.20578872  .00002616  00000-0  51412-3 0  6505\
2 13498  74.0168 122.7940 0008155  53.1549   7.8898 14.63150345281894
1 13498U 81041C   24060.63399111  .00002516  00000-0  49478-3 0    17\
2 13498  74.0167 121.9718 0008166  52.0307 103.5757 14.63152424277993
1 13498U 81041C   24060.91109966  .00002436  00000-0  47907-3 0    11\
2 13498  74.0168 121.4398 0008174  51.3382 123.2964 14.63153780278038
1 13498U 81041C   24061.58410074  .00002651  00000-0  52088-3 0    15\
2 13498  74.0169 120.1477 0008179  49.6248  68.4897 14.63157934278130
1 13498U 81041C   24062.25780542  .00002802  00000-0  55010-3 0  6517\
2 13498  74.0168 118.8542 0008196  47.9496  17.3589 14.63161922282195
1 13498U 81041C   24062.61104727  .00002779  00000-0  54561-3 0    14\
2 13498  74.0168 118.1759 0008201  47.0011  78.2009 14.63163559278285
1 13498U 81041C   24063.57305064  .00002768  00000-0  54353-3 0    14\
2 13498  74.0168 116.3288 0008225  44.5724 105.7974 14.63168661278423
1 13498U 81041C   24063.84067220  .00002793  00000-0  54833-3 0    14\
2 13498  74.0168 115.8150 0008244  44.0569  75.4052 14.63170231278468
1 13498U 81041C   24064.52407201  .00003325  00000-0  65145-3 0  6529\
2 13498  74.0168 114.5027 0008241  41.9846  75.7597 14.63176728282524
1 13498U 81041C   24064.59346931  .00003023  00000-0  59288-3 0    12\
2 13498  74.0168 114.3695 0008244  41.7942  81.3452 14.63176250278574
1 13498U 81041C   24065.55586001  .00003375  00000-0  66105-3 0    19\
2 13498  74.0170 112.5217 0008272  39.3946 111.0076 14.63184617278710
1 13498U 81041C   24066.58342935  .00003514  00000-0  68782-3 0    17\
2 13498  74.0168 110.5489 0008310  37.0486 123.8300 14.63193191278867
1 13498U 81041C   24066.58342935  .00003514  00000-0  68782-3 0  6530\
2 13498  74.0168 110.5489 0008310  37.0486 123.8300 14.63193191282828
1 13498U 81041C   24067.53863865  .00003266  00000-0  63969-3 0    19\
2 13498  74.0167 108.7146 0008339  34.5578 115.8179 14.63198892279005
1 13498U 81041C   24068.56465282  .00003064  00000-0  60050-3 0    18\
2 13498  74.0164 106.7441 0008378  32.0309 120.6761 14.63204826279158
1 13498U 81041C   24068.88801833  .00002950  00000-0  57836-3 0    10\
2 13498  74.0160 106.1231 0008393  31.3340  24.0142 14.63206632279202
1 13498U 81041C   24069.23408868  .00003541  00000-0  69287-3 0  6545\
2 13498  74.0159 105.4584 0008403  30.4994  47.0429 14.63210820283213
1 13498U 81041C   24069.51587941  .00003594  00000-0  70305-3 0    13\
2 13498  74.0158 104.9172 0008415  29.8287  91.4521 14.63212801279299
1 13498U 81041C   24069.91423727  .00003072  00000-0  60175-3 0    13\
2 13498  74.0157 104.1521 0008434  28.8527  29.9378 14.63213496279359
1 13498U 81041C   24070.54737484  .00002919  00000-0  57215-3 0    12\
2 13498  74.0156 102.9363 0008464  27.2969 125.2200 14.63216907279448
1 13498U 81041C   24070.87171137  .00002853  00000-0  55928-3 0    11\
2 13498  74.0155 102.3133 0008480  26.4558  33.8280 14.63218690279497
1 13498U 81041C   24071.50418727  .00002810  00000-0  55091-3 0  6550\
2 13498  74.0156 101.0988 0008512  24.9936 125.5454 14.63222327283546
1 13498U 81041C   24071.50418727  .00002810  00000-0  55091-3 0    15\
2 13498  74.0156 101.0988 0008512  24.9936 125.5454 14.63222327279585
1 13498U 81041C   24072.53006340  .00002641  00000-0  51816-3 0    16\
2 13498  74.0155  99.1286 0008556  22.5613 129.6686 14.63227635279732
1 13498U 81041C   24073.48277865  .00002437  00000-0  47853-3 0    12\
2 13498  74.0155  97.2989 0008584  20.4694 108.2455 14.63232254279873
1 13498U 81041C   24074.51276635  .00002949  00000-0  57769-3 0  6562\
2 13498  74.0156  95.3208 0008643  18.0163 134.0823 14.63239751283989
1 13498U 81041C   24074.23473484  .00002857  00000-0  55982-3 0    19\
2 13498  74.0155  95.8548 0008609  18.8539 109.2710 14.63237738279984
1 13498U 81041C   24074.83675021  .00003028  00000-0  59284-3 0    16\
2 13498  74.0156  94.6985 0008653  17.3156  40.7201 14.63241965280078
1 13498U 81041C   24075.73776799  .00003047  00000-0  59661-3 0    10\
2 13498  74.0157  92.9683 0008707  15.2624 107.0923 14.63247368280208
1 13498U 81041C   24076.49546965  .00002987  00000-0  58489-3 0    13\
2 13498  74.0157  91.5131 0008748  13.4824 138.5731 14.63251774280312
1 13498U 81041C   24076.81921755  .00002987  00000-0  58475-3 0  6575\
2 13498  74.0157  90.8914 0008779  12.7503  44.0134 14.63253782284327
1 13498U 81041C   24076.81921755  .00002987  00000-0  58475-3 0    18\
2 13498  74.0157  90.8914 0008779  12.7503  44.0134 14.63253782280367
1 13498U 81041C   24077.45325517  .00002784  00000-0  54545-3 0    12\
2 13498  74.0157  89.6737 0008791  11.3559 143.9655 14.63256987280453
1 13498U 81041C   24077.72067219  .00002788  00000-0  54612-3 0    13\
2 13498  74.0158  89.1601 0008805  10.8269 112.5963 14.63258734280497
1 13498U 81041C   24078.47815911  .00002734  00000-0  53572-3 0    11\
2 13498  74.0157  87.7053 0008840   9.1571 142.8673 14.63262925280601
1 13498U 81041C   24078.80189081  .00003235  00000-0  63268-3 0    10\
2 13498  74.0157  87.0836 0008860   8.4768  48.1883 14.63266795280650
1 13498U 81041C   24079.14694124  .00003272  00000-0  63971-3 0  6587\
2 13498  74.0156  86.4210 0008864   7.7328  65.8282 14.63269125284660
1 13498U 81041C   24079.43514274  .00003996  00000-0  77980-3 0    16\
2 13498  74.0156  85.8675 0008873   7.1162 144.0029 14.63273478280748
1 13498U 81041C   24080.45528888  .00005035  00000-0  98078-3 0    13\
2 13498  74.0158  83.9082 0008913   4.9103 117.9231 14.63283869280891
1 13498U 81041C   24080.78541132  .00005610  00000-0  10918-2 0    11\
2 13498  74.0157  83.2741 0008919   4.2235  56.9216 14.63288291280945
1 13498U 81041C   24081.13798008  .00005406  00000-0  10523-2 0  6591\
2 13498  74.0157  82.5969 0008938   3.4855 114.1711 14.63291422284951
1 13498U 81041C   24081.41784271  .00005535  00000-0  10772-2 0    19\
2 13498  74.0157  82.0593 0008950   2.8756 148.4490 14.63294534281033
1 13498U 81041C   24081.81030553  .00006620  00000-0  12867-2 0    13\
2 13498  74.0157  81.3055 0008959   2.0746  55.8441 14.63301685281097
1 13498U 81041C   24082.44351115  .00006209  00000-0  12071-2 0    13\
2 13498  74.0157  80.0892 0009007   0.8518 151.3517 14.63307827281180
1 13498U 81041C   24082.96724847  .00005967  00000-0  11602-2 0    15\
2 13498  74.0156  79.0831 0009022 359.7597  30.3168 14.63314209281269
1 13498U 81041C   24083.40059793  .00006367  00000-0  12373-2 0  6608\
2 13498  74.0157  78.2507 0009026 358.8076 153.1917 14.63320999285282
1 13498U 81041C   24083.74686328  .00007914  00000-0  15359-2 0    10\
2 13498  74.0158  77.5856 0009006 358.0548 177.3138 14.63329509281371
1 13498U 81041C   24084.42592218  .00007658  00000-0  14860-2 0    11\
2 13498  74.0159  76.2812 0009048 356.7152 154.4681 14.63339882281477
1 13498U 81041C   24084.75017490  .00011412  00000-0  22098-2 0  6618\
2 13498  74.0160  75.6583 0009044 356.0710  62.5892 14.63351904285483
1 13498U 81041C   24084.75017490  .00011412  00000-0  22098-2 0    16\
2 13498  74.0160  75.6583 0009044 356.0710  62.5892 14.63351904281524
1 13498U 81041C   24085.77595348  .00013725  00000-0  26540-2 0    17\
2 13498  74.0163  73.6881 0009032 354.1421  66.1946 14.63375982281679
1 13498U 81041C   24086.40282611  .00011760  00000-0  22752-2 0  6625\
2 13498  74.0165  72.4838 0009070 352.7582 128.6725 14.63383797285726
1 13498U 81041C   24086.40282611  .00011760  00000-0  22752-2 0    12\
2 13498  74.0165  72.4838 0009070 352.7582 128.6725 14.63383797281766
1 13498U 81041C   24086.93210809  .00006201  00000-0  12035-2 0    17\
2 13498  74.0166  71.4670 0009096 351.5342  37.0923 14.63382719281844
1 13498U 81041C   24087.08564696  .00006173  00000-0  11981-2 0  6631\
2 13498  74.0166  71.1720 0009095 351.2126 125.9515 14.63384554285828
1 13498U 81041C   24087.42928149  .00006357  00000-0  12335-2 0    10\
2 13498  74.0168  70.5119 0009109 350.4953 136.2562 14.63389061281911
1 13498U 81041C   24087.95799913  .00005320  00000-0  10333-2 0    18\
2 13498  74.0170  69.4963 0009102 349.5077  41.4914 14.63393820281991
1 13498U 81041C   24088.38584437  .00005386  00000-0  10460-2 0    12\
2 13498  74.0170  68.6746 0009141 348.7996 135.2565 14.63398468282050
1 13498U 81041C   24088.91353358  .00005458  00000-0  10597-2 0    18\
2 13498  74.0172  67.6611 0009160 347.8108  35.0987 14.63404748282131
1 13498U 81041C   24089.06838446  .00005355  00000-0  10397-2 0    15\
2 13498  74.0172  67.3636 0009174 347.4342 130.9340 14.63406288282157
1 13498U 81041C   24089.74039576  .00007019  00000-0  13604-2 0  6645\
2 13498  74.0175  66.0729 0009185 346.1346  71.1164 14.63416658286214
1 13498U 81041C   24089.94049215  .00005784  00000-0  11222-2 0    14\
2 13498  74.0175  65.6885 0009198 345.6919  45.2925 14.63416773282284
1 13498U 81041C   24090.21065582  .00005765  00000-0  11185-2 0    18\
2 13498  74.0174  65.1697 0009208 345.0689  28.6324 14.63419477282326
1 13498U 81041C   24090.97062475  .00007576  00000-0  14673-2 0    16\
2 13498  74.0176  63.7101 0009200 343.4331  72.3787 14.63430686282436
1 13498U 81041C   24091.39397878  .00007704  00000-0  14918-2 0    16\
2 13498  74.0178  62.8971 0009199 342.7569 142.5144 14.63435986282496
1 13498U 81041C   24091.72282910  .00005181  00000-0  10055-2 0  6654\
2 13498  74.0178  62.2654 0009228 341.9831  75.0755 14.63434385286500
1 13498U 81041C   24091.92303477  .00005028  00000-0  97602-3 0    16\
2 13498  74.0178  61.8808 0009235 341.5880  49.7931 14.63436201282570
1 13498U 81041C   24092.35583218  .00004905  00000-0  95221-3 0    15\
2 13498  74.0177  61.0495 0009225 340.7506 169.8324 14.63440489282638
1 13498U 81041C   24093.38237812  .00004434  00000-0  86130-3 0    11\
2 13498  74.0177  59.0775 0009255 338.7347 177.8782 14.63449541282780
1 13498U 81041C   24093.90546295  .00004126  00000-0  80177-3 0  6667\
2 13498  74.0176  58.0726 0009261 337.6677  53.6428 14.63453279286814
1 13498U 81041C   24093.90546295  .00004126  00000-0  80177-3 0    10\
2 13498  74.0176  58.0726 0009261 337.6677  53.6428 14.63453279282865
1 13498U 81041C   24094.33825951  .00003876  00000-0  75353-3 0    18\
2 13498  74.0176  57.2412 0009274 336.8817 173.6503 14.63456122282923
1 13498U 81041C   24094.66223856  .00003755  00000-0  73021-3 0    16\
2 13498  74.0176  56.6188 0009284 336.2261  80.4691 14.63458405282978
1 13498U 81041C   24095.36467267  .00003116  00000-0  60689-3 0    17\
2 13498  74.0176  55.2692 0009309 334.8447 181.0696 14.63461891283079
1 13498U 81041C   24095.88786035  .00003370  00000-0  65585-3 0    13\
2 13498  74.0178  54.2641 0009322 333.7947  57.3858 14.63466371283154
1 13498U 81041C   24096.23619392  .00003367  00000-0  65536-3 0  6674\
2 13498  74.0178  53.5949 0009334 333.0243  92.5891 14.63468501287162
1 13498U 81041C   24096.58753653  .00003356  00000-0  65309-3 0    19\
2 13498  74.0180  52.9199 0009329 332.4146 143.4823 14.63470934283254
1 13498U 81041C   24096.92018108  .00003447  00000-0  67059-3 0    11\
2 13498  74.0181  52.2809 0009334 331.7243  95.9894 14.63473597283305
1 13498U 81041C   24097.34744365  .00003483  00000-0  67743-3 0    19\
2 13498  74.0182  51.4601 0009347 330.8562 186.9674 14.63476532283360
1 13498U 81041C   24097.87026427  .00003497  00000-0  68010-3 0    12\
2 13498  74.0184  50.4557 0009360 329.8326  61.3493 14.63480434283442
1 13498U 81041C   24098.30303546  .00003545  00000-0  68931-3 0  6686\
2 13498  74.0186  49.6244 0009372 328.9283 181.3851 14.63483643287464
1 13498U 81041C   24098.30303546  .00003545  00000-0  68931-3 0    17\
2 13498  74.0186  49.6244 0009372 328.9283 181.3851 14.63483643283505
1 13498U 81041C   24098.90066123  .00003382  00000-0  65779-3 0    16\
2 13498  74.0187  48.4762 0009384 327.8278  89.8078 14.63487550283596
1 13498U 81041C   24099.32415498  .00003734  00000-0  72570-3 0    14\
2 13498  74.0189  47.6627 0009401 326.9127 161.0075 14.63491411283650
1 13498U 81041C   24099.92800361  .00003573  00000-0  69449-3 0    19\
2 13498  74.0193  46.5029 0009399 325.7476 102.2832 14.63495263283746
1 13498U 81041C   24100.28540670  .00003394  00000-0  66012-3 0    19\
2 13498  74.0194  45.8164 0009410 325.0423 185.2217 14.63497247283795
1 13498U 81041C   24100.80879074  .00003855  00000-0  74869-3 0  6691\
2 13498  74.0195  44.8110 0009416 324.0176  62.6123 14.63502331287829
1 13498U 81041C   24100.80879074  .00003855  00000-0  74869-3 0    11\
2 13498  74.0195  44.8110 0009416 324.0176  62.6123 14.63502331283870
1 13498U 81041C   24101.58887457  .00003445  00000-0  66976-3 0    16\
2 13498  74.0199  43.3127 0009422 322.5634 212.3350 14.63506860283984
1 13498U 81041C   24101.90961806  .00003543  00000-0  68861-3 0    17\
2 13498  74.0199  42.6965 0009443 321.7804 102.3018 14.63509617284038
1 13498U 81041C   24102.26208691  .00003517  00000-0  68356-3 0    13\
2 13498  74.0199  42.0195 0009453 321.0665 159.2826 14.63512126284088
1 13498U 81041C   24102.86678633  .00003591  00000-0  69767-3 0  6707\
2 13498  74.0200  40.8579 0009460 319.8442 105.1451 14.63517072288138
1 13498U 81041C   24102.93544524  .00003578  00000-0  69525-3 0    11\
2 13498  74.0200  40.7260 0009461 319.7101 106.8708 14.63517532284181
1 13498U 81041C   24103.29527634  .00003672  00000-0  71332-3 0    18\
2 13498  74.0199  40.0350 0009476 318.9277 202.7034 14.63520428284234
1 13498U 81041C   24103.61824490  .00003949  00000-0  76645-3 0    13\
2 13498  74.0199  39.4146 0009481 318.2696 104.2791 14.63523651284285
1 13498U 81041C   24104.25010955  .00004074  00000-0  79052-3 0    12\
2 13498  74.0199  38.2008 0009489 316.9943 193.2860 14.63529103284370
1 13498U 81041C   24104.91838010  .00004323  00000-0  83826-3 0    16\
2 13498  74.0199  36.9170 0009489 315.6199 114.1404 14.63535723284476
1 13498U 81041C   24105.20176118  .00004595  00000-0  89054-3 0  6716\
2 13498  74.0197  36.3726 0009497 315.0330 167.1703 14.63538555288475
1 13498U 81041C   24105.87320161  .00005614  00000-0  10862-2 0    18\
2 13498  74.0197  35.0827 0009494 313.6697 104.7310 14.63547436284611
1 13498U 81041C   24106.55583212  .00005917  00000-0  11443-2 0    14\
2 13498  74.0197  33.7714 0009469 312.0793 101.4730 14.63555464284714
1 13498U 81041C   24106.90007566  .00006270  00000-0  12120-2 0    12\
2 13498  74.0198  33.1099 0009493 311.2419 115.3165 14.63560357284766
1 13498U 81041C   24107.53597053  .00008762  00000-0  16902-2 0  6721\
2 13498  74.0198  31.8883 0009521 310.0574 225.5489 14.63573644288819
1 13498U 81041C   24107.53597053  .00008762  00000-0  16902-2 0    17\
2 13498  74.0198  31.8883 0009521 310.0574 225.5489 14.63573644284859
1 13498U 81041C   24107.85515187  .00009113  00000-0  17575-2 0    18\
2 13498  74.0198  31.2750 0009521 309.4487 107.1909 14.63579572284905
1 13498U 81041C   24108.21471685  .00010693  00000-0  20603-2 0    14\
2 13498  74.0199  30.5842 0009521 308.6598 201.7108 14.63588115284954
1 13498U 81041C   24108.88427448  .00009065  00000-0  17475-2 0    19\
2 13498  74.0201  29.2979 0009498 307.3334 129.4365 14.63598296285055
1 13498U 81041C   24109.56484088  .00007737  00000-0  14923-2 0    17\
2 13498  74.0202  27.9904 0009522 305.8883 115.2899 14.63608235285150
1 13498U 81041C   24109.83736372  .00008187  00000-0  15784-2 0  6734\
2 13498  74.0203  27.4669 0009509 305.3182 111.1925 14.63613923289155
1 13498U 81041C   24109.83736372  .00008187  00000-0  15784-2 0    19\
2 13498  74.0203  27.4669 0009509 305.3182 111.1925 14.63613923285195
1 13498U 81041C   24110.59079872  .00009061  00000-0  17456-2 0    19\
2 13498  74.0203  26.0192 0009503 303.7270 121.0216 14.63627500285307
1 13498U 81041C   24110.87331319  .00012929  00000-0  24860-2 0    11\
2 13498  74.0205  25.4765 0009525 303.0643 169.6694 14.63640684285349
1 13498U 81041C   24111.22274571  .00009847  00000-0  18956-2 0    11\
2 13498  74.0206  24.8050 0009500 302.4229 210.7408 14.63642224285394
1 13498U 81041C   24111.81962299  .00008650  00000-0  16658-2 0    15\
2 13498  74.0207  23.6583 0009555 301.0441 115.8540 14.63653179285487
1 13498U 81041C   24112.17915337  .00008299  00000-0  15983-2 0  6741\
2 13498  74.0208  22.9675 0009524 300.4666 210.0832 14.63661071289497
1 13498U 81041C   24112.50160032  .00009547  00000-0  18370-2 0    16\
2 13498  74.0208  22.3481 0009517 299.8168 109.0720 14.63669984285586
1 13498U 81041C   24112.85575713  .00009866  00000-0  18978-2 0    18\
2 13498  74.0209  21.6678 0009538 299.1716 175.0813 14.63677727285638
1 13498U 81041C   24113.20483273  .00009464  00000-0  18206-2 0    15\
2 13498  74.0208  20.9972 0009512 298.4161 214.4466 14.63684484285689
1 13498U 81041C   24113.80176115  .00008675  00000-0  16690-2 0  6750\
2 13498  74.0209  19.8503 0009537 297.1069 119.8455 14.63695019289739
1 13498U 81041C   24113.88212650  .00008027  00000-0  15449-2 0    18\
2 13498  74.0210  19.6960 0009557 297.0022 183.2450 14.63695667285786
1 13498U 81041C   24114.16138714  .00008170  00000-0  15722-2 0    11\
2 13498  74.0208  19.1594 0009570 296.3892 214.7648 14.63700438285820
1 13498U 81041C   24114.83779817  .00007565  00000-0  14560-2 0    16\
2 13498  74.0208  17.8598 0009598 294.9913 178.9382 14.63711714285923
1 13498U 81041C   24115.18159751  .00007886  00000-0  15173-2 0    11\
2 13498  74.0208  17.1993 0009602 294.2974 190.4946 14.63718039285978
1 13498U 81041C   24115.86402708  .00007710  00000-0  14831-2 0  6763\
2 13498  74.0207  15.8882 0009600 292.7944 186.5151 14.63729174290036
1 13498U 81041C   24116.46644701  .00006808  00000-0  13103-2 0    11\
2 13498  74.0206  14.7310 0009584 291.3974 121.0209 14.63737131286167
1 13498U 81041C   24116.81006920  .00006676  00000-0  12848-2 0    13\
2 13498  74.0205  14.0708 0009590 290.6123 131.7652 14.63742125286210
1 13498U 81041C   24117.49249456  .00007078  00000-0  13615-2 0    11\
2 13498  74.0202  12.7594 0009601 289.3634 127.5682 14.63752581286314
1 13498U 81041C   24117.84629855  .00007706  00000-0  14814-2 0    15\
2 13498  74.0201  12.0793 0009632 288.6877 191.8546 14.63759190286363
1 13498U 81041C   24118.12019691  .00007380  00000-0  14189-2 0  6770\
2 13498  74.0201  11.5528 0009603 288.1144 195.1487 14.63762121290367
1 13498U 81041C   24118.44883924  .00007431  00000-0  14286-2 0    19\
2 13498  74.0199  10.9212 0009625 287.5387 126.8090 14.63767137286450
1 13498U 81041C   24118.87227787  .00006351  00000-0  12219-2 0    19\
2 13498  74.0198  10.1074 0009582 286.6855 198.0841 14.63771878286518
1 13498U 81041C   24119.47446395  .00004553  00000-0  87774-3 0    15\
2 13498  74.0196   8.9500 0009564 285.5271 131.2094 14.63776876286607
1 13498U 81041C   24119.82783323  .00004206  00000-0  81133-3 0    17\
2 13498  74.0195   8.2709 0009573 284.8557 193.2292 14.63779341286652
1 13498U 81041C   24120.49990112  .00003425  00000-0  66184-3 0  6789\
2 13498  74.0195   6.9793 0009591 283.5591 134.6084 14.63784252290711
1 13498U 81041C   24120.49990112  .00003425  00000-0  66184-3 0    19\
2 13498  74.0195   6.9793 0009591 283.5591 134.6084 14.63784252286750
1 13498U 81041C   24120.85386352  .00003056  00000-0  59120-3 0    16\
2 13498  74.0195   6.2990 0009601 282.9223 199.7277 14.63786440286802
1 13498U 81041C   24121.45686951  .00003113  00000-0  60205-3 0    11\
2 13498  74.0194   5.1401 0009594 281.6832 137.2801 14.63790183286897
1 13498U 81041C   24121.92622346  .00003285  00000-0  63490-3 0    10\
2 13498  74.0194   4.2380 0009597 280.7973  90.4782 14.63793560286960
1 13498U 81041C   24122.00416959  .00003330  00000-0  64345-3 0    12\
2 13498  74.0194   4.0882 0009600 280.6818 141.1738 14.63794139286976
1 13498U 81041C   24123.11470160  .00003154  00000-0  60974-3 0  6798\
2 13498  74.0193   1.9540 0009568 278.5937 232.9859 14.63800595291099
1 13498U 81041C   24123.63819568  .00002970  00000-0  57451-3 0    14\
2 13498  74.0192   0.9479 0009544 277.5308 111.5607 14.63803101287211
1 13498U 81041C   24124.41763197  .00003361  00000-0  64914-3 0    14\
2 13498  74.0191 359.4498 0009523 275.9782 258.8213 14.63809370287322
1 13498U 81041C   24124.73853339  .00003096  00000-0  59845-3 0    19\
2 13498  74.0192 358.8331 0009526 275.3859 149.7752 14.63810548287374
1 13498U 81041C   24125.42028237  .00002956  00000-0  57159-3 0  6800\
2 13498  74.0192 357.5228 0009536 274.1401 142.1700 14.63814272291436
1 13498U 81041C   24126.64567434  .00003373  00000-0  65129-3 0    19\
2 13498  74.0189 355.1677 0009519 271.7247 119.4294 14.63823130287653
1 13498U 81041C   24126.80073873  .00003294  00000-0  63624-3 0    16\
2 13498  74.0188 354.8696 0009508 271.4061 216.5635 14.63823797287677
1 13498U 81041C   24127.74640362  .00003803  00000-0  73344-3 0  6813\
2 13498  74.0185 353.0520 0009492 269.5738 159.7826 14.63831094291777
1 13498U 81041C   24127.40241847  .00003690  00000-0  71175-3 0    11\
2 13498  74.0186 353.7132 0009503 270.3006 147.0788 14.63828906287764
1 13498U 81041C   24127.74640362  .00003803  00000-0  73344-3 0    19\
2 13498  74.0185 353.0520 0009492 269.5738 159.7826 14.63831094287817
1 13498U 81041C   24128.62758611  .00003431  00000-0  66221-3 0    17\
2 13498  74.0182 351.3582 0009487 267.8730 123.2187 14.63835125287949
1 13498U 81041C   24128.78096431  .00003355  00000-0  64770-3 0    11\
2 13498  74.0182 351.0634 0009486 267.5527 211.4815 14.63836057287969
1 13498U 81041C   24129.38504152  .00003956  00000-0  76246-3 0    10\
2 13498  74.0180 349.9022 0009469 266.4215 154.6757 14.63841632288056
1 13498U 81041C   24129.72849182  .00003902  00000-0  75217-3 0    11\
2 13498  74.0180 349.2420 0009464 265.7137 164.5638 14.63844010288108
1 13498U 81041C   24130.01208535  .00003732  00000-0  71954-3 0  6826\
2 13498  74.0180 348.6969 0009467 265.2455 218.9090 14.63845556292107
1 13498U 81041C   24130.36353170  .00004266  00000-0  82149-3 0    16\
2 13498  74.0179 348.0214 0009461 264.5198 270.9392 14.63849585288195
1 13498U 81041C   24130.76301964  .00004450  00000-0  85674-3 0    15\
2 13498  74.0179 347.2535 0009462 263.7815 216.0556 14.63852493288252
1 13498U 81041C   24131.36595088  .00005592  00000-0  10746-2 0    19\
2 13498  74.0178 346.0944 0009460 262.6387 153.2608 14.63859783288341
1 13498U 81041C   24131.71812069  .00005707  00000-0  10965-2 0    10\
2 13498  74.0179 345.4174 0009471 261.9988 209.0317 14.63862910288399
1 13498U 81041C   24132.86125424  .00015688  00000-0  29960-2 0  6839\
2 13498  74.0180 343.2197 0009479 259.6425 113.2377 14.63911276292511
1 13498U 81041C   24132.86125424  .00015688  00000-0  29960-2 0    13\
2 13498  74.0180 343.2197 0009479 259.6425 113.2377 14.63911276288561
1 13498U 81041C   24133.62112744  .00007184  00000-0  13766-2 0    18\
2 13498  74.0184 341.7590 0009460 258.2958 157.5400 14.63925317288672
1 13498U 81041C   24133.69173618  .00006997  00000-0  13408-2 0  6843\
2 13498  74.0185 341.6233 0009456 258.0485 169.7520 14.63926655292640
1 13498U 81041C   24133.69173618  .00006997  00000-0  13408-2 0    16\
2 13498  74.0185 341.6233 0009456 258.0485 169.7520 14.63926655288689
1 13498U 81041C   24134.32710037  .00005986  00000-0  11480-2 0    14\
2 13498  74.0185 340.4018 0009458 256.7310 278.1557 14.63934258288774
1 13498U 81041C   24134.84301193  .00005496  00000-0  10544-2 0    16\
2 13498  74.0189 339.4101 0009437 255.7036 117.0057 14.63939420288851
1 13498U 81041C   24135.00584281  .00005557  00000-0  10661-2 0    14\
2 13498  74.0188 339.0971 0009431 255.2553 255.2491 14.63941444288872
1 13498U 81041C   24135.95598240  .00005911  00000-0  11332-2 0    18\
2 13498  74.0189 337.2703 0009427 253.3670 222.5063 14.63952154289019
1 13498U 81041C   24136.02650367  .00007622  00000-0  14591-2 0  6855\
2 13498  74.0188 337.1346 0009435 253.3675 234.0163 14.63955196292982
1 13498U 81041C   24136.63098354  .00006314  00000-0  12098-2 0    13\
2 13498  74.0188 335.9722 0009449 252.4838 179.3409 14.63960015289113
1 13498U 81041C   24136.98202227  .00006577  00000-0  12597-2 0    12\
2 13498  74.0186 335.2976 0009440 251.6685 229.4609 14.63965326289161
1 13498U 81041C   24136.98202227  .00006577  00000-0  12597-2 0  6861\
2 13498  74.0186 335.2976 0009440 251.6685 229.4609 14.63965326293122
1 13498U 81041C   24138.53645468  .00007140  00000-0  13662-2 0    14\
2 13498  74.0182 332.3091 0009453 248.7788 141.3311 14.63988664289395
1 13498U 81041C   24138.96929300  .00007728  00000-0  14779-2 0    13\
2 13498  74.0180 331.4770 0009465 247.8700 262.5266 14.63997596289450
1 13498U 81041C   24139.29259407  .00008786  00000-0  16788-2 0  6871\
2 13498  74.0179 330.8554 0009464 247.4869 166.1380 14.64005413293463
1 13498U 81041C   24139.29259407  .00008786  00000-0  16788-2 0    11\
2 13498  74.0179 330.8554 0009464 247.4869 166.1380 14.64005413289503
1 13498U 81041C   24139.92018167  .00008811  00000-0  16830-2 0    14\
2 13498  74.0180 329.6490 0009460 246.1352 233.7948 14.64017627289599
1 13498U 81041C   24140.59158324  .00007981  00000-0  15249-2 0    19\
2 13498  74.0177 328.3581 0009483 245.1326 171.9510 14.64028849289694
1 13498U 81041C   24141.54899997  .00007238  00000-0  13831-2 0  6884\
2 13498  74.0174 326.5167 0009486 243.3523 177.7467 14.64043091293790
1 13498U 81041C   24141.61810090  .00007233  00000-0  13823-2 0    14\
2 13498  74.0173 326.3838 0009487 243.2156 181.9338 14.64044033289846
1 13498U 81041C   24142.57329306  .00005881  00000-0  11249-2 0    12\
2 13498  74.0173 324.5471 0009483 241.5324 175.9579 14.64055185289988
1 13498U 81041C   24142.65336019  .00005838  00000-0  11167-2 0    11\
2 13498  74.0173 324.3931 0009487 241.3856 237.9328 14.64056018289997
1 13498U 81041C   24143.53108219  .00005554  00000-0  10625-2 0    11\
2 13498  74.0172 322.7055 0009531 239.3860 184.1702 14.64066994290127
1 13498U 81041C   24143.88420215  .00005483  00000-0  10488-2 0  6892\
2 13498  74.0171 322.0262 0009550 238.6569 245.3040 14.64070855294139
1 13498U 81041C   24143.88420215  .00005483  00000-0  10488-2 0    10\
2 13498  74.0171 322.0262 0009550 238.6569 245.3040 14.64070855290179
1 13498U 81041C   24144.55484300  .00005557  00000-0  10627-2 0    17\
2 13498  74.0171 320.7362 0009509 237.6408 179.5920 14.64079039290279
1 13498U 81041C   24144.90894472  .00005889  00000-0  11258-2 0    10\
2 13498  74.0171 320.0551 0009500 237.1039 245.7229 14.64084104290321
1 13498U 81041C   24145.58145148  .00005809  00000-0  11104-2 0    16\
2 13498  74.0172 318.7617 0009480 235.9905 189.9701 14.64092190290423
1 13498U 81041C   24145.93337863  .00005606  00000-0  10717-2 0    16\
2 13498  74.0173 318.0849 0009464 235.3628 244.7501 14.64096070290476
1 13498U 81041C   24145.93337863  .00005606  00000-0  10717-2 0  6900\
2 13498  74.0173 318.0849 0009464 235.3628 244.7501 14.64096070294436
1 13498U 81041C   24146.53650771  .00004879  00000-0  93344-3 0    18\
2 13498  74.0174 316.9249 0009499 233.9699 183.7798 14.64101432290567
1 13498U 81041C   24147.56351343  .00004042  00000-0  77422-3 0    16\
2 13498  74.0176 314.9499 0009469 232.1877 196.4576 14.64110389290713
1 13498U 81041C   24147.91588487  .00004127  00000-0  79043-3 0    11\
2 13498  74.0176 314.2722 0009467 231.5651 253.5957 14.64113678290763
1 13498U 81041C   24148.51785948  .00003401  00000-0  65246-3 0  6918\
2 13498  74.0176 313.1148 0009451 230.3738 186.3761 14.64116755294814
1 13498U 81041C   24148.51785948  .00003401  00000-0  65246-3 0    13\
2 13498  74.0176 313.1148 0009451 230.3738 186.3761 14.64116755290854
1 13498U 81041C   24148.87739918  .00003455  00000-0  66269-3 0    13\
2 13498  74.0177 312.4234 0009466 229.6980 281.3428 14.64119565290903
1 13498U 81041C   24149.47571711  .00003617  00000-0  69338-3 0    15\
2 13498  74.0177 311.2727 0009389 228.6593 194.7198 14.64124496290999
1 13498U 81041C   24149.90269500  .00003226  00000-0  61900-3 0    16\
2 13498  74.0178 310.4517 0009403 227.8419 285.1452 14.64126285291057
1 13498U 81041C   24150.57937038  .00003371  00000-0  64649-3 0    13\
2 13498  74.0177 309.1504 0009377 226.5721 251.6086 14.64131138291154
1 13498U 81041C   24150.85481196  .00003999  00000-0  76563-3 0  6923\
2 13498  74.0177 308.6208 0009360 226.1097 263.2884 14.64133971295159
1 13498U 81041C   24151.45106806  .00003946  00000-0  75560-3 0    14\
2 13498  74.0175 307.4742 0009369 224.9003 166.0028 14.64138281291288
1 13498U 81041C   24151.88408448  .00005778  00000-0  11032-2 0    16\
2 13498  74.0175 306.6415 0009348 224.1987 288.1528 14.64145748291340
1 13498U 81041C   24152.55279082  .00005732  00000-0  10942-2 0    10\
2 13498  74.0174 305.3554 0009325 222.8941 212.7005 14.64150665291447
1 13498U 81041C   24153.18663659  .00004024  00000-0  77020-3 0  6938\
2 13498  74.0172 304.1364 0009317 221.6418 313.5314 14.64151021295497
1 13498U 81041C   24152.84055318  .00004225  00000-0  80831-3 0    17\
2 13498  74.0173 304.8020 0009321 222.3175 289.4229 14.64148729291489
1 13498U 81041C   24153.58605106  .00003898  00000-0  74625-3 0    14\
2 13498  74.0170 303.3682 0009308 220.9582 258.6395 14.64153725291591
1 13498U 81041C   24154.54232748  .00003844  00000-0  73578-3 0    16\
2 13498  74.0169 301.5290 0009254 219.1241 258.8969 14.64160922291738
1 13498U 81041C   24155.21420139  .00004531  00000-0  86612-3 0  6949\
2 13498  74.0169 300.2368 0009245 217.8608 200.1416 14.64167742295796
1 13498U 81041C   24155.56748602  .00004665  00000-0  89145-3 0    19\
2 13498  74.0170 299.5573 0009229 217.1834 262.2159 14.64170764291889
1 13498U 81041C   24155.84682910  .00004846  00000-0  92581-3 0    18\
2 13498  74.0171 299.0201 0009212 216.6554 294.5588 14.64173449291920
1 13498U 81041C   24156.44382670  .00005404  00000-0  10314-2 0    19\
2 13498  74.0171 297.8717 0009189 215.4913 201.2204 14.64180175292012
1 13498U 81041C   24157.46959675  .00004831  00000-0  92256-3 0  6955\
2 13498  74.0173 295.8987 0009154 213.5249 207.8552 14.64188634296126
1 13498U 81041C   24157.46959675  .00004831  00000-0  92256-3 0    16\
2 13498  74.0173 295.8987 0009154 213.5249 207.8552 14.64188634292166
1 13498U 81041C   24157.82821913  .00005346  00000-0  10201-2 0    10\
2 13498  74.0174 295.2090 0009139 212.8676 298.0655 14.64193649292219
1 13498U 81041C   24158.57495029  .00005599  00000-0  10679-2 0    17\
2 13498  74.0177 293.7727 0009099 211.4939 273.9208 14.64202224292322
1 13498U 81041C   24159.64684921  .00005876  00000-0  11201-2 0    17\
2 13498  74.0179 291.7111 0009063 209.5174 163.7075 14.64214638292486
1 13498U 81041C   24159.80957748  .00006543  00000-0  12463-2 0  6968\
2 13498  74.0180 291.3981 0009051 209.2444 301.3987 14.64218285296469
1 13498U 81041C   24159.80957748  .00006543  00000-0  12463-2 0    18\
2 13498  74.0180 291.3981 0009051 209.2444 301.3987 14.64218285292500
1 13498U 81041C   24160.47736682  .00006373  00000-0  12138-2 0    15\
2 13498  74.0182 290.1137 0009011 208.0327 221.2074 14.64225827292603
1 13498U 81041C   24161.51193802  .00005795  00000-0  11041-2 0    11\
2 13498  74.0183 288.1242 0008955 205.9544 274.5048 14.64237418292758
1 13498U 81041C   24161.79232125  .00005832  00000-0  11110-2 0    12\
2 13498  74.0182 287.5850 0008947 205.4181 312.4051 14.64240912292791
1 13498U 81041C   24162.11499821  .00006153  00000-0  11718-2 0  6979\
2 13498  74.0182 286.9643 0008953 205.0115 213.0311 14.64245455296802
1 13498U 81041C   24162.45928255  .00005784  00000-0  11017-2 0    14\
2 13498  74.0183 286.3024 0008927 204.2190 227.8980 14.64248927292892
1 13498U 81041C   24162.81096465  .00005716  00000-0  10888-2 0    13\
2 13498  74.0182 285.6261 0008908 203.5748 281.5992 14.64252584292946
1 13498U 81041C   24163.60952615  .00005931  00000-0  11293-2 0    19\
2 13498  74.0180 284.0902 0008866 202.1234 170.7927 14.64261848293061
1 13498U 81041C   24164.44004059  .00004834  00000-0  92147-3 0  6983\
2 13498  74.0179 282.4928 0008857 200.5558 228.4882 14.64268089297148
1 13498U 81041C   24163.76681935  .00005929  00000-0  11289-2 0    12\
2 13498  74.0181 283.7878 0008875 201.9026 279.8183 14.64263703293085
1 13498U 81041C   24164.79250000  .00004171  00000-0  79596-3 0    15\
2 13498  74.0178 281.8151 0008834 199.7951 286.4258 14.64270084293234
1 13498U 81041C   24165.59089795  .00003785  00000-0  72288-3 0    16\
2 13498  74.0175 280.2793 0008818 198.4424 174.7085 14.64276160293350
1 13498U 81041C   24166.50011558  .00003838  00000-0  73273-3 0    14\
2 13498  74.0176 278.5303 0008782 196.7212 287.3139 14.64283939293481
1 13498U 81041C   24166.78049899  .00003885  00000-0  74165-3 0    16\
2 13498  74.0176 277.9912 0008765 196.2068 325.2395 14.64286232293525
1 13498U 81041C   24167.57217442  .00004161  00000-0  79365-3 0    10\
2 13498  74.0177 276.4684 0008734 194.6102 178.3871 14.64292962293649
1 13498U 81041C   24167.72881354  .00004201  00000-0  80135-3 0    18\
2 13498  74.0177 276.1671 0008724 194.3155 284.0575 14.64294312293665
1 13498U 81041C   24168.12727939  .00004368  00000-0  83273-3 0    11\
2 13498  74.0177 275.4006 0008703 193.6339 224.3733 14.64298129293722
1 13498U 81041C   24168.76057744  .00004062  00000-0  77486-3 0    11\
2 13498  74.0177 274.1824 0008675 192.4428 322.6046 14.64302348293818
1 13498U 81041C   24169.71622184  .00003619  00000-0  69098-3 0    10\
2 13498  74.0179 272.3442 0008630 190.6510 319.9993 14.64308740293956
1 13498U 81041C   24170.38289588  .00003329  00000-0  63609-3 0    12\
2 13498  74.0179 271.0617 0008599 189.2672 234.3210 14.64313203294057
1 13498U 81041C   24170.66739922  .00003277  00000-0  62618-3 0    16\
2 13498  74.0179 270.5145 0008582 188.7160 294.0224 14.64314993294094
1 13498U 81041C   24171.53471243  .00002989  00000-0  57161-3 0  7015\
2 13498  74.0181 268.8461 0008558 187.0778 185.8586 14.64320382298178
1 13498U 81041C   24171.53471243  .00002989  00000-0  57161-3 0    18\
2 13498  74.0181 268.8461 0008558 187.0778 185.8586 14.64320382294220
1 13498U 81041C   24171.69792218  .00002972  00000-0  56836-3 0    13\
2 13498  74.0181 268.5322 0008546 186.7340 326.2172 14.64321427294246
1 13498U 81041C   24172.55955045  .00003019  00000-0  57713-3 0    16\
2 13498  74.0181 266.8749 0008496 185.0875 188.1271 14.64327492294376
1 13498U 81041C   24172.72266058  .00003009  00000-0  57532-3 0    12\
2 13498  74.0181 266.5612 0008488 184.7372 327.9715 14.64328579294396
1 13498U 81041C   24173.39106229  .00003017  00000-0  57665-3 0    15\
2 13498  74.0181 265.2756 0008450 183.3229 251.4751 14.64332996294496
1 13498U 81041C   24173.67877803  .00003214  00000-0  61397-3 0  7023\
2 13498  74.0181 264.7222 0008428 182.7496 328.1453 14.64335081298495
1 13498U 81041C   24173.67877803  .00003214  00000-0  61397-3 0    15\
2 13498  74.0181 264.7222 0008428 182.7496 328.1453 14.64335081294536
1 13498U 81041C   24174.27658182  .00002995  00000-0  57249-3 0    15\
2 13498  74.0177 263.5723 0008405 181.4696 239.5150 14.64338189294628
1 13498U 81041C   24174.70490855  .00003091  00000-0  59067-3 0    12\
2 13498  74.0177 262.7485 0008381 180.6440 337.3864 14.64341030294689
1 13498U 81041C   24175.38054781  .00002843  00000-0  54374-3 0    11\
2 13498  74.0176 261.4490 0008350 179.3119 298.9728 14.64344341294784
1 13498U 81041C   24175.66068944  .00002899  00000-0  55417-3 0    18\
2 13498  74.0176 260.9102 0008331 178.7446 335.7390 14.64346218294828
1 13498U 81041C   24176.25203962  .00002950  00000-0  56389-3 0  7031\
2 13498  74.0174 259.7727 0008301 177.5664 213.0264 14.64350028298861
1 13498U 81041C   24176.61110720  .00002882  00000-0  55093-3 0    16\
2 13498  74.0174 259.0820 0008274 176.8243 305.8717 14.64351879294967
1 13498U 81041C   24177.63531236  .00003032  00000-0  57919-3 0    15\
2 13498  74.0170 257.1118 0008220 174.7417 305.0126 14.64358804295112
1 13498U 81041C   24178.30758696  .00003330  00000-0  63540-3 0  7049\
2 13498  74.0169 255.8185 0008186 173.2117 249.1159 14.64364378299178
1 13498U 81041C   24178.30758696  .00003330  00000-0  63540-3 0    19\
2 13498  74.0169 255.8185 0008186 173.2117 249.1159 14.64364378295219
1 13498U 81041C   24179.33382906  .00003919  00000-0  74658-3 0    15\
2 13498  74.0168 253.8444 0008117 171.1562 259.0109 14.64373336295364
1 13498U 81041C   24180.56276944  .00005339  00000-0  10146-2 0  7056\
2 13498  74.0168 251.4802 0008043 168.5922 257.5924 14.64387269299502
1 13498U 81041C   24180.56276944  .00005339  00000-0  10146-2 0    15\
2 13498  74.0168 251.4802 0008043 168.5922 257.5924 14.64387269295542
1 13498U 81041C   24180.64142385  .00005379  00000-0  10221-2 0    13\
2 13498  74.0168 251.3289 0008040 168.2805 312.3835 14.64388200295552
1 13498U 81041C   24181.59932316  .00005403  00000-0  10264-2 0    14\
2 13498  74.0168 249.4860 0007980 166.1201 322.3275 14.64397873295694
1 13498U 81041C   24181.67452469  .00005383  00000-0  10226-2 0    14\
2 13498  74.0168 249.3413 0007976 165.9460 358.7881 14.64398646295703
1 13498U 81041C   24182.62862184  .00004572  00000-0  86945-3 0    10\
2 13498  74.0169 247.5056 0007908 163.9922 348.5254 14.64406720295842
1 13498U 81041C   24182.62862184  .00004572  00000-0  86945-3 0  7062\
2 13498  74.0169 247.5056 0007908 163.9922 348.5254 14.64406720299802
1 13498U 81041C   24183.42157422  .00004186  00000-0  79631-3 0    16\
2 13498  74.0170 245.9804 0007895 162.2961 208.8480 14.64413570295960
1 13498U 81041C   24183.93081286  .00004085  00000-0  77724-3 0    15\
2 13498  74.0171 245.0006 0007859 161.1635  13.5292 14.64417994296037
1 13498U 81041C   24184.60939147  .00003726  00000-0  70940-3 0    12\
2 13498  74.0170 243.6951 0007816 159.7471 350.8786 14.64422695296133
1 13498U 81041C   24184.93366462  .00003707  00000-0  70575-3 0  7078\
2 13498  74.0170 243.0712 0007798 159.0835 260.3823 14.64425261300144
1 13498U 81041C   24185.91184738  .00003229  00000-0  61548-3 0    17\
2 13498  74.0168 241.1894 0007738 156.8640  17.4015 14.64431586296329
1 13498U 81041C   24186.59044546  .00003080  00000-0  58730-3 0    18\
2 13498  74.0166 239.8839 0007699 155.2685 355.0670 14.64436006296429
1 13498U 81041C   24187.18749534  .00003173  00000-0  60474-3 0  7088\
2 13498  74.0164 238.7353 0007664 153.9876 262.6867 14.64440634300479
1 13498U 81041C   24187.61024965  .00003344  00000-0  63701-3 0    12\
2 13498  74.0163 237.9221 0007643 153.0303 331.4832 14.64443862296574
1 13498U 81041C   24187.89298038  .00003353  00000-0  63872-3 0    15\
2 13498  74.0162 237.3781 0007625 152.2840  22.1727 14.64445931296616
1 13498U 81041C   24188.57291800  .00002687  00000-0  51311-3 0    15\
2 13498  74.0159 236.0700 0007600 151.0933   6.5262 14.64449040296718
1 13498U 81041C   24189.23919506  .00002755  00000-0  52579-3 0  7097\
2 13498  74.0157 234.7881 0007570 149.6722 279.1314 14.64453167300779
1 13498U 81041C   24189.59083439  .00002941  00000-0  56094-3 0    11\
2 13498  74.0157 234.1115 0007548 148.9051 332.9918 14.64456104296861
1 13498U 81041C   24190.54803234  .00002890  00000-0  55121-3 0    14\
2 13498  74.0155 232.2699 0007511 146.7944 339.4231 14.64462128297002
1 13498U 81041C   24191.57247396  .00002797  00000-0  53364-3 0  7109\
2 13498  74.0152 230.2989 0007456 144.5249 340.4019 14.64468212301115
1 13498U 81041C   24191.57247396  .00002797  00000-0  53364-3 0    12\
2 13498  74.0152 230.2989 0007456 144.5249 340.4019 14.64468212297153
1 13498U 81041C   24192.53367247  .00002871  00000-0  54736-3 0    14\
2 13498  74.0152 228.4492 0007414 142.2458   8.1249 14.64474215297290
1 13498U 81041C   24192.92737722  .00002806  00000-0  53509-3 0    11\
2 13498  74.0153 227.6916 0007404 141.3518 283.8195 14.64476418297355
1 13498U 81041C   24193.55349674  .00002862  00000-0  54573-3 0    10\
2 13498  74.0155 226.4870 0007356 140.0722 344.7179 14.64480356297447
1 13498U 81041C   24194.15546220  .00002976  00000-0  56708-3 0  7119\
2 13498  74.0155 225.3286 0007337 138.6687 278.4580 14.64484394301494
1 13498U 81041C   24194.51472531  .00003314  00000-0  63076-3 0    17\
2 13498  74.0155 224.6373 0007320 137.8775  12.5561 14.64487463297584
1 13498U 81041C   24194.90846145  .00003347  00000-0  63690-3 0    14\
2 13498  74.0155 223.8797 0007290 136.9472 288.4696 14.64489981297642
1 13498U 81041C   24195.53984885  .00003517  00000-0  66897-3 0    19\
2 13498  74.0154 222.6649 0007240 135.5361  17.2892 14.64494385297731
1 13498U 81041C   24196.49586677  .00003831  00000-0  72794-3 0  7123\
2 13498  74.0155 220.8253 0007204 133.3444  17.7113 14.64501674301839
1 13498U 81041C   24196.49586677  .00003831  00000-0  72794-3 0    14\
2 13498  74.0155 220.8253 0007204 133.3444  17.7113 14.64501674297877
1 13498U 81041C   24196.88826240  .00004154  00000-0  78874-3 0    14\
2 13498  74.0154 220.0703 0007183 132.3737 286.6226 14.64505598297936
1 13498U 81041C   24197.52098892  .00004247  00000-0  80621-3 0    16\
2 13498  74.0157 218.8527 0007148 130.8881  22.6079 14.64509891298027
1 13498U 81041C   24197.84488438  .00003834  00000-0  72850-3 0    16\
2 13498  74.0155 218.2294 0007138 130.1169 290.3296 14.64511566298073
1 13498U 81041C   24198.47196757  .00004314  00000-0  81867-3 0    18\
2 13498  74.0155 217.0229 0007110 128.6931 356.5346 14.64518144298167
1 13498U 81041C   24198.87023339  .00004690  00000-0  88945-3 0    18\
2 13498  74.0154 216.2565 0007107 127.6978 296.4337 14.64523020298224
1 13498U 81041C   24199.14355709  .00004571  00000-0  86695-3 0  7136\
2 13498  74.0154 215.7306 0007107 127.0524 297.5267 14.64525458302229
1 13498U 81041C   24199.50168111  .00005886  00000-0  11143-2 0    10\
2 13498  74.0153 215.0415 0007099 126.2389  25.6989 14.64531811298317
1 13498U 81041C   24200.45240493  .00005878  00000-0  11126-2 0    13\
2 13498  74.0151 213.2120 0007080 124.0732 358.3287 14.64542105298456
1 13498U 81041C   24200.85007785  .00006211  00000-0  11750-2 0    17\
2 13498  74.0151 212.4468 0007062 123.0720 295.1399 14.64547147298518
1 13498U 81041C   24201.48257017  .00006154  00000-0  11642-2 0  7149\
2 13498  74.0149 211.2297 0007052 121.5326  30.0443 14.64554375302564
1 13498U 81041C   24201.48257017  .00006154  00000-0  11642-2 0    18\
2 13498  74.0149 211.2297 0007052 121.5326  30.0443 14.64554375298603
1 13498U 81041C   24201.87691503  .00005311  00000-0  10056-2 0    15\
2 13498  74.0150 210.4708 0007050 120.5060 309.3585 14.64557217298668
1 13498U 81041C   24202.15128459  .00005206  00000-0  98575-3 0    18\
2 13498  74.0149 209.9429 0007055 119.8545 316.0032 14.64560110298706
1 13498U 81041C   24203.45721772  .00005742  00000-0  10862-2 0    16\
2 13498  74.0149 207.4298 0007037 116.7224   1.7619 14.64576372298899
1 13498U 81041C   24203.85773862  .00006196  00000-0  11714-2 0  7150\
2 13498  74.0150 206.6590 0007027 115.7170 313.6357 14.64581535302915
1 13498U 81041C   24203.85773862  .00006196  00000-0  11714-2 0    18\
2 13498  74.0150 206.6590 0007027 115.7170 313.6357 14.64581535298953
1 13498U 81041C   24204.41456189  .00006030  00000-0  11399-2 0    17\
2 13498  74.0151 205.5874 0007033 114.3867   9.6085 14.64587864299033
1 13498U 81041C   24204.81284139  .00006473  00000-0  12231-2 0    12\
2 13498  74.0152 204.8210 0007028 113.5075 309.5609 14.64593366299090
1 13498U 81041C   24205.44423049  .00006690  00000-0  12636-2 0    17\
2 13498  74.0153 203.6056 0007002 111.8499  38.8729 14.64601188299186
1 13498U 81041C   24205.76781958  .00006671  00000-0  12599-2 0    15\
2 13498  74.0154 202.9829 0006995 111.0966 305.0649 14.64604301299234
1 13498U 81041C   24206.19078751  .00005818  00000-0  10997-2 0  7168\
2 13498  74.0155 202.1690 0007000 110.0155  15.3568 14.64607370303258
1 13498U 81041C   24206.39507521  .00006003  00000-0  11344-2 0    13\
2 13498  74.0156 201.7758 0006987 109.5458  12.5072 14.64609970299320
1 13498U 81041C   24206.79377616  .00005898  00000-0  11145-2 0    17\
2 13498  74.0157 201.0085 0006977 108.5425 314.8323 14.64613595299380
1 13498U 81041C   24207.14628753  .00005022  00000-0  94991-3 0    18\
2 13498  74.0158 200.3300 0006978 107.6832  13.5799 14.64615438299430
1 13498U 81041C   24207.74864490  .00005064  00000-0  95771-3 0    17\
2 13498  74.0160 199.1708 0006979 106.2816 309.6736 14.64620647299526
1 13498U 81041C   24208.45102950  .00005042  00000-0  95349-3 0  7173\
2 13498  74.0159 197.8192 0007005 104.6297  53.2243 14.64627583303585
1 13498U 81041C   24208.45102950  .00005042  00000-0  95349-3 0    19\
2 13498  74.0159 197.8192 0007005 104.6297  53.2243 14.64627583299624
1 13498U 81041C   24208.77443380  .00004868  00000-0  92065-3 0    16\
2 13498  74.0159 197.1967 0006988 103.8328 318.5199 14.64630224299670
1 13498U 81041C   24209.12702115  .00004577  00000-0  86598-3 0    11\
2 13498  74.0159 196.5181 0006985 102.9776  17.6872 14.64632972299728
1 13498U 81041C   24209.80043687  .00004699  00000-0  88881-3 0    10\
2 13498  74.0160 195.2221 0006986 101.3973 328.5187 14.64639909299825
1 13498U 81041C   24210.42584760  .00003952  00000-0  74840-3 0    13\
2 13498  74.0160 194.0184 0006989  99.9051  26.2594 14.64643651299915
1 13498U 81041C   24211.22407068  .00004695  00000-0  88776-3 0  7180\
2 13498  74.0159 192.4822 0006968  98.0130 275.2360 14.64652648303985
1 13498U 81041C   24211.38044814  .00004814  00000-0  91018-3 0    14\
2 13498  74.0160 192.1811 0006973  97.6134  19.8346 14.64654287300059
1 13498U 81041C   24211.90968642  .00004865  00000-0  91950-3 0    17\
2 13498  74.0159 191.1627 0006969  96.3353 290.5117 14.64659470300137
1 13498U 81041C   24212.40647574  .00005183  00000-0  97913-3 0    10\
2 13498  74.0159 190.2065 0006988  95.2089  30.0186 14.64664552300206
1 13498U 81041C   24212.73464057  .00006711  00000-0  12656-2 0    17\
2 13498  74.0159 189.5749 0006988  94.4652 320.3965 14.64671292300257
1 13498U 81041C   24213.36145664  .00006499  00000-0  12256-2 0  7192\
2 13498  74.0159 188.3687 0006977  92.8820  25.6976 14.64676387304309
1 13498U 81041C   24213.36145664  .00006499  00000-0  12256-2 0    16\
2 13498  74.0159 188.3687 0006977  92.8820  25.6976 14.64676387300349
1 13498U 81041C   24213.96599500  .00006783  00000-0  12787-2 0    19\
2 13498  74.0159 187.2051 0006979  91.5554 333.3426 14.64683445300436
1 13498U 81041C   24214.38721036  .00007399  00000-0  13941-2 0    14\
2 13498  74.0159 186.3944 0006975  90.5220  34.4726 14.64689797300496
1 13498U 81041C   24214.91577764  .00006138  00000-0  11575-2 0    11\
2 13498  74.0160 185.3772 0006983  89.1748 301.7385 14.64692221300570
1 13498U 81041C   24215.34263589  .00005850  00000-0  11035-2 0  7205\
2 13498  74.0161 184.5557 0006976  88.1896  32.5754 14.64696598304594
1 13498U 81041C   24215.34263589  .00005850  00000-0  11035-2 0    17\
2 13498  74.0161 184.5557 0006976  88.1896  32.5754 14.64696598300635
1 13498U 81041C   24215.94607542  .00006275  00000-0  11829-2 0    17\
2 13498  74.0163 183.3942 0006957  86.7269 334.6155 14.64704580300721
1 13498U 81041C   24216.37333072  .00005952  00000-0  11222-2 0    17\
2 13498  74.0164 182.5720 0006979  85.7378  67.5687 14.64709132300787
1 13498U 81041C   24216.96971944  .00006769  00000-0  12751-2 0    13\
2 13498  74.0165 181.4241 0006988  84.3277 332.4208 14.64717902300874
1 13498U 81041C   24217.32339139  .00006670  00000-0  12565-2 0    12\
2 13498  74.0167 180.7434 0006961  83.4775  37.4096 14.64722060300920
1 13498U 81041C   24217.67508024  .00007332  00000-0  13803-2 0  7212\
2 13498  74.0169 180.0666 0006965  82.7649  91.8169 14.64727973304936
1 13498U 81041C   24217.67508024  .00007332  00000-0  13803-2 0    13\
2 13498  74.0169 180.0666 0006965  82.7649  91.8169 14.64727973300976
1 13498U 81041C   24218.95036156  .00006618  00000-0  12461-2 0    12\
2 13498  74.0174 177.6121 0006989  79.7890 336.6496 14.64746342301166
1 13498U 81041C   24219.65587782  .00005996  00000-0  11293-2 0    16\
2 13498  74.0176 176.2542 0006988  78.0559  97.1099 14.64755158301267
1 13498U 81041C   24219.90790022  .00006253  00000-0  11773-2 0    17\
2 13498  74.0176 175.7692 0006988  77.5309 346.0340 14.64759204301300
1 13498U 81041C   24219.97879310  .00006185  00000-0  11647-2 0  7226\
2 13498  74.0176 175.6327 0006992  77.4239 359.8144 14.64759882305276
1 13498U 81041C   24219.97879310  .00006185  00000-0  11647-2 0    16\
2 13498  74.0176 175.6327 0006992  77.4239 359.8144 14.64759882301317
1 13498U 81041C   24221.28494977  .00007819  00000-0  14698-2 0    19\
2 13498  74.0178 173.1186 0007004  74.3483  47.6335 14.64779489301507
1 13498U 81041C   24221.95712988  .00008751  00000-0  16436-2 0    16\
2 13498  74.0178 171.8248 0007029  72.9454 352.1319 14.64791358301606
1 13498U 81041C   24222.23989898  .00007882  00000-0  14810-2 0  7233\
2 13498  74.0177 171.2805 0007028  72.2086  43.3658 14.64794093305609
1 13498U 81041C   24222.91409597  .00009700  00000-0  18203-2 0    11\
2 13498  74.0175 169.9827 0006997  70.6607 358.6851 14.64809547301749
1 13498U 81041C   24223.86317449  .00010950  00000-0  20526-2 0  7242\
2 13498  74.0174 168.1559 0007020  68.6845 323.4254 14.64831237305832
1 13498U 81041C   24223.93905560  .00010994  00000-0  20607-2 0    13\
2 13498  74.0175 168.0098 0007027  68.5601   3.5362 14.64832945301891
1 13498U 81041C   24224.29553244  .00011477  00000-0  21504-2 0    15\
2 13498  74.0177 167.3235 0007023  67.5487  83.6226 14.64841528301946
1 13498U 81041C   24225.32254747  .00011704  00000-0  21915-2 0  7258\
2 13498  74.0174 165.3463 0007035  65.4574  99.4349 14.64870455306050
1 13498U 81041C   24225.32254747  .00011704  00000-0  21915-2 0    15\
2 13498  74.0174 165.3463 0007035  65.4574  99.4349 14.64870455302090
1 13498U 81041C   24225.64364579  .00022604  00000-0  42176-2 0  7262\
2 13498  74.0175 164.7283 0006999  64.7244 352.8141 14.64895167306107
1 13498U 81041C   24225.64364579  .00022604  00000-0  42176-2 0    18\
2 13498  74.0175 164.7283 0006999  64.7244 352.8141 14.64895167302147
1 13498U 81041C   24226.27021277  .00012525  00000-0  23424-2 0  7274\
2 13498  74.0170 163.5221 0007105  64.0017  56.4716 14.64908522306196
1 13498U 81041C   24226.27021277  .00012525  00000-0  23424-2 0    19\
2 13498  74.0170 163.5221 0007105  64.0017  56.4716 14.64908522302237
1 13498U 81041C   24227.22636987  .00013897  00000-0  25958-2 0  7288\
2 13498  74.0173 161.6812 0007065  61.8451  59.0835 14.64943385306339
1 13498U 81041C   24227.57806618  .00010114  00000-0  18918-2 0    17\
2 13498  74.0173 161.0041 0007064  61.0020 113.9365 14.64946873302429
1 13498U 81041C   24227.89842256  .00009672  00000-0  18091-2 0    19\
2 13498  74.0173 160.3873 0007078  60.2622   3.4833 14.64953831302478
1 13498U 81041C   24227.97748521  .00009503  00000-0  17777-2 0  7298\
2 13498  74.0174 160.2350 0007073  59.8819  60.6547 14.64955139306446
1 13498U 81041C   24228.57983911  .00009773  00000-0  18273-2 0    13\
2 13498  74.0176 159.0753 0007073  58.5620 357.3983 14.64968065302579
1 13498U 81041C   24229.27612576  .00010239  00000-0  19134-2 0    13\
2 13498  74.0175 157.7346 0007069  57.0661  69.5324 14.64982715302675
1 13498U 81041C   24229.60431970  .00011098  00000-0  20729-2 0    13\
2 13498  74.0178 157.1027 0007051  56.3234   0.4396 14.64989886302722
1 13498U 81041C   24230.23864272  .00009151  00000-0  17104-2 0  7308\
2 13498  74.0180 155.8817 0007070  54.7934 105.9985 14.65000888306778
1 13498U 81041C   24230.23864272  .00009151  00000-0  17104-2 0    19\
2 13498  74.0180 155.8817 0007070  54.7934 105.9985 14.65000888302819
1 13498U 81041C   24230.98357069  .00011138  00000-0  20790-2 0    15\
2 13498  74.0183 154.4474 0007056  53.1136  74.8330 14.65017955302920
1 13498U 81041C   24231.85924593  .00010201  00000-0  19042-2 0    12\
2 13498  74.0184 152.7613 0007078  51.2458  13.1891 14.65035146303052
1 13498U 81041C   24232.54063184  .00008761  00000-0  16361-2 0  7318\
2 13498  74.0185 151.4493 0007076  49.8657   6.8172 14.65046385307116
1 13498U 81041C   24233.56444486  .00008975  00000-0  16752-2 0    10\
2 13498  74.0184 149.4776 0007089  47.5401   6.7150 14.65065879303303
1 13498U 81041C   24234.52038611  .00008471  00000-0  15810-2 0    11\
2 13498  74.0182 147.6367 0007090  45.3434   8.7191 14.65081596303447
1 13498U 81041C   24234.86408839  .00008400  00000-0  15677-2 0  7325\
2 13498  74.0180 146.9748 0007100  44.6519  21.4532 14.65087389307450
1 13498U 81041C   24234.86408839  .00008400  00000-0  15677-2 0    14\
2 13498  74.0180 146.9748 0007100  44.6519  21.4532 14.65087389303490
1 13498U 81041C   24235.22239035  .00008262  00000-0  15419-2 0    15\
2 13498  74.0180 146.2847 0007107  43.6115 111.5138 14.65092794303546
1 13498U 81041C   24235.89837344  .00008108  00000-0  15128-2 0    11\
2 13498  74.0177 144.9829 0007090  41.9477  77.0792 14.65103266303640
1 13498U 81041C   24236.57088281  .00007036  00000-0  13135-2 0    10\
2 13498  74.0175 143.6877 0007118  40.3661  24.2702 14.65111342303746
1 13498U 81041C   24237.20212854  .00006846  00000-0  12780-2 0  7331\
2 13498  74.0174 142.4720 0007128  39.0819 113.6330 14.65119660307790
1 13498U 81041C   24237.52541738  .00006979  00000-0  13027-2 0    12\
2 13498  74.0173 141.8494 0007133  38.3307  18.8480 14.65124234303881
1 13498U 81041C   24237.79858941  .00006954  00000-0  12979-2 0    16\
2 13498  74.0172 141.3233 0007142  37.7502  19.6675 14.65128172303921
1 13498U 81041C   24238.50365155  .00006438  00000-0  12018-2 0    17\
2 13498  74.0171 139.9653 0007170  36.1073 138.6092 14.65136498304023
1 13498U 81041C   24238.82417785  .00005798  00000-0  10830-2 0    17\
2 13498  74.0172 139.3479 0007157  35.5375  29.0970 14.65139725304076
1 13498U 81041C   24239.17663701  .00005966  00000-0  11141-2 0    10\
2 13498  74.0171 138.6693 0007182  34.5683  88.3485 14.65144067304124
1 13498U 81041C   24239.85853433  .00006503  00000-0  12135-2 0  7343\
2 13498  74.0172 137.3560 0007204  32.9611  85.1623 14.65153270308187
1 13498U 81041C   24239.97505912  .00006601  00000-0  12317-2 0    10\
2 13498  74.0172 137.1315 0007203  32.6528 339.8332 14.65154857304247
1 13498U 81041C   24240.13188118  .00006705  00000-0  12508-2 0    12\
2 13498  74.0172 136.8295 0007203  32.3553  86.9566 14.65157050304264
1 13498U 81041C   24241.15585938  .00007065  00000-0  13173-2 0    15\
2 13498  74.0173 134.8574 0007233  30.1847  87.9585 14.65170277304413
1 13498U 81041C   24241.83866022  .00008243  00000-0  15351-2 0    15\
2 13498  74.0173 133.5422 0007258  28.4932  89.6914 14.65182708304511
1 13498U 81041C   24242.51013226  .00008689  00000-0  16175-2 0    10\
2 13498  74.0173 132.2489 0007284  27.0751  31.4463 14.65194205304613
1 13498U 81041C   24243.06876387  .00008096  00000-0  15072-2 0    13\
2 13498  74.0172 131.1728 0007290  25.8929  98.0339 14.65202401304693
1 13498U 81041C   24243.88838161  .00008332  00000-0  15505-2 0    15\
2 13498  74.0173 129.5941 0007315  24.2688 101.1508 14.65214988304816
1 13498U 81041C   24244.44397459  .00015515  00000-0  28777-2 0  7369\
2 13498  74.0171 128.5240 0007304  22.4133 152.4496 14.65238211308856
1 13498U 81041C   24244.44397459  .00015515  00000-0  28777-2 0    14\
2 13498  74.0171 128.5240 0007304  22.4133 152.4496 14.65238211304896
1 13498U 81041C   24244.84291866  .00008923  00000-0  16593-2 0  7377\
2 13498  74.0172 127.7552 0007357  22.1268  96.2125 14.65232096308914
1 13498U 81041C   24244.95937311  .00008988  00000-0  16713-2 0    10\
2 13498  74.0171 127.5309 0007363  21.7580 350.6068 14.65234227304973
1 13498U 81041C   24245.64526851  .00009351  00000-0  17380-2 0    16\
2 13498  74.0169 126.2096 0007377  20.2352   8.6452 14.65247967305079
1 13498U 81041C   24245.79741846  .00009248  00000-0  17188-2 0    16\
2 13498  74.0170 125.9165 0007379  19.7972  91.3269 14.65250488305096
1 13498U 81041C   24246.47103942  .00008061  00000-0  14989-2 0    19\
2 13498  74.0168 124.6187 0007409  18.3961  44.5551 14.65259774305192
1 13498U 81041C   24246.82331410  .00008545  00000-0  15882-2 0    11\
2 13498  74.0168 123.9400 0007417  17.4662 102.9487 14.65266378305240
1 13498U 81041C   24247.10210656  .00008743  00000-0  16246-2 0  7383\
2 13498  74.0168 123.4029 0007432  16.8680 133.5609 14.65271179309247
1 13498U 81041C   24247.49648340  .00009060  00000-0  16830-2 0    15\
2 13498  74.0165 122.6430 0007444  15.9284  53.9728 14.65277813305349
1 13498U 81041C   24247.77728160  .00010035  00000-0  18630-2 0    19\
2 13498  74.0167 122.1022 0007440  15.2625  95.2406 14.65284192305385
1 13498U 81041C   24248.12738367  .00011100  00000-0  20593-2 0    14\
2 13498  74.0168 121.4279 0007441  14.4346 142.1046 14.65291736305434
1 13498U 81041C   24249.08201931  .00010772  00000-0  19979-2 0    12\
2 13498  74.0164 119.5884 0007455  12.3742 137.8620 14.65309279305578
1 13498U 81041C   24249.74987178  .00009563  00000-0  17743-2 0  7390\
2 13498  74.0160 118.3016 0007470  10.6807  61.1082 14.65319899309639
1 13498U 81041C   24249.74987178  .00009563  00000-0  17743-2 0    12\
2 13498  74.0160 118.3016 0007470  10.6807  61.1082 14.65319899305679
1 13498U 81041C   24250.10745986  .00010088  00000-0  18708-2 0    19\
2 13498  74.0160 117.6128 0007467  10.1525 147.1967 14.65328042305726
1 13498U 81041C   24251.38530476  .00010159  00000-0  18829-2 0    19\
2 13498  74.0157 115.1504 0007474   6.9045  48.5873 14.65353927305912
1 13498U 81041C   24251.80786722  .00011016  00000-0  20405-2 0  7409\
2 13498  74.0155 114.3362 0007514   5.8117 117.8982 14.65363412309933
1 13498U 81041C   24251.80786722  .00011016  00000-0  20405-2 0    19\
2 13498  74.0155 114.3362 0007514   5.8117 117.8982 14.65363412305973
1 13498U 81041C   24252.41044708  .00010561  00000-0  19561-2 0    13\
2 13498  74.0154 113.1751 0007566   4.4579  56.7433 14.65374493306069
1 13498U 81041C   24252.68274877  .00009593  00000-0  17775-2 0    12\
2 13498  74.0154 112.6504 0007567   3.8328  53.2632 14.65378502306108
1 13498U 81041C   24253.63890306  .00009578  00000-0  17740-2 0    14\
2 13498  74.0158 110.8078 0007563   1.8612  57.2482 14.65397219306246
1 13498U 81041C   24253.70999149  .00009626  00000-0  17827-2 0  7418\
2 13498  74.0159 110.6708 0007565   1.7087  72.2684 14.65398616310217
1 13498U 81041C   24253.70999149  .00009626  00000-0  17827-2 0    17\
2 13498  74.0159 110.6708 0007565   1.7087  72.2684 14.65398616306256
1 13498U 81041C   24254.73453567  .00009726  00000-0  18004-2 0    19\
2 13498  74.0158 108.6965 0007659 359.0923  77.6114 14.65419306306403
1 13498U 81041C   24255.61908889  .00008428  00000-0  15607-2 0    13\
2 13498  74.0160 106.9919 0007683 357.2366  64.0316 14.65433247306532
1 13498U 81041C   24255.68785483  .00008520  00000-0  15775-2 0    12\
2 13498  74.0161 106.8594 0007680 357.0706  66.8266 14.65434419306541
1 13498U 81041C   24256.04592788  .00009460  00000-0  17505-2 0  7426\
2 13498  74.0162 106.1694 0007691 356.2857 155.8756 14.65442199310559
1 13498U 81041C   24256.36954910  .00008280  00000-0  15330-2 0    11\
2 13498  74.0161 105.5456 0007695 355.6660  63.0841 14.65445464306644
1 13498U 81041C   24257.86279205  .00012554  00000-0  23175-2 0  7432\
2 13498  74.0159 102.6679 0007735 352.3723  21.0113 14.65487626310811
1 13498U 81041C   24258.62182958  .00011923  00000-0  22008-2 0    15\
2 13498  74.0159 101.2048 0007803 350.6463  65.5994 14.65503768306972
1 13498U 81041C   24258.70170803  .00012068  00000-0  22274-2 0    16\
2 13498  74.0160 101.0509 0007809 350.4378 127.0576 14.65505554306989
1 13498U 81041C   24259.72600260  .00008742  00000-0  16155-2 0  7443\
2 13498  74.0158  99.0765 0007876 348.3928 130.8703 14.65516221311092
1 13498U 81041C   24259.93061753  .00008850  00000-0  16352-2 0    19\
2 13498  74.0155  98.6819 0007891 347.9703 130.3664 14.65519777307160
1 13498U 81041C   24260.52807845  .00007328  00000-0  13552-2 0    14\
2 13498  74.0152  97.5303 0007919 346.6688  42.4971 14.65525968307255
1 13498U 81041C   24260.67318580  .00007408  00000-0  13697-2 0    12\
2 13498  74.0152  97.2505 0007908 346.4369  87.9843 14.65528014307277
1 13498U 81041C   24261.35255793  .00021501  00000-0  39531-2 0  7454\
2 13498  74.0150  95.9407 0007921 345.2606  72.0107 14.65562647311337
1 13498U 81041C   24261.62715378  .00022596  00000-0  41529-2 0    14\
2 13498  74.0148  95.4113 0007934 344.5785  80.8519 14.65569421307412
1 13498U 81041C   24261.97824086  .00009332  00000-0  17225-2 0    18\
2 13498  74.0146  94.7344 0008011 343.8660 133.1102 14.65551999307465
1 13498U 81041C   24261.97824086  .00009332  00000-0  17225-2 0  7475\
2 13498  74.0146  94.7344 0008011 343.8660 133.1102 14.65551999311426
1 13498U 81041C   24262.25101019  .00008809  00000-0  16263-2 0    13\
2 13498  74.0147  94.2084 0008040 343.1950 132.3148 14.65555680307506
1 13498U 81041C   24262.66009757  .00006592  00000-0  12189-2 0    14\
2 13498  74.0147  93.4197 0008036 342.3342 130.6305 14.65558626307568
1 13498U 81041C   24263.01078730  .00005727  00000-0  10597-2 0  7489\
2 13498  74.0147  92.7436 0008061 341.6134 180.8334 14.65562187311577
1 13498U 81041C   24263.01078730  .00005727  00000-0  10597-2 0    11\
2 13498  74.0147  92.7436 0008061 341.6134 180.8334 14.65562187307617
1 13498U 81041C   24263.87984119  .00007011  00000-0  12953-2 0    18\
2 13498  74.0149  91.0683 0008111 339.8421  85.8807 14.65574711307748
1 13498U 81041C   24264.35840813  .00006127  00000-0  11329-2 0    17\
2 13498  74.0150  90.1456 0008144 338.8616  90.7715 14.65578583307811
1 13498U 81041C   24264.63915847  .00005591  00000-0  10343-2 0    17\
2 13498  74.0151  89.6043 0008158 338.2658 132.0183 14.65580836307859
1 13498U 81041C   24265.51154316  .00005408  00000-0  10005-2 0  7492\
2 13498  74.0153  87.9228 0008186 336.3454  54.8334 14.65589752311930
1 13498U 81041C   24265.51154316  .00005408  00000-0  10005-2 0    13\
2 13498  74.0153  87.9228 0008186 336.3454  54.8334 14.65589752307980
1 13498U 81041C   24266.54157691  .00005168  00000-0  95616-3 0    11\
2 13498  74.0155  85.9372 0008261 334.0788  89.4582 14.65599525308135
1 13498U 81041C   24266.61894399  .00005207  00000-0  96317-3 0    15\
2 13498  74.0155  85.7880 0008273 333.9157 137.6539 14.65600375308143
1 13498U 81041C   24267.49134961  .00008055  00000-0  14858-2 0    17\
2 13498  74.0157  84.1063 0008324 332.1746  60.4609 14.65614303308274
1 13498U 81041C   24267.76056567  .00008203  00000-0  15129-2 0  7500\
2 13498  74.0158  83.5872 0008302 331.3349  41.1546 14.65617846312267
1 13498U 81041C   24267.92323564  .00010004  00000-0  18429-2 0    19\
2 13498  74.0158  83.2736 0008314 330.9611 179.4624 14.65624364308331
1 13498U 81041C   24268.52019230  .00006857  00000-0  12657-2 0    16\
2 13498  74.0158  82.1229 0008352 329.7028  89.0941 14.65624168308426
1 13498U 81041C   24268.52019230  .00006857  00000-0  12657-2 0  7518\
2 13498  74.0158  82.1229 0008352 329.7028  89.0941 14.65624168312386
1 13498U 81041C   24269.74012300  .00008987  00000-0  16556-2 0    10\
2 13498  74.0158  79.7710 0008414 327.0963  45.7471 14.65646309308609
1 13498U 81041C   24270.49995576  .00009765  00000-0  17977-2 0  7525\
2 13498  74.0159  78.3060 0008454 325.7650  94.5697 14.65661208312674
1 13498U 81041C   24270.84254925  .00008645  00000-0  15923-2 0    12\
2 13498  74.0159  77.6457 0008494 324.9213 102.3205 14.65665033308764
1 13498U 81041C   24271.44977475  .00008116  00000-0  14949-2 0    11\
2 13498  74.0157  76.4749 0008537 323.9040  65.9927 14.65675994308850
1 13498U 81041C   24271.79721271  .00008418  00000-0  15500-2 0    19\
2 13498  74.0156  75.8049 0008551 323.0282  99.3505 14.65682322308902
1 13498U 81041C   24272.47979917  .00007644  00000-0  14079-2 0    17\
2 13498  74.0154  74.4887 0008606 321.7616 100.7840 14.65693148309001
1 13498U 81041C   24272.90055425  .00009740  00000-0  17913-2 0  7537\
2 13498  74.0154  73.6773 0008641 321.0271 160.7262 14.65704192313028
1 13498U 81041C   24273.58300308  .00010305  00000-0  18941-2 0    12\
2 13498  74.0155  72.3614 0008681 319.7101 161.5375 14.65718149309160
1 13498U 81041C   24273.86183800  .00011026  00000-0  20256-2 0    12\
2 13498  74.0156  71.8237 0008720 318.9188 193.0221 14.65725065309206
1 13498U 81041C   24274.52732883  .00011118  00000-0  20419-2 0    10\
2 13498  74.0154  70.5402 0008745 317.7855 104.2619 14.65740370309301
1 13498U 81041C   24274.87990678  .00012300  00000-0  22573-2 0    13\
2 13498  74.0155  69.8604 0008778 317.2516 164.4705 14.65750578309352
1 13498U 81041C   24275.48174888  .00011688  00000-0  21448-2 0  7541\
2 13498  74.0159  68.6996 0008832 316.2638  99.9034 14.65764302313400
1 13498U 81041C   24275.56156282  .00011567  00000-0  21227-2 0    14\
2 13498  74.0160  68.5457 0008841 316.0966 161.0553 14.65766013309453
1 13498U 81041C   24275.83507385  .00012668  00000-0  23234-2 0    11\
2 13498  74.0160  68.0184 0008865 315.5722 164.2400 14.65774181309490
1 13498U 81041C   24276.43942837  .00015976  00000-0  29259-2 0    11\
2 13498  74.0163  66.8530 0008900 314.5828 112.9784 14.65792565309581
1 13498U 81041C   24276.70178006  .00017621  00000-0  32250-2 0    14\
2 13498  74.0164  66.3473 0008912 314.1766  57.2067 14.65801551309629
1 13498U 81041C   24277.53967484  .00014221  00000-0  26041-2 0    16\
2 13498  74.0168  64.7315 0009017 312.6982 158.3589 14.65821193309749
1 13498U 81041C   24277.88405606  .00017251  00000-0  31552-2 0  7552\
2 13498  74.0170  64.0675 0009037 311.9873 175.6111 14.65834654313752
1 13498U 81041C   24277.88405606  .00017251  00000-0  31552-2 0    16\
2 13498  74.0170  64.0675 0009037 311.9873 175.6111 14.65834654309791
1 13498U 81041C   24278.48775873  .00016509  00000-0  30188-2 0    18\
2 13498  74.0174  62.9036 0009103 311.1248 120.9176 14.65852384309889
1 13498U 81041C   24278.84518887  .00018633  00000-0  34044-2 0    13\
2 13498  74.0177  62.2146 0009152 310.3573 207.0972 14.65866486309938
1 13498U 81041C   24279.51290986  .00016855  00000-0  30795-2 0    18\
2 13498  74.0178  60.9269 0009196 309.3571 130.3085 14.65886727310030
1 13498U 81041C   24279.86281191  .00017139  00000-0  31302-2 0    15\
2 13498  74.0178  60.2520 0009250 308.6737 176.7364 14.65898711310085
1 13498U 81041C   24280.14487304  .00018515  00000-0  33796-2 0  7567\
2 13498  74.0179  59.7081 0009293 308.2359 225.0656 14.65908746314080
1 13498U 81041C   24280.46579168  .00014086  00000-0  25740-2 0    14\
2 13498  74.0180  59.0893 0009291 307.7237 118.4526 14.65913172310179
1 13498U 81041C   24280.82298256  .00014923  00000-0  27256-2 0    14\
2 13498  74.0180  58.4007 0009302 307.0493 203.3537 14.65924036310222
1 13498U 81041C   24281.16875458  .00017112  00000-0  31226-2 0  7570\
2 13498  74.0182  57.7336 0009319 306.5438 227.8679 14.65936948314230
1 13498U 81041C   24281.21633059  .00019291  00000-0  35180-2 0    10\
2 13498  74.0181  57.6418 0009343 306.4003 118.9874 14.65941952310282
1 13498U 81041C   24282.17104524  .00051831  00000-0  93809-2 0  7583\
2 13498  74.0180  55.8007 0009425 304.6780 117.0912 14.66014232314389
1 13498U 81041C   24282.36989713  .00060271  00000-0  10888-1 0    19\
2 13498  74.0181  55.4172 0009429 304.4826  86.3215 14.66037724310451
1 13498U 81041C   24282.63922535  .00036518  00000-0  66268-2 0  7599\
2 13498  74.0180  54.8977 0009466 304.1068  67.4891 14.66011085314447
1 13498U 81041C   24282.63922535  .00036518  00000-0  66268-2 0    19\
2 13498  74.0180  54.8977 0009466 304.1068  67.4891 14.66011085310498
1 13498U 81041C   24283.19382337  .00017766  00000-0  32359-2 0  7601\
2 13498  74.0178  53.8281 0009486 302.6751 114.6552 14.66012582314537
1 13498U 81041C   24283.47725561  .00012573  00000-0  22933-2 0    18\
2 13498  74.0178  53.2813 0009488 302.2517 170.3169 14.66015879310610
1 13498U 81041C   24283.82037900  .00012677  00000-0  23118-2 0    11\
2 13498  74.0177  52.6195 0009508 301.6461 181.0695 14.66025805310667
1 13498U 81041C   24284.14932507  .00014264  00000-0  25992-2 0  7613\
2 13498  74.0177  51.9850 0009529 301.1536 116.9244 14.66035057314670
1 13498U 81041C   24284.61816244  .00012835  00000-0  23394-2 0    17\
2 13498  74.0176  51.0806 0009573 300.3778  71.0753 14.66043516310782
1 13498U 81041C   24285.12654640  .00043194  00000-0  78139-2 0  7627\
2 13498  74.0175  50.0999 0009655 299.7127 233.8040 14.66098837314814
1 13498U 81041C   24285.52653306  .00026567  00000-0  48210-2 0  7632\
2 13498  74.0177  49.3280 0009635 298.9327 184.7824 14.66092784314876
1 13498U 81041C   24285.52653306  .00026567  00000-0  48210-2 0    17\
2 13498  74.0177  49.3280 0009635 298.9327 184.7824 14.66092784310917
1 13498U 81041C   24285.79931494  .00025356  00000-0  46010-2 0    14\
2 13498  74.0178  48.8021 0009644 298.5573 184.2941 14.66105676310958
1 13498U 81041C   24286.08184899  .00017582  00000-0  31956-2 0  7647\
2 13498  74.0177  48.2567 0009647 297.8516 235.5865 14.66107446314954
1 13498U 81041C   24286.48156580  .00010658  00000-0  19412-2 0    11\
2 13498  74.0177  47.4856 0009666 297.2178 185.0481 14.66111855311055
1 13498U 81041C   24286.75435323  .00010820  00000-0  19703-2 0    10\
2 13498  74.0177  46.9592 0009670 296.7237 184.7237 14.66118346311092
1 13498U 81041C   24287.50459925  .00008963  00000-0  16332-2 0    18\
2 13498  74.0178  45.5116 0009699 295.3845 184.2530 14.66128123311209
1 13498U 81041C   24287.78362108  .00008050  00000-0  14675-2 0    19\
2 13498  74.0178  44.9734 0009703 294.7539 216.9716 14.66131830311249
1 13498U 81041C   24288.10761767  .00008138  00000-0  14834-2 0  7662\
2 13498  74.0178  44.3481 0009729 294.2339 126.8647 14.66136130315258
1 13498U 81041C   24288.57596471  .00007355  00000-0  13412-2 0    14\
2 13498  74.0182  43.4446 0009743 293.4634  78.5958 14.66141931311360
1 13498U 81041C   24289.59939485  .00008710  00000-0  15862-2 0    10\
2 13498  74.0184  41.4703 0009813 291.7013  79.9349 14.66159195311513
1 13498U 81041C   24290.42910727  .00008827  00000-0  16069-2 0  7670\
2 13498  74.0188  39.8697 0009813 290.3050 138.9068 14.66173049315596
1 13498U 81041C   24290.42910727  .00008827  00000-0  16069-2 0    11\
2 13498  74.0188  39.8697 0009813 290.3050 138.9068 14.66173049311637
1 13498U 81041C   24291.57815119  .00008811  00000-0  16033-2 0    11\
2 13498  74.0193  37.6531 0009888 288.1914  83.4644 14.66192251311801
1 13498U 81041C   24291.74144687  .00009188  00000-0  16716-2 0    11\
2 13498  74.0194  37.3382 0009858 287.9878 225.2348 14.66195582311825
1 13498U 81041C   24292.40762168  .00012030  00000-0  21851-2 0    11\
2 13498  74.0195  36.0532 0009850 286.8321 141.2227 14.66210998311925
1 13498U 81041C   24293.04167514  .00014149  00000-0  25674-2 0  7686\
2 13498  74.0195  34.8300 0009906 285.6736 247.7621 14.66224770315975
1 13498U 81041C   24293.55680447  .00017332  00000-0  31412-2 0    11\
2 13498  74.0193  33.8360 0009938 284.8117  86.5552 14.66237692312096
1 13498U 81041C   24294.38638285  .00019532  00000-0  35363-2 0    19\
2 13498  74.0189  32.2353 0009945 283.3472 145.1017 14.66258561312212
1 13498U 81041C   24294.74374439  .00017087  00000-0  30954-2 0  7704\
2 13498  74.0190  31.5459 0010063 282.5973 231.3916 14.66260038316226
1 13498U 81041C   24294.74374439  .00017087  00000-0  30954-2 0    11\
2 13498  74.0190  31.5459 0010063 282.5973 231.3916 14.66260038312266
1 13498U 81041C   24295.26624214  .00007170  00000-0  13043-2 0  7714\
2 13498  74.0191  30.5381 0010012 281.6323 109.2109 14.66251835316292
1 13498U 81041C   24295.26624214  .00007170  00000-0  13043-2 0    10\
2 13498  74.0191  30.5381 0010012 281.6323 109.2109 14.66251835312344
1 13498U 81041C   24296.36458198  .00006147  00000-0  11189-2 0    10\
2 13498  74.0190  28.4188 0009985 279.7204 146.3529 14.66265784312501
1 13498U 81041C   24296.71695887  .00006534  00000-0  11888-2 0    13\
2 13498  74.0190  27.7389 0010012 279.1016 206.2496 14.66271135312555
1 13498U 81041C   24297.31799455  .00007037  00000-0  12794-2 0  7727\
2 13498  74.0189  26.5792 0010044 278.0233 138.6485 14.66282119316602
1 13498U 81041C   24297.51413541  .00007538  00000-0  13699-2 0    14\
2 13498  74.0189  26.2007 0010054 277.6355  93.9635 14.66285872312671
1 13498U 81041C   24297.67282156  .00007418  00000-0  13481-2 0    13\
2 13498  74.0189  25.8946 0010075 277.4552 211.4445 14.66288400312696
1 13498U 81041C   24298.34240420  .00008397  00000-0  15246-2 0    14\
2 13498  74.0189  24.6025 0010059 276.2418 145.7063 14.66302548312797
1 13498U 81041C   24298.70049828  .00009658  00000-0  17520-2 0  7737\
2 13498  74.0189  23.9115 0010112 275.6509 235.7893 14.66310871316808
1 13498U 81041C   24298.70049828  .00009658  00000-0  17520-2 0    11\
2 13498  74.0189  23.9115 0010112 275.6509 235.7893 14.66310871312848
1 13498U 81041C   24299.65020977  .00008481  00000-0  15390-2 0    16\
2 13498  74.0191  22.0788 0010075 273.9533 208.7019 14.66326153312988
1 13498U 81041C   24300.51605207  .00008707  00000-0  15792-2 0    16\
2 13498  74.0193  20.4080 0010069 272.5198  98.8618 14.66342055313110
1 13498U 81041C   24300.67396545  .00008732  00000-0  15836-2 0    12\
2 13498  74.0193  20.1033 0010059 272.2417 212.3947 14.66344976313139
1 13498U 81041C   24301.20171484  .00012364  00000-0  22378-2 0  7747\
2 13498  74.0193  19.0850 0010049 271.2722 118.1403 14.66362400317169
1 13498U 81041C   24301.47119361  .00012942  00000-0  23417-2 0    12\
2 13498  74.0196  18.5649 0010073 270.9003 100.4773 14.66368383313253
1 13498U 81041C   24301.97942205  .00013957  00000-0  25236-2 0    16\
2 13498  74.0197  17.5842 0010077 270.0554 263.1254 14.66382192313327
1 13498U 81041C   24302.49458006  .00012444  00000-0  22506-2 0    12\
2 13498  74.0197  16.5902 0010061 269.2108 102.3635 14.66393888313401
1 13498U 81041C   24302.65772387  .00013425  00000-0  24269-2 0    19\
2 13498  74.0197  16.2754 0010059 268.9294 243.5309 14.66399743313426
1 13498U 81041C   24303.44972586  .00011936  00000-0  21580-2 0  7756\
2 13498  74.0195  14.7469 0010087 267.6783 104.0937 14.66418816317492
1 13498U 81041C   24303.44972586  .00011936  00000-0  21580-2 0    18\
2 13498  74.0195  14.7469 0010087 267.6783 104.0937 14.66418816313544
1 13498U 81041C   24303.95795172  .00012749  00000-0  23035-2 0    18\
2 13498  74.0197  13.7662 0010048 266.6764 266.9806 14.66432659313617
1 13498U 81041C   24304.47301433  .00013884  00000-0  25068-2 0    18\
2 13498  74.0196  12.7722 0010016 265.8833 105.7626 14.66447898313694
1 13498U 81041C   24305.38170207  .00012129  00000-0  21901-2 0    15\
2 13498  74.0194  11.0185 0010029 264.3914 222.4678 14.66470687313826
1 13498U 81041C   24305.38170207  .00012129  00000-0  21901-2 0  7764\
2 13498  74.0194  11.0185 0010029 264.3914 222.4678 14.66470687317785
1 13498U 81041C   24306.60865517  .00012203  00000-0  22017-2 0    18\
2 13498  74.0193   8.6505 0010007 262.2574 219.4561 14.66504652314006
1 13498U 81041C   24306.88090456  .00013509  00000-0  24359-2 0    11\
2 13498  74.0194   8.1251 0009987 261.7700 216.6764 14.66514167314040
1 13498U 81041C   24307.28092182  .00011780  00000-0  21250-2 0    10\
2 13498  74.0190   7.3530 0009961 260.9520 168.5013 14.66523330314101
1 13498U 81041C   24307.91459304  .00014865  00000-0  26774-2 0    16\
2 13498  74.0189   6.1297 0009965 259.7786 273.7776 14.66544756314199
1 13498U 81041C   24308.23353647  .00015143  00000-0  27266-2 0  7783\
2 13498  74.0189   5.5142 0009949 259.1954 157.5525 14.66554906318209
1 13498U 81041C   24308.58781809  .00012940  00000-0  23311-2 0    14\
2 13498  74.0185   4.8303 0009974 258.6358 227.8075 14.66562489314297
1 13498U 81041C   24309.61072568  .00012312  00000-0  22170-2 0    19\
2 13498  74.0184   2.8556 0009935 256.7320 228.1091 14.66591249314444
1 13498U 81041C   24309.89278647  .00011942  00000-0  21505-2 0    14\
2 13498  74.0184   2.3110 0009936 256.2479 277.1873 14.66597962314480
1 13498U 81041C   24310.13850625  .00011604  00000-0  20895-2 0  7793\
2 13498  74.0184   1.8364 0009944 255.9086 134.3342 14.66604113318479
1 13498U 81041C   24310.56516174  .00010990  00000-0  19790-2 0    15\
2 13498  74.0180   1.0121 0009909 255.2654 226.7017 14.66614339314587
1 13498U 81041C   24311.58925750  .00011833  00000-0  21288-2 0    14\
2 13498  74.0180 359.0352 0009888 253.2609 233.5581 14.66640766314735
1 13498U 81041C   24312.26967619  .00010491  00000-0  18878-2 0    10\
2 13498  74.0181 357.7213 0009858 251.9773 225.9275 14.66656197314832
1 13498U 81041C   24312.26967619  .00010491  00000-0  18878-2 0  7804\
2 13498  74.0181 357.7213 0009858 251.9773 225.9275 14.66656197318791
1 13498U 81041C   24313.89560630  .00010609  00000-0  19074-2 0    12\
2 13498  74.0181 354.5815 0009781 248.8758 170.4407 14.66691688315070
1 13498U 81041C   24314.24761472  .00012543  00000-0  22529-2 0    17\
2 13498  74.0182 353.9018 0009772 248.2782 228.9130 14.66701956315128
1 13498U 81041C   24314.87214050  .00014505  00000-0  26027-2 0    18\
2 13498  74.0183 352.6958 0009733 247.1136 286.3077 14.66719145315213
1 13498U 81041C   24315.11855470  .00014930  00000-0  26781-2 0  7817\
2 13498  74.0184 352.2200 0009702 246.6148 147.3844 14.66726433319202
1 13498U 81041C   24315.38711648  .00013344  00000-0  23947-2 0    18\
2 13498  74.0183 351.7013 0009692 246.0974 125.3787 14.66730999315295
1 13498U 81041C   24315.87358535  .00010984  00000-0  19725-2 0    10\
2 13498  74.0183 350.7619 0009691 245.2998 173.7892 14.66739472315369
1 13498U 81041C   24315.87358535  .00010984  00000-0  19725-2 0  7826\
2 13498  74.0183 350.7619 0009691 245.2998 173.7892 14.66739472319329
1 13498U 81041C   24316.34194884  .00009621  00000-0  17284-2 0    12\
2 13498  74.0182 349.8577 0009685 244.3242 126.8320 14.66747643315437
1 13498U 81041C   24317.52264737  .00006979  00000-0  12553-2 0  7832\
2 13498  74.0180 347.5776 0009652 242.2067 240.8449 14.66764611319568
1 13498U 81041C   24317.52264737  .00006979  00000-0  12553-2 0    15\
2 13498  74.0180 347.5776 0009652 242.2067 240.8449 14.66764611315609
1 13498U 81041C   24317.85053020  .00006441  00000-0  11591-2 0    17\
2 13498  74.0179 346.9444 0009653 241.6720 172.0041 14.66768243315656
1 13498U 81041C   24318.54629743  .00005873  00000-0  10573-2 0    12\
2 13498  74.0176 345.6007 0009627 240.2282 245.8450 14.66776059315751
1 13498U 81041C   24319.50662972  .00005644  00000-0  10161-2 0    19\
2 13498  74.0172 343.7460 0009604 238.2799 276.6523 14.66787117315899
1 13498U 81041C   24320.17148174  .00006328  00000-0  11382-2 0  7841\
2 13498  74.0169 342.4618 0009589 237.2319 186.9652 14.66795826319958
1 13498U 81041C   24320.52434953  .00006698  00000-0  12042-2 0    19\
2 13498  74.0168 341.7802 0009583 236.2880 250.4486 14.66800817316046
1 13498U 81041C   24321.20488851  .00005869  00000-0  10558-2 0    10\
2 13498  74.0167 340.4658 0009550 235.0664 243.7692 14.66807632316148
1 13498U 81041C   24322.50097441  .00004675  00000-0  84209-3 0    14\
2 13498  74.0164 337.9619 0009512 232.4754 247.5525 14.66819534316334
1 13498U 81041C   24323.18263021  .00004212  00000-0  75923-3 0    18\
2 13498  74.0165 336.6452 0009480 231.1634 246.9026 14.66825014316433
1 13498U 81041C   24324.48646153  .00004866  00000-0  87583-3 0  7863\
2 13498  74.0166 334.1267 0009405 228.7443 291.4787 14.66837891320584
1 13498U 81041C   24324.48646153  .00004866  00000-0  87583-3 0    13\
2 13498  74.0166 334.1267 0009405 228.7443 291.4787 14.66837891316624
1 13498U 81041C   24324.80806920  .00005224  00000-0  93987-3 0    13\
2 13498  74.0166 333.5054 0009390 228.2012 189.6099 14.66841893316677
1 13498U 81041C   24325.83192359  .00005903  00000-0  10608-2 0    13\
2 13498  74.0165 331.5277 0009345 225.9697 196.2280 14.66854414316820
1 13498U 81041C   24326.46253993  .00005972  00000-0  10730-2 0    17\
2 13498  74.0167 330.3096 0009316 224.7976 286.1137 14.66862100316914
1 13498U 81041C   24327.12925014  .00007081  00000-0  12707-2 0  7871\
2 13498  74.0167 329.0216 0009262 223.6664 206.4988 14.66872256320978
1 13498U 81041C   24327.12925014  .00007081  00000-0  12707-2 0    10\
2 13498  74.0167 329.0216 0009262 223.6664 206.4988 14.66872256317019
1 13498U 81041C   24327.80975216  .00008094  00000-0  14510-2 0    13\
2 13498  74.0169 327.7073 0009270 221.8278 200.4173 14.66883094317110
1 13498U 81041C   24328.76390525  .00007183  00000-0  12881-2 0    10\
2 13498  74.0167 325.8642 0009241 219.9252 198.9281 14.66895019317253
1 13498U 81041C   24330.06043979  .00007850  00000-0  14064-2 0  7882\
2 13498  74.0167 323.3600 0009162 217.0370 205.8114 14.66917154321402
1 13498U 81041C   24330.41802552  .00009324  00000-0  16687-2 0    10\
2 13498  74.0166 322.6692 0009196 216.0837 294.3669 14.66925606317491
1 13498U 81041C   24331.44151442  .00009560  00000-0  17101-2 0    13\
2 13498  74.0163 320.6922 0009087 214.1319 299.0919 14.66944305317649
1 13498U 81041C   24332.11702990  .00008541  00000-0  15283-2 0  7898\
2 13498  74.0161 319.3870 0009068 212.8150 266.3463 14.66955674321705
1 13498U 81041C   24332.39851361  .00009024  00000-0  16141-2 0    13\
2 13498  74.0160 318.8431 0009079 212.1593 312.9184 14.66961535317781
1 13498U 81041C   24332.78861251  .00009048  00000-0  16180-2 0    14\
2 13498  74.0160 318.0894 0009061 211.2933 213.0762 14.66968971317846
1 13498U 81041C   24333.41901882  .00010194  00000-0  18214-2 0    14\
2 13498  74.0159 316.8712 0009047 209.9069 302.3339 14.66982569317938
1 13498U 81041C   24333.74276015  .00010562  00000-0  18865-2 0    14\
2 13498  74.0159 316.2456 0009046 209.1058 212.1535 14.66989247317987
1 13498U 81041C   24334.21067436  .00009949  00000-0  17773-2 0  7901\
2 13498  74.0160 315.3415 0009023 208.0918 163.2846 14.66997733322001
1 13498U 81041C   24334.21067436  .00009949  00000-0  17773-2 0    16\
2 13498  74.0160 315.3415 0009023 208.0918 163.2846 14.66997733318051
1 13498U 81041C   24334.76612567  .00010444  00000-0  18647-2 0    10\
2 13498  74.0160 314.2682 0009014 206.8373 216.7846 14.67009854318138
1 13498U 81041C   24335.23361666  .00011336  00000-0  20228-2 0    13\
2 13498  74.0161 313.3650 0008955 205.8339 165.7061 14.67020751318207
1 13498U 81041C   24336.18829763  .00008896  00000-0  15886-2 0    16\
2 13498  74.0162 311.5201 0008906 203.6553 167.7598 14.67036311318341
1 13498U 81041C   24336.69628888  .00009692  00000-0  17296-2 0  7915\
2 13498  74.0164 310.5386 0008898 202.4804 330.7084 14.67047762322374
1 13498U 81041C   24336.94231716  .00009084  00000-0  16214-2 0    11\
2 13498  74.0164 310.0631 0008887 201.9313 190.0898 14.67051884318453
1 13498U 81041C   24337.21118625  .00009050  00000-0  16152-2 0    19\
2 13498  74.0165 309.5437 0008857 201.2792 170.1585 14.67056438318498
1 13498U 81041C   24337.64004955  .00008373  00000-0  14948-2 0    14\
2 13498  74.0164 308.7148 0008835 200.3927 275.1158 14.67063443318556
1 13498U 81041C   24338.39246236  .00009043  00000-0  16132-2 0    19\
2 13498  74.0166 307.2610 0008785 198.6523 289.0503 14.67078212318661
1 13498U 81041C   24338.67384311  .00008335  00000-0  14874-2 0    11\
2 13498  74.0167 306.7173 0008793 197.9888 335.2087 14.67082039318703
1 13498U 81041C   24339.18875610  .00009009  00000-0  16067-2 0  7927\
2 13498  74.0169 305.7224 0008774 196.7260 174.8686 14.67092189322738
1 13498U 81041C   24339.34578130  .00008645  00000-0  15421-2 0    13\
2 13498  74.0166 305.4189 0008764 196.4022 284.1845 14.67094567318801
1 13498U 81041C   24339.69676564  .00008075  00000-0  14406-2 0    10\
2 13498  74.0168 304.7409 0008760 195.5263 338.0366 14.67099942318857
1 13498U 81041C   24340.37499566  .00008731  00000-0  15567-2 0    10\
2 13498  74.0168 303.4303 0008743 193.9704 320.2448 14.67113451318956
1 13498U 81041C   24340.97025168  .00007566  00000-0  13497-2 0    14\
2 13498  74.0167 302.2802 0008720 192.6484 224.1887 14.67122527319046
1 13498U 81041C   24341.33100517  .00007780  00000-0  13874-2 0  7932\
2 13498  74.0167 301.5832 0008701 191.8360 329.5894 14.67128769323052
1 13498U 81041C   24341.67419500  .00007662  00000-0  13663-2 0    11\
2 13498  74.0167 300.9201 0008678 191.0337 342.2605 14.67134380319147
1 13498U 81041C   24341.72187581  .00007661  00000-0  13661-2 0    15\
2 13498  74.0167 300.8279 0008695 190.9932 234.0325 14.67135208319157
1 13498U 81041C   24342.27745819  .00007724  00000-0  13771-2 0    12\
2 13498  74.0168 299.7544 0008681 189.8054 288.4297 14.67144118319236
1 13498U 81041C   24342.94770182  .00007914  00000-0  14103-2 0    18\
2 13498  74.0167 298.4593 0008659 188.2444 228.5816 14.67155670319334
1 13498U 81041C   24343.14370874  .00007891  00000-0  14062-2 0    13\
2 13498  74.0166 298.0805 0008647 187.8259 183.8343 14.67158387319360
1 13498U 81041C   24343.69915597  .00007779  00000-0  13860-2 0  7949\
2 13498  74.0165 297.0072 0008632 186.6141 237.5876 14.67167135323404
1 13498U 81041C   24343.97182167  .00007992  00000-0  14236-2 0    15\
2 13498  74.0163 296.4803 0008636 186.0391 237.7360 14.67171899319487
1 13498U 81041C   24344.60629635  .00007957  00000-0  14172-2 0    12\
2 13498  74.0163 295.2541 0008603 184.6611 348.9204 14.67181819319571
1 13498U 81041C   24345.27976727  .00008236  00000-0  14663-2 0    19\
2 13498  74.0163 293.9525 0008575 182.8024 306.4975 14.67193005319679
1 13498U 81041C   24345.94881630  .00006173  00000-0  11006-2 0    17\
2 13498  74.0160 292.6594 0008567 181.5973 240.0974 14.67199948319773
1 13498U 81041C   24346.14386646  .00006175  00000-0  11009-2 0  7952\
2 13498  74.0162 292.2823 0008538 180.6947 190.8156 14.67202499323758
1 13498U 81041C   24346.30687487  .00006557  00000-0  11685-2 0    11\
2 13498  74.0162 291.9672 0008531 180.3225 331.8334 14.67205720319823
1 13498U 81041C   24346.82910773  .00005764  00000-0  10278-2 0    11\
2 13498  74.0164 290.9579 0008523 179.0544 210.3724 14.67211945319909
1 13498U 81041C   24347.25511125  .00005802  00000-0  10344-2 0    14\
2 13498  74.0166 290.1344 0008500 178.0867 300.5496 14.67217177319962
1 13498U 81041C   24347.65371450  .00005058  00000-0  90249-3 0    19\
2 13498  74.0167 289.3640 0008478 177.1013 246.0831 14.67220700320021
1 13498U 81041C   24348.80627976  .00005308  00000-0  94656-3 0  7969\
2 13498  74.0170 287.1362 0008427 174.3995 214.1414 14.67233658324140
1 13498U 81041C   24349.58373854  .00005718  00000-0  10189-2 0    10\
2 13498  74.0173 285.6336 0008420 172.7398   0.6866 14.67242891320301
1 13498U 81041C   24349.82958720  .00005748  00000-0  10241-2 0    10\
2 13498  74.0175 285.1586 0008413 172.0651 219.4160 14.67245660320340
1 13498U 81041C   24350.09859646  .00006389  00000-0  11375-2 0    19\
2 13498  74.0175 284.6387 0008408 171.4430 200.3828 14.67250044320381
1 13498U 81041C   24350.65467178  .00006297  00000-0  11211-2 0    13\
2 13498  74.0174 283.5638 0008382 170.1775 257.6866 14.67256609320465
1 13498U 81041C   24351.00620935  .00006529  00000-0  11621-2 0  7970\
2 13498  74.0175 282.8844 0008368 169.3310 314.6333 14.67261459324473
1 13498U 81041C   24351.56102957  .00006642  00000-0  11818-2 0    12\
2 13498  74.0176 281.8124 0008351 168.0788   5.3199 14.67268711320592
1 13498U 81041C   24351.80677569  .00006675  00000-0  11875-2 0    14\
2 13498  74.0175 281.3376 0008345 167.5192 223.4164 14.67272059320631
1 13498U 81041C   24352.23854500  .00006574  00000-0  11696-2 0    13\
2 13498  74.0175 280.5032 0008335 166.5047 344.1745 14.67277510320697
1 13498U 81041C   24352.91346590  .00007023  00000-0  12488-2 0    13\
2 13498  74.0175 279.1987 0008301 164.8565 309.4281 14.67287372320796
1 13498U 81041C   24353.26165692  .00006890  00000-0  12251-2 0    13\
2 13498  74.0173 278.5259 0008290 163.9935 348.7615 14.67292137320845
1 13498U 81041C   24353.85716961  .00006095  00000-0  10843-2 0  7984\
2 13498  74.0171 277.3749 0008268 162.4955 254.6121 14.67298703324896
1 13498U 81041C   24354.21175009  .00006024  00000-0  10716-2 0    15\
2 13498  74.0169 276.6898 0008266 161.7722 327.5579 14.67303095320986
1 13498U 81041C   24354.56102878  .00005326  00000-0  94827-3 0    17\
2 13498  74.0168 276.0148 0008256 160.9138  12.6481 14.67306049321031
1 13498U 81041C   24354.88147191  .00005204  00000-0  92653-3 0    19\
2 13498  74.0168 275.3954 0008245 160.1193 265.4232 14.67309696321087
1 13498U 81041C   24355.23878064  .00005681  00000-0  10107-2 0    11\
2 13498  74.0167 274.7048 0008244 159.1400 353.0446 14.67314931321136
1 13498U 81041C   24355.91403309  .00005798  00000-0  10312-2 0  7993\
2 13498  74.0166 273.3996 0008239 157.4455 320.1825 14.67322682325195
1 13498U 81041C   24355.91403309  .00005798  00000-0  10312-2 0    19\
2 13498  74.0166 273.3996 0008239 157.4455 320.1825 14.67322682321236
1 13498U 81041C   24356.18769547  .00005647  00000-0  10045-2 0    14\
2 13498  74.0166 272.8707 0008240 156.8717 325.7448 14.67325728321276
1 13498U 81041C   24356.79071310  .00006434  00000-0  11433-2 0    12\
2 13498  74.0165 271.7051 0008216 155.4122 271.2610 14.67334366321367
1 13498U 81041C   24357.53870308  .00006395  00000-0  11363-2 0    17\
2 13498  74.0164 270.2593 0008181 153.4884 262.7504 14.67343826321475
1 13498U 81041C   24357.88208181  .00007031  00000-0  12484-2 0    12\
2 13498  74.0164 269.5956 0008164 152.7329 276.6371 14.67349784321527
1 13498U 81041C   24358.56270122  .00006767  00000-0  12015-2 0    17\
2 13498  74.0165 268.2797 0008136 151.0707 272.1717 14.67359112321620
1 13498U 81041C   24358.76125955  .00006609  00000-0  11736-2 0  8003\
2 13498  74.0165 267.8959 0008134 150.4815 241.2122 14.67362251325603
1 13498U 81041C   24359.51577495  .00007561  00000-0  13412-2 0    11\
2 13498  74.0165 266.4374 0008117 148.6708 267.1274 14.67375250321761
1 13498U 81041C   24359.85869810  .00007645  00000-0  13558-2 0    17\
2 13498  74.0166 265.7745 0008124 147.9063 278.6568 14.67380974321818
1 13498U 81041C   24360.53973817  .00008329  00000-0  14761-2 0    14\
2 13498  74.0167 264.4580 0008118 146.1768 276.5572 14.67392890321911
1 13498U 81041C   24360.53973817  .00008329  00000-0  14761-2 0  8012\
2 13498  74.0167 264.4580 0008118 146.1768 276.5572 14.67392890325870
1 13498U 81041C   24361.17158609  .00007354  00000-0  13039-2 0    13\
2 13498  74.0168 263.2365 0008131 144.5777  14.5970 14.67401681322009
1 13498U 81041C   24361.56285177  .00008027  00000-0  14223-2 0    11\
2 13498  74.0168 262.4802 0008100 143.7170 281.5272 14.67408945322067
1 13498U 81041C   24361.83550000  .00007508  00000-0  13307-2 0    16\
2 13498  74.0168 261.9531 0008112 142.9856 281.9772 14.67412704322107
1 13498U 81041C   24362.46959279  .00007484  00000-0  13263-2 0    11\
2 13498  74.0168 260.7273 0008094 141.3912  31.9104 14.67422130322197
1 13498U 81041C   24362.71533105  .00007357  00000-0  13038-2 0  8023\
2 13498  74.0168 260.2522 0008093 140.7867 250.1461 14.67425794326183
1 13498U 81041C   24362.78851907  .00007417  00000-0  13142-2 0    17\
2 13498  74.0168 260.1107 0008096 140.6295 276.7774 14.67427190322244
1 13498U 81041C   24363.54013243  .00007769  00000-0  13759-2 0    19\
2 13498  74.0169 258.6579 0008077 138.7763 287.5807 14.67438800322356
1 13498U 81041C   24364.09565304  .00008021  00000-0  14200-2 0    14\
2 13498  74.0168 257.5840 0008062 137.4179 342.4284 14.67447792322434
1 13498U 81041C   24364.96139169  .00008569  00000-0  15160-2 0    19\
2 13498  74.0166 255.9105 0008042 135.3964 236.1189 14.67463140322567
1 13498U 81041C   24364.96139169  .00008569  00000-0  15160-2 0  8039\
2 13498  74.0166 255.9105 0008042 135.3964 236.1189 14.67463140326516
1 13498U 81041C   24365.51663661  .00009813  00000-0  17345-2 0    10\
2 13498  74.0165 254.8371 0008028 134.0377 289.5617 14.67474951322646
1 13498U 81041C   24365.71500601  .00010049  00000-0  17759-2 0    18\
2 13498  74.0163 254.4536 0008027 133.5558 257.5791 14.67479186322673
1 13498U 81041C   24366.47048490  .00008683  00000-0  15352-2 0    13\
2 13498  74.0162 252.9932 0008020 131.5150 289.1217 14.67490416322789
1 13498U 81041C   25001.08580157  .00009928  00000-0  17537-2 0  8049
2 13498  74.0158 251.8036 0008016 130.0597 299.9463 14.67503755326834
1 13498U 81041C   25001.44626720  .00010932  00000-0  19298-2 0    18
2 13498  74.0157 251.1066 0008021 129.0524  44.5192 14.67512925322921
1 13498U 81041C   25002.38972403  .00015033  00000-0  26480-2 0    12
2 13498  74.0153 249.2825 0008009 126.7019 349.1976 14.67544931323069
1 13498U 81041C   25002.91531433  .00009230  00000-0  16291-2 0    16
2 13498  74.0152 248.2664 0007998 125.4802 246.0547 14.67551966323144
1 13498U 81041C   25003.47033484  .00007280  00000-0  12862-2 0    14
2 13498  74.0151 247.1930 0008036 124.1316 298.4822 14.67561122323228
1 13498U 81041C   25003.93782012  .00005939  00000-0  10504-2 0    13
2 13498  74.0150 246.2892 0007994 122.8332 248.5936 14.67567018323298
1 13498U 81041C   25004.42387398  .00006242  00000-0  11035-2 0    14
2 13498  74.0149 245.3492 0007977 121.6506 296.6632 14.67574150323363
1 13498U 81041C   25004.84542538  .00007931  00000-0  13999-2 0    16
2 13498  74.0147 244.5340 0007971 120.6588   3.9136 14.67583414323425
1 13498U 81041C   25005.11768346  .00007741  00000-0  13665-2 0  8066
2 13498  74.0149 244.0076 0007955 119.9897   2.4117 14.67587502327423
1 13498U 81041C   25005.44701792  .00007498  00000-0  13237-2 0    15
2 13498  74.0149 243.3706 0007968 119.1565 302.5081 14.67592644323516
1 13498U 81041C   25006.47010149  .00006705  00000-0  11840-2 0    16
2 13498  74.0151 241.3921 0007955 116.5323 308.2242 14.67608236323668
1 13498U 81041C   25006.74300255  .00006393  00000-0  11291-2 0    19
2 13498  74.0152 240.8643 0007948 115.8648 310.1415 14.67611971323707
1 13498U 81041C   25007.42358844  .00005020  00000-0  88787-3 0  8077
2 13498  74.0153 239.5480 0007960 114.0717 306.2643 14.67617924327767
1 13498U 81041C   25007.62250451  .00005133  00000-0  90769-3 0    18
2 13498  74.0154 239.1633 0007961 113.5931 277.2690 14.67620818323836
1 13498U 81041C   25007.77629431  .00005008  00000-0  88567-3 0    16
2 13498  74.0154 238.8658 0007966 113.1998   9.8659 14.67622315323853
1 13498U 81041C   25008.44644493  .00004749  00000-0  84015-3 0    11
2 13498  74.0153 237.5699 0007956 111.4877 310.8222 14.67628353323959
1 13498U 81041C   25008.91409043  .00003996  00000-0  70779-3 0    18
2 13498  74.0154 236.6655 0007955 110.2050 261.8735 14.67631345324029
1 13498U 81041C   25010.02480841  .00004384  00000-0  77569-3 0  8089
2 13498  74.0152 234.5175 0007964 107.3201  10.8006 14.67641507328147
1 13498U 81041C   25010.37607459  .00003811  00000-0  67505-3 0    11
2 13498  74.0152 233.8382 0007971 106.3648  66.9074 14.67643084324236
1 13498U 81041C   25011.37701291  .00004396  00000-0  77762-3 0    16
2 13498  74.0149 231.9025 0007956 103.7800 315.8024 14.67653472324388
1 13498U 81041C   25011.71963396  .00003670  00000-0  65021-3 0    19
2 13498  74.0149 231.2399 0007960 102.9236 326.1662 14.67654559324430
1 13498U 81041C   25012.40004170  .00003751  00000-0  66429-3 0  8091
2 13498  74.0146 229.9241 0007967 101.1104 321.4764 14.67660558328496
1 13498U 81041C   25012.40004170  .00003751  00000-0  66429-3 0    15
2 13498  74.0146 229.9241 0007967 101.1104 321.4764 14.67660558324537
1 13498U 81041C   25012.86761841  .00003665  00000-0  64922-3 0    10
2 13498  74.0146 229.0199 0007959 100.0299 272.0193 14.67664362324606
1 13498U 81041C   25013.35266885  .00003916  00000-0  69314-3 0    12
2 13498  74.0144 228.0818 0007949  98.7465 315.0571 14.67668974324676
1 13498U 81041C   25013.70446933  .00003512  00000-0  62225-3 0    11
2 13498  74.0143 227.4011 0007965  97.8679  13.9445 14.67670800324729
1 13498U 81041C   25014.57532583  .00003778  00000-0  66875-3 0    13
2 13498  74.0142 225.7170 0007969  95.5979 295.5991 14.67678602324853
1 13498U 81041C   25014.72858274  .00003745  00000-0  66297-3 0  8108
2 13498  74.0141 225.4206 0007962  95.2112  25.4066 14.67679710328834
1 13498U 81041C   25014.72858274  .00003745  00000-0  66297-3 0    10
2 13498  74.0141 225.4206 0007962  95.2112  25.4066 14.67679710324874
1 13498U 81041C   25015.60323163  .00003890  00000-0  68839-3 0    17
2 13498  74.0140 223.7290 0007959  92.9737 327.0881 14.67687990325001
1 13498U 81041C   25015.95706505  .00004059  00000-0  71798-3 0    16
2 13498  74.0139 223.0446 0007948  92.0340  36.7977 14.67691102325059
1 13498U 81041C   25016.55196874  .00004285  00000-0  75742-3 0    19
2 13498  74.0139 221.8939 0007956  90.4596 300.3683 14.67697315325142
1 13498U 81041C   25016.97826538  .00004683  00000-0  82717-3 0  8113
2 13498  74.0139 221.0694 0007951  89.3475  32.9825 14.67702210329163
1 13498U 81041C   25017.64876978  .00005094  00000-0  89894-3 0    12
2 13498  74.0141 219.7723 0007954  87.6634 335.9772 14.67710214325306
1 13498U 81041C   25017.93186019  .00005483  00000-0  96714-3 0    15
2 13498  74.0141 219.2247 0007954  86.8966  31.9083 14.67713940325342
1 13498U 81041C   25018.52840497  .00005712  00000-0  10071-2 0    14
2 13498  74.0143 218.0708 0007976  85.1948 304.3207 14.67720960325434
1 13498U 81041C   25018.95552505  .00005805  00000-0  10232-2 0    13
2 13498  74.0144 217.2446 0007978  84.2132  41.1890 14.67726204325499
1 13498U 81041C   25019.30544030  .00005721  00000-0  10085-2 0  8120
2 13498  74.0145 216.5678 0007977  83.2657  90.2619 14.67730031329502
1 13498U 81041C   25019.62509396  .00006326  00000-0  11143-2 0    19
2 13498  74.0146 215.9494 0007988  82.4408 339.3876 14.67735280325597
1 13498U 81041C   25019.70399515  .00006296  00000-0  11090-2 0    15
2 13498  74.0147 215.7968 0007996  82.2333  36.3246 14.67736167325608
1 13498U 81041C   25020.64875487  .00006924  00000-0  12185-2 0    11
2 13498  74.0149 213.9694 0008002  79.7127 348.7741 14.67749781325748
1 13498U 81041C   25020.93069759  .00007852  00000-0  13807-2 0    13
2 13498  74.0150 213.4243 0008016  78.9442  38.6866 14.67755617325783
1 13498U 81041C   25021.53470799  .00007576  00000-0  13322-2 0  8136
2 13498  74.0151 212.2559 0008033  77.0969 350.7667 14.67764533329838
1 13498U 81041C   25021.60338998  .00007420  00000-0  13048-2 0    10
2 13498  74.0151 212.1231 0008034  77.0112 353.6152 14.67765383325881
1 13498U 81041C   25021.68083422  .00007376  00000-0  12971-2 0    11
2 13498  74.0151 211.9732 0008023  76.7822  42.8869 14.67766344325897
1 13498U 81041C   25022.48116288  .00007663  00000-0  13470-2 0    11
2 13498  74.0150 210.4249 0008027  74.1113 312.7308 14.67779043326014
1 13498U 81041C   25023.57739278  .00006958  00000-0  12232-2 0  8145
2 13498  74.0149 208.3045 0007991  70.8045 346.1570 14.67794441330126
1 13498U 81041C   25023.93789735  .00007885  00000-0  13850-2 0    13
2 13498  74.0147 207.6069 0007987  69.7531  91.3560 14.67801537326223
1 13498U 81041C   25024.60122985  .00008115  00000-0  14249-2 0    16
2 13498  74.0142 206.3241 0007958  68.0433 356.7345 14.67812266326328
1 13498U 81041C   25024.95873594  .00007363  00000-0  12934-2 0    16
2 13498  74.0140 205.6324 0007953  67.0088  86.0982 14.67816716326379
1 13498U 81041C   25025.55395109  .00007235  00000-0  12708-2 0    11
2 13498  74.0141 204.4811 0007973  65.2331 351.7852 14.67826020326468
1 13498U 81041C   25025.63378157  .00007264  00000-0  12758-2 0  8154
2 13498  74.0140 204.3265 0007964  65.1971  53.4854 14.67827130330431
1 13498U 81041C   25025.63378157  .00007264  00000-0  12758-2 0    11
2 13498  74.0140 204.3265 0007964  65.1971  53.4854 14.67827130326470
1 13498U 81041C   25026.57738471  .00006252  00000-0  10987-2 0    12
2 13498  74.0142 202.5011 0008132  63.4323 359.3759 14.67838792326615
1 13498U 81041C   25026.92935271  .00006165  00000-0  10833-2 0    11
2 13498  74.0141 201.8202 0008150  62.5079  59.4111 14.67843169326665
1 13498U 81041C   25027.53179620  .00005915  00000-0  10396-2 0    13
2 13498  74.0142 200.6548 0008157  60.8827   3.1821 14.67850623326752
1 13498U 81041C   25027.88389382  .00006394  00000-0  11230-2 0  8163
2 13498  74.0141 199.9736 0008189  60.0291  63.8474 14.67855961330765
1 13498U 81041C   25027.88389382  .00006394  00000-0  11230-2 0    19
2 13498  74.0141 199.9736 0008189  60.0291  63.8474 14.67855961326805
1 13498U 81041C   25028.23400398  .00006761  00000-0  11869-2 0    16
2 13498  74.0142 199.2963 0008203  59.0551 114.1416 14.67861308326858
1 13498U 81041C   25028.74867109  .00006711  00000-0  11781-2 0    17
2 13498  74.0142 198.3005 0008218  57.6853 314.0493 14.67868021326934
1 13498U 81041C   25029.58640130  .00006906  00000-0  12118-2 0    14
2 13498  74.0145 196.6797 0008246  55.4391  61.3313 14.67881894327050
1 13498U 81041C   25030.60948741  .00006833  00000-0  11985-2 0    18
2 13498  74.0150 194.7004 0008279  52.6112  68.3269 14.67897460327202
1 13498U 81041C   25030.60948741  .00006833  00000-0  11985-2 0  8173
2 13498  74.0150 194.7004 0008279  52.6112  68.3269 14.67897460331162
1 13498U 81041C   25031.21050924  .00007114  00000-0  12474-2 0    10
2 13498  74.0153 193.5376 0008308  50.9559   4.7359 14.67906111327290
1 13498U 81041C   25031.63248925  .00006887  00000-0  12076-2 0    10
2 13498  74.0154 192.7211 0008316  49.8494  74.8610 14.67911392327356
1 13498U 81041C   25032.58563863  .00008339  00000-0  14601-2 0    16
2 13498  74.0159 190.8770 0008353  47.2780  72.2751 14.67927370327497
1 13498U 81041C   25033.18724708  .00009214  00000-0  16121-2 0  8188
2 13498  74.0160 189.7130 0008377  45.6058  11.8657 14.67938254331539
1 13498U 81041C   25033.53050361  .00009157  00000-0  16020-2 0    12
2 13498  74.0160 189.0489 0008393  44.7542  25.9374 14.67944547327635
1 13498U 81041C   25033.88685554  .00008811  00000-0  15416-2 0    12
2 13498  74.0161 188.3594 0008406  43.7780 109.3143 14.67949964327687
1 13498U 81041C   25034.48191323  .00007870  00000-0  13774-2 0    14
2 13498  74.0160 187.2082 0008442  42.0794  14.3774 14.67959341327778
1 13498U 81041C   25034.83455346  .00007413  00000-0  12978-2 0    19
2 13498  74.0161 186.5260 0008471  41.3029  77.9683 14.67964167327826
1 13498U 81041C   25035.50582775  .00007477  00000-0  13086-2 0  8199
2 13498  74.0161 185.2275 0008497  39.7545  25.5274 14.67974804331885
1 13498U 81041C   25035.50582775  .00007477  00000-0  13086-2 0    12
2 13498  74.0161 185.2275 0008497  39.7545  25.5274 14.67974804327925
1 13498U 81041C   25036.52925222  .00006966  00000-0  12193-2 0    13
2 13498  74.0158 183.2471 0008550  36.9749  34.5943 14.67988386328072
1 13498U 81041C   25036.65417242  .00007196  00000-0  12592-2 0    14
2 13498  74.0157 183.0054 0008548  36.6027 334.8663 14.67990155328093
1 13498U 81041C   25037.56061175  .00006955  00000-0  12170-2 0    19
2 13498  74.0155 181.2515 0008591  34.2714  85.5535 14.68002109328225
1 13498U 81041C   25037.56061175  .00006955  00000-0  12170-2 0  8208
2 13498  74.0155 181.2515 0008591  34.2714  85.5535 14.68002109332185
1 13498U 81041C   25038.78788716  .00006583  00000-0  11518-2 0    13
2 13498  74.0154 178.8768 0008670  31.1291  91.9608 14.68017568328407
1 13498U 81041C   25039.53753907  .00006455  00000-0  11292-2 0    18
2 13498  74.0155 177.4263 0008725  29.3276  93.9430 14.68026876328515
1 13498U 81041C   25039.80915564  .00006563  00000-0  11479-2 0  8225
2 13498  74.0155 176.9007 0008735  28.7034  89.4404 14.68030517332514
1 13498U 81041C   25039.80915564  .00006563  00000-0  11479-2 0    14
2 13498  74.0155 176.9007 0008735  28.7034  89.4404 14.68030517328553
1 13498U 81041C   25040.56001675  .00006104  00000-0  10680-2 0    12
2 13498  74.0158 175.4478 0008785  26.9766  97.7651 14.68037985328663
1 13498U 81041C   25040.83264234  .00006288  00000-0  10999-2 0    10
2 13498  74.0159 174.9203 0008801  26.3598  98.5961 14.68041566328708
1 13498U 81041C   25041.36005485  .00008059  00000-0  14074-2 0    16
2 13498  74.0161 173.8998 0008842  25.0082   6.1568 14.68052496328789
1 13498U 81041C   25041.78566030  .00007048  00000-0  12315-2 0    13
2 13498  74.0162 173.0763 0008861  23.9548  95.5990 14.68056199328849
1 13498U 81041C   25042.46581193  .00006618  00000-0  11566-2 0  8237
2 13498  74.0165 171.7604 0008900  22.1283  90.5511 14.68064565332904
1 13498U 81041C   25042.46581193  .00006618  00000-0  11566-2 0    15
2 13498  74.0165 171.7604 0008900  22.1283  90.5511 14.68064565328943
1 13498U 81041C   25042.80903789  .00006168  00000-0  10783-2 0    12
2 13498  74.0166 171.0961 0008921  21.2347 104.6569 14.68068261328999
1 13498U 81041C   25043.60514075  .00005741  00000-0  10040-2 0    19
2 13498  74.0168 169.5556 0008945  19.2332 352.3705 14.68077035329118
1 13498U 81041C   25043.76167377  .00005714  00000-0  99924-3 0    14
2 13498  74.0168 169.2527 0008957  18.7705  99.7807 14.68078923329138
1 13498U 81041C   25044.43266022  .00005418  00000-0  94762-3 0    12
2 13498  74.0170 167.9543 0008999  17.1548  46.1569 14.68085735329239
1 13498U 81041C   25044.79016377  .00005793  00000-0  10127-2 0  8248
2 13498  74.0170 167.2626 0009024  16.2429 135.7362 14.68090600333241
1 13498U 81041C   25045.45729663  .00006387  00000-0  11155-2 0    10
2 13498  74.0170 165.9716 0009085  14.9299  61.4808 14.68099251329384
1 13498U 81041C   25046.60344194  .00006885  00000-0  12016-2 0    10
2 13498  74.0171 163.7537 0009161  12.0586 359.4376 14.68115203329550
1 13498U 81041C   25047.08923361  .00007379  00000-0  12871-2 0  8254
2 13498  74.0169 162.8135 0009193  10.8543  47.0997 14.68122845333571
1 13498U 81041C   25046.69309368  .00006866  00000-0  11982-2 0    13
2 13498  74.0170 163.5802 0009162  11.8444 113.2848 14.68116424329560
1 13498U 81041C   25047.43184346  .00007156  00000-0  12482-2 0    12
2 13498  74.0170 162.1505 0009224  10.1062  57.8795 14.68127980329677
1 13498U 81041C   25048.57954590  .00006912  00000-0  12054-2 0    18
2 13498  74.0166 159.9292 0009309   7.3363   4.0842 14.68144601329840
1 13498U 81041C   25049.26423831  .00007733  00000-0  13475-2 0  8269
2 13498  74.0164 158.6041 0009360   5.9508  22.8102 14.68156967333893
1 13498U 81041C   25049.48690238  .00007669  00000-0  13362-2 0    18
2 13498  74.0165 158.1732 0009378   5.4400 119.6970 14.68160268329972
1 13498U 81041C   25049.75954050  .00006426  00000-0  11207-2 0    19
2 13498  74.0166 157.6457 0009400   4.8564 120.6800 14.68162280330018
1 13498U 81041C   25050.55563579  .00007469  00000-0  13011-2 0    14
2 13498  74.0166 156.1050 0009450   2.8786   8.6140 14.68176756330138
1 13498U 81041C   25051.38324845  .00007608  00000-0  13247-2 0    13
2 13498  74.0166 154.5035 0009511   0.9794  63.0186 14.68190087330250
1 13498U 81041C   25051.73563336  .00006297  00000-0  10976-2 0  8277
2 13498  74.0165 153.8214 0009543   0.1411 125.6119 14.68192880334262
1 13498U 81041C   25051.73563336  .00006297  00000-0  10976-2 0    11
2 13498  74.0165 153.8214 0009543   0.1411 125.6119 14.68192880330303
1 13498U 81041C   25052.53168086  .00005653  00000-0  98569-3 0    13
2 13498  74.0165 152.2809 0009600 358.2511  13.2849 14.68202989330425
1 13498U 81041C   25052.96147284  .00005790  00000-0  10094-2 0    15
2 13498  74.0166 151.4491 0009629 357.4142 124.8680 14.68209001330486
1 13498U 81041C   25053.35896723  .00006232  00000-0  10857-2 0    17
2 13498  74.0166 150.6798 0009655 356.5729  65.8234 14.68215018330548
1 13498U 81041C   25054.38276295  .00006850  00000-0  11924-2 0  8286
2 13498  74.0167 148.6982 0009736 354.3190  77.2167 14.68230163334655
1 13498U 81041C   25054.66402601  .00006605  00000-0  11499-2 0    17
2 13498  74.0167 148.1538 0009727 353.6912 123.8825 14.68233373330731
1 13498U 81041C   25055.61781929  .00007331  00000-0  12751-2 0    15
2 13498  74.0169 146.3077 0009819 351.5961 125.3305 14.68248693330870
1 13498U 81041C   25055.95816297  .00008720  00000-0  15149-2 0    16
2 13498  74.0170 145.6490 0009851 350.8411 124.3005 14.68256486330922
1 13498U 81041C   25056.64093931  .00008136  00000-0  14137-2 0    12
2 13498  74.0170 144.3274 0009911 349.1864 133.4441 14.68267395331026
1 13498U 81041C   25056.70973638  .00008054  00000-0  13994-2 0  8297
2 13498  74.0171 144.1943 0009934 348.9769 137.1480 14.68268392334995
1 13498U 81041C   25056.70973638  .00008054  00000-0  13994-2 0    19
2 13498  74.0171 144.1943 0009934 348.9769 137.1480 14.68268392331037
1 13498U 81041C   25057.50563176  .00007992  00000-0  13883-2 0    17
2 13498  74.0171 142.6536 0009959 347.5901  23.7299 14.68281251331158
1 13498U 81041C   25057.99059980  .00008137  00000-0  14131-2 0    12
2 13498  74.0170 141.7149 0010001 346.5457  67.1715 14.68289404331223
1 13498U 81041C   25058.69127562  .00008538  00000-0  14820-2 0    12
2 13498  74.0170 140.3585 0010069 344.9503 170.9129 14.68301850331323
1 13498U 81041C   25059.01419476  .00009012  00000-0  15636-2 0  8301
2 13498  74.0171 139.7335 0010116 344.0149  78.0602 14.68308264335334
1 13498U 81041C   25059.48154486  .00007944  00000-0  13790-2 0    10
2 13498  74.0166 138.8288 0010097 343.1734  28.2580 14.68314955331447
1 13498U 81041C   25059.91081311  .00008276  00000-0  14360-2 0    17
2 13498  74.0166 137.9977 0010123 342.3730 137.2108 14.68322957331504
1 13498U 81041C   25060.59313419  .00006763  00000-0  11745-2 0    13
2 13498  74.0163 136.6766 0010167 340.9245 143.9027 14.68331474331605
1 13498U 81041C   25061.18854269  .00005889  00000-0  10234-2 0  8313
2 13498  74.0159 135.5237 0010216 339.5058  51.3541 14.68338760335648
1 13498U 81041C   25060.66068906  .00006709  00000-0  11651-2 0    15
2 13498  74.0162 136.5458 0010176 340.7449 141.0298 14.68332520331618
1 13498U 81041C   25061.61366647  .00004796  00000-0  83467-3 0    13
2 13498  74.0159 134.7003 0010198 338.6744 138.4719 14.68341955331753
1 13498U 81041C   25062.36370679  .00004397  00000-0  76552-3 0    10
2 13498  74.0154 133.2486 0010290 336.9404 143.3117 14.68348502331868
1 13498U 81041C   25063.58044133  .00004470  00000-0  77798-3 0  8325
2 13498  74.0151 130.8928 0010360 334.3541  94.9852 14.68359135336003
1 13498U 81041C   25063.51076653  .00004534  00000-0  78906-3 0    11
2 13498  74.0151 131.0277 0010366 334.4951  86.6889 14.68358587332032
1 13498U 81041C   25064.61780193  .00004723  00000-0  82148-3 0    17
2 13498  74.0150 128.8843 0010407 332.2999 178.3755 14.68369211332192
1 13498U 81041C   25065.56638281  .00004334  00000-0  75411-3 0    15
2 13498  74.0151 127.0477 0010451 330.4100 152.5248 14.68376817332337
1 13498U 81041C   25065.63492686  .00004324  00000-0  75244-3 0  8336
2 13498  74.0151 126.9150 0010452 330.2881 154.8318 14.68377451336307
1 13498U 81041C   25065.63492686  .00004324  00000-0  75244-3 0    13
2 13498  74.0151 126.9150 0010452 330.2881 154.8318 14.68377451332347
1 13498U 81041C   25066.43097868  .00004113  00000-0  71598-3 0    19
2 13498  74.0152 125.3739 0010489 328.6824  42.7626 14.68383930332461
1 13498U 81041C   25066.93853686  .00004174  00000-0  72638-3 0    15
2 13498  74.0152 124.3911 0010528 327.5575 205.8277 14.68388541332532
1 13498U 81041C   25067.18940997  .00004160  00000-0  72385-3 0    19
2 13498  74.0153 123.9054 0010537 327.0305  91.9720 14.68390694332575
1 13498U 81041C   25067.54115581  .00004573  00000-0  79508-3 0    14
2 13498  74.0153 123.2243 0010559 326.2814 151.3554 14.68394490332628
1 13498U 81041C   25068.56481784  .00005666  00000-0  98330-3 0  8340
2 13498  74.0152 121.2422 0010617 324.1870 162.5351 14.68406656336731
1 13498U 81041C   25068.56481784  .00005666  00000-0  98330-3 0    16
2 13498  74.0152 121.2422 0010617 324.1870 162.5351 14.68406656332771
1 13498U 81041C   25069.59162578  .00004852  00000-0  84275-3 0    16
2 13498  74.0151 119.2539 0010651 322.1199 190.3506 14.68415466332923
1 13498U 81041C   25069.91499190  .00004827  00000-0  83847-3 0    11
2 13498  74.0150 118.6278 0010688 321.4636  99.7114 14.68418793332971
1 13498U 81041C   25070.54521686  .00004640  00000-0  80612-3 0    18
2 13498  74.0148 117.4074 0010715 320.1933 191.1743 14.68424720333069
1 13498U 81041C   25070.93713797  .00004711  00000-0  81832-3 0    11
2 13498  74.0149 116.6485 0010731 319.3736 102.9649 14.68428766333122
1 13498U 81041C   25071.14197326  .00004930  00000-0  85587-3 0  8358
2 13498  74.0148 116.2518 0010740 318.9729 105.7480 14.68431125337111
1 13498U 81041C   25071.56224772  .00005021  00000-0  87160-3 0    16
2 13498  74.0145 115.4379 0010755 318.1482 167.3754 14.68435335333210
1 13498U 81041C   25072.43565021  .00007395  00000-0  12801-2 0    13
2 13498  74.0143 113.7464 0010791 316.4146 104.3505 14.68450338333341
1 13498U 81041C   25073.18556275  .00007257  00000-0  12561-2 0  8363
2 13498  74.0141 112.2939 0010814 314.9102 108.5789 14.68460250337417
1 13498U 81041C   25073.54265796  .00007014  00000-0  12141-2 0    17
2 13498  74.0140 111.6023 0010831 314.1517 196.3285 14.68465073333504
1 13498U 81041C   25074.56011965  .00006790  00000-0  11752-2 0    14
2 13498  74.0140 109.6317 0010866 312.1741 174.8963 14.68479734333651
1 13498U 81041C   25074.88861090  .00007093  00000-0  12271-2 0    15
2 13498  74.0139 108.9954 0010876 311.5084 111.4267 14.68485233333703
1 13498U 81041C   25075.51827941  .00006592  00000-0  11407-2 0  8373
2 13498  74.0138 107.7758 0010902 310.2339 200.1057 14.68493296337750
1 13498U 81041C   25075.86339156  .00006562  00000-0  11355-2 0    19
2 13498  74.0137 107.1074 0010911 309.5475 224.5034 14.68498189333843
1 13498U 81041C   25076.54070887  .00007211  00000-0  12467-2 0    15
2 13498  74.0137 105.7955 0010936 308.2111 205.0749 14.68509065333949
1 13498U 81041C   25077.49396269  .00008050  00000-0  13905-2 0    15
2 13498  74.0138 103.9491 0010965 306.2351 204.5003 14.68525729334089
1 13498U 81041C   25077.81600228  .00008501  00000-0  14677-2 0  8380
2 13498  74.0136 103.3254 0010990 305.6538 106.9062 14.68531984338080
1 13498U 81041C   25077.81600228  .00008501  00000-0  14677-2 0    12
2 13498  74.0136 103.3254 0010990 305.6538 106.9062 14.68531984334132
1 13498U 81041C   25078.51604703  .00007924  00000-0  13683-2 0    16
2 13498  74.0136 101.9695 0010982 304.3380 207.6443 14.68543287334239
1 13498U 81041C   25078.83869799  .00009261  00000-0  15976-2 0    12
2 13498  74.0137 101.3446 0010997 303.7733 113.2901 14.68552108334287
1 13498U 81041C   25079.47079678  .00009103  00000-0  15700-2 0    12
2 13498  74.0138 100.1202 0011043 302.5681 214.8993 14.68563930334371
1 13498U 81041C   25079.86085944  .00008583  00000-0  14805-2 0  8393
2 13498  74.0139  99.3646 0011035 301.7329 117.0812 14.68570328338382
1 13498U 81041C   25080.49327346  .00007401  00000-0  12774-2 0    11
2 13498  74.0140  98.1396 0011030 300.4283 220.4941 14.68579248334527
1 13498U 81041C   25080.81403140  .00008478  00000-0  14619-2 0    19
2 13498  74.0140  97.5183 0011056 299.8055 116.2321 14.68586502334570
1 13498U 81041C   25081.51489751  .00011651  00000-0  20052-2 0    14
2 13498  74.0142  96.1608 0011026 298.1964 221.7520 14.68605476334673
1 13498U 81041C   25081.83699887  .00011494  00000-0  19779-2 0    11
2 13498  74.0142  95.5368 0011031 297.5157 124.6771 14.68612809334725
1 13498U 81041C   25082.03549196  .00011470  00000-0  19736-2 0  8409
2 13498  74.0143  95.1523 0011036 297.1655  94.0292 14.68617779338700
1 13498U 81041C   25082.03549196  .00011470  00000-0  19736-2 0    18
2 13498  74.0143  95.1523 0011036 297.1655  94.0292 14.68617779334751
1 13498U 81041C   25082.78907263  .00009469  00000-0  16302-2 0    14
2 13498  74.0140  93.6924 0011034 295.4760 118.2925 14.68632413334868
1 13498U 81041C   25083.06276259  .00009520  00000-0  16388-2 0    12
2 13498  74.0140  93.1622 0011056 295.1073 125.0850 14.68637986334904
1 13498U 81041C   25083.76536677  .00009012  00000-0  15513-2 0    17
2 13498  74.0141  91.8012 0011044 293.5415 239.8675 14.68650362335006
1 13498U 81041C   25084.08398936  .00009923  00000-0  17070-2 0  8410
2 13498  74.0140  91.1838 0011062 293.0572 124.2626 14.68657838339005
1 13498U 81041C   25084.08398936  .00009923  00000-0  17070-2 0    18
2 13498  74.0140  91.1838 0011062 293.0572 124.2626 14.68657838335056
1 13498U 81041C   25084.76367670  .00008985  00000-0  15460-2 0    12
2 13498  74.0137  89.8668 0011060 291.6566 117.8117 14.68669226335150
1 13498U 81041C   25085.45835211  .00010137  00000-0  17427-2 0    17
2 13498  74.0136  88.5209 0011058 290.2444 190.6186 14.68684376335252
1 13498U 81041C   25085.78704690  .00010348  00000-0  17785-2 0    10
2 13498  74.0134  87.8840 0011075 289.5565 128.4870 14.68691114335300
1 13498U 81041C   25086.13902216  .00010809  00000-0  18570-2 0  8422
2 13498  74.0135  87.2019 0011068 288.7135 189.5600 14.68699153339314
1 13498U 81041C   25086.41248659  .00010996  00000-0  18887-2 0    12
2 13498  74.0135  86.6720 0011069 288.2257 195.3450 14.68704991335396
1 13498U 81041C   25086.80878030  .00009832  00000-0  16895-2 0    11
2 13498  74.0134  85.9041 0011070 287.4402 130.6042 14.68710907335458
1 13498U 81041C   25087.43475166  .00007731  00000-0  13297-2 0    13
2 13498  74.0134  84.6911 0011056 286.1445 200.2758 14.68719268335544
1 13498U 81041C   25087.71644605  .00007404  00000-0  12737-2 0  8439
2 13498  74.0135  84.1451 0011047 285.6446 249.5916 14.68723787339541
1 13498U 81041C   25087.71644605  .00007404  00000-0  12737-2 0    15
2 13498  74.0135  84.1451 0011047 285.6446 249.5916 14.68723787335581
1 13498U 81041C   25088.38729900  .00007384  00000-0  12699-2 0    15
2 13498  74.0136  82.8452 0011044 284.3204 196.5349 14.68734409335688
1 13498U 81041C   25088.78380979  .00006564  00000-0  11296-2 0    19
2 13498  74.0137  82.0769 0011046 283.4998 133.0195 14.68738786335748
1 13498U 81041C   25089.40921515  .00006423  00000-0  11052-2 0    10
2 13498  74.0139  80.8651 0011033 282.2461 199.7211 14.68747041335836
1 13498U 81041C   25089.73725450  .00006657  00000-0  11452-2 0  8444
2 13498  74.0139  80.2294 0011029 281.5606 134.1968 14.68751804339839
1 13498U 81041C   25089.73725450  .00006657  00000-0  11452-2 0    19
2 13498  74.0139  80.2294 0011029 281.5606 134.1968 14.68751804335880
1 13498U 81041C   25090.43766833  .00006251  00000-0  10755-2 0    13
2 13498  74.0144  78.8723 0011057 280.0989 237.5787 14.68760120335984
1 13498U 81041C   25090.71325015  .00006756  00000-0  11617-2 0    15
2 13498  74.0145  78.3383 0011054 279.5093 254.7174 14.68764609336021
1 13498U 81041C   25091.38987211  .00006741  00000-0  11589-2 0    13
2 13498  74.0147  77.0274 0011020 278.2266 232.2047 14.68773612336124
1 13498U 81041C   25091.71207443  .00006572  00000-0  11299-2 0    12
2 13498  74.0148  76.4032 0011023 277.5538 135.8462 14.68777452336177
1 13498U 81041C   25092.05568221  .00006411  00000-0  11024-2 0  8458
2 13498  74.0148  75.7376 0011033 276.8033 152.7072 14.68781628340184
1 13498U 81041C   25092.41213227  .00007270  00000-0  12489-2 0    15
2 13498  74.0148  75.0471 0011033 276.0117 237.4945 14.68788293336278
1 13498U 81041C   25092.73415958  .00007659  00000-0  13153-2 0    15
2 13498  74.0149  74.4233 0011036 275.3736 140.1959 14.68793707336327
1 13498U 81041C   25093.36527649  .00009096  00000-0  15603-2 0    15
2 13498  74.0150  73.2004 0011035 274.0926 237.2375 14.68805592336414
1 13498U 81041C   25093.71006503  .00008095  00000-0  13892-2 0    11
2 13498  74.0151  72.5324 0011021 273.3890 260.3255 14.68809469336465
1 13498U 81041C   25094.22411863  .00009031  00000-0  15487-2 0  8467
2 13498  74.0152  71.5363 0011006 272.2428  98.5240 14.68819251340499
1 13498U 81041C   25094.38704383  .00009105  00000-0  15612-2 0    11
2 13498  74.0152  71.2206 0011004 271.9002 240.0183 14.68822273336565
1 13498U 81041C   25094.77984021  .00008667  00000-0  14862-2 0    11
2 13498  74.0152  70.4594 0011009 271.1208 156.9538 14.68828148336624
1 13498U 81041C   25095.93072189  .00008664  00000-0  14851-2 0    18
2 13498  74.0152  68.2292 0010951 268.7476 122.4669 14.68849536336793
1 13498U 81041C   25096.36232968  .00009467  00000-0  16216-2 0  8476
2 13498  74.0152  67.3928 0010955 267.8794 244.6794 14.68858735340811
1 13498U 81041C   25096.95711221  .00007823  00000-0  13411-2 0    15
2 13498  74.0152  66.2400 0010927 266.6512 149.7583 14.68866701336940
1 13498U 81041C   25097.31023131  .00007885  00000-0  13515-2 0    15
2 13498  74.0152  65.5557 0010952 265.9420 216.9632 14.68872197336996
1 13498U 81041C   25097.66030755  .00006859  00000-0  11765-2 0    18
2 13498  74.0152  64.8770 0010943 265.1504 268.1717 14.68875618337041
1 13498U 81041C   25098.17448336  .00007444  00000-0  12759-2 0  8487
2 13498  74.0152  63.8805 0010905 264.0482 107.0938 14.68883789341072
1 13498U 81041C   25098.33703317  .00007458  00000-0  12783-2 0    11
2 13498  74.0151  63.5655 0010898 263.6627 246.6840 14.68886072337141
1 13498U 81041C   25098.93376477  .00007570  00000-0  12971-2 0    14
2 13498  74.0151  62.4090 0010899 262.4083 162.1532 14.68895278337234
1 13498U 81041C   25099.63543687  .00008123  00000-0  13909-2 0    18
2 13498  74.0154  61.0495 0010875 260.9296 272.5678 14.68906683337335
1 13498U 81041C   25100.63355383  .00008452  00000-0  14465-2 0  8498
2 13498  74.0156  59.1152 0010869 258.8367 150.6167 14.68924248341435
1 13498U 81041C   25100.31213666  .00008138  00000-0  13931-2 0    18
2 13498  74.0156  59.7379 0010879 259.5307 250.9344 14.68918339337435
1 13498U 81041C   25100.63355383  .00008452  00000-0  14465-2 0    18
2 13498  74.0156  59.1152 0010869 258.8367 150.6167 14.68924248337485
1 13498U 81041C   25101.65653552  .00007521  00000-0  12874-2 0    18
2 13498  74.0162  57.1326 0010896 256.7874 160.1111 14.68939058337630
1 13498U 81041C   25102.63203472  .00007728  00000-0  13222-2 0    16
2 13498  74.0166  55.2421 0010877 254.8482 278.5573 14.68954034337774
1 13498U 81041C   25102.67917441  .00007773  00000-0  13299-2 0  8504
2 13498  74.0166  55.1508 0010873 254.7595 167.8286 14.68954837341743
1 13498U 81041C   25102.67917441  .00007773  00000-0  13299-2 0    12
2 13498  74.0166  55.1508 0010873 254.7595 167.8286 14.68954837337782
1 13498U 81041C   25103.83044102  .00007021  00000-0  12015-2 0    17
2 13498  74.0170  52.9197 0010816 252.2682 136.0100 14.68971998337952
1 13498U 81041C   25104.85253441  .00006609  00000-0  11310-2 0    16
2 13498  74.0172  50.9391 0010779 250.0963 141.1071 14.68986047338107
1 13498U 81041C   25105.00652778  .00006642  00000-0  11366-2 0  8511
2 13498  74.0172  50.6407 0010777 249.7803 235.4571 14.68987940342085
1 13498U 81041C   25105.20998418  .00006945  00000-0  11881-2 0    12
2 13498  74.0173  50.2464 0010761 249.3599 231.3828 14.68990931338153
1 13498U 81041C   25105.88128017  .00006797  00000-0  11627-2 0    19
2 13498  74.0173  48.9455 0010760 247.9122 181.4290 14.68999434338258
1 13498U 81041C   25106.58265483  .00007137  00000-0  12202-2 0    15
2 13498  74.0174  47.5863 0010759 246.5132 290.4508 14.69008796338358
1 13498U 81041C   25106.90042598  .00018162  00000-0  30896-2 0  8524
2 13498  74.0174  46.9704 0010768 245.7925 171.0050 14.69033317342354
1 13498U 81041C   25106.90042598  .00018162  00000-0  30896-2 0    10
2 13498  74.0174  46.9704 0010768 245.7925 171.0050 14.69033317338405
1 13498U 81041C   25107.92346383  .00006385  00000-0  10919-2 0  8557
2 13498  74.0173  44.9876 0010734 243.7727 181.0885 14.69028282342512
1 13498U 81041C   25107.92346383  .00006385  00000-0  10919-2 0    10
2 13498  74.0173  44.9876 0010734 243.7727 181.0885 14.69028282338551
1 13498U 81041C   25109.23475856  .00005430  00000-0  92919-3 0    15
2 13498  74.0172  42.4465 0010715 240.9905 275.8225 14.69043144338748
1 13498U 81041C   25110.24952150  .00006060  00000-0  10360-2 0  8562
2 13498  74.0171  40.4796 0010671 238.8045 242.4416 14.69056234342857
1 13498U 81041C   25110.92978696  .00005033  00000-0  86132-3 0    12
2 13498  74.0172  39.1609 0010631 237.4383 239.9771 14.69061712338994
1 13498U 81041C   25111.79910867  .00006344  00000-0  10838-2 0    19
2 13498  74.0174  37.4758 0010616 235.6262 157.4238 14.69074828339121
1 13498U 81041C   25112.55249920  .00005953  00000-0  10171-2 0    14
2 13498  74.0175  36.0155 0010597 234.0287 181.8182 14.69083409339232
1 13498U 81041C   25112.75130913  .00005926  00000-0  10125-2 0  8575
2 13498  74.0178  35.6300 0010602 233.5939 153.2651 14.69085862343219
1 13498U 81041C   25112.75130913  .00005926  00000-0  10125-2 0    16
2 13498  74.0178  35.6300 0010602 233.5939 153.2651 14.69085862339269
1 13498U 81041C   25113.92668441  .00005397  00000-0  92246-3 0    15
2 13498  74.0179  33.3516 0010575 231.1798 249.3561 14.69099387339433
1 13498U 81041C   25114.72584172  .00006215  00000-0  10610-2 0    16
2 13498  74.0176  31.8029 0010553 230.0148 155.3395 14.69110755339552
1 13498U 81041C   25115.54872866  .00005616  00000-0  95924-3 0    13
2 13498  74.0179  30.2079 0010535 228.3847 187.2636 14.69119314339674
1 13498U 81041C   25115.74824058  .00005583  00000-0  95345-3 0  8585
2 13498  74.0179  29.8212 0010526 227.9389 162.4588 14.69121822343654
1 13498U 81041C   25115.74824058  .00005583  00000-0  95345-3 0    15
2 13498  74.0179  29.8212 0010526 227.9389 162.4588 14.69121822339705
1 13498U 81041C   25116.92418890  .00006106  00000-0  10418-2 0    18
2 13498  74.0181  27.5420 0010508 225.4380 261.8254 14.69137993339876
1 13498U 81041C   25117.19529178  .00005807  00000-0  99111-3 0    15
2 13498  74.0180  27.0166 0010517 224.6570 255.8497 14.69140769339911
1 13498U 81041C   25117.87582521  .00006301  00000-0  10746-2 0  8598
2 13498  74.0179  25.6975 0010499 223.2881 255.0173 14.69149891343979
1 13498U 81041C   25117.87582521  .00006301  00000-0  10746-2 0    17
2 13498  74.0179  25.6975 0010499 223.2881 255.0173 14.69149891340011
1 13498U 81041C   25118.89902456  .00005301  00000-0  90491-3 0    18
2 13498  74.0178  23.7143 0010423 220.8621 266.8612 14.69160093340169
1 13498U 81041C   25121.89486301  .00004665  00000-0  79647-3 0  8614
2 13498  74.0175  17.9062 0010344 214.3942 271.8515 14.69189532344562
1 13498U 81041C   25121.81591181  .00004668  00000-0  79700-3 0 84469
2 13498  74.0176  18.0593 0010348 214.5855 214.2536 14.69188776340595
1 13498U 81041C   25122.17241943  .00005456  00000-0  93047-3 0    12
2 13498  74.0175  17.3681 0010340 213.7596 299.8995 14.69193946340648
1 13498U 81041C   25122.84679943  .00005425  00000-0  92505-3 0    15
2 13498  74.0174  16.0606 0010320 212.3840 266.6706 14.69201367340745
1 13498U 81041C   25123.51633788  .00005173  00000-0  88232-3 0    19
2 13498  74.0175  14.7625 0010306 210.9800 207.8905 14.69208363340848
1 13498U 81041C   25123.86946359  .00004469  00000-0  76302-3 0    10
2 13498  74.0175  14.0779 0010286 210.1852 275.6494 14.69210954340897
1 13498U 81041C   25124.14683676  .00004278  00000-0  73063-3 0  8626
2 13498  74.0175  13.5401 0010279 209.5633 302.7369 14.69213507344898
1 13498U 81041C   25124.46959053  .00003888  00000-0  66451-3 0    10
2 13498  74.0176  12.9143 0010266 208.8130 209.8810 14.69215564340984
1 13498U 81041C   25124.82125337  .00004028  00000-0  68817-3 0    15
2 13498  74.0176  12.2326 0010253 208.0616 269.8718 14.69218802341035
1 13498U 81041C   25125.96056538  .00003623  00000-0  61945-3 0    12
2 13498  74.0178  10.0238 0010199 205.6246 175.8699 14.69227521341207
1 13498U 81041C   25126.38680765  .00003656  00000-0  62503-3 0  8637
2 13498  74.0178   9.1974 0010190 204.8793 270.1721 14.69230669345220
1 13498U 81041C   25126.78730528  .00003413  00000-0  58386-3 0    13
2 13498  74.0178   8.4210 0010179 203.9651 228.5345 14.69232939341323
1 13498U 81041C   25127.73905187  .00003158  00000-0  54051-3 0    15
2 13498  74.0179   6.5759 0010133 201.9574 222.4838 14.69239010341465
1 13498U 81041C   25128.76946059  .00003329  00000-0  56947-3 0  8645
2 13498  74.0178   4.5782 0010103 199.7030 272.5937 14.69245941345578
1 13498U 81041C   25129.11773931  .00003340  00000-0  57127-3 0    19
2 13498  74.0178   3.9030 0010083 198.9659 314.7138 14.69247996341662
1 13498U 81041C   25129.79222119  .00002980  00000-0  51029-3 0    14
2 13498  74.0172   2.5954 0010066 197.5977 282.1413 14.69251366341766
1 13498U 81041C   25130.41502734  .00003504  00000-0  59881-3 0    16
2 13498  74.0172   1.3879 0010039 196.1553 336.4399 14.69257134341859
1 13498U 81041C   25130.81459977  .00002930  00000-0  50173-3 0  8655
2 13498  74.0172   0.6132 0010017 195.2127 289.9736 14.69257661345874
1 13498U 81041C   25130.81459977  .00002930  00000-0  50173-3 0    17
2 13498  74.0172   0.6132 0010017 195.2127 289.9736 14.69257661341915
1 13498U 81041C   25131.61391175  .00002990  00000-0  51180-3 0    16
2 13498  74.0170 359.0634 0010001 193.4021 197.8655 14.69262876342032
1 13498U 81041C   25131.76653493  .00002986  00000-0  51106-3 0    19
2 13498  74.0170 358.7674 0009993 193.0964 285.1144 14.69263804342050
1 13498U 81041C   25132.39086713  .00003223  00000-0  55123-3 0    12
2 13498  74.0168 357.5569 0009962 191.8112 347.3493 14.69268441342144
1 13498U 81041C   25132.79047429  .00002937  00000-0  50286-3 0    13
2 13498  74.0166 356.7821 0009950 190.9360 301.0171 14.69269824342209
1 13498U 81041C   25133.06646245  .00002845  00000-0  48720-3 0  8662
2 13498  74.0166 356.2470 0009936 190.3295 320.8236 14.69271156346205
1 13498U 81041C   25133.33196940  .00002754  00000-0  47185-3 0    18
2 13498  74.0165 355.7321 0009924 189.7604 285.1774 14.69272357342284
1 13498U 81041C   25133.73237562  .00002743  00000-0  46987-3 0    15
2 13498  74.0163 354.9556 0009903 189.0185 242.9454 14.69274649342346
1 13498U 81041C   25134.08326390  .00002927  00000-0  50098-3 0    14
2 13498  74.0163 354.2752 0009882 188.2901 298.8931 14.69277346342392
1 13498U 81041C   25134.76288046  .00002656  00000-0  45518-3 0    14
2 13498  74.0162 352.9573 0009854 186.7855 293.6742 14.69280183342494
1 13498U 81041C   25135.03453252  .00002771  00000-0  47449-3 0    11
2 13498  74.0161 352.4306 0009842 186.2002 290.5459 14.69282177342539
1 13498U 81041C   25135.71451094  .00002706  00000-0  46345-3 0  8726
2 13498  74.0160 351.1120 0009816 184.7074 287.2427 14.69285807346592
1 13498U 81041C   25136.38604566  .00002659  00000-0  45547-3 0    18
2 13498  74.0160 349.8097 0009793 183.2023 239.3156 14.69289207342738
1 13498U 81041C   25136.93098558  .00002770  00000-0  47429-3 0    12
2 13498  74.0161 348.7530 0009768 182.0265 241.7301 14.69292599342812
1 13498U 81041C   25137.40677955  .00003818  00000-0  65136-3 0    18
2 13498  74.0161 347.8304 0009751 180.9308 238.4798 14.69298803342882
1 13498U 81041C   25137.87496409  .00003895  00000-0  66448-3 0  8731
2 13498  74.0161 346.9225 0009738 179.9479 194.8879 14.69301981346900
1 13498U 81041C   25137.87496409  .00003895  00000-0  66448-3 0    14
2 13498  74.0161 346.9225 0009738 179.9479 194.8879 14.69301981342951
1 13498U 81041C   25138.63187808  .00003679  00000-0  62781-3 0    15
2 13498  74.0161 345.4545 0009693 178.2376 238.6283 14.69306246343066
1 13498U 81041C   25138.71158213  .00003709  00000-0  63286-3 0    17
2 13498  74.0162 345.3000 0009681 178.0772 300.2087 14.69306830343075
1 13498U 81041C   25139.38108010  .00003186  00000-0  54446-3 0    18
2 13498  74.0162 344.0018 0009652 176.6200 241.5113 14.69309277343174
1 13498U 81041C   25140.01167176  .00002958  00000-0  50585-3 0  8742
2 13498  74.0162 342.7790 0009642 175.2210 337.0549 14.69312396347221
1 13498U 81041C   25140.01167176  .00002958  00000-0  50585-3 0    14
2 13498  74.0162 342.7790 0009642 175.2210 337.0549 14.69312396343261
1 13498U 81041C   25140.75556635  .00002794  00000-0  47811-3 0    13
2 13498  74.0161 341.3364 0009617 173.6042 311.8974 14.69316404343377
1 13498U 81041C   25141.62942108  .00002440  00000-0  41822-3 0    18
2 13498  74.0160 339.6419 0009588 171.6698 254.2144 14.69320285343505
1 13498U 81041C   25142.37646958  .00002841  00000-0  48594-3 0  8752
2 13498  74.0159 338.1932 0009560 169.9969 245.8093 14.69325296347564
1 13498U 81041C   25142.37646958  .00002841  00000-0  48594-3 0    13
2 13498  74.0159 338.1932 0009560 169.9969 245.8093 14.69325296343616
1 13498U 81041C   25143.52927025  .00002527  00000-0  43289-3 0    15
2 13498  74.0157 335.9576 0009521 167.4577 223.6566 14.69330638343781
1 13498U 81041C   25143.68215894  .00002523  00000-0  43208-3 0    13
2 13498  74.0157 335.6611 0009511 167.1225 312.3758 14.69331398343800
1 13498U 81041C   25144.89791962  .00002540  00000-0  43500-3 0  8766
2 13498  74.0155 333.3032 0009454 164.3981 263.3322 14.69337850347944
1 13498U 81041C   25144.89791962  .00002540  00000-0  43500-3 0    16
2 13498  74.0155 333.3032 0009454 164.3981 263.3322 14.69337850343984
1 13498U 81041C   25145.50359605  .00002461  00000-0  42160-3 0    12
2 13498  74.0154 332.1285 0009436 163.0397 227.1643 14.69340857344073
1 13498U 81041C   25145.65645822  .00002606  00000-0  44598-3 0    15
2 13498  74.0154 331.8320 0009432 162.7222 315.7319 14.69342123344092
1 13498U 81041C   25147.63071367  .00002633  00000-0  45046-3 0  8772
2 13498  74.0152 328.0028 0009348 158.3559 318.8931 14.69352318348346
1 13498U 81041C   25147.63071367  .00002633  00000-0  45046-3 0    11
2 13498  74.0152 328.0028 0009348 158.3559 318.8931 14.69352318344386
1 13498U 81041C   25148.49958590  .00002971  00000-0  50748-3 0    18
2 13498  74.0153 326.3175 0009302 156.3999 235.0016 14.69358153344519
1 13498U 81041C   25149.45109810  .00003152  00000-0  53805-3 0    17
2 13498  74.0154 324.4720 0009251 154.2279 228.3043 14.69364347344658
1 13498U 81041C   25149.94742205  .00003395  00000-0  57908-3 0    19
2 13498  74.0155 323.5094 0009227 153.1724 333.6900 14.69368541344729
1 13498U 81041C   25150.22915891  .00003681  00000-0  62727-3 0  8780
2 13498  74.0156 322.9630 0009207 152.4939  24.0639 14.69371350348723
1 13498U 81041C   25150.54885939  .00003301  00000-0  56319-3 0    11
2 13498  74.0156 322.3430 0009200 151.7710 275.2166 14.69372242344819
1 13498U 81041C   25150.74269235  .00003301  00000-0  56314-3 0    13
2 13498  74.0157 321.9671 0009202 151.4181 220.4717 14.69373502344840
1 13498U 81041C   25151.56981306  .00003109  00000-0  53054-3 0    18
2 13498  74.0157 320.3630 0009164 149.4990 275.8471 14.69378818344969
1 13498U 81041C   25151.92121561  .00003199  00000-0  54578-3 0    18
2 13498  74.0160 319.6814 0009141 148.7479 334.6688 14.69381938345015
1 13498U 81041C   25152.52310684  .00009580  00000-0  16211-2 0  8795
2 13498  74.0160 318.5141 0009100 147.3930 278.5997 14.69403410349066
1 13498U 81041C   25152.60113258  .00009734  00000-0  16470-2 0    17
2 13498  74.0160 318.3628 0009087 147.2221 331.3438 14.69404818345113
1 13498U 81041C   25152.88055801  .00004445  00000-0  75590-3 0  8804
2 13498  74.0160 317.8209 0009091 146.5970   9.4468 14.69392634349112
1 13498U 81041C   25152.88055801  .00004445  00000-0  75590-3 0    19
2 13498  74.0160 317.8209 0009091 146.5970   9.4468 14.69392634345152
1 13498U 81041C   25154.57531079  .00005695  00000-0  96636-3 0    15
2 13498  74.0159 314.5340 0009002 142.6667 334.6458 14.69411968345404
1 13498U 81041C   25155.19968455  .00002993  00000-0  51069-3 0  8811
2 13498  74.0158 313.3230 0008978 141.1959  37.6060 14.69410817349457
1 13498U 81041C   25155.44457175  .00002802  00000-0  47836-3 0    11
2 13498  74.0157 312.8481 0008968 140.6182 253.0729 14.69412401345531
1 13498U 81041C   25155.86917311  .00003545  00000-0  60375-3 0    18
2 13498  74.0157 312.0245 0008937 139.6136 339.2472 14.69417498345593
1 13498U 81041C   25156.47015561  .00002702  00000-0  46143-3 0    13
2 13498  74.0156 310.8589 0008914 138.3007 278.3850 14.69419680345685
1 13498U 81041C   25156.54168073  .00002658  00000-0  45400-3 0    13
2 13498  74.0156 310.7202 0008913 138.1461 296.7444 14.69419957345698
1 13498U 81041C   25157.41850328  .00002408  00000-0  41177-3 0    11
2 13498  74.0155 309.0194 0008871 136.0531 255.2399 14.69424486345823
1 13498U 81041C   25157.84984124  .00002570  00000-0  43923-3 0    11
2 13498  74.0154 308.1828 0008856 135.1205  16.9771 14.69426914345887
1 13498U 81041C   25158.19494875  .00002448  00000-0  41850-3 0    10
2 13498  74.0154 307.5134 0008839 134.3501  42.5898 14.69428424345930
1 13498U 81041C   25158.87125561  .00002583  00000-0  44133-3 0  8844
2 13498  74.0154 306.2015 0008795 132.9129  20.1769 14.69432559349998
1 13498U 81041C   25158.87125561  .00002583  00000-0  44133-3 0    15
2 13498  74.0154 306.2015 0008795 132.9129  20.1769 14.69432559346030
1 13498U 81041C   25159.54554337  .00002471  00000-0  42245-3 0    15
2 13498  74.0154 304.8936 0008770 131.3514 347.2177 14.69435607346134
1 13498U 81041C   25160.84542437  .00002454  00000-0  41941-3 0    11
2 13498  74.0157 302.3723 0008726 128.0253  24.0441 14.69442359346325
1 13498U 81041C   25161.51967838  .00002096  00000-0  35910-3 0    13
2 13498  74.0158 301.0645 0008698 126.4848 350.9104 14.69444736346424
1 13498U 81041C   25161.79273281  .00002061  00000-0  35315-3 0    16
2 13498  74.0159 300.5349 0008683 125.8489 355.4074 14.69445898346468
1 13498U 81041C   25162.46257185  .00002217  00000-0  37945-3 0    10
2 13498  74.0161 299.2356 0008662 124.0904 299.1583 14.69449814346565
1 13498U 81041C   25162.81951221  .00002201  00000-0  37674-3 0    13
2 13498  74.0162 298.5434 0008646 123.3200  27.3701 14.69451468346615
1 13498U 81041C   25163.14230005  .00002521  00000-0  43065-3 0  8867
2 13498  74.0162 297.9173 0008633 122.5529 294.9883 14.69454091350612
1 13498U 81041C   25163.84195535  .00002592  00000-0  44260-3 0    17
2 13498  74.0163 296.5603 0008585 120.9516  36.2623 14.69457821346764
1 13498U 81041C   25164.16464763  .00004864  00000-0  82531-3 0  8874
2 13498  74.0163 295.9344 0008563 120.1265 303.4533 14.69467889350767
1 13498U 81041C   25164.16464763  .00004864  00000-0  82531-3 0    12
2 13498  74.0163 295.9344 0008563 120.1265 303.4533 14.69467889346818
1 13498U 81041C   25164.79375425  .00004060  00000-0  68974-3 0    10
2 13498  74.0163 294.7142 0008530 118.7697  31.4487 14.69469160346907
1 13498U 81041C   25165.13913042  .00004361  00000-0  74039-3 0  8888
2 13498  74.0167 294.0442 0008492 117.9219  58.6046 14.69471393350914
1 13498U 81041C   25165.45907314  .00003223  00000-0  54870-3 0    12
2 13498  74.0163 293.4237 0008508 117.1538 311.1922 14.69470076347002
1 13498U 81041C   25165.81550771  .00003032  00000-0  51662-3 0    17
2 13498  74.0163 292.7323 0008493 116.2634  36.8755 14.69471893347058
1 13498U 81041C   25166.48978249  .00002687  00000-0  45840-3 0  8895
2 13498  74.0161 291.4247 0008497 114.3479   4.3017 14.69475470351115
1 13498U 81041C   25166.48978249  .00002687  00000-0  45840-3 0    11
2 13498  74.0161 291.4247 0008497 114.3479   4.3017 14.69475470347154
1 13498U 81041C   25166.76871087  .00002613  00000-0  44588-3 0    11
2 13498  74.0162 290.8837 0008477 113.7679  39.8351 14.69477051347191
1 13498U 81041C   25167.15929508  .00002547  00000-0  43477-3 0    19
2 13498  74.0161 290.1261 0008472 112.8039 306.1846 14.69479478347250
1 13498U 81041C   25167.36408472  .00002630  00000-0  44866-3 0    10
2 13498  74.0160 289.7288 0008466 112.3064 309.5981 14.69481091347282
1 13498U 81041C   25168.58010720  .00002499  00000-0  42660-3 0  8909
2 13498  74.0159 287.3703 0008411 109.4766 262.6999 14.69487540351415
1 13498U 81041C   25168.58010720  .00002499  00000-0  42660-3 0    13
2 13498  74.0159 287.3703 0008411 109.4766 262.6999 14.69487540347465
1 13498U 81041C   25169.40769767  .00002462  00000-0  42032-3 0    10
2 13498  74.0157 285.7651 0008370 107.4109 321.0402 14.69491537347583
1 13498U 81041C   25170.28511406  .00002554  00000-0  43576-3 0    19
2 13498  74.0156 284.0632 0008339 105.2508 282.9656 14.69496046347718
1 13498U 81041C   25170.35850788  .00002278  00000-0  38929-3 0    15
2 13498  74.0157 283.9208 0008338 105.0748 311.2466 14.69495468347722
1 13498U 81041C   25171.57682059  .00002133  00000-0  36485-3 0  8916
2 13498  74.0156 281.5576 0008306 102.0991 276.6646 14.69500644351851
1 13498U 81041C   25172.48179064  .00001936  00000-0  33170-3 0    15
2 13498  74.0156 279.8021 0008290  99.7675  24.4950 14.69504052348039
1 13498U 81041C   25173.55029001  .00001861  00000-0  31891-3 0    14
2 13498  74.0157 277.7296 0008246  97.1249 277.3976 14.69508252348191
1 13498U 81041C   25174.57153865  .00001797  00000-0  30824-3 0  8924
2 13498  74.0158 275.7486 0008222  94.5459 280.3862 14.69511900352297
1 13498U 81041C   25174.73354855  .00001797  00000-0  30813-3 0    14
2 13498  74.0158 275.4343 0008218  94.1320  57.5171 14.69512522348365
1 13498U 81041C   25175.25509497  .00001747  00000-0  29979-3 0    12
2 13498  74.0159 274.4227 0008205  92.8331 296.7826 14.69514221348440
1 13498U 81041C   25175.74963806  .00001819  00000-0  31193-3 0    15
2 13498  74.0148 273.4638 0008206  91.6532  33.1377 14.69516105348519
1 13498U 81041C   25176.42930891  .00001720  00000-0  29525-3 0    16
2 13498  74.0148 272.1454 0008194  89.9273  29.0105 14.69518055348619
1 13498U 81041C   25177.03050705  .00001706  00000-0  29285-3 0  8937
2 13498  74.0148 270.9792 0008198  88.3333 329.7885 14.69520198352659
1 13498U 81041C   25177.22899455  .00001701  00000-0  29201-3 0    15
2 13498  74.0148 270.5942 0008195  87.8526 299.8874 14.69520863348735
1 13498U 81041C   25177.72426426  .00001677  00000-0  28788-3 0    15
2 13498  74.0148 269.6335 0008194  86.5415  40.2286 14.69522503348808
1 13498U 81041C   25178.52105404  .00001646  00000-0  28272-3 0    18
2 13498  74.0148 268.0880 0008153  84.6829 295.5908 14.69525283348926
1 13498U 81041C   25178.94804576  .00001623  00000-0  27871-3 0    19
2 13498  74.0148 267.2598 0008166  83.5722  34.6787 14.69526686348988
1 13498U 81041C   25179.07280539  .00001615  00000-0  27750-3 0  8993
2 13498  74.0148 267.0178 0008163  83.2517 334.7416 14.69527088352958
1 13498U 81041C   25179.62981759  .00001549  00000-0  26628-3 0    10
2 13498  74.0147 265.9373 0008150  81.8066  41.7299 14.69528680349083
1 13498U 81041C   25179.70351858  .00001544  00000-0  26553-3 0    12
2 13498  74.0147 265.7943 0008150  81.6066  71.6694 14.69528929349090
1 13498U 81041C   25180.49425855  .00001500  00000-0  25797-3 0    10
2 13498  74.0146 264.2605 0008134  79.5974 295.2080 14.69531486349213
1 13498U 81041C   25180.92308182  .00001528  00000-0  26276-3 0    14
2 13498  74.0147 263.4287 0008127  78.5149  43.9658 14.69533294349270
1 13498U 81041C   25181.24608926  .00001599  00000-0  27476-3 0  9008
2 13498  74.0146 262.8022 0008126  77.7056 312.8830 14.69534890353274
1 13498U 81041C   25181.32048991  .00001591  00000-0  27334-3 0    14
2 13498  74.0146 262.6579 0008127  77.5229 346.5066 14.69535108349330
1 13498U 81041C   25181.67165402  .00001578  00000-0  27114-3 0    10
2 13498  74.0145 261.9767 0008124  76.6059  44.4289 14.69536292349389
1 13498U 81041C   25182.62486302  .00001813  00000-0  31060-3 0    18
2 13498  74.0144 260.1278 0008122  74.1993  47.5523 14.69541292349521
1 13498U 81041C   25183.49085403  .00001700  00000-0  29166-3 0  9019
2 13498  74.0143 258.4479 0008115  72.0023 309.2506 14.69543878353601
1 13498U 81041C   25183.64536391  .00001794  00000-0  30742-3 0    19
2 13498  74.0142 258.1482 0008118  71.5889  46.7405 14.69545076349673
1 13498U 81041C   25183.91719971  .00001822  00000-0  31211-3 0    10
2 13498  74.0142 257.6209 0008116  70.8808  44.9649 14.69546326349719
1 13498U 81041C   25184.31661938  .00001744  00000-0  29899-3 0    16
2 13498  74.0141 256.8461 0008116  69.8859 358.1609 14.69547320349770
1 13498U 81041C   25184.66760787  .00001779  00000-0  30495-3 0    18
2 13498  74.0141 256.1652 0008114  68.9392  55.2006 14.69548891349821
1 13498U 81041C   25185.55104178  .00001820  00000-0  31179-3 0  9020
2 13498  74.0140 254.4516 0008111  66.6774  49.2323 14.69552505353913
1 13498U 81041C   25185.62028771  .00001818  00000-0  31142-3 0    19
2 13498  74.0140 254.3172 0008113  66.4945  55.6018 14.69552770349966
1 13498U 81041C   25185.97109291  .00001776  00000-0  30433-3 0    19
2 13498  74.0139 253.6366 0008111  65.6219 111.6028 14.69553851350017
1 13498U 81041C   25186.64169725  .00001892  00000-0  32391-3 0    16
2 13498  74.0148 252.3356 0008100  63.7830  59.7389 14.69557217350111
1 13498U 81041C   25187.59431771  .00001856  00000-0  31779-3 0    13
2 13498  74.0149 250.4877 0008111  61.3885  59.8041 14.69561078350256
1 13498U 81041C   25187.86667885  .00001708  00000-0  29285-3 0  9036
2 13498  74.0148 249.9593 0008121  60.6590  60.8423 14.69561718354250
1 13498U 81041C   25187.86667885  .00001708  00000-0  29285-3 0    15
2 13498  74.0148 249.9593 0008121  60.6590  60.8423 14.69561718350290
1 13498U 81041C   25188.61531490  .00001717  00000-0  29432-3 0    15
2 13498  74.0148 248.5070 0008128  58.7342  61.7345 14.69564833350402
1 13498U 81041C   25189.41148911  .00001611  00000-0  27658-3 0    17
2 13498  74.0147 246.9627 0008124  56.7563 314.0816 14.69567702350528
1 13498U 81041C   25191.19001671  .00001480  00000-0  25449-3 0  9048
2 13498  74.0136 243.5125 0008169  52.3275   3.8331 14.69572608354736
1 13498U 81041C   25191.61170534  .00001412  00000-0  24295-3 0    11
2 13498  74.0135 242.6945 0008173  51.2222  74.9444 14.69573706350842
1 13498U 81041C   25192.56928941  .00001376  00000-0  23698-3 0    14
2 13498  74.0135 240.8368 0008192  48.7862 101.3581 14.69576825350980
1 13498U 81041C   25192.89163142  .00001406  00000-0  24192-3 0    18
2 13498  74.0134 240.2115 0008200  47.9706   6.8129 14.69578081351031
1 13498U 81041C   25193.23469884  .00001541  00000-0  26473-3 0  9056
2 13498  74.0134 239.5459 0008205  47.1579  21.8693 14.69580029355041
1 13498U 81041C   25193.59102443  .00001483  00000-0  25485-3 0    14
2 13498  74.0133 238.8546 0008213  46.2333 107.1497 14.69580812351132
1 13498U 81041C   25193.91397619  .00001543  00000-0  26494-3 0    19
2 13498  74.0133 238.2281 0008224  45.4381  15.8139 14.69582297351180
1 13498U 81041C   25194.54354031  .00001566  00000-0  26888-3 0    12
2 13498  74.0132 237.0068 0008232  43.8690 106.7135 14.69584470351274
1 13498U 81041C   25194.93471257  .00001502  00000-0  25810-3 0    19
2 13498  74.0131 236.2479 0008246  42.8867  16.3380 14.69585368351332
1 13498U 81041C   25195.56504168  .00001530  00000-0  26273-3 0  9066
2 13498  74.0131 235.0250 0008261  41.2925 111.3147 14.69587486355380
1 13498U 81041C   25195.56504168  .00001530  00000-0  26273-3 0    12
2 13498  74.0131 235.0250 0008261  41.2925 111.3147 14.69587486351421
1 13498U 81041C   25196.51188947  .00001649  00000-0  28283-3 0    15
2 13498  74.0130 233.1881 0008286  38.9645  80.8902 14.69591353351560
1 13498U 81041C   25196.90855053  .00001573  00000-0  26989-3 0    14
2 13498  74.0129 232.4186 0008303  37.9839  19.5486 14.69592213351621
1 13498U 81041C   25197.53912372  .00001626  00000-0  27882-3 0    14
2 13498  74.0129 231.1953 0008320  36.4413 115.7820 14.69594677351717
1 13498U 81041C   25198.20394222  .00001781  00000-0  30489-3 0  9071
2 13498  74.0128 229.9055 0008343  34.8785  33.1438 14.69597942355779
1 13498U 81041C   25198.56101624  .00001670  00000-0  28631-3 0    10
2 13498  74.0128 229.2128 0008353  33.9688 122.3895 14.69598557351863
1 13498U 81041C   25198.88356472  .00001709  00000-0  29285-3 0    17
2 13498  74.0128 228.5870 0008363  33.2091  28.9052 14.69599975351918
1 13498U 81041C   25199.51289184  .00001774  00000-0  30369-3 0    10
2 13498  74.0127 227.3661 0008379  31.6384 118.5929 14.69602556352006
1 13498U 81041C   25199.83562542  .00001847  00000-0  31602-3 0    19
2 13498  74.0127 226.7399 0008390  30.8556  26.1162 14.69604262352056
1 13498U 81041C   25200.53508803  .00001821  00000-0  31161-3 0  9087
2 13498  74.0127 225.3829 0008416  29.2011 126.7996 14.69606604356111
1 13498U 81041C   25200.81135721  .00001822  00000-0  31172-3 0    10
2 13498  74.0127 224.8469 0008432  28.5639 148.4576 14.69607647352198
1 13498U 81041C   25201.48709506  .00001849  00000-0  31630-3 0    10
2 13498  74.0127 223.5359 0008447  26.8976 123.6997 14.69610456352298
1 13498U 81041C   25201.87813975  .00001886  00000-0  32237-3 0    14
2 13498  74.0127 222.7772 0008460  25.9911  32.6125 14.69612236352359
1 13498U 81041C   25202.50298954  .00001999  00000-0  34138-3 0    16
2 13498  74.0126 221.5649 0008479  24.5056  98.5649 14.69615235352447
1 13498U 81041C   25202.83113753  .00002002  00000-0  34193-3 0  9099
2 13498  74.0127 220.9283 0008493  23.7737  34.6845 14.69616644356446
1 13498U 81041C   25202.83113753  .00002002  00000-0  34193-3 0    12
2 13498  74.0127 220.9283 0008493  23.7737  34.6845 14.69616644352497
1 13498U 81041C   25203.45464997  .00002156  00000-0  36769-3 0    11
2 13498  74.0127 219.7185 0008514  22.3013  93.5617 14.69620016352589
1 13498U 81041C   25204.48263961  .00002858  00000-0  48554-3 0    17
2 13498  74.0132 217.7242 0008546  19.7526 132.5851 14.69626725352735
1 13498U 81041C   25204.80544409  .00002871  00000-0  48779-3 0    16
2 13498  74.0131 217.0979 0008560  18.9997  40.4788 14.69628455352786
1 13498U 81041C   25205.14894323  .00002876  00000-0  48857-3 0  9108
2 13498  74.0130 216.4314 0008572  18.1912  57.8740 14.69630376356793
1 13498U 81041C   25205.50434456  .00002798  00000-0  47543-3 0    10
2 13498  74.0130 215.7419 0008587  17.3487 138.2487 14.69631947352888
1 13498U 81041C   25205.82732514  .00002916  00000-0  49524-3 0    14
2 13498  74.0130 215.1152 0008599  16.6062  47.0716 14.69634267352936
1 13498U 81041C   25206.45634370  .00002704  00000-0  45954-3 0    13
2 13498  74.0130 213.8948 0008627  15.2009 135.0400 14.69637173353020
1 13498U 81041C   25206.77856480  .00002701  00000-0  45908-3 0    12
2 13498  74.0130 213.2697 0008640  14.5153  39.7952 14.69639142353077
1 13498U 81041C   25207.47800907  .00002740  00000-0  46553-3 0  9113
2 13498  74.0130 211.9125 0008664  12.8551 140.4804 14.69643458357139
1 13498U 81041C   25207.80091429  .00002785  00000-0  47305-3 0    16
2 13498  74.0131 211.2860 0008679  12.1076  48.9221 14.69645517353229
1 13498U 81041C   25208.42533652  .00002715  00000-0  46127-3 0    18
2 13498  74.0132 210.0745 0008705  10.7197 112.5935 14.69649048353310
1 13498U 81041C   25208.77579304  .00002851  00000-0  48404-3 0    11
2 13498  74.0132 209.3945 0008725   9.9377 166.7830 14.69651518353360
1 13498U 81041C   25209.45185701  .00002650  00000-0  45036-3 0    16
2 13498  74.0134 208.0827 0008742   8.6024 143.5229 14.69654625353469
1 13498U 81041C   25209.77452898  .00002667  00000-0  45324-3 0  9124
2 13498  74.0134 207.4567 0008756   7.8420  50.7567 14.69656493357462
1 13498U 81041C   25210.46776267  .00002974  00000-0  50458-3 0    15
2 13498  74.0136 206.1116 0008781   6.2371 118.5856 14.69661474353618
1 13498U 81041C   25210.79538628  .00002938  00000-0  49865-3 0    18
2 13498  74.0137 205.4759 0008795   5.5019  51.9879 14.69663158353661
1 13498U 81041C   25211.42561910  .00003074  00000-0  52142-3 0    13
2 13498  74.0138 204.2530 0008820   4.0905 146.4509 14.69667261353752
1 13498U 81041C   25211.74866174  .00003184  00000-0  53968-3 0    17
2 13498  74.0139 203.6263 0008832   3.4446  55.5447 14.69669534353807
1 13498U 81041C   25212.09169352  .00003323  00000-0  56311-3 0  9132
2 13498  74.0138 202.9607 0008840   2.7873  70.3695 14.69672272357813
1 13498U 81041C   25212.44231466  .00003207  00000-0  54364-3 0    12
2 13498  74.0139 202.2804 0008848   1.9765 125.4854 14.69673992353900
1 13498U 81041C   25212.96867412  .00003237  00000-0  54860-3 0    19
2 13498  74.0139 201.2591 0008875   0.8511  30.3382 14.69677595353980
1 13498U 81041C   25213.39958830  .00003286  00000-0  55672-3 0    18
2 13498  74.0140 200.4230 0008891 359.8784 150.2669 14.69680548354040
1 13498U 81041C   25213.79195286  .00003160  00000-0  53562-3 0    17
2 13498  74.0140 199.6618 0008906 359.0533  66.1761 14.69682789354104
1 13498U 81041C   25214.14366660  .00003286  00000-0  55674-3 0  9141
2 13498  74.0141 198.9794 0008917 358.2995 127.0305 14.69685717358117
1 13498U 81041C   25214.42125236  .00003243  00000-0  54941-3 0    10
2 13498  74.0142 198.4409 0008925 357.6282 155.7640 14.69687606354190
1 13498U 81041C   25215.37371553  .00003138  00000-0  53174-3 0    10
2 13498  74.0140 196.5927 0008954 355.5773 155.1029 14.69693528354337
1 13498U 81041C   25215.76469507  .00002834  00000-0  48079-3 0    10
2 13498  74.0141 195.8341 0008975 354.7688  63.6870 14.69695270354398
1 13498U 81041C   25216.39495284  .00002979  00000-0  50495-3 0  9150
2 13498  74.0140 194.6112 0008987 353.4580 158.2548 14.69699346358441
1 13498U 81041C   25216.39495284  .00002979  00000-0  50495-3 0    16
2 13498  74.0140 194.6112 0008987 353.4580 158.2548 14.69699346354481
1 13498U 81041C   25216.91634205  .00002914  00000-0  49412-3 0    18
2 13498  74.0141 193.5996 0009001 352.4252  36.7756 14.69702398354565
1 13498U 81041C   25217.34894668  .00002905  00000-0  49248-3 0    14
2 13498  74.0140 192.7602 0009016 351.5147 165.6207 14.69704913354623
1 13498U 81041C   25218.96355100  .00002844  00000-0  48226-3 0 88828
2 13498  74.0142 189.6274 0009071 348.2382  68.1539 14.69713885354869
1 13498U 81041C   25219.38543862  .00002694  00000-0  45707-3 0 88867
2 13498  74.0144 188.8088 0009083 347.3139 140.3491 14.69715649354925
1 13498U 81041C   25219.91212101  .00002821  00000-0  47836-3 0    13
2 13498  74.0144 187.7869 0009100 346.2705  46.9039 14.69718834355005
1 13498U 81041C   25219.91212101  .00002821  00000-0  47836-3 0  9203
2 13498  74.0144 187.7869 0009100 346.2705  46.9039 14.69718834358952
1 13498U 81041C   25220.60887910  .00002653  00000-0  45009-3 0    10
2 13498  74.0147 186.4350 0009135 344.7585 133.4291 14.69721816355103
1 13498U 81041C   25221.36423190  .00003025  00000-0  51234-3 0    11
2 13498  74.0148 184.9693 0009175 343.0790 170.0340 14.69727414355215
1 13498U 81041C   25222.15491240  .00003865  00000-0  65293-3 0  9213
2 13498  74.0151 183.4352 0009229 341.4127  33.4850 14.69735211359284
1 13498U 81041C   25222.31694497  .00003507  00000-0  59297-3 0    19
2 13498  74.0151 183.1208 0009222 341.0889 170.7725 14.69734931355353
1 13498U 81041C   25222.98144355  .00003588  00000-0  60652-3 0    11
2 13498  74.0152 181.8315 0009238 339.6854  86.6168 14.69739664355455
1 13498U 81041C   25223.33791608  .00003567  00000-0  60295-3 0    10
2 13498  74.0153 181.1398 0009253 338.9553 172.6844 14.69741950355509
1 13498U 81041C   25223.93406741  .00003255  00000-0  55064-3 0    19
2 13498  74.0154 179.9831 0009271 337.7479  86.8708 14.69745576355593
1 13498U 81041C   25224.29170333  .00003456  00000-0  58436-3 0  9225
2 13498  74.0154 179.2891 0009262 337.0979 179.0195 14.69748478359605
1 13498U 81041C   25224.63639333  .00003397  00000-0  57442-3 0    11
2 13498  74.0157 178.6204 0009272 336.5463 202.6034 14.69750569355696
1 13498U 81041C   25224.68245693  .00003350  00000-0  56649-3 0    15
2 13498  74.0154 178.5310 0009277 336.3377  86.4392 14.69750896355707
1 13498U 81041C   25225.31164449  .00003438  00000-0  58114-3 0    11
2 13498  74.0157 177.3102 0009300 335.0634 175.4359 14.69755330355794
1 13498U 81041C   25225.97668491  .00003011  00000-0  50964-3 0    11
2 13498  74.0157 176.0198 0009319 333.6971  94.1553 14.69758531355893
1 13498U 81041C   25226.32757487  .00003216  00000-0  54397-3 0    16
2 13498  74.0155 175.3389 0009318 333.0682 150.6214 14.69761192355942
1 13498U 81041C   25226.85461957  .00003129  00000-0  52930-3 0    12
2 13498  74.0155 174.3164 0009319 331.9972  59.2078 14.69764333356024
1 13498U 81041C   25227.28554432  .00003042  00000-0  51478-3 0    11
2 13498  74.0154 173.4802 0009326 331.1981 179.1526 14.69766729356089
1 13498U 81041C   25226.65498922  .00003202  00000-0  54167-3 0  9231
2 13498  74.0155 174.7037 0009314 332.3843  82.9843 14.69763258359946
1 13498U 81041C   25227.95033339  .00002872  00000-0  48630-3 0    19
2 13498  74.0154 172.1902 0009332 329.9538  96.4508 14.69770453356187
1 13498U 81041C   25228.30703589  .00002816  00000-0  47697-3 0    10
2 13498  74.0154 171.4981 0009342 329.2770 183.7228 14.69772471356235
1 13498U 81041C   25229.09764354  .00002794  00000-0  47321-3 0  9247
2 13498  74.0154 169.9642 0009354 327.5312  46.9925 14.69777201360300
1 13498U 81041C   25229.25955721  .00002765  00000-0  46836-3 0    19
2 13498  74.0154 169.6501 0009362 327.2153 183.6700 14.69777947356379
1 13498U 81041C   25229.92453185  .00002775  00000-0  46989-3 0    10
2 13498  74.0155 168.3598 0009375 325.8724 102.0751 14.69781828356479
1 13498U 81041C   25230.28079778  .00002682  00000-0  45430-3 0    10
2 13498  74.0155 167.6685 0009392 325.1253 187.1196 14.69783232356521
1 13498U 81041C   25230.87533095  .00002773  00000-0  46962-3 0    14
2 13498  74.0155 166.5150 0009406 323.9500  92.8017 14.69786836356610
1 13498U 81041C   25231.22847094  .00002618  00000-0  44362-3 0  9256
2 13498  74.0156 165.8297 0009437 323.1366 161.3855 14.69787937360622
1 13498U 81041C   25231.30317369  .00002630  00000-0  44560-3 0    11
2 13498  74.0156 165.6847 0009440 322.9883 196.6401 14.69788367356672
1 13498U 81041C   25231.89876402  .00002944  00000-0  49802-3 0    15
2 13498  74.0157 164.5291 0009448 321.8138 107.9249 14.69792631356767
1 13498U 81041C   25232.25560825  .00002924  00000-0  49467-3 0    10
2 13498  74.0158 163.8368 0009448 321.1351 195.9752 14.69794444356811
1 13498U 81041C   25232.92036632  .00002708  00000-0  45853-3 0    13
2 13498  74.0160 162.5467 0009450 319.8459 113.2170 14.69797327356917
1 13498U 81041C   25234.22804846  .00002501  00000-0  42394-3 0 89440
2 13498  74.0162 160.0093 0009480 317.3198 192.1924 14.69803707357108
1 13498U 81041C   25235.92378600  .00002344  00000-0  39761-3 0 89496
2 13498  74.0163 156.7188 0009525 314.0244 164.4406 14.69811778357353
1 13498U 81041C   25236.59330630  .00002469  00000-0  41837-3 0 89519
2 13498  74.0163 155.4196 0009535 312.7399 106.9090 14.69815261357457
1 13498U 81041C   25236.86638994  .00002627  00000-0  44487-3 0 89535
2 13498  74.0163 154.8897 0009542 312.1984 111.8297 14.69817105357497
1 13498U 81041C   25237.21741618  .00002603  00000-0  44082-3 0 89572
2 13498  74.0162 154.2086 0009553 311.5041 169.1541 14.69818625357541
1 13498U 81041C   25237.88971391  .00002957  00000-0  49986-3 0 89590
2 13498  74.0162 152.9039 0009554 310.1433 126.4082 14.69823355357648
1 13498U 81041C   25238.52171608  .00003062  00000-0  51747-3 0 89603
2 13498  74.0160 151.6778 0009558 308.7806 230.5427 14.69827157357737
1 13498U 81041C   25238.83985796  .00003083  00000-0  52087-3 0 89610
2 13498  74.0159 151.0604 0009558 308.1512 113.8847 14.69829115357785
1 13498U 81041C   25239.19726863  .00003472  00000-0  58581-3 0 89637
2 13498  74.0159 150.3668 0009562 307.5026 204.9489 14.69832418357835
1 13498U 81041C   25239.86207910  .00003865  00000-0  65145-3 0 89650
2 13498  74.0158 149.0766 0009570 306.1892 122.5870 14.69838168357931
1 13498U 81041C   25240.21996012  .00003889  00000-0  65533-3 0 89667
2 13498  74.0158 148.3821 0009579 305.4889 216.2009 14.69840690357985
1 13498U 81041C   25240.89262556  .00004392  00000-0  73936-3 0 89688
2 13498  74.0158 147.0767 0009587 304.1313 175.4501 14.69846942358088
1 13498U 81041C   25241.17070587  .00004270  00000-0  71882-3 0 89695
2 13498  74.0158 146.5370 0009594 303.5951 206.8263 14.69849108358127
1 13498U 81041C   25241.91430170  .00004297  00000-0  72330-3 0 89738
2 13498  74.0158 145.0941 0009596 301.9979 181.5097 14.69855906358238
1 13498U 81041C   25242.11889161  .00004260  00000-0  71709-3 0 89749
2 13498  74.0158 144.6971 0009596 301.5987 184.0450 14.69857604358262
1 13498U 81041C   25242.86682414  .00005020  00000-0  84380-3 0 89770
2 13498  74.0158 143.2456 0009598 300.0816 181.6111 14.69866451358371
1 13498U 81041C   25243.14556725  .00004991  00000-0  83889-3 0 89787
2 13498  74.0158 142.7047 0009603 299.5540 216.5026 14.69868981358412
1 13498U 81041C   25243.53552719  .00005150  00000-0  86527-3 0 89802
2 13498  74.0158 141.9478 0009603 298.7540 119.9343 14.69873168358479
1 13498U 81041C   25243.74095674  .00005134  00000-0  86263-3 0 89817
2 13498  74.0158 141.5491 0009595 298.2551 127.0230 14.69875287358500
1 13498U 81041C   25244.16559851  .00005306  00000-0  89119-3 0 89832
2 13498  74.0158 140.7251 0009610 297.4930 213.8682 14.69879476358560
1 13498U 81041C   25244.83053316  .00005942  00000-0  99716-3 0 89842
2 13498  74.0158 139.4347 0009612 296.1121 132.3430 14.69887397358669
1 13498U 81041C   25245.51024868  .00006684  00000-0  11206-2 0 89861
2 13498  74.0160 138.1156 0009616 294.8162 128.9356 14.69895758358769
1 13498U 81041C   25245.86127073  .00006707  00000-0  11243-2 0 89880
2 13498  74.0160 137.4343 0009622 294.1822 186.2791 14.69900110358817
1 13498U 81041C   25246.13955878  .00006818  00000-0  11427-2 0 89903
2 13498  74.0161 136.8942 0009619 293.6522 218.8004 14.69903822358859
1 13498U 81041C   25246.80463852  .00006232  00000-0  10449-2 0 89928
2 13498  74.0161 135.6034 0009618 292.3701 138.0053 14.69911268358953
1 13498U 81041C   25247.16089796  .00004859  00000-0  81603-3 0 89945
2 13498  74.0161 134.9120 0009607 291.6544 223.1524 14.69913040359002
1 13498U 81041C   25247.75496130  .00004626  00000-0  77710-3 0 89962
2 13498  74.0161 133.7589 0009649 290.4926 126.6174 14.69919163359094
1 13498U 81041C   25248.11290427  .00004288  00000-0  72064-3 0 89976
2 13498  74.0160 133.0642 0009640 289.7389 220.7187 14.69922093359143
1 13498U 81041C   25248.50504296  .00003965  00000-0  66687-3 0 89987
2 13498  74.0161 132.3030 0009636 288.9772 135.7093 14.69924456359202
1 13498U 81041C   25248.77729838  .00004111  00000-0  69116-3 0 90006
2 13498  74.0160 131.7746 0009640 288.4712 136.3212 14.69926971359240
1 13498U 81041C   25249.13422417  .00004032  00000-0  67793-3 0 90012
2 13498  74.0159 131.0818 0009626 287.7545 225.0147 14.69929673359291
1 13498U 81041C   25249.92402659  .00004641  00000-0  77926-3 0 90054
2 13498  74.0155 129.5489 0009622 286.1090  84.3738 14.69937479359416
1 13498U 81041C   25250.08091792  .00004730  00000-0  79403-3 0 90067
2 13498  74.0154 129.2444 0009619 285.8368 194.5364 14.69939115359433
1 13498U 81041C   25250.94584630  .00003243  00000-0  54630-3 0 90108
2 13498  74.0151 127.5654 0009615 284.1254  91.3641 14.69942114359565
1 13498U 81041C   25251.10762771  .00003216  00000-0  54178-3 0 90120
2 13498  74.0151 127.2514 0009617 283.8359 227.4132 14.69943254359586
1 13498U 81041C   25251.43051155  .00003043  00000-0  51278-3 0 90130
2 13498  74.0150 126.6246 0009608 283.2209 135.9578 14.69945180359631
1 13498U 81041C   25251.85137097  .00002492  00000-0  42098-3 0 90166
2 13498  74.0149 125.8077 0009626 282.4159 202.9470 14.69946604359691
1 13498U 81041C   25252.05386135  .00002467  00000-0  41678-3 0 90174
2 13498  74.0148 125.4146 0009630 282.0561 194.4040 14.69947757359723
1 13498U 81041C   25252.45197154  .00002253  00000-0  38122-3 0 90183
2 13498  74.0146 124.6417 0009634 281.3228 140.9909 14.69949504359787
1 13498U 81041C   25252.92048635  .00002464  00000-0  41634-3 0 90203
2 13498  74.0144 123.7322 0009647 280.3795 100.2051 14.69952094359855
1 13498U 81041C   25253.74576299  .00001989  00000-0  33717-3 0 90222
2 13498  74.0142 122.1302 0009641 278.8107 147.1923 14.69954920359978
1 13498U 81041C   25254.77677203  .00002074  00000-0  35121-3 0 90253
2 13498  74.0142 120.1288 0009631 276.8163 202.8715 14.69959961360125
1 13498U 81041C   25255.44585446  .00001742  00000-0  29583-3 0 90273
2 13498  74.0140 118.8299 0009620 275.5550 143.3554 14.69961603360220
1 13498U 81041C   25256.07603748  .00001676  00000-0  28484-3 0 90285
2 13498  74.0141 117.6066 0009611 274.3525 238.0230 14.69964010360317
1 13498U 81041C   25256.94374137  .00001905  00000-0  32295-3 0 90323
2 13498  74.0141 115.9222 0009606 272.6335 149.6241 14.69968060360448
1 13498U 81041C   25257.02866812  .00001907  00000-0  32334-3 0 90336
2 13498  74.0141 115.7574 0009609 272.4867 239.0074 14.69968398360450
1 13498U 81041C   25257.37422513  .00001880  00000-0  31884-3 0 90340
2 13498  74.0140 115.0865 0009597 271.8300 267.5553 14.69969566360508
1 13498U 81041C   25257.97546647  .00002040  00000-0  34545-3 0 90370
2 13498  74.0140 113.9194 0009596 270.6318 209.1424 14.69972379360599
1 13498U 81041C   25258.37243166  .00003852  00000-0  64716-3 0 90381
2 13498  74.0140 113.1487 0009590 269.8600 149.7627 14.69981319360659
1 13498U 81041C   25258.71543503  .00002542  00000-0  42907-3 0 90403
2 13498  74.0140 112.4829 0009589 269.2018 164.7994 14.69977427360701
1 13498U 81041C   25259.07152337  .00002578  00000-0  43506-3 0    17
2 13498  74.0139 111.7915 0009584 268.4934 249.1188 14.69979214360754
1 13498U 81041C   25259.34791598  .00002774  00000-0  46759-3 0    16
2 13498  74.0139 111.2550 0009557 267.8789 271.7770 14.69981149360797
1 13498U 81041C   25260.01794854  .00002648  00000-0  44656-3 0    14
2 13498  74.0138 109.9542 0009551 266.5316 217.4245 14.69984080360899
1 13498U 81041C   25260.96922029  .00002588  00000-0  43666-3 0    18
2 13498  74.0137 108.1073 0009538 264.6406 211.3150 14.69989043361031
1 13498U 81041C   25261.03911993  .00002578  00000-0  43496-3 0    15
2 13498  74.0136 107.9716 0009540 264.5206 221.1880 14.69989404361042
1 13498U 81041C   25261.99248112  .00002578  00000-0  43492-3 0    12
2 13498  74.0134 106.1207 0009530 262.6803 226.0996 14.69994595361181
1 13498U 81041C   25262.59214039  .00002520  00000-0  42512-3 0    19
2 13498  74.0133 104.9565 0009541 261.7629 159.0893 14.69997442361276
1 13498U 81041C   25262.93377610  .00002784  00000-0  46919-3 0    19
2 13498  74.0132 104.2931 0009540 261.0348 167.0024 14.69999873361326
1 13498U 81041C   25263.01754328  .00002795  00000-0  47091-3 0    18
2 13498  74.0132 104.1304 0009538 260.8638 250.2857 14.70000357361337
1 13498U 81041C   25263.96444766  .00003473  00000-0  58368-3 0    17
2 13498  74.0130 102.2919 0009553 259.1319 220.9680 14.70007294361470
1 13498U 81041C   25264.63517225  .00003981  00000-0  66807-3 0    14
2 13498  74.0128 100.9897 0009547 257.9004 170.2245 14.70012871361579
1 13498U 81041C   25264.98495311  .00004610  00000-0  77267-3 0    15
2 13498  74.0128 100.3105 0009545 257.2513 221.1632 14.70017024361628
1 13498U 81041C   25265.58575346  .00004726  00000-0  79192-3 0    16
2 13498  74.0127  99.1439 0009544 256.1532 160.4175 14.70021877361718
1 13498U 81041C   25265.73484344  .00004844  00000-0  81156-3 0    14
2 13498  74.0128  98.8545 0009538 255.7934 229.4462 14.70023399361735
1 13498U 81041C   25266.00722104  .00006026  00000-0  10079-2 0    13
2 13498  74.0129  98.3256 0009534 255.3771 230.7096 14.70027455361770
1 13498U 81041C   25266.95913218  .00006395  00000-0  10690-2 0   709
2 13498  74.0130  96.4773 0009528 253.6539 227.9703 14.70038790361914
1 13498U 81041C   25267.97984037  .00005965  00000-0  99724-3 0   741
2 13498  74.0133  94.4953 0009512 251.6559 229.4799 14.70050264362067
1 13498U 81041C   25269.28318899  .00006179  00000-0  10325-2 0    11
2 13498  74.0136  91.9647 0009501 249.4197 286.4559 14.70066737362253
1 13498U 81041C   25269.53364101  .00005876  00000-0  98209-3 0   297
2 13498  74.0137  91.4784 0009491 248.9600 171.8188 14.70069093362299
1 13498U 81041C   25269.95915042  .00005871  00000-0  98109-3 0    13
2 13498  74.0139  90.6523 0009487 248.1666 263.5857 14.70074296362352
1 13498U 81041C   25270.48037365  .00006086  00000-0  10167-2 0    12
2 13498  74.0140  89.6403 0009475 247.2349 141.8326 14.70080678362433
1 13498U 81041C   25270.91273486  .00006153  00000-0  10277-2 0    13
2 13498  74.0140  88.8007 0009499 246.2388 270.0650 14.70085890362494
1 13498U 81041C   25271.92690203  .00007304  00000-0  12182-2 0    11
2 13498  74.0139  86.8317 0009451 244.5802 236.8136 14.70101138362644
1 13498U 81041C   25272.60545558  .00008483  00000-0  14134-2 0   398
2 13498  74.0140  85.5140 0009433 243.2929 227.7795 14.70113061362741
1 13498U 81041C   25272.60545558  .00008483  00000-0  14134-2 0   961
2 13498  74.0140  85.5140 0009433 243.2929 227.7795 14.70113061362741
1 13498U 81041C   25273.47501119  .00009709  00000-0  16159-2 0   413
2 13498  74.0140  83.8255 0009423 241.7370 149.5049 14.70132004362876
1 13498U 81041C   25273.62783956  .00009581  00000-0  15945-2 0  1018
2 13498  74.0140  83.5285 0009415 241.5107 238.2376 14.70134813362894
1 13498U 81041C   25273.62783955  .00009581  00000-0  15945-2 0   421
2 13498  74.0140  83.5285 0009415 241.5107 238.2376 14.70134813362894
1 13498U 81041C   25273.90584516  .00009053  00000-0  15069-2 0   436
2 13498  74.0139  82.9886 0009411 240.9350 269.5490 14.70139863362930
1 13498U 81041C   25274.22772858  .00010144  00000-0  16873-2 0  1034
2 13498  74.0140  82.3635 0009394 240.3749 172.9811 14.70148848362986
1 13498U 81041C   25274.22772858  .00010144  00000-0  16873-2 0   448
2 13498  74.0140  82.3635 0009394 240.3748 172.9811 14.70148848362985
1 13498U 81041C   25274.57919648  .00009620  00000-0  16002-2 0   458
2 13498  74.0139  81.6808 0009423 239.7700 232.9779 14.70155833363039
1 13498U 81041C   25274.92101544  .00009648  00000-0  16047-2 0  1062
2 13498  74.0139  81.0172 0009372 239.2973 241.8049 14.70163141363082
1 13498U 81041C   25274.92101544  .00009648  00000-0  16047-2 0   465
2 13498  74.0139  81.0172 0009372 239.2973 241.8049 14.70163141363082
1 13498U 81041C   25275.60125499  .00009365  00000-0  15574-2 0  1096
2 13498  74.0140  79.6961 0009361 238.0578 241.7956 14.70176016363181
1 13498U 81041C   25275.60125499  .00009365  00000-0  15574-2 0   477
2 13498  74.0140  79.6961 0009361 238.0578 241.7956 14.70176016363181
1 13498U 81041C   25275.87475981  .00007926  00000-0  13190-2 0  1104
2 13498  74.0139  79.1649 0009343 237.5366 249.2787 14.70179013363226
1 13498U 81041C   25276.27024485  .00009965  00000-0  16562-2 0  1110
2 13498  74.0138  78.3967 0009325 236.8510 182.2666 14.70188230363281
1 13498U 81041C   25277.49576411  .00006574  00000-0  10947-2 0   490
2 13498  74.0137  76.0164 0009287 234.5833 188.1513 14.70202306363461
1 13498U 81041C   25277.69022159  .00006718  00000-0  11184-2 0   503
2 13498  74.0138  75.6387 0009295 234.2679 137.2517 14.70204858363494
1 13498U 81041C   25278.44975316  .00005665  00000-0  94389-3 0   519
2 13498  74.0139  74.1635 0009273 232.9184 196.9495 14.70213345363608
1 13498U 81041C   25279.46873410  .00004902  00000-0  81744-3 0   530
2 13498  74.0141  72.1843 0009248 231.0951 189.7850 14.70222751363756
1 13498U 81041C   25279.46873410  .00004902  00000-0  81744-3 0  1227
2 13498  74.0141  72.1843 0009248 231.0951 189.7850 14.70222751363756
1 13498U 81041C   25279.61692936  .00005093  00000-0  84911-3 0  1238
2 13498  74.0142  71.8965 0009241 230.8290 254.0945 14.70224564363771
1 13498U 81041C   25280.21753795  .00005074  00000-0  84578-3 0  1246
2 13498  74.0144  70.7300 0009234 229.7343 192.7856 14.70230610363860
1 13498U 81041C   25280.41572256  .00005160  00000-0  86005-3 0  1253
2 13498  74.0145  70.3451 0009221 229.3878 161.6556 14.70232818363896
1 13498U 81041C   25281.23862138  .00005644  00000-0  93990-3 0  1264
2 13498  74.0148  68.7470 0009193 227.9048 196.8205 14.70242630364011
1 13498U 81041C   25281.51058343  .00005500  00000-0  91604-3 0   563
2 13498  74.0150  68.2188 0009169 227.4105 196.1801 14.70245388364059
1 13498U 81041C   25281.51058343  .00005500  00000-0  91604-3 0    13
2 13498  74.0150  68.2188 0009169 227.4105 196.1801 14.70245388364059
1 13498U 81041C   25281.86761534  .00005521  00000-0  91935-3 0   575
2 13498  74.0153  67.5255 0009146 226.7172 285.8220 14.70249588364103
1 13498U 81041C   25281.86761534  .00005521  00000-0  91935-3 0  1284
2 13498  74.0153  67.5255 0009146 226.7172 285.8220 14.70249588364103
1 13498U 81041C   25282.18984912  .00004794  00000-0  79910-3 0   589
2 13498  74.0154  66.8998 0009138 226.1279 191.2570 14.70251610364155
1 13498U 81041C   25282.18984913  .00004794  00000-0  79910-3 0  1299
2 13498  74.0154  66.8998 0009138 226.1279 191.2570 14.70251610364155
1 13498U 81041C   25282.53283141  .00004594  00000-0  76590-3 0  1326
2 13498  74.0155  66.2337 0009111 225.5075 206.5011 14.70255038364209
1 13498U 81041C   25282.53283140  .00004594  00000-0  76590-3 0   593
2 13498  74.0155  66.2337 0009111 225.5075 206.5011 14.70255038364209
1 13498U 81041C   25282.82000593  .00004360  00000-0  72721-3 0   609
2 13498  74.0155  65.6759 0009114 225.0032 286.3684 14.70257549364246
1 13498U 81041C   25282.82000593  .00004360  00000-0  72721-3 0  1330
2 13498  74.0155  65.6759 0009114 225.0032 286.3685 14.70257549364247
1 13498U 81041C   25283.21060093  .00004638  00000-0  77315-3 0  1348
2 13498  74.0156  64.9174 0009106 224.3639 193.5467 14.70261974364308
1 13498U 81041C   25283.48429675  .00004613  00000-0  76893-3 0   614
2 13498  74.0156  64.3859 0009091 223.9587 202.0093 14.70264641364341
1 13498U 81041C   25283.84087257  .00004429  00000-0  73850-3 0   626
2 13498  74.0156  63.6934 0009090 223.1922 289.3351 14.70267654364398
1 13498U 81041C   25283.84087257  .00004429  00000-0  73850-3 0  1391
2 13498  74.0156  63.6934 0009090 223.1922 289.3351 14.70267654364398
1 13498U 81041C   25284.86276189  .00005267  00000-0  87677-3 0  1436
2 13498  74.0157  61.7087 0009042 221.3085 297.8207 14.70278995364545
1 13498U 81041C   25285.13881959  .00005482  00000-0  91230-3 0  1444
2 13498  74.0158  61.1727 0009033 220.7832 318.9172 14.70282172364586
1 13498U 81041C   25285.65294955  .00006003  00000-0  99828-3 0  1479
2 13498  74.0159  60.1741 0008980 219.6853 160.1929 14.70289130364669
1 13498U 81041C   25285.81370000  .00005928  00000-0  98579-3 0  1481
2 13498  74.0157  59.8618 0008987 219.4136 290.9709 14.70290885364683
1 13498U 81041C   25286.15892211  .00006528  00000-0  10848-2 0  1492
2 13498  74.0157  59.1914 0008974 218.8224 318.0860 14.70296191364734
1 13498U 81041C   25286.47802947  .00006336  00000-0  10529-2 0  1510
2 13498  74.0156  58.5716 0008950 218.1921 207.0746 14.70299922364787
1 13498U 81041C   25286.83501451  .00005603  00000-0  93178-3 0  1525
2 13498  74.0157  57.8782 0008936 217.4698 296.5656 14.70302909364839
1 13498U 81041C   25287.15790977  .00005570  00000-0  92622-3 0  1542
2 13498  74.0157  57.2511 0008926 216.9192 205.5247 14.70306600364888
1 13498U 81041C   25287.78694354  .00004835  00000-0  80468-3 0  1574
2 13498  74.0157  56.0293 0008892 215.7164 294.8962 14.70312493364972
1 13498U 81041C   25288.64585507  .00005166  00000-0  85931-3 0  1623
2 13498  74.0156  54.3608 0008863 214.2158 160.8547 14.70321938365108
1 13498U 81041C   25288.80782777  .00005238  00000-0  87110-3 0   764
2 13498  74.0155  54.0462 0008861 213.9251 298.1377 14.70323750365122
1 13498U 81041C   25288.80782777  .00005238  00000-0  87110-3 0  1631
2 13498  74.0155  54.0462 0008861 213.9251 298.1377 14.70323750365122
1 13498U 81041C   25289.13029586  .00005038  00000-0  83800-3 0   774
2 13498  74.0156  53.4198 0008845 213.3146 204.9170 14.70325977365175
1 13498U 81041C   25289.48183553  .00005194  00000-0  86368-3 0  1661
2 13498  74.0156  52.7370 0008822 212.7631 265.4588 14.70329576365226
1 13498U 81041C   25289.48183552  .00005194  00000-0  86368-3 0   782
2 13498  74.0156  52.7370 0008822 212.7631 265.4588 14.70329576365226
1 13498U 81041C   25290.78109330  .00006259  00000-0  10392-2 0   796
2 13498  74.0160  50.2133 0008760 210.4984 302.1184 14.70345265365413
1 13498U 81041C   25290.78109330  .00006259  00000-0  10392-2 0  1720
2 13498  74.0160  50.2133 0008760 210.4984 302.1184 14.70345265365413
1 13498U 81041C   25291.10341997  .00006814  00000-0  11307-2 0   806
2 13498  74.0161  49.5873 0008742 209.8829 208.1820 14.70350229365469
1 13498U 81041C   25291.30179108  .00006263  00000-0  10397-2 0  1741
2 13498  74.0162  49.2019 0008729 209.5258 178.1287 14.70350119365491
1 13498U 81041C   25291.80284594  .00007104  00000-0  11783-2 0  1770
2 13498  74.0164  48.2287 0008691 208.4483 310.3295 14.70358372365561
1 13498U 81041C   25292.32307167  .00008999  00000-0  14903-2 0  1804
2 13498  74.0166  47.2183 0008646 207.4147 183.9399 14.70370025365640
1 13498U 81041C   25292.75379531  .00007777  00000-0  12888-2 0  1842
2 13498  74.0168  46.3818 0008645 206.6156 303.7571 14.70374216365704
1 13498U 81041C   25293.14592713  .00007748  00000-0  12839-2 0   860
2 13498  74.0170  45.6202 0008611 205.8501 219.3574 14.70380619365769
1 13498U 81041C   25293.14592714  .00007748  00000-0  12839-2 0  1851
2 13498  74.0170  45.6202 0008611 205.8501 219.3574 14.70380619365769
1 13498U 81041C   25293.61280178  .00007072  00000-0  11723-2 0  1885
2 13498  74.0172  44.7135 0008588 205.0455 170.4841 14.70386857365831
1 13498U 81041C   25293.77489122  .00007001  00000-0  11605-2 0  1906
2 13498  74.0173  44.3987 0008577 204.8673 308.3106 14.70389291365853
1 13498U 81041C   25294.56515756  .00006126  00000-0  10161-2 0  1955
2 13498  74.0176  42.8640 0008543 203.1985 171.4552 14.70398378365979
1 13498U 81041C   25294.72144225  .00006164  00000-0  10223-2 0   918
2 13498  74.0176  42.5605 0008531 202.8968 278.6973 14.70400444365998
1 13498U 81041C   25294.72144225  .00006164  00000-0  10223-2 0  1964
2 13498  74.0176  42.5605 0008531 202.8968 278.6973 14.70400444365998
1 13498U 81041C   25295.11798617  .00005764  00000-0  95625-3 0   928
2 13498  74.0177  41.7903 0008494 202.0721 217.7370 14.70404595366052
1 13498U 81041C   25295.39060108  .00005358  00000-0  88933-3 0   939
2 13498  74.0176  41.2608 0008478 201.5285 220.7590 14.70406976366096
1 13498U 81041C   25295.31672319  .00005387  00000-0  89413-3 0  1997
2 13498  74.0177  41.4043 0008486 201.6555 189.7245 14.70406546366085
1 13498U 81041C   25295.74775542  .00005156  00000-0  85591-3 0   947
2 13498  74.0176  40.5672 0008457 200.7895 311.3004 14.70410489366141
1 13498U 81041C   25295.74775542  .00005156  00000-0  85591-3 0  2017
2 13498  74.0176  40.5672 0008457 200.7895 311.3004 14.70410489366141
1 13498U 81041C   25296.07044454  .00005231  00000-0  86814-3 0   959
2 13498  74.0176  39.9404 0008436 200.2382 219.2949 14.70414143366199
1 13498U 81041C   25296.42201152  .00005206  00000-0  86397-3 0  2059
2 13498  74.0177  39.2576 0008408 199.6066 280.1748 14.70418077366242
1 13498U 81041C   25296.42201152  .00005206  00000-0  86397-3 0   967
2 13498  74.0177  39.2576 0008408 199.6066 280.1748 14.70418077366242
1 13498U 81041C   25297.28977848  .00005406  00000-0  89682-3 0  2070
2 13498  74.0177  37.5722 0008348 197.8575 193.5645 14.70427837366375
1 13498U 81041C   25297.72049394  .00005064  00000-0  84029-3 0   983
2 13498  74.0176  36.7356 0008331 197.0092 313.4794 14.70431640366438
1 13498U 81041C   25297.72049394  .00005064  00000-0  84029-3 0  2110
2 13498  74.0176  36.7356 0008331 197.0092 313.4794 14.70431640366438
1 13498U 81041C   25298.31673639  .00005161  00000-0  85622-3 0  2131
2 13498  74.0176  35.5773 0008285 195.7530 229.6761 14.70437971366523
1 13498U 81041C   25298.38532500  .00005118  00000-0  84921-3 0   994
2 13498  74.0175  35.4441 0008280 195.6486 232.7090 14.70438574366538
1 13498U 81041C   25298.74203361  .00004990  00000-0  82806-3 0  1004
2 13498  74.0174  34.7512 0008255 194.9818 320.8607 14.70442090366587
1 13498U 81041C   25298.74203362  .00004990  00000-0  82806-3 0  2163
2 13498  74.0174  34.7512 0008255 194.9818 320.8607 14.70442090366587
1 13498U 81041C   25299.26273588  .00004413  00000-0  73287-3 0  2172
2 13498  74.0174  33.7398 0008225 194.0505 197.0383 14.70445992366667
1 13498U 81041C   25299.53198156  .00004690  00000-0  77842-3 0  1019
2 13498  74.0173  33.2168 0008205 193.5236 182.2568 14.70448980366705
1 13498U 81041C   25299.53198157  .00004690  00000-0  77842-3 0  2190
2 13498  74.0173  33.2168 0008205 193.5236 182.2568 14.70448980366705
1 13498U 81041C   25299.69354072  .00004618  00000-0  76663-3 0  1028
2 13498  74.0173  32.9030 0008197 193.1888 317.4705 14.70450730366721
1 13498U 81041C   25300.28901757  .00004273  00000-0  70969-3 0  2216
2 13498  74.0173  31.7462 0008157 192.0030 229.5834 14.70455252366810
1 13498U 81041C   25300.55231095  .00004443  00000-0  73768-3 0  1035
2 13498  74.0172  31.2347 0008145 191.4621 183.3269 14.70457674366855
1 13498U 81041C   25300.71441009  .00004523  00000-0  75069-3 0  1047
2 13498  74.0172  30.9198 0008128 191.1435 321.3858 14.70459279366879
1 13498U 81041C   25300.99132471  .00004805  00000-0  79714-3 0  2255
2 13498  74.0171  30.3819 0008108 190.5207 347.2929 14.70462453366919
1 13498U 81041C   25301.50483900  .00004719  00000-0  78293-3 0  2287
2 13498  74.0172  29.3844 0008086 189.4982 185.5638 14.70466652366991
1 13498U 81041C   25302.52635662  .00004601  00000-0  76336-3 0  1087
2 13498  74.0172  27.3999 0008021 187.4299 192.9942 14.70475582367148
1 13498U 81041C   25302.33005076  .00004757  00000-0  78897-3 0  2319
2 13498  74.0172  27.7812 0008031 187.7859 233.8834 14.70474362367119
1 13498U 81041C   25302.68709764  .00004645  00000-0  77059-3 0  2339
2 13498  74.0172  27.0876 0008004 187.1239 323.8646 14.70477167367160
1 13498U 81041C   25303.70869265  .00005083  00000-0  84240-3 0  1118
2 13498  74.0173  25.1030 0007930 185.0122 331.7954 14.70488648367310
1 13498U 81041C   25303.70869266  .00005083  00000-0  84240-3 0  2356
2 13498  74.0173  25.1030 0007930 185.0122 331.7954 14.70488648367310
1 13498U 81041C   25304.03100809  .00005388  00000-0  89246-3 0  2364
2 13498  74.0174  24.4768 0007905 184.2974 238.0696 14.70493298367363
1 13498U 81041C   25304.66009404  .00004988  00000-0  82667-3 0  1131
2 13498  74.0176  23.2547 0007859 183.2745 327.9600 14.70499720367459
1 13498U 81041C   25305.32441317  .00004341  00000-0  72007-3 0  2409
2 13498  74.0178  21.9641 0007807 181.9137 244.6437 14.70505562367550
1 13498U 81041C   25306.27499983  .00003470  00000-0  57669-3 0  1178
2 13498  74.0179  20.1175 0007748 179.7205 237.0011 14.70512708367698
1 13498U 81041C   25306.27499983  .00003470  00000-0  57669-3 0  2427
2 13498  74.0179  20.1175 0007748 179.7205 237.0011 14.70512708367698
1 13498U 81041C   25307.49164067  .00003454  00000-0  57394-3 0  2498
2 13498  74.0180  17.7540 0007668 177.0618 197.7246 14.70522193367879
1 13498U 81041C   25308.31859941  .00003618  00000-0  60082-3 0  2504
2 13498  74.0179  16.1475 0007617 175.1921 255.6148 14.70529362367990
1 13498U 81041C   25308.31859941  .00003618  00000-0  60082-3 0  1211
2 13498  74.0179  16.1475 0007617 175.1921 255.6148 14.70529362367990
1 13498U 81041C   25309.27078323  .00003585  00000-0  59531-3 0  2529
2 13498  74.0178  14.2978 0007547 173.2049 256.2980 14.70536820368133
1 13498U 81041C   25309.94907622  .00004266  00000-0  70715-3 0  2553
2 13498  74.0176  12.9800 0007504 171.8365 247.0255 14.70543910368230
1 13498U 81041C   25310.36964593  .00004823  00000-0  79866-3 0  1252
2 13498  74.0174  12.1629 0007477 170.9580 313.4653 14.70549123368295
1 13498U 81041C   25310.36964593  .00004823  00000-0  79866-3 0  2567
2 13498  74.0174  12.1629 0007477 170.9580 313.4653 14.70549123368295
1 13498U 81041C   25310.97028975  .00004377  00000-0  72515-3 0  1274
2 13498  74.0173  10.9959 0007437 169.5291 253.3771 14.70553796368389
1 13498U 81041C   25311.24349906  .00005298  00000-0  87639-3 0  2586
2 13498  74.0172  10.4650 0007427 168.8972 259.7831 14.70558984368424
1 13498U 81041C   25311.43793784  .00005312  00000-0  87868-3 0  1281
2 13498  74.0171  10.0873 0007403 168.6050 209.0098 14.70560846368451
1 13498U 81041C   25312.19431190  .00004901  00000-0  81114-3 0  1297
2 13498  74.0169   8.6176 0007360 166.9164 253.3109 14.70568438368568
1 13498U 81041C   25312.45790307  .00004871  00000-0  80611-3 0  1303
2 13498  74.0168   8.1054 0007343 166.3372 208.7787 14.70571223368600
1 13498U 81041C   25312.27224909  .00004884  00000-0  80825-3 0  2642
2 13498  74.0169   8.4661 0007359 166.7400 305.9209 14.70569373368579
1 13498U 81041C   25312.62000480  .00005530  00000-0  91429-3 0  1311
2 13498  74.0169   7.7904 0007331 165.9419 346.9974 14.70574832368628
1 13498U 81041C   25314.91565848  .00004287  00000-0  70986-3 0  2751
2 13498  74.0167   3.3294 0007187 160.7000 260.6319 14.70594395368966
1 13498U 81041C   25315.26632454  .00005200  00000-0  85958-3 0  2771
2 13498  74.0166   2.6480 0007178 159.8041 317.2363 14.70599710369019
1 13498U 81041C   25316.13473468  .00004564  00000-0  75500-3 0  2781
2 13498  74.0166   0.9606 0007128 157.6904 234.9590 14.70606969369145
1 13498U 81041C   25316.88738688  .00009399  00000-0  15474-2 0  2808
2 13498  74.0168 359.4980 0007075 155.9405 259.7875 14.70629847369255
1 13498U 81041C   25317.08593867  .00009690  00000-0  15948-2 0  1448
2 13498  74.0169 359.1121 0007065 155.4147 231.0649 14.70634187369285
1 13498U 81041C   25317.08593867  .00009690  00000-0  15948-2 0  2810
2 13498  74.0169 359.1121 0007065 155.4147 231.0649 14.70634187369285
1 13498U 81041C   25317.51169446  .00009499  00000-0  15633-2 0  2830
2 13498  74.0168 358.2848 0007034 154.3386 325.2944 14.70644548369342
1 13498U 81041C   25317.51169446  .00009499  00000-0  15633-2 0  1457
2 13498  74.0168 358.2848 0007034 154.3386 325.2944 14.70644548369342
1 13498U 81041C   25318.18008738  .00005940  00000-0  97975-3 0  2848
2 13498  74.0168 356.9859 0006991 152.8331 264.0406 14.70654421369448
1 13498U 81041C   25318.54005742  .00005132  00000-0  84731-3 0  1477
2 13498  74.0168 356.2865 0006969 151.8838  10.0148 14.70658694369497
1 13498U 81041C   25319.20185735  .00003955  00000-0  65431-3 0  1503
2 13498  74.0167 355.0004 0006934 150.2803 273.9918 14.70664908369596
1 13498U 81041C   25319.55953101  .00004314  00000-0  71299-3 0  1511
2 13498  74.0168 354.3053 0006911 149.2937   7.8613 14.70668569369643
1 13498U 81041C   25320.23234375  .00004826  00000-0  79677-3 0  1542
2 13498  74.0166 352.9979 0006849 147.7460 330.0863 14.70675753369748
1 13498U 81041C   25320.23234376  .00004826  00000-0  79677-3 0  2926
2 13498  74.0166 352.9979 0006849 147.7460 330.0863 14.70675753369748
1 13498U 81041C   25321.53100693  .00005188  00000-0  85590-3 0  1566
2 13498  74.0162 350.4741 0006803 144.5885   6.1115 14.70689614369933
1 13498U 81041C   25321.25294155  .00005166  00000-0  85241-3 0  2944
2 13498  74.0163 351.0145 0006810 145.1411 333.9578 14.70686578369894
1 13498U 81041C   25321.53100694  .00005188  00000-0  85590-3 0  2962
2 13498  74.0162 350.4741 0006803 144.5885   6.1115 14.70689614369933
1 13498U 81041C   25322.19577942  .00003898  00000-0  64453-3 0  1587
2 13498  74.0159 349.1820 0006766 142.9406 285.9301 14.70692925370037
1 13498U 81041C   25322.12539488  .00003895  00000-0  64396-3 0  2981
2 13498  74.0160 349.3188 0006761 143.0815 273.2931 14.70692706370024
1 13498U 81041C   25322.87333598  .00003486  00000-0  57683-3 0  3008
2 13498  74.0158 347.8653 0006741 141.1517 273.5621 14.70698220370135
1 13498U 81041C   25323.22669241  .00003424  00000-0  56664-3 0  3016
2 13498  74.0157 347.1785 0006722 140.3254 344.4668 14.70701132370182
1 13498U 81041C   25323.50360692  .00003355  00000-0  55545-3 0  3026
2 13498  74.0158 346.6404 0006703 139.6287  10.6879 14.70703116370226
1 13498U 81041C   25323.89430312  .00003079  00000-0  51015-3 0  3037
2 13498  74.0157 345.8811 0006681 138.6615 279.3536 14.70705415370281
1 13498U 81041C   25324.16805794  .00002930  00000-0  48569-3 0  3055
2 13498  74.0156 345.3491 0006685 138.0151 288.8064 14.70707022370324
1 13498U 81041C   25324.52447855  .00003114  00000-0  51582-3 0  1620
2 13498  74.0155 344.6562 0006662 137.0534  16.0720 14.70709553370379
1 13498U 81041C   25324.52447856  .00003114  00000-0  51582-3 0  3061
2 13498  74.0155 344.6562 0006662 137.0534  16.0720 14.70709553370379
1 13498U 81041C   25325.11852850  .00002933  00000-0  48604-3 0  1631
2 13498  74.0155 343.5016 0006638 135.4927 281.5651 14.70713313370463
1 13498U 81041C   25325.47664051  .00003437  00000-0  56871-3 0  1640
2 13498  74.0154 342.8054 0006631 134.6226  17.7028 14.70717101370514
1 13498U 81041C   25326.06618696  .00003255  00000-0  53874-3 0  1659
2 13498  74.0153 341.6595 0006608 133.1121 259.3274 14.70721180370601
1 13498U 81041C   25326.14019023  .00003731  00000-0  61678-3 0  1668
2 13498  74.0153 341.5156 0006615 132.9789 291.1174 14.70722981370612
1 13498U 81041C   25326.49130696  .00003305  00000-0  54689-3 0  3120
2 13498  74.0153 340.8332 0006600 131.9570 350.3926 14.70724447370668
1 13498U 81041C   25326.49130696  .00003305  00000-0  54689-3 0  1678
2 13498  74.0153 340.8332 0006600 131.9570 350.3926 14.70724447370668
1 13498U 81041C   25327.09124405  .00003212  00000-0  53158-3 0  1684
2 13498  74.0153 339.6670 0006581 130.3438 287.1278 14.70728857370759
1 13498U 81041C   25327.44305417  .00003342  00000-0  55289-3 0  1699
2 13498  74.0154 338.9831 0006570 129.4753 349.9290 14.70731649370808
1 13498U 81041C   25327.17053799  .00003378  00000-0  55877-3 0  3157
2 13498  74.0154 339.5128 0006578 130.2224 346.9071 14.70729785370762
1 13498U 81041C   25328.03865237  .00003643  00000-0  60209-3 0  1700
2 13498  74.0153 337.8253 0006553 127.9944 263.5836 14.70736860370895
1 13498U 81041C   25328.46958708  .00003463  00000-0  57257-3 0  1713
2 13498  74.0154 336.9877 0006518 126.7934  25.4889 14.70739263370955
1 13498U 81041C   25328.11329301  .00003428  00000-0  56695-3 0  3196
2 13498  74.0154 337.6803 0006549 127.8017 298.8081 14.70736830370902
1 13498U 81041C   25328.79144278  .00004193  00000-0  69208-3 0  3215
2 13498  74.0155 336.3621 0006510 125.9754 289.7199 14.70743311371005
1 13498U 81041C   25329.13376733  .00004274  00000-0  70531-3 0  1722
2 13498  74.0155 335.6967 0006503 125.1155 302.3266 14.70746095371053
1 13498U 81041C   25329.49021661  .00004316  00000-0  71206-3 0  1736
2 13498  74.0155 335.0039 0006510 124.2349  29.7141 14.70749066371109
1 13498U 81041C   25329.13376733  .00004274  00000-0  70531-3 0  3230
2 13498  74.0155 335.6967 0006503 125.1155 302.3266 14.70746095371053
1 13498U 81041C   25329.81285435  .00004411  00000-0  72759-3 0  1744
2 13498  74.0156 334.3769 0006489 123.2200 298.2914 14.70751990371157
1 13498U 81041C   25330.16389203  .00004248  00000-0  70083-3 0  1760
2 13498  74.0157 333.6946 0006474 122.5015 356.8819 14.70754568371202
1 13498U 81041C   25330.01117141  .00004241  00000-0  69967-3 0  3274
2 13498  74.0156 333.9915 0006481 122.8356 268.2710 14.70753292371185
1 13498U 81041C   25330.43747022  .00004037  00000-0  66628-3 0  1774
2 13498  74.0156 333.1629 0006461 121.7951   5.5073 14.70756293371241
1 13498U 81041C   25330.28029080  .00004029  00000-0  66500-3 0  3305
2 13498  74.0157 333.4684 0006470 122.2275 253.1988 14.70754942371224
1 13498U 81041C   25330.76381676  .00004289  00000-0  70752-3 0  1782
2 13498  74.0157 332.5286 0006454 120.9573 293.5466 14.70759836371293
1 13498U 81041C   25330.76381677  .00004289  00000-0  70752-3 0  3325
2 13498  74.0157 332.5286 0006454 120.9573 293.5466 14.70759836371293
1 13498U 81041C   25331.78457208  .00003806  00000-0  62839-3 0  3356
2 13498  74.0157 330.5446 0006424 118.0903 298.8147 14.70766969371447
1 13498U 81041C   25332.05657211  .00003998  00000-0  65975-3 0  1830
2 13498  74.0156 330.0160 0006421 117.3280 299.1559 14.70769537371480
1 13498U 81041C   25332.41017066  .00003739  00000-0  61732-3 0  3380
2 13498  74.0156 329.3287 0006412 116.4061  11.5268 14.70771690371530
1 13498U 81041C   25332.80506593  .00003647  00000-0  60223-3 0  1853
2 13498  74.0155 328.5611 0006408 115.3662 302.5860 14.70774651371598
1 13498U 81041C   25333.15696208  .00003861  00000-0  63716-3 0  1864
2 13498  74.0154 327.8771 0006400 114.3981   5.9993 14.70777802371649
1 13498U 81041C   25333.15696209  .00003861  00000-0  63716-3 0  3429
2 13498  74.0154 327.8771 0006400 114.3981   5.9993 14.70777802371649
1 13498U 81041C   25334.10031476  .00004281  00000-0  70570-3 0  1885
2 13498  74.0152 326.0434 0006385 111.7353 321.4689 14.70786231371789
1 13498U 81041C   25334.45732431  .00003992  00000-0  65855-3 0  1891
2 13498  74.0152 325.3494 0006380 110.6111  52.1168 14.70788576371832
1 13498U 81041C   25334.45732431  .00003992  00000-0  65855-3 0  3466
2 13498  74.0152 325.3494 0006380 110.6111  52.1168 14.70788576371832
1 13498U 81041C   25334.97666525  .00004013  00000-0  66185-3 0  3476
2 13498  74.0151 324.3399 0006382 109.1745 282.2436 14.70792869371915
1 13498U 81041C   25335.24484947  .00004509  00000-0  74287-3 0  3497
2 13498  74.0151 323.8184 0006380 108.9732 261.8564 14.70796422371950
1 13498U 81041C   25335.40756457  .00004521  00000-0  74473-3 0  1919
2 13498  74.0151 323.5021 0006376 108.5339  43.4937 14.70797901371974
1 13498U 81041C   25335.72966149  .00003972  00000-0  65510-3 0  1927
2 13498  74.0150 322.8759 0006373 107.6591 309.1233 14.70799262372020
1 13498U 81041C   25335.40756458  .00004521  00000-0  74473-3 0  3507
2 13498  74.0151 323.5021 0006376 108.5339  43.4938 14.70797901371975
1 13498U 81041C   25336.15117918  .00004538  00000-0  74744-3 0  1936
2 13498  74.0150 322.0565 0006377 106.6091  21.1369 14.70804224372087
1 13498U 81041C   25336.26528381  .00004795  00000-0  78951-3 0  3557
2 13498  74.0150 321.8347 0006380 106.2817 265.3855 14.70805680372100
1 13498U 81041C   25336.42803487  .00004898  00000-0  80618-3 0  1946
2 13498  74.0149 321.5183 0006381 105.8049  47.2559 14.70807398372124
1 13498U 81041C   25336.70456593  .00005149  00000-0  84725-3 0  1953
2 13498  74.0148 320.9807 0006384 105.0812  71.5809 14.70810678372169
1 13498U 81041C   25336.42803488  .00004898  00000-0  80618-3 0  3578
2 13498  74.0149 321.5183 0006381 105.8049  47.2559 14.70807398372124
1 13498U 81041C   25337.37570346  .00005431  00000-0  89307-3 0  3609
2 13498  74.0150 319.6759 0006382 103.5046  25.3070 14.70817396372265
1 13498U 81041C   25337.37570345  .00005431  00000-0  89307-3 0  1965
2 13498  74.0150 319.6759 0006382 103.5046  25.3070 14.70817396372265
1 13498U 81041C   25337.77066470  .00005968  00000-0  98062-3 0  1972
2 13498  74.0149 318.9080 0006391 102.2876 316.9589 14.70822932372322
1 13498U 81041C   25337.77066470  .00005968  00000-0  98062-3 0  3615
2 13498  74.0149 318.9080 0006391 102.2876 316.9589 14.70822932372322
1 13498U 81041C   25338.04345391  .00007652  00000-0  12553-2 0  1988
2 13498  74.0149 318.3777 0006396 101.7510 321.3099 14.70830280372368
1 13498U 81041C   25338.04345392  .00007652  00000-0  12553-2 0  3622
2 13498  74.0149 318.3777 0006396 101.7510 321.3100 14.70830280372361
1 13498U 81041C   25338.39485108  .00008774  00000-0  14383-2 0  3630
2 13498  74.0150 317.6944 0006398 100.7119  22.2239 14.70836466372415
1 13498U 81041C   25338.39485108  .00008774  00000-0  14383-2 0  1997
2 13498  74.0150 317.6944 0006398 100.7119  22.2239 14.70836466372415
1 13498U 81041C   25338.72238323  .00008577  00000-0  14060-2 0  2005
2 13498  74.0150 317.0576 0006398  99.8593 316.6441 14.70840651372465
1 13498U 81041C   25338.72238323  .00008577  00000-0  14060-2 0  3646
2 13498  74.0150 317.0576 0006398  99.8593 316.6441 14.70840651372465
1 13498U 81041C   25339.07392353  .00008212  00000-0  13463-2 0  2011
2 13498  74.0151 316.3741 0006399  98.8019  18.3441 14.70845005372515
1 13498U 81041C   25339.07392354  .00008212  00000-0  13463-2 0  3664
2 13498  74.0151 316.3741 0006399  98.8019  18.3441 14.70845005372515
1 13498U 81041C   25339.33693468  .00007609  00000-0  12479-2 0  3679
2 13498  74.0151 315.8627 0006407  98.2691 330.9559 14.70848019372557
1 13498U 81041C   25340.21198698  .00006601  00000-0  10832-2 0  3709
2 13498  74.0154 314.1613 0006410  95.9081 284.8634 14.70859296372682
1 13498U 81041C   25340.37248106  .00007326  00000-0  12013-2 0  3715
2 13498  74.0155 313.8493 0006425  95.3888  54.8635 14.70862888372700
1 13498U 81041C   25340.96813428  .00006371  00000-0  10454-2 0  3733
2 13498  74.0156 312.6912 0006435  93.7683 329.2289 14.70869371372797
1 13498U 81041C   25341.11583021  .00006355  00000-0  10428-2 0  3748
2 13498  74.0157 312.4042 0006433  93.4220  31.3202 14.70870973372811
1 13498U 81041C   25341.98717735  .00005344  00000-0  87763-3 0  3782
2 13498  74.0159 310.7102 0006437  91.2741 325.4727 14.70880506372945
1 13498U 81041C   25342.33876788  .00005925  00000-0  97235-3 0  3810
2 13498  74.0158 310.0268 0006444  90.4769  27.2302 14.70884912372995
1 13498U 81041C   25343.08854343  .00005079  00000-0  83419-3 0  2106
2 13498  74.0159 308.5693 0006461  88.5048  37.7682 14.70891873373102
1 13498U 81041C   25343.29058307  .00006025  00000-0  98832-3 0  3844
2 13498  74.0159 308.1766 0006464  88.0665  27.6051 14.70895544373132
1 13498U 81041C   25343.36001262  .00006097  00000-0  10001-2 0  2119
2 13498  74.0159 308.0416 0006467  87.9002  35.2638 14.70896469373143
1 13498U 81041C   25343.36001262  .00006097  00000-0  10001-2 0  3851
2 13498  74.0159 308.0417 0006467  87.9002  35.2638 14.70896469373144
1 13498U 81041C   25343.88647271  .00006730  00000-0  11031-2 0  2121
2 13498  74.0159 307.0182 0006474  86.5397 303.1979 14.70903258373221
1 13498U 81041C   25344.03914352  .00005734  00000-0  94070-3 0  2135
2 13498  74.0158 306.7214 0006478  86.1065  31.7278 14.70903451373247
1 13498U 81041C   25344.23278071  .00006143  00000-0  10074-2 0  3898
2 13498  74.0157 306.3451 0006496  85.5138 337.2538 14.70906380373279
1 13498U 81041C   25344.23278071  .00006143  00000-0  10074-2 0  2145
2 13498  74.0157 306.3451 0006496  85.5138 337.2538 14.70906380373279
1 13498U 81041C   25344.70887127  .00006325  00000-0  10369-2 0  2155
2 13498  74.0157 305.4195 0006502  84.3597 338.3914 14.70912171373341
1 13498U 81041C   25344.90695302  .00006025  00000-0  98800-3 0  3918
2 13498  74.0157 305.0344 0006510  83.7618 307.4533 14.70913945373376
1 13498U 81041C   25345.17518426  .00006176  00000-0  10125-2 0  2165
2 13498  74.0156 304.5129 0006507  83.2877 287.7034 14.70917564373410
1 13498U 81041C   25345.26375981  .00007258  00000-0  11885-2 0  3934
2 13498  74.0156 304.3407 0006516  83.1202  36.7154 14.70921468373422
1 13498U 81041C   25345.33789965  .00007142  00000-0  11697-2 0  3947
2 13498  74.0155 304.1966 0006507  82.9608  69.3055 14.70922234373431
1 13498U 81041C   25346.00211837  .00006221  00000-0  10196-2 0  3973
2 13498  74.0154 302.9053 0006520  81.2080 346.8558 14.70928821373534
1 13498U 81041C   25346.00211837  .00006221  00000-0  10196-2 0  2196
2 13498  74.0154 302.9052 0006520  81.2080 346.8557 14.70928821373532
1 13498U 81041C   25346.95365653  .00005920  00000-0  97028-3 0  4003
2 13498  74.0153 301.0552 0006525  78.8336 345.8885 14.70941223373676
1 13498U 81041C   25347.30990117  .00006507  00000-0  10657-2 0  4039
2 13498  74.0152 300.3625 0006563  77.8993  72.5022 14.70947640373720
1 13498U 81041C   25347.63168061  .00005056  00000-0  82936-3 0  4049
2 13498  74.0152 299.7368 0006571  76.9916 336.6558 14.70948194373777
1 13498U 81041C   25347.97371366  .00004613  00000-0  75717-3 0  4069
2 13498  74.0150 299.0717 0006588  75.9866 348.1195 14.70951290373829
1 13498U 81041C   25348.32573016  .00004514  00000-0  74098-3 0  4077
2 13498  74.0151 298.3874 0006609  75.1072  52.3066 14.70954927373877
1 13498U 81041C   25348.92447308  .00002824  00000-0  46574-3 0  4101
2 13498  74.0150 297.2232 0006643  73.4287 343.2789 14.70956853373963
1 13498U 81041C   25349.28281992  .00002773  00000-0  45727-3 0  4120
2 13498  74.0150 296.5264 0006664  72.5352  80.9951 14.70959524374017
1 13498U 81041C   25349.94547686  .00002651  00000-0  43744-3 0  4153
2 13498  74.0151 295.2379 0006702  70.9782 350.1724 14.70963216374117
1 13498U 81041C   25350.29697368  .00002680  00000-0  44210-3 0  4168
2 13498  74.0151 294.5544 0006714  70.0270  51.6929 14.70965187374163
1 13498U 81041C   25350.96877288  .00002821  00000-0  46505-3 0  4181
2 13498  74.0153 293.2482 0006729  68.3585   9.3888 14.70969477374268
1 13498U 81041C   25351.32436407  .00002912  00000-0  47983-3 0  4201
2 13498  74.0153 292.5568 0006761  67.4074  92.5906 14.70971715374313
1 13498U 81041C   25351.84445924  .00002829  00000-0  46633-3 0  4211
2 13498  74.0154 291.5455 0006781  66.1263 326.8955 14.70974655374397
1 13498U 81041C   25352.59682626  .00002804  00000-0  46225-3 0  4238
2 13498  74.0153 290.0827 0006779  64.2930 351.2522 14.70979163374504
1 13498U 81041C   25352.94747001  .00002771  00000-0  45685-3 0  4250
2 13498  74.0155 289.4010 0006774  63.4302  48.1883 14.70981048374553
1 13498U 81041C   25353.22193932  .00002582  00000-0  42605-3 0  4260
2 13498  74.0156 288.8673 0006776  62.7190  61.7587 14.70982031374590
1 13498U 81041C   25353.29555134  .00002583  00000-0  42613-3 0  4274
2 13498  74.0156 288.7242 0006788  62.4987  91.6328 14.70982479374608
1 13498U 81041C   25353.29555133  .00002583  00000-0  42613-3 0  2383
2 13498  74.0156 288.7242 0006788  62.4987  91.6328 14.70982479374608
1 13498U 81041C   25353.61814735  .00002502  00000-0  41294-3 0  2391
2 13498  74.0156 288.0969 0006779  61.7153   0.0289 14.70984112374655
1 13498U 81041C   25353.61814735  .00002502  00000-0  41294-3 0  4281
2 13498  74.0156 288.0969 0006779  61.7153   0.0289 14.70984112374655
1 13498U 81041C   25353.96901862  .00002427  00000-0  40072-3 0  2408
2 13498  74.0157 287.4148 0006782  60.8927  58.1374 14.70985907374709
1 13498U 81041C   25354.24269034  .00002522  00000-0  41611-3 0  4305
2 13498  74.0157 286.8827 0006787  60.1993  67.4737 14.70987718374749
1 13498U 81041C   25354.24269034  .00002522  00000-0  41611-3 0  2415
2 13498  74.0157 286.8827 0006787  60.1993  67.4737 14.70987718374749
1 13498U 81041C   25354.92013098  .00002351  00000-0  38834-3 0  4311
2 13498  74.0157 285.5656 0006813  58.5639  55.0506 14.70990819374847
1 13498U 81041C   25354.92013097  .00002351  00000-0  38834-3 0  2420
2 13498  74.0157 285.5656 0006813  58.5639  55.0506 14.70990819374847
1 13498U 81041C   25355.26739199  .00002701  00000-0  44521-3 0  2436
2 13498  74.0157 284.8904 0006836  57.5077  94.2898 14.70993658374893
1 13498U 81041C   25355.26739200  .00002701  00000-0  44521-3 0  4329
2 13498  74.0157 284.8904 0006836  57.5077  94.2898 14.70993658374893
1 13498U 81041C   25355.86144382  .00002732  00000-0  45032-3 0  2449
2 13498  74.0158 283.7354 0006861  56.1253   0.2190 14.70997061374984
1 13498U 81041C   25355.94102810  .00003300  00000-0  54271-3 0  2456
2 13498  74.0158 283.5807 0006884  55.9948  61.6223 14.70999365374996
1 13498U 81041C   25356.21359176  .00003436  00000-0  56482-3 0  4375
2 13498  74.0158 283.0508 0006901  55.2911  65.1161 14.71001466375035
1 13498U 81041C   25356.80886367  .00003342  00000-0  54945-3 0  2474
2 13498  74.0159 281.8935 0006950  53.9269 337.5004 14.71004853375126
1 13498U 81041C   25356.80886368  .00003342  00000-0  54945-3 0  4387
2 13498  74.0159 281.8935 0006950  53.9269 337.5004 14.71004853375126
1 13498U 81041C   25357.07927051  .00003681  00000-0  60456-3 0  2481
2 13498  74.0158 281.3678 0006935  53.2810 329.5250 14.71007588375168
1 13498U 81041C   25357.23941694  .00003565  00000-0  58567-3 0  4403
2 13498  74.0158 281.0564 0006954  52.9456  97.5856 14.71008434375189
1 13498U 81041C   25357.56216780  .00003529  00000-0  57975-3 0  2501
2 13498  74.0157 280.4290 0006959  52.1875   6.8057 14.71010582375238
1 13498U 81041C   25357.91195708  .00003629  00000-0  59610-3 0  4428
2 13498  74.0156 279.7489 0006958  51.2356  59.3477 14.71013318375285
1 13498U 81041C   25357.91195707  .00003629  00000-0  59610-3 0  2515
2 13498  74.0156 279.7489 0006958  51.2356  59.3477 14.71013318375285
1 13498U 81041C   25358.25447816  .00003744  00000-0  61477-3 0  4439
2 13498  74.0155 279.0829 0006969  50.3813  73.3254 14.71016428375335
1 13498U 81041C   25358.85666725  .00003556  00000-0  58405-3 0  2534
2 13498  74.0157 277.9122 0006990  48.9365  22.4415 14.71020976375426
1 13498U 81041C   25358.85666725  .00003556  00000-0  58405-3 0  4457
2 13498  74.0157 277.9122 0006990  48.9365  22.4415 14.71020976375426
1 13498U 81041C   25359.21158307  .00003774  00000-0  61954-3 0  2543
2 13498  74.0157 277.2222 0007002  48.0977 102.0241 14.71024382375477
1 13498U 81041C   25359.21158307  .00003774  00000-0  61954-3 0  4466
2 13498  74.0157 277.2222 0007002  48.0977 102.0241 14.71024382375477
1 13498U 81041C   25359.53336580  .00003866  00000-0  63441-3 0  4478
2 13498  74.0156 276.5965 0007009  47.3205   6.1583 14.71027305375522
1 13498U 81041C   25359.53336580  .00003866  00000-0  63441-3 0  2555
2 13498  74.0156 276.5965 0007009  47.3205   6.1583 14.71027305375522
1 13498U 81041C   25359.87593992  .00003687  00000-0  60530-3 0  2562
2 13498  74.0155 275.9303 0007030  46.5334  20.3639 14.71029676375576
1 13498U 81041C   25359.87593992  .00003687  00000-0  60530-3 0  4496
2 13498  74.0155 275.9303 0007030  46.5334  20.3639 14.71029676375576
1 13498U 81041C   25360.15856941  .00003463  00000-0  56884-3 0  2571
2 13498  74.0154 275.3809 0007075  45.9682  77.0330 14.71031331375611
1 13498U 81041C   25360.22709691  .00003657  00000-0  60025-3 0  4511
2 13498  74.0154 275.2476 0007076  45.8159  79.9380 14.71032452375621
1 13498U 81041C   25360.55404481  .00003827  00000-0  62787-3 0  4523
2 13498  74.0153 274.6119 0007080  45.0146  11.4489 14.71035700375675
1 13498U 81041C   25360.75313066  .00003792  00000-0  62223-3 0  2583
2 13498  74.0153 274.2247 0007112  44.4957 345.8364 14.71037394375703
1 13498U 81041C   25360.82622447  .00003755  00000-0  61613-3 0  2599
2 13498  74.0153 274.0825 0007109  44.3303  12.9270 14.71037916375712
1 13498U 81041C   25360.82622447  .00003755  00000-0  61613-3 0  4546
2 13498  74.0153 274.0826 0007109  44.3303  12.9270 14.71037916375713
1 13498U 81041C   25361.18395549  .00004285  00000-0  70226-3 0  2600
2 13498  74.0152 273.3870 0007114  43.5128 107.4121 14.71042159375760
1 13498U 81041C   25361.18395549  .00004285  00000-0  70226-3 0  4567
2 13498  74.0152 273.3870 0007114  43.5128 107.4122 14.71042159375761
1 13498U 81041C   25361.52804398  .00003949  00000-0  64761-3 0  2619
2 13498  74.0152 272.7179 0007127  42.7990 129.5789 14.71044290375816
1 13498U 81041C   25361.84786647  .00004165  00000-0  68266-3 0  2626
2 13498  74.0152 272.0959 0007130  42.0533  23.3299 14.71047889375864
1 13498U 81041C   25361.84786648  .00004165  00000-0  68266-3 0  4595
2 13498  74.0152 272.0959 0007130  42.0533  23.3299 14.71047889375864
1 13498U 81041C   25362.20425777  .00004529  00000-0  74172-3 0  2639
2 13498  74.0152 271.4029 0007151  41.1496 110.8203 14.71051716375913
1 13498U 81041C   25362.20425777  .00004529  00000-0  74172-3 0  4619
2 13498  74.0152 271.4029 0007151  41.1496 110.8203 14.71051716375913
1 13498U 81041C   25362.86938058  .00004591  00000-0  75179-3 0  2640
2 13498  74.0152 270.1095 0007170  39.6284  33.2392 14.71058278376019
1 13498U 81041C   25362.86938058  .00004591  00000-0  75179-3 0  4631
2 13498  74.0152 270.1096 0007170  39.6284  33.2393 14.71058278376011
1 13498U 81041C   25363.21931304  .00005531  00000-0  90425-3 0  4645
2 13498  74.0153 269.4291 0007192  38.8978  86.3834 14.71064193376062
1 13498U 81041C   25363.21931303  .00005531  00000-0  90425-3 0  2653
2 13498  74.0153 269.4291 0007192  38.8978  86.3834 14.71064193376062
1 13498U 81041C   25363.81976902  .00005719  00000-0  93464-3 0  2668
2 13498  74.0154 268.2614 0007208  37.4101  26.4747 14.71071419376157
1 13498U 81041C   25364.01421095  .00005893  00000-0  96289-3 0  2671
2 13498  74.0155 267.8832 0007234  37.0805 336.1138 14.71073780376182
1 13498U 81041C   25364.17610280  .00005974  00000-0  97598-3 0  4681
2 13498  74.0156 267.5685 0007235  36.6989 113.4984 14.71076035376209
1 13498U 81041C   25364.49789266  .00005955  00000-0  97276-3 0  4702
2 13498  74.0157 266.9427 0007249  35.9989  17.6521 14.71079647376253
1 13498U 81041C   25364.77131693  .00006042  00000-0  98678-3 0  2699
2 13498  74.0157 266.4110 0007261  35.3352  25.7417 14.71083285376290
1 13498U 81041C   25364.84883449  .00006549  00000-0  10690-2 0  4725
2 13498  74.0155 266.2602 0007270  35.2139  76.2188 14.71085306376308
1 13498U 81041C   25364.84883448  .00006549  00000-0  10690-2 0  2700
2 13498  74.0155 266.2602 0007270  35.2139  76.2188 14.71085306376308
1 13498U 81041C   25365.19682443  .00006175  00000-0  10082-2 0  4736
2 13498  74.0156 265.5835 0007288  34.4840 119.1081 14.71088879376350
1 13498U 81041C   25365.19682442  .00006175  00000-0  10082-2 0  2711
2 13498  74.0156 265.5835 0007288  34.4840 119.1081 14.71088879376350
