1 24883U 97037A   21365.94201559  .00000069  00000-0  41046-4 0    11\
2 24883  98.6617 123.9957 0001542 224.3038 135.8023 14.33661296289309
1 24883U 97037A   22001.91909471  .00000070  00000-0  41524-4 0    17\
2 24883  98.6617 124.9738 0001589 220.0812 140.0255 14.33661578289444
1 24883U 97037A   22002.26805152  .00000067  00000-0  40261-4 0    10\
2 24883  98.6617 125.3231 0001605 218.6902 141.4167 14.33661645289496
1 24883U 97037A   22002.82638241  .00000058  00000-0  37026-4 0    10\
2 24883  98.6618 125.8821 0001628 216.3869 143.7205 14.33661736289577
1 24883U 97037A   22003.31492187  .00000062  00000-0  38631-4 0    10\
2 24883  98.6617 126.3711 0001649 214.8139 145.2937 14.33661862289643
1 24883U 97037A   22003.80346129  .00000067  00000-0  40230-4 0    11\
2 24883  98.6617 126.8601 0001670 212.8337 147.2744 14.33662001289710
1 24883U 97037A   22002.26805152  .00000067  00000-0  40261-4 0  2179\
2 24883  98.6617 125.3231 0001605 218.6902 141.4167 14.33661645289755
1 24883U 97037A   22003.31492187  .00000062  00000-0  38631-4 0  2203\
2 24883  98.6617 126.3711 0001649 214.8139 145.2937 14.33661862289902
1 24883U 97037A   22004.36179196  .00000067  00000-0  40229-4 0  2235\
2 24883  98.6617 127.4190 0001700 211.4365 148.6717 14.33662128290054
1 24883U 97037A   22004.36179196  .00000067  00000-0  40229-4 0    19\
2 24883  98.6617 127.4190 0001700 211.4365 148.6717 14.33662128289793
1 24883U 97037A   22004.92012262  .00000062  00000-0  38358-4 0    16\
2 24883  98.6617 127.9780 0001721 209.2694 150.8394 14.33662238289873
1 24883U 97037A   22005.33887059  .00000066  00000-0  40018-4 0    16\
2 24883  98.6617 128.3972 0001747 207.6468 152.4623 14.33662358289933
1 24883U 97037A   22005.89720119  .00000064  00000-0  39400-4 0    11\
2 24883  98.6617 128.9562 0001779 205.5320 154.5776 14.33662476290017
1 24883U 97037A   22006.31594915  .00000064  00000-0  39095-4 0    12\
2 24883  98.6617 129.3754 0001799 203.9664 156.1437 14.33662550290071
1 24883U 97037A   22006.87427971  .00000059  00000-0  37315-4 0    17\
2 24883  98.6617 129.9343 0001828 202.0009 158.1097 14.33662633290152
1 24883U 97037A   22007.57219283  .00000062  00000-0  38383-4 0    10\
2 24883  98.6617 130.6329 0001867 199.6146 160.4966 14.33662790290257
1 24883U 97037A   22007.85135804  .00000052  00000-0  35018-4 0    18\
2 24883  98.6617 130.9124 0001883 198.7828 161.3286 14.33662818290298
1 24883U 97037A   22008.33989721  .00000057  00000-0  36734-4 0  2302\
2 24883  98.6617 131.4014 0001916 196.8348 163.2773 14.33662937290626
1 24883U 97037A   22008.61906242  .00000058  00000-0  36941-4 0    17\
2 24883  98.6617 131.6809 0001929 195.8350 164.2774 14.33662991290404
1 24883U 97037A   22008.89822762  .00000054  00000-0  35630-4 0    11\
2 24883  98.6617 131.9604 0001943 195.3309 164.7817 14.33663029290445
1 24883U 97037A   22009.59614059  .00000053  00000-0  35325-4 0    17\
2 24883  98.6617 132.6590 0001978 193.1735 166.9397 14.33663144290540
1 24883U 97037A   22009.87530574  .00000051  00000-0  34513-4 0    13\
2 24883  98.6617 132.9385 0001996 192.1761 167.9375 14.33663203290580
1 24883U 97037A   22010.57321859  .00000054  00000-0  35590-4 0    15\
2 24883  98.6617 133.6371 0002034 190.0789 170.0355 14.33663348290688
1 24883U 97037A   22010.85238368  .00000052  00000-0  34827-4 0    18\
2 24883  98.6617 133.9166 0002053 189.2280 170.8867 14.33663415290726
1 24883U 97037A   22011.34092256  .00000062  00000-0  38449-4 0    12\
2 24883  98.6617 134.4056 0002077 188.1293 171.9858 14.33663573290792
1 24883U 97037A   22011.89925270  .00000060  00000-0  37963-4 0    11\
2 24883  98.6617 134.9645 0002107 186.4351 173.6807 14.33663696290879
1 24883U 97037A   22012.59716536  .00000062  00000-0  38461-4 0    18\
2 24883  98.6618 135.6632 0002143 184.3362 175.7804 14.33663832290976
1 24883U 97037A   22013.57424289  .00000069  00000-0  40896-4 0    10\
2 24883  98.6618 136.6413 0002197 181.6667 178.4510 14.33664084291112
1 24883U 97037A   22013.92319912  .00000061  00000-0  37969-4 0    14\
2 24883  98.6618 136.9906 0002217 180.7881 179.3300 14.33664126291162
1 24883U 97037A   22014.62111156  .00000078  00000-0  44268-4 0    10\
2 24883  98.6619 137.6893 0002256 178.8361 181.2829 14.33664364291263
1 24883U 97037A   22014.90027646  .00000083  00000-0  46184-4 0    16\
2 24883  98.6619 137.9688 0002273 178.0146 182.1047 14.33664480291306
1 24883U 97037A   22015.31902383  .00000095  00000-0  50327-4 0  2459\
2 24883  98.6619 138.3880 0002298 176.7478 183.3721 14.33664647291627
1 24883U 97037A   22015.59818880  .00000093  00000-0  49736-4 0    17\
2 24883  98.6619 138.6674 0002312 175.8335 184.2869 14.33664679291404
1 24883U 97037A   22015.94714487  .00000097  00000-0  51062-4 0    13\
2 24883  98.6620 139.0168 0002327 175.1148 185.0059 14.33664786291454
1 24883U 97037A   22016.57526581  .00000106  00000-0  54314-4 0    13\
2 24883  98.6620 139.6456 0002365 173.2427 186.8789 14.33664991291548
1 24883U 97037A   22016.85443064  .00000105  00000-0  54185-4 0    13\
2 24883  98.6620 139.9251 0002378 172.6565 187.4655 14.33665069291584
1 24883U 97037A   22017.34296904  .00000101  00000-0  52403-4 0  2500\
2 24883  98.6620 140.4141 0002402 171.5107 188.6119 14.33665174291919
1 24883U 97037A   22017.62213388  .00000094  00000-0  49876-4 0    11\
2 24883  98.6620 140.6936 0002418 170.7222 189.4007 14.33665190291697
1 24883U 97037A   22017.90129865  .00000098  00000-0  51582-4 0    19\
2 24883  98.6620 140.9730 0002434 170.0128 190.1105 14.33665298291730
1 24883U 97037A   22018.59921052  .00000100  00000-0  52091-4 0    13\
2 24883  98.6620 141.6717 0002464 168.2733 191.8508 14.33665485291831
1 24883U 97037A   22018.87837521  .00000114  00000-0  57111-4 0    14\
2 24883  98.6620 141.9512 0002483 167.4261 192.6986 14.33665658291870
1 24883U 97037A   22019.57628681  .00000126  00000-0  61692-4 0    19\
2 24883  98.6620 142.6499 0002520 165.6843 194.4413 14.33665955291976
1 24883U 97037A   22019.92524264  .00000119  00000-0  58931-4 0    14\
2 24883  98.6620 142.9992 0002543 164.7346 195.3915 14.33666027292025
1 24883U 97037A   22020.62315407  .00000112  00000-0  56504-4 0    17\
2 24883  98.6620 143.6979 0002567 163.3227 196.8042 14.33666226292126
1 24883U 97037A   22020.90231862  .00000108  00000-0  54968-4 0    17\
2 24883  98.6620 143.9773 0002591 162.3836 197.7438 14.33666323292164
1 24883U 97037A   22021.60022994  .00000115  00000-0  57637-4 0  2600\
2 24883  98.6620 144.6760 0002614 160.7494 199.3789 14.33666583292521
1 24883U 97037A   22021.87939443  .00000116  00000-0  57891-4 0    11\
2 24883  98.6620 144.9555 0002630 160.0774 200.0514 14.33666692292301
1 24883U 97037A   22022.29814112  .00000120  00000-0  59351-4 0    11\
2 24883  98.6620 145.3747 0002646 159.1297 200.9996 14.33666854292364
1 24883U 97037A   22022.85647001  .00000109  00000-0  55377-4 0    15\
2 24883  98.6620 145.9336 0002679 157.7271 202.4030 14.33666995292447
1 24883U 97037A   22023.34500773  .00000111  00000-0  56214-4 0    18\
2 24883  98.6620 146.4227 0002708 156.5298 203.6010 14.33667175292511
1 24883U 97037A   22023.90333650  .00000100  00000-0  52179-4 0    12\
2 24883  98.6620 146.9816 0002740 155.0633 205.0684 14.33667306292590
1 24883U 97037A   22024.32208305  .00000100  00000-0  52329-4 0    14\
2 24883  98.6621 147.4009 0002760 154.0226 206.1097 14.33667436292651
1 24883U 97037A   22024.88041172  .00000091  00000-0  48842-4 0    16\
2 24883  98.6621 147.9598 0002787 152.6550 207.4781 14.33667556292738
1 24883U 97037A   22025.57832240  .00000101  00000-0  52570-4 0  2698\
2 24883  98.6621 148.6585 0002816 151.0691 209.0650 14.33667827293098
1 24883U 97037A   22025.92727769  .00000102  00000-0  53086-4 0    14\
2 24883  98.6621 149.0079 0002834 150.2761 209.8585 14.33667959292887
1 24883U 97037A   22026.62518819  .00000098  00000-0  51364-4 0    17\
2 24883  98.6622 149.7066 0002862 148.7441 211.3914 14.33668166292985
1 24883U 97037A   22026.90435238  .00000095  00000-0  50490-4 0    17\
2 24883  98.6622 149.9860 0002877 148.0243 212.1116 14.33668255293026
1 24883U 97037A   22027.32309858  .00000104  00000-0  53746-4 0    10\
2 24883  98.6622 150.4053 0002883 147.1647 212.9717 14.33668440293089
1 24883U 97037A   22027.88142681  .00000107  00000-0  54653-4 0    11\
2 24883  98.6622 150.9643 0002912 145.8242 214.3130 14.33668642293166
1 24883U 97037A   22028.30017294  .00000109  00000-0  55389-4 0    19\
2 24883  98.6622 151.3834 0002927 144.8978 215.2399 14.33668788293229
1 24883U 97037A   22028.78871007  .00000097  00000-0  51161-4 0  2743\
2 24883  98.6622 151.8726 0002949 143.8382 216.3002 14.33668885293553
1 24883U 97037A   22028.85850107  .00000094  00000-0  50166-4 0    18\
2 24883  98.6622 151.9424 0002949 143.6970 216.4414 14.33668894293301
1 24883U 97037A   22029.34703802  .00000112  00000-0  56665-4 0    13\
2 24883  98.6622 152.4315 0002959 142.7662 217.3728 14.33669169293376
1 24883U 97037A   22029.90536603  .00000117  00000-0  58250-4 0    15\
2 24883  98.6623 152.9905 0002982 141.4728 218.6670 14.33669372293457
1 24883U 97037A   22030.60327594  .00000131  00000-0  63487-4 0    15\
2 24883  98.6623 153.6893 0003011 139.7866 220.3541 14.33669659293554
1 24883U 97037A   22030.95223086  .00000124  00000-0  60803-4 0    15\
2 24883  98.6623 154.0386 0003016 139.1471 220.9940 14.33669714293604
1 24883U 97037A   22031.30118571  .00000156  00000-0  72452-4 0    15\
2 24883  98.6623 154.3880 0003034 138.3399 221.8017 14.33670014293651
1 24883U 97037A   22031.92930436  .00000147  00000-0  69320-4 0    15\
2 24883  98.6622 155.0168 0003052 137.0081 223.1342 14.33670181293742
1 24883U 97037A   22032.34805020  .00000154  00000-0  71683-4 0  2837\
2 24883  98.6622 155.4361 0003069 136.1427 224.0001 14.33670327294063
1 24883U 97037A   22032.34805020  .00000154  00000-0  71683-4 0    15\
2 24883  98.6622 155.4361 0003069 136.1427 224.0001 14.33670327293804
1 24883U 97037A   22032.90637786  .00000114  00000-0  57130-4 0    16\
2 24883  98.6623 155.9951 0003092 134.9119 225.2316 14.33670278293880
1 24883U 97037A   22033.60428727  .00000131  00000-0  63469-4 0    18\
2 24883  98.6623 156.6938 0003116 133.3615 226.7829 14.33670580293986
1 24883U 97037A   22033.60428727  .00000131  00000-0  63469-4 0  2863\
2 24883  98.6623 156.6938 0003116 133.3615 226.7829 14.33670580294246
1 24883U 97037A   22034.58136007  .00000155  00000-0  72179-4 0    17\
2 24883  98.6623 157.6720 0003158 131.1707 228.9750 14.33671081294121
1 24883U 97037A   22035.34905995  .00000177  00000-0  79859-4 0    18\
2 24883  98.6623 158.4406 0003184 129.5884 230.5582 14.33671503294230
1 24883U 97037A   22035.90738692  .00000197  00000-0  87252-4 0    16\
2 24883  98.6623 158.9996 0003201 128.4070 231.7402 14.33671872294316
1 24883U 97037A   22036.60529558  .00000197  00000-0  87170-4 0    12\
2 24883  98.6624 159.6983 0003216 126.8789 233.2690 14.33672160294414
1 24883U 97037A   22037.58236742  .00000187  00000-0  83633-4 0    19\
2 24883  98.6623 160.6765 0003234 124.9144 235.2344 14.33672544294556
1 24883U 97037A   22037.93132155  .00000183  00000-0  82178-4 0    10\
2 24883  98.6624 161.0258 0003244 124.2139 235.9353 14.33672692294604
1 24883U 97037A   22038.35006643  .00000180  00000-0  80867-4 0    19\
2 24883  98.6623 161.4450 0003243 123.4186 236.7308 14.33672883294660
1 24883U 97037A   22038.90839289  .00000169  00000-0  77036-4 0    11\
2 24883  98.6624 162.0041 0003257 122.2553 237.8947 14.33673099294744
1 24883U 97037A   22039.60630089  .00000173  00000-0  78548-4 0    10\
2 24883  98.6624 162.7028 0003273 120.7724 239.3783 14.33673418294848
1 24883U 97037A   22039.81567325  .00000171  00000-0  77671-4 0    19\
2 24883  98.6625 162.9124 0003274 120.3752 239.7757 14.33673513294870
1 24883U 97037A   22040.58337179  .00000183  00000-0  82251-4 0    10\
2 24883  98.6624 163.6810 0003281 118.7691 241.3823 14.33673904294989
1 24883U 97037A   22041.35107012  .00000166  00000-0  75884-4 0    12\
2 24883  98.6624 164.4496 0003295 117.2913 242.8607 14.33674174295093
1 24883U 97037A   22041.90939597  .00000189  00000-0  84110-4 0    11\
2 24883  98.6625 165.0086 0003323 116.1242 244.0284 14.33674588295174
1 24883U 97037A   22042.60730325  .00000182  00000-0  81718-4 0    11\
2 24883  98.6626 165.7073 0003345 114.6098 245.5435 14.33674859295270
1 24883U 97037A   22042.88646614  .00000184  00000-0  82308-4 0    16\
2 24883  98.6626 165.9868 0003350 114.0797 246.0738 14.33674986295318
1 24883U 97037A   22043.58437319  .00000175  00000-0  79120-4 0    12\
2 24883  98.6626 166.6856 0003372 112.6478 247.5063 14.33675244295413
1 24883U 97037A   22043.86353599  .00000170  00000-0  77595-4 0    19\
2 24883  98.6627 166.9651 0003374 112.0938 248.0605 14.33675348295454
1 24883U 97037A   22044.35207065  .00000171  00000-0  77634-4 0  3096\
2 24883  98.6627 167.4542 0003366 111.1690 248.9854 14.33675592295787
1 24883U 97037A   22044.56144270  .00000167  00000-0  76289-4 0    16\
2 24883  98.6627 167.6639 0003372 110.7456 249.4090 14.33675657295553
1 24883U 97037A   22045.32913998  .00000161  00000-0  74277-4 0    11\
2 24883  98.6628 168.4325 0003384 109.1876 250.9675 14.33676001295668
1 24883U 97037A   22045.81767462  .00000150  00000-0  70182-4 0    17\
2 24883  98.6628 168.9216 0003389 108.1689 251.9864 14.33676137295737
1 24883U 97037A   22046.58537163  .00000140  00000-0  66588-4 0  3146\
2 24883  98.6629 169.6902 0003400 106.5868 253.5690 14.33676417296101
1 24883U 97037A   22046.86453416  .00000131  00000-0  63392-4 0    18\
2 24883  98.6629 169.9697 0003398 106.0579 254.0979 14.33676493295889
1 24883U 97037A   22047.56244029  .00000142  00000-0  67361-4 0    16\
2 24883  98.6629 170.6685 0003395 104.6533 255.5028 14.33676853295988
1 24883U 97037A   22047.91139333  .00000138  00000-0  65907-4 0    15\
2 24883  98.6629 171.0179 0003392 103.9609 256.1952 14.33676987296032
1 24883U 97037A   22048.33013690  .00000140  00000-0  66486-4 0  3197\
2 24883  98.6629 171.4372 0003385 103.0813 257.0749 14.33677173296358
1 24883U 97037A   22048.60929935  .00000130  00000-0  62895-4 0    12\
2 24883  98.6630 171.7167 0003391 102.4723 257.6840 14.33677204296134
1 24883U 97037A   22048.88846173  .00000118  00000-0  58708-4 0    18\
2 24883  98.6630 171.9962 0003387 101.9239 258.2325 14.33677249296178
1 24883U 97037A   22049.58636759  .00000124  00000-0  60798-4 0    12\
2 24883  98.6630 172.6949 0003397 100.5155 259.6412 14.33677525296274
1 24883U 97037A   22049.86552984  .00000124  00000-0  60932-4 0    10\
2 24883  98.6630 172.9745 0003396  99.9591 260.1977 14.33677654296316
1 24883U 97037A   22050.35406373  .00000141  00000-0  67128-4 0  3236\
2 24883  98.6630 173.4636 0003382  98.9568 261.1999 14.33677936296643
1 24883U 97037A   22050.56343540  .00000138  00000-0  65994-4 0    13\
2 24883  98.6631 173.6733 0003387  98.5543 261.6025 14.33677995296413
1 24883U 97037A   22050.91238812  .00000126  00000-0  61653-4 0    12\
2 24883  98.6631 174.0227 0003392  97.8733 262.2836 14.33678088296461
1 24883U 97037A   22051.33113138  .00000148  00000-0  69428-4 0    14\
2 24883  98.6631 174.4420 0003394  96.9925 263.1645 14.33678360296523
1 24883U 97037A   22051.81966522  .00000129  00000-0  62595-4 0    17\
2 24883  98.6632 174.9311 0003396  95.9716 264.1855 14.33678420296595
1 24883U 97037A   22052.86652311  .00000136  00000-0  65271-4 0    13\
2 24883  98.6633 175.9793 0003394  93.8110 266.3462 14.33678821296744
1 24883U 97037A   22053.56442805  .00000137  00000-0  65532-4 0    17\
2 24883  98.6633 176.6782 0003380  92.4065 267.7506 14.33679108296843
1 24883U 97037A   22053.84359002  .00000135  00000-0  64666-4 0    19\
2 24883  98.6634 176.9577 0003377  91.8666 268.2905 14.33679221296884
1 24883U 97037A   22054.61128549  .00000120  00000-0  59260-4 0    13\
2 24883  98.6634 177.7264 0003388  90.2955 269.8617 14.33679385296992
1 24883U 97037A   22054.82065695  .00000118  00000-0  58752-4 0    10\
2 24883  98.6635 177.9361 0003378  89.8404 270.3167 14.33679456297026
1 24883U 97037A   22055.58835212  .00000117  00000-0  58360-4 0    18\
2 24883  98.6635 178.7048 0003382  88.3122 271.8450 14.33679717297136
1 24883U 97037A   22055.93730445  .00000107  00000-0  54719-4 0    12\
2 24883  98.6636 179.0542 0003379  87.6123 272.5448 14.33679784297183
1 24883U 97037A   22056.35604708  .00000117  00000-0  58219-4 0  3373\
2 24883  98.6636 179.4735 0003360  86.7214 273.4354 14.33680007297504
1 24883U 97037A   22056.84458024  .00000110  00000-0  55839-4 0    11\
2 24883  98.6637 179.9627 0003366  85.8165 274.3404 14.33680152297317
1 24883U 97037A   22057.33311328  .00000115  00000-0  57463-4 0    11\
2 24883  98.6637 180.4519 0003358  84.8047 275.3521 14.33680345297385
1 24883U 97037A   22057.89143678  .00000097  00000-0  51001-4 0    14\
2 24883  98.6638 181.0110 0003345  83.5931 276.5634 14.33680417297461
1 24883U 97037A   22058.58934098  .00000117  00000-0  58169-4 0    10\
2 24883  98.6638 181.7098 0003342  82.1774 277.9790 14.33680750297569
1 24883U 97037A   22058.86850260  .00000118  00000-0  58767-4 0    14\
2 24883  98.6638 181.9893 0003341  81.6185 278.5377 14.33680868297606
1 24883U 97037A   22059.35703542  .00000121  00000-0  59912-4 0    16\
2 24883  98.6638 182.4785 0003321  80.5641 279.5918 14.33681038297674
1 24883U 97037A   22059.91535857  .00000112  00000-0  56532-4 0    15\
2 24883  98.6639 183.0376 0003315  79.4701 280.6857 14.33681184297751
1 24883U 97037A   22060.33410083  .00000122  00000-0  60046-4 0    12\
2 24883  98.6639 183.4569 0003294  78.5170 281.6384 14.33681383297819
1 24883U 97037A   22060.89242386  .00000118  00000-0  58545-4 0    18\
2 24883  98.6639 184.0160 0003280  77.3085 282.8465 14.33681539297894
1 24883U 97037A   22061.59032761  .00000108  00000-0  55137-4 0  3500\
2 24883  98.6639 184.7148 0003280  75.8544 284.3005 14.33681695298251
1 24883U 97037A   22061.59032761  .00000108  00000-0  55137-4 0    13\
2 24883  98.6639 184.7148 0003280  75.8544 284.3005 14.33681695297991
1 24883U 97037A   22061.86948903  .00000120  00000-0  59353-4 0    15\
2 24883  98.6640 184.9944 0003277  75.3548 284.8000 14.33681863298037
1 24883U 97037A   22062.56739254  .00000145  00000-0  68405-4 0  3546\
2 24883  98.6640 185.6932 0003260  73.9601 286.1942 14.33682212298138
1 24883U 97037A   22062.91634425  .00000126  00000-0  61571-4 0    14\
2 24883  98.6640 186.0426 0003242  73.1090 287.0450 14.33682229298182
1 24883U 97037A   22063.33508627  .00000144  00000-0  68189-4 0    17\
2 24883  98.6640 186.4620 0003228  72.1948 287.9588 14.33682462298244
1 24883U 97037A   22063.82361855  .00000124  00000-0  60744-4 0    18\
2 24883  98.6641 186.9512 0003215  71.1467 289.0065 14.33682520298317
1 24883U 97037A   22064.24236040  .00000170  00000-0  77298-4 0    15\
2 24883  98.6641 187.3704 0003208  70.2501 289.9029 14.33682916298370
1 24883U 97037A   22064.59131198  .00000175  00000-0  79268-4 0  3579\
2 24883  98.6641 187.7199 0003207  69.6183 290.5346 14.33683059298682
1 24883U 97037A   22064.59131198  .00000175  00000-0  79268-4 0    15\
2 24883  98.6641 187.7199 0003207  69.6183 290.5346 14.33683059298424
1 24883U 97037A   22064.87047307  .00000213  00000-0  92785-4 0    16\
2 24883  98.6642 187.9994 0003201  69.0620 291.0907 14.33683404298461
1 24883U 97037A   22065.56837589  .00000207  00000-0  90848-4 0    13\
2 24883  98.6642 188.6983 0003187  67.7498 292.4024 14.33683655298562
1 24883U 97037A   22065.91732729  .00000189  00000-0  84212-4 0    19\
2 24883  98.6642 189.0478 0003174  66.9912 293.1607 14.33683699298613
1 24883U 97037A   22066.33606886  .00000198  00000-0  87519-4 0    13\
2 24883  98.6643 189.4671 0003155  65.9703 294.1811 14.33683923298673
1 24883U 97037A   22066.82460068  .00000196  00000-0  86627-4 0  3624\
2 24883  98.6644 189.9564 0003144  64.9743 295.1768 14.33684111299001
1 24883U 97037A   22066.89439094  .00000198  00000-0  87399-4 0    15\
2 24883  98.6644 190.0263 0003142  64.8167 295.3343 14.33684143298754
1 24883U 97037A   22067.31313236  .00000190  00000-0  84739-4 0  3641\
2 24883  98.6644 190.4456 0003128  63.8219 296.3287 14.33684293299073
1 24883U 97037A   22067.87145426  .00000177  00000-0  79878-4 0    17\
2 24883  98.6645 191.0047 0003110  62.7045 297.4456 14.33684452298899
1 24883U 97037A   22068.56935641  .00000183  00000-0  82178-4 0  3679\
2 24883  98.6646 191.7037 0003083  61.2655 298.8838 14.33684792299253
1 24883U 97037A   22068.91830742  .00000164  00000-0  75168-4 0    19\
2 24883  98.6646 192.0531 0003072  60.5546 299.5944 14.33684866299040
1 24883U 97037A   22069.61620934  .00000175  00000-0  79196-4 0    14\
2 24883  98.6647 192.7520 0003054  59.1347 301.0137 14.33685245299145
1 24883U 97037A   22069.89537003  .00000183  00000-0  82217-4 0    15\
2 24883  98.6647 193.0316 0003042  58.5315 301.6166 14.33685433299188
1 24883U 97037A   22070.31411102  .00000186  00000-0  83302-4 0    14\
2 24883  98.6647 193.4509 0003031  57.5447 302.6030 14.33685659299247
1 24883U 97037A   22070.80264211  .00000193  00000-0  85639-4 0    18\
2 24883  98.6647 193.9401 0003020  56.6079 303.5394 14.33685938299313
1 24883U 97037A   22071.57033351  .00000221  00000-0  95834-4 0  3756\
2 24883  98.6648 194.7090 0002990  55.0686 305.0779 14.33686489299685
1 24883U 97037A   22071.91928417  .00000186  00000-0  83366-4 0    13\
2 24883  98.6649 195.0585 0002975  54.3719 305.7742 14.33686477299472
1 24883U 97037A   22072.33802482  .00000225  00000-0  97322-4 0    14\
2 24883  98.6649 195.4778 0002971  53.7292 306.4167 14.33686914299537
1 24883U 97037A   22072.89634556  .00000236  00000-0  10114-3 0    15\
2 24883  98.6650 196.0370 0002949  52.5357 307.6095 14.33687277299613
1 24883U 97037A   22073.59424645  .00000225  00000-0  97399-4 0    18\
2 24883  98.6651 196.7359 0002926  50.8826 309.2618 14.33687554299713
1 24883U 97037A   22073.87340672  .00000218  00000-0  94744-4 0    19\
2 24883  98.6651 197.0155 0002914  50.3270 309.8170 14.33687673299751
1 24883U 97037A   22073.94319678  .00000217  00000-0  94393-4 0    18\
2 24883  98.6651 197.0854 0002910  50.1469 309.9971 14.33687696299767
1 24883U 97037A   22074.85046748  .00000190  00000-0  84450-4 0  3807\
2 24883  98.6652 197.9940 0002869  48.1636 311.9793 14.33688038300151
1 24883U 97037A   22074.85046748  .00000190  00000-0  84450-4 0    17\
2 24883  98.6652 197.9940 0002869  48.1636 311.9793 14.33688038299899
1 24883U 97037A   22075.61815789  .00000178  00000-0  80266-4 0    18\
2 24883  98.6653 198.7629 0002833  46.3889 313.7530 14.33688345300000
1 24883U 97037A   22075.82752797  .00000169  00000-0  77083-4 0    13\
2 24883  98.6654 198.9726 0002818  45.7905 314.3511 14.33688409300036
1 24883U 97037A   22076.31605808  .00000173  00000-0  78475-4 0    19\
2 24883  98.6654 199.4618 0002798  44.4797 315.6612 14.33688663300100
1 24883U 97037A   22076.94416817  .00000155  00000-0  71921-4 0    17\
2 24883  98.6654 200.0909 0002768  43.1296 317.0104 14.33688844300191
1 24883U 97037A   22077.29311813  .00000157  00000-0  72710-4 0    15\
2 24883  98.6654 200.4403 0002747  42.0988 318.0407 14.33689021300248
1 24883U 97037A   22077.92122793  .00000155  00000-0  72164-4 0    13\
2 24883  98.6655 201.0695 0002715  40.7789 319.3598 14.33689322300337
1 24883U 97037A   22078.33996772  .00000159  00000-0  73334-4 0  3865\
2 24883  98.6655 201.4888 0002680  39.4405 320.6974 14.33689522300656
1 24883U 97037A   22078.33996772  .00000159  00000-0  73334-4 0    19\
2 24883  98.6655 201.4888 0002680  39.4405 320.6974 14.33689522300397
1 24883U 97037A   22078.89828742  .00000154  00000-0  71567-4 0    12\
2 24883  98.6656 202.0480 0002657  38.2316 321.9056 14.33689752300474
1 24883U 97037A   22079.59618697  .00000161  00000-0  74320-4 0    14\
2 24883  98.6657 202.7470 0002632  36.4764 323.6599 14.33690069300576
1 24883U 97037A   22079.87534670  .00000164  00000-0  75168-4 0    17\
2 24883  98.6657 203.0266 0002622  35.9422 324.1938 14.33690221300615
1 24883U 97037A   22080.57324607  .00000161  00000-0  74288-4 0  3903\
2 24883  98.6658 203.7256 0002589  34.3704 325.7648 14.33690473300973
1 24883U 97037A   22080.85240576  .00000154  00000-0  71784-4 0    15\
2 24883  98.6659 204.0053 0002571  33.6038 326.5309 14.33690560300752
1 24883U 97037A   22081.62009483  .00000166  00000-0  75888-4 0    13\
2 24883  98.6660 204.7742 0002537  31.8534 328.2803 14.33690913300861
1 24883U 97037A   22081.89925446  .00000161  00000-0  74013-4 0    12\
2 24883  98.6661 205.0539 0002523  31.4372 328.6962 14.33691001300905
1 24883U 97037A   22082.31799389  .00000171  00000-0  77757-4 0    14\
2 24883  98.6662 205.4733 0002509  30.5479 329.5851 14.33691209300961
1 24883U 97037A   22082.87631303  .00000167  00000-0  76484-4 0    17\
2 24883  98.6663 206.0325 0002478  29.1212 331.0110 14.33691395301042
1 24883U 97037A   22083.57421179  .00000163  00000-0  75058-4 0    15\
2 24883  98.6664 206.7316 0002442  27.5136 332.6177 14.33691647301149
1 24883U 97037A   22083.92316111  .00000169  00000-0  76973-4 0    16\
2 24883  98.6664 207.0812 0002420  26.5181 333.6126 14.33691821301193
1 24883U 97037A   22084.34190030  .00000169  00000-0  77163-4 0    15\
2 24883  98.6665 207.5006 0002398  25.6045 334.5257 14.33691986301251
1 24883U 97037A   22084.90021905  .00000168  00000-0  76634-4 0    12\
2 24883  98.6666 208.0599 0002364  24.1526 335.9768 14.33692212301330
1 24883U 97037A   22085.31895814  .00000180  00000-0  80962-4 0    19\
2 24883  98.6666 208.4793 0002346  23.2115 336.9175 14.33692427301391
1 24883U 97037A   22085.87727674  .00000164  00000-0  75433-4 0    17\
2 24883  98.6667 209.0386 0002316  22.0243 338.1041 14.33692587301475
1 24883U 97037A   22086.57517488  .00000166  00000-0  76157-4 0  4037\
2 24883  98.6668 209.7377 0002272  19.8685 340.2587 14.33692871301833
1 24883U 97037A   22086.92412378  .00000181  00000-0  81217-4 0    12\
2 24883  98.6669 210.0872 0002255  19.0831 341.0437 14.33693143301628
1 24883U 97037A   22087.34286239  .00000198  00000-0  87486-4 0    16\
2 24883  98.6670 210.5067 0002234  18.2043 341.9221 14.33693473301686
1 24883U 97037A   22087.90118060  .00000201  00000-0  88526-4 0    15\
2 24883  98.6670 211.0660 0002198  16.3508 343.7747 14.33693740301764
1 24883U 97037A   22088.59907802  .00000236  00000-0  10122-3 0    15\
2 24883  98.6671 211.7650 0002163  14.5559 345.5687 14.33694300301866
1 24883U 97037A   22088.87823701  .00000248  00000-0  10569-3 0    19\
2 24883  98.6671 212.0447 0002142  12.6492 347.4746 14.33694480301907
1 24883U 97037A   22089.57613426  .00000297  00000-0  12336-3 0    16\
2 24883  98.6672 212.7437 0002103  10.6942 349.4287 14.33695105302008
1 24883U 97037A   22089.85529310  .00000300  00000-0  12420-3 0    14\
2 24883  98.6673 213.0234 0002079   9.3056 350.8166 14.33695269302048
1 24883U 97037A   22090.62297967  .00000313  00000-0  12881-3 0    16\
2 24883  98.6674 213.7925 0002036   7.2148 352.9066 14.33695786302153
1 24883U 97037A   22090.83234862  .00000332  00000-0  13591-3 0    14\
2 24883  98.6674 214.0022 0002026   6.6303 353.4908 14.33696056302185
1 24883U 97037A   22091.60003491  .00000321  00000-0  13167-3 0  4147\
2 24883  98.6676 214.7713 0001984   4.6264 355.4938 14.33696439302558
1 24883U 97037A   22091.60003491  .00000321  00000-0  13167-3 0    19\
2 24883  98.6676 214.7713 0001984   4.6264 355.4938 14.33696439302299
1 24883U 97037A   22091.87919333  .00000341  00000-0  13914-3 0    11\
2 24883  98.6676 215.0509 0001974   4.2395 355.8805 14.33696801302331
1 24883U 97037A   22092.92603740  .00000354  00000-0  14375-3 0    16\
2 24883  98.6677 216.0995 0001911   1.4189 358.7000 14.33697616302483
1 24883U 97037A   22093.90309134  .00000335  00000-0  13681-3 0    13\
2 24883  98.6679 217.0784 0001858 358.7798   1.3382 14.33698264302626
1 24883U 97037A   22094.32182849  .00000343  00000-0  13960-3 0    11\
2 24883  98.6680 217.4979 0001833 357.4808   2.6366 14.33698654302684
1 24883U 97037A   22094.88014462  .00000335  00000-0  13674-3 0    10\
2 24883  98.6681 218.0573 0001802 355.8924   4.2245 14.33699053302766
1 24883U 97037A   22095.57803944  .00000354  00000-0  14365-3 0    17\
2 24883  98.6682 218.7564 0001765 353.3982   6.7178 14.33699735302869
1 24883U 97037A   22095.85719733  .00000334  00000-0  13641-3 0  4232\
2 24883  98.6682 219.0361 0001758 352.0608   8.0548 14.33699871302903
1 24883U 97037A   22096.34572349  .00000343  00000-0  13971-3 0    15\
2 24883  98.6683 219.5255 0001733 350.1252   9.9897 14.33700321302975
1 24883U 97037A   22096.90403894  .00000317  00000-0  13023-3 0    14\
2 24883  98.6684 220.0849 0001701 348.0428  12.0716 14.33700645303052
1 24883U 97037A   22097.60193307  .00000321  00000-0  13178-3 0    13\
2 24883  98.6685 220.7841 0001675 345.3575  14.7560 14.33701207303157
1 24883U 97037A   22097.88109062  .00000319  00000-0  13126-3 0    18\
2 24883  98.6686 221.0638 0001660 344.3648  15.7484 14.33701439303197
1 24883U 97037A   22098.36961632  .00000314  00000-0  12927-3 0  4287\
2 24883  98.6686 221.5532 0001630 342.7046  17.4083 14.33701778303523
1 24883U 97037A   22098.36961632  .00000314  00000-0  12927-3 0    14\
2 24883  98.6686 221.5532 0001630 342.7046  17.4083 14.33701778303264
1 24883U 97037A   22098.85814189  .00000289  00000-0  12014-3 0    10\
2 24883  98.6688 222.0427 0001599 340.9722  19.1402 14.33702021303334
1 24883U 97037A   22099.34666731  .00000286  00000-0  11934-3 0    10\
2 24883  98.6688 222.5322 0001578 338.9206  21.1913 14.33702379303408
1 24883U 97037A   22099.90498192  .00000279  00000-0  11671-3 0    16\
2 24883  98.6690 223.0916 0001551 337.0244  23.0870 14.33702774303489
1 24883U 97037A   22100.60287504  .00000285  00000-0  11872-3 0    19\
2 24883  98.6691 223.7909 0001520 334.8043  25.3067 14.33703309303586
1 24883U 97037A   22100.88203224  .00000269  00000-0  11309-3 0    13\
2 24883  98.6691 224.0706 0001503 333.9093  26.2015 14.33703430303624
1 24883U 97037A   22101.37055713  .00000270  00000-0  11347-3 0  4395\
2 24883  98.6691 224.5601 0001489 331.5967  28.5135 14.33703806303951
1 24883U 97037A   22101.57992497  .00000269  00000-0  11325-3 0    15\
2 24883  98.6692 224.7699 0001483 330.9760  29.1341 14.33703939303727
1 24883U 97037A   22101.85908206  .00000245  00000-0  10453-3 0    16\
2 24883  98.6693 225.0496 0001469 329.7476  30.3624 14.33704010303764
1 24883U 97037A   22102.34760672  .00000280  00000-0  11717-3 0    17\
2 24883  98.6694 225.5391 0001453 327.5137  32.5958 14.33704564303833
1 24883U 97037A   22102.90592057  .00000261  00000-0  11014-3 0    18\
2 24883  98.6695 226.0986 0001431 325.0720  35.0370 14.33704860303911
1 24883U 97037A   22103.32465593  .00000263  00000-0  11090-3 0    15\
2 24883  98.6695 226.5182 0001416 322.9430  37.1656 14.33705133303971
1 24883U 97037A   22103.88296968  .00000242  00000-0  10334-3 0    11\
2 24883  98.6696 227.0777 0001391 320.8439  39.2645 14.33705369304058
1 24883U 97037A   22104.58086154  .00000243  00000-0  10378-3 0    12\
2 24883  98.6698 227.7770 0001363 317.6330  42.4748 14.33705822304158
1 24883U 97037A   22105.34854240  .00000235  00000-0  10093-3 0  4486\
2 24883  98.6699 228.5462 0001322 314.1393  45.9682 14.33706277304523
1 24883U 97037A   22105.34854240  .00000235  00000-0  10093-3 0    11\
2 24883  98.6699 228.5462 0001322 314.1393  45.9682 14.33706277304264
1 24883U 97037A   22105.90685553  .00000238  00000-0  10175-3 0    16\
2 24883  98.6700 229.1057 0001292 311.2742  48.8331 14.33706657304340
1 24883U 97037A   22106.60474695  .00000226  00000-0  97716-4 0    11\
2 24883  98.6701 229.8051 0001263 307.9825  52.1245 14.33706976304441
1 24883U 97037A   22106.88390345  .00000226  00000-0  97682-4 0    12\
2 24883  98.6702 230.0849 0001243 306.3337  53.7732 14.33707141304487
1 24883U 97037A   22107.58179465  .00000224  00000-0  96958-4 0    11\
2 24883  98.6703 230.7842 0001215 302.7481  57.3585 14.33707488304588
1 24883U 97037A   22107.86095106  .00000220  00000-0  95329-4 0    18\
2 24883  98.6704 231.0640 0001205 300.9846  59.1220 14.33707623304625
1 24883U 97037A   22108.34947476  .00000227  00000-0  97819-4 0    11\
2 24883  98.6705 231.5535 0001199 298.2519  61.8544 14.33707899304693
1 24883U 97037A   22108.90778744  .00000217  00000-0  94431-4 0    19\
2 24883  98.6706 232.1131 0001193 295.1660  64.9400 14.33708138304771
1 24883U 97037A   22109.60567808  .00000219  00000-0  95212-4 0    14\
2 24883  98.6707 232.8124 0001184 291.1887  68.9171 14.33708505304876
1 24883U 97037A   22110.58272452  .00000237  00000-0  10167-3 0  4605\
2 24883  98.6709 233.7916 0001176 284.9237  75.1817 14.33709149305274
1 24883U 97037A   22110.58272452  .00000237  00000-0  10167-3 0    16\
2 24883  98.6709 233.7916 0001176 284.9237  75.1817 14.33709149305016
1 24883U 97037A   22111.35040352  .00000273  00000-0  11450-3 0    10\
2 24883  98.6710 234.5609 0001192 280.2246  79.8804 14.33709808305124
1 24883U 97037A   22112.32744929  .00000296  00000-0  12295-3 0    12\
2 24883  98.6712 235.5401 0001200 274.6307  85.4740 14.33710508305268
1 24883U 97037A   22113.58365024  .00000293  00000-0  12164-3 0    18\
2 24883  98.6714 236.7990 0001206 268.0334  92.0712 14.33711302305445
1 24883U 97037A   22114.35132807  .00000296  00000-0  12268-3 0    13\
2 24883  98.6716 237.5684 0001216 263.6510  96.4536 14.33711900305552
1 24883U 97037A   22115.60752787  .00000280  00000-0  11689-3 0    16\
2 24883  98.6718 238.8275 0001210 257.1397 102.9652 14.33712681305738
1 24883U 97037A   22116.58457161  .00000262  00000-0  11064-3 0    19\
2 24883  98.6719 239.8067 0001247 252.0906 108.0143 14.33713261305871
1 24883U 97037A   22116.86372684  .00000312  00000-0  12868-3 0    15\
2 24883  98.6719 240.0865 0001271 250.6286 109.4760 14.33713729305917
1 24883U 97037A   22117.35224843  .00000293  00000-0  12155-3 0    10\
2 24883  98.6720 240.5761 0001295 248.2956 111.8090 14.33713975305985
1 24883U 97037A   22118.32929107  .00000353  00000-0  14349-3 0    17\
2 24883  98.6723 241.5555 0001329 244.0644 116.0403 14.33715071306127
1 24883U 97037A   22119.58548816  .00000330  00000-0  13510-3 0    14\
2 24883  98.6725 242.8146 0001352 238.1849 121.9204 14.33715899306308
1 24883U 97037A   22119.86464284  .00000337  00000-0  13763-3 0  4786\
2 24883  98.6726 243.0944 0001351 236.6363 123.4692 14.33716213306603
1 24883U 97037A   22120.35316356  .00000303  00000-0  12530-3 0    14\
2 24883  98.6727 243.5841 0001369 233.9083 126.1974 14.33716424306419
1 24883U 97037A   22120.91147282  .00000306  00000-0  12636-3 0    16\
2 24883  98.6728 244.1438 0001383 231.2662 128.8398 14.33716891306494
1 24883U 97037A   22121.60935920  .00000324  00000-0  13292-3 0    16\
2 24883  98.6730 244.8433 0001406 227.8577 132.2488 14.33717523306594
1 24883U 97037A   22121.81872511  .00000319  00000-0  13101-3 0    18\
2 24883  98.6730 245.0532 0001415 226.9581 133.1485 14.33717653306627
1 24883U 97037A   22122.58639984  .00000276  00000-0  11564-3 0    11\
2 24883  98.6732 245.8227 0001445 223.3134 136.7937 14.33717988306730
1 24883U 97037A   22122.86555422  .00000270  00000-0  11334-3 0    15\
2 24883  98.6732 246.1025 0001455 222.2761 137.8312 14.33718172306774
1 24883U 97037A   22123.35407428  .00000251  00000-0  10658-3 0  4877\
2 24883  98.6733 246.5922 0001481 220.2675 139.8400 14.33718426307106
1 24883U 97037A   22123.35407428  .00000251  00000-0  10658-3 0    19\
2 24883  98.6733 246.5922 0001481 220.2675 139.8400 14.33718426306846
1 24883U 97037A   22123.63322854  .00000243  00000-0  10361-3 0    11\
2 24883  98.6734 246.8721 0001490 219.1194 140.9882 14.33718585306887
1 24883U 97037A   22124.61026822  .00000231  00000-0  99366-4 0    16\
2 24883  98.6736 247.8515 0001532 215.1760 144.9323 14.33719208307027
1 24883U 97037A   22124.61026822  .00000231  00000-0  99366-4 0  4908\
2 24883  98.6736 247.8515 0001532 215.1760 144.9323 14.33719208307285
1 24883U 97037A   22125.58730742  .00000284  00000-0  11840-3 0    14\
2 24883  98.6737 248.8309 0001573 210.9438 149.1653 14.33720159307165
1 24883U 97037A   22125.86646136  .00000328  00000-0  13441-3 0    16\
2 24883  98.6738 249.1107 0001588 209.9527 150.1566 14.33720607307207
1 24883U 97037A   22126.35498075  .00000303  00000-0  12528-3 0  4953\
2 24883  98.6739 249.6004 0001634 208.0660 152.0436 14.33720781307535
1 24883U 97037A   22126.35498075  .00000303  00000-0  12528-3 0    16\
2 24883  98.6739 249.6004 0001634 208.0660 152.0436 14.33720781307276
1 24883U 97037A   22127.33201965  .00000240  00000-0  10252-3 0    17\
2 24883  98.6741 250.5799 0001694 204.8652 155.2451 14.33720943307410
1 24883U 97037A   22127.89032752  .00000214  00000-0  93235-4 0    18\
2 24883  98.6742 251.1397 0001711 202.6950 157.4158 14.33721069307495
1 24883U 97037A   22128.58821205  .00000204  00000-0  89720-4 0    17\
2 24883  98.6743 251.8393 0001749 199.9791 160.1325 14.33721370307594
1 24883U 97037A   22128.86736581  .00000204  00000-0  89498-4 0    12\
2 24883  98.6744 252.1192 0001765 199.0062 161.1057 14.33721524307635
1 24883U 97037A   22129.56525010  .00000186  00000-0  83206-4 0    13\
2 24883  98.6745 252.8188 0001810 196.7426 163.3698 14.33721780307737
1 24883U 97037A   22129.91419216  .00000184  00000-0  82593-4 0    18\
2 24883  98.6745 253.1686 0001831 195.5458 164.5670 14.33721965307782
1 24883U 97037A   22130.61207627  .00000175  00000-0  79204-4 0    13\
2 24883  98.6746 253.8683 0001873 192.8600 167.2537 14.33722236307887
1 24883U 97037A   22130.89122980  .00000176  00000-0  79553-4 0    19\
2 24883  98.6747 254.1482 0001892 191.9782 168.1358 14.33722397307925
1 24883U 97037A   22131.58911369  .00000166  00000-0  76011-4 0    18\
2 24883  98.6748 254.8478 0001931 189.7240 170.3907 14.33722660308026
1 24883U 97037A   22132.56615061  .00000193  00000-0  85561-4 0    17\
2 24883  98.6749 255.8274 0001985 186.8743 173.2414 14.33723324308165
1 24883U 97037A   22133.61297557  .00000210  00000-0  91893-4 0    15\
2 24883  98.6751 256.8770 0002044 183.5765 176.5405 14.33723967308311
1 24883U 97037A   22133.89212872  .00000221  00000-0  95796-4 0    10\
2 24883  98.6751 257.1568 0002059 182.7430 177.3743 14.33724211308357
1 24883U 97037A   22134.59001165  .00000257  00000-0  10869-3 0    15\
2 24883  98.6752 257.8565 0002095 180.5882 179.5300 14.33724781308455
1 24883U 97037A   22134.86916469  .00000268  00000-0  11264-3 0    19\
2 24883  98.6752 258.1364 0002113 179.7472 180.3713 14.33725034308496
1 24883U 97037A   22135.56704717  .00000307  00000-0  12667-3 0    10\
2 24883  98.6754 258.8361 0002168 177.9895 182.1298 14.33725680308597
1 24883U 97037A   22135.91598837  .00000315  00000-0  12965-3 0    13\
2 24883  98.6754 259.1860 0002186 177.0318 183.0880 14.33725950308649
1 24883U 97037A   22136.61387055  .00000315  00000-0  12979-3 0    14\
2 24883  98.6756 259.8858 0002221 175.2555 184.8651 14.33726403308748
1 24883U 97037A   22136.61387055  .00000315  00000-0  12979-3 0  5200\
2 24883  98.6756 259.8858 0002221 175.2555 184.8651 14.33726403309008
1 24883U 97037A   22137.59090518  .00000349  00000-0  14170-3 0    19\
2 24883  98.6757 260.8655 0002275 172.6661 187.4557 14.33727245308888
1 24883U 97037A   22137.87005784  .00000360  00000-0  14573-3 0    11\
2 24883  98.6758 261.1454 0002304 171.9138 188.2083 14.33727502308928
1 24883U 97037A   22138.35857469  .00000396  00000-0  15884-3 0    15\
2 24883  98.6758 261.6352 0002338 171.0655 189.0571 14.33728099308992
1 24883U 97037A   22139.33560806  .00000446  00000-0  17679-3 0    10\
2 24883  98.6761 262.6150 0002390 168.9033 191.2204 14.33729180309133
1 24883U 97037A   22140.59179333  .00000425  00000-0  16933-3 0    10\
2 24883  98.6762 263.8746 0002467 165.7905 194.3349 14.33730059309317
1 24883U 97037A   22141.21988530  .00000453  00000-0  17948-3 0    15\
2 24883  98.6763 264.5045 0002503 163.7849 196.3416 14.33730830309408
1 24883U 97037A   22141.56882505  .00000462  00000-0  18255-3 0  5318\
2 24883  98.6764 264.8542 0002532 163.0109 197.1160 14.33731257309711
1 24883U 97037A   22141.56882505  .00000462  00000-0  18255-3 0    10\
2 24883  98.6764 264.8542 0002532 163.0109 197.1160 14.33731257309452
1 24883U 97037A   22141.91776495  .00000450  00000-0  17816-3 0    18\
2 24883  98.6765 265.2043 0002553 161.4221 198.7057 14.33731533309509
1 24883U 97037A   22142.61564441  .00000450  00000-0  17828-3 0    15\
2 24883  98.6766 265.9041 0002591 159.4973 200.6316 14.33732195309605
1 24883U 97037A   22142.75522022  .00000435  00000-0  17279-3 0    12\
2 24883  98.6768 266.0441 0002590 159.7554 200.3733 14.33732244309627
1 24883U 97037A   22142.96458396  .00000421  00000-0  16780-3 0    18\
2 24883  98.6768 266.2540 0002594 159.2560 200.8730 14.33732364309653
1 24883U 97037A   22144.56970554  .00000351  00000-0  14240-3 0  5387\
2 24883  98.6768 267.8639 0002710 154.7536 205.3781 14.33733416310143
1 24883U 97037A   22144.84885684  .00000355  00000-0  14418-3 0    13\
2 24883  98.6768 268.1439 0002724 154.0968 206.0352 14.33733738309925
1 24883U 97037A   22145.33737169  .00000333  00000-0  13614-3 0    15\
2 24883  98.6769 268.6338 0002747 153.1444 206.9882 14.33734030309993
1 24883U 97037A   22145.89567392  .00000333  00000-0  13614-3 0    15\
2 24883  98.6772 269.1937 0002741 152.1140 208.0192 14.33734590310073
1 24883U 97037A   22146.31440066  .00000293  00000-0  12151-3 0    11\
2 24883  98.6772 269.6137 0002757 151.1122 209.0215 14.33734728310133
1 24883U 97037A   22147.29142968  .00000268  00000-0  11282-3 0    15\
2 24883  98.6774 270.5934 0002809 149.7009 210.4338 14.33735326310278
1 24883U 97037A   22148.33824560  .00000252  00000-0  10682-3 0  5477\
2 24883  98.6777 271.6434 0002860 147.5468 212.5893 14.33736036310683
1 24883U 97037A   22148.54760876  .00000247  00000-0  10526-3 0    15\
2 24883  98.6777 271.8533 0002871 147.0638 213.0725 14.33736156310459
1 24883U 97037A   22148.89654744  .00000208  00000-0  90994-4 0    14\
2 24883  98.6777 272.2033 0002888 146.1506 213.9862 14.33736162310505
1 24883U 97037A   22149.59442453  .00000198  00000-0  87510-4 0    12\
2 24883  98.6778 272.9032 0002916 144.5391 215.5987 14.33736526310609
1 24883U 97037A   22149.87357527  .00000192  00000-0  85217-4 0    16\
2 24883  98.6779 273.1831 0002929 143.9475 216.1907 14.33736681310645
1 24883U 97037A   22150.57145218  .00000159  00000-0  73270-4 0    16\
2 24883  98.6779 273.8830 0002954 142.6061 217.5329 14.33736863310742
1 24883U 97037A   22150.78081517  .00000157  00000-0  72537-4 0    13\
2 24883  98.6780 274.0930 0002965 142.0873 218.0520 14.33736995310773
1 24883U 97037A   22151.05996586  .00000150  00000-0  70208-4 0    11\
2 24883  98.6781 274.3730 0002976 141.4833 218.6564 14.33737085310816
1 24883U 97037A   22151.61826707  .00000158  00000-0  72949-4 0    12\
2 24883  98.6782 274.9329 0003002 140.2481 219.8923 14.33737437310895
1 24883U 97037A   22152.80465700  .00000145  00000-0  68243-4 0    14\
2 24883  98.6783 276.1228 0003056 137.5253 222.6168 14.33737948311063
1 24883U 97037A   22153.57232089  .00000137  00000-0  65541-4 0    10\
2 24883  98.6785 276.8928 0003092 135.8217 224.3214 14.33738228311175
1 24883U 97037A   22154.33998463  .00000130  00000-0  62951-4 0    15\
2 24883  98.6787 277.6627 0003122 134.1874 225.9567 14.33738517311288
1 24883U 97037A   22154.89828549  .00000119  00000-0  59128-4 0    12\
2 24883  98.6788 278.2227 0003135 133.2876 226.8570 14.33738649311367
1 24883U 97037A   22155.52637391  .00000119  00000-0  58947-4 0    14\
2 24883  98.6789 278.8527 0003161 131.9399 228.2055 14.33738838311455
1 24883U 97037A   22155.87531184  .00000111  00000-0  56190-4 0    15\
2 24883  98.6790 279.2027 0003173 131.2302 228.9156 14.33738929311503
1 24883U 97037A   22156.57318766  .00000110  00000-0  55854-4 0  5641\
2 24883  98.6791 279.9027 0003196 129.8884 230.2582 14.33739133311860
1 24883U 97037A   22156.57318766  .00000110  00000-0  55854-4 0    17\
2 24883  98.6791 279.9027 0003196 129.8884 230.2582 14.33739133311602
1 24883U 97037A   22157.34085096  .00000098  00000-0  51502-4 0    11\
2 24883  98.6791 280.6727 0003218 128.3767 231.7707 14.33739313311714
1 24883U 97037A   22157.89915143  .00000103  00000-0  53231-4 0    14\
2 24883  98.6792 281.2327 0003239 127.1940 232.9540 14.33739517311793
1 24883U 97037A   22158.59702695  .00000104  00000-0  53654-4 0    18\
2 24883  98.6793 281.9327 0003262 125.7346 234.4142 14.33739716311898
1 24883U 97037A   22158.87617707  .00000105  00000-0  53962-4 0    11\
2 24883  98.6793 282.2128 0003272 125.1860 234.9631 14.33739831311938
1 24883U 97037A   22159.57405237  .00000111  00000-0  56153-4 0  5716\
2 24883  98.6794 282.9128 0003293 123.8280 236.3218 14.33740084312299
1 24883U 97037A   22159.57405237  .00000111  00000-0  56153-4 0    14\
2 24883  98.6794 282.9128 0003293 123.8280 236.3218 14.33740084312031
1 24883U 97037A   22160.34171499  .00000119  00000-0  59087-4 0    18\
2 24883  98.6794 283.6828 0003309 122.3259 237.8246 14.33740415312141
1 24883U 97037A   22160.62086505  .00000117  00000-0  58453-4 0    16\
2 24883  98.6795 283.9628 0003320 121.7147 238.4361 14.33740487312183
1 24883U 97037A   22161.59789003  .00000121  00000-0  59720-4 0    19\
2 24883  98.6796 284.9429 0003348 119.7357 240.4161 14.33740834312327
1 24883U 97037A   22161.87703994  .00000121  00000-0  59699-4 0    10\
2 24883  98.6796 285.2229 0003351 119.2489 240.9030 14.33740946312362
1 24883U 97037A   22162.57491467  .00000129  00000-0  62586-4 0  5783\
2 24883  98.6797 285.9229 0003365 117.9443 242.2082 14.33741236312725
1 24883U 97037A   22162.85406455  .00000126  00000-0  61607-4 0    18\
2 24883  98.6798 286.2030 0003371 117.4280 242.7248 14.33741329312509
1 24883U 97037A   22163.34257671  .00000123  00000-0  60592-4 0    16\
2 24883  98.6798 286.6930 0003369 116.5971 243.5558 14.33741498312573
1 24883U 97037A   22163.90087624  .00000155  00000-0  71828-4 0    16\
2 24883  98.6800 287.2531 0003385 115.4066 244.7468 14.33741885312654
1 24883U 97037A   22164.59875047  .00000173  00000-0  78494-4 0    12\
2 24883  98.6801 287.9532 0003402 113.9384 246.2157 14.33742268312758
1 24883U 97037A   22164.59875047  .00000173  00000-0  78494-4 0  5837\
2 24883  98.6801 287.9532 0003402 113.9384 246.2157 14.33742268313018
1 24883U 97037A   22164.87790018  .00000174  00000-0  78733-4 0    14\
2 24883  98.6801 288.2332 0003408 113.4099 246.7444 14.33742381312798
1 24883U 97037A   22165.57577416  .00000227  00000-0  97791-4 0    11\
2 24883  98.6802 288.9333 0003418 112.0177 248.1371 14.33742964312893
1 24883U 97037A   22165.85492372  .00000243  00000-0  10356-3 0    18\
2 24883  98.6803 289.2134 0003422 111.4988 248.6561 14.33743185312932
1 24883U 97037A   22166.34343550  .00000217  00000-0  94233-4 0    14\
2 24883  98.6803 289.7034 0003428 110.5081 249.6471 14.33743229313005
1 24883U 97037A   22166.83194700  .00000254  00000-0  10751-3 0    12\
2 24883  98.6804 290.1935 0003443 109.4316 250.7241 14.33743684313077
1 24883U 97037A   22166.90173437  .00000253  00000-0  10734-3 0    14\
2 24883  98.6804 290.2635 0003443 109.3014 250.8542 14.33743707313081
1 24883U 97037A   22170.32131359  .00000198  00000-0  87435-4 0    13\
2 24883  98.6809 293.6940 0003467 102.6234 257.5338 14.33744912313578
1 24883U 97037A   22170.60046273  .00000191  00000-0  84798-4 0  5886\
2 24883  98.6810 293.9741 0003469 102.1234 258.0339 14.33744990313875
1 24883U 97037A   22170.87961181  .00000184  00000-0  82317-4 0    16\
2 24883  98.6810 294.2542 0003468 101.6353 258.5220 14.33745098313653
1 24883U 97037A   22171.57748443  .00000187  00000-0  83505-4 0    11\
2 24883  98.6810 294.9543 0003467 100.3112 259.8464 14.33745443313758
1 24883U 97037A   22171.78684614  .00000181  00000-0  81463-4 0    18\
2 24883  98.6811 295.1643 0003467  99.9269 260.2307 14.33745544313786
1 24883U 97037A   22172.34514402  .00000180  00000-0  80955-4 0    12\
2 24883  98.6811 295.7245 0003469  98.7845 261.3732 14.33745823313862
1 24883U 97037A   22172.83365462  .00000174  00000-0  78989-4 0    13\
2 24883  98.6812 296.2146 0003472  97.8324 262.3255 14.33746043313939
1 24883U 97037A   22173.11280352  .00000178  00000-0  80181-4 0    10\
2 24883  98.6812 296.4946 0003476  97.2538 262.9041 14.33746171313979
1 24883U 97037A   22173.81067560  .00000168  00000-0  76631-4 0    15\
2 24883  98.6813 297.1948 0003484  95.8114 264.3467 14.33746476314071
1 24883U 97037A   22174.57833474  .00000152  00000-0  70814-4 0    14\
2 24883  98.6813 297.9650 0003480  94.3176 265.8405 14.33746730314180
1 24883U 97037A   22174.85748346  .00000136  00000-0  65078-4 0    16\
2 24883  98.6814 298.2451 0003479  93.7851 266.3731 14.33746792314226
1 24883U 97037A   22175.48556803  .00000128  00000-0  62346-4 0    17\
2 24883  98.6815 298.8752 0003477  92.5623 267.5959 14.33747018314316
1 24883U 97037A   22175.90429102  .00000123  00000-0  60333-4 0    14\
2 24883  98.6815 299.2954 0003484  91.7055 268.4528 14.33747177314377
1 24883U 97037A   22176.53237539  .00000122  00000-0  59930-4 0    15\
2 24883  98.6816 299.9255 0003488  90.4547 269.7037 14.33747427314462
1 24883U 97037A   22176.88131109  .00000127  00000-0  61742-4 0    18\
2 24883  98.6816 300.2756 0003491  89.7148 270.4436 14.33747609314516
1 24883U 97037A   22177.57918234  .00000125  00000-0  61003-4 0    15\
2 24883  98.6817 300.9758 0003483  88.3389 271.8194 14.33747892314610
1 24883U 97037A   22177.92811791  .00000128  00000-0  62226-4 0    15\
2 24883  98.6817 301.3259 0003477  87.6579 272.5004 14.33748065314663
1 24883U 97037A   22178.55620196  .00000115  00000-0  57650-4 0    13\
2 24883  98.6819 301.9561 0003469  86.4671 273.6910 14.33748223314752
1 24883U 97037A   22178.90513751  .00000104  00000-0  53546-4 0    18\
2 24883  98.6819 302.3062 0003465  85.7806 274.3774 14.33748293314800
1 24883U 97037A   22179.32386015  .00000098  00000-0  51473-4 0    15\
2 24883  98.6820 302.7263 0003460  84.9349 275.2230 14.33748400314860
1 24883U 97037A   22179.88215696  .00000092  00000-0  49323-4 0    17\
2 24883  98.6821 303.2865 0003456  83.8193 276.3384 14.33748541314942
1 24883U 97037A   22180.58002782  .00000086  00000-0  46965-4 0    18\
2 24883  98.6822 303.9867 0003442  82.4800 277.6775 14.33748719315044
1 24883U 97037A   22180.85917614  .00000081  00000-0  45464-4 0    15\
2 24883  98.6823 304.2668 0003437  81.9366 278.2208 14.33748797315081
1 24883U 97037A   22181.55704685  .00000076  00000-0  43439-4 0  6116\
2 24883  98.6824 304.9670 0003419  80.6299 279.5271 14.33748961315440
1 24883U 97037A   22181.55704685  .00000076  00000-0  43439-4 0    19\
2 24883  98.6824 304.9670 0003419  80.6299 279.5271 14.33748961315181
1 24883U 97037A   22181.90598219  .00000073  00000-0  42541-4 0    12\
2 24883  98.6825 305.3172 0003413  79.8900 280.2669 14.33749054315237
1 24883U 97037A   22182.32470457  .00000081  00000-0  45236-4 0    15\
2 24883  98.6825 305.7373 0003405  79.0712 281.0856 14.33749202315296
1 24883U 97037A   22182.88300101  .00000082  00000-0  45636-4 0    19\
2 24883  98.6826 306.2975 0003397  77.9926 282.1638 14.33749357315375
1 24883U 97037A   22183.37151025  .00000097  00000-0  51005-4 0    16\
2 24883  98.6826 306.7877 0003390  77.0242 283.1320 14.33749596315448
1 24883U 97037A   22183.86001943  .00000106  00000-0  54447-4 0    17\
2 24883  98.6827 307.2779 0003382  76.0879 284.0681 14.33749822315512
1 24883U 97037A   22184.55788966  .00000114  00000-0  57210-4 0    11\
2 24883  98.6828 307.9781 0003367  74.6783 285.4773 14.33750065315613
1 24883U 97037A   22184.90682472  .00000118  00000-0  58574-4 0    13\
2 24883  98.6828 308.3282 0003356  73.9702 286.1851 14.33750205315661
1 24883U 97037A   22185.32554676  .00000131  00000-0  63466-4 0    15\
2 24883  98.6828 308.7484 0003346  73.1123 287.0428 14.33750408315729
1 24883U 97037A   22185.88384279  .00000129  00000-0  62703-4 0    16\
2 24883  98.6829 309.3086 0003337  71.9479 288.2069 14.33750566315803
1 24883U 97037A   22186.58171270  .00000133  00000-0  64191-4 0    17\
2 24883  98.6829 310.0089 0003319  70.5830 289.5712 14.33750793315903
1 24883U 97037A   22186.86086059  .00000135  00000-0  64648-4 0    17\
2 24883  98.6829 310.2890 0003311  70.0163 290.1377 14.33750918315949
1 24883U 97037A   22187.55873034  .00000133  00000-0  63914-4 0  6278\
2 24883  98.6830 310.9893 0003296  68.5854 291.5681 14.33751123316305
1 24883U 97037A   22187.55873034  .00000133  00000-0  63914-4 0    14\
2 24883  98.6830 310.9893 0003296  68.5854 291.5681 14.33751123316046
1 24883U 97037A   22187.76809123  .00000130  00000-0  62870-4 0    12\
2 24883  98.6830 311.1994 0003290  68.1650 291.9884 14.33751194316075
1 24883U 97037A   22188.32638694  .00000121  00000-0  59759-4 0    10\
2 24883  98.6830 311.7596 0003275  66.9999 293.1531 14.33751314316150
1 24883U 97037A   22188.88468244  .00000152  00000-0  70767-4 0    19\
2 24883  98.6831 312.3198 0003260  65.9354 294.2171 14.33751689316230
1 24883U 97037A   22189.58255171  .00000133  00000-0  63940-4 0    14\
2 24883  98.6831 313.0201 0003235  64.5520 295.5999 14.33751848316335
1 24883U 97037A   22189.86169939  .00000129  00000-0  62661-4 0    15\
2 24883  98.6832 313.3003 0003224  63.9881 296.1635 14.33751947316378
1 24883U 97037A   22190.35020774  .00000133  00000-0  64049-4 0    11\
2 24883  98.6832 313.7905 0003202  62.9212 297.2299 14.33752157316446
1 24883U 97037A   22190.62935532  .00000136  00000-0  65259-4 0    15\
2 24883  98.6833 314.0706 0003195  62.3794 297.7714 14.33752288316486
1 24883U 97037A   22191.32722426  .00000147  00000-0  69086-4 0    13\
2 24883  98.6833 314.7709 0003171  60.9164 299.2337 14.33752621316585
1 24883U 97037A   22191.88551929  .00000157  00000-0  72596-4 0    13\
2 24883  98.6834 315.3312 0003154  59.8031 300.3465 14.33752896316663
1 24883U 97037A   22192.58338794  .00000167  00000-0  76275-4 0    13\
2 24883  98.6834 316.0315 0003125  58.3318 301.8171 14.33753227316764
1 24883U 97037A   22192.93232217  .00000173  00000-0  78618-4 0    15\
2 24883  98.6835 316.3816 0003111  57.6381 302.5104 14.33753425316811
1 24883U 97037A   22193.83955091  .00000214  00000-0  93302-4 0    10\
2 24883  98.6836 317.2921 0003073  55.7741 304.3734 14.33754092316949
1 24883U 97037A   22194.60720606  .00000192  00000-0  85241-4 0    16\
2 24883  98.6836 318.0624 0003055  54.2802 305.8666 14.33754255317054
1 24883U 97037A   22194.88635332  .00000195  00000-0  86321-4 0    10\
2 24883  98.6837 318.3426 0003042  53.7171 306.4294 14.33754390317095
1 24883U 97037A   22195.09571373  .00000195  00000-0  86460-4 0  6456\
2 24883  98.6837 318.5526 0003034  53.2770 306.8693 14.33754465317381
1 24883U 97037A   22195.58422134  .00000178  00000-0  80423-4 0    10\
2 24883  98.6837 319.0428 0003014  52.2830 307.8627 14.33754582317199
1 24883U 97037A   22195.79358171  .00000179  00000-0  80483-4 0    19\
2 24883  98.6837 319.2530 0003000  51.7684 308.3770 14.33754685317224
1 24883U 97037A   22196.07272887  .00000176  00000-0  79508-4 0    13\
2 24883  98.6837 319.5331 0002983  51.1407 309.0042 14.33754756317265
1 24883U 97037A   22196.84038334  .00000182  00000-0  81850-4 0    15\
2 24883  98.6839 320.3034 0002954  49.4468 310.6973 14.33755153317377
1 24883U 97037A   22197.46846411  .00000195  00000-0  86259-4 0    19\
2 24883  98.6840 320.9338 0002929  48.0830 312.0603 14.33755486317467
1 24883U 97037A   22197.88718457  .00000198  00000-0  87408-4 0    13\
2 24883  98.6841 321.3540 0002917  47.2240 312.9189 14.33755698317521
1 24883U 97037A   22198.58505179  .00000203  00000-0  89245-4 0  6526\
2 24883  98.6841 322.0544 0002882  45.6830 314.4590 14.33756053317889
1 24883U 97037A   22198.58505179  .00000203  00000-0  89245-4 0    14\
2 24883  98.6841 322.0544 0002882  45.6830 314.4590 14.33756053317621
1 24883U 97037A   22198.79441192  .00000201  00000-0  88390-4 0    19\
2 24883  98.6842 322.2645 0002871  45.2285 314.9132 14.33756160317653
1 24883U 97037A   22199.35270556  .00000207  00000-0  90644-4 0    17\
2 24883  98.6842 322.8248 0002837  43.9318 316.2091 14.33756455317737
1 24883U 97037A   22199.84121241  .00000208  00000-0  91017-4 0    13\
2 24883  98.6843 323.3151 0002812  42.8588 317.2815 14.33756705317808
1 24883U 97037A   22200.60886584  .00000220  00000-0  95475-4 0    14\
2 24883  98.6844 324.0855 0002785  41.1641 318.9752 14.33757141317914
1 24883U 97037A   22200.88801241  .00000226  00000-0  97426-4 0    15\
2 24883  98.6844 324.3656 0002774  40.6265 319.5125 14.33757342317958
1 24883U 97037A   22201.58587889  .00000221  00000-0  95620-4 0    11\
2 24883  98.6844 325.0660 0002739  39.0753 321.0629 14.33757666318054
1 24883U 97037A   22201.86502542  .00000211  00000-0  92239-4 0    17\
2 24883  98.6844 325.3462 0002722  38.4394 321.6983 14.33757779318091
1 24883U 97037A   22202.35353184  .00000197  00000-0  87179-4 0    18\
2 24883  98.6844 325.8365 0002697  37.3031 322.8340 14.33757949318162
1 24883U 97037A   22202.77225148  .00000194  00000-0  86030-4 0    14\
2 24883  98.6845 326.2567 0002676  36.3946 323.7420 14.33758174318220
1 24883U 97037A   22203.05139788  .00000188  00000-0  83943-4 0    13\
2 24883  98.6845 326.5369 0002657  35.6821 324.4541 14.33758274318263
1 24883U 97037A   22203.33054428  .00000204  00000-0  89582-4 0    15\
2 24883  98.6845 326.8171 0002641  34.9804 325.1553 14.33758511318303
1 24883U 97037A   22204.58670274  .00000168  00000-0  76833-4 0    10\
2 24883  98.6846 328.0778 0002577  32.0652 328.0688 14.33758948318483
1 24883U 97037A   22204.86584904  .00000148  00000-0  69365-4 0    15\
2 24883  98.6847 328.3580 0002561  31.4741 328.6596 14.33758977318524
1 24883U 97037A   22205.35435495  .00000141  00000-0  67033-4 0    13\
2 24883  98.6847 328.8483 0002531  30.2559 329.8771 14.33759169318591
1 24883U 97037A   22205.84286086  .00000119  00000-0  58980-4 0    13\
2 24883  98.6848 329.3386 0002505  29.1284 331.0040 14.33759269318666
1 24883U 97037A   22206.33136667  .00000117  00000-0  58412-4 0    15\
2 24883  98.6849 329.8289 0002480  27.9129 332.2188 14.33759462318739
1 24883U 97037A   22206.75008590  .00000114  00000-0  57366-4 0    18\
2 24883  98.6850 330.2492 0002465  27.1012 333.0300 14.33759622318798
1 24883U 97037A   22207.30837813  .00000112  00000-0  56449-4 0  6732\
2 24883  98.6850 330.8095 0002433  25.5640 334.5664 14.33759818319132
1 24883U 97037A   22207.30837813  .00000112  00000-0  56449-4 0    17\
2 24883  98.6850 330.8095 0002433  25.5640 334.5664 14.33759818318872
1 24883U 97037A   22207.86667032  .00000100  00000-0  52201-4 0    11\
2 24883  98.6851 331.3698 0002405  24.2854 335.8443 14.33759965318951
1 24883U 97037A   22208.56453539  .00000096  00000-0  50773-4 0  6780\
2 24883  98.6852 332.0703 0002362  22.5454 337.5834 14.33760192319314
1 24883U 97037A   22208.84368143  .00000092  00000-0  49259-4 0    10\
2 24883  98.6853 332.3505 0002348  21.8854 338.2430 14.33760277319097
1 24883U 97037A   22209.33218693  .00000094  00000-0  50177-4 0    12\
2 24883  98.6853 332.8408 0002320  20.4762 339.6514 14.33760440319165
1 24883U 97037A   22209.61133293  .00000092  00000-0  49462-4 0    18\
2 24883  98.6854 333.1209 0002307  19.8767 340.2507 14.33760504319207
1 24883U 97037A   22210.30919784  .00000092  00000-0  49253-4 0    11\
2 24883  98.6855 333.8214 0002263  17.9377 342.1887 14.33760699319306
1 24883U 97037A   22210.58834381  .00000086  00000-0  47300-4 0    14\
2 24883  98.6855 334.1016 0002249  17.3474 342.7786 14.33760739319349
1 24883U 97037A   22211.28620856  .00000089  00000-0  48067-4 0    16\
2 24883  98.6856 334.8020 0002205  15.3754 344.7497 14.33760961319442
1 24883U 97037A   22211.63514091  .00000085  00000-0  46694-4 0    18\
2 24883  98.6857 335.1523 0002183  14.4515 345.6731 14.33761038319497
1 24883U 97037A   22212.26321911  .00000080  00000-0  45052-4 0    17\
2 24883  98.6857 335.7827 0002151  12.7719 347.3520 14.33761186319581
1 24883U 97037A   22212.61215142  .00000083  00000-0  45997-4 0    15\
2 24883  98.6858 336.1330 0002130  11.8027 348.3207 14.33761282319631
1 24883U 97037A   22213.58916174  .00000089  00000-0  48092-4 0    10\
2 24883  98.6858 337.1136 0002068   8.9644 351.1576 14.33761560319773
1 24883U 97037A   22214.35681254  .00000094  00000-0  50026-4 0    10\
2 24883  98.6859 337.8842 0002018   6.6149 353.5061 14.33761813319883
1 24883U 97037A   22215.33382248  .00000100  00000-0  52219-4 0    14\
2 24883  98.6860 338.8649 0001961   3.6309 356.4889 14.33762128320020
1 24883U 97037A   22215.75254104  .00000102  00000-0  52867-4 0    10\
2 24883  98.6860 339.2852 0001940   2.7749 357.3445 14.33762246320081
1 24883U 97037A   22216.31083235  .00000098  00000-0  51587-4 0    10\
2 24883  98.6860 339.8456 0001908   1.1281 358.9907 14.33762371320163
1 24883U 97037A   22216.79933716  .00000101  00000-0  52440-4 0    14\
2 24883  98.6861 340.3361 0001876 359.6713   0.4469 14.33762534320232
1 24883U 97037A   22217.35762828  .00000107  00000-0  54677-4 0    11\
2 24883  98.6862 340.8965 0001841 357.7375   2.3800 14.33762735320315
1 24883U 97037A   22217.56698745  .00000106  00000-0  54432-4 0    18\
2 24883  98.6862 341.1066 0001827 357.2327   2.8846 14.33762790320346
1 24883U 97037A   22218.33463761  .00000111  00000-0  56178-4 0    17\
2 24883  98.6862 341.8772 0001785 354.5866   5.5299 14.33763068320451
1 24883U 97037A   22218.89292854  .00000126  00000-0  61548-4 0    14\
2 24883  98.6863 342.4376 0001750 353.0621   7.0538 14.33763335320533
1 24883U 97037A   22219.31164671  .00000129  00000-0  62593-4 0    11\
2 24883  98.6863 342.8579 0001729 351.5208   8.5946 14.33763480320598
1 24883U 97037A   22219.86993742  .00000156  00000-0  72366-4 0    19\
2 24883  98.6864 343.4184 0001696 349.6664  10.4485 14.33763849320673
1 24883U 97037A   22220.35844166  .00000178  00000-0  80235-4 0    18\
2 24883  98.6864 343.9087 0001667 347.5955  12.5188 14.33764175320742
1 24883U 97037A   22221.47502278  .00000163  00000-0  74945-4 0  7053\
2 24883  98.6866 345.0297 0001603 343.7658  16.3475 14.33764521321161
1 24883U 97037A   22221.47502278  .00000163  00000-0  74945-4 0    12\
2 24883  98.6866 345.0297 0001603 343.7658  16.3475 14.33764521320902
1 24883U 97037A   22221.61459545  .00000157  00000-0  72733-4 0    12\
2 24883  98.6866 345.1698 0001599 342.9894  17.1236 14.33764519320928
1 24883U 97037A   22222.31245856  .00000147  00000-0  69057-4 0    12\
2 24883  98.6867 345.8704 0001567 340.7820  19.3305 14.33764718321028
1 24883U 97037A   22222.52181744  .00000148  00000-0  69607-4 0    12\
2 24883  98.6868 346.0806 0001554 340.0303  20.0820 14.33764800321056
1 24883U 97037A   22223.77797051  .00000130  00000-0  62958-4 0  7126\
2 24883  98.6870 347.3416 0001486 334.7009  25.4102 14.33765197321497
1 24883U 97037A   22224.33626060  .00000142  00000-0  67246-4 0    19\
2 24883  98.6870 347.9021 0001463 332.3500  27.7606 14.33765482321312
1 24883U 97037A   22224.82476441  .00000139  00000-0  66321-4 0    18\
2 24883  98.6871 348.3925 0001436 330.3131  29.7972 14.33765651321382
1 24883U 97037A   22225.31326815  .00000136  00000-0  65247-4 0    15\
2 24883  98.6872 348.8829 0001427 327.7676  32.3421 14.33765802321450
1 24883U 97037A   22225.87155798  .00000142  00000-0  67148-4 0    15\
2 24883  98.6872 349.4434 0001395 325.4633  34.6460 14.33766070321536
1 24883U 97037A   22226.36006149  .00000145  00000-0  68245-4 0    17\
2 24883  98.6873 349.9338 0001381 322.7638  37.3450 14.33766290321606
1 24883U 97037A   22226.84856497  .00000145  00000-0  68242-4 0    16\
2 24883  98.6874 350.4242 0001357 320.5670  39.5415 14.33766503321672
1 24883U 97037A   22227.33706847  .00000149  00000-0  69753-4 0    16\
2 24883  98.6875 350.9147 0001339 318.3904  41.7178 14.33766695321748
1 24883U 97037A   22227.75578559  .00000163  00000-0  74825-4 0    11\
2 24883  98.6876 351.3351 0001309 316.7071  43.4010 14.33766960321801
1 24883U 97037A   22228.31407507  .00000186  00000-0  83001-4 0    19\
2 24883  98.6876 351.8955 0001301 313.6927  46.4149 14.33767292321887
1 24883U 97037A   22229.36086754  .00000201  00000-0  88517-4 0    17\
2 24883  98.6877 352.9465 0001265 308.2278  51.8792 14.33767833322037
1 24883U 97037A   22230.33787332  .00000236  00000-0  10096-3 0    10\
2 24883  98.6877 353.9274 0001235 303.1682  56.9383 14.33768529322176
1 24883U 97037A   22231.31487904  .00000212  00000-0  92390-4 0    13\
2 24883  98.6877 354.9082 0001212 297.9582  62.1479 14.33768839322313
1 24883U 97037A   22232.36167050  .00000188  00000-0  83778-4 0    18\
2 24883  98.6878 355.9592 0001190 291.5108  68.5949 14.33769202322463
1 24883U 97037A   22232.91995923  .00000149  00000-0  69905-4 0    10\
2 24883  98.6878 356.5197 0001183 287.9881  72.1174 14.33769235322546
1 24883U 97037A   22233.33867565  .00000158  00000-0  73203-4 0    13\
2 24883  98.6879 356.9402 0001181 285.7304  74.3749 14.33769479322603
1 24883U 97037A   22233.89696420  .00000146  00000-0  68858-4 0    11\
2 24883  98.6880 357.5008 0001169 282.6312  77.4742 14.33769650322681
1 24883U 97037A   22234.31568060  .00000127  00000-0  61997-4 0    13\
2 24883  98.6880 357.9212 0001173 280.3454  79.7598 14.33769707322743
1 24883U 97037A   22234.59482482  .00000120  00000-0  59276-4 0    16\
2 24883  98.6881 358.2015 0001170 278.7235  81.3817 14.33769774322785
1 24883U 97037A   22235.36247129  .00000100  00000-0  52330-4 0    11\
2 24883  98.6882 358.9723 0001181 274.0607  86.0442 14.33769988322898
1 24883U 97037A   22235.57182940  .00000082  00000-0  45877-4 0    10\
2 24883  98.6882 359.1825 0001180 272.8213  87.2836 14.33769973322920
1 24883U 97037A   22236.33947575  .00000088  00000-0  47930-4 0    16\
2 24883  98.6884 359.9533 0001180 268.3769  91.7280 14.33770297323039
1 24883U 97037A   22236.89776398  .00000083  00000-0  46229-4 0    15\
2 24883  98.6885   0.5138 0001184 265.1393  94.9656 14.33770450323114
1 24883U 97037A   22237.31648013  .00000082  00000-0  45743-4 0    14\
2 24883  98.6886   0.9342 0001189 262.7876  97.3173 14.33770558323176
1 24883U 97037A   22237.80498224  .00000082  00000-0  45834-4 0    16\
2 24883  98.6887   1.4247 0001188 259.9083 100.1967 14.33770715323241
1 24883U 97037A   22238.36327033  .00000077  00000-0  44062-4 0    13\
2 24883  98.6888   1.9853 0001209 256.7694 103.3355 14.33770832323322
1 24883U 97037A   22238.92155834  .00000086  00000-0  47113-4 0    13\
2 24883  98.6888   2.5459 0001212 253.3420 106.7631 14.33771037323406
1 24883U 97037A   22239.34027438  .00000093  00000-0  49542-4 0    14\
2 24883  98.6889   2.9663 0001217 251.0070 109.0983 14.33771173323462
1 24883U 97037A   22239.89856231  .00000110  00000-0  55879-4 0    15\
2 24883  98.6890   3.5269 0001222 248.0856 112.0198 14.33771417323549
1 24883U 97037A   22240.31727827  .00000113  00000-0  56817-4 0    18\
2 24883  98.6890   3.9473 0001234 245.8321 114.2734 14.33771521323608
1 24883U 97037A   22240.87556617  .00000115  00000-0  57461-4 0    14\
2 24883  98.6891   4.5080 0001251 242.7108 117.3949 14.33771655323686
1 24883U 97037A   22241.36406802  .00000107  00000-0  54665-4 0    13\
2 24883  98.6892   4.9985 0001273 240.1097 119.9961 14.33771727323758
1 24883U 97037A   22242.34107154  .00000106  00000-0  54220-4 0    16\
2 24883  98.6892   5.9795 0001315 235.2671 124.8389 14.33771980323893
1 24883U 97037A   22242.89935920  .00000111  00000-0  56226-4 0    10\
2 24883  98.6894   6.5402 0001345 232.8711 127.2350 14.33772146323977
1 24883U 97037A   22243.31807489  .00000109  00000-0  55589-4 0    14\
2 24883  98.6893   6.9606 0001364 231.1914 128.9148 14.33772251324032
1 24883U 97037A   22243.87636248  .00000108  00000-0  54987-4 0    18\
2 24883  98.6894   7.5212 0001389 228.6732 131.4333 14.33772387324113
1 24883U 97037A   22244.36486402  .00000109  00000-0  55274-4 0    19\
2 24883  98.6894   8.0117 0001417 226.6913 133.4153 14.33772532324185
1 24883U 97037A   22244.85336550  .00000103  00000-0  53369-4 0    18\
2 24883  98.6894   8.5023 0001441 224.4560 135.6508 14.33772664324259
1 24883U 97037A   22245.34186692  .00000124  00000-0  60680-4 0    10\
2 24883  98.6895   8.9930 0001463 222.6221 137.4850 14.33772919324320
1 24883U 97037A   22245.83036827  .00000108  00000-0  54937-4 0    18\
2 24883  98.6896   9.4837 0001486 220.3852 139.7222 14.33773005324395
1 24883U 97037A   22246.31886960  .00000145  00000-0  68242-4 0    18\
2 24883  98.6896   9.9742 0001505 218.7598 141.3478 14.33773352324460
1 24883U 97037A   22246.87715666  .00000154  00000-0  71595-4 0    18\
2 24883  98.6897  10.5348 0001531 216.4823 143.6257 14.33773617324549
1 24883U 97037A   22247.36565784  .00000125  00000-0  61202-4 0  7601\
2 24883  98.6898  11.0253 0001553 214.6849 145.4234 14.33773639324878
1 24883U 97037A   22247.57501535  .00000171  00000-0  77660-4 0    12\
2 24883  98.6898  11.2356 0001567 213.7023 146.4062 14.33773986324643
1 24883U 97037A   22248.34265977  .00000173  00000-0  78303-4 0    12\
2 24883  98.6899  12.0066 0001598 210.4064 149.7027 14.33774335324752
1 24883U 97037A   22248.83116072  .00000171  00000-0  77700-4 0    15\
2 24883  98.6900  12.4972 0001619 208.4430 151.6666 14.33774527324825
1 24883U 97037A   22249.31966153  .00000172  00000-0  78114-4 0    13\
2 24883  98.6900  12.9877 0001643 206.7934 153.3165 14.33774742324890
1 24883U 97037A   22249.80816228  .00000172  00000-0  78064-4 0    18\
2 24883  98.6901  13.4784 0001670 204.7242 155.3862 14.33774967324967
1 24883U 97037A   22250.29666294  .00000164  00000-0  75350-4 0    15\
2 24883  98.6901  13.9689 0001698 203.2271 156.8837 14.33775141325034
1 24883U 97037A   22251.34344971  .00000173  00000-0  78619-4 0    18\
2 24883  98.6903  15.0202 0001764 200.0783 160.0332 14.33775709325180
1 24883U 97037A   22252.32045044  .00000176  00000-0  79605-4 0    15\
2 24883  98.6904  16.0014 0001818 197.2647 162.8476 14.33776188325326
1 24883U 97037A   22252.80895073  .00000169  00000-0  77089-4 0    19\
2 24883  98.6905  16.4920 0001843 195.3335 164.7793 14.33776387325399
1 24883U 97037A   22253.36723664  .00000166  00000-0  75791-4 0  7749\
2 24883  98.6906  17.0527 0001877 193.8415 166.2718 14.33776623325734
1 24883U 97037A   22253.36723664  .00000166  00000-0  75791-4 0    12\
2 24883  98.6906  17.0527 0001877 193.8415 166.2718 14.33776623325475
1 24883U 97037A   22253.85573665  .00000168  00000-0  76701-4 0    14\
2 24883  98.6907  17.5434 0001909 192.4260 167.6878 14.33776902325547
1 24883U 97037A   22254.34423666  .00000176  00000-0  79704-4 0    19\
2 24883  98.6908  18.0341 0001939 190.7915 169.3228 14.33777168325613
1 24883U 97037A   22254.83273659  .00000189  00000-0  84085-4 0    10\
2 24883  98.6910  18.5247 0001964 189.4357 170.6790 14.33777464325684
1 24883U 97037A   22255.32123645  .00000206  00000-0  90331-4 0    15\
2 24883  98.6910  19.0153 0001990 187.9699 172.1454 14.33777774325753
1 24883U 97037A   22256.36802144  .00000226  00000-0  97504-4 0    19\
2 24883  98.6912  20.0668 0002052 184.6847 175.4318 14.33778412325909
1 24883U 97037A   22256.36802144  .00000226  00000-0  97504-4 0  7814\
2 24883  98.6912  20.0668 0002052 184.6847 175.4318 14.33778412326168
1 24883U 97037A   22257.34502044  .00000247  00000-0  10521-3 0    10\
2 24883  98.6913  21.0481 0002107 181.8165 178.3012 14.33779037326040
1 24883U 97037A   22258.32201889  .00000290  00000-0  12067-3 0    17\
2 24883  98.6914  22.0295 0002159 178.8351 181.2838 14.33779847326188
1 24883U 97037A   22258.88030374  .00000259  00000-0  10944-3 0    14\
2 24883  98.6915  22.5903 0002193 177.4474 182.6722 14.33779956326266
1 24883U 97037A   22259.57815946  .00000252  00000-0  10673-3 0  7881\
2 24883  98.6915  23.2912 0002233 175.8877 184.2325 14.33780306326626
1 24883U 97037A   22259.57815946  .00000252  00000-0  10673-3 0    19\
2 24883  98.6915  23.2912 0002233 175.8877 184.2325 14.33780306326367
1 24883U 97037A   22259.85730168  .00000233  00000-0  99920-4 0    14\
2 24883  98.6915  23.5716 0002251 175.1154 185.0053 14.33780392326400
1 24883U 97037A   22260.34580059  .00000207  00000-0  90645-4 0    18\
2 24883  98.6916  24.0623 0002277 174.1598 185.9613 14.33780504326476
1 24883U 97037A   22260.90408492  .00000201  00000-0  88679-4 0    18\
2 24883  98.6917  24.6232 0002307 172.5333 187.5886 14.33780790326558
1 24883U 97037A   22261.32279809  .00000205  00000-0  89923-4 0    10\
2 24883  98.6916  25.0437 0002322 171.5013 188.6211 14.33781038326617
1 24883U 97037A   22261.88108213  .00000200  00000-0  88046-4 0    11\
2 24883  98.6917  25.6045 0002351 170.0019 190.1212 14.33781341326695
1 24883U 97037A   22262.57893710  .00000184  00000-0  82460-4 0    16\
2 24883  98.6918  26.3055 0002386 168.2976 191.8264 14.33781639326790
1 24883U 97037A   22262.78829347  .00000197  00000-0  87077-4 0    17\
2 24883  98.6918  26.5158 0002403 167.6042 192.5201 14.33781868326820
1 24883U 97037A   22263.27679178  .00000192  00000-0  85393-4 0    11\
2 24883  98.6919  27.0065 0002428 166.5097 193.6152 14.33782101326894
1 24883U 97037A   22264.60271549  .00000194  00000-0  86056-4 0    18\
2 24883  98.6921  28.3385 0002501 162.8642 197.2627 14.33782781327086
1 24883U 97037A   22265.57971154  .00000197  00000-0  86939-4 0    17\
2 24883  98.6923  29.3199 0002545 160.7665 199.3616 14.33783259327220
1 24883U 97037A   22265.85885327  .00000187  00000-0  83444-4 0    11\
2 24883  98.6923  29.6003 0002555 160.3758 199.7525 14.33783329327262
1 24883U 97037A   22266.20778036  .00000190  00000-0  84395-4 0  8039\
2 24883  98.6924  29.9509 0002566 159.5866 200.5421 14.33783484327571
1 24883U 97037A   22266.34735117  .00000190  00000-0  84684-4 0    18\
2 24883  98.6924  30.0911 0002574 159.2299 200.8990 14.33783564327334
1 24883U 97037A   22266.83584893  .00000190  00000-0  84441-4 0    16\
2 24883  98.6926  30.5819 0002602 157.9701 202.1595 14.33783808327408
1 24883U 97037A   22267.32434671  .00000197  00000-0  87106-4 0    17\
2 24883  98.6926  31.0726 0002626 156.6824 203.4479 14.33784046327476
1 24883U 97037A   22267.88262968  .00000207  00000-0  90583-4 0    11\
2 24883  98.6928  31.6335 0002659 155.1966 204.9346 14.33784370327555
1 24883U 97037A   22268.58048335  .00000195  00000-0  86467-4 0    11\
2 24883  98.6929  32.3346 0002695 153.5678 206.5644 14.33784605327659
1 24883U 97037A   22268.78983942  .00000195  00000-0  86528-4 0    13\
2 24883  98.6930  32.5449 0002706 153.1154 207.0171 14.33784712327688
1 24883U 97037A   22269.34812224  .00000185  00000-0  82640-4 0    10\
2 24883  98.6931  33.1058 0002732 151.9116 208.2216 14.33784881327764
1 24883U 97037A   22270.32511671  .00000218  00000-0  94745-4 0    18\
2 24883  98.6931  34.0873 0002770 149.7027 210.4318 14.33785535327908
1 24883U 97037A   22271.58125209  .00000228  00000-0  98304-4 0    11\
2 24883  98.6933  35.3494 0002833 146.8321 213.3041 14.33786171328080
1 24883U 97037A   22271.86039318  .00000235  00000-0  10057-3 0    13\
2 24883  98.6934  35.6299 0002842 146.1718 213.9648 14.33786366328120
1 24883U 97037A   22272.62803106  .00000271  00000-0  11360-3 0    10\
2 24883  98.6935  36.4011 0002868 144.5274 215.6101 14.33786938328239
1 24883U 97037A   22273.32588348  .00000286  00000-0  11919-3 0    12\
2 24883  98.6934  37.1022 0002883 143.1112 217.0271 14.33787381328339
1 24883U 97037A   22273.88416505  .00000318  00000-0  13052-3 0    14\
2 24883  98.6935  37.6632 0002908 141.7931 218.3460 14.33787918328412
1 24883U 97037A   22274.58201706  .00000318  00000-0  13057-3 0    12\
2 24883  98.6936  38.3643 0002940 140.3001 219.8398 14.33788303328518
1 24883U 97037A   22274.86115773  .00000320  00000-0  13147-3 0    14\
2 24883  98.6936  38.6448 0002947 139.7705 220.3698 14.33788510328558
1 24883U 97037A   22275.34965393  .00000308  00000-0  12714-3 0    14\
2 24883  98.6937  39.1357 0002967 138.6908 221.4501 14.33788737328623
1 24883U 97037A   22275.83814983  .00000338  00000-0  13792-3 0    16\
2 24883  98.6938  39.6266 0002974 137.6846 222.4568 14.33789252328690
1 24883U 97037A   22276.32664563  .00000392  00000-0  15717-3 0    17\
2 24883  98.6939  40.1173 0002992 136.5547 223.5873 14.33789884328761
1 24883U 97037A   22276.60578615  .00000376  00000-0  15151-3 0    14\
2 24883  98.6939  40.3978 0003006 135.8034 224.3390 14.33789968328807
1 24883U 97037A   22277.58277706  .00000424  00000-0  16888-3 0  8277\
2 24883  98.6941  41.3795 0003036 133.7827 226.3608 14.33791008329205
1 24883U 97037A   22277.58277706  .00000424  00000-0  16888-3 0    11\
2 24883  98.6941  41.3795 0003036 133.7827 226.3608 14.33791008328945
1 24883U 97037A   22278.35041245  .00000405  00000-0  16170-3 0    17\
2 24883  98.6942  42.1509 0003070 132.0942 228.0503 14.33791547329050
1 24883U 97037A   22278.83890761  .00000395  00000-0  15810-3 0    13\
2 24883  98.6944  42.6418 0003073 131.2081 228.9368 14.33791866329124
1 24883U 97037A   22279.60654226  .00000433  00000-0  17207-3 0    18\
2 24883  98.6945  43.4131 0003101 129.4288 230.7171 14.33792759329233
1 24883U 97037A   22279.81589715  .00000427  00000-0  16967-3 0    16\
2 24883  98.6945  43.6235 0003104 129.0748 231.0712 14.33792909329265
1 24883U 97037A   22280.37417642  .00000480  00000-0  18867-3 0    18\
2 24883  98.6947  44.1845 0003118 127.9062 232.2404 14.33793750329346
1 24883U 97037A   22280.86267076  .00000442  00000-0  17520-3 0    19\
2 24883  98.6948  44.6755 0003125 126.9669 233.1802 14.33794016329418
1 24883U 97037A   22281.35116486  .00000412  00000-0  16443-3 0    12\
2 24883  98.6949  45.1664 0003145 125.9420 234.2056 14.33794348329488
1 24883U 97037A   22281.83965875  .00000478  00000-0  18804-3 0    14\
2 24883  98.6950  45.6573 0003149 124.9253 235.2228 14.33795203329552
1 24883U 97037A   22282.32815245  .00000464  00000-0  18296-3 0    14\
2 24883  98.6951  46.1481 0003162 123.8972 236.2513 14.33795634329622
1 24883U 97037A   22282.81664591  .00000474  00000-0  18659-3 0    18\
2 24883  98.6952  46.6390 0003178 122.8127 237.3363 14.33796233329693
1 24883U 97037A   22283.58427811  .00000494  00000-0  19382-3 0    11\
2 24883  98.6953  47.4104 0003188 121.2680 238.8817 14.33797173329801
1 24883U 97037A   22284.35190987  .00000483  00000-0  18982-3 0    11\
2 24883  98.6954  48.1819 0003204 119.7756 240.3747 14.33797979329914
1 24883U 97037A   22285.32889522  .00000464  00000-0  18291-3 0    11\
2 24883  98.6956  49.1638 0003240 117.6901 242.4612 14.33798946330051
1 24883U 97037A   22285.81738772  .00000429  00000-0  17063-3 0    12\
2 24883  98.6957  49.6547 0003273 116.5145 243.6375 14.33799281330120
1 24883U 97037A   22286.37566468  .00000411  00000-0  16418-3 0    19\
2 24883  98.6957  50.2157 0003285 115.3848 244.7676 14.33799727330205
1 24883U 97037A   22287.35264866  .00000396  00000-0  15852-3 0    18\
2 24883  98.6957  51.1976 0003315 113.3598 246.7935 14.33800658330349
1 24883U 97037A   22288.32963187  .00000374  00000-0  15060-3 0    15\
2 24883  98.6958  52.1795 0003336 111.2706 248.8835 14.33801572330484
1 24883U 97037A   22288.81812332  .00000362  00000-0  14634-3 0  8532\
2 24883  98.6958  52.6705 0003341 110.2470 249.9073 14.33801980330819
1 24883U 97037A   22288.81812332  .00000362  00000-0  14634-3 0    17\
2 24883  98.6958  52.6705 0003341 110.2470 249.9073 14.33801980330550
1 24883U 97037A   22289.37639911  .00000360  00000-0  14565-3 0    10\
2 24883  98.6959  53.2316 0003349 109.1557 250.9990 14.33802479330630
1 24883U 97037A   22289.86489012  .00000356  00000-0  14418-3 0    11\
2 24883  98.6959  53.7225 0003355 108.1582 251.9968 14.33802950330706
1 24883U 97037A   22290.35338116  .00000358  00000-0  14479-3 0    14\
2 24883  98.6959  54.2135 0003357 107.1837 252.9715 14.33803378330779
1 24883U 97037A   22290.77208756  .00000339  00000-0  13808-3 0    10\
2 24883  98.6960  54.6344 0003365 106.3887 253.7667 14.33803674330833
1 24883U 97037A   22291.33036275  .00000316  00000-0  12999-3 0    13\
2 24883  98.6960  55.1955 0003357 105.1717 254.9838 14.33803999330919
1 24883U 97037A   22291.60950023  .00000324  00000-0  13255-3 0    14\
2 24883  98.6961  55.4760 0003361 104.5945 255.5612 14.33804274330956
1 24883U 97037A   22292.37712812  .00000313  00000-0  12862-3 0    12\
2 24883  98.6961  56.2476 0003362 103.0904 257.0655 14.33804866331063
1 24883U 97037A   22293.35410872  .00000278  00000-0  11627-3 0    10\
2 24883  98.6963  57.2296 0003365 101.1545 259.0018 14.33805451331201
1 24883U 97037A   22293.63324591  .00000272  00000-0  11401-3 0    17\
2 24883  98.6963  57.5101 0003371 100.6538 259.5026 14.33805632331241
1 24883U 97037A   22294.33108887  .00000253  00000-0  10722-3 0    17\
2 24883  98.6964  58.2116 0003374  99.2303 260.9263 14.33806033331348
1 24883U 97037A   22294.88936308  .00000235  00000-0  10059-3 0    17\
2 24883  98.6966  58.7727 0003372  98.0911 262.0656 14.33806305331423
1 24883U 97037A   22295.58720557  .00000261  00000-0  10988-3 0  8650\
2 24883  98.6967  59.4742 0003371  96.7179 263.4389 14.33806905331782
1 24883U 97037A   22295.86634246  .00000268  00000-0  11253-3 0    15\
2 24883  98.6968  59.7548 0003366  96.1836 263.9732 14.33807156331560
1 24883U 97037A   22296.35483204  .00000270  00000-0  11328-3 0    12\
2 24883  98.6969  60.2459 0003375  95.2854 264.8715 14.33807485331633
1 24883U 97037A   22296.77353737  .00000257  00000-0  10844-3 0    12\
2 24883  98.6971  60.6668 0003378  94.4870 265.6700 14.33807667331695
1 24883U 97037A   22297.33181101  .00000257  00000-0  10875-3 0    13\
2 24883  98.6971  61.2280 0003377  93.3309 266.8262 14.33807996331776
1 24883U 97037A   22297.75051627  .00000237  00000-0  10153-3 0    15\
2 24883  98.6973  61.6489 0003390  92.5584 267.5989 14.33808117331831
1 24883U 97037A   22298.37857393  .00000203  00000-0  89077-4 0    13\
2 24883  98.6973  62.2802 0003379  91.2368 268.9203 14.33808259331921
1 24883U 97037A   22298.79727895  .00000202  00000-0  88747-4 0    14\
2 24883  98.6974  62.7011 0003380  90.4596 269.6975 14.33808488331989
1 24883U 97037A   22299.35555228  .00000196  00000-0  86776-4 0    18\
2 24883  98.6974  63.2623 0003364  89.2351 270.9219 14.33808716332061
1 24883U 97037A   22299.77425714  .00000204  00000-0  89443-4 0    14\
2 24883  98.6976  63.6832 0003366  88.4319 271.7250 14.33808989332129
1 24883U 97037A   22300.33253025  .00000215  00000-0  93368-4 0    16\
2 24883  98.6976  64.2444 0003349  87.1654 272.9914 14.33809308332209
1 24883U 97037A   22300.89080317  .00000223  00000-0  96503-4 0    12\
2 24883  98.6977  64.8057 0003347  86.1020 274.0547 14.33809644332286
1 24883U 97037A   22301.37929188  .00000240  00000-0  10239-3 0    14\
2 24883  98.6977  65.2967 0003331  85.0400 275.1165 14.33809975332357
1 24883U 97037A   22301.79799630  .00000264  00000-0  11129-3 0    12\
2 24883  98.6977  65.7176 0003322  84.1522 276.0041 14.33810366332415
1 24883U 97037A   22302.35626870  .00000298  00000-0  12345-3 0    18\
2 24883  98.6978  66.2789 0003315  82.9675 277.1886 14.33810899332497
1 24883U 97037A   22302.91454101  .00000321  00000-0  13149-3 0  8812\
2 24883  98.6978  66.8402 0003312  81.8034 278.3526 14.33811371332837
1 24883U 97037A   22302.84475697  .00000322  00000-0  13186-3 0    13\
2 24883  98.6978  66.7700 0003316  81.9717 278.1844 14.33811342332569
1 24883U 97037A   22303.26346118  .00000311  00000-0  12794-3 0    17\
2 24883  98.6979  67.1909 0003309  81.0852 279.0707 14.33811518332629
1 24883U 97037A   22303.89151716  .00000338  00000-0  13784-3 0    13\
2 24883  98.6979  67.8223 0003304  79.8061 280.3495 14.33812100332714
1 24883U 97037A   22304.31022113  .00000338  00000-0  13762-3 0    15\
2 24883  98.6979  68.2432 0003293  78.8491 281.3064 14.33812358332778
1 24883U 97037A   22304.58935697  .00000351  00000-0  14241-3 0    12\
2 24883  98.6979  68.5239 0003289  78.2888 281.8665 14.33812633332818
1 24883U 97037A   22305.35698036  .00000360  00000-0  14572-3 0  8870\
2 24883  98.6980  69.2956 0003294  77.0244 283.1308 14.33813289333181
1 24883U 97037A   22305.35698036  .00000360  00000-0  14572-3 0    18\
2 24883  98.6980  69.2956 0003294  77.0244 283.1308 14.33813289332922
1 24883U 97037A   22305.63611605  .00000359  00000-0  14514-3 0    10\
2 24883  98.6981  69.5763 0003294  76.4838 283.6713 14.33813496332963
1 24883U 97037A   22306.33395514  .00000353  00000-0  14299-3 0    10\
2 24883  98.6982  70.2779 0003284  75.0933 285.0615 14.33814008333069
1 24883U 97037A   22306.61309066  .00000353  00000-0  14309-3 0    10\
2 24883  98.6982  70.5585 0003286  74.5771 285.5776 14.33814234333102
1 24883U 97037A   22307.31092926  .00000366  00000-0  14774-3 0    12\
2 24883  98.6983  71.2601 0003272  73.1286 287.0257 14.33814884333204
1 24883U 97037A   22308.35768613  .00000428  00000-0  17009-3 0  8943\
2 24883  98.6984  72.3125 0003253  71.0237 289.1299 14.33816250333613
1 24883U 97037A   22308.35768613  .00000428  00000-0  17009-3 0    13\
2 24883  98.6984  72.3125 0003253  71.0237 289.1299 14.33816250333354
1 24883U 97037A   22308.63682128  .00000427  00000-0  16968-3 0    12\
2 24883  98.6985  72.5932 0003251  70.4914 289.6621 14.33816480333399
1 24883U 97037A   22309.33465877  .00000407  00000-0  16237-3 0    17\
2 24883  98.6986  73.2948 0003235  68.9979 291.1551 14.33817042333496
1 24883U 97037A   22309.61379373  .00000406  00000-0  16212-3 0    15\
2 24883  98.6987  73.5755 0003237  68.4891 291.6638 14.33817279333534
1 24883U 97037A   22310.31163094  .00000370  00000-0  14929-3 0    18\
2 24883  98.6987  74.2771 0003205  66.7948 293.3573 14.33817691333635
1 24883U 97037A   22311.77708776  .00000373  00000-0  15047-3 0    16\
2 24883  98.6990  75.7506 0003165  63.7803 296.3707 14.33819101333846
1 24883U 97037A   22312.33535654  .00000343  00000-0  13962-3 0    13\
2 24883  98.6991  76.3120 0003143  62.4716 297.6787 14.33819488333920
1 24883U 97037A   22312.61449083  .00000394  00000-0  15782-3 0    12\
2 24883  98.6992  76.5926 0003141  61.9007 298.2495 14.33820036333960
1 24883U 97037A   22313.38210991  .00000397  00000-0  15889-3 0    12\
2 24883  98.6993  77.3645 0003119  60.2944 299.8550 14.33820829334077
1 24883U 97037A   22313.87059469  .00000393  00000-0  15756-3 0    16\
2 24883  98.6994  77.8557 0003102  59.2090 300.9399 14.33821265334145
1 24883U 97037A   22314.35907935  .00000368  00000-0  14838-3 0    12\
2 24883  98.6994  78.3469 0003084  58.2310 301.9174 14.33821559334212
1 24883U 97037A   22314.84756386  .00000358  00000-0  14503-3 0    16\
2 24883  98.6994  78.8381 0003070  57.1696 302.9783 14.33821954334283
1 24883U 97037A   22315.33604823  .00000343  00000-0  13951-3 0    19\
2 24883  98.6995  79.3293 0003050  56.0324 304.1150 14.33822286334355
1 24883U 97037A   22315.89431583  .00000341  00000-0  13863-3 0    11\
2 24883  98.6995  79.8907 0003034  54.9220 305.2249 14.33822778334432
1 24883U 97037A   22316.31301641  .00000354  00000-0  14339-3 0    13\
2 24883  98.6995  80.3117 0003020  53.9039 306.2425 14.33823221334491
1 24883U 97037A   22316.87128381  .00000311  00000-0  12796-3 0    10\
2 24883  98.6996  80.8731 0002999  52.7539 307.3918 14.33823464334572
1 24883U 97037A   22317.35976753  .00000322  00000-0  13188-3 0    16\
2 24883  98.6996  81.3643 0002972  51.4558 308.6892 14.33823943334643
1 24883U 97037A   22317.77846771  .00000314  00000-0  12917-3 0    18\
2 24883  98.6996  81.7853 0002952  50.3423 309.8021 14.33824283334709
1 24883U 97037A   22318.33673469  .00000307  00000-0  12647-3 0    15\
2 24883  98.6996  82.3467 0002930  49.0828 311.0609 14.33824664334785
1 24883U 97037A   22318.82521816  .00000280  00000-0  11678-3 0    10\
2 24883  98.6997  82.8379 0002911  47.9400 312.2032 14.33824885334851
1 24883U 97037A   22319.59283470  .00000296  00000-0  12247-3 0    16\
2 24883  98.6997  83.6098 0002888  46.3776 313.7648 14.33825550334961
1 24883U 97037A   22319.59283470  .00000296  00000-0  12247-3 0  9150\
2 24883  98.6997  83.6098 0002888  46.3776 313.7648 14.33825550335221
1 24883U 97037A   22319.87196796  .00000264  00000-0  11115-3 0    19\
2 24883  98.6997  83.8905 0002874  45.8780 314.2641 14.33825592335005
1 24883U 97037A   22320.36045106  .00000266  00000-0  11195-3 0    13\
2 24883  98.6998  84.3817 0002848  44.8777 315.2637 14.33825939335078
1 24883U 97037A   22320.77915076  .00000258  00000-0  10906-3 0    10\
2 24883  98.6998  84.8028 0002834  43.9903 316.1506 14.33826204335131
1 24883U 97037A   22321.33741698  .00000253  00000-0  10700-3 0  9218\
2 24883  98.6999  85.3642 0002810  42.7708 317.3694 14.33826533335477
1 24883U 97037A   22322.10503282  .00000220  00000-0  95222-4 0    15\
2 24883  98.7000  86.1362 0002777  41.0339 319.1054 14.33826821335327
1 24883U 97037A   22322.80286509  .00000226  00000-0  97422-4 0    12\
2 24883  98.7001  86.8380 0002744  39.6596 320.4789 14.33827331335425
1 24883U 97037A   22323.36113078  .00000252  00000-0  10689-3 0    12\
2 24883  98.7002  87.3994 0002715  38.2819 321.8557 14.33827808335500
1 24883U 97037A   22323.77983003  .00000205  00000-0  89969-4 0    16\
2 24883  98.7002  87.8205 0002696  37.4154 322.7217 14.33827812335565
1 24883U 97037A   22324.33809557  .00000235  00000-0  10081-3 0    11\
2 24883  98.7003  88.3820 0002672  36.0887 324.0477 14.33828280335649
1 24883U 97037A   22324.82657785  .00000200  00000-0  88059-4 0    12\
2 24883  98.7004  88.8732 0002648  34.7923 325.3434 14.33828354335713
1 24883U 97037A   22325.31506002  .00000228  00000-0  97992-4 0    18\
2 24883  98.7004  89.3645 0002626  33.5899 326.5452 14.33828757335784
1 24883U 97037A   22325.80354213  .00000211  00000-0  92239-4 0    18\
2 24883  98.7005  89.8558 0002602  32.5814 327.5530 14.33828941335854
1 24883U 97037A   22326.36180729  .00000203  00000-0  89281-4 0    13\
2 24883  98.7006  90.4172 0002571  31.1185 329.0151 14.33829176335932
1 24883U 97037A   22326.85028920  .00000181  00000-0  81445-4 0    10\
2 24883  98.7007  90.9085 0002546  29.9203 330.2126 14.33829328336003
1 24883U 97037A   22327.33877109  .00000191  00000-0  85042-4 0    13\
2 24883  98.7007  91.3998 0002522  28.7250 331.4073 14.33829607336075
1 24883U 97037A   22327.75746977  .00000180  00000-0  80795-4 0    15\
2 24883  98.7007  91.8209 0002499  27.4152 332.7164 14.33829739336133
1 24883U 97037A   22328.38551772  .00000195  00000-0  86233-4 0    11\
2 24883  98.7007  92.4525 0002467  25.5674 334.5632 14.33830096336222
1 24883U 97037A   22328.80421624  .00000185  00000-0  82834-4 0    12\
2 24883  98.7008  92.8737 0002445  24.9166 335.2135 14.33830265336287
1 24883U 97037A   22329.36248086  .00000173  00000-0  78294-4 0    15\
2 24883  98.7008  93.4351 0002414  23.2778 336.8515 14.33830451336368
1 24883U 97037A   22329.78117921  .00000206  00000-0  90129-4 0    12\
2 24883  98.7009  93.8563 0002393  22.2060 337.9227 14.33830843336421
1 24883U 97037A   22330.33944358  .00000209  00000-0  91343-4 0    19\
2 24883  98.7009  94.4177 0002366  20.6834 339.4445 14.33831139336507
1 24883U 97037A   22330.61857584  .00000208  00000-0  91010-4 0  9383\
2 24883  98.7009  94.6985 0002356  19.9810 340.1465 14.33831228336803
1 24883U 97037A   22330.75814193  .00000202  00000-0  88874-4 0    16\
2 24883  98.7009  94.8389 0002348  19.5732 340.5542 14.33831269336561
1 24883U 97037A   22331.31640614  .00000208  00000-0  91150-4 0    11\
2 24883  98.7009  95.4003 0002320  18.1436 341.9830 14.33831580336647
1 24883U 97037A   22331.80488726  .00000203  00000-0  89055-4 0    15\
2 24883  98.7009  95.8916 0002289  17.2751 342.8511 14.33831808336715
1 24883U 97037A   22332.36315114  .00000219  00000-0  95049-4 0  9439\
2 24883  98.7009  96.4531 0002262  15.2072 344.9180 14.33832196337054
1 24883U 97037A   22332.64228309  .00000220  00000-0  95149-4 0    17\
2 24883  98.7010  96.7339 0002248  14.5232 345.6016 14.33832339336839
1 24883U 97037A   22333.34011277  .00000223  00000-0  96463-4 0    12\
2 24883  98.7010  97.4358 0002215  12.4827 347.6412 14.33832758336937
1 24883U 97037A   22334.31707408  .00000221  00000-0  95695-4 0    12\
2 24883  98.7011  98.4184 0002165   9.6865 350.4361 14.33833271337072
1 24883U 97037A   22334.80555452  .00000223  00000-0  96430-4 0    16\
2 24883  98.7012  98.9097 0002137   8.4680 351.6539 14.33833592337146
1 24883U 97037A   22335.29403491  .00000233  00000-0  99955-4 0    11\
2 24883  98.7012  99.4011 0002103   7.3005 352.8209 14.33833924337214
1 24883U 97037A   22335.64294935  .00000236  00000-0  10108-3 0    16\
2 24883  98.7012  99.7520 0002084   6.2899 353.8311 14.33834163337265
1 24883U 97037A   22336.34077823  .00000227  00000-0  97855-4 0  9529\
2 24883  98.7013 100.4540 0002041   4.5659 355.5543 14.33834538337628
1 24883U 97037A   22336.34077823  .00000227  00000-0  97855-4 0    14\
2 24883  98.7013 100.4540 0002041   4.5659 355.5543 14.33834538337369
1 24883U 97037A   22336.61990973  .00000226  00000-0  97481-4 0    18\
2 24883  98.7014 100.7347 0002028   3.9130 356.2069 14.33834689337403
1 24883U 97037A   22337.59686968  .00000217  00000-0  94283-4 0    19\
2 24883  98.7015 101.7174 0001971   1.0152 359.1036 14.33835209337542
1 24883U 97037A   22337.87600104  .00000209  00000-0  91374-4 0    17\
2 24883  98.7015 101.9982 0001959 359.7685   0.3498 14.33835328337584
1 24883U 97037A   22338.36448084  .00000209  00000-0  91435-4 0    17\
2 24883  98.7015 102.4895 0001933 358.0482   2.0694 14.33835599337657
1 24883U 97037A   21197.32358119  .00000025  00000-0  25266-4 0  8444\
2 24883  98.6458 315.3685 0002925  45.6748 314.4675 14.33623230265404
1 24883U 97037A   22339.34144003  .00000237  00000-0  10129-3 0    11\
2 24883  98.7016 103.4722 0001878 355.0652   5.0514 14.33836342337798
1 24883U 97037A   22339.82991953  .00000237  00000-0  10132-3 0    12\
2 24883  98.7017 103.9636 0001857 353.2342   6.8816 14.33836619337860
1 24883U 97037A   22340.59752999  .00000260  00000-0  10963-3 0    11\
2 24883  98.7017 104.7357 0001822 350.6529   9.4620 14.33837163337978
1 24883U 97037A   22341.64427106  .00000269  00000-0  11299-3 0    19\
2 24883  98.7018 105.7886 0001771 346.7795  13.3342 14.33837834338129
1 24883U 97037A   22342.20253260  .00000300  00000-0  12417-3 0    19\
2 24883  98.7018 106.3501 0001744 344.7642  15.3489 14.33838388338207
1 24883U 97037A   22342.62122872  .00000304  00000-0  12548-3 0    18\
2 24883  98.7019 106.7713 0001725 343.2256  16.8871 14.33838681338264
1 24883U 97037A   22342.97014214  .00000288  00000-0  11986-3 0  9662\
2 24883  98.7019 107.1223 0001699 342.1607  17.9517 14.33838819338579
1 24883U 97037A   22343.31905527  .00000321  00000-0  13169-3 0    10\
2 24883  98.7019 107.4733 0001686 340.8096  19.3024 14.33839290338361
1 24883U 97037A   22344.36579485  .00000304  00000-0  12543-3 0    12\
2 24883  98.7019 108.5262 0001637 336.5761  23.5348 14.33839919338518
1 24883U 97037A   22344.78449046  .00000317  00000-0  13000-3 0    10\
2 24883  98.7020 108.9474 0001621 334.9040  25.2066 14.33840313338576
1 24883U 97037A   22345.34275116  .00000316  00000-0  12992-3 0  9734\
2 24883  98.7020 109.5090 0001598 332.6956  27.4144 14.33840727338919
1 24883U 97037A   22346.31970692  .00000329  00000-0  13448-3 0    16\
2 24883  98.7020 110.4917 0001554 328.9070  31.2022 14.33841555338799
1 24883U 97037A   22347.36644460  .00000338  00000-0  13768-3 0  9769\
2 24883  98.7021 111.5447 0001514 324.2814  35.8268 14.33842451339206
1 24883U 97037A   22347.36644460  .00000338  00000-0  13768-3 0    18\
2 24883  98.7021 111.5447 0001514 324.2814  35.8268 14.33842451338946
1 24883U 97037A   22348.34339922  .00000337  00000-0  13741-3 0    11\
2 24883  98.7021 112.5275 0001472 320.0114  40.0962 14.33843253339082
1 24883U 97037A   22348.62252905  .00000334  00000-0  13611-3 0  9806\
2 24883  98.7021 112.8083 0001458 318.8706  41.2368 14.33843444339386
1 24883U 97037A   22349.32035335  .00000350  00000-0  14200-3 0    17\
2 24883  98.7021 113.5102 0001438 315.8397  44.2673 14.33844107339229
1 24883U 97037A   22349.87861259  .00000338  00000-0  13779-3 0    15\
2 24883  98.7021 114.0718 0001419 313.2068  46.8998 14.33844507339305
1 24883U 97037A   22350.57643635  .00000343  00000-0  13950-3 0  9993\
2 24883  98.7022 114.7738 0001390 309.8592  50.2470 14.33845119339669
1 24883U 97037A   22350.57643635  .00000343  00000-0  13950-3 0    17\
2 24883  98.7022 114.7738 0001390 309.8592  50.2470 14.33845119339401
1 24883U 97037A   22350.57643635  .00000343  00000-0  13950-3 0  9836\
2 24883  98.7022 114.7738 0001390 309.8592  50.2470 14.33845119339669
1 24883U 97037A   22350.85556579  .00000331  00000-0  13525-3 0    13\
2 24883  98.7022 115.0546 0001387 308.3931  51.7128 14.33845299339448
1 24883U 97037A   22351.34404221  .00000332  00000-0  13542-3 0    14\
2 24883  98.7022 115.5460 0001368 306.0742  54.0316 14.33845707339519
1 24883U 97037A   22351.83251857  .00000328  00000-0  13423-3 0    16\
2 24883  98.7023 116.0375 0001351 303.8534  56.2522 14.33846078339589
1 24883U 97037A   22352.60012392  .00000330  00000-0  13485-3 0    12\
2 24883  98.7024 116.8096 0001340 300.1459  59.9592 14.33846697339698
1 24883U 97037A   22352.80947078  .00000320  00000-0  13105-3 0    10\
2 24883  98.7024 117.0202 0001340 299.0661  61.0389 14.33846820339721
1 24883U 97037A   22353.29794669  .00000351  00000-0  14248-3 0    13\
2 24883  98.7023 117.5116 0001334 296.4750  63.6297 14.33847375339791
1 24883U 97037A   22353.78642238  .00000318  00000-0  13064-3 0    19\
2 24883  98.7024 118.0031 0001327 293.8933  66.2112 14.33847638339865
1 24883U 97037A   22354.34468015  .00000360  00000-0  14541-3 0  9917\
2 24883  98.7024 118.5647 0001309 290.9793  69.1251 14.33848336340207
1 24883U 97037A   22354.34468015  .00000360  00000-0  14541-3 0    19\
2 24883  98.7024 118.5647 0001309 290.9793  69.1251 14.33848336339946
1 24883U 97037A   22355.32163108  .00000322  00000-0  13208-3 0    10\
2 24883  98.7025 119.5475 0001308 286.0946  74.0094 14.33848892340086
1 24883U 97037A   22356.36836381  .00000282  00000-0  11770-3 0    12\
2 24883  98.7025 120.6006 0001307 280.5357  79.5679 14.33849434340232
1 24883U 97037A   22356.57771028  .00000278  00000-0  11599-3 0    15\
2 24883  98.7025 120.8112 0001302 279.3126  80.7911 14.33849559340261
1 24883U 97037A   22357.34531385  .00000263  00000-0  11068-3 0    16\
2 24883  98.7026 121.5835 0001298 275.1946  84.9090 14.33850041340374
1 24883U 97037A   22358.25248141  .00000272  00000-0  11406-3 0    18\
2 24883  98.7026 122.4961 0001301 270.5710  89.5325 14.33850693340507
1 24883U 97037A   22358.81073824  .00000250  00000-0  10604-3 0  9995\
2 24883  98.7026 123.0578 0001303 267.5797  92.5238 14.33850945340845
1 24883U 97037A   22358.88052034  .00000247  00000-0  10510-3 0    18\
2 24883  98.7026 123.1280 0001307 267.2638  92.8396 14.33850969340597
1 24883U 97037A   22359.57834120  .00000229  00000-0  98367-4 0    16\
2 24883  98.7026 123.8300 0001307 263.2018  96.9018 14.33851293340693
1 24883U 97037A   22360.06681566  .00000209  00000-0  91338-4 0    04\
2 24883  98.7026 124.3215 0001305 260.4011  99.7026 14.33851493341024
1 24883U 97037A   22360.34594383  .00000264  00000-0  11091-3 0    14\
2 24883  98.7026 124.6023 0001314 259.2059 100.8977 14.33851971340807
1 24883U 97037A   22361.60202010  .00000292  00000-0  12117-3 0    18\
2 24883  98.7027 125.8660 0001323 252.4377 107.6663 14.33852981340984
1 24883U 97037A   22362.36962201  .00000274  00000-0  11462-3 0    19\
2 24883  98.7027 126.6383 0001345 248.2695 111.8346 14.33853384341091
1 24883U 97037A   22363.34656954  .00000290  00000-0  12050-3 0    15\
2 24883  98.7027 127.6212 0001374 243.7335 116.3708 14.33854102341233
1 24883U 97037A   22364.32351639  .00000329  00000-0  13442-3 0    15\
2 24883  98.7028 128.6041 0001399 239.0312 121.0735 14.33855022341375
1 24883U 97037A   22365.57959013  .00000337  00000-0  13713-3 0    13\
2 24883  98.7028 129.8679 0001454 233.8990 126.2060 14.33856013341550
1 24883U 97037A   22365.78893567  .00000330  00000-0  13485-3 0    16
2 24883  98.7028 130.0785 0001463 233.1380 126.9671 14.33856158341586
1 24883U 97037A   23001.62631746  .00000335  00000-0  13656-3 0    11
2 24883  98.7029 130.9210 0001495 229.6159 130.4895 14.33856870341701
1 24883U 97037A   23002.60326259  .00000331  00000-0  13523-3 0    19
2 24883  98.7029 131.9038 0001530 225.2536 134.8524 14.33857625341842
1 24883U 97037A   23003.58020717  .00000339  00000-0  13786-3 0   117
2 24883  98.7029 132.8867 0001578 221.4040 138.7025 14.33858441342243
1 24883U 97037A   23003.58020717  .00000339  00000-0  13786-3 0    16
2 24883  98.7029 132.8867 0001578 221.4040 138.7025 14.33858441341983
1 24883U 97037A   23004.62693260  .00000380  00000-0  15257-3 0    12
2 24883  98.7029 133.9399 0001626 217.7008 142.4062 14.33859594342132
1 24883U 97037A   23005.60387596  .00000358  00000-0  14486-3 0   156
2 24883  98.7030 134.9228 0001668 213.4723 146.6356 14.33860303342535
1 24883U 97037A   23005.60387596  .00000358  00000-0  14486-3 0    11
2 24883  98.7030 134.9228 0001668 213.4723 146.6356 14.33860303342276
1 24883U 97037A   23005.81322085  .00000359  00000-0  14524-3 0    10
2 24883  98.7030 135.1334 0001678 212.3981 147.7100 14.33860516342301
1 24883U 97037A   23006.37147369  .00000391  00000-0  15662-3 0    12
2 24883  98.7030 135.6951 0001707 210.2583 149.8503 14.33861207342385
1 24883U 97037A   23007.06928961  .00000392  00000-0  15701-3 0   165
2 24883  98.7031 136.3972 0001740 207.4219 152.6873 14.33861814342744
1 24883U 97037A   23007.27863434  .00000437  00000-0  17304-3 0    16
2 24883  98.7031 136.6078 0001749 206.5459 153.5636 14.33862247342512
1 24883U 97037A   23007.62754217  .00000431  00000-0  17118-3 0   188
2 24883  98.7031 136.9589 0001764 205.2386 154.8713 14.33862520342563
1 24883U 97037A   23008.60448365  .00000414  00000-0  16479-3 0    13
2 24883  98.7031 137.9418 0001813 202.3110 157.7996 14.33863281342709
1 24883U 97037A   23009.58142448  .00000428  00000-0  17004-3 0    14
2 24883  98.7031 138.9247 0001867 199.5179 160.5934 14.33864248342844
1 24883U 97037A   23009.58142448  .00000428  00000-0  17004-3 0   216
2 24883  98.7031 138.9247 0001867 199.5179 160.5934 14.33864248343104
1 24883U 97037A   23010.62814609  .00000395  00000-0  15794-3 0   248
2 24883  98.7032 139.9779 0001920 195.9472 164.1652 14.33865061343259
1 24883U 97037A   23011.60508540  .00000458  00000-0  18063-3 0    18
2 24883  98.7032 140.9609 0001969 192.6579 167.4556 14.33866379343137
1 24883U 97037A   23011.81442948  .00000496  00000-0  19446-3 0    18
2 24883  98.7032 141.1715 0001984 191.5717 168.5422 14.33866802343165
1 24883U 97037A   23012.09355483  .00000497  00000-0  19455-3 0   275
2 24883  98.7032 141.4524 0001998 190.8702 169.2439 14.33867063343466
1 24883U 97037A   23012.93093031  .00000530  00000-0  20667-3 0    13
2 24883  98.7032 142.2949 0002039 188.9583 171.1565 14.33868187343323
1 24883U 97037A   23013.62874288  .00000529  00000-0  20637-3 0   285
2 24883  98.7033 142.9971 0002077 186.5515 173.5642 14.33868954343680
1 24883U 97037A   23013.62874288  .00000529  00000-0  20637-3 0    16
2 24883  98.7033 142.9971 0002077 186.5515 173.5642 14.33868954343422
1 24883U 97037A   23014.60567941  .00000578  00000-0  22397-3 0    19
2 24883  98.7033 143.9800 0002127 183.5118 176.6052 14.33870444343567
1 24883U 97037A   23015.30349071  .00000632  00000-0  24323-3 0    11
2 24883  98.7033 144.6821 0002163 181.7012 178.4165 14.33871636343661
1 24883U 97037A   23015.86173909  .00000771  00000-0  29298-3 0    17
2 24883  98.7033 145.2439 0002192 180.1084 180.0100 14.33873226343741
1 24883U 97037A   23016.35020616  .00000746  00000-0  28426-3 0   348
2 24883  98.7034 145.7354 0002219 178.7022 181.4168 14.33873855344072
1 24883U 97037A   23016.62933037  .00000702  00000-0  26838-3 0    19
2 24883  98.7034 146.0162 0002234 177.8745 182.2449 14.33873960343855
1 24883U 97037A   23016.76889236  .00000724  00000-0  27628-3 0    17
2 24883  98.7034 146.1567 0002236 177.7233 182.3962 14.33874284343871
1 24883U 97037A   23017.60626376  .00000715  00000-0  27285-3 0   362
2 24883  98.7034 146.9992 0002261 175.9769 184.1433 14.33875475344252
1 24883U 97037A   23017.60626376  .00000715  00000-0  27285-3 0    14
2 24883  98.7034 146.9992 0002261 175.9769 184.1433 14.33875475343992
1 24883U 97037A   23017.88538757  .00000636  00000-0  24444-3 0    15
2 24883  98.7034 147.2801 0002274 175.4096 184.7109 14.33875437344037
1 24883U 97037A   23018.58319594  .00000746  00000-0  28400-3 0    17
2 24883  98.7034 147.9822 0002305 173.7477 186.3736 14.33877198344137
1 24883U 97037A   23018.93210009  .00000755  00000-0  28725-3 0   376
2 24883  98.7034 148.3333 0002320 172.9102 187.2116 14.33877799344445
1 24883U 97037A   23018.86231929  .00000756  00000-0  28752-3 0    14
2 24883  98.7035 148.2631 0002317 173.0809 187.0408 14.33877694344174
1 24883U 97037A   23019.35078513  .00000728  00000-0  27772-3 0    17
2 24883  98.7035 148.7546 0002345 171.6881 188.4343 14.33878247344245
1 24883U 97037A   23020.32771557  .00000715  00000-0  27280-3 0    14
2 24883  98.7035 149.7376 0002387 169.1987 190.9249 14.33879719344385
1 24883U 97037A   23021.37442551  .00000722  00000-0  27531-3 0   421
2 24883  98.7035 150.7908 0002424 167.0596 193.0651 14.33881421344792
1 24883U 97037A   23023.81674498  .00000662  00000-0  25381-3 0   478
2 24883  98.7035 153.2484 0002551 160.6238 199.5043 14.33884705345146
1 24883U 97037A   23024.93323184  .00000645  00000-0  24793-3 0   483
2 24883  98.7035 154.3719 0002603 157.9037 202.2260 14.33886246345306
1 24883U 97037A   23025.35191414  .00000612  00000-0  23578-3 0    12
2 24883  98.7036 154.7932 0002610 157.0723 203.0578 14.33886654345101
1 24883U 97037A   23025.63103560  .00000608  00000-0  23456-3 0    18
2 24883  98.7036 155.0742 0002619 156.3467 203.7838 14.33887014345141
1 24883U 97037A   23026.25905859  .00000601  00000-0  23207-3 0   497
2 24883  98.7036 155.7060 0002641 154.8512 205.2801 14.33887856345499
1 24883U 97037A   23026.32883890  .00000598  00000-0  23075-3 0    11
2 24883  98.7036 155.7763 0002647 154.6341 205.4973 14.33887940345242
1 24883U 97037A   23027.37554301  .00000507  00000-0  19828-3 0    10
2 24883  98.7036 156.8295 0002697 152.2502 207.8826 14.33888888345393
1 24883U 97037A   23027.79422448  .00000502  00000-0  19637-3 0    15
2 24883  98.7037 157.2509 0002717 151.2795 208.8539 14.33889403345456
1 24883U 97037A   23028.21290574  .00000461  00000-0  18187-3 0   514
2 24883  98.7037 157.6722 0002730 150.4094 209.7245 14.33889709345773
1 24883U 97037A   23028.35246614  .00000458  00000-0  18075-3 0    12
2 24883  98.7037 157.8127 0002732 150.1212 210.0129 14.33889872345536
1 24883U 97037A   23028.91070782  .00000414  00000-0  16473-3 0    17
2 24883  98.7038 158.3745 0002741 149.0243 211.1103 14.33890240345614
1 24883U 97037A   23029.25960855  .00000413  00000-0  16434-3 0   526
2 24883  98.7038 158.7255 0002773 147.8686 212.2667 14.33890685345920
1 24883U 97037A   23029.88763019  .00000359  00000-0  14513-3 0    17
2 24883  98.7039 159.3575 0002807 146.4200 213.7162 14.33891010345758
1 24883U 97037A   23030.30631103  .00000350  00000-0  14199-3 0   532
2 24883  98.7038 159.7788 0002827 145.5022 214.6346 14.33891376346076
1 24883U 97037A   23030.37609122  .00000343  00000-0  13924-3 0    15
2 24883  98.7038 159.8490 0002843 145.1903 214.9468 14.33891401345828
1 24883U 97037A   23031.28323274  .00000325  00000-0  13285-3 0    17
2 24883  98.7039 160.7619 0002875 143.0383 217.0999 14.33892139345953
1 24883U 97037A   23032.12059376  .00000307  00000-0  12651-3 0   544
2 24883  98.7039 161.6046 0002921 140.9826 219.1569 14.33892745346339
1 24883U 97037A   23032.32993394  .00000306  00000-0  12591-3 0    17
2 24883  98.7039 161.8152 0002929 140.5465 219.5933 14.33892920346101
1 24883U 97037A   23033.37663440  .00000333  00000-0  13574-3 0    11
2 24883  98.7040 162.8686 0002978 138.2451 221.8961 14.33893942346257
1 24883U 97037A   23033.37663440  .00000333  00000-0  13574-3 0   550
2 24883  98.7040 162.8686 0002978 138.2451 221.8961 14.33893942346516
1 24883U 97037A   23034.35355449  .00000331  00000-0  13494-3 0    16
2 24883  98.7041 163.8517 0003026 136.0309 224.1117 14.33894674346392
1 24883U 97037A   23035.33047381  .00000367  00000-0  14804-3 0   563
2 24883  98.7042 164.8348 0003064 133.8835 226.2603 14.33895668346798
1 24883U 97037A   23035.33047381  .00000367  00000-0  14804-3 0    13
2 24883  98.7042 164.8348 0003064 133.8835 226.2603 14.33895668346530
1 24883U 97037A   23035.88871337  .00000343  00000-0  13917-3 0    17
2 24883  98.7042 165.3966 0003074 132.7743 227.3701 14.33895934346615
1 24883U 97037A   23036.37717269  .00000373  00000-0  14996-3 0   577
2 24883  98.7042 165.8881 0003061 131.8339 228.3107 14.33896483346940
1 24883U 97037A   23036.37717269  .00000373  00000-0  14996-3 0    16
2 24883  98.7042 165.8881 0003061 131.8339 228.3107 14.33896483346681
1 24883U 97037A   23036.93541171  .00000372  00000-0  14984-3 0    11
2 24883  98.7042 166.4498 0003073 130.7000 229.4451 14.33896957346767
1 24883U 97037A   23037.35409068  .00000438  00000-0  17347-3 0    15
2 24883  98.7043 166.8712 0003090 129.8181 230.3275 14.33897723346823
1 24883U 97037A   23037.91232921  .00000481  00000-0  18902-3 0   587
2 24883  98.7044 167.4330 0003107 128.6333 231.5130 14.33898481347165
1 24883U 97037A   23037.91232921  .00000481  00000-0  18902-3 0    15
2 24883  98.7044 167.4330 0003107 128.6333 231.5130 14.33898481346906
1 24883U 97037A   23038.33100777  .00000538  00000-0  20915-3 0    15
2 24883  98.7044 167.8544 0003115 127.7139 232.4328 14.33899235346963
1 24883U 97037A   23038.81946615  .00000546  00000-0  21206-3 0    10
2 24883  98.7044 168.3460 0003130 126.6755 233.4717 14.33899762347032
1 24883U 97037A   23039.23814438  .00000600  00000-0  23159-3 0   597
2 24883  98.7043 168.7673 0003130 125.8278 234.3197 14.33900521347355
1 24883U 97037A   23039.37770377  .00000605  00000-0  23321-3 0    18
2 24883  98.7044 168.9077 0003131 125.5637 234.5839 14.33900714347116
1 24883U 97037A   23039.86616137  .00000710  00000-0  27116-3 0    18
2 24883  98.7044 169.3993 0003130 124.5587 235.5893 14.33901891347185
1 24883U 97037A   23040.28483903  .00000745  00000-0  28373-3 0   608
2 24883  98.7045 169.8206 0003139 123.5952 236.5532 14.33902658347501
1 24883U 97037A   23040.35461863  .00000747  00000-0  28426-3 0    13
2 24883  98.7045 169.8909 0003140 123.4587 236.6898 14.33902764347252
1 24883U 97037A   23040.84307565  .00000846  00000-0  31973-3 0    16
2 24883  98.7046 170.3825 0003149 122.3710 237.7780 14.33903992347326
1 24883U 97037A   23041.12219364  .00000877  00000-0  33075-3 0    16
2 24883  98.7045 170.6634 0003159 121.7122 238.4370 14.33904607347368
1 24883U 97037A   23041.33153195  .00000943  00000-0  35465-3 0   613
2 24883  98.7046 170.8740 0003166 121.1815 238.9680 14.33905374347653
1 24883U 97037A   23041.33153195  .00000943  00000-0  35465-3 0    17
2 24883  98.7046 170.8740 0003166 121.1815 238.9680 14.33905374347394
1 24883U 97037A   23042.37822379  .00000928  00000-0  34929-3 0   623
2 24883  98.7046 171.9274 0003182 119.0009 241.1494 14.33907006347806
1 24883U 97037A   23042.37822379  .00000928  00000-0  34929-3 0    16
2 24883  98.7046 171.9274 0003182 119.0009 241.1494 14.33907006347547
1 24883U 97037A   23044.12270645  .00000993  00000-0  37248-3 0   631
2 24883  98.7047 173.6831 0003200 115.3019 244.8496 14.33910596348054
1 24883U 97037A   23044.61116110  .00000995  00000-0  37338-3 0    15
2 24883  98.7048 174.1748 0003213 113.9971 246.1549 14.33911498347867
1 24883U 97037A   23045.37873142  .00001024  00000-0  38349-3 0   640
2 24883  98.7049 174.9473 0003231 112.4769 247.6758 14.33913223348238
1 24883U 97037A   23045.58806867  .00000966  00000-0  36284-3 0    14
2 24883  98.7050 175.1580 0003238 112.1086 248.0442 14.33913332348009
1 24883U 97037A   23046.35563813  .00000946  00000-0  35543-3 0    16
2 24883  98.7050 175.9306 0003244 110.5469 249.6064 14.33914744348114
1 24883U 97037A   23046.98364853  .00001025  00000-0  38399-3 0   659
2 24883  98.7051 176.5627 0003274 109.0871 251.0668 14.33916532348463
1 24883U 97037A   23046.91386974  .00001006  00000-0  37716-3 0    11
2 24883  98.7052 176.4925 0003269 109.2909 250.8629 14.33916250348193
1 24883U 97037A   23047.61165872  .00000995  00000-0  37303-3 0    19
2 24883  98.7051 177.1948 0003291 107.7244 252.4300 14.33917612348293
1 24883U 97037A   23047.89077417  .00000926  00000-0  34832-3 0    14
2 24883  98.7051 177.4757 0003289 107.1560 252.9984 14.33917814348338
1 24883U 97037A   23048.30944744  .00000832  00000-0  31482-3 0   662
2 24883  98.7050 177.8971 0003290 106.3793 253.7753 14.33918047348657
1 24883U 97037A   23048.58856260  .00000822  00000-0  31121-3 0    15
2 24883  98.7051 178.1780 0003298 105.8553 254.2995 14.33918550348435
1 24883U 97037A   23048.86767795  .00000724  00000-0  27607-3 0    15
2 24883  98.7051 178.4590 0003298 105.3207 254.8341 14.33918510348479
1 24883U 97037A   23049.35612937  .00000715  00000-0  27253-3 0    14
2 24883  98.7051 178.9506 0003301 104.3472 255.8079 14.33919317348542
1 24883U 97037A   23049.63524429  .00000710  00000-0  27089-3 0   677
2 24883  98.7052 179.2315 0003306 103.8028 256.3524 14.33919787348846
1 24883U 97037A   23050.61214631  .00000619  00000-0  23817-3 0    19
2 24883  98.7052 180.2148 0003282 101.7854 258.3698 14.33920849348721
1 24883U 97037A   23050.96103968  .00000556  00000-0  21567-3 0   680
2 24883  98.7052 180.5660 0003278 101.0858 259.0695 14.33921046349035
1 24883U 97037A   23051.58904736  .00000571  00000-0  22100-3 0    19
2 24883  98.7053 181.1981 0003292  99.8733 260.2823 14.33922085348862
1 24883U 97037A   23052.21705481  .00000538  00000-0  20928-3 0   699
2 24883  98.7054 181.8303 0003284  98.5955 261.5602 14.33922792349215
1 24883U 97037A   23052.63572628  .00000515  00000-0  20084-3 0    14
2 24883  98.7054 182.2517 0003298  97.7679 262.3880 14.33923231349010
1 24883U 97037A   23052.91484047  .00000555  00000-0  21531-3 0    14
2 24883  98.7056 182.5327 0003301  97.1644 262.9915 14.33923830349059
1 24883U 97037A   23053.33351179  .00000538  00000-0  20919-3 0   706
2 24883  98.7056 182.9542 0003294  96.2554 263.9006 14.33924224349378
1 24883U 97037A   23053.33351179  .00000538  00000-0  20919-3 0    10
2 24883  98.7056 182.9542 0003294  96.2554 263.9006 14.33924224349110
1 24883U 97037A   23053.89173975  .00000498  00000-0  19467-3 0    18
2 24883  98.7057 183.5161 0003290  95.1613 264.9947 14.33924723349192
1 24883U 97037A   23054.31041072  .00000518  00000-0  20204-3 0    12
2 24883  98.7057 183.9375 0003283  94.3258 265.8301 14.33925291349253
1 24883U 97037A   23054.93841686  .00000553  00000-0  21455-3 0   714
2 24883  98.7058 184.5697 0003289  93.1479 267.0082 14.33926194349608
1 24883U 97037A   23054.79886000  .00000550  00000-0  21332-3 0    11
2 24883  98.7058 184.4292 0003288  93.4179 266.7381 14.33926015349326
1 24883U 97037A   23055.35708734  .00000520  00000-0  20290-3 0    10
2 24883  98.7059 184.9911 0003284  92.3335 267.8225 14.33926528349405
1 24883U 97037A   23055.84553637  .00000473  00000-0  18593-3 0    14
2 24883  98.7060 185.4828 0003278  91.3664 268.7895 14.33926770349476
1 24883U 97037A   23056.26420670  .00000511  00000-0  19943-3 0   722
2 24883  98.7060 185.9042 0003279  90.4569 269.6991 14.33927417349795
1 24883U 97037A   23056.33398508  .00000510  00000-0  19899-3 0    15
2 24883  98.7060 185.9744 0003281  90.3266 269.8294 14.33927491349543
1 24883U 97037A   23056.82243344  .00000532  00000-0  20698-3 0    19
2 24883  98.7060 186.4661 0003283  89.3614 270.7947 14.33928198349613
1 24883U 97037A   23057.38065992  .00000588  00000-0  22706-3 0   734
2 24883  98.7061 187.0280 0003279  88.2103 271.9456 14.33929151349959
1 24883U 97037A   23057.38065992  .00000588  00000-0  22706-3 0    15
2 24883  98.7061 187.0280 0003279  88.2103 271.9456 14.33929151349690
1 24883U 97037A   23058.35755531  .00000679  00000-0  25981-3 0    17
2 24883  98.7062 188.0114 0003257  86.1341 274.0216 14.33930902349835
1 24883U 97037A   23059.26467136  .00000709  00000-0  27043-3 0   744
2 24883  98.7063 188.9245 0003258  84.2748 275.8808 14.33932367350229
1 24883U 97037A   23059.33444949  .00000710  00000-0  27076-3 0    17
2 24883  98.7063 188.9947 0003259  84.1398 276.0158 14.33932476349971
1 24883U 97037A   23059.89267464  .00000648  00000-0  24863-3 0    14
2 24883  98.7064 189.5567 0003260  83.0618 277.0937 14.33932864350050
1 24883U 97037A   23060.38112108  .00000667  00000-0  25533-3 0   751
2 24883  98.7065 190.0484 0003261  82.2963 277.8591 14.33933695350384
1 24883U 97037A   23060.86956759  .00000614  00000-0  23628-3 0    16
2 24883  98.7065 190.5401 0003252  81.2981 278.8571 14.33934061350193
1 24883U 97037A   23061.35801361  .00000627  00000-0  24124-3 0    15
2 24883  98.7066 191.0318 0003243  80.2822 279.8728 14.33934851350260
1 24883U 97037A   23062.33490459  .00000739  00000-0  28135-3 0   768
2 24883  98.7067 192.0152 0003227  78.1952 281.9594 14.33937004350662
1 24883U 97037A   23062.33490459  .00000739  00000-0  28135-3 0    16
2 24883  98.7067 192.0152 0003227  78.1952 281.9594 14.33937004350404
1 24883U 97037A   23062.89312757  .00000765  00000-0  29062-3 0    10
2 24883  98.7067 192.5771 0003219  77.0524 283.1019 14.33938044350489
1 24883U 97037A   23063.31179423  .00000827  00000-0  31270-3 0    12
2 24883  98.7067 192.9986 0003211  76.1794 283.9747 14.33939155350549
1 24883U 97037A   23064.28868279  .00000887  00000-0  33431-3 0   773
2 24883  98.7069 193.9821 0003183  74.0877 286.0658 14.33941165350940
1 24883U 97037A   23064.35846049  .00000884  00000-0  33316-3 0    18
2 24883  98.7069 194.0523 0003176  73.9156 286.2377 14.33941273350693
1 24883U 97037A   23064.91668177  .00000942  00000-0  35390-3 0    13
2 24883  98.7070 194.6143 0003157  72.6666 287.4863 14.33942606350773
1 24883U 97037A   23065.33534725  .00000955  00000-0  35881-3 0   784
2 24883  98.7068 195.0357 0003142  71.6354 288.5172 14.33943524351090
1 24883U 97037A   23065.33534725  .00000955  00000-0  35881-3 0    10
2 24883  98.7068 195.0357 0003142  71.6354 288.5172 14.33943524350831
1 24883U 97037A   23066.31223265  .00001031  00000-0  38572-3 0    19
2 24883  98.7070 196.0191 0003122  69.5900 290.5619 14.33945839350977
1 24883U 97037A   23067.07978435  .00001054  00000-0  39399-3 0   797
2 24883  98.7071 196.7919 0003101  68.0384 292.1129 14.33947567351346
1 24883U 97037A   23067.35889392  .00001030  00000-0  38554-3 0    12
2 24883  98.7071 197.0728 0003090  67.3841 292.7669 14.33948030351122
1 24883U 97037A   23068.26599887  .00001027  00000-0  38432-3 0   808
2 24883  98.7072 197.9860 0003065  65.4145 294.7359 14.33950004351512
1 24883U 97037A   23068.89399359  .00001128  00000-0  42047-3 0    11
2 24883  98.7073 198.6183 0003041  63.9677 296.1820 14.33952022351348
1 24883U 97037A   23069.38243352  .00001121  00000-0  41821-3 0   817
2 24883  98.7074 199.1100 0003029  62.9536 297.1957 14.33953138351670
1 24883U 97037A   23069.87087338  .00001030  00000-0  38538-3 0    13
2 24883  98.7076 199.6019 0002998  61.8846 298.2641 14.33953701351489
1 24883U 97037A   23070.35931238  .00001080  00000-0  40343-3 0    17
2 24883  98.7077 200.0937 0002979  60.6016 299.5465 14.33955167351555
1 24883U 97037A   23071.26641297  .00001000  00000-0  37451-3 0   828
2 24883  98.7078 201.0070 0002938  58.4552 301.6919 14.33956778351941
1 24883U 97037A   23071.26641297  .00001000  00000-0  37451-3 0    19
2 24883  98.7078 201.0070 0002938  58.4552 301.6919 14.33956778351682
1 24883U 97037A   23071.33618988  .00000980  00000-0  36760-3 0    16
2 24883  98.7077 201.0772 0002934  58.2069 301.9401 14.33956842351699
1 24883U 97037A   23072.31306613  .00000918  00000-0  34516-3 0   832
2 24883  98.7078 202.0607 0002894  55.9562 304.1897 14.33958610352099
1 24883U 97037A   23072.31306613  .00000918  00000-0  34516-3 0    12
2 24883  98.7078 202.0607 0002894  55.9562 304.1897 14.33958610351830
1 24883U 97037A   23073.35971761  .00000873  00000-0  32927-3 0   844
2 24883  98.7080 203.1146 0002836  53.3349 306.8095 14.33960613352245
1 24883U 97037A   23073.35971761  .00000873  00000-0  32927-3 0    13
2 24883  98.7080 203.1146 0002836  53.3349 306.8095 14.33960613351985
1 24883U 97037A   23073.91793110  .00000883  00000-0  33272-3 0    10
2 24883  98.7082 203.6769 0002861  52.6101 307.5343 14.33961878352067
1 24883U 97037A   23074.33659097  .00000879  00000-0  33137-3 0    17
2 24883  98.7082 204.0983 0002855  51.7089 308.4352 14.33962720352122
1 24883U 97037A   23074.82502699  .00000832  00000-0  31449-3 0   851
2 24883  98.7083 204.5902 0002857  51.1193 309.0246 14.33963542352459
1 24883U 97037A   23074.89480356  .00000830  00000-0  31372-3 0    14
2 24883  98.7083 204.6604 0002855  50.9780 309.1658 14.33963668352206
1 24883U 97037A   23075.38323929  .00000842  00000-0  31788-3 0    15
2 24883  98.7084 205.1523 0002834  49.8769 310.2663 14.33964722352272
1 24883U 97037A   23075.94145179  .00000722  00000-0  27483-3 0   863
2 24883  98.7086 205.7145 0002813  48.7855 311.3571 14.33965022352613
1 24883U 97037A   23075.87167526  .00000733  00000-0  27893-3 0    19
2 24883  98.7086 205.6442 0002816  48.9686 311.1741 14.33964969352345
1 24883U 97037A   23076.36011104  .00000705  00000-0  26901-3 0    12
2 24883  98.7087 206.1361 0002800  47.9653 312.1769 14.33965579352415
1 24883U 97037A   23077.19742845  .00000663  00000-0  25372-3 0   875
2 24883  98.7088 206.9793 0002770  46.1664 313.9749 14.33966749352790
1 24883U 97037A   23077.89519251  .00000615  00000-0  23672-3 0    19
2 24883  98.7089 207.6819 0002749  44.7277 315.4128 14.33967606352632
1 24883U 97037A   23078.24407438  .00000652  00000-0  24974-3 0   884
2 24883  98.7089 208.0332 0002734  43.6929 316.4472 14.33968308352940
1 24883U 97037A   23078.59295591  .00000644  00000-0  24704-3 0    14
2 24883  98.7090 208.3846 0002719  43.1310 317.0087 14.33968855352730
1 24883U 97037A   23078.87206127  .00000611  00000-0  23534-3 0    16
2 24883  98.7091 208.6657 0002705  42.4680 317.6713 14.33969093352772
1 24883U 97037A   23079.36049528  .00000627  00000-0  24076-3 0   896
2 24883  98.7091 209.1575 0002683  41.3285 318.8102 14.33969901353102
1 24883U 97037A   23079.36049528  .00000627  00000-0  24076-3 0    10
2 24883  98.7091 209.1575 0002683  41.3285 318.8102 14.33969901352842
1 24883U 97037A   23079.77915280  .00000593  00000-0  22864-3 0    17
2 24883  98.7093 209.5792 0002661  40.2667 319.8714 14.33970350352904
1 24883U 97037A   23080.33736261  .00000601  00000-0  23170-3 0    12
2 24883  98.7094 210.1413 0002630  38.6226 321.5146 14.33971173352982
1 24883U 97037A   23080.82579601  .00000586  00000-0  22627-3 0   905
2 24883  98.7095 210.6333 0002598  37.2443 322.8921 14.33971758353310
1 24883U 97037A   23080.82579601  .00000586  00000-0  22627-3 0    17
2 24883  98.7095 210.6333 0002598  37.2443 322.8921 14.33971758353051
1 24883U 97037A   23082.22131881  .00000664  00000-0  25429-3 0   916
2 24883  98.7097 212.0386 0002538  34.1681 325.9666 14.33974031353519
1 24883U 97037A   23081.87243820  .00000626  00000-0  24055-3 0    16
2 24883  98.7097 211.6873 0002552  34.9652 325.1700 14.33973400353203
1 24883U 97037A   23082.36087099  .00000664  00000-0  25421-3 0    15
2 24883  98.7098 212.1792 0002532  33.8519 326.2827 14.33974227353275
1 24883U 97037A   23082.91907884  .00000798  00000-0  30226-3 0    16
2 24883  98.7099 212.7414 0002509  32.6521 327.4818 14.33975902353350
1 24883U 97037A   23083.26795441  .00001840  00000-0  67540-3 0   927
2 24883  98.7100 213.0928 0002513  31.8654 328.2681 14.33983358353665
1 24883U 97037A   23083.33773012  .00001839  00000-0  67516-3 0    16
2 24883  98.7100 213.1631 0002512  31.7592 328.3743 14.33983552353415
1 24883U 97037A   23083.82616645  .00000816  00000-0  30854-3 0   938
2 24883  98.7101 213.6550 0002478  30.9064 329.2266 14.33977415353744
1 24883U 97037A   23083.89594236  .00000818  00000-0  30917-3 0    17
2 24883  98.7102 213.7253 0002475  30.7593 329.3736 14.33977536353497
1 24883U 97037A   23084.87280463  .00000839  00000-0  31692-3 0   946
2 24883  98.7103 214.7091 0002429  28.4893 331.6423 14.33979280353896
1 24883U 97037A   23084.94258047  .00000839  00000-0  31694-3 0    17
2 24883  98.7103 214.7794 0002425  28.2977 331.8339 14.33979387353642
1 24883U 97037A   23085.91944165  .00000779  00000-0  29519-3 0    14
2 24883  98.7104 215.7632 0002370  25.9163 334.2139 14.33980703353789
1 24883U 97037A   23086.19854461  .00000756  00000-0  28712-3 0   956
2 24883  98.7105 216.0443 0002357  24.9578 335.1719 14.33981045354086
1 24883U 97037A   23086.33809601  .00000758  00000-0  28768-3 0    18
2 24883  98.7105 216.1849 0002354  24.4341 335.6954 14.33981320353842
1 24883U 97037A   23086.89630169  .00000738  00000-0  28063-3 0    16
2 24883  98.7107 216.7471 0002325  23.1231 337.0057 14.33982135353927
1 24883U 97037A   23087.31495569  .00000760  00000-0  28848-3 0   967
2 24883  98.7106 217.1687 0002305  21.8145 338.3137 14.33982939354248
1 24883U 97037A   23087.31495569  .00000760  00000-0  28848-3 0    13
2 24883  98.7106 217.1687 0002305  21.8145 338.3137 14.33982939353988
1 24883U 97037A   23087.87316049  .00000761  00000-0  28873-3 0    18
2 24883  98.7107 217.7309 0002273  20.3981 339.7293 14.33983955354069
1 24883U 97037A   23088.50114061  .00000860  00000-0  32420-3 0   977
2 24883  98.7108 218.3635 0002234  18.7419 341.3847 14.33985525354411
1 24883U 97037A   23088.85001823  .00000826  00000-0  31207-3 0    15
2 24883  98.7109 218.7148 0002214  17.7211 342.4050 14.33985957354206
1 24883U 97037A   23089.33844683  .00000840  00000-0  31716-3 0    19
2 24883  98.7109 219.2068 0002191  16.3112 343.8142 14.33986791354273
1 24883U 97037A   23090.10597651  .00000869  00000-0  32754-3 0   986
2 24883  98.7110 219.9799 0002149  13.9589 346.1654 14.33988243354646
1 24883U 97037A   23091.22238263  .00000817  00000-0  30899-3 0   993
2 24883  98.7112 221.1043 0002083  10.9183 349.2046 14.33989733354801
1 24883U 97037A   23091.36193329  .00000817  00000-0  30888-3 0    12
2 24883  98.7112 221.2449 0002076  10.6273 349.4954 14.33989965354561
1 24883U 97037A   23091.78058518  .00000756  00000-0  28719-3 0    10
2 24883  98.7113 221.6666 0002050   9.4679 350.6543 14.33990311354627
1 24883U 97037A   23092.26901208  .00000776  00000-0  29412-3 0  1000
2 24883  98.7115 222.1587 0002027   8.2151 351.9066 14.33991191354950
1 24883U 97037A   23092.33878732  .00000772  00000-0  29265-3 0    15
2 24883  98.7115 222.2290 0002022   7.8398 352.2817 14.33991287354702
1 24883U 97037A   23092.89698927  .00000682  00000-0  26064-3 0    16
2 24883  98.7116 222.7912 0001992   6.6237 353.4973 14.33991682354786
1 24883U 97037A   23093.38541543  .00000705  00000-0  26869-3 0  1012
2 24883  98.7117 223.2832 0001965   5.0587 355.0617 14.33992632355112
1 24883U 97037A   23093.38541543  .00000705  00000-0  26869-3 0    11
2 24883  98.7117 223.2832 0001965   5.0587 355.0617 14.33992632354852
1 24883U 97037A   23093.87384157  .00000669  00000-0  25575-3 0    13
2 24883  98.7117 223.7752 0001937   3.5794 356.5403 14.33993211354921
1 24883U 97037A   23094.36226736  .00000681  00000-0  26022-3 0    18
2 24883  98.7118 224.2672 0001905   2.2031 357.9162 14.33994054354994
1 24883U 97037A   23094.78091802  .00000631  00000-0  24216-3 0  1028
2 24883  98.7119 224.6889 0001879   1.1501 358.9687 14.33994411355316
1 24883U 97037A   23094.92046818  .00000627  00000-0  24079-3 0    11
2 24883  98.7119 224.8295 0001872   0.6809 359.4377 14.33994594355074
1 24883U 97037A   23095.33911848  .00000620  00000-0  23818-3 0    14
2 24883  98.7119 225.2512 0001852 359.3912   0.7270 14.33995191355137
1 24883U 97037A   23095.89731873  .00000584  00000-0  22554-3 0  1031
2 24883  98.7121 225.8135 0001819 357.6978   2.4197 14.33995807355471
1 24883U 97037A   23095.89731873  .00000584  00000-0  22554-3 0    18
2 24883  98.7121 225.8135 0001819 357.6978   2.4197 14.33995807355213
1 24883U 97037A   23096.31596869  .00000557  00000-0  21568-3 0    14
2 24883  98.7121 226.2352 0001799 356.2651   3.8519 14.33996256355277
1 24883U 97037A   23096.80439348  .00000546  00000-0  21192-3 0    17
2 24883  98.7122 226.7273 0001768 354.7931   5.3235 14.33996889355347
1 24883U 97037A   23097.22304306  .00000562  00000-0  21766-3 0  1048
2 24883  98.7123 227.1490 0001746 353.2656   6.8504 14.33997545355668
1 24883U 97037A   23097.36259289  .00000558  00000-0  21628-3 0    10
2 24883  98.7124 227.2896 0001738 352.6770   7.4388 14.33997726355423
1 24883U 97037A   23098.33944154  .00000545  00000-0  21143-3 0  1053
2 24883  98.7126 228.2737 0001688 349.5615  10.5534 14.33998893355825
1 24883U 97037A   23098.33944154  .00000545  00000-0  21143-3 0    18
2 24883  98.7126 228.2737 0001688 349.5615  10.5534 14.33998893355566
1 24883U 97037A   23099.31628935  .00000538  00000-0  20896-3 0    19
2 24883  98.7128 229.2578 0001639 346.0458  14.0680 14.34000061355704
1 24883U 97037A   23099.94426248  .00000542  00000-0  21037-3 0  1060
2 24883  98.7129 229.8905 0001603 343.3640  16.7492 14.34000853356057
1 24883U 97037A   23100.57223516  .00000580  00000-0  22381-3 0    14
2 24883  98.7131 230.5232 0001578 340.8143  19.2982 14.34001854355887
1 24883U 97037A   23100.92110881  .00000550  00000-0  21335-3 0    18
2 24883  98.7132 230.8747 0001558 339.4338  20.6784 14.34002131355931
1 24883U 97037A   23101.20020778  .00000541  00000-0  21011-3 0  1073
2 24883  98.7133 231.1559 0001544 338.3682  21.7436 14.34002368356234
1 24883U 97037A   23101.33975723  .00000540  00000-0  20981-3 0    13
2 24883  98.7133 231.2965 0001560 338.1204  21.9913 14.34002537355994
1 24883U 97037A   23101.89795466  .00000540  00000-0  20948-3 0    11
2 24883  98.7134 231.8589 0001532 335.8392  24.2720 14.34003201356075
1 24883U 97037A   23102.38637733  .00000509  00000-0  19865-3 0  1087
2 24883  98.7135 232.3510 0001504 334.4595  25.6514 14.34003595356404
1 24883U 97037A   23102.59570115  .00000512  00000-0  19950-3 0    11
2 24883  98.7136 232.5619 0001475 333.4342  26.6767 14.34003861356174
1 24883U 97037A   23103.36322166  .00000535  00000-0  20774-3 0    19
2 24883  98.7137 233.3353 0001440 329.6332  30.4769 14.34004932356284
1 24883U 97037A   23103.85164359  .00000529  00000-0  20567-3 0  1093
2 24883  98.7139 233.8274 0001413 327.6390  32.4708 14.34005508356617
1 24883U 97037A   23104.34006521  .00000569  00000-0  21993-3 0    13
2 24883  98.7139 234.3195 0001391 325.6802  34.4292 14.34006346356426
1 24883U 97037A   23104.96803558  .00000612  00000-0  23528-3 0  1102
2 24883  98.7140 234.9523 0001366 322.8551  37.2538 14.34007370356771
1 24883U 97037A   23105.38668225  .00000658  00000-0  25189-3 0    13
2 24883  98.7141 235.3741 0001352 321.0405  39.0682 14.34008177356577
1 24883U 97037A   23105.87510302  .00000660  00000-0  25246-3 0    16
2 24883  98.7142 235.8662 0001330 318.8892  41.2192 14.34008903356641
1 24883U 97037A   23106.22397504  .00000694  00000-0  26478-3 0  1110
2 24883  98.7143 236.2178 0001318 317.3210  42.7872 14.34009517356950
1 24883U 97037A   23106.36352369  .00000703  00000-0  26802-3 0    15
2 24883  98.7143 236.3584 0001320 316.3844  43.7236 14.34009789356717
1 24883U 97037A   23106.85194393  .00000729  00000-0  27732-3 0    11
2 24883  98.7144 236.8505 0001302 313.9544  46.1533 14.34010671356782
1 24883U 97037A   23107.34036392  .00000760  00000-0  28844-3 0    10
2 24883  98.7144 237.3426 0001299 311.2347  48.8725 14.34011565356850
1 24883U 97037A   23107.89855789  .00000764  00000-0  28970-3 0    13
2 24883  98.7145 237.9051 0001282 308.2845  51.8224 14.34012440356932
1 24883U 97037A   23108.31720325  .00000753  00000-0  28594-3 0    18
2 24883  98.7145 238.3269 0001270 306.0589  54.0478 14.34012995356993
1 24883U 97037A   23109.36381551  .00000743  00000-0  28246-3 0    11
2 24883  98.7148 239.3817 0001246 300.5495  59.5566 14.34014630357148
1 24883U 97037A   23110.34065272  .00000703  00000-0  26807-3 0    17
2 24883  98.7151 240.3660 0001228 295.8713  64.2345 14.34015950357288
1 24883U 97037A   23110.34065272  .00000703  00000-0  26807-3 0  1142
2 24883  98.7151 240.3660 0001228 295.8713  64.2345 14.34015950357547
1 24883U 97037A   23111.59658492  .00000609  00000-0  23424-3 0    14
2 24883  98.7154 241.6317 0001217 288.7762  71.3290 14.34017336357465
1 24883U 97037A   23112.08500249  .00000619  00000-0  23787-3 0    18
2 24883  98.7155 242.1239 0001209 286.0147  74.0904 14.34018133357530
1 24883U 97037A   23112.64319389  .00000591  00000-0  22781-3 0    15
2 24883  98.7157 242.6865 0001198 282.9127  77.1923 14.34018786357610
1 24883U 97037A   23113.34093289  .00000585  00000-0  22555-3 0    13
2 24883  98.7158 243.3897 0001198 279.0772  81.0277 14.34019675357712
1 24883U 97037A   23114.31776216  .00001471  00000-0  54266-3 0    18
2 24883  98.7160 244.3741 0001183 274.2392  85.8657 14.34027080357851
1 24883U 97037A   23114.31776216  .00001471  00000-0  54266-3 0  1187
2 24883  98.7160 244.3741 0001183 274.2392  85.8657 14.34027080358111
1 24883U 97037A   23115.08527678  .00000677  00000-0  25865-3 0  1199
2 24883  98.7162 245.1477 0001181 268.9882  91.1167 14.34022901358225
1 24883U 97037A   23115.36437182  .00000644  00000-0  24671-3 0    18
2 24883  98.7162 245.4290 0001178 267.3546  92.7503 14.34023087358000
1 24883U 97037A   23116.20165616  .00000557  00000-0  21578-3 0  1200
2 24883  98.7164 246.2728 0001179 262.5475  97.5575 14.34023759358385
1 24883U 97037A   23116.34120342  .00000556  00000-0  21524-3 0    10
2 24883  98.7164 246.4135 0001181 261.7418  98.3632 14.34023969358140
1 24883U 97037A   23117.31803403  .00000526  00000-0  20444-3 0    11
2 24883  98.7166 247.3980 0001193 256.0920 104.0131 14.34025163358280
1 24883U 97037A   23117.80644892  .00000531  00000-0  20645-3 0  1212
2 24883  98.7167 247.8903 0001198 253.2723 106.8330 14.34025913358617
1 24883U 97037A   23118.36463749  .00000481  00000-0  18830-3 0    18
2 24883  98.7167 248.4528 0001215 250.2476 109.8577 14.34026314358431
1 24883U 97037A   23119.06237251  .00000455  00000-0  17912-3 0  1228
2 24883  98.7169 249.1561 0001234 246.2707 113.8348 14.34027100358795
1 24883U 97037A   23119.34146653  .00000427  00000-0  16910-3 0    16
2 24883  98.7169 249.4374 0001241 244.7310 115.3746 14.34027286358571
1 24883U 97037A   23120.10897465  .00000424  00000-0  16786-3 0  1239
2 24883  98.7170 250.2110 0001260 240.4965 119.6094 14.34028158358944
1 24883U 97037A   23120.52761533  .00000424  00000-0  16785-3 0    15
2 24883  98.7171 250.6330 0001282 238.2813 121.8246 14.34028615358744
1 24883U 97037A   23121.22534947  .00000425  00000-0  16834-3 0  1242
2 24883  98.7172 251.3363 0001324 234.8607 125.2453 14.34029346359100
1 24883U 97037A   23121.36489625  .00000420  00000-0  16661-3 0    16
2 24883  98.7173 251.4770 0001334 234.2791 125.8269 14.34029476358860
1 24883U 97037A   23121.92308342  .00000412  00000-0  16373-3 0    15
2 24883  98.7174 252.0396 0001352 231.7744 128.3318 14.34029963358945
1 24883U 97037A   23122.27195021  .00000437  00000-0  17270-3 0  1253
2 24883  98.7174 252.3912 0001363 230.2997 129.8067 14.34030445359257
1 24883U 97037A   23122.62081695  .00000430  00000-0  17001-3 0    11
2 24883  98.7175 252.7429 0001380 228.6929 131.4137 14.34030742359044
1 24883U 97037A   23122.89991026  .00000425  00000-0  16833-3 0    14
2 24883  98.7176 253.0242 0001389 227.4853 132.6214 14.34031009359084
1 24883U 97037A   23123.38832361  .00000436  00000-0  17239-3 0  1266
2 24883  98.7177 253.5165 0001413 225.5793 134.5275 14.34031496359419
1 24883U 97037A   23123.38832361  .00000436  00000-0  17239-3 0    18
2 24883  98.7177 253.5165 0001413 225.5793 134.5275 14.34031496359150
1 24883U 97037A   23123.87673647  .00000416  00000-0  16525-3 0    17
2 24883  98.7178 254.0089 0001435 223.2921 136.8151 14.34031939359222
1 24883U 97037A   23124.36514936  .00000420  00000-0  16641-3 0    11
2 24883  98.7179 254.5011 0001463 221.5598 138.5475 14.34032422359298
1 24883U 97037A   23124.92333525  .00000450  00000-0  17730-3 0  1278
2 24883  98.7180 255.0638 0001491 219.2205 140.8872 14.34033148359632
1 24883U 97037A   23124.85356201  .00000450  00000-0  17748-3 0    16
2 24883  98.7180 254.9935 0001487 219.4768 140.6308 14.34033091359360
1 24883U 97037A   23125.96993329  .00000468  00000-0  18383-3 0  1282
2 24883  98.7182 256.1188 0001544 215.4208 144.6874 14.34034260359782
1 24883U 97037A   23125.90016011  .00000469  00000-0  18402-3 0    13
2 24883  98.7182 256.0485 0001539 215.6409 144.4673 14.34034205359515
1 24883U 97037A   23126.24902607  .00000553  00000-0  21425-3 0    19
2 24883  98.7183 256.4002 0001564 214.4035 145.7048 14.34034940359566
1 24883U 97037A   23127.08630341  .00000583  00000-0  22483-3 0  1294
2 24883  98.7185 257.2443 0001607 210.7027 149.4063 14.34036049359946
1 24883U 97037A   23127.36539609  .00000568  00000-0  21958-3 0    18
2 24883  98.7185 257.5256 0001619 209.6726 150.4366 14.34036200359720
1 24883U 97037A   23127.92358066  .00000554  00000-0  21467-3 0    16
2 24883  98.7187 258.0883 0001653 207.6894 152.4202 14.34036753359809
1 24883U 97037A   23128.20267305  .00000536  00000-0  20794-3 0  1308
2 24883  98.7187 258.3697 0001667 206.6441 153.4658 14.34036894360104
1 24883U 97037A   23128.90040324  .00000526  00000-0  20434-3 0    12
2 24883  98.7189 259.0731 0001707 204.0028 156.1077 14.34037650359947
1 24883U 97037A   23129.38881432  .00000509  00000-0  19832-3 0    19
2 24883  98.7190 259.5655 0001735 202.3905 157.7203 14.34038071360011
1 24883U 97037A   23130.36563563  .00000586  00000-0  22612-3 0    16
2 24883  98.7192 260.5503 0001784 198.9120 161.1998 14.34039628360154
1 24883U 97037A   23130.78427293  .00000612  00000-0  23538-3 0    19
2 24883  98.7193 260.9724 0001807 197.3268 162.7854 14.34040325360217
1 24883U 97037A   23130.99359185  .00000583  00000-0  22473-3 0  1325
2 24883  98.7193 261.1834 0001818 196.6299 163.4825 14.34040330360504
1 24883U 97037A   23131.34245615  .00000581  00000-0  22419-3 0    10
2 24883  98.7194 261.5351 0001839 195.5934 164.5194 14.34040773360298
1 24883U 97037A   23132.10995724  .00000584  00000-0  22518-3 0  1337
2 24883  98.7195 262.3089 0001881 192.8992 167.2145 14.34041766360667
1 24883U 97037A   23132.24950296  .00000598  00000-0  23022-3 0    17
2 24883  98.7195 262.4496 0001888 192.5713 167.5425 14.34041988360429
1 24883U 97037A   23132.87745786  .00000605  00000-0  23287-3 0    14
2 24883  98.7196 263.0827 0001925 190.5304 169.5840 14.34042892360519
1 24883U 97037A   23133.22632184  .00000567  00000-0  21902-3 0  1347
2 24883  98.7197 263.4344 0001945 189.6888 170.4259 14.34043045360826
1 24883U 97037A   23133.36586726  .00000568  00000-0  21939-3 0    16
2 24883  98.7197 263.5751 0001954 189.3851 170.7297 14.34043252360584
1 24883U 97037A   23133.85427630  .00000501  00000-0  19568-3 0    10
2 24883  98.7199 264.0675 0001986 188.1767 171.9385 14.34043532360655
1 24883U 97037A   23134.27291249  .00000517  00000-0  20123-3 0  1356
2 24883  98.7199 264.4896 0002004 186.8245 173.2912 14.34044128360970
1 24883U 97037A   23134.34268520  .00000511  00000-0  19924-3 0    13
2 24883  98.7199 264.5600 0002008 186.5096 173.6063 14.34044184360725
1 24883U 97037A   23134.90086662  .00000447  00000-0  17627-3 0    16
2 24883  98.7200 265.1228 0002035 184.7698 175.3467 14.34044518360806
1 24883U 97037A   23135.59859306  .00000433  00000-0  17103-3 0  1368
2 24883  98.7201 265.8263 0002087 182.8322 177.2850 14.34045235361167
1 24883U 97037A   23135.31950255  .00000444  00000-0  17503-3 0    10
2 24883  98.7200 265.5449 0002063 183.6212 176.4958 14.34044975360866
1 24883U 97037A   23136.36609177  .00000425  00000-0  16818-3 0    17
2 24883  98.7202 266.6002 0002129 180.6847 179.4335 14.34046068361014
1 24883U 97037A   23137.20336279  .00000347  00000-0  14038-3 0  1376
2 24883  98.7203 267.4444 0002179 178.5148 181.6043 14.34046504361396
1 24883U 97037A   23137.90108841  .00000326  00000-0  13303-3 0    16
2 24883  98.7205 268.1480 0002217 176.3515 183.7686 14.34047048361236
1 24883U 97037A   23138.38949609  .00000301  00000-0  12397-3 0  1380
2 24883  98.7205 268.6404 0002244 175.1399 184.9808 14.34047368361564
1 24883U 97037A   23138.38949609  .00000301  00000-0  12397-3 0    19
2 24883  98.7205 268.6404 0002244 175.1399 184.9808 14.34047368361306
1 24883U 97037A   23139.85471847  .00000312  00000-0  12771-3 0  1396
2 24883  98.7209 270.1179 0002331 171.4117 188.7107 14.34048683361777
1 24883U 97037A   23139.92449094  .00000311  00000-0  12736-3 0    11
2 24883  98.7209 270.1883 0002335 171.2141 188.9084 14.34048730361520
1 24883U 97037A   23140.83153231  .00000412  00000-0  16354-3 0    10
2 24883  98.7210 271.1029 0002385 168.6914 191.4324 14.34050131361656
1 24883U 97037A   23141.11062187  .00000417  00000-0  16527-3 0  1402
2 24883  98.7211 271.3843 0002401 168.0314 192.0927 14.34050395361951
1 24883U 97037A   23141.38971159  .00000425  00000-0  16844-3 0    16
2 24883  98.7211 271.6658 0002416 167.2629 192.8617 14.34050656361734
1 24883U 97037A   23142.36652464  .00000455  00000-0  17903-3 0  1415
2 24883  98.7213 272.6508 0002473 164.8715 195.2544 14.34051698362131
1 24883U 97037A   23143.83174318  .00000423  00000-0  16774-3 0    10
2 24883  98.7217 274.1284 0002553 161.0497 199.0782 14.34052866362086
1 24883U 97037A   23144.11083222  .00000423  00000-0  16766-3 0  1422
2 24883  98.7217 274.4098 0002563 160.4473 199.6810 14.34053116362380
1 24883U 97037A   23144.32014898  .00000444  00000-0  17513-3 0    16
2 24883  98.7218 274.6208 0002571 159.9696 200.1589 14.34053438362158
1 24883U 97037A   23145.85513787  .00000364  00000-0  14651-3 0  1434
2 24883  98.7221 276.1689 0002657 156.2679 203.8629 14.34054463362635
1 24883U 97037A   23145.92491005  .00000363  00000-0  14606-3 0    12
2 24883  98.7221 276.2392 0002661 156.1217 204.0091 14.34054515362385
1 24883U 97037A   23146.34354318  .00000345  00000-0  13971-3 0    18
2 24883  98.7221 276.6614 0002682 155.1166 205.0148 14.34054783362449
1 24883U 97037A   23146.90172049  .00000327  00000-0  13306-3 0    11
2 24883  98.7222 277.2243 0002715 153.6660 206.4662 14.34055171362521
1 24883U 97037A   23147.11103693  .00000322  00000-0  13133-3 0  1445
2 24883  98.7222 277.4354 0002725 153.2841 206.8484 14.34055304362810
1 24883U 97037A   23147.87853038  .00000311  00000-0  12749-3 0    15
2 24883  98.7224 278.2095 0002764 151.7923 208.3411 14.34055890362660
1 24883U 97037A   23148.22739090  .00000333  00000-0  13527-3 0  1454
2 24883  98.7224 278.5613 0002782 151.2084 208.9254 14.34056275362975
1 24883U 97037A   23148.92511173  .00000351  00000-0  14185-3 0    13
2 24883  98.7225 279.2650 0002814 149.6806 210.4541 14.34056963362818
1 24883U 97037A   23149.34374418  .00000331  00000-0  13483-3 0  1467
2 24883  98.7225 279.6872 0002832 148.7295 211.4058 14.34057173363134
1 24883U 97037A   23149.34374418  .00000331  00000-0  13483-3 0    17
2 24883  98.7225 279.6872 0002832 148.7295 211.4058 14.34057173362874
1 24883U 97037A   23149.83214856  .00000318  00000-0  13009-3 0    19
2 24883  98.7226 280.1798 0002856 147.7113 212.4247 14.34057476362948
1 24883U 97037A   23150.32055286  .00000301  00000-0  12407-3 0    18
2 24883  98.7226 280.6724 0002875 146.7465 213.3900 14.34057735363015
1 24883U 97037A   23150.80895693  .00000310  00000-0  12701-3 0  1473
2 24883  98.7227 281.1649 0002900 145.6400 214.4972 14.34058180363346
1 24883U 97037A   23150.87872895  .00000308  00000-0  12643-3 0    10
2 24883  98.7227 281.2353 0002903 145.5040 214.6333 14.34058219363099
1 24883U 97037A   23151.36713293  .00000329  00000-0  13390-3 0    14
2 24883  98.7228 281.7279 0002925 144.3432 215.7948 14.34058699363162
1 24883U 97037A   23151.85553671  .00000332  00000-0  13501-3 0  1480
2 24883  98.7229 282.2205 0002950 143.0138 217.1250 14.34059127363490
1 24883U 97037A   23151.92530868  .00000332  00000-0  13483-3 0    18
2 24883  98.7229 282.2909 0002953 142.8538 217.2851 14.34059174363248
1 24883U 97037A   23152.34394039  .00000339  00000-0  13741-3 0    17
2 24883  98.7229 282.7131 0002970 141.8848 218.2547 14.34059544363303
1 24883U 97037A   23153.11143170  .00000333  00000-0  13525-3 0  1498
2 24883  98.7230 283.4872 0003008 140.2956 219.8449 14.34060067363671
1 24883U 97037A   23153.32074746  .00000328  00000-0  13349-3 0    18
2 24883  98.7231 283.6983 0003016 139.7841 220.3567 14.34060216363441
1 24883U 97037A   23153.80915071  .00000363  00000-0  14596-3 0    10
2 24883  98.7232 284.1910 0003039 138.6908 221.4507 14.34060811363510
1 24883U 97037A   23154.36732585  .00000361  00000-0  14522-3 0  1501
2 24883  98.7233 284.7539 0003056 137.4181 222.7240 14.34061208363859
1 24883U 97037A   23154.36732585  .00000361  00000-0  14522-3 0    16
2 24883  98.7233 284.7539 0003056 137.4181 222.7240 14.34061208363590
1 24883U 97037A   23154.92550076  .00000340  00000-0  13793-3 0    17
2 24883  98.7234 285.3169 0003084 136.1015 224.0415 14.34061539363675
1 24883U 97037A   23155.62321916  .00000321  00000-0  13093-3 0    16
2 24883  98.7235 286.0207 0003112 134.5882 225.5557 14.34061956363770
1 24883U 97037A   23155.83253461  .00000317  00000-0  12952-3 0  1512
2 24883  98.7236 286.2318 0003120 134.2424 225.9017 14.34062108364062
1 24883U 97037A   23155.90230643  .00000314  00000-0  12863-3 0    19
2 24883  98.7236 286.3022 0003122 134.1143 226.0298 14.34062143363818
1 24883U 97037A   23156.60002446  .00000321  00000-0  13115-3 0    14
2 24883  98.7237 287.0060 0003150 132.6357 227.5093 14.34062700363919
1 24883U 97037A   23156.87911147  .00000329  00000-0  13400-3 0    15
2 24883  98.7238 287.2875 0003159 132.0762 228.0691 14.34063007363954
1 24883U 97037A   23156.94888324  .00000329  00000-0  13389-3 0  1526
2 24883  98.7238 287.3579 0003161 131.9327 228.2127 14.34063054364223
1 24883U 97037A   23157.36751372  .00000340  00000-0  13801-3 0    10
2 24883  98.7239 287.7801 0003169 131.2001 228.9457 14.34063467364025
1 24883U 97037A   23157.78614417  .00000364  00000-0  14635-3 0    16
2 24883  98.7240 288.2024 0003177 130.3186 229.8277 14.34063934364088
1 24883U 97037A   23157.99545944  .00000356  00000-0  14348-3 0  1537
2 24883  98.7240 288.4135 0003182 129.9175 230.2289 14.34064018364376
1 24883U 97037A   23158.34431812  .00000347  00000-0  14038-3 0    13
2 24883  98.7240 288.7654 0003193 129.1787 230.9681 14.34064232364166
1 24883U 97037A   23158.90249170  .00000365  00000-0  14688-3 0    10
2 24883  98.7241 289.3284 0003215 127.9824 232.1651 14.34064783364247
1 24883U 97037A   23159.11180675  .00000363  00000-0  14623-3 0  1544
2 24883  98.7241 289.5396 0003222 127.5175 232.6303 14.34064924364534
1 24883U 97037A   23159.60020855  .00000364  00000-0  14628-3 0    18
2 24883  98.7242 290.0322 0003243 126.3465 233.8018 14.34065302364349
1 24883U 97037A   23160.36769663  .00000367  00000-0  14744-3 0  1552
2 24883  98.7243 290.8064 0003259 124.9269 235.2222 14.34065956364713
1 24883U 97037A   23160.36769663  .00000367  00000-0  14744-3 0    12
2 24883  98.7243 290.8064 0003259 124.9269 235.2222 14.34065956364454
1 24883U 97037A   23160.64678311  .00000365  00000-0  14682-3 0    11
2 24883  98.7244 291.0879 0003270 124.3338 235.8156 14.34066178364499
1 24883U 97037A   23161.34449925  .00000364  00000-0  14643-3 0    12
2 24883  98.7244 291.7916 0003282 123.0240 237.1260 14.34066728364592
1 24883U 97037A   23161.83290031  .00000368  00000-0  14781-3 0  1566
2 24883  98.7245 292.2843 0003297 122.0583 238.0922 14.34067157364922
1 24883U 97037A   23162.60038736  .00000382  00000-0  15291-3 0    16
2 24883  98.7245 293.0585 0003310 120.6075 239.5436 14.34067874364775
1 24883U 97037A   23163.08878795  .00000381  00000-0  15241-3 0  1572
2 24883  98.7246 293.5512 0003319 119.7064 240.4451 14.34068301365109
1 24883U 97037A   23163.29810242  .00000379  00000-0  15192-3 0    18
2 24883  98.7246 293.7623 0003316 119.3820 240.7696 14.34068493364876
1 24883U 97037A   23163.64695990  .00000374  00000-0  15008-3 0    19
2 24883  98.7247 294.1143 0003327 118.6494 241.5025 14.34068771364920
1 24883U 97037A   23164.06558867  .00000394  00000-0  15698-3 0    14
2 24883  98.7247 294.5366 0003330 117.8531 242.2991 14.34069263364981
1 24883U 97037A   23164.83307466  .00000357  00000-0  14407-3 0  1585
2 24883  98.7248 295.3108 0003355 116.2529 243.9000 14.34069758365352
1 24883U 97037A   23164.83307466  .00000357  00000-0  14407-3 0    12
2 24883  98.7248 295.3108 0003355 116.2529 243.9000 14.34069758365093
1 24883U 97037A   23165.39124614  .00000355  00000-0  14335-3 0    14
2 24883  98.7249 295.8739 0003364 115.2046 244.9487 14.34070195365178
1 24883U 97037A   23166.08896015  .00000336  00000-0  13626-3 0  1597
2 24883  98.7250 296.5778 0003383 113.7112 246.4427 14.34070678365536
1 24883U 97037A   23166.36804573  .00000330  00000-0  13416-3 0    13
2 24883  98.7250 296.8593 0003386 113.1297 247.0244 14.34070886365316
1 24883U 97037A   23167.34484443  .00000383  00000-0  15336-3 0  1609
2 24883  98.7251 297.8447 0003419 110.8531 249.3019 14.34072098365714
1 24883U 97037A   23167.34484443  .00000383  00000-0  15336-3 0    13
2 24883  98.7251 297.8447 0003419 110.8531 249.3019 14.34072098365455
1 24883U 97037A   23167.83324362  .00000365  00000-0  14666-3 0    15
2 24883  98.7252 298.3374 0003430 109.9400 250.2154 14.34072435365522
1 24883U 97037A   23168.39141408  .00000347  00000-0  14026-3 0  1612
2 24883  98.7253 298.9005 0003439 108.8081 251.3477 14.34072780365862
1 24883U 97037A   23168.39141408  .00000347  00000-0  14026-3 0    15
2 24883  98.7253 298.9005 0003439 108.8081 251.3477 14.34072780365604
1 24883U 97037A   23168.81004163  .00000356  00000-0  14339-3 0    15
2 24883  98.7254 299.3229 0003447 108.0380 252.1180 14.34073223365660
1 24883U 97037A   23169.08912670  .00000361  00000-0  14523-3 0    17
2 24883  98.7254 299.6044 0003452 107.5417 252.6145 14.34073454365706
1 24883U 97037A   23169.64729656  .00000362  00000-0  14579-3 0  1629
2 24883  98.7255 300.1675 0003454 106.4807 253.6756 14.34073968366045
1 24883U 97037A   23169.64729656  .00000362  00000-0  14579-3 0    11
2 24883  98.7255 300.1675 0003454 106.4807 253.6756 14.34073968365785
1 24883U 97037A   23170.06592380  .00000375  00000-0  15023-3 0    10
2 24883  98.7256 300.5899 0003457 105.6607 254.4958 14.34074411365844
1 24883U 97037A   23170.62409330  .00000384  00000-0  15365-3 0    13
2 24883  98.7257 301.1530 0003465 104.4975 255.6594 14.34074973365929
1 24883U 97037A   23171.11249148  .00000385  00000-0  15383-3 0  1637
2 24883  98.7258 301.6458 0003470 103.5927 256.5644 14.34075397366251
1 24883U 97037A   23171.60088947  .00000386  00000-0  15413-3 0    15
2 24883  98.7259 302.1385 0003476 102.5938 257.5635 14.34075861366060
1 24883U 97037A   23171.87997395  .00000385  00000-0  15397-3 0    10
2 24883  98.7259 302.4201 0003472 102.0685 258.0888 14.34076135366106
1 24883U 97037A   23172.36837168  .00000399  00000-0  15884-3 0  1642
2 24883  98.7260 302.9128 0003461 101.1772 258.9802 14.34076649366437
1 24883U 97037A   23172.36837168  .00000399  00000-0  15884-3 0    12
2 24883  98.7260 302.9128 0003461 101.1772 258.9802 14.34076649366178
1 24883U 97037A   23173.62425093  .00000425  00000-0  16804-3 0  1656
2 24883  98.7262 304.1799 0003472  98.6403 261.5175 14.34077928366614
1 24883U 97037A   23172.78699826  .00000385  00000-0  15380-3 0    11
2 24883  98.7261 303.3352 0003469 100.3427 259.8148 14.34076954366238
1 24883U 97037A   23175.08944185  .00000446  00000-0  17578-3 0  1669
2 24883  98.7263 305.6582 0003477  95.8234 264.3347 14.34079437366829
1 24883U 97037A   23176.34531840  .00000494  00000-0  19271-3 0  1675
2 24883  98.7264 306.9253 0003475  93.2130 266.9452 14.34080994367000
1 24883U 97037A   23177.81050650  .00000452  00000-0  17796-3 0  1688
2 24883  98.7266 308.4037 0003482  90.3310 269.8273 14.34082248367215
1 24883U 97037A   23178.85706833  .00000401  00000-0  15957-3 0  1696
2 24883  98.7266 309.4596 0003455  88.2461 271.9119 14.34083076367368
1 24883U 97037A   23179.97340040  .00000348  00000-0  14080-3 0  1702
2 24883  98.7266 310.5860 0003435  86.0399 274.1178 14.34083843367529
1 24883U 97037A   23182.34560363  .00000267  00000-0  11156-3 0  1722
2 24883  98.7269 312.9796 0003405  81.4057 278.7513 14.34085497367860
1 24883U 97037A   23183.60147498  .00000258  00000-0  10831-3 0  1732
2 24883  98.7271 314.2469 0003379  78.9721 281.1843 14.34086327368042
1 24883U 97037A   23184.64803389  .00000253  00000-0  10680-3 0  1743
2 24883  98.7273 315.3029 0003368  76.8505 283.3055 14.34087008368195
1 24883U 97037A   23185.97367451  .00000278  00000-0  11561-3 0  1752
2 24883  98.7274 316.6406 0003348  74.1881 285.9672 14.34087968368384
1 24883U 97037A   23187.36908485  .00000300  00000-0  12360-3 0  1760
2 24883  98.7276 318.0487 0003303  71.4033 288.7509 14.34088939368582
1 24883U 97037A   23188.62495320  .00000362  00000-0  14555-3 0  1776
2 24883  98.7278 319.3160 0003286  68.7355 291.4179 14.34090097368764
1 24883U 97037A   23189.81105047  .00000344  00000-0  13940-3 0  1780
2 24883  98.7280 320.5129 0003257  66.4315 293.7211 14.34090802368930
1 24883U 97037A   23190.92737662  .00000300  00000-0  12357-3 0  1792
2 24883  98.7280 321.6394 0003211  64.1402 296.0113 14.34091336369096
1 24883U 97037A   23192.11347256  .00000272  00000-0  11348-3 0  1800
2 24883  98.7281 322.8364 0003170  61.6771 298.4733 14.34091974369263
1 24883U 97037A   23193.36933768  .00000322  00000-0  13118-3 0  1811
2 24883  98.7282 324.1038 0003122  59.0682 301.0809 14.34093245369444
1 24883U 97037A   23194.90428303  .00000362  00000-0  14579-3 0  1823
2 24883  98.7284 325.6529 0003078  55.9349 304.2127 14.34094606369666
1 24883U 97037A   23195.95083574  .00000378  00000-0  15132-3 0  1830
2 24883  98.7284 326.7091 0003037  53.7877 306.3588 14.34095537369814
1 24883U 97037A   23197.34623867  .00000336  00000-0  13642-3 0  1849
2 24883  98.7287 328.1173 0002996  50.8135 309.3315 14.34096392370017
1 24883U 97037A   23198.39278986  .00000376  00000-0  15050-3 0  1853
2 24883  98.7289 329.1736 0002941  48.4670 311.6766 14.34097478370160
1 24883U 97037A   23200.34635018  .00000403  00000-0  16033-3 0  1869
2 24883  98.7292 331.1453 0002846  44.0707 316.0704 14.34099353370446
1 24883U 97037A   23201.88128899  .00000407  00000-0  16163-3 0  1872
2 24883  98.7295 332.6945 0002755  40.3590 319.7798 14.34100672370663
1 24883U 97037A   23205.36978042  .00000385  00000-0  15402-3 0    17
2 24883  98.7299 336.2157 0002577  32.1529 327.9812 14.34103701370906
1 24883U 97037A   23206.34655688  .00000391  00000-0  15599-3 0    18
2 24883  98.7299 337.2016 0002543  29.7728 330.3600 14.34104555371044
1 24883U 97037A   23207.32333242  .00000416  00000-0  16495-3 0    10
2 24883  98.7299 338.1876 0002500  27.4189 332.7127 14.34105607371181
1 24883U 97037A   23208.09079843  .00000406  00000-0  16147-3 0  1923
2 24883  98.7300 338.9622 0002460  25.5047 334.6258 14.34106292371556
1 24883U 97037A   23208.36987702  .00000398  00000-0  15850-3 0    14
2 24883  98.7301 339.2438 0002459  24.9725 335.1578 14.34106507371336
1 24883U 97037A   23208.85826428  .00000378  00000-0  15135-3 0    19
2 24883  98.7301 339.7368 0002434  23.7497 336.3799 14.34106861371408
1 24883U 97037A   23209.34665134  .00000362  00000-0  14578-3 0  1934
2 24883  98.7301 340.2297 0002405  22.3296 337.7992 14.34107229371731
1 24883U 97037A   23209.34665134  .00000362  00000-0  14578-3 0    12
2 24883  98.7301 340.2297 0002405  22.3296 337.7992 14.34107229371472
1 24883U 97037A   23210.39319443  .00000373  00000-0  14957-3 0  1944
2 24883  98.7302 341.2862 0002340  19.4138 340.7135 14.34108287371885
1 24883U 97037A   23211.78858415  .00000394  00000-0  15720-3 0  1958
2 24883  98.7304 342.6949 0002253  15.9660 344.1595 14.34109749372087
1 24883U 97037A   23212.97466437  .00000430  00000-0  17009-3 0  1963
2 24883  98.7305 343.8922 0002189  12.8184 347.3055 14.34111068372259
1 24883U 97037A   23214.09097442  .00000419  00000-0  16609-3 0  1977
2 24883  98.7307 345.0191 0002122   9.6943 350.4282 14.34112045372418
1 24883U 97037A   23215.20728375  .00000464  00000-0  18213-3 0  1981
2 24883  98.7309 346.1459 0002068   6.6915 353.4296 14.34113293372575
1 24883U 97037A   23216.39336152  .00000413  00000-0  16373-3 0  1990
2 24883  98.7311 347.3432 0001999   3.2604 356.8593 14.34114097372741
1 24883U 97037A   23217.78874571  .00000477  00000-0  18688-3 0  2000
2 24883  98.7313 348.7519 0001916 359.3870   0.7311 14.34115805372946
1 24883U 97037A   23218.97482142  .00000424  00000-0  16773-3 0  2017
2 24883  98.7315 349.9493 0001849 355.5634   4.5533 14.34116611373117
1 24883U 97037A   23220.09112682  .00000449  00000-0  17665-3 0  2021
2 24883  98.7316 351.0763 0001781 352.0032   8.1124 14.34117881373274
1 24883U 97037A   23221.34696957  .00000444  00000-0  17503-3 0  2039
2 24883  98.7317 352.3443 0001706 347.9545  12.1598 14.34119112373452
1 24883U 97037A   23222.39350425  .00000399  00000-0  15886-3 0  2044
2 24883  98.7318 353.4009 0001645 344.0215  16.0917 14.34119934373604
1 24883U 97037A   23223.85865175  .00000386  00000-0  15426-3 0  2056
2 24883  98.7320 354.8802 0001558 338.1565  21.9553 14.34121292373812
1 24883U 97037A   23225.32379795  .00000395  00000-0  15729-3 0  2065
2 24883  98.7321 356.3594 0001491 331.8469  28.2634 14.34122670374022
1 24883U 97037A   23226.37033025  .00000388  00000-0  15494-3 0  2076
2 24883  98.7323 357.4161 0001440 327.5322  32.5773 14.34123565374172
1 24883U 97037A   23228.32385536  .00000408  00000-0  16194-3 0  2082
2 24883  98.7328 359.3886 0001371 317.9295  42.1784 14.34125356374457
1 24883U 97037A   23229.37038565  .00000417  00000-0  16510-3 0  2098
2 24883  98.7330   0.4454 0001330 312.9025  47.2047 14.34126342374607
1 24883U 97037A   23230.62622110  .00000423  00000-0  16749-3 0  2106
2 24883  98.7332   1.7135 0001286 306.9907  53.1159 14.34127503374780
1 24883U 97037A   23232.37043555  .00000421  00000-0  16661-3 0  2112
2 24883  98.7334   3.4748 0001247 297.6992  62.4066 14.34129038375032
1 24883U 97037A   23233.83557412  .00000420  00000-0  16629-3 0  2120
2 24883  98.7335   4.9543 0001231 289.6303  70.4748 14.34130384375247
1 24883U 97037A   23234.95186938  .00000414  00000-0  16409-3 0  2135
2 24883  98.7336   6.0816 0001224 283.3804  76.7244 14.34131344375408
1 24883U 97037A   23236.34723718  .00000399  00000-0  15877-3 0    18
2 24883  98.7337   7.4907 0001251 275.1326  84.9716 14.34132545375345
1 24883U 97037A   23237.32399398  .00000392  00000-0  15625-3 0  2151
2 24883  98.7337   8.4770 0001258 269.8932  90.2108 14.34133388375749
1 24883U 97037A   23237.32399398  .00000392  00000-0  15625-3 0    14
2 24883  98.7337   8.4770 0001258 269.8932  90.2108 14.34133388375480
1 24883U 97037A   23237.88214037  .00000414  00000-0  16405-3 0    13
2 24883  98.7338   9.0407 0001240 267.0210  93.0832 14.34134060375567
1 24883U 97037A   23238.37051834  .00000416  00000-0  16476-3 0  2160
2 24883  98.7339   9.5339 0001255 264.2172  95.8869 14.34134515375890
1 24883U 97037A   23238.37051834  .00000416  00000-0  16476-3 0    12
2 24883  98.7339   9.5339 0001255 264.2172  95.8869 14.34134515375632
1 24883U 97037A   23238.85889612  .00000418  00000-0  16570-3 0    15
2 24883  98.7340  10.0271 0001255 261.5680  98.5362 14.34135011375708
1 24883U 97037A   23239.27750558  .00000424  00000-0  16789-3 0    17
2 24883  98.7340  10.4498 0001263 259.5145 100.5897 14.34135411375762
1 24883U 97037A   23239.90541964  .00000391  00000-0  15609-3 0    19
2 24883  98.7341  11.0839 0001273 256.2211 103.8831 14.34135790375852
1 24883U 97037A   23240.11472428  .00000392  00000-0  15638-3 0  2174
2 24883  98.7341  11.2952 0001277 256.1000 104.0043 14.34135963376142
1 24883U 97037A   23240.88217427  .00000369  00000-0  14806-3 0    15
2 24883  98.7343  12.0704 0001287 250.9587 109.1457 14.34136561375993
1 24883U 97037A   23241.37055155  .00000358  00000-0  14413-3 0  2180
2 24883  98.7344  12.5636 0001290 247.8782 112.2265 14.34136886376329
1 24883U 97037A   23241.78916041  .00000375  00000-0  15025-3 0    14
2 24883  98.7345  12.9864 0001295 245.5943 114.5106 14.34137352376122
1 24883U 97037A   23242.62637805  .00000357  00000-0  14373-3 0  2192
2 24883  98.7347  13.8321 0001308 242.1470 117.9582 14.34137901376502
1 24883U 97037A   23242.62637805  .00000357  00000-0  14373-3 0    11
2 24883  98.7347  13.8321 0001308 242.1470 117.9582 14.34137901376243
1 24883U 97037A   23243.81243553  .00000353  00000-0  14239-3 0    13
2 24883  98.7349  15.0300 0001348 236.0429 124.0627 14.34138858376416
1 24883U 97037A   23244.09150775  .00000357  00000-0  14365-3 0  2204
2 24883  98.7349  15.3119 0001359 234.7505 125.3552 14.34139086376717
1 24883U 97037A   23244.37057991  .00000392  00000-0  15630-3 0    13
2 24883  98.7350  15.5937 0001374 233.7342 126.3716 14.34139518376492
1 24883U 97037A   23244.78918804  .00000406  00000-0  16113-3 0    10
2 24883  98.7351  16.0165 0001388 231.6081 128.4979 14.34139958376553
1 24883U 97037A   23245.62640420  .00000403  00000-0  16038-3 0  2217
2 24883  98.7352  16.8621 0001423 227.9070 132.1993 14.34140584376932
1 24883U 97037A   23245.62640420  .00000403  00000-0  16038-3 0    13
2 24883  98.7352  16.8621 0001423 227.9070 132.1993 14.34140584376673
1 24883U 97037A   23246.60315543  .00000447  00000-0  17585-3 0    13
2 24883  98.7353  17.8487 0001485 224.2863 135.8202 14.34141706376819
1 24883U 97037A   23247.09153104  .00000411  00000-0  16323-3 0  2225
2 24883  98.7354  18.3420 0001518 222.7022 137.4044 14.34141897377140
1 24883U 97037A   23247.30083491  .00000422  00000-0  16702-3 0    18
2 24883  98.7354  18.5534 0001528 221.9312 138.1755 14.34142109376910
1 24883U 97037A   23248.34735342  .00000393  00000-0  15658-3 0  2234
2 24883  98.7356  19.6106 0001571 217.2868 142.8208 14.34142840377324
1 24883U 97037A   23248.34735342  .00000393  00000-0  15658-3 0    18
2 24883  98.7356  19.6106 0001571 217.2868 142.8208 14.34142840377065
1 24883U 97037A   23249.32410321  .00000435  00000-0  17148-3 0    17
2 24883  98.7357  20.5972 0001621 214.0145 146.0936 14.34143949377208
1 24883U 97037A   23250.37062029  .00000441  00000-0  17365-3 0  2247
2 24883  98.7358  21.6544 0001675 210.1078 150.0011 14.34144935377617
1 24883U 97037A   23250.37062029  .00000441  00000-0  17365-3 0    10
2 24883  98.7358  21.6544 0001675 210.1078 150.0011 14.34144935377358
1 24883U 97037A   23250.78922692  .00000446  00000-0  17554-3 0    11
2 24883  98.7359  22.0772 0001694 208.2614 151.8478 14.34145358377415
1 24883U 97037A   23251.34736903  .00000435  00000-0  17176-3 0    10
2 24883  98.7359  22.6410 0001715 205.7988 154.3111 14.34145786377495
1 24883U 97037A   23251.83574326  .00000442  00000-0  17429-3 0    12
2 24883  98.7360  23.1344 0001740 204.0764 156.0339 14.34146230377565
1 24883U 97037A   23251.97527873  .00000438  00000-0  17273-3 0  2252
2 24883  98.7359  23.2753 0001748 203.7209 156.3895 14.34146308377843
1 24883U 97037A   23252.60318811  .00000438  00000-0  17252-3 0    12
2 24883  98.7360  23.9096 0001777 201.5298 158.5812 14.34146852377676
1 24883U 97037A   23253.09156195  .00000435  00000-0  17157-3 0  2261
2 24883  98.7361  24.4030 0001808 199.8242 160.2872 14.34147237378006
1 24883U 97037A   23253.37063245  .00000448  00000-0  17620-3 0    15
2 24883  98.7361  24.6849 0001828 199.4460 160.6654 14.34147607377783
1 24883U 97037A   23254.34737932  .00000463  00000-0  18167-3 0  2278
2 24883  98.7363  25.6715 0001886 197.1589 162.9532 14.34148550378182
1 24883U 97037A   23254.34737932  .00000463  00000-0  18167-3 0    18
2 24883  98.7363  25.6715 0001886 197.1589 162.9532 14.34148550377923
1 24883U 97037A   23255.39389284  .00000510  00000-0  19841-3 0  2281
2 24883  98.7365  26.7288 0001931 193.6448 166.4684 14.34149854378339
1 24883U 97037A   23255.39389284  .00000510  00000-0  19841-3 0    10
2 24883  98.7365  26.7288 0001931 193.6448 166.4684 14.34149854378070
1 24883U 97037A   23255.88226513  .00000604  00000-0  23178-3 0    11
2 24883  98.7366  27.2222 0001962 192.1681 167.9456 14.34150984378149
1 24883U 97037A   23256.37063760  .00000634  00000-0  24251-3 0    15
2 24883  98.7367  27.7156 0001988 190.2655 169.8489 14.34151678378215
1 24883U 97037A   23256.92877753  .00000561  00000-0  21661-3 0    12
2 24883  98.7369  28.2795 0002022 188.7459 171.3691 14.34151843378291
1 24883U 97037A   23257.20784732  .00000570  00000-0  21974-3 0  2297
2 24883  98.7369  28.5614 0002033 188.1714 171.9438 14.34152183378590
1 24883U 97037A   23257.34738226  .00000564  00000-0  21779-3 0    13
2 24883  98.7369  28.7023 0002039 187.4417 172.6737 14.34152303378352
1 24883U 97037A   23257.90552170  .00000510  00000-0  19853-3 0    18
2 24883  98.7371  29.2662 0002073 185.6499 174.4662 14.34152607378431
1 24883U 97037A   23258.39389340  .00000571  00000-0  22012-3 0  2301
2 24883  98.7372  29.7597 0002101 184.1008 176.0159 14.34153481378762
1 24883U 97037A   23258.39389340  .00000571  00000-0  22012-3 0    17
2 24883  98.7372  29.7597 0002101 184.1008 176.0159 14.34153481378504
1 24883U 97037A   23259.37063636  .00000509  00000-0  19785-3 0    17
2 24883  98.7374  30.7466 0002158 181.3280 178.7898 14.34154243378647
1 24883U 97037A   23259.99854220  .00000503  00000-0  19601-3 0  2318
2 24883  98.7376  31.3809 0002189 179.6242 180.4944 14.34154896378993
1 24883U 97037A   23260.34737849  .00000574  00000-0  22116-3 0    14
2 24883  98.7376  31.7334 0002206 178.5331 181.5860 14.34155707378785
1 24883U 97037A   23261.32412027  .00000523  00000-0  20312-3 0  2327
2 24883  98.7376  32.7203 0002254 175.9655 184.1548 14.34156423379187
1 24883U 97037A   23261.32412027  .00000523  00000-0  20312-3 0    11
2 24883  98.7376  32.7203 0002254 175.9655 184.1548 14.34156423378928
1 24883U 97037A   23261.88225769  .00000563  00000-0  21714-3 0    18
2 24883  98.7378  33.2843 0002286 174.6080 185.5129 14.34157331379008
1 24883U 97037A   23262.37062777  .00000562  00000-0  21688-3 0  2337
2 24883  98.7378  33.7778 0002312 173.2152 186.9064 14.34157920379338
1 24883U 97037A   23263.62643581  .00000578  00000-0  22254-3 0    14
2 24883  98.7380  35.0467 0002366 169.4149 190.7085 14.34159496379250
1 24883U 97037A   23263.83573710  .00000561  00000-0  21661-3 0  2344
2 24883  98.7380  35.2582 0002381 168.9059 191.2178 14.34159639379541
1 24883U 97037A   23263.90550410  .00000568  00000-0  21920-3 0    11
2 24883  98.7380  35.3287 0002381 168.7025 191.4213 14.34159778379293
1 24883U 97037A   23264.32410626  .00000612  00000-0  23485-3 0    10
2 24883  98.7380  35.7517 0002405 167.6542 192.4701 14.34160546379357
1 24883U 97037A   23264.88224239  .00000594  00000-0  22845-3 0    12
2 24883  98.7382  36.3158 0002436 166.1022 194.0229 14.34161151379433
1 24883U 97037A   23265.09154332  .00000595  00000-0  22886-3 0  2357
2 24883  98.7382  36.5272 0002448 165.5452 194.5803 14.34161410379728
1 24883U 97037A   23265.37061112  .00000635  00000-0  24308-3 0    18
2 24883  98.7383  36.8093 0002451 165.3268 194.7988 14.34162003379501
1 24883U 97037A   23265.85897953  .00000646  00000-0  24700-3 0    19
2 24883  98.7384  37.3028 0002476 163.9628 196.1635 14.34162768379577
1 24883U 97037A   23266.20781404  .00000629  00000-0  24097-3 0  2362
2 24883  98.7383  37.6552 0002486 163.3159 196.8107 14.34163138379882
1 24883U 97037A   23266.34734778  .00000633  00000-0  24223-3 0    15
2 24883  98.7383  37.7962 0002491 163.0382 197.0885 14.34163364379640
1 24883U 97037A   23267.32408380  .00000609  00000-0  23354-3 0  2379
2 24883  98.7385  38.7832 0002532 160.5962 199.5319 14.34164539380041
1 24883U 97037A   23267.32408380  .00000609  00000-0  23354-3 0    18
2 24883  98.7385  38.7832 0002532 160.5962 199.5319 14.34164539379780
1 24883U 97037A   23267.88221805  .00000624  00000-0  23901-3 0    19
2 24883  98.7387  39.3473 0002562 159.2953 200.8335 14.34165441379864
1 24883U 97037A   23268.37058440  .00000793  00000-0  29937-3 0  2381
2 24883  98.7387  39.8408 0002581 158.1751 201.9544 14.34167312380193
1 24883U 97037A   23268.37058440  .00000793  00000-0  29937-3 0    19
2 24883  98.7387  39.8408 0002581 158.1751 201.9544 14.34167312379933
1 24883U 97037A   23268.92871863  .00000707  00000-0  26846-3 0    13
2 24883  98.7389  40.4049 0002611 156.4850 203.6454 14.34167501380019
1 24883U 97037A   23269.34731884  .00000682  00000-0  25954-3 0    19
2 24883  98.7389  40.8279 0002628 155.4862 204.6448 14.34167921380074
1 24883U 97037A   23269.83568488  .00000721  00000-0  27363-3 0  2394
2 24883  98.7391  41.3215 0002671 153.7108 206.4213 14.34168997380406
1 24883U 97037A   23270.39381776  .00000690  00000-0  26254-3 0    10
2 24883  98.7392  41.8855 0002699 152.4543 207.6784 14.34169626380227
1 24883U 97037A   23270.95195033  .00000647  00000-0  24714-3 0  2407
2 24883  98.7393  42.4496 0002715 151.3930 208.7404 14.34170198380567
1 24883U 97037A   23271.37054962  .00000612  00000-0  23456-3 0    18
2 24883  98.7394  42.8726 0002732 150.4134 209.7206 14.34170598380366
1 24883U 97037A   23271.92868158  .00000602  00000-0  23104-3 0    18
2 24883  98.7395  43.4367 0002749 149.2597 210.8749 14.34171367380441
1 24883U 97037A   23272.20774750  .00000609  00000-0  23368-3 0  2419
2 24883  98.7396  43.7187 0002757 148.7005 211.4343 14.34171778380748
1 24883U 97037A   23272.34728037  .00000611  00000-0  23419-3 0    15
2 24883  98.7396  43.8598 0002753 148.4200 211.7150 14.34172006380503
1 24883U 97037A   23273.39377631  .00000616  00000-0  23630-3 0  2428
2 24883  98.7398  44.9174 0002792 146.1732 213.9631 14.34173617380917
1 24883U 97037A   23273.25424360  .00000616  00000-0  23604-3 0    19
2 24883  98.7397  44.7763 0002787 146.4436 213.6925 14.34173395380631
1 24883U 97037A   23274.37050463  .00000677  00000-0  25799-3 0    16
2 24883  98.7400  45.9046 0002836 143.8675 216.2701 14.34175481380790
1 24883U 97037A   23274.85886863  .00000655  00000-0  24999-3 0  2435
2 24883  98.7401  46.3982 0002865 142.5796 217.5588 14.34176069381125
1 24883U 97037A   23274.92863488  .00000654  00000-0  24979-3 0    10
2 24883  98.7401  46.4687 0002872 142.3411 217.7975 14.34176166380879
1 24883U 97037A   23275.83559578  .00000685  00000-0  26082-3 0    14
2 24883  98.7402  47.3854 0002915 140.0918 220.0481 14.34177637381000
1 24883U 97037A   23276.11466049  .00000680  00000-0  25911-3 0  2440
2 24883  98.7403  47.6675 0002929 139.5578 220.5825 14.34177985381301
1 24883U 97037A   23276.60302363  .00000682  00000-0  25961-3 0    10
2 24883  98.7404  48.1612 0002952 138.4746 221.6663 14.34178681381115
1 24883U 97037A   23276.88208800  .00000709  00000-0  26945-3 0    14
2 24883  98.7405  48.4433 0002966 137.8843 222.2569 14.34179286381154
1 24883U 97037A   23277.37045056  .00000743  00000-0  28130-3 0  2457
2 24883  98.7406  48.9369 0002980 136.8362 223.3056 14.34180204381480
1 24883U 97037A   23277.37045056  .00000743  00000-0  28130-3 0    17
2 24883  98.7406  48.9369 0002980 136.8362 223.3056 14.34180204381222
1 24883U 97037A   23277.92857863  .00000783  00000-0  29578-3 0    16
2 24883  98.7406  49.5011 0003008 135.4942 224.6484 14.34181371381308
1 24883U 97037A   23278.62623831  .00000837  00000-0  31499-3 0    15
2 24883  98.7407  50.2063 0003033 133.8582 226.2854 14.34182812381406
1 24883U 97037A   23278.83553612  .00000822  00000-0  30958-3 0  2461
2 24883  98.7407  50.4178 0003043 133.4065 226.7372 14.34183095381693
1 24883U 97037A   23278.90530203  .00000822  00000-0  30969-3 0    11
2 24883  98.7407  50.4884 0003045 133.2514 226.8924 14.34183214381446
1 24883U 97037A   23279.60296078  .00000883  00000-0  33125-3 0    12
2 24883  98.7408  51.1936 0003071 131.6869 228.4578 14.34184754381541
1 24883U 97037A   23279.88202407  .00000866  00000-0  32524-3 0  2470
2 24883  98.7409  51.4757 0003081 131.1083 229.0368 14.34185191381843
1 24883U 97037A   23279.88202407  .00000866  00000-0  32524-3 0    18
2 24883  98.7409  51.4757 0003081 131.1083 229.0368 14.34185191381584
1 24883U 97037A   23279.95178990  .00000864  00000-0  32448-3 0    18
2 24883  98.7409  51.5462 0003083 130.9601 229.1850 14.34185296381597
1 24883U 97037A   23280.92851075  .00000861  00000-0  32355-3 0    13
2 24883  98.7409  52.5335 0003108 128.9674 231.1787 14.34187023381730
1 24883U 97037A   23281.20757363  .00000882  00000-0  33096-3 0  2489
2 24883  98.7409  52.8155 0003113 128.3471 231.7994 14.34187618382038
1 24883U 97037A   23281.62616759  .00000911  00000-0  34126-3 0    13
2 24883  98.7409  53.2386 0003127 127.3785 232.7684 14.34188582381836
1 24883U 97037A   23281.83546454  .00000889  00000-0  33344-3 0    15
2 24883  98.7409  53.4502 0003121 127.0576 233.0894 14.34188860381866
1 24883U 97037A   23282.32382386  .00000886  00000-0  33254-3 0  2493
2 24883  98.7410  53.9439 0003126 126.1004 234.0469 14.34189737382193
1 24883U 97037A   23282.60288623  .00000872  00000-0  32723-3 0    14
2 24883  98.7411  54.2260 0003132 125.5300 234.6176 14.34190163381970
1 24883U 97037A   23282.88194813  .00000916  00000-0  34310-3 0    14
2 24883  98.7411  54.5081 0003141 124.9487 235.1992 14.34191039382014
1 24883U 97037A   23283.37030666  .00000925  00000-0  34641-3 0  2507
2 24883  98.7412  55.0018 0003147 123.9320 236.2164 14.34192029382341
1 24883U 97037A   23283.37030666  .00000925  00000-0  34641-3 0    11
2 24883  98.7412  55.0018 0003147 123.9320 236.2164 14.34192029382082
1 24883U 97037A   23283.92843030  .00000900  00000-0  33720-3 0    19
2 24883  98.7414  55.5660 0003158 122.7849 237.3640 14.34192982382165
1 24883U 97037A   23284.62608429  .00000939  00000-0  35125-3 0    11
2 24883  98.7415  56.2713 0003176 121.2362 238.9134 14.34194523382266
1 24883U 97037A   23284.83538028  .00000940  00000-0  35148-3 0  2515
2 24883  98.7415  56.4829 0003182 120.8298 239.3199 14.34194968382557
1 24883U 97037A   23285.60279855  .00000950  00000-0  35511-3 0    19
2 24883  98.7418  57.2587 0003211 119.1783 240.9722 14.34196533382407
1 24883U 97037A   23285.88185953  .00000933  00000-0  34898-3 0    12
2 24883  98.7418  57.5409 0003222 118.6556 241.4952 14.34197015382448
1 24883U 97037A   23286.09115522  .00000929  00000-0  34754-3 0  2525
2 24883  98.7418  57.7524 0003229 118.2327 241.9184 14.34197384382730
1 24883U 97037A   23286.37021607  .00000906  00000-0  33930-3 0    18
2 24883  98.7419  58.0346 0003218 117.7229 242.4282 14.34197801382515
1 24883U 97037A   23286.92833689  .00000994  00000-0  37096-3 0    14
2 24883  98.7421  58.5989 0003230 116.4703 243.6813 14.34199531382596
1 24883U 97037A   23287.20739758  .00000945  00000-0  35326-3 0  2537
2 24883  98.7421  58.8810 0003238 115.8809 244.2709 14.34199744382890
1 24883U 97037A   23287.34692782  .00000935  00000-0  34964-3 0    14
2 24883  98.7422  59.0221 0003245 115.5840 244.5680 14.34199966382651
1 24883U 97037A   23287.90504849  .00000883  00000-0  33126-3 0    13
2 24883  98.7423  59.5864 0003266 114.4330 245.7195 14.34200758382730
1 24883U 97037A   23288.39340374  .00000881  00000-0  33058-3 0  2540
2 24883  98.7424  60.0802 0003274 113.4404 246.7124 14.34201660383063
1 24883U 97037A   23288.60269890  .00000847  00000-0  31838-3 0    13
2 24883  98.7424  60.2918 0003281 113.0054 247.1477 14.34201819382834
1 24883U 97037A   23288.95152378  .00000820  00000-0  30865-3 0    13
2 24883  98.7425  60.6444 0003288 112.3182 247.8351 14.34202341382888
1 24883U 97037A   23289.37011354  .00000819  00000-0  30847-3 0    16
2 24883  98.7425  61.0677 0003293 111.4337 248.7198 14.34203085382941
1 24883U 97037A   23289.78870315  .00000789  00000-0  29771-3 0  2552
2 24883  98.7426  61.4909 0003302 110.5798 249.5740 14.34203649383260
1 24883U 97037A   23289.78870315  .00000789  00000-0  29771-3 0    11
2 24883  98.7426  61.4909 0003302 110.5798 249.5740 14.34203649383002
1 24883U 97037A   23291.11423573  .00000762  00000-0  28796-3 0  2560
2 24883  98.7427  62.8311 0003319 107.8567 252.2979 14.34205629383450
1 24883U 97037A   23291.11423573  .00000762  00000-0  28796-3 0    18
2 24883  98.7427  62.8311 0003319 107.8567 252.2979 14.34205629383191
1 24883U 97037A   23291.60258947  .00000768  00000-0  29036-3 0    17
2 24883  98.7428  63.3249 0003323 106.8326 253.3223 14.34206406383261
1 24883U 97037A   23292.16070729  .00000808  00000-0  30432-3 0  2579
2 24883  98.7428  63.8892 0003308 105.7523 254.4026 14.34207551383603
1 24883U 97037A   23292.57929565  .00000805  00000-0  30332-3 0    18
2 24883  98.7428  64.3124 0003303 104.9587 255.1963 14.34208176383403
1 24883U 97037A   23292.92811903  .00000800  00000-0  30153-3 0    19
2 24883  98.7428  64.6652 0003311 104.2444 255.9108 14.34208729383454
1 24883U 97037A   23293.34670729  .00000730  00000-0  27671-3 0  2582
2 24883  98.7428  65.0884 0003313 103.3376 256.8177 14.34208910383775
1 24883U 97037A   23293.34670729  .00000730  00000-0  27671-3 0    18
2 24883  98.7428  65.0884 0003313 103.3376 256.8177 14.34208910383517
1 24883U 97037A   23293.90482425  .00000718  00000-0  27237-3 0    18
2 24883  98.7429  65.6528 0003320 102.1488 258.0068 14.34209718383596
1 24883U 97037A   23294.39317637  .00000748  00000-0  28302-3 0  2596
2 24883  98.7430  66.1466 0003329 101.2673 258.8885 14.34210611383926
1 24883U 97037A   23294.60247030  .00000654  00000-0  24946-3 0    10
2 24883  98.7430  66.3582 0003334 100.9128 259.2431 14.34210349383698
1 24883U 97037A   23294.95129306  .00000633  00000-0  24219-3 0    13
2 24883  98.7431  66.7109 0003344 100.2771 259.8790 14.34210774383748
1 24883U 97037A   23295.36988052  .00000617  00000-0  23639-3 0    17
2 24883  98.7431  67.1342 0003362  99.5910 260.5654 14.34211221383800
1 24883U 97037A   23295.85823188  .00000635  00000-0  24262-3 0  2609
2 24883  98.7432  67.6280 0003370  98.5319 261.6247 14.34212083384132
1 24883U 97037A   23295.92799637  .00000633  00000-0  24213-3 0    15
2 24883  98.7432  67.6986 0003370  98.3971 261.7595 14.34212169383880
1 24883U 97037A   23296.90469896  .00000564  00000-0  21750-3 0    11
2 24883  98.7434  68.6863 0003377  96.5307 263.6262 14.34213099384029
1 24883U 97037A   23297.11399225  .00000559  00000-0  21568-3 0  2612
2 24883  98.7434  68.8979 0003377  96.1168 264.0401 14.34213332384312
1 24883U 97037A   23297.60234315  .00000508  00000-0  19738-3 0    16
2 24883  98.7435  69.3918 0003373  95.1588 264.9981 14.34213696384127
1 24883U 97037A   23298.36975126  .00000494  00000-0  19250-3 0  2624
2 24883  98.7436  70.1679 0003367  93.6238 266.5331 14.34214609384492
1 24883U 97037A   23298.92786603  .00000479  00000-0  18695-3 0    12
2 24883  98.7437  70.7322 0003361  92.4241 267.7328 14.34215189384313
1 24883U 97037A   23299.34645194  .00000483  00000-0  18842-3 0    17
2 24883  98.7438  71.1556 0003349  91.4593 268.6974 14.34215689384371
1 24883U 97037A   23299.90456611  .00000497  00000-0  19354-3 0    17
2 24883  98.7439  71.7200 0003352  90.3866 269.7702 14.34216451384457
1 24883U 97037A   23300.11385895  .00000493  00000-0  19190-3 0  2632
2 24883  98.7439  71.9317 0003349  89.9803 270.1765 14.34216629384743
1 24883U 97037A   23300.60220858  .00000508  00000-0  19724-3 0    13
2 24883  98.7441  72.4255 0003330  88.8301 271.3265 14.34217281384556
1 24883U 97037A   23301.23008655  .00000547  00000-0  21128-3 0  2647
2 24883  98.7442  73.0605 0003321  87.5470 272.6094 14.34218179384906
1 24883U 97037A   23301.36961493  .00000544  00000-0  21012-3 0    17
2 24883  98.7442  73.2016 0003319  87.2731 272.8833 14.34218331384664
1 24883U 97037A   23301.92772792  .00000605  00000-0  23208-3 0    18
2 24883  98.7443  73.7661 0003331  86.2365 273.9200 14.34219422384743
1 24883U 97037A   23302.34631273  .00000647  00000-0  24690-3 0  2657
2 24883  98.7444  74.1894 0003323  85.3746 274.7818 14.34220119385066
1 24883U 97037A   23302.62536918  .00000629  00000-0  24060-3 0    17
2 24883  98.7444  74.4717 0003324  84.7848 275.3716 14.34220352384848
1 24883U 97037A   23302.90442544  .00000648  00000-0  24721-3 0    14
2 24883  98.7444  74.7539 0003323  84.2360 275.9202 14.34220827384883
1 24883U 97037A   23303.39277382  .00000657  00000-0  25043-3 0  2665
2 24883  98.7446  75.2479 0003333  83.5018 276.6546 14.34221504385217
1 24883U 97037A   23303.88112200  .00000647  00000-0  24700-3 0    11
2 24883  98.7447  75.7417 0003317  82.4020 277.7541 14.34222086385020
1 24883U 97037A   23304.36947009  .00000612  00000-0  23454-3 0    15
2 24883  98.7447  76.2356 0003312  81.4748 278.6812 14.34222497385093
1 24883U 97037A   23304.85781772  .00000611  00000-0  23410-3 0  2677
2 24883  98.7446  76.7294 0003275  80.2866 279.8688 14.34223159385421
1 24883U 97037A   23304.92758166  .00000611  00000-0  23398-3 0    17
2 24883  98.7446  76.8000 0003276  80.1422 280.0131 14.34223249385174
1 24883U 97037A   23305.62522080  .00000566  00000-0  21790-3 0    12
2 24883  98.7447  77.5056 0003260  78.5619 281.5931 14.34223940385279
1 24883U 97037A   23305.90427624  .00000569  00000-0  21924-3 0    13
2 24883  98.7447  77.7878 0003255  77.9722 282.1826 14.34224374385312
1 24883U 97037A   23306.11356785  .00000566  00000-0  21801-3 0  2682
2 24883  98.7447  77.9995 0003252  77.5648 282.5899 14.34224616385609
1 24883U 97037A   23306.60191454  .00000591  00000-0  22690-3 0    16
2 24883  98.7448  78.4934 0003234  76.4218 283.7326 14.34225474385410
1 24883U 97037A   23306.88096981  .00000574  00000-0  22107-3 0    19
2 24883  98.7448  78.7757 0003226  75.8313 284.3229 14.34225780385459
1 24883U 97037A   23307.36931632  .00000607  00000-0  23270-3 0  2699
2 24883  98.7448  79.2696 0003220  74.8515 285.3025 14.34226615385783
1 24883U 97037A   23307.36931632  .00000607  00000-0  23270-3 0    13
2 24883  98.7448  79.2696 0003220  74.8515 285.3025 14.34226615385525
1 24883U 97037A   23307.92742619  .00000633  00000-0  24201-3 0    14
2 24883  98.7449  79.8341 0003213  73.7233 286.4304 14.34227565385602
1 24883U 97037A   23308.62506312  .00000674  00000-0  25661-3 0    16
2 24883  98.7449  80.5397 0003194  72.1101 288.0431 14.34228762385707
1 24883U 97037A   23308.83435381  .00000728  00000-0  27564-3 0  2708
2 24883  98.7449  80.7514 0003198  71.8234 288.3298 14.34229453385990
1 24883U 97037A   23308.90411742  .00000731  00000-0  27684-3 0    10
2 24883  98.7450  80.8220 0003198  71.6963 288.4569 14.34229583385743
1 24883U 97037A   23309.32269897  .00000823  00000-0  30957-3 0    18
2 24883  98.7451  81.2454 0003192  70.8864 289.2666 14.34230740385804
1 24883U 97037A   23309.88080611  .00001127  00000-0  41803-3 0    14
2 24883  98.7451  81.8099 0003196  70.0373 290.1155 14.34233697385882
1 24883U 97037A   23310.09009648  .00001120  00000-0  41556-3 0  2717
2 24883  98.7451  82.0216 0003190  69.6196 290.5331 14.34234048386171
1 24883U 97037A   23310.36915053  .00001044  00000-0  38853-3 0    15
2 24883  98.7451  82.3038 0003184  69.0230 291.1295 14.34234116385959
1 24883U 97037A   23310.92725830  .00001020  00000-0  37989-3 0    12
2 24883  98.7452  82.8684 0003171  67.8318 292.3202 14.34234911386035
1 24883U 97037A   23311.13654846  .00001006  00000-0  37490-3 0  2725
2 24883  98.7453  83.0801 0003164  67.4024 292.7495 14.34235216386321
1 24883U 97037A   23311.62489202  .00000903  00000-0  33816-3 0    14
2 24883  98.7453  83.5741 0003155  66.4081 293.7434 14.34235592386131
1 24883U 97037A   23312.39228801  .00000913  00000-0  34163-3 0  2733
2 24883  98.7455  84.3504 0003131  64.7284 295.4225 14.34237224386501
1 24883U 97037A   23312.39228801  .00000913  00000-0  34163-3 0    12
2 24883  98.7455  84.3504 0003131  64.7284 295.4225 14.34237224386242
1 24883U 97037A   23312.88063057  .00000845  00000-0  31750-3 0    19
2 24883  98.7455  84.8443 0003122  63.8397 296.3108 14.34237875386314
1 24883U 97037A   23313.36897269  .00000838  00000-0  31481-3 0    16
2 24883  98.7455  85.3383 0003100  62.7064 297.4436 14.34238855386380
1 24883U 97037A   23313.78755159  .00000778  00000-0  29359-3 0  2749
2 24883  98.7456  85.7617 0003090  61.8132 298.3364 14.34239371386709
1 24883U 97037A   23313.92707783  .00000760  00000-0  28729-3 0    14
2 24883  98.7456  85.9028 0003085  61.4842 298.6652 14.34239547386466
1 24883U 97037A   23314.62470873  .00000746  00000-0  28202-3 0    19
2 24883  98.7457  86.6085 0003061  59.8052 300.3435 14.34240783386561
1 24883U 97037A   23314.83399785  .00000727  00000-0  27527-3 0  2755
2 24883  98.7457  86.8202 0003052  59.2847 300.8638 14.34241100386856
1 24883U 97037A   23314.90376100  .00000629  00000-0  24052-3 0    17
2 24883  98.7457  86.8908 0003046  59.0820 301.0663 14.34240675386601
1 24883U 97037A   23315.60139128  .00000645  00000-0  24606-3 0    15
2 24883  98.7458  87.5965 0003020  57.3885 302.7590 14.34241951386703
1 24883U 97037A   23315.88044332  .00000538  00000-0  20798-3 0    16
2 24883  98.7459  87.8787 0003005  56.6067 303.5404 14.34241838386747
1 24883U 97037A   23316.15949529  .00000520  00000-0  20165-3 0  2762
2 24883  98.7458  88.1610 0002991  55.9121 304.2347 14.34242144387040
1 24883U 97037A   23316.36878434  .00000553  00000-0  21341-3 0    10
2 24883  98.7459  88.3727 0002989  55.6022 304.5444 14.34242613386812
1 24883U 97037A   23316.92688797  .00000524  00000-0  20289-3 0    11
2 24883  98.7460  88.9373 0002971  54.3161 305.8299 14.34243237386891
1 24883U 97037A   23317.34546550  .00000542  00000-0  20954-3 0  2772
2 24883  98.7460  89.3608 0002953  53.4432 306.7024 14.34243901387219
1 24883U 97037A   23317.34546550  .00000542  00000-0  20954-3 0    17
2 24883  98.7460  89.3608 0002953  53.4432 306.7024 14.34243901386959
1 24883U 97037A   23317.83380599  .00000507  00000-0  19681-3 0    16
2 24883  98.7461  89.8548 0002936  52.2983 307.8467 14.34244282387022
1 24883U 97037A   23318.39190923  .00000464  00000-0  18148-3 0  2783
2 24883  98.7462  90.4194 0002912  51.1288 309.0155 14.34244660387363
1 24883U 97037A   23318.60119785  .00000471  00000-0  18411-3 0    19
2 24883  98.7462  90.6311 0002907  50.8375 309.3067 14.34244934387137
1 24883U 97037A   23319.36858918  .00000452  00000-0  17741-3 0    15
2 24883  98.7462  91.4074 0002874  48.9505 311.1927 14.34245678387242
1 24883U 97037A   23319.64764044  .00000456  00000-0  17865-3 0  2790
2 24883  98.7463  91.6897 0002866  48.4726 311.6704 14.34245999387546
1 24883U 97037A   23319.64764044  .00000456  00000-0  17865-3 0    13
2 24883  98.7463  91.6897 0002866  48.4726 311.6704 14.34245999387287
1 24883U 97037A   23320.34526858  .00000434  00000-0  17082-3 0    18
2 24883  98.7463  92.3955 0002842  47.1189 313.0234 14.34246578387382
1 24883U 97037A   23321.11265917  .00000389  00000-0  15504-3 0  2805
2 24883  98.7464  93.1719 0002802  45.0943 315.0469 14.34247051387751
1 24883U 97037A   23321.60099856  .00000368  00000-0  14735-3 0    19
2 24883  98.7465  93.6660 0002783  44.2210 315.9196 14.34247369387565
1 24883U 97037A   23321.94981219  .00000350  00000-0  14112-3 0    19
2 24883  98.7466  94.0189 0002771  43.7982 316.3422 14.34247630387618
1 24883U 97037A   23322.15910041  .00000345  00000-0  13932-3 0  2811
2 24883  98.7466  94.2307 0002763  43.3891 316.7510 14.34247769387905
1 24883U 97037A   23322.36838862  .00000374  00000-0  14955-3 0    12
2 24883  98.7466  94.4424 0002750  42.7130 317.4267 14.34248098387679
1 24883U 97037A   23322.64743938  .00000371  00000-0  14847-3 0    19
2 24883  98.7466  94.7247 0002734  42.0267 318.1126 14.34248341387719
1 24883U 97037A   23323.34506631  .00000368  00000-0  14741-3 0  2824
2 24883  98.7467  95.4306 0002704  40.6004 319.5382 14.34248928388074
1 24883U 97037A   23323.62411702  .00000357  00000-0  14353-3 0    15
2 24883  98.7467  95.7129 0002695  39.9442 320.1940 14.34249094387854
1 24883U 97037A   23323.90316772  .00000308  00000-0  12613-3 0    10
2 24883  98.7468  95.9952 0002683  39.4771 320.6609 14.34249066387898
1 24883U 97037A   23324.39150624  .00000346  00000-0  13962-3 0  2838
2 24883  98.7469  96.4894 0002658  38.2493 321.8880 14.34249657388228
1 24883U 97037A   23324.60079417  .00000349  00000-0  14079-3 0    13
2 24883  98.7469  96.7011 0002651  37.7760 322.3610 14.34249830387999
1 24883U 97037A   23324.87984462  .00000332  00000-0  13446-3 0    16
2 24883  98.7469  96.9834 0002636  37.1084 323.0282 14.34249994388030
1 24883U 97037A   23325.36818281  .00000382  00000-0  15232-3 0    16
2 24883  98.7469  97.4774 0002615  35.7674 324.3685 14.34250665388101
1 24883U 97037A   23325.85652060  .00000487  00000-0  18977-3 0    16
2 24883  98.7469  97.9715 0002596  34.7236 325.4117 14.34251725388179
1 24883U 97037A   23325.99604569  .00000490  00000-0  19081-3 0  2846
2 24883  98.7469  98.1126 0002590  34.3989 325.7362 14.34251859388457
1 24883U 97037A   23326.34485822  .00000521  00000-0  20179-3 0    17
2 24883  98.7469  98.4656 0002573  33.7368 326.3980 14.34252412388249
1 24883U 97037A   23326.83319562  .00000552  00000-0  21298-3 0    15
2 24883  98.7470  98.9597 0002550  32.5621 327.5720 14.34253116388319
1 24883U 97037A   23327.39129555  .00000573  00000-0  22046-3 0  2857
2 24883  98.7471  99.5244 0002523  31.6370 328.4966 14.34253775388657
1 24883U 97037A   23327.39129555  .00000573  00000-0  22046-3 0    13
2 24883  98.7471  99.5244 0002523  31.6370 328.4966 14.34253775388398
1 24883U 97037A   23327.87963270  .00000561  00000-0  21607-3 0    15
2 24883  98.7472 100.0185 0002500  30.6071 329.5259 14.34254238388463
1 24883U 97037A   23328.36796946  .00000618  00000-0  23652-3 0    19
2 24883  98.7472 100.5126 0002477  29.3695 330.7628 14.34255128388534
1 24883U 97037A   23328.78654379  .00000630  00000-0  24078-3 0  2860
2 24883  98.7472 100.9361 0002456  28.5226 331.6092 14.34255677388856
1 24883U 97037A   23328.92606831  .00000656  00000-0  25009-3 0    14
2 24883  98.7472 101.0772 0002453  27.9987 332.1329 14.34256038388613
1 24883U 97037A   23329.34464200  .00000759  00000-0  28686-3 0    11
2 24883  98.7472 101.5007 0002436  26.6167 333.5142 14.34257203388675
1 24883U 97037A   23329.90273867  .00001050  00000-0  39038-3 0    18
2 24883  98.7473 102.0654 0002415  25.5085 334.6218 14.34260026388756
1 24883U 97037A   23330.39107521  .00000789  00000-0  29740-3 0    13
2 24883  98.7473 102.5595 0002384  24.4991 335.6306 14.34259077388825
1 24883U 97037A   23330.87941060  .00000680  00000-0  25853-3 0    11
2 24883  98.7474 103.0536 0002354  23.4230 336.7061 14.34259237388894
1 24883U 97037A   23330.94917276  .00000678  00000-0  25793-3 0  2888
2 24883  98.7474 103.1242 0002350  23.2983 336.8307 14.34259332389169
1 24883U 97037A   23331.36774542  .00000694  00000-0  26341-3 0    13
2 24883  98.7474 103.5477 0002329  21.9582 338.1702 14.34260131388969
1 24883U 97037A   23331.92584193  .00000723  00000-0  27390-3 0    14
2 24883  98.7474 104.1124 0002310  20.0045 340.1229 14.34261268389048
1 24883U 97037A   23331.99560399  .00000721  00000-0  27318-3 0  2899
2 24883  98.7474 104.1830 0002307  19.8561 340.2712 14.34261367389315
1 24883U 97037A   23332.34441420  .00000761  00000-0  28731-3 0    18
2 24883  98.7475 104.5359 0002288  18.9591 341.1678 14.34262169389106
1 24883U 97037A   23332.90251009  .00000744  00000-0  28152-3 0    10
2 24883  98.7475 105.1006 0002271  16.4688 343.6570 14.34263063389184
1 24883U 97037A   23333.39084361  .00000821  00000-0  30873-3 0  2908
2 24883  98.7475 105.5946 0002219  14.8660 345.2589 14.34264321389518
1 24883U 97037A   23333.39084361  .00000821  00000-0  30873-3 0    18
2 24883  98.7475 105.5946 0002219  14.8660 345.2589 14.34264321389259
1 24883U 97037A   23334.78608064  .00000977  00000-0  36432-3 0  2914
2 24883  98.7477 107.0064 0002142  11.2389 348.8842 14.34267710389710
1 24883U 97037A   23335.83250686  .00000878  00000-0  32903-3 0  2924
2 24883  98.7477 108.0652 0002085   8.4591 351.6628 14.34269102389860
1 24883U 97037A   23335.90226828  .00000963  00000-0  35917-3 0    14
2 24883  98.7477 108.1359 0002081   8.3007 351.8211 14.34269761389616
1 24883U 97037A   23336.39059784  .00001265  00000-0  46702-3 0    13
2 24883  98.7478 108.6300 0002038   7.4512 352.6702 14.34272938389682
1 24883U 97037A   23336.94869288  .00000726  00000-0  27499-3 0    15
2 24883  98.7478 109.1948 0001992   5.6375 354.4831 14.34270450389760
1 24883U 97037A   23336.94869288  .00000726  00000-0  27499-3 0  2938
2 24883  98.7478 109.1948 0001992   5.6375 354.4831 14.34270450390021
1 24883U 97037A   23337.36726237  .00000829  00000-0  31169-3 0    11
2 24883  98.7478 109.6184 0001977   4.4933 355.6268 14.34271766389822
1 24883U 97037A   23337.99511632  .00000675  00000-0  25667-3 0  2940
2 24883  98.7478 110.2536 0001920   2.8195 357.3000 14.34272051390172
1 24883U 97037A   23338.34392403  .00000678  00000-0  25764-3 0    10
2 24883  98.7478 110.6066 0001905   1.7615 358.3576 14.34272629389967
1 24883U 97037A   23338.83225436  .00000672  00000-0  25548-3 0    19
2 24883  98.7478 111.1007 0001886   0.2337 359.8847 14.34273461390033
1 24883U 97037A   23339.39034613  .00000585  00000-0  22460-3 0  2954
2 24883  98.7478 111.6655 0001852 358.3216   1.7962 14.34273854390377
1 24883U 97037A   23339.39034613  .00000585  00000-0  22460-3 0    19
2 24883  98.7478 111.6655 0001852 358.3216   1.7962 14.34273854390119
1 24883U 97037A   23340.36700579  .00000503  00000-0  19556-3 0    11
2 24883  98.7479 112.6537 0001792 355.1149   5.0017 14.34274941390254
1 24883U 97037A   23340.99485816  .00000444  00000-0  17428-3 0  2960
2 24883  98.7480 113.2892 0001751 353.5217   6.5944 14.34275496390600
1 24883U 97037A   23340.92509680  .00000448  00000-0  17581-3 0    17
2 24883  98.7480 113.2185 0001762 353.6757   6.4405 14.34275435390331
1 24883U 97037A   23341.34366500  .00000402  00000-0  15943-3 0    16
2 24883  98.7480 113.6421 0001722 352.1128   8.0029 14.34275692390391
1 24883U 97037A   23342.39008502  .00000343  00000-0  13827-3 0  2977
2 24883  98.7481 114.7011 0001693 348.0413  12.0730 14.34276554390805
1 24883U 97037A   23342.39008502  .00000343  00000-0  13827-3 0    10
2 24883  98.7481 114.7011 0001693 348.0413  12.0730 14.34276554390546
1 24883U 97037A   23343.36674325  .00000318  00000-0  12960-3 0    19
2 24883  98.7482 115.6895 0001648 344.6049  15.5085 14.34277351390686
1 24883U 97037A   23344.13411724  .00000284  00000-0  11754-3 0  2987
2 24883  98.7482 116.4660 0001633 341.8613  18.2513 14.34277819391052
1 24883U 97037A   23344.55268480  .00000308  00000-0  12599-3 0    19
2 24883  98.7483 116.8896 0001613 340.1318  19.9804 14.34278274390854
1 24883U 97037A   23344.90149099  .00000279  00000-0  11560-3 0    16
2 24883  98.7483 117.2425 0001606 338.9333  21.1785 14.34278420390903
1 24883U 97037A   23345.38981962  .00000298  00000-0  12230-3 0  2997
2 24883  98.7483 117.7368 0001592 337.1000  23.0113 14.34278885391238
1 24883U 97037A   23345.38981962  .00000298  00000-0  12230-3 0    18
2 24883  98.7483 117.7368 0001592 337.1000  23.0113 14.34278885390978
1 24883U 97037A   23345.94790932  .00000273  00000-0  11343-3 0    12
2 24883  98.7483 118.3015 0001560 335.0796  25.0313 14.34279169391058
1 24883U 97037A   23346.36647660  .00000309  00000-0  12645-3 0    14
2 24883  98.7483 118.7252 0001546 333.6528  26.4577 14.34279634391117
1 24883U 97037A   23346.85480487  .00000312  00000-0  12734-3 0  3005
2 24883  98.7484 119.2194 0001532 331.4983  28.6117 14.34279986391445
1 24883U 97037A   23346.92456599  .00000336  00000-0  13577-3 0    10
2 24883  98.7483 119.2900 0001529 331.2141  28.8959 14.34280170391194
1 24883U 97037A   23347.34313315  .00000289  00000-0  11903-3 0    13
2 24883  98.7483 119.7135 0001511 329.4755  30.6341 14.34280150391251
1 24883U 97037A   23347.90122224  .00000306  00000-0  12522-3 0    10
2 24883  98.7484 120.2784 0001484 327.3619  32.7473 14.34280670391339
1 24883U 97037A   23347.97098336  .00000308  00000-0  12608-3 0  3013
2 24883  98.7484 120.3490 0001477 327.1541  32.9551 14.34280733391607
1 24883U 97037A   23348.38955007  .00000342  00000-0  13804-3 0    10
2 24883  98.7484 120.7727 0001452 325.4095  34.6994 14.34281235391408
1 24883U 97037A   23348.94763900  .00000320  00000-0  13012-3 0    18
2 24883  98.7484 121.3374 0001414 322.8826  37.2261 14.34281501391484
1 24883U 97037A   23349.36620560  .00000331  00000-0  13427-3 0  3025
2 24883  98.7484 121.7610 0001396 321.0991  39.0093 14.34281852391802
1 24883U 97037A   23349.36620560  .00000331  00000-0  13427-3 0    11
2 24883  98.7484 121.7610 0001396 321.0991  39.0093 14.34281852391543
1 24883U 97037A   23349.92429411  .00000347  00000-0  14002-3 0    12
2 24883  98.7484 122.3258 0001369 318.6510  41.4570 14.34282370391629
1 24883U 97037A   23350.34286026  .00000397  00000-0  15755-3 0    14
2 24883  98.7484 122.7495 0001350 316.6568  43.4510 14.34282993391680
1 24883U 97037A   23350.83118745  .00000417  00000-0  16464-3 0  3036
2 24883  98.7485 123.2437 0001327 314.3765  45.7310 14.34283495392010
1 24883U 97037A   23350.90094856  .00000365  00000-0  14624-3 0    13
2 24883  98.7485 123.3143 0001324 314.0010  46.1065 14.34283248391761
1 24883U 97037A   23351.38927531  .00000419  00000-0  16545-3 0    15
2 24883  98.7485 123.8086 0001313 311.6073  48.4998 14.34284018391836
1 24883U 97037A   23351.87760185  .00000515  00000-0  19963-3 0    13
2 24883  98.7485 124.3027 0001285 309.1688  50.9382 14.34285054391903
1 24883U 97037A   23351.94736278  .00000516  00000-0  20007-3 0  3045
2 24883  98.7485 124.3733 0001280 308.7358  51.3712 14.34285126392173
1 24883U 97037A   23352.36592839  .00000489  00000-0  19053-3 0    17
2 24883  98.7485 124.7969 0001257 306.3800  53.7268 14.34285387391976
1 24883U 97037A   23352.92401550  .00000495  00000-0  19270-3 0    16
2 24883  98.7486 125.3618 0001246 303.4765  56.6300 14.34286023392058
1 24883U 97037A   23352.99377637  .00000495  00000-0  19258-3 0  3054
2 24883  98.7486 125.4325 0001239 303.0430  57.0635 14.34286090392321
1 24883U 97037A   23353.34258046  .00000546  00000-0  21080-3 0    12
2 24883  98.7486 125.7854 0001233 301.1157  58.9906 14.34286819392117
1 24883U 97037A   23354.31923167  .00000580  00000-0  22265-3 0  3065
2 24883  98.7487 126.7741 0001219 295.2985  64.8073 14.34288196392515
1 24883U 97037A   23354.31923167  .00000580  00000-0  22265-3 0    17
2 24883  98.7487 126.7741 0001219 295.2985  64.8073 14.34288196392256
1 24883U 97037A   23354.80755699  .00000568  00000-0  21842-3 0    10
2 24883  98.7488 127.2683 0001203 291.7065  68.3991 14.34288752392325
1 24883U 97037A   23355.36564257  .00000622  00000-0  23770-3 0  3072
2 24883  98.7488 127.8330 0001226 289.2015  70.9036 14.34289814392668
1 24883U 97037A   23355.36564257  .00000622  00000-0  23770-3 0    13
2 24883  98.7488 127.8330 0001226 289.2015  70.9036 14.34289814392400
1 24883U 97037A   23355.92372800  .00000617  00000-0  23596-3 0    16
2 24883  98.7489 128.3980 0001230 286.3217  73.7832 14.34290545392481
1 24883U 97037A   23356.34229175  .00000658  00000-0  25070-3 0    13
2 24883  98.7489 128.8216 0001233 284.1125  75.9922 14.34291375392548
1 24883U 97037A   23356.83061572  .00000718  00000-0  27177-3 0  3089
2 24883  98.7489 129.3158 0001236 281.8995  78.2051 14.34292488392872
1 24883U 97037A   23356.90037645  .00000666  00000-0  25350-3 0    14
2 24883  98.7489 129.3863 0001242 281.6676  78.4369 14.34292267392628
1 24883U 97037A   23357.38870038  .00000681  00000-0  25860-3 0    11
2 24883  98.7490 129.8807 0001244 279.0770  81.0273 14.34293065392699
1 24883U 97037A   23357.87702389  .00000721  00000-0  27308-3 0    12
2 24883  98.7490 130.3749 0001243 276.3456  83.7586 14.34294071392763
1 24883U 97037A   23357.94678437  .00000722  00000-0  27324-3 0  3096
2 24883  98.7490 130.4455 0001243 275.9680  84.1362 14.34294181393032
1 24883U 97037A   23358.36534730  .00000710  00000-0  26917-3 0    13
2 24883  98.7490 130.8691 0001245 273.8177  86.2865 14.34294746392833
1 24883U 97037A   23358.92343088  .00000697  00000-0  26461-3 0    17
2 24883  98.7491 131.4340 0001257 271.3780  88.7260 14.34295524392918
1 24883U 97037A   23358.99319129  .00000696  00000-0  26413-3 0  3102
2 24883  98.7491 131.5047 0001254 270.6183  89.4857 14.34295616393181
1 24883U 97037A   23359.34199339  .00000683  00000-0  25935-3 0    12
2 24883  98.7491 131.8576 0001258 268.7369  91.3671 14.34296057392971
1 24883U 97037A   23359.90007630  .00000641  00000-0  24457-3 0    18
2 24883  98.7491 132.4225 0001266 265.7971  94.3069 14.34296723393058
1 24883U 97037A   23360.31863854  .00000672  00000-0  25539-3 0  3113
2 24883  98.7492 132.8463 0001260 264.3981  95.7059 14.34297468393373
1 24883U 97037A   23360.31863854  .00000672  00000-0  25539-3 0    19
2 24883  98.7492 132.8463 0001260 264.3981  95.7059 14.34297468393115
1 24883U 97037A   23360.94648121  .00000613  00000-0  23451-3 0    12
2 24883  98.7493 133.4817 0001270 260.8336  99.2705 14.34298132393208
1 24883U 97037A   23361.36504298  .00000652  00000-0  24850-3 0  3127
2 24883  98.7493 133.9054 0001272 258.6505 101.4536 14.34298916393524
1 24883U 97037A   23361.36504298  .00000652  00000-0  24850-3 0    12
2 24883  98.7493 133.9054 0001272 258.6505 101.4536 14.34298916393265
1 24883U 97037A   23361.92312500  .00000599  00000-0  22968-3 0    15
2 24883  98.7493 134.4703 0001284 255.6519 104.4523 14.34299408393342
1 24883U 97037A   23362.55096705  .00000588  00000-0  22560-3 0    17
2 24883  98.7493 135.1058 0001289 252.7722 107.3321 14.34300180393430
1 24883U 97037A   23362.83000779  .00000579  00000-0  22257-3 0  3133
2 24883  98.7493 135.3881 0001296 251.9914 108.1129 14.34300532393737
1 24883U 97037A   23362.83000779  .00000579  00000-0  22257-3 0    17
2 24883  98.7493 135.3881 0001296 251.9914 108.1129 14.34300532393478
1 24883U 97037A   23363.38808919  .00000560  00000-0  21562-3 0    18
2 24883  98.7493 135.9530 0001312 249.2790 110.8254 14.34301137393556
1 24883U 97037A   23363.94617029  .00000478  00000-0  18652-3 0    14
2 24883  98.7493 136.5179 0001328 246.5380 113.5665 14.34301427393631
1 24883U 97037A   23363.94617029  .00000478  00000-0  18652-3 0  3141
2 24883  98.7493 136.5179 0001328 246.5380 113.5665 14.34301427393899
1 24883U 97037A   23364.36473107  .00000504  00000-0  19567-3 0    14
2 24883  98.7493 136.9415 0001339 244.7054 115.3992 14.34302047393696
1 24883U 97037A   23364.92281186  .00000441  00000-0  17343-3 0    10
2 24883  98.7493 137.5064 0001353 242.0363 118.0684 14.34302372393771
1 24883U 97037A   23364.99257194  .00000439  00000-0  17251-3 0  3152
2 24883  98.7493 137.5770 0001356 241.7420 118.3628 14.34302429394043
1 24883U 97037A   23365.89945274  .00000417  00000-0  16465-3 0    19\
2 24883  98.7494 138.4949 0001384 237.6141 122.4909 14.34303320393911
1 24883U 97037A   24001.38777298  .00000444  00000-0  17418-3 0  3168\
2 24883  98.7494 138.9892 0001404 235.6558 124.4494 14.34303961394245
1 24883U 97037A   24001.38777298  .00000444  00000-0  17418-3 0    19\
2 24883  98.7494 138.9892 0001404 235.6558 124.4494 14.34303961393985
1 24883U 97037A   24001.94585287  .00000435  00000-0  17109-3 0    13\
2 24883  98.7494 139.5541 0001414 232.9694 127.1361 14.34304561394065
1 24883U 97037A   24002.36441261  .00000470  00000-0  18350-3 0    11\
2 24883  98.7494 139.9778 0001431 231.5689 128.5367 14.34305209394127
1 24883U 97037A   24002.78297243  .00000448  00000-0  17591-3 0  3177\
2 24883  98.7494 140.4014 0001445 229.3946 130.7112 14.34305503394448
1 24883U 97037A   24002.92249236  .00000420  00000-0  16568-3 0    15\
2 24883  98.7494 140.5426 0001452 228.8594 131.2465 14.34305478394209
1 24883U 97037A   24003.34105205  .00000408  00000-0  16155-3 0    17\
2 24883  98.7494 140.9663 0001466 227.0036 133.1025 14.34305804394265
1 24883U 97037A   24003.82937143  .00000401  00000-0  15892-3 0  3185\
2 24883  98.7495 141.4606 0001486 224.8991 135.2073 14.34306262394597
1 24883U 97037A   24003.89913133  .00000417  00000-0  16469-3 0    12\
2 24883  98.7495 141.5312 0001488 224.6904 135.4160 14.34306414394347
1 24883U 97037A   24004.38745057  .00000398  00000-0  15780-3 0    18\
2 24883  98.7495 142.0255 0001510 222.3158 137.7910 14.34306786394419
1 24883U 97037A   24004.94552958  .00000374  00000-0  14929-3 0    14\
2 24883  98.7496 142.5904 0001539 219.4816 140.6257 14.34307181394490
1 24883U 97037A   24005.22456895  .00000399  00000-0  15835-3 0  3195\
2 24883  98.7496 142.8728 0001547 218.5461 141.5612 14.34307581394794
1 24883U 97037A   24005.36408867  .00000396  00000-0  15711-3 0    14\
2 24883  98.7496 143.0141 0001550 217.7556 142.3520 14.34307698394556
1 24883U 97037A   24005.92216736  .00000393  00000-0  15600-3 0    12\
2 24883  98.7497 143.5790 0001572 215.2234 144.8846 14.34308184394630
1 24883U 97037A   24006.34072625  .00000395  00000-0  15697-3 0  3208\
2 24883  98.7497 144.0027 0001589 213.5510 146.5574 14.34308571394957
1 24883U 97037A   24006.34072625  .00000395  00000-0  15697-3 0    14\
2 24883  98.7497 144.0027 0001589 213.5510 146.5574 14.34308571394698
1 24883U 97037A   24006.89880461  .00000364  00000-0  14597-3 0    13\
2 24883  98.7498 144.5677 0001619 211.2567 148.8521 14.34308904394772
1 24883U 97037A   24007.38712299  .00000395  00000-0  15691-3 0  3216\
2 24883  98.7498 145.0620 0001646 208.9859 151.1234 14.34309506395108
1 24883U 97037A   24007.38712299  .00000395  00000-0  15691-3 0    11\
2 24883  98.7498 145.0620 0001646 208.9859 151.1234 14.34309506394848
1 24883U 97037A   24007.94520096  .00000387  00000-0  15414-3 0    19\
2 24883  98.7499 145.6269 0001681 206.6628 153.4470 14.34309965394927
1 24883U 97037A   24008.36375931  .00000393  00000-0  15610-3 0    17\
2 24883  98.7499 146.0506 0001701 205.1688 154.9414 14.34310369394989
1 24883U 97037A   24008.92183690  .00000409  00000-0  16182-3 0    11\
2 24883  98.7499 146.6156 0001724 203.2648 156.8458 14.34310960395062
1 24883U 97037A   24008.99159660  .00000408  00000-0  16142-3 0  3229\
2 24883  98.7499 146.6862 0001724 203.0976 157.0131 14.34311007395332
1 24883U 97037A   24009.34039492  .00000424  00000-0  16736-3 0    10\
2 24883  98.7499 147.0392 0001742 201.9799 158.1310 14.34311436395129
1 24883U 97037A   24009.89847211  .00000448  00000-0  17582-3 0    12\
2 24883  98.7500 147.6042 0001763 200.1086 160.0029 14.34312102395202
1 24883U 97037A   24010.38678936  .00000456  00000-0  17863-3 0  3232\
2 24883  98.7500 148.0984 0001796 199.0447 161.0670 14.34312626395535
1 24883U 97037A   24010.38678936  .00000456  00000-0  17863-3 0    15\
2 24883  98.7500 148.0984 0001796 199.0447 161.0670 14.34312626395276
1 24883U 97037A   24011.36342321  .00000531  00000-0  20536-3 0    15\
2 24883  98.7500 149.0870 0001819 196.8160 163.2964 14.34314094395411
1 24883U 97037A   24011.92149918  .00000588  00000-0  22559-3 0    13\
2 24883  98.7500 149.6520 0001844 194.8160 165.2971 14.34315080395499
1 24883U 97037A   24011.99125868  .00000589  00000-0  22589-3 0  3240\
2 24883  98.7500 149.7226 0001843 194.6954 165.4177 14.34315159395768
1 24883U 97037A   24012.34005609  .00000637  00000-0  24300-3 0    19\
2 24883  98.7500 150.0757 0001855 193.7278 166.3856 14.34315830395551
1 24883U 97037A   24012.89813158  .00000650  00000-0  24760-3 0    10\
2 24883  98.7500 150.6407 0001875 192.1140 167.9999 14.34316622395636
1 24883U 97037A   24013.38644722  .00000687  00000-0  26060-3 0  3258\
2 24883  98.7501 151.1350 0001905 190.8887 169.2256 14.34317505395965
1 24883U 97037A   24013.38644722  .00000687  00000-0  26060-3 0    19\
2 24883  98.7501 151.1350 0001905 190.8887 169.2256 14.34317505395707
1 24883U 97037A   24014.36307783  .00000760  00000-0  28684-3 0    17\
2 24883  98.7501 152.1236 0001931 188.2097 171.9056 14.34319335395840
1 24883U 97037A   24014.92115170  .00000841  00000-0  31562-3 0    15\
2 24883  98.7501 152.6886 0001954 186.3711 173.7448 14.34320708395923
1 24883U 97037A   24014.99091096  .00000842  00000-0  31590-3 0  3264\
2 24883  98.7501 152.7592 0001940 186.3076 173.8084 14.34320817396195
1 24883U 97037A   24015.33970701  .00000860  00000-0  32241-3 0    16\
2 24883  98.7501 153.1123 0001961 185.0343 175.0822 14.34321501395987
1 24883U 97037A   24015.82802132  .00000783  00000-0  29483-3 0    10\
2 24883  98.7501 153.6066 0001987 183.6289 176.4881 14.34321888396056
1 24883U 97037A   24016.38609427  .00000828  00000-0  31087-3 0  3278\
2 24883  98.7502 154.1717 0002023 181.7215 178.3962 14.34323107396390
1 24883U 97037A   24016.38609427  .00000828  00000-0  31087-3 0    17\
2 24883  98.7502 154.1717 0002023 181.7215 178.3962 14.34323107396132
1 24883U 97037A   24016.87440796  .00000754  00000-0  28451-3 0    12\
2 24883  98.7502 154.6660 0002047 180.5451 179.5731 14.34323537396201
1 24883U 97037A   24017.36272142  .00000783  00000-0  29499-3 0    10\
2 24883  98.7502 155.1603 0002069 178.9762 181.1427 14.34324495396276
1 24883U 97037A   24017.92079354  .00000769  00000-0  28987-3 0    17\
2 24883  98.7503 155.7253 0002091 177.2932 182.8264 14.34325362396350
1 24883U 97037A   24017.99055253  .00000766  00000-0  28884-3 0  3281\
2 24883  98.7503 155.7960 0002099 177.0553 183.0644 14.34325454396627
1 24883U 97037A   24018.33934741  .00000771  00000-0  29053-3 0    11\
2 24883  98.7503 156.1491 0002115 176.1821 183.9379 14.34326060396413
1 24883U 97037A   24018.89741874  .00000743  00000-0  28077-3 0    19\
2 24883  98.7504 156.7141 0002144 174.6436 185.4772 14.34326908396492
1 24883U 97037A   24019.38573091  .00000780  00000-0  29394-3 0  3295\
2 24883  98.7504 157.2084 0002167 173.5479 186.5733 14.34327934396820
1 24883U 97037A   24019.38573091  .00000780  00000-0  29394-3 0    12\
2 24883  98.7504 157.2084 0002167 173.5479 186.5733 14.34327934396561
1 24883U 97037A   24019.94380159  .00000697  00000-0  26420-3 0    19\
2 24883  98.7505 157.7735 0002199 171.6914 188.4307 14.34328486396648
1 24883U 97037A   24020.36235461  .00000715  00000-0  27060-3 0    14\
2 24883  98.7505 158.1972 0002216 170.4560 189.6666 14.34329227396702
1 24883U 97037A   24020.78090728  .00000721  00000-0  27272-3 0  3302\
2 24883  98.7506 158.6209 0002242 169.2691 190.8542 14.34329946397022
1 24883U 97037A   24020.92042478  .00000691  00000-0  26213-3 0    12\
2 24883  98.7506 158.7622 0002262 168.9388 191.1846 14.34330011396781
1 24883U 97037A   24021.26921866  .00000752  00000-0  28384-3 0    16\
2 24883  98.7506 159.1153 0002264 167.9358 192.1880 14.34330839396836
1 24883U 97037A   24021.82728818  .00000715  00000-0  27075-3 0  3311\
2 24883  98.7507 159.6803 0002321 166.5652 193.5594 14.34331581397170
1 24883U 97037A   24021.89704696  .00000638  00000-0  24317-3 0    10\
2 24883  98.7507 159.7509 0002330 166.5224 193.6023 14.34331244396925
1 24883U 97037A   24022.24584043  .00000713  00000-0  26983-3 0    17\
2 24883  98.7507 160.1040 0002346 165.6277 194.4975 14.34332135396976
1 24883U 97037A   24022.94342676  .00000610  00000-0  23338-3 0    15\
2 24883  98.7508 160.8103 0002389 163.8325 196.2936 14.34332696397076
1 24883U 97037A   24022.94342676  .00000610  00000-0  23338-3 0  3322\
2 24883  98.7508 160.8103 0002389 163.8325 196.2936 14.34332696397335
1 24883U 97037A   24023.29221974  .00000709  00000-0  26855-3 0    17\
2 24883  98.7508 161.1635 0002407 162.9862 197.1403 14.34333739397121
1 24883U 97037A   24023.92004688  .00000634  00000-0  24198-3 0    13\
2 24883  98.7508 161.7991 0002433 161.4051 198.7223 14.34334283397217
1 24883U 97037A   24023.98980544  .00000631  00000-0  24088-3 0  3336\
2 24883  98.7508 161.8697 0002427 161.3074 198.8200 14.34334358397486
1 24883U 97037A   24024.33859806  .00000766  00000-0  28881-3 0    18\
2 24883  98.7508 162.2228 0002441 160.4457 199.6821 14.34335591397277
1 24883U 97037A   24024.89666613  .00000705  00000-0  26719-3 0    12\
2 24883  98.7509 162.7878 0002473 159.0547 201.0739 14.34336072397353
1 24883U 97037A   24025.38497551  .00000738  00000-0  27896-3 0  3342\
2 24883  98.7510 163.2822 0002500 157.8564 202.2728 14.34336907397680
1 24883U 97037A   24025.38497551  .00000738  00000-0  27896-3 0    13\
2 24883  98.7510 163.2822 0002500 157.8564 202.2728 14.34336907397422
1 24883U 97037A   24025.94304277  .00000649  00000-0  24712-3 0    12\
2 24883  98.7510 163.8472 0002523 156.5982 203.5318 14.34337303397503
1 24883U 97037A   24026.36159338  .00000720  00000-0  27240-3 0    14\
2 24883  98.7510 164.2710 0002534 155.5759 204.5546 14.34338195397566
1 24883U 97037A   24026.98941881  .00000648  00000-0  24694-3 0  3353\
2 24883  98.7510 164.9066 0002559 153.9827 206.1486 14.34338650397918
1 24883U 97037A   24027.33821052  .00000707  00000-0  26794-3 0    19\
2 24883  98.7511 165.2597 0002566 153.1772 206.9545 14.34339439397708
1 24883U 97037A   24027.89627710  .00000586  00000-0  22456-3 0    11\
2 24883  98.7511 165.8247 0002598 151.9101 208.2224 14.34339537397789
1 24883U 97037A   24028.38458523  .00000598  00000-0  22910-3 0  3369\
2 24883  98.7512 166.3191 0002623 150.7764 209.3568 14.34340205398110
1 24883U 97037A   24028.38458523  .00000598  00000-0  22910-3 0    18\
2 24883  98.7512 166.3191 0002623 150.7764 209.3568 14.34340205397850
1 24883U 97037A   24028.94265123  .00000586  00000-0  22467-3 0    16\
2 24883  98.7513 166.8842 0002636 149.3406 210.7932 14.34340889397938
1 24883U 97037A   24029.36120047  .00000622  00000-0  23765-3 0    11\
2 24883  98.7513 167.3080 0002637 148.2189 211.9154 14.34341661397999
1 24883U 97037A   24030.40757339  .00000585  00000-0  22418-3 0  3372\
2 24883  98.7513 168.3674 0002635 145.4890 214.6466 14.34342729398404
1 24883U 97037A   24030.40757339  .00000585  00000-0  22418-3 0    10\
2 24883  98.7513 168.3674 0002635 145.4890 214.6466 14.34342729398145
1 24883U 97037A   24030.89588044  .00000522  00000-0  20201-3 0    17\
2 24883  98.7514 168.8618 0002671 144.4221 215.7142 14.34342979398214
1 24883U 97037A   24031.38418719  .00000538  00000-0  20767-3 0    17\
2 24883  98.7514 169.3563 0002719 143.4966 216.6403 14.34343656398287
1 24883U 97037A   24032.36080047  .00000470  00000-0  18351-3 0  3389\
2 24883  98.7516 170.3451 0002764 141.3127 218.8256 14.34344381398683
1 24883U 97037A   24032.36080047  .00000470  00000-0  18351-3 0    16\
2 24883  98.7516 170.3451 0002764 141.3127 218.8256 14.34344381398425
1 24883U 97037A   24032.84910667  .00000502  00000-0  19484-3 0    13\
2 24883  98.7517 170.8396 0002796 140.1685 219.9704 14.34345135398495
1 24883U 97037A   24033.33741294  .00000468  00000-0  18286-3 0    16\
2 24883  98.7517 171.3340 0002797 139.0092 221.1303 14.34345449398566
1 24883U 97037A   24033.89547680  .00000451  00000-0  17665-3 0    12\
2 24883  98.7518 171.8991 0002838 137.8997 222.2405 14.34346000398648
1 24883U 97037A   24033.96523478  .00000450  00000-0  17615-3 0  3397\
2 24883  98.7518 171.9697 0002841 137.7320 222.4084 14.34346060398916
1 24883U 97037A   24034.38378267  .00000494  00000-0  19197-3 0    19\
2 24883  98.7518 172.3935 0002855 136.7906 223.3503 14.34346719398715
1 24883U 97037A   24034.94184615  .00000454  00000-0  17772-3 0    16\
2 24883  98.7519 172.9585 0002873 135.4995 224.6420 14.34347127398791
1 24883U 97037A   24035.08136199  .00000453  00000-0  17731-3 0  3406\
2 24883  98.7519 173.0997 0002888 135.2935 224.8482 14.34347254399071
1 24883U 97037A   24035.36039359  .00000538  00000-0  20748-3 0    17\
2 24883  98.7519 173.3823 0002899 134.7021 225.4400 14.34348024398852
1 24883U 97037A   24035.91845674  .00000489  00000-0  19015-3 0    13\
2 24883  98.7520 173.9473 0002911 133.2274 226.9153 14.34348356398938
1 24883U 97037A   24036.33700384  .00000542  00000-0  20904-3 0  3414\
2 24883  98.7520 174.3711 0002908 132.2251 227.9180 14.34349102399255
1 24883U 97037A   24036.61603510  .00000545  00000-0  21023-3 0    17\
2 24883  98.7521 174.6538 0002957 132.3389 227.8046 14.34349416399037
1 24883U 97037A   24036.89506636  .00000534  00000-0  20633-3 0    12\
2 24883  98.7522 174.9364 0002970 131.7348 228.4090 14.34349688399072
1 24883U 97037A   24037.38337070  .00000593  00000-0  22699-3 0  3428\
2 24883  98.7521 175.4308 0002968 130.8133 229.3309 14.34350597399405
1 24883U 97037A   24037.38337070  .00000593  00000-0  22699-3 0    10\
2 24883  98.7521 175.4308 0002968 130.8133 229.3309 14.34350597399146
1 24883U 97037A   24037.94143273  .00000617  00000-0  23557-3 0    13\
2 24883  98.7522 175.9959 0002982 129.6595 230.4853 14.34351385399220
1 24883U 97037A   24038.63900994  .00000643  00000-0  24504-3 0    13\
2 24883  98.7523 176.7023 0002998 127.9899 232.1556 14.34352347399326
1 24883U 97037A   24038.63900994  .00000643  00000-0  24504-3 0  3432\
2 24883  98.7523 176.7023 0002998 127.9899 232.1556 14.34352347399584
1 24883U 97037A   24038.91804062  .00000630  00000-0  24024-3 0    16\
2 24883  98.7523 176.9849 0002999 127.4438 232.7019 14.34352641399360
1 24883U 97037A   24039.33658661  .00000703  00000-0  26631-3 0    12\
2 24883  98.7523 177.4087 0003007 126.5563 233.5898 14.34353535399424
1 24883U 97037A   24039.82488973  .00000718  00000-0  27152-3 0  3448\
2 24883  98.7523 177.9032 0003022 125.5503 234.5963 14.34354342399756
1 24883U 97037A   24039.89464738  .00000692  00000-0  26248-3 0    14\
2 24883  98.7523 177.9738 0003023 125.4202 234.7265 14.34354283399509
1 24883U 97037A   24040.38295041  .00000702  00000-0  26587-3 0    17\
2 24883  98.7524 178.4683 0003036 124.4154 235.7318 14.34355006399575
1 24883U 97037A   24041.01076824  .00000692  00000-0  26231-3 0  3459\
2 24883  98.7524 179.1041 0003060 123.0748 237.0730 14.34355829399927
1 24883U 97037A   24041.35955534  .00000819  00000-0  30732-3 0    11\
2 24883  98.7525 179.4573 0003067 122.2909 237.8573 14.34357130399715
1 24883U 97037A   24041.91761476  .00000872  00000-0  32626-3 0    16\
2 24883  98.7526 180.0225 0003087 121.1142 239.0346 14.34358319399797
1 24883U 97037A   24042.40591689  .00000744  00000-0  28094-3 0  3462\
2 24883  98.7525 180.5169 0003086 120.1666 239.9824 14.34358297400122
1 24883U 97037A   24042.40591689  .00000744  00000-0  28094-3 0    10\
2 24883  98.7525 180.5169 0003086 120.1666 239.9824 14.34358297399860
1 24883U 97037A   24042.89421837  .00000712  00000-0  26953-3 0    17\
2 24883  98.7526 181.0115 0003088 119.2161 240.9333 14.34358926399933
1 24883U 97037A   24043.38251963  .00000827  00000-0  31026-3 0    17\
2 24883  98.7527 181.5060 0003098 118.1593 241.9905 14.34360312400005
1 24883U 97037A   24043.80106319  .00000859  00000-0  32185-3 0  3473\
2 24883  98.7527 181.9298 0003108 117.2857 242.8644 14.34361219400329
1 24883U 97037A   24043.94057786  .00000720  00000-0  27216-3 0    14\
2 24883  98.7528 182.0711 0003101 117.0408 243.1093 14.34360650400088
1 24883U 97037A   24044.63814996  .00000952  00000-0  35486-3 0    10\
2 24883  98.7529 182.7774 0003112 115.3319 244.8188 14.34363073400185
1 24883U 97037A   24044.91717857  .00000968  00000-0  36059-3 0    13\
2 24883  98.7530 183.0600 0003134 114.6493 245.5018 14.34363676400222
1 24883U 97037A   24045.12644991  .00000980  00000-0  36453-3 0  3481\
2 24883  98.7530 183.2719 0003138 114.2145 245.9367 14.34364114400510
1 24883U 97037A   24045.61474966  .00000917  00000-0  34221-3 0    15\
2 24883  98.7531 183.7665 0003152 113.2644 246.8872 14.34364674400326
1 24883U 97037A   24045.89377790  .00000901  00000-0  33669-3 0    10\
2 24883  98.7531 184.0491 0003152 112.7123 247.4395 14.34365126400367
1 24883U 97037A   24046.38207733  .00000835  00000-0  31303-3 0    13\
2 24883  98.7532 184.5436 0003164 111.7711 248.3810 14.34365606400430
1 24883U 97037A   24046.38207733  .00000835  00000-0  31303-3 0  3498\
2 24883  98.7532 184.5436 0003164 111.7711 248.3810 14.34365606400698
1 24883U 97037A   24046.94013339  .00000806  00000-0  30264-3 0    15\
2 24883  98.7533 185.1089 0003174 110.5333 249.6192 14.34366443400516
1 24883U 97037A   24047.63770273  .00000751  00000-0  28343-3 0    13\
2 24883  98.7533 185.8153 0003186 109.0470 251.1060 14.34367441400615
1 24883U 97037A   24047.63770273  .00000751  00000-0  28343-3 0  3500\
2 24883  98.7533 185.8153 0003186 109.0470 251.1060 14.34367441400873
1 24883U 97037A   24047.91673044  .00000729  00000-0  27546-3 0    11\
2 24883  98.7533 186.0979 0003191 108.4977 251.6554 14.34367805400656
1 24883U 97037A   24048.61429910  .00000759  00000-0  28611-3 0    17\
2 24883  98.7534 186.8044 0003208 107.1390 253.0145 14.34369189400752
1 24883U 97037A   24048.82356962  .00000743  00000-0  28025-3 0  3516\
2 24883  98.7535 187.0164 0003206 106.7248 253.4288 14.34369474401046
1 24883U 97037A   24048.89332638  .00000742  00000-0  28014-3 0    16\
2 24883  98.7535 187.0870 0003207 106.5814 253.5723 14.34369612400798
1 24883U 97037A   24049.38162378  .00000802  00000-0  30140-3 0    13\
2 24883  98.7536 187.5816 0003217 105.5913 254.5626 14.34370828400866
1 24883U 97037A   24049.93967798  .00000720  00000-0  27210-3 0    16\
2 24883  98.7536 188.1468 0003227 104.4679 255.6863 14.34371298400940
1 24883U 97037A   24050.14894816  .00000715  00000-0  27027-3 0  3520\
2 24883  98.7536 188.3588 0003228 104.0348 256.1195 14.34371604401233
1 24883U 97037A   24050.63724525  .00000709  00000-0  26841-3 0    10\
2 24883  98.7537 188.8533 0003240 103.0157 257.1389 14.34372330401042
1 24883U 97037A   24050.91627207  .00000608  00000-0  23236-3 0    13\
2 24883  98.7537 189.1359 0003244 102.5119 257.6428 14.34372219401087
1 24883U 97037A   24051.33481208  .00000625  00000-0  23842-3 0  3531\
2 24883  98.7537 189.5598 0003242 101.6469 258.5079 14.34372928401407
1 24883U 97037A   24051.33481208  .00000625  00000-0  23842-3 0    11\
2 24883  98.7537 189.5598 0003242 101.6469 258.5079 14.34372928401148
1 24883U 97037A   24051.96262163  .00000597  00000-0  22838-3 0    19\
2 24883  98.7538 190.1957 0003245 100.3939 259.7611 14.34373755401231
1 24883U 97037A   24052.38116121  .00000589  00000-0  22580-3 0  3544\
2 24883  98.7539 190.6196 0003242  99.5524 260.6027 14.34374318401551
1 24883U 97037A   24052.38116121  .00000589  00000-0  22580-3 0    13\
2 24883  98.7539 190.6196 0003242  99.5524 260.6027 14.34374318401292
1 24883U 97037A   24052.93921384  .00000508  00000-0  19701-3 0    11\
2 24883  98.7540 191.1848 0003243  98.4348 261.7204 14.34374652401376
1 24883U 97037A   24053.63677905  .00000530  00000-0  20472-3 0    18\
2 24883  98.7540 191.8913 0003226  96.9518 263.2033 14.34375712401475
1 24883U 97037A   24053.63677905  .00000530  00000-0  20472-3 0  3550\
2 24883  98.7540 191.8913 0003226  96.9518 263.2033 14.34375712401734
1 24883U 97037A   24053.91580512  .00000493  00000-0  19149-3 0    13\
2 24883  98.7541 192.1739 0003224  96.4109 263.7442 14.34375871401515
1 24883U 97037A   24054.61336988  .00000567  00000-0  21777-3 0    19\
2 24883  98.7542 192.8805 0003217  94.9396 265.2156 14.34377136401616
1 24883U 97037A   24054.82263921  .00000563  00000-0  21626-3 0  3560\
2 24883  98.7542 193.0925 0003215  94.5412 265.6139 14.34377397401901
1 24883U 97037A   24054.89239571  .00000532  00000-0  20533-3 0    10\
2 24883  98.7542 193.1631 0003211  94.3891 265.7661 14.34377300401658
1 24883U 97037A   24055.38069081  .00000589  00000-0  22553-3 0    18\
2 24883  98.7543 193.6577 0003208  93.3748 266.7803 14.34378158401728
1 24883U 97037A   24055.79922919  .00000613  00000-0  23401-3 0    12\
2 24883  98.7544 194.0816 0003210  92.5666 267.5886 14.34378810401784
1 24883U 97037A   24056.21776746  .00000594  00000-0  22747-3 0  3579\
2 24883  98.7544 194.5055 0003209  91.6386 268.5166 14.34379197402109
1 24883U 97037A   24056.63630546  .00000614  00000-0  23454-3 0    17\
2 24883  98.7545 194.9295 0003211  90.7993 269.3559 14.34379842401906
1 24883U 97037A   24056.91533092  .00000609  00000-0  23284-3 0    11\
2 24883  98.7545 195.2121 0003200  90.2230 269.9321 14.34380106401947
1 24883U 97037A   24057.40362496  .00000616  00000-0  23517-3 0  3586\
2 24883  98.7546 195.7067 0003183  89.1320 271.0229 14.34380748402279
1 24883U 97037A   24057.89191890  .00000601  00000-0  22976-3 0    14\
2 24883  98.7547 196.2013 0003189  88.2902 271.8648 14.34381270402082
1 24883U 97037A   24058.38021267  .00000567  00000-0  21792-3 0    15\
2 24883  98.7548 196.6959 0003200  87.4026 272.7524 14.34381682402156
1 24883U 97037A   24058.79875020  .00000537  00000-0  20713-3 0  3599\
2 24883  98.7550 197.1200 0003212  86.5649 273.5903 14.34381976402479
1 24883U 97037A   24058.93826273  .00000519  00000-0  20057-3 0    16\
2 24883  98.7550 197.2613 0003207  86.2591 273.8960 14.34382003402237
1 24883U 97037A   24059.63582472  .00000476  00000-0  18536-3 0    15\
2 24883  98.7551 197.9679 0003211  85.0126 275.1425 14.34382562402335
1 24883U 97037A   24059.84509324  .00000472  00000-0  18389-3 0  3603\
2 24883  98.7551 198.1799 0003210  84.6114 275.5436 14.34382791402624
1 24883U 97037A   24059.91484948  .00000464  00000-0  18105-3 0    14\
2 24883  98.7551 198.2505 0003209  84.4652 275.6898 14.34382797402374
1 24883U 97037A   24060.61241087  .00000457  00000-0  17876-3 0    14\
2 24883  98.7552 198.9572 0003197  83.0369 277.1179 14.34383557402477
1 24883U 97037A   24060.89143541  .00000448  00000-0  17555-3 0    14\
2 24883  98.7553 199.2398 0003192  82.4379 277.7168 14.34383817402515
1 24883U 97037A   24060.96119153  .00000447  00000-0  17512-3 0  3615\
2 24883  98.7553 199.3105 0003190  82.2872 277.8674 14.34383877402784
1 24883U 97037A   24061.37972807  .00000477  00000-0  18589-3 0    13\
2 24883  98.7553 199.7345 0003172  81.3443 278.8100 14.34384511402587
1 24883U 97037A   24061.86802064  .00000455  00000-0  17812-3 0    18\
2 24883  98.7555 200.2291 0003164  80.3711 279.7831 14.34384917402654
1 24883U 97037A   24062.00753274  .00000457  00000-0  17871-3 0  3620\
2 24883  98.7555 200.3705 0003163  80.0315 280.1226 14.34385069402935
1 24883U 97037A   24062.35631293  .00000495  00000-0  19208-3 0    12\
2 24883  98.7556 200.7238 0003155  79.2991 280.8548 14.34385662402722
1 24883U 97037A   24062.91436111  .00000492  00000-0  19100-3 0    14\
2 24883  98.7556 201.2891 0003157  78.2675 281.8863 14.34386243402809
1 24883U 97037A   24063.12362907  .00000502  00000-0  19468-3 0  3639\
2 24883  98.7556 201.5011 0003158  77.8587 282.2951 14.34386516403092
1 24883U 97037A   24063.40265295  .00000541  00000-0  20844-3 0    14\
2 24883  98.7557 201.7838 0003158  77.3319 282.8218 14.34387061402873
1 24883U 97037A   24063.89094324  .00000881  00000-0  32946-3 0    13\
2 24883  98.7558 202.2785 0003155  76.3282 283.8253 14.34389860402943
1 24883U 97037A   24064.23972391  .00000574  00000-0  22020-3 0  3644\
2 24883  98.7559 202.6318 0003147  75.6935 284.4598 14.34388286403253
1 24883U 97037A   24064.37923585  .00000564  00000-0  21676-3 0    13\
2 24883  98.7559 202.7732 0003153  75.5179 284.6355 14.34388371403012
1 24883U 97037A   24064.93728336  .00000478  00000-0  18598-3 0    15\
2 24883  98.7560 203.3386 0003135  74.2215 285.9315 14.34388435403092
1 24883U 97037A   24065.35581842  .00000501  00000-0  19445-3 0    10\
2 24883  98.7561 203.7626 0003124  73.3306 286.8221 14.34389081403154
1 24883U 97037A   24065.84410926  .00000537  00000-0  20702-3 0  3658\
2 24883  98.7562 204.2573 0003116  72.3675 287.7849 14.34389851403488
1 24883U 97037A   24066.33239990  .00000564  00000-0  21667-3 0    11\
2 24883  98.7562 204.7519 0003093  71.2066 288.9454 14.34390563403295
1 24883U 97037A   24067.09971337  .00000535  00000-0  20634-3 0  3668\
2 24883  98.7564 205.5293 0003089  69.8663 290.2853 14.34391342403662
1 24883U 97037A   24067.37873620  .00000587  00000-0  22497-3 0    17\
2 24883  98.7564 205.8120 0003073  69.1627 290.9887 14.34392007403449
1 24883U 97037A   24068.14604889  .00000578  00000-0  22166-3 0  3670\
2 24883  98.7566 206.5894 0003056  67.5729 292.5778 14.34392909403812
1 24883U 97037A   24068.35531587  .00000583  00000-0  22354-3 0    17\
2 24883  98.7566 206.8014 0003049  67.1429 293.0077 14.34393221403584
1 24883U 97037A   24068.84360549  .00000520  00000-0  20093-3 0    18\
2 24883  98.7567 207.2962 0003035  66.1800 293.9702 14.34393474403651
1 24883U 97037A   24069.40165026  .00000583  00000-0  22348-3 0  3684\
2 24883  98.7568 207.8616 0003012  65.0112 295.1384 14.34394545403990
1 24883U 97037A   24069.40165026  .00000583  00000-0  22348-3 0    18\
2 24883  98.7568 207.8616 0003012  65.0112 295.1384 14.34394545403732
1 24883U 97037A   24070.37822853  .00000494  00000-0  19174-3 0    18\
2 24883  98.7569 208.8511 0002981  63.0691 297.0797 14.34395212403878
1 24883U 97037A   24070.86651736  .00000462  00000-0  18036-3 0  3690\
2 24883  98.7571 209.3459 0002958  61.8934 298.2549 14.34395599404202
1 24883U 97037A   24070.93627292  .00000458  00000-0  17894-3 0    17\
2 24883  98.7571 209.4165 0002955  61.7227 298.4255 14.34395641403953
1 24883U 97037A   24071.63382811  .00000461  00000-0  17994-3 0    15\
2 24883  98.7573 210.1233 0002944  60.4059 299.7418 14.34396407404055
1 24883U 97037A   24071.98260560  .00000438  00000-0  17191-3 0  3701\
2 24883  98.7573 210.4767 0002937  59.8204 300.3271 14.34396654404360
1 24883U 97037A   24072.61040475  .00000460  00000-0  17978-3 0    12\
2 24883  98.7575 211.1129 0002906  58.4404 301.7064 14.34397432404196
1 24883U 97037A   24073.23820363  .00000435  00000-0  17094-3 0  3714\
2 24883  98.7576 211.7490 0002885  57.1584 302.9877 14.34397961404546
1 24883U 97037A   24073.37771438  .00000440  00000-0  17254-3 0    11\
2 24883  98.7577 211.8904 0002874  56.7616 303.3843 14.34398158404308
1 24883U 97037A   24073.93575737  .00000486  00000-0  18908-3 0    14\
2 24883  98.7578 212.4559 0002859  55.6186 304.5268 14.34399038404385
1 24883U 97037A   24074.35428953  .00000508  00000-0  19690-3 0  3723\
2 24883  98.7579 212.8800 0002854  54.8671 305.2781 14.34399606404709
1 24883U 97037A   24074.28453418  .00000508  00000-0  19689-3 0    16\
2 24883  98.7578 212.8093 0002858  55.0337 305.1115 14.34399525404438
1 24883U 97037A   24074.91233209  .00000491  00000-0  19056-3 0    19\
2 24883  98.7580 213.4455 0002834  53.7271 306.4175 14.34400146404528
1 24883U 97037A   24075.33086384  .00000510  00000-0  19752-3 0    11\
2 24883  98.7580 213.8696 0002815  52.7337 307.4104 14.34400725404582
1 24883U 97037A   24075.95866135  .00000507  00000-0  19649-3 0  3732\
2 24883  98.7582 214.5058 0002793  51.4445 308.6989 14.34401395404932
1 24883U 97037A   24076.37719281  .00000499  00000-0  19367-3 0    13\
2 24883  98.7582 214.9299 0002767  50.2880 309.8548 14.34401811404739
1 24883U 97037A   24076.93523455  .00000516  00000-0  19971-3 0    12\
2 24883  98.7584 215.4954 0002750  49.2772 310.8651 14.34402529404818
1 24883U 97037A   24077.00498975  .00000517  00000-0  20011-3 0  3740\
2 24883  98.7584 215.5661 0002747  49.1147 311.0275 14.34402603405083
1 24883U 97037A   24077.35376569  .00000503  00000-0  19489-3 0    11\
2 24883  98.7584 215.9195 0002730  48.1485 311.9932 14.34402917404878
1 24883U 97037A   24077.91180699  .00000488  00000-0  18981-3 0    18\
2 24883  98.7585 216.4850 0002704  46.9052 313.2358 14.34403469404959
1 24883U 97037A   24078.40009297  .00000465  00000-0  18162-3 0  3757\
2 24883  98.7586 216.9798 0002674  45.6737 314.4666 14.34403874405280
1 24883U 97037A   24078.40009297  .00000465  00000-0  18162-3 0    13\
2 24883  98.7586 216.9798 0002674  45.6737 314.4666 14.34403874405022
1 24883U 97037A   24078.88837854  .00000500  00000-0  19392-3 0    19\
2 24883  98.7587 217.4746 0002651  44.5395 315.6002 14.34404670405094
1 24883U 97037A   24079.86494900  .00000630  00000-0  24001-3 0  3761\
2 24883  98.7589 218.4643 0002619  42.3864 317.7522 14.34406608405491
1 24883U 97037A   24079.37666391  .00000602  00000-0  23025-3 0    11\
2 24883  98.7588 217.9694 0002640  43.4638 316.6754 14.34405821405160
1 24883U 97037A   24080.35323401  .00000668  00000-0  25368-3 0    17\
2 24883  98.7589 218.9591 0002596  41.1559 318.9820 14.34407399405302
1 24883U 97037A   24080.91127357  .00000732  00000-0  27629-3 0    15\
2 24883  98.7590 219.5247 0002570  39.9142 320.2231 14.34408485405381
1 24883U 97037A   24080.98102850  .00000733  00000-0  27679-3 0  3775\
2 24883  98.7591 219.5953 0002573  39.5481 320.5891 14.34408582405654
1 24883U 97037A   24081.60882257  .00000794  00000-0  29823-3 0    15\
2 24883  98.7592 220.2315 0002542  37.8451 322.2912 14.34409768405481
1 24883U 97037A   24081.88784159  .00000841  00000-0  31495-3 0    18\
2 24883  98.7592 220.5143 0002535  37.3262 322.8098 14.34410568405526
1 24883U 97037A   24082.37612551  .00000825  00000-0  30937-3 0  3788\
2 24883  98.7593 221.0091 0002527  36.3032 323.8323 14.34411174405852
1 24883U 97037A   24082.37612551  .00000825  00000-0  30937-3 0    11\
2 24883  98.7593 221.0091 0002527  36.3032 323.8323 14.34411174405593
1 24883U 97037A   24082.93416370  .00000778  00000-0  29252-3 0    19\
2 24883  98.7595 221.5747 0002494  34.9261 325.2086 14.34411789405672
1 24883U 97037A   24083.84097387  .00000923  00000-0  34406-3 0  3790\
2 24883  98.7596 222.4937 0002460  32.7122 327.4215 14.34414380406061
1 24883U 97037A   24083.91072854  .00000916  00000-0  34162-3 0    13\
2 24883  98.7596 222.5644 0002456  32.5217 327.6118 14.34414456405815
1 24883U 97037A   24084.39901072  .00001008  00000-0  37446-3 0    10\
2 24883  98.7597 223.0593 0002432  31.6763 328.4567 14.34415869405888
1 24883U 97037A   24084.88728894  .00002273  00000-0  82327-3 0  3806\
2 24883  98.7598 223.5542 0002424  30.6645 329.4680 14.34424660406211
1 24883U 97037A   24084.95704317  .00002279  00000-0  82531-3 0    11\
2 24883  98.7598 223.6249 0002421  30.5018 329.6307 14.34424915405968
1 24883U 97037A   24085.37557242  .00001221  00000-0  44993-3 0  3818\
2 24883  98.7599 224.0491 0002390  29.7104 330.4215 14.34419432406286
1 24883U 97037A   24085.93360767  .00001333  00000-0  48966-3 0    11\
2 24883  98.7601 224.6147 0002355  28.2263 331.9049 14.34421219406103
1 24883U 97037A   24086.63115151  .00001118  00000-0  41346-3 0    10\
2 24883  98.7602 225.3217 0002313  26.2736 333.8565 14.34421457406206
1 24883U 97037A   24086.84041453  .00000993  00000-0  36904-3 0  3822\
2 24883  98.7602 225.5338 0002300  26.1505 333.9795 14.34421232406499
1 24883U 97037A   24086.91016876  .00000994  00000-0  36943-3 0    13\
2 24883  98.7603 225.6045 0002298  26.0101 334.1198 14.34421404406247
1 24883U 97037A   24087.39844849  .00001039  00000-0  38541-3 0    12\
2 24883  98.7604 226.0994 0002274  24.2933 335.8358 14.34422701406318
1 24883U 97037A   24087.88672774  .00000869  00000-0  32500-3 0  3834\
2 24883  98.7605 226.5944 0002243  23.2423 336.8863 14.34422942406643
1 24883U 97037A   24088.37500696  .00000917  00000-0  34191-3 0    11\
2 24883  98.7605 227.0893 0002218  21.7003 338.4274 14.34424180406450
1 24883U 97037A   24088.93303972  .00000866  00000-0  32386-3 0    18\
2 24883  98.7607 227.6549 0002186  20.0684 340.0586 14.34425113406538
1 24883U 97037A   24089.21205595  .00000874  00000-0  32653-3 0  3842\
2 24883  98.7607 227.9377 0002170  19.1472 340.9794 14.34425720406834
1 24883U 97037A   24089.63057983  .00000926  00000-0  34518-3 0    10\
2 24883  98.7608 228.3620 0002146  18.1852 341.9409 14.34426963406637
1 24883U 97037A   24089.90959620  .00000905  00000-0  33772-3 0    17\
2 24883  98.7609 228.6448 0002131  17.4824 342.6433 14.34427305406674
1 24883U 97037A   24090.39787394  .00000879  00000-0  32848-3 0  3857\
2 24883  98.7609 229.1398 0002101  16.3495 343.7757 14.34428140407000
1 24883U 97037A   24090.39787394  .00000879  00000-0  32848-3 0    12\
2 24883  98.7609 229.1398 0002101  16.3495 343.7757 14.34428140406740
1 24883U 97037A   24090.95590533  .00000933  00000-0  34741-3 0    16\
2 24883  98.7612 229.7056 0002075  14.5709 345.5534 14.34429481406820
1 24883U 97037A   24091.37442872  .00000866  00000-0  32392-3 0    10\
2 24883  98.7613 230.1298 0002053  13.4612 346.6627 14.34429880406886
1 24883U 97037A   24091.86270652  .00000663  00000-0  25156-3 0  3860\
2 24883  98.7614 230.6248 0002023  12.3194 347.8039 14.34429413407217
1 24883U 97037A   24091.93246040  .00000661  00000-0  25113-3 0    17\
2 24883  98.7614 230.6956 0002019  12.1336 347.9896 14.34429511406966
1 24883U 97037A   24092.35098365  .00000660  00000-0  25075-3 0    15\
2 24883  98.7614 231.1198 0001998  10.8648 349.2579 14.34430109407022
1 24883U 97037A   24093.11827569  .00000608  00000-0  23201-3 0  3874\
2 24883  98.7616 231.8977 0001955   9.2792 350.8428 14.34430970407398
1 24883U 97037A   24093.39729094  .00000609  00000-0  23245-3 0    10\
2 24883  98.7617 232.1805 0001939   8.4230 351.6987 14.34431364407176
1 24883U 97037A   24093.88556743  .00000555  00000-0  21341-3 0    18\
2 24883  98.7619 232.6756 0001911   6.7751 353.3459 14.34431745407241
1 24883U 97037A   24094.37384381  .00000543  00000-0  20923-3 0  3880\
2 24883  98.7620 233.1706 0001884   5.3975 354.7229 14.34432291407579
1 24883U 97037A   24094.37384381  .00000543  00000-0  20923-3 0    12\
2 24883  98.7620 233.1706 0001884   5.3975 354.7229 14.34432291407311
1 24883U 97037A   24094.65285876  .00000518  00000-0  20019-3 0    10\
2 24883  98.7621 233.4535 0001869   4.7704 355.3498 14.34432510407354
1 24883U 97037A   24095.35039607  .00000460  00000-0  17977-3 0    12\
2 24883  98.7622 234.1606 0001833   2.5275 357.5919 14.34433011407452
1 24883U 97037A   24095.83867178  .00000443  00000-0  17341-3 0  3892\
2 24883  98.7623 234.6557 0001802   1.2840 358.8349 14.34433532407788
1 24883U 97037A   24095.90842545  .00000442  00000-0  17311-3 0    18\
2 24883  98.7623 234.7264 0001798   1.1044 359.0143 14.34433609407536
1 24883U 97037A   24096.39670100  .00000442  00000-0  17327-3 0    15\
2 24883  98.7625 235.2215 0001771 359.2118   0.9063 14.34434171407606
1 24883U 97037A   24096.88497640  .00000412  00000-0  16255-3 0    11\
2 24883  98.7626 235.7166 0001741 357.9683   2.1494 14.34434584407673
1 24883U 97037A   24097.09423728  .00000405  00000-0  16018-3 0  3901\
2 24883  98.7626 235.9287 0001731 357.2883   2.8292 14.34434751407964
1 24883U 97037A   24097.37325174  .00000409  00000-0  16133-3 0    19\
2 24883  98.7627 236.2116 0001716 356.4290   3.6882 14.34435072407743
1 24883U 97037A   24097.93128049  .00000406  00000-0  16030-3 0    16\
2 24883  98.7628 236.7774 0001691 354.5832   5.5333 14.34435628407820
1 24883U 97037A   24098.34980196  .00000436  00000-0  17095-3 0  3918\
2 24883  98.7629 237.2017 0001670 353.4138   6.7024 14.34436186408147
1 24883U 97037A   24098.34980196  .00000436  00000-0  17095-3 0    16\
2 24883  98.7629 237.2017 0001670 353.4138   6.7024 14.34436186407887
1 24883U 97037A   24098.90783031  .00000434  00000-0  17035-3 0    19\
2 24883  98.7630 237.7675 0001637 351.6808   8.4349 14.34436743407968
1 24883U 97037A   24099.39610478  .00000477  00000-0  18579-3 0  3921\
2 24883  98.7631 238.2626 0001612 349.6515  10.4635 14.34437500408296
1 24883U 97037A   24099.39610478  .00000477  00000-0  18579-3 0    18\
2 24883  98.7631 238.2626 0001612 349.6515  10.4635 14.34437500408038
1 24883U 97037A   24099.95413280  .00000464  00000-0  18106-3 0    14\
2 24883  98.7633 238.8285 0001581 347.6849  12.4297 14.34437965408110
1 24883U 97037A   24100.37265367  .00000449  00000-0  17585-3 0    17\
2 24883  98.7633 239.2528 0001561 346.1492  13.9649 14.34438287408172
1 24883U 97037A   24100.65166744  .00000475  00000-0  18487-3 0  3932\
2 24883  98.7634 239.5357 0001546 345.4570  14.6570 14.34438710408473
1 24883U 97037A   24100.65166744  .00000475  00000-0  18487-3 0    18\
2 24883  98.7634 239.5357 0001546 345.4570  14.6570 14.34438710408215
1 24883U 97037A   24101.62821540  .00000435  00000-0  17066-3 0    16\
2 24883  98.7636 240.5259 0001492 342.0639  18.0493 14.34439456408354
1 24883U 97037A   24101.83747557  .00000445  00000-0  17435-3 0  3940\
2 24883  98.7637 240.7381 0001482 341.0272  19.0857 14.34439734408640
1 24883U 97037A   24101.90722898  .00000442  00000-0  17325-3 0    19\
2 24883  98.7637 240.8089 0001480 340.6157  19.4971 14.34439776408390
1 24883U 97037A   24102.39550257  .00000444  00000-0  17388-3 0    12\
2 24883  98.7637 241.3039 0001461 338.3020  21.8102 14.34440275408460
1 24883U 97037A   24102.88377598  .00000452  00000-0  17681-3 0  3952\
2 24883  98.7639 241.7991 0001437 336.1547  23.9571 14.34440825408796
1 24883U 97037A   24102.88377598  .00000452  00000-0  17681-3 0    16\
2 24883  98.7639 241.7991 0001437 336.1547  23.9571 14.34440825408538
1 24883U 97037A   24103.37204916  .00000470  00000-0  18299-3 0    10\
2 24883  98.7640 242.2942 0001423 333.6773  26.4339 14.34441425408605
1 24883U 97037A   24103.93007537  .00000494  00000-0  19162-3 0    18\
2 24883  98.7641 242.8600 0001397 331.4907  28.6201 14.34442174408680
1 24883U 97037A   24103.99982864  .00000495  00000-0  19184-3 0  3961\
2 24883  98.7641 242.9308 0001394 331.2327  28.8780 14.34442244408959
1 24883U 97037A   24104.34859486  .00000536  00000-0  20644-3 0    16\
2 24883  98.7642 243.2844 0001382 329.3897  30.7206 14.34442855408746
1 24883U 97037A   24104.90662054  .00000572  00000-0  21921-3 0    10\
2 24883  98.7644 243.8503 0001355 326.9191  33.1909 14.34443712408825
1 24883U 97037A   24105.39489283  .00000619  00000-0  23595-3 0  3974\
2 24883  98.7644 244.3454 0001341 324.5921  35.5174 14.34444539409151
1 24883U 97037A   24105.88316467  .00000725  00000-0  27373-3 0    19\
2 24883  98.7646 244.8406 0001322 322.3268  37.7823 14.34445779408964
1 24883U 97037A   24106.37143634  .00000747  00000-0  28152-3 0    18\
2 24883  98.7646 245.3357 0001306 320.0733  40.0355 14.34446557409030
1 24883U 97037A   24106.85970771  .00000805  00000-0  30208-3 0  3980\
2 24883  98.7648 245.8309 0001291 317.6714  42.4371 14.34447561409364
1 24883U 97037A   24106.85970771  .00000805  00000-0  30208-3 0    11\
2 24883  98.7648 245.8309 0001291 317.6714  42.4371 14.34447561409106
1 24883U 97037A   24107.34797857  .00000961  00000-0  35738-3 0    14\
2 24883  98.7649 246.3261 0001282 316.3552  43.7531 14.34449190409175
1 24883U 97037A   24107.90600145  .00001090  00000-0  40330-3 0    17\
2 24883  98.7650 246.8920 0001253 313.8414  46.2667 14.34451020409253
1 24883U 97037A   24107.97575430  .00001095  00000-0  40483-3 0  3996\
2 24883  98.7650 246.9627 0001250 313.5381  46.5700 14.34451172409524
1 24883U 97037A   24108.39427137  .00001190  00000-0  43877-3 0    19\
2 24883  98.7651 247.3872 0001223 311.9715  48.1365 14.34452508409322
1 24883U 97037A   24108.88254133  .00001111  00000-0  41064-3 0    16\
2 24883  98.7652 247.8824 0001207 309.4314  50.6763 14.34452957409399
1 24883U 97037A   24109.37081085  .00001119  00000-0  41338-3 0  4000\
2 24883  98.7653 248.3776 0001194 307.0512  53.0563 14.34453910409723
1 24883U 97037A   24109.37081085  .00001119  00000-0  41338-3 0    17\
2 24883  98.7653 248.3776 0001194 307.0512  53.0563 14.34453910409464
1 24883U 97037A   24109.85907958  .00001139  00000-0  42049-3 0    18\
2 24883  98.7654 248.8728 0001185 304.5884  55.5189 14.34455103409536
1 24883U 97037A   24110.34734798  .00001169  00000-0  43127-3 0    15\
2 24883  98.7654 249.3679 0001190 301.6176  58.4892 14.34456337409606
1 24883U 97037A   24110.83561400  .00001421  00000-0  52045-3 0  4011\
2 24883  98.7655 249.8631 0001165 299.3032  60.8036 14.34459437409933
1 24883U 97037A   24110.90536637  .00001430  00000-0  52382-3 0    13\
2 24883  98.7655 249.9339 0001170 298.9542  61.1525 14.34459697409683
1 24883U 97037A   24111.39363462  .00001275  00000-0  46891-3 0    16\
2 24883  98.7656 250.4291 0001146 296.4595  63.6472 14.34459808409752
1 24883U 97037A   24111.88190151  .00001260  00000-0  46334-3 0    19\
2 24883  98.7657 250.9243 0001138 293.9972  66.1093 14.34460974409828
1 24883U 97037A   24111.95165386  .00001256  00000-0  46197-3 0  4026\
2 24883  98.7657 250.9951 0001138 293.5381  66.5684 14.34461132410092
1 24883U 97037A   24112.37016757  .00001257  00000-0  46229-3 0    12\
2 24883  98.7658 251.4195 0001136 291.1344  68.9719 14.34462324409895
1 24883U 97037A   24112.92818477  .00001413  00000-0  51759-3 0    10\
2 24883  98.7658 251.9855 0001130 287.5133  72.5928 14.34464920409978
1 24883U 97037A   24112.99793693  .00001413  00000-0  51756-3 0  4032\
2 24883  98.7658 252.0562 0001129 287.1674  72.9387 14.34465118410244
1 24883U 97037A   24113.34669771  .00001415  00000-0  51830-3 0    10\
2 24883  98.7659 252.4099 0001124 285.2040  74.9020 14.34466128410030
1 24883U 97037A   24113.90471430  .00001290  00000-0  47405-3 0    19\
2 24883  98.7660 252.9759 0001118 280.4920  79.6138 14.34467114410114
1 24883U 97037A   24114.39297842  .00001303  00000-0  47872-3 0  4046\
2 24883  98.7661 253.4710 0001148 280.7738  79.3317 14.34468602410446
1 24883U 97037A   24114.39297842  .00001303  00000-0  47872-3 0    19\
2 24883  98.7661 253.4710 0001148 280.7738  79.3317 14.34468602410187
1 24883U 97037A   24114.88124174  .00001236  00000-0  45474-3 0    11\
2 24883  98.7663 253.9662 0001130 275.7592  84.3464 14.34469752410257
1 24883U 97037A   24115.36950475  .00001272  00000-0  46774-3 0    10\
2 24883  98.7664 254.4615 0001129 273.6305  86.4751 14.34471396410326
1 24883U 97037A   24115.85776729  .00001297  00000-0  47638-3 0  4057\
2 24883  98.7665 254.9568 0001130 270.7977  89.3078 14.34472970410653
1 24883U 97037A   24115.92751907  .00001289  00000-0  47373-3 0    15\
2 24883  98.7665 255.0275 0001130 270.6450  89.4604 14.34473128410400
1 24883U 97037A   24116.34602963  .00001222  00000-0  44985-3 0    12\
2 24883  98.7666 255.4520 0001141 267.8403  92.2650 14.34473910410464
1 24883U 97037A   24116.90404296  .00001335  00000-0  48995-3 0    13\
2 24883  98.7667 256.0180 0001149 265.2304  94.8749 14.34476111410546
1 24883U 97037A   24116.97379458  .00001337  00000-0  49043-3 0  4067\
2 24883  98.7667 256.0888 0001152 265.0333  95.0719 14.34476308410813
1 24883U 97037A   24117.39230419  .00001154  00000-0  42585-3 0    19\
2 24883  98.7668 256.5133 0001187 263.7660  96.3389 14.34476499410614
1 24883U 97037A   24117.81081316  .00001238  00000-0  45532-3 0    14\
2 24883  98.7669 256.9380 0001165 262.5749  97.5303 14.34478223410676
1 24883U 97037A   24118.08981918  .00001229  00000-0  45214-3 0  4078\
2 24883  98.7670 257.2209 0001161 261.1866  98.9187 14.34478919410973
1 24883U 97037A   24118.36882528  .00001273  00000-0  46800-3 0    17\
2 24883  98.7670 257.5040 0001145 258.9636 101.1419 14.34479855410751
1 24883U 97037A   24118.92683676  .00001085  00000-0  40121-3 0    13\
2 24883  98.7672 258.0700 0001153 255.7497 104.3559 14.34480306410833
1 24883U 97037A   24119.13609109  .00001055  00000-0  39043-3 0  4085\
2 24883  98.7673 258.2825 0001152 252.8798 107.2260 14.34480606411122
1 24883U 97037A   24119.62435089  .00000849  00000-0  31756-3 0    15\
2 24883  98.7674 258.7778 0001160 249.5084 110.5976 14.34480652410935
1 24883U 97037A   24119.90335637  .00000821  00000-0  30743-3 0    19\
2 24883  98.7675 259.0608 0001166 248.0685 112.0375 14.34481134410979
1 24883U 97037A   24120.39161575  .00000746  00000-0  28078-3 0  4098\
2 24883  98.7675 259.5561 0001185 245.5359 114.5702 14.34481770411308
1 24883U 97037A   24120.39161575  .00000746  00000-0  28078-3 0    16\
2 24883  98.7675 259.5561 0001185 245.5359 114.5702 14.34481770411049
1 24883U 97037A   24120.94962615  .00000692  00000-0  26192-3 0    16\
2 24883  98.7677 260.1222 0001195 242.5978 117.5084 14.34482625411123
1 24883U 97037A   24121.36813373  .00000662  00000-0  25111-3 0    16\
2 24883  98.7677 260.5468 0001208 240.4551 119.6513 14.34483265411185
1 24883U 97037A   24121.85639244  .00000668  00000-0  25313-3 0  4107\
2 24883  98.7678 261.0421 0001220 237.9445 122.1621 14.34484166411515
1 24883U 97037A   24121.92614363  .00000667  00000-0  25300-3 0    11\
2 24883  98.7679 261.1129 0001220 237.5944 122.5122 14.34484292411264
1 24883U 97037A   24122.62365573  .00000584  00000-0  22340-3 0    14\
2 24883  98.7680 261.8205 0001246 233.8871 126.2198 14.34484960411361
1 24883U 97037A   24122.97241160  .00000569  00000-0  21814-3 0  4110\
2 24883  98.7681 262.1743 0001258 232.2309 127.8761 14.34485426411670
1 24883U 97037A   24123.39091852  .00000557  00000-0  21398-3 0    17\
2 24883  98.7681 262.5989 0001278 230.3574 129.7497 14.34485972411472
1 24883U 97037A   24124.22793185  .00000528  00000-0  20362-3 0  4122\
2 24883  98.7683 263.4481 0001313 226.3283 133.7793 14.34486982411851
1 24883U 97037A   24124.36743404  .00000524  00000-0  20224-3 0    13\
2 24883  98.7683 263.5896 0001318 225.6334 134.4742 14.34487147411616
1 24883U 97037A   24124.92544283  .00000467  00000-0  18206-3 0    12\
2 24883  98.7684 264.1557 0001344 223.0567 137.0513 14.34487481411691
1 24883U 97037A   24125.34394942  .00000462  00000-0  18020-3 0  4130\
2 24883  98.7685 264.5804 0001368 221.2105 138.8976 14.34487853412017
1 24883U 97037A   24126.39021473  .00000514  00000-0  19854-3 0  4147\
2 24883  98.7686 265.6419 0001431 217.2542 142.8544 14.34489309412163
1 24883U 97037A   24126.39021473  .00000514  00000-0  19854-3 0    19\
2 24883  98.7686 265.6419 0001431 217.2542 142.8544 14.34489309411904
1 24883U 97037A   24126.94822265  .00000500  00000-0  19377-3 0    13\
2 24883  98.7687 266.2080 0001457 214.8558 145.2531 14.34489842411987
1 24883U 97037A   24127.85498492  .00000538  00000-0  20712-3 0  4150\
2 24883  98.7689 267.1281 0001495 211.1363 148.9733 14.34491047412376
1 24883U 97037A   24127.36672832  .00000542  00000-0  20844-3 0    10\
2 24883  98.7688 266.6327 0001473 213.2023 146.9068 14.34490543412045
1 24883U 97037A   24127.92473584  .00000536  00000-0  20643-3 0    15\
2 24883  98.7689 267.1988 0001499 210.9061 149.2035 14.34491107412125
1 24883U 97037A   24128.41299209  .00000613  00000-0  23372-3 0    18\
2 24883  98.7690 267.6943 0001526 209.1901 150.9198 14.34492074412197
1 24883U 97037A   24128.90124844  .00000494  00000-0  19165-3 0    16\
2 24883  98.7692 268.1897 0001559 207.2416 152.8686 14.34491926412265
1 24883U 97037A   24129.11050103  .00000494  00000-0  19144-3 0  4163\
2 24883  98.7692 268.4020 0001569 206.4902 153.6203 14.34492135412557
1 24883U 97037A   24129.38950434  .00000575  00000-0  22009-3 0    12\
2 24883  98.7692 268.6851 0001584 205.4797 154.6309 14.34492911412335
1 24883U 97037A   24129.94751085  .00000506  00000-0  19580-3 0    19\
2 24883  98.7694 269.2513 0001616 203.5345 156.5766 14.34493204412416
1 24883U 97037A   24130.22651408  .00000605  00000-0  23072-3 0  4172\
2 24883  98.7694 269.5344 0001630 202.7186 157.3927 14.34494012412710
1 24883U 97037A   24130.36601557  .00000610  00000-0  23246-3 0    15\
2 24883  98.7694 269.6760 0001640 202.3446 157.7667 14.34494227412475
1 24883U 97037A   24130.92402152  .00000787  00000-0  29533-3 0    17\
2 24883  98.7695 270.2422 0001668 200.4631 159.6487 14.34495852412559
1 24883U 97037A   24131.34252585  .00000849  00000-0  31749-3 0  4180\
2 24883  98.7695 270.6668 0001680 198.9424 161.1698 14.34496698412876
1 24883U 97037A   24131.62152871  .00000870  00000-0  32486-3 0    19\
2 24883  98.7696 270.9499 0001692 197.9796 162.1329 14.34497132412658
1 24883U 97037A   24131.90053030  .00001009  00000-0  37411-3 0    15\
2 24883  98.7697 271.2330 0001709 197.0510 163.0617 14.34498594412698
1 24883U 97037A   24132.38877869  .00003610  00000-0  12956-2 0  4191\
2 24883  98.7698 271.7284 0001699 195.5020 164.6112 14.34514950413029
1 24883U 97037A   24132.87703416  .00001538  00000-0  56169-3 0  4205\
2 24883  98.7699 272.2239 0001753 193.8528 166.2608 14.34504241413098
1 24883U 97037A   24132.94678447  .00001538  00000-0  56165-3 0    19\
2 24883  98.7699 272.2946 0001757 193.6242 166.4895 14.34504419412847
1 24883U 97037A   24133.36528697  .00001528  00000-0  55806-3 0    17\
2 24883  98.7700 272.7193 0001772 192.2003 167.9139 14.34505210412900
1 24883U 97037A   24133.92328898  .00001401  00000-0  51294-3 0    17\
2 24883  98.7701 273.2855 0001804 190.2639 169.8509 14.34505983412988
1 24883U 97037A   24134.13253988  .00001289  00000-0  47338-3 0  4212\
2 24883  98.7702 273.4979 0001820 189.5224 170.5926 14.34505830413273
1 24883U 97037A   24134.62079045  .00001253  00000-0  46062-3 0    14\
2 24883  98.7703 273.9934 0001852 188.1699 171.9456 14.34507133413086
1 24883U 97037A   24135.38804130  .00001138  00000-0  41959-3 0  4228\
2 24883  98.7704 274.7719 0001891 185.9880 174.1282 14.34508670413457
1 24883U 97037A   24135.38804130  .00001138  00000-0  41959-3 0    11\
2 24883  98.7704 274.7719 0001891 185.9880 174.1282 14.34508670413198
1 24883U 97037A   24135.94604102  .00001146  00000-0  42266-3 0    11\
2 24883  98.7705 275.3382 0001924 184.5467 175.5700 14.34510362413275
1 24883U 97037A   24136.36454019  .00001219  00000-0  44847-3 0    16\
2 24883  98.7705 275.7629 0001946 183.5518 176.5653 14.34512049413332
1 24883U 97037A   24136.85278935  .00001115  00000-0  41142-3 0  4239\
2 24883  98.7706 276.2584 0001975 182.1270 177.9907 14.34512854413668
1 24883U 97037A   24136.92253916  .00001106  00000-0  40843-3 0    18\
2 24883  98.7706 276.3291 0001980 181.9749 178.1428 14.34513005413411
1 24883U 97037A   24137.62003608  .00001157  00000-0  42634-3 0    13\
2 24883  98.7707 277.0370 0002026 180.2555 179.8629 14.34515459413514
1 24883U 97037A   24138.38728296  .00001009  00000-0  37407-3 0  4241\
2 24883  98.7708 277.8156 0002063 178.4866 181.6325 14.34516619413883
1 24883U 97037A   24138.38728296  .00001009  00000-0  37407-3 0    12\
2 24883  98.7708 277.8156 0002063 178.4866 181.6325 14.34516619413625
1 24883U 97037A   24138.94527945  .00001036  00000-0  38368-3 0    19\
2 24883  98.7709 278.3820 0002090 176.7316 183.3882 14.34518261413702
1 24883U 97037A   24139.64277430  .00001108  00000-0  40918-3 0    12\
2 24883  98.7710 279.0898 0002128 174.6706 185.4501 14.34520402413801
1 24883U 97037A   24139.85202252  .00001127  00000-0  41567-3 0  4257\
2 24883  98.7710 279.3022 0002139 174.1624 185.9585 14.34521064414093
1 24883U 97037A   24139.92177195  .00001125  00000-0  41490-3 0    15\
2 24883  98.7710 279.3729 0002144 173.9219 186.1992 14.34521220413841
1 24883U 97037A   24140.41001809  .00001114  00000-0  41126-3 0    13\
2 24883  98.7711 279.8685 0002169 172.7723 187.3493 14.34522258413911
1 24883U 97037A   24140.96801262  .00001164  00000-0  42877-3 0  4264\
2 24883  98.7712 280.4348 0002197 171.2853 188.8369 14.34523979414252
1 24883U 97037A   24141.38650845  .00001097  00000-0  40490-3 0    13\
2 24883  98.7712 280.8595 0002220 170.2881 189.8347 14.34524635414052
1 24883U 97037A   24142.01425148  .00001048  00000-0  38771-3 0  4277\
2 24883  98.7713 281.4966 0002252 168.7489 191.3746 14.34525957414401
1 24883U 97037A   24142.36299752  .00000981  00000-0  36411-3 0    17\
2 24883  98.7714 281.8505 0002269 167.9314 192.1925 14.34526420414191
1 24883U 97037A   24142.92099047  .00000915  00000-0  34068-3 0    17\
2 24883  98.7715 282.4168 0002299 166.4111 193.7136 14.34527469414270
1 24883U 97037A   24143.40923411  .00000882  00000-0  32868-3 0  4284\
2 24883  98.7715 282.9124 0002322 165.5344 194.5907 14.34528414414605
1 24883U 97037A   24143.40923411  .00000882  00000-0  32868-3 0    11\
2 24883  98.7715 282.9124 0002322 165.5344 194.5907 14.34528414414346
1 24883U 97037A   24143.89747737  .00000839  00000-0  31375-3 0    13\
2 24883  98.7717 283.4079 0002351 164.3254 195.8003 14.34529324414412
1 24883U 97037A   24144.38572031  .00000816  00000-0  30549-3 0    18\
2 24883  98.7717 283.9035 0002378 163.2754 196.8510 14.34530269414482
1 24883U 97037A   24144.87396277  .00000835  00000-0  31216-3 0  4295\
2 24883  98.7718 284.3990 0002400 161.9222 198.2048 14.34531483414817
1 24883U 97037A   24145.36220517  .00000788  00000-0  29566-3 0    11\
2 24883  98.7719 284.8945 0002419 160.7363 199.3913 14.34532219414626
1 24883U 97037A   24145.92019617  .00000744  00000-0  27975-3 0    14\
2 24883  98.7720 285.4609 0002449 159.3555 200.7729 14.34533055414702
1 24883U 97037A   24145.98994502  .00000739  00000-0  27831-3 0  4306\
2 24883  98.7720 285.5317 0002452 159.2031 200.9254 14.34533154414975
1 24883U 97037A   24146.61768457  .00000675  00000-0  25561-3 0    16\
2 24883  98.7722 286.1689 0002496 157.9420 202.1872 14.34533901414803
1 24883U 97037A   24147.10592608  .00000669  00000-0  25340-3 0  4319\
2 24883  98.7723 286.6645 0002509 156.7065 203.4233 14.34534714415133
1 24883U 97037A   24147.38492116  .00000628  00000-0  23884-3 0    11\
2 24883  98.7723 286.9477 0002522 156.1721 203.9581 14.34534966414912
1 24883U 97037A   24147.94291126  .00000576  00000-0  22027-3 0    11\
2 24883  98.7725 287.5141 0002552 154.9165 205.2144 14.34535528414993
1 24883U 97037A   24148.36140371  .00000552  00000-0  21175-3 0  4328\
2 24883  98.7725 287.9388 0002564 153.9245 206.2069 14.34535982415319
1 24883U 97037A   24148.64039867  .00000483  00000-0  18749-3 0    14\
2 24883  98.7725 288.2218 0002532 152.8953 207.2364 14.34535990415097
1 24883U 97037A   24148.91939335  .00000478  00000-0  18566-3 0    14\
2 24883  98.7725 288.5050 0002539 152.1196 208.0124 14.34536393415139
1 24883U 97037A   24149.40763393  .00000485  00000-0  18811-3 0  4338\
2 24883  98.7726 289.0005 0002554 151.3292 208.8034 14.34537112415465
1 24883U 97037A   24149.40763393  .00000485  00000-0  18811-3 0    19\
2 24883  98.7726 289.0005 0002554 151.3292 208.8034 14.34537112415207
1 24883U 97037A   24149.82612593  .00000440  00000-0  17212-3 0    15\
2 24883  98.7727 289.4253 0002580 150.3918 209.7413 14.34537387415261
1 24883U 97037A   24150.38411504  .00000412  00000-0  16229-3 0    13\
2 24883  98.7728 289.9917 0002606 149.0710 211.0628 14.34537883415342
1 24883U 97037A   24151.01185251  .00000515  00000-0  19892-3 0  4344\
2 24883  98.7728 290.6289 0002630 147.5455 212.5892 14.34539125415697
1 24883U 97037A   24151.36059536  .00000514  00000-0  19833-3 0    12\
2 24883  98.7729 290.9829 0002642 146.7169 213.4182 14.34539520415485
1 24883U 97037A   24151.91858320  .00000649  00000-0  24611-3 0    10\
2 24883  98.7730 291.5493 0002664 145.3058 214.8300 14.34541030415562
1 24883U 97037A   24152.40682323  .00000577  00000-0  22076-3 0  4357\
2 24883  98.7730 292.0449 0002681 144.2145 215.9220 14.34541058415892
1 24883U 97037A   24152.40682301  .00000629  00000-0  23900-3 0    17\
2 24883  98.7730 292.0449 0002680 144.2098 215.9266 14.34541401415632
1 24883U 97037A   24152.89506289  .00000495  00000-0  19164-3 0    18\
2 24883  98.7731 292.5406 0002710 143.1802 216.9569 14.34541096415701
1 24883U 97037A   24153.38330233  .00000470  00000-0  18269-3 0    15\
2 24883  98.7732 293.0362 0002750 142.2535 217.8843 14.34541434415774
1 24883U 97037A   24153.87154156  .00000487  00000-0  18869-3 0  4363\
2 24883  98.7733 293.5319 0002759 141.1383 219.0000 14.34542019416107
1 24883U 97037A   24154.35978077  .00000481  00000-0  18653-3 0    16\
2 24883  98.7733 294.0275 0002782 140.1021 220.0368 14.34542415415915
1 24883U 97037A   24155.40600647  .00000561  00000-0  21511-3 0  4377\
2 24883  98.7734 295.0896 0002824 137.9066 222.2335 14.34543978416325
1 24883U 97037A   24155.61525150  .00000578  00000-0  22110-3 0    16\
2 24883  98.7735 295.3022 0002885 137.8958 222.2448 14.34544279416090
1 24883U 97037A   24155.82449646  .00000577  00000-0  22076-3 0    14\
2 24883  98.7735 295.5146 0002895 137.4734 222.6674 14.34544536416123
1 24883U 97037A   24156.38248280  .00000618  00000-0  23537-3 0    16\
2 24883  98.7736 296.0810 0002911 136.3906 223.7509 14.34545427416204
1 24883U 97037A   24156.66147604  .00000639  00000-0  24252-3 0  4387\
2 24883  98.7737 296.3643 0002927 135.7201 224.4217 14.34545818416501
1 24883U 97037A   24156.87072080  .00000624  00000-0  23725-3 0    19\
2 24883  98.7737 296.5767 0002936 135.3125 224.8296 14.34546011416272
1 24883U 97037A   24157.63795142  .00000613  00000-0  23345-3 0    11\
2 24883  98.7738 297.3556 0002967 133.6250 226.5180 14.34546855416381
1 24883U 97037A   24158.12618868  .00000612  00000-0  23297-3 0  4395\
2 24883  98.7739 297.8512 0002986 132.6279 227.5158 14.34547471416718
1 24883U 97037A   24158.61442581  .00000656  00000-0  24861-3 0    17\
2 24883  98.7739 298.3469 0003001 131.5824 228.5618 14.34548333416527
1 24883U 97037A   24159.38165513  .00000640  00000-0  24314-3 0  4402\
2 24883  98.7741 299.1258 0003024 130.0655 230.0795 14.34549242416890
1 24883U 97037A   24159.38165513  .00000640  00000-0  24314-3 0    15\
2 24883  98.7741 299.1258 0003024 130.0655 230.0795 14.34549242416632
1 24883U 97037A   24159.93963919  .00000740  00000-0  27837-3 0    16\
2 24883  98.7742 299.6923 0003046 128.7452 231.4004 14.34550673416717
1 24883U 97037A   24160.42787521  .00000750  00000-0  28210-3 0    12\
2 24883  98.7743 300.1880 0003064 127.6059 232.5404 14.34551458416784
1 24883U 97037A   24160.84636309  .00000715  00000-0  26961-3 0  4415\
2 24883  98.7743 300.6128 0003076 126.8173 233.3294 14.34551886417103
1 24883U 97037A   24160.91611106  .00000711  00000-0  26810-3 0    12\
2 24883  98.7744 300.6836 0003076 126.7059 233.4408 14.34551957416850
1 24883U 97037A   24161.61359045  .00000760  00000-0  28540-3 0    17\
2 24883  98.7745 301.3917 0003094 125.3688 234.7785 14.34553219416958
1 24883U 97037A   24161.96232984  .00000754  00000-0  28323-3 0    19\
2 24883  98.7745 301.7458 0003101 124.7446 235.4031 14.34553741417005
1 24883U 97037A   24162.10182556  .00000754  00000-0  28322-3 0  4423\
2 24883  98.7745 301.8874 0003104 124.4352 235.7126 14.34553949417282
1 24883U 97037A   24162.38081716  .00000732  00000-0  27571-3 0    11\
2 24883  98.7746 302.1707 0003114 123.8126 236.3355 14.34554222417067
1 24883U 97037A   24162.93879993  .00000708  00000-0  26709-3 0    19\
2 24883  98.7747 302.7372 0003127 122.7561 237.3925 14.34554888417148
1 24883U 97037A   24163.14804343  .00000691  00000-0  26109-3 0  4435\
2 24883  98.7747 302.9496 0003132 122.3515 237.7972 14.34555068417437
1 24883U 97037A   24163.35728682  .00000683  00000-0  25813-3 0    11\
2 24883  98.7747 303.1621 0003139 121.8633 238.2858 14.34555344417203
1 24883U 97037A   24164.33375601  .00000579  00000-0  22130-3 0  4443\
2 24883  98.7748 304.1534 0003169 119.8821 240.2679 14.34556025417602
1 24883U 97037A   24164.26400818  .00000588  00000-0  22449-3 0    16\
2 24883  98.7748 304.0826 0003162 120.1021 240.0477 14.34555993417332
1 24883U 97037A   24164.89173797  .00000504  00000-0  19471-3 0    17\
2 24883  98.7748 304.7200 0003178 118.9778 241.1725 14.34556340417421
1 24883U 97037A   24165.37997202  .00000489  00000-0  18932-3 0  4451\
2 24883  98.7749 305.2157 0003187 117.9889 242.1618 14.34556839417752
1 24883U 97037A   24165.37997202  .00000489  00000-0  18932-3 0    19\
2 24883  98.7749 305.2157 0003187 117.9889 242.1618 14.34556839417493
1 24883U 97037A   24165.93795351  .00000438  00000-0  17130-3 0    15\
2 24883  98.7749 305.7822 0003191 116.8961 243.2549 14.34557236417577
1 24883U 97037A   24166.63543007  .00000453  00000-0  17662-3 0    19\
2 24883  98.7750 306.4904 0003205 115.5644 244.5872 14.34558089417679
1 24883U 97037A   24166.91442056  .00000444  00000-0  17358-3 0    14\
2 24883  98.7751 306.7737 0003212 115.0285 245.1233 14.34558376417713
1 24883U 97037A   24167.40265378  .00000455  00000-0  17743-3 0    19\
2 24883  98.7751 307.2694 0003219 114.0649 246.0872 14.34558977417784
1 24883U 97037A   24167.82113920  .00000478  00000-0  18556-3 0    18\
2 24883  98.7752 307.6943 0003231 113.1620 246.9904 14.34559594417847
1 24883U 97037A   24168.37911976  .00000486  00000-0  18835-3 0    15\
2 24883  98.7752 308.2609 0003236 112.0913 248.0615 14.34560203417921
1 24883U 97037A   24168.93710019  .00000475  00000-0  18456-3 0    19\
2 24883  98.7753 308.8274 0003251 110.8399 249.3134 14.34560691418008
1 24883U 97037A   24169.91356528  .00000427  00000-0  16766-3 0    18\
2 24883  98.7754 309.8189 0003269 108.9140 251.2399 14.34561415418141
1 24883U 97037A   24170.12280778  .00000402  00000-0  15874-3 0  4494\
2 24883  98.7754 310.0314 0003278 108.5413 251.6127 14.34561454418432
1 24883U 97037A   24170.40179757  .00000404  00000-0  15940-3 0    19\
2 24883  98.7754 310.3146 0003271 108.0499 252.1042 14.34561771418210
1 24883U 97037A   24170.89002968  .00000378  00000-0  15020-3 0    10\
2 24883  98.7755 310.8104 0003286 107.0910 253.0634 14.34562133418280
1 24883U 97037A   24171.23876686  .00000358  00000-0  14317-3 0  4509\
2 24883  98.7755 311.1645 0003291 106.3664 253.7882 14.34562340418594
1 24883U 97037A   24171.37826170  .00000356  00000-0  14221-3 0    11\
2 24883  98.7756 311.3061 0003292 106.1003 254.0544 14.34562465418356
1 24883U 97037A   24171.93624088  .00000333  00000-0  13417-3 0    18\
2 24883  98.7756 311.8727 0003298 105.0922 255.0627 14.34562880418437
1 24883U 97037A   24172.35472514  .00000352  00000-0  14090-3 0    19\
2 24883  98.7756 312.2976 0003302 104.1909 255.9642 14.34563382418499
1 24883U 97037A   24172.98245128  .00000368  00000-0  14675-3 0  4512\
2 24883  98.7758 312.9350 0003310 103.0004 257.1550 14.34564070418843
1 24883U 97037A   24172.91270395  .00000367  00000-0  14614-3 0    12\
2 24883  98.7758 312.8642 0003312 103.1240 257.0315 14.34564003418575
1 24883U 97037A   24173.40093522  .00000385  00000-0  15260-3 0    10\
2 24883  98.7758 313.3600 0003307 102.1819 257.9736 14.34564570418643
1 24883U 97037A   24173.88916642  .00000401  00000-0  15832-3 0    13\
2 24883  98.7760 313.8557 0003305 101.1884 258.9672 14.34565111418711
1 24883U 97037A   24174.37739753  .00000393  00000-0  15557-3 0  4528\
2 24883  98.7760 314.3515 0003303 100.1996 259.9561 14.34565483419049
1 24883U 97037A   24174.37739753  .00000393  00000-0  15557-3 0    18\
2 24883  98.7760 314.3515 0003303 100.1996 259.9561 14.34565483418789
1 24883U 97037A   24174.93537568  .00000405  00000-0  15967-3 0    19\
2 24883  98.7761 314.9181 0003310  99.3163 260.8396 14.34566039418862
1 24883U 97037A   24175.35385934  .00000385  00000-0  15263-3 0    10\
2 24883  98.7761 315.3430 0003317  98.2834 261.8726 14.34566259418923
1 24883U 97037A   24175.84208985  .00000382  00000-0  15145-3 0  4531\
2 24883  98.7762 315.8388 0003324  97.3314 262.8248 14.34566711419252
1 24883U 97037A   24175.91183707  .00000380  00000-0  15094-3 0    13\
2 24883  98.7762 315.9096 0003324  97.1736 262.9827 14.34566762419008
1 24883U 97037A   24176.40006747  .00000385  00000-0  15257-3 0    12\
2 24883  98.7763 316.4054 0003316  96.3110 263.8452 14.34567217419074
1 24883U 97037A   24176.88829775  .00000383  00000-0  15204-3 0    18\
2 24883  98.7764 316.9011 0003324  95.2788 264.8776 14.34567653419143
1 24883U 97037A   24177.23703357  .00000392  00000-0  15505-3 0  4541\
2 24883  98.7764 317.2553 0003323  94.5637 265.5926 14.34567990419455
1 24883U 97037A   24177.37652785  .00000393  00000-0  15542-3 0    14\
2 24883  98.7764 317.3969 0003320  94.3048 265.8516 14.34568133419210
1 24883U 97037A   24177.93450476  .00000423  00000-0  16618-3 0    18\
2 24883  98.7765 317.9635 0003320  93.1164 267.0400 14.34568846419298
1 24883U 97037A   24178.35298739  .00000445  00000-0  17397-3 0  4559\
2 24883  98.7766 318.3885 0003315  92.4288 267.7276 14.34569342419610
1 24883U 97037A   24178.35298739  .00000445  00000-0  17397-3 0    16\
2 24883  98.7766 318.3885 0003315  92.4288 267.7276 14.34569342419351
1 24883U 97037A   24178.84121666  .00000471  00000-0  18302-3 0    10\
2 24883  98.7767 318.8842 0003314  91.7089 268.4475 14.34570039419422
1 24883U 97037A   24179.39919317  .00000526  00000-0  20252-3 0  4561\
2 24883  98.7767 319.4508 0003313  90.4939 269.6625 14.34570844419768
1 24883U 97037A   24179.88742231  .00000531  00000-0  20443-3 0    18\
2 24883  98.7768 319.9467 0003308  89.2721 270.8843 14.34571385419573
1 24883U 97037A   24180.37565101  .00000601  00000-0  22902-3 0    13\
2 24883  98.7769 320.4426 0003308  88.2536 271.9027 14.34572333419647
1 24883U 97037A   24180.86387927  .00000654  00000-0  24796-3 0  4571\
2 24883  98.7770 320.9384 0003312  87.3389 272.8174 14.34573293419973
1 24883U 97037A   24180.93362619  .00000651  00000-0  24686-3 0    10\
2 24883  98.7769 321.0092 0003310  87.2151 272.9412 14.34573355419721
1 24883U 97037A   24181.63109509  .00000702  00000-0  26469-3 0    13\
2 24883  98.7770 321.7176 0003306  86.0383 274.1179 14.34574476419822
1 24883U 97037A   24181.91008249  .00000694  00000-0  26194-3 0    18\
2 24883  98.7770 322.0009 0003299  85.4907 274.6654 14.34574811419867
1 24883U 97037A   24182.18906973  .00000661  00000-0  25019-3 0  4584\
2 24883  98.7770 322.2842 0003293  84.9621 275.1939 14.34575016420160
1 24883U 97037A   24182.39831015  .00000654  00000-0  24776-3 0    16\
2 24883  98.7770 322.4967 0003293  84.5710 275.5850 14.34575282419939
1 24883U 97037A   24182.88653752  .00000651  00000-0  24680-3 0    11\
2 24883  98.7771 322.9926 0003288  83.6156 276.5403 14.34575992420001
1 24883U 97037A   24183.37476492  .00000622  00000-0  23660-3 0  4592\
2 24883  98.7771 323.4884 0003283  82.6307 277.5251 14.34576471420333
1 24883U 97037A   24183.37476492  .00000622  00000-0  23660-3 0    15\
2 24883  98.7771 323.4884 0003283  82.6307 277.5251 14.34576471420074
1 24883U 97037A   24183.93273847  .00000615  00000-0  23411-3 0    12\
2 24883  98.7772 324.0551 0003284  81.5665 278.5891 14.34577277420154
1 24883U 97037A   24184.42096524  .00000599  00000-0  22843-3 0  4600\
2 24883  98.7772 324.5509 0003265  80.6013 279.5540 14.34577865420489
1 24883U 97037A   24184.63020511  .00000575  00000-0  21990-3 0    13\
2 24883  98.7772 324.7634 0003264  80.2468 279.9085 14.34578060420250
1 24883U 97037A   24184.90919166  .00000575  00000-0  21984-3 0    19\
2 24883  98.7773 325.0468 0003255  79.6594 280.4957 14.34578469420294
1 24883U 97037A   24185.81589744  .00000509  00000-0  19650-3 0  4619\
2 24883  98.7774 325.9676 0003243  77.8999 282.2548 14.34579400420686
1 24883U 97037A   24185.88564404  .00000502  00000-0  19399-3 0    15\
2 24883  98.7774 326.0385 0003238  77.7576 282.3971 14.34579450420438
1 24883U 97037A   24186.37386992  .00000461  00000-0  17940-3 0    18\
2 24883  98.7775 326.5343 0003229  76.8017 283.3527 14.34579884420505
1 24883U 97037A   24186.86209563  .00000469  00000-0  18222-3 0  4623\
2 24883  98.7775 327.0302 0003225  75.8407 284.3136 14.34580562420832
1 24883U 97037A   24186.93184215  .00000466  00000-0  18107-3 0    15\
2 24883  98.7775 327.1010 0003223  75.6966 284.4576 14.34580626420587
1 24883U 97037A   24187.62930704  .00000471  00000-0  18305-3 0    10\
2 24883  98.7776 327.8093 0003213  74.3170 285.8369 14.34581524420682
1 24883U 97037A   24187.90829287  .00000491  00000-0  19004-3 0    13\
2 24883  98.7777 328.0927 0003210  73.7536 286.4001 14.34581986420725
1 24883U 97037A   24188.11753222  .00000489  00000-0  18933-3 0  4631\
2 24883  98.7777 328.3052 0003206  73.3043 286.8493 14.34582206421019
1 24883U 97037A   24188.39651801  .00000465  00000-0  18098-3 0    15\
2 24883  98.7777 328.5886 0003199  72.7357 287.4177 14.34582414420799
1 24883U 97037A   24188.88474297  .00000415  00000-0  16334-3 0    17\
2 24883  98.7779 329.0845 0003187  71.7230 288.4301 14.34582718420863
1 24883U 97037A   24189.23347497  .00000408  00000-0  16071-3 0  4641\
2 24883  98.7779 329.4386 0003179  70.9759 289.1769 14.34583057421173
1 24883U 97037A   24189.37296778  .00000403  00000-0  15907-3 0    10\
2 24883  98.7779 329.5803 0003178  70.6851 289.4677 14.34583186420934
1 24883U 97037A   24190.41916317  .00000402  00000-0  15842-3 0  4656\
2 24883  98.7781 330.6429 0003154  68.5704 291.5817 14.34584300421346
1 24883U 97037A   24190.62840215  .00000426  00000-0  16692-3 0    18\
2 24883  98.7782 330.8555 0003146  68.2486 291.9033 14.34584638421117
1 24883U 97037A   24190.90738741  .00000444  00000-0  17345-3 0    15\
2 24883  98.7782 331.1388 0003135  67.6419 292.5097 14.34585043421154
1 24883U 97037A   24191.39561159  .00000399  00000-0  15742-3 0    14\
2 24883  98.7783 331.6347 0003118  66.6601 293.4911 14.34585281421225
1 24883U 97037A   24191.88383553  .00000413  00000-0  16257-3 0  4662\
2 24883  98.7784 332.1306 0003103  65.6633 294.4875 14.34585863421557
1 24883U 97037A   24191.95358181  .00000411  00000-0  16168-3 0    13\
2 24883  98.7784 332.2015 0003099  65.5160 294.6347 14.34585909421303
1 24883U 97037A   24192.37205939  .00000411  00000-0  16176-3 0    11\
2 24883  98.7785 332.6266 0003093  64.6061 295.5444 14.34586311421362
1 24883U 97037A   24192.93002915  .00000404  00000-0  15931-3 0    12\
2 24883  98.7785 333.1933 0003073  63.5142 296.6357 14.34586853421440
1 24883U 97037A   24192.99977537  .00000402  00000-0  15848-3 0  4670\
2 24883  98.7785 333.2642 0003070  63.3631 296.7868 14.34586899421714
1 24883U 97037A   24193.41825255  .00000419  00000-0  16448-3 0    16\
2 24883  98.7785 333.6892 0003053  62.4330 297.7164 14.34587413421513
1 24883U 97037A   24194.11571413  .00000449  00000-0  17530-3 0  4681\
2 24883  98.7786 334.3977 0003030  61.0187 299.1301 14.34588300421870
1 24883U 97037A   24194.39469872  .00000471  00000-0  18292-3 0    10\
2 24883  98.7786 334.6811 0003021  60.4347 299.7138 14.34588709421654
1 24883U 97037A   24194.88292159  .00000490  00000-0  18973-3 0    13\
2 24883  98.7787 335.1770 0003001  59.4241 300.7239 14.34589314421720
1 24883U 97037A   24195.37114431  .00000501  00000-0  19368-3 0  4694\
2 24883  98.7787 335.6729 0002984  58.3483 301.7992 14.34589854422057
1 24883U 97037A   24195.37114431  .00000501  00000-0  19368-3 0    16\
2 24883  98.7787 335.6729 0002984  58.3483 301.7992 14.34589854421797
1 24883U 97037A   24195.92911282  .00000591  00000-0  22548-3 0    19\
2 24883  98.7787 336.2397 0002966  57.1724 302.9745 14.34590925421879
1 24883U 97037A   24196.41733511  .00000581  00000-0  22176-3 0  4707\
2 24883  98.7787 336.7356 0002943  56.0573 304.0891 14.34591376422208
1 24883U 97037A   24196.62657309  .00000580  00000-0  22141-3 0    11\
2 24883  98.7787 336.9482 0002935  55.7019 304.4442 14.34591615421977
1 24883U 97037A   24196.90555699  .00000589  00000-0  22491-3 0    18\
2 24883  98.7788 337.2316 0002919  55.0778 305.0680 14.34592020422013
1 24883U 97037A   24197.39377888  .00000600  00000-0  22849-3 0    15\
2 24883  98.7788 337.7275 0002904  54.0078 306.1375 14.34592609422081
1 24883U 97037A   24197.88200053  .00000517  00000-0  19934-3 0  4717\
2 24883  98.7789 338.2234 0002882  52.9241 307.2206 14.34592734422418
1 24883U 97037A   24197.88200053  .00000517  00000-0  19934-3 0    16\
2 24883  98.7789 338.2234 0002882  52.9241 307.2206 14.34592734422159
1 24883U 97037A   24198.37022175  .00000551  00000-0  21145-3 0    13\
2 24883  98.7789 338.7193 0002866  51.8298 308.3145 14.34593544422222
1 24883U 97037A   24198.92818847  .00000575  00000-0  21988-3 0    14\
2 24883  98.7789 339.2861 0002846  50.7077 309.4359 14.34594441422306
1 24883U 97037A   24199.13742609  .00000583  00000-0  22259-3 0  4723\
2 24883  98.7789 339.4987 0002839  50.2055 309.9379 14.34594699422593
1 24883U 97037A   24199.62564653  .00000805  00000-0  30117-3 0    15\
2 24883  98.7791 339.9946 0002819  49.1091 311.0337 14.34596599422400
1 24883U 97037A   24199.90462958  .00000785  00000-0  29406-3 0    17\
2 24883  98.7791 340.2780 0002802  48.4583 311.6842 14.34596906422444
1 24883U 97037A   24200.39284987  .00000791  00000-0  29613-3 0    14\
2 24883  98.7792 340.7740 0002786  47.4125 312.7294 14.34597608422519
1 24883U 97037A   24200.95081550  .00000838  00000-0  31301-3 0    16\
2 24883  98.7793 341.3408 0002770  46.2246 313.9167 14.34598682422595
1 24883U 97037A   24201.36928956  .00000842  00000-0  31414-3 0    12\
2 24883  98.7793 341.7659 0002755  45.2069 314.9339 14.34599299422656
1 24883U 97037A   24201.85750891  .00000678  00000-0  25634-3 0  4745\
2 24883  98.7794 342.2619 0002728  44.1693 315.9709 14.34599204422984
1 24883U 97037A   24201.92725451  .00000678  00000-0  25616-3 0    13\
2 24883  98.7794 342.3327 0002726  44.0206 316.1195 14.34599305422735
1 24883U 97037A   24202.62471008  .00000774  00000-0  29022-3 0    19\
2 24883  98.7795 343.0412 0002701  42.4475 317.6918 14.34600951422832
1 24883U 97037A   24202.90369212  .00000787  00000-0  29488-3 0    13\
2 24883  98.7795 343.3247 0002689  41.8509 318.2881 14.34601506422874
1 24883U 97037A   24203.11292861  .00000789  00000-0  29539-3 0  4756\
2 24883  98.7796 343.5372 0002681  41.3577 318.7810 14.34601842423161
1 24883U 97037A   24203.39191049  .00000765  00000-0  28712-3 0    13\
2 24883  98.7796 343.8206 0002664  40.6615 319.4768 14.34602209422949
1 24883U 97037A   24203.88012872  .00000823  00000-0  30755-3 0    18\
2 24883  98.7797 344.3166 0002641  39.4672 320.6704 14.34603301423012
1 24883U 97037A   24204.36834659  .00000783  00000-0  29328-3 0  4762\
2 24883  98.7798 344.8126 0002619  38.3475 321.7896 14.34603895423346
1 24883U 97037A   24204.36834659  .00000783  00000-0  29328-3 0    16\
2 24883  98.7798 344.8126 0002619  38.3475 321.7896 14.34603895423087
1 24883U 97037A   24204.92630947  .00000841  00000-0  31378-3 0    15\
2 24883  98.7799 345.3794 0002597  37.1426 322.9937 14.34605148423164
1 24883U 97037A   24205.41452681  .00000885  00000-0  32930-3 0  4777\
2 24883  98.7799 345.8754 0002581  36.0245 324.1113 14.34606177423494
1 24883U 97037A   24205.62376274  .00000867  00000-0  32295-3 0    10\
2 24883  98.7800 346.0880 0002565  35.5657 324.5698 14.34606408423267
1 24883U 97037A   24205.83299861  .00000871  00000-0  32431-3 0    16\
2 24883  98.7801 346.3006 0002557  35.0919 325.0434 14.34606783423291
1 24883U 97037A   24206.39096080  .00000804  00000-0  30079-3 0    18\
2 24883  98.7801 346.8674 0002531  33.8676 326.2669 14.34607301423374
1 24883U 97037A   24206.94892286  .00000762  00000-0  28605-3 0    16\
2 24883  98.7802 347.4343 0002509  32.6174 327.5165 14.34607886423452
1 24883U 97037A   24207.01866806  .00000763  00000-0  28625-3 0  4785\
2 24883  98.7802 347.5051 0002505  32.4369 327.6969 14.34607990423728
1 24883U 97037A   24207.01866806  .00000763  00000-0  28625-3 0    17\
2 24883  98.7802 347.5051 0002505  32.4369 327.6969 14.34607990423469
1 24883U 97037A   24207.92535546  .00000566  00000-0  21672-3 0    17\
2 24883  98.7803 348.4262 0002460  30.3511 329.7815 14.34608298423599
1 24883U 97037A   24208.41357119  .00000604  00000-0  22992-3 0  4798\
2 24883  98.7804 348.9222 0002431  29.1608 330.9711 14.34609266423924
1 24883U 97037A   24208.41357119  .00000604  00000-0  22992-3 0    19\
2 24883  98.7804 348.9222 0002431  29.1608 330.9711 14.34609266423665
1 24883U 97037A   24208.62280655  .00000572  00000-0  21878-3 0    18\
2 24883  98.7804 349.1348 0002418  28.7762 331.3555 14.34609386423695
1 24883U 97037A   24209.25051239  .00000546  00000-0  20949-3 0    11\
2 24883  98.7805 349.7726 0002385  27.3613 332.7696 14.34610107423789
1 24883U 97037A   24209.45974755  .00000532  00000-0  20452-3 0  4805\
2 24883  98.7805 349.9851 0002375  26.9607 333.1701 14.34610344424075
1 24883U 97037A   24209.94796304  .00000549  00000-0  21065-3 0    19\
2 24883  98.7806 350.4812 0002350  25.6960 334.4340 14.34611032423887
1 24883U 97037A   24210.85464832  .00000599  00000-0  22811-3 0  4816\
2 24883  98.7807 351.4024 0002301  23.4021 336.7267 14.34612397424276
1 24883U 97037A   24210.92439332  .00000596  00000-0  22729-3 0    14\
2 24883  98.7807 351.4732 0002299  23.1661 336.9626 14.34612465424025
1 24883U 97037A   24211.41260797  .00000598  00000-0  22779-3 0    13\
2 24883  98.7806 351.9692 0002262  21.7058 338.4222 14.34613104424095
1 24883U 97037A   24211.90082263  .00000619  00000-0  23522-3 0  4821\
2 24883  98.7807 352.4653 0002234  20.4740 339.6534 14.34613784424422
1 24883U 97037A   24212.45878152  .00000680  00000-0  25696-3 0    11\
2 24883  98.7808 353.0322 0002209  18.8891 341.2375 14.34614913424240
1 24883U 97037A   24212.94699570  .00000683  00000-0  25779-3 0    15\
2 24883  98.7809 353.5283 0002182  17.8409 342.2852 14.34615506424314
1 24883U 97037A   24213.15623034  .00000681  00000-0  25718-3 0  4836\
2 24883  98.7809 353.7409 0002170  17.2151 342.9107 14.34615708424607
1 24883U 97037A   24213.36546481  .00000675  00000-0  25515-3 0    13\
2 24883  98.7809 353.9535 0002161  16.7140 343.4115 14.34615971424372
1 24883U 97037A   24213.92342327  .00000668  00000-0  25273-3 0    11\
2 24883  98.7810 354.5204 0002131  15.3870 344.7379 14.34616647424452
1 24883U 97037A   24214.41163643  .00000688  00000-0  25962-3 0  4840\
2 24883  98.7810 355.0165 0002103  13.9452 346.1790 14.34617453424788
1 24883U 97037A   24214.62087134  .00000619  00000-0  23514-3 0    13\
2 24883  98.7811 355.2291 0002092  13.4650 346.6590 14.34617136424559
1 24883U 97037A   24214.89985006  .00000594  00000-0  22641-3 0    19\
2 24883  98.7812 355.5126 0002073  12.7916 347.3320 14.34617458424596
1 24883U 97037A   24215.38806318  .00000645  00000-0  24451-3 0    10\
2 24883  98.7811 356.0086 0002044  11.2135 348.9094 14.34618304424665
1 24883U 97037A   24215.87627580  .00000661  00000-0  25021-3 0  4854\
2 24883  98.7813 356.5047 0002012   9.6562 350.4661 14.34619078424992
1 24883U 97037A   24215.94602049  .00000651  00000-0  24670-3 0    17\
2 24883  98.7813 356.5755 0002008   9.4127 350.7095 14.34619105424746
1 24883U 97037A   24216.64346698  .00000644  00000-0  24411-3 0    15\
2 24883  98.7814 357.2842 0001970   7.4989 352.6224 14.34619945424841
1 24883U 97037A   24216.92244511  .00000673  00000-0  25423-3 0    13\
2 24883  98.7815 357.5677 0001955   6.7021 353.4189 14.34620574424886
1 24883U 97037A   24217.13167892  .00000685  00000-0  25847-3 0  4863\
2 24883  98.7815 357.7803 0001943   6.0279 354.0928 14.34620879425173
1 24883U 97037A   24217.61989062  .00000730  00000-0  27450-3 0    13\
2 24883  98.7816 358.2764 0001916   4.6498 355.4704 14.34621875424985
1 24883U 97037A   24217.89886729  .00000974  00000-0  36065-3 0    11\
2 24883  98.7817 358.5599 0001901   3.7550 356.3649 14.34624030425028
1 24883U 97037A   24218.24759101  .00000802  00000-0  29993-3 0  4874\
2 24883  98.7818 358.9143 0001883   2.7473 357.3721 14.34623223425339
1 24883U 97037A   24218.94503552  .00000683  00000-0  25772-3 0    18\
2 24883  98.7820 359.6230 0001842   0.7720 359.3467 14.34623665425176
1 24883U 97037A   24219.29375757  .00000697  00000-0  26266-3 0  4884\
2 24883  98.7820 359.9774 0001823 359.6459   0.4724 14.34624262425484
1 24883U 97037A   24219.64247949  .00000671  00000-0  25364-3 0    15\
2 24883  98.7821   0.3317 0001801 358.6112   1.5067 14.34624660425277
1 24883U 97037A   24219.92145684  .00000661  00000-0  25001-3 0    16\
2 24883  98.7821   0.6152 0001784 357.5284   2.5891 14.34625079425311
1 24883U 97037A   24220.27017862  .00000680  00000-0  25684-3 0    10\
2 24883  98.7822   0.9696 0001766 356.2529   3.8642 14.34625671425367
1 24883U 97037A   24220.82813270  .00000720  00000-0  27099-3 0  4895\
2 24883  98.7823   1.5366 0001735 354.3866   5.7298 14.34626875425701
1 24883U 97037A   24220.82813270  .00000720  00000-0  27099-3 0    15\
2 24883  98.7823   1.5366 0001735 354.3866   5.7298 14.34626875425442
1 24883U 97037A   24221.38608676  .00000903  00000-0  33557-3 0    18\
2 24883  98.7824   2.1037 0001711 352.5963   7.5196 14.34628703425525
1 24883U 97037A   24221.87429586  .00000920  00000-0  34159-3 0  4903\
2 24883  98.7825   2.5998 0001682 351.0630   9.0525 14.34629699425852
1 24883U 97037A   24221.94404003  .00000916  00000-0  34038-3 0    17\
2 24883  98.7825   2.6707 0001678 350.7969   9.3185 14.34629795425602
1 24883U 97037A   24222.43224917  .00000973  00000-0  36040-3 0    14\
2 24883  98.7825   3.1668 0001656 348.7697  11.3450 14.34630872425678
1 24883U 97037A   24222.85071343  .00001131  00000-0  41611-3 0    10\
2 24883  98.7826   3.5921 0001634 347.4443  12.6701 14.34632538425737
1 24883U 97037A   24222.99020149  .00001130  00000-0  41589-3 0  4919\
2 24883  98.7826   3.7339 0001631 346.7363  13.3778 14.34632796426012
1 24883U 97037A   24223.40866567  .00000972  00000-0  35991-3 0    18\
2 24883  98.7826   4.1592 0001608 344.7898  15.3238 14.34632735425816
1 24883U 97037A   24223.89687274  .00001144  00000-0  42078-3 0    13\
2 24883  98.7827   4.6553 0001586 343.0731  17.0400 14.34634830425887
1 24883U 97037A   24224.10610442  .00001153  00000-0  42419-3 0  4924\
2 24883  98.7827   4.8680 0001578 342.1949  17.9180 14.34635309426171
1 24883U 97037A   24224.94302973  .00001522  00000-0  55454-3 0    12\
2 24883  98.7828   5.7185 0001550 339.6117  20.5005 14.34639339426038
1 24883U 97037A   24225.15226126  .00001259  00000-0  46154-3 0  4930\
2 24883  98.7828   5.9312 0001534 338.7234  21.3886 14.34638339426321
1 24883U 97037A   24225.64046478  .00001735  00000-0  62982-3 0    15\
2 24883  98.7829   6.4274 0001516 337.1067  23.0049 14.34642816426136
1 24883U 97037A   24225.91943712  .00002143  00000-0  77398-3 0    13\
2 24883  98.7829   6.7109 0001503 336.2090  23.9025 14.34646391426177
1 24883U 97037A   24226.40764421  .00001252  00000-0  45898-3 0  4942\
2 24883  98.7830   7.2071 0001467 333.9772  26.1339 14.34642311426501
1 24883U 97037A   24226.40764421  .00001252  00000-0  45898-3 0    16\
2 24883  98.7830   7.2071 0001467 333.9772  26.1339 14.34642311426242
1 24883U 97037A   24227.38405012  .00001535  00000-0  55908-3 0    19\
2 24883  98.7831   8.1995 0001432 330.2377  29.8726 14.34647328426389
1 24883U 97037A   24227.66302369  .00001374  00000-0  50189-3 0  4955\
2 24883  98.7832   8.4831 0001413 329.1545  30.9556 14.34647212426684
1 24883U 97037A   24227.94199658  .00001387  00000-0  50682-3 0    16\
2 24883  98.7833   8.7666 0001406 328.1267  31.9832 14.34648225426465
1 24883U 97037A   24228.63942755  .00001349  00000-0  49313-3 0    14\
2 24883  98.7833   9.4755 0001378 324.9926  35.1167 14.34650456426563
1 24883U 97037A   24228.91839982  .00001319  00000-0  48267-3 0    16\
2 24883  98.7834   9.7591 0001370 323.8078  36.3014 14.34651248426602
1 24883U 97037A   24229.12762875  .00001430  00000-0  52180-3 0  4967\
2 24883  98.7834   9.9717 0001365 322.9893  37.1197 14.34652567426890
1 24883U 97037A   24229.40660042  .00001406  00000-0  51333-3 0    15\
2 24883  98.7834  10.2553 0001363 321.1808  38.9278 14.34653471426678
1 24883U 97037A   24229.82505791  .00001490  00000-0  54292-3 0    10\
2 24883  98.7836  10.6806 0001345 319.5684  40.5400 14.34655338426735
1 24883U 97037A   24230.24351537  .00001386  00000-0  50629-3 0  4978\
2 24883  98.7836  11.1060 0001335 317.3932  42.7148 14.34656066427052
1 24883U 97037A   24230.31325815  .00001384  00000-0  50559-3 0    17\
2 24883  98.7836  11.1769 0001335 316.9958  43.1121 14.34656303426803
1 24883U 97037A   24231.35939879  .00001291  00000-0  47272-3 0  4988\
2 24883  98.7838  12.2402 0001300 311.9293  48.1780 14.34659335427210
1 24883U 97037A   24231.01068529  .00001390  00000-0  50758-3 0    19\
2 24883  98.7837  11.8858 0001310 313.6566  46.4509 14.34658768426906
1 24883U 97037A   24231.91733992  .00001216  00000-0  44618-3 0    16\
2 24883  98.7839  12.8073 0001281 309.0413  51.0658 14.34660607427032
1 24883U 97037A   24232.40553824  .00001123  00000-0  41317-3 0  4996\
2 24883  98.7840  13.3036 0001271 306.4587  53.6480 14.34661414427365
1 24883U 97037A   24232.40553824  .00001123  00000-0  41317-3 0    15\
2 24883  98.7840  13.3036 0001271 306.4587  53.6480 14.34661414427107
1 24883U 97037A   24233.45167563  .00001142  00000-0  42006-3 0  5003\
2 24883  98.7842  14.3670 0001240 301.8011  58.3053 14.34664357427513
1 24883U 97037A   24233.45167563  .00001142  00000-0  42006-3 0    19\
2 24883  98.7842  14.3670 0001240 301.8011  58.3053 14.34664357427254
1 24883U 97037A   24234.42806911  .00001202  00000-0  44098-3 0    14\
2 24883  98.7844  15.3595 0001210 297.5654  62.5407 14.34667155427398
1 24883U 97037A   24234.84652320  .00001174  00000-0  43118-3 0  5018\
2 24883  98.7845  15.7849 0001198 295.0960  65.0100 14.34667988427711
1 24883U 97037A   24234.84652320  .00001174  00000-0  43118-3 0    13\
2 24883  98.7845  15.7849 0001198 295.0960  65.0100 14.34667988427452
1 24883U 97037A   24235.40446127  .00001127  00000-0  41472-3 0    11\
2 24883  98.7846  16.3521 0001187 291.6110  68.4948 14.34669106427534
1 24883U 97037A   24235.96239888  .00001080  00000-0  39780-3 0    13\
2 24883  98.7847  16.9193 0001181 288.6379  71.4677 14.34670197427617
1 24883U 97037A   24236.10188320  .00001077  00000-0  39682-3 0  5027\
2 24883  98.7847  17.0611 0001178 287.8222  72.2834 14.34670503427893
1 24883U 97037A   24236.38085194  .00001047  00000-0  38615-3 0    18\
2 24883  98.7848  17.3447 0001177 286.3965  73.7090 14.34670958427671
1 24883U 97037A   24237.14801528  .00000922  00000-0  34209-3 0  5033\
2 24883  98.7849  18.1245 0001173 282.2151  77.8902 14.34671940428046
1 24883U 97037A   24237.63620971  .00000924  00000-0  34269-3 0    19\
2 24883  98.7850  18.6209 0001162 279.2479  80.8574 14.34672978427859
1 24883U 97037A   24237.91517782  .00000880  00000-0  32728-3 0    14\
2 24883  98.7850  18.9045 0001163 277.5925  82.5127 14.34673336427894
1 24883U 97037A   24238.40337180  .00000875  00000-0  32559-3 0  5045\
2 24883  98.7851  19.4008 0001169 274.7901  85.3150 14.34674274428226
1 24883U 97037A   24238.40337180  .00000875  00000-0  32559-3 0    17\
2 24883  98.7851  19.4008 0001169 274.7901  85.3150 14.34674274427966
1 24883U 97037A   24238.89156557  .00000813  00000-0  30371-3 0    19\
2 24883  98.7852  19.8971 0001174 271.9241  88.1808 14.34674880428035
1 24883U 97037A   24239.37975896  .00000864  00000-0  32149-3 0    19\
2 24883  98.7852  20.3934 0001190 269.4627  90.6421 14.34676057428104
1 24883U 97037A   24239.65872650  .00000869  00000-0  32338-3 0  5058\
2 24883  98.7852  20.6770 0001192 267.8457  92.2591 14.34676594428405
1 24883U 97037A   24239.93769373  .00000930  00000-0  34482-3 0    18\
2 24883  98.7853  20.9607 0001195 266.3641  93.7407 14.34677505428180
1 24883U 97037A   24240.63511189  .00000911  00000-0  33834-3 0    16\
2 24883  98.7853  21.6697 0001202 262.7122  97.3926 14.34678685428287
1 24883U 97037A   24240.84433709  .00000927  00000-0  34374-3 0    17\
2 24883  98.7853  21.8824 0001208 261.5165  98.5883 14.34679200428314
1 24883U 97037A   24241.12330390  .00000942  00000-0  34908-3 0  5061\
2 24883  98.7853  22.1660 0001208 259.9704 100.1344 14.34679833428613
1 24883U 97037A   24241.47201196  .00001103  00000-0  40602-3 0    18\
2 24883  98.7854  22.5206 0001208 258.1553 101.9496 14.34681516428402
1 24883U 97037A   24241.68123691  .00001101  00000-0  40545-3 0    18\
2 24883  98.7854  22.7333 0001208 257.0878 103.0171 14.34681935428434
1 24883U 97037A   24242.23917014  .00001067  00000-0  39330-3 0  5072\
2 24883  98.7855  23.3006 0001220 254.0037 106.1013 14.34682790428773
1 24883U 97037A   24242.65761993  .00001132  00000-0  41618-3 0    15\
2 24883  98.7856  23.7260 0001231 251.9940 108.1110 14.34683863428571
1 24883U 97037A   24243.49451834  .00001072  00000-0  39518-3 0  5089\
2 24883  98.7857  24.5770 0001248 247.4805 112.6248 14.34685181428954
1 24883U 97037A   24243.63400127  .00001075  00000-0  39623-3 0    12\
2 24883  98.7858  24.7188 0001248 246.8185 113.2868 14.34685486428711
1 24883U 97037A   24243.91296657  .00001151  00000-0  42290-3 0    13\
2 24883  98.7858  25.0024 0001249 245.1716 114.9339 14.34686627428750
1 24883U 97037A   24244.40115427  .00001433  00000-0  52262-3 0    16\
2 24883  98.7859  25.4988 0001250 242.5086 117.5971 14.34689825428829
1 24883U 97037A   24244.88934554  .00001099  00000-0  40457-3 0  5092\
2 24883  98.7860  25.9952 0001268 239.7796 120.3263 14.34688521428897
1 24883U 97037A   24245.65649918  .00001228  00000-0  45002-3 0    17\
2 24883  98.7862  26.7753 0001283 236.0817 124.0246 14.34690976429001
1 24883U 97037A   24245.93546388  .00001176  00000-0  43174-3 0    15\
2 24883  98.7863  27.0589 0001293 234.5983 125.5081 14.34691377429044
1 24883U 97037A   24246.14468764  .00001210  00000-0  44355-3 0  5106\
2 24883  98.7863  27.2717 0001298 233.6089 126.4975 14.34691931429331
1 24883U 97037A   24246.63287551  .00001289  00000-0  47164-3 0    15\
2 24883  98.7865  27.7681 0001311 231.2760 128.8307 14.34693503429145
1 24883U 97037A   24246.91183936  .00001322  00000-0  48341-3 0    14\
2 24883  98.7866  28.0518 0001322 229.8261 130.2807 14.34694502429186
1 24883U 97037A   24247.40002606  .00001415  00000-0  51615-3 0    14\
2 24883  98.7866  28.5482 0001356 228.3659 131.7410 14.34696296429259
1 24883U 97037A   24247.88821208  .00001547  00000-0  56255-3 0    14\
2 24883  98.7868  29.0447 0001382 226.3714 133.7356 14.34698403429328
1 24883U 97037A   24248.37639794  .00001622  00000-0  58899-3 0    16\
2 24883  98.7869  29.5411 0001405 224.8616 135.2455 14.34700110429398
1 24883U 97037A   24249.14354607  .00001561  00000-0  56750-3 0  5122\
2 24883  98.7870  30.3213 0001448 222.1827 137.9246 14.34701928429768
1 24883U 97037A   24249.35276797  .00001577  00000-0  57310-3 0    11\
2 24883  98.7870  30.5340 0001461 221.5508 138.5566 14.34702644429538
1 24883U 97037A   24249.91069281  .00001535  00000-0  55827-3 0    16\
2 24883  98.7872  31.1015 0001494 219.4706 140.6369 14.34704071429618
1 24883U 97037A   24250.39887639  .00001563  00000-0  56830-3 0  5139\
2 24883  98.7873  31.5979 0001512 217.9399 142.1679 14.34705698429947
1 24883U 97037A   24250.39887639  .00001563  00000-0  56830-3 0    11\
2 24883  98.7873  31.5979 0001512 217.9399 142.1679 14.34705698429688
1 24883U 97037A   24251.37524195  .00001682  00000-0  61005-3 0    17\
2 24883  98.7874  32.5909 0001534 214.0300 146.0786 14.34709388429825
1 24883U 97037A   24251.86342398  .00001763  00000-0  63879-3 0  5144\
2 24883  98.7875  33.0874 0001554 212.4305 147.6784 14.34711366430154
1 24883U 97037A   24251.93316422  .00001761  00000-0  63793-3 0    15\
2 24883  98.7875  33.1583 0001558 212.2087 147.9003 14.34711571429907
1 24883U 97037A   24252.63056625  .00001613  00000-0  58594-3 0    18\
2 24883  98.7875  33.8675 0001588 209.6964 150.4130 14.34712944430001
1 24883U 97037A   24252.90952657  .00001628  00000-0  59093-3 0    19\
2 24883  98.7876  34.1512 0001595 208.3000 151.8098 14.34713983430047
1 24883U 97037A   24252.97926659  .00001637  00000-0  59412-3 0  5154\
2 24883  98.7877  34.2222 0001598 208.0023 152.1075 14.34714264430314
1 24883U 97037A   24253.39770665  .00001773  00000-0  64207-3 0    14\
2 24883  98.7877  34.6478 0001613 206.6753 153.4349 14.34716374430113
1 24883U 97037A   24253.88588602  .00001711  00000-0  62027-3 0    16\
2 24883  98.7877  35.1442 0001646 204.9969 155.1136 14.34717759430184
1 24883U 97037A   24254.16484549  .00001780  00000-0  64466-3 0  5169\
2 24883  98.7877  35.4279 0001653 204.0821 156.0286 14.34719035430489
1 24883U 97037A   24254.86224347  .00001665  00000-0  60410-3 0    10\
2 24883  98.7878  36.1372 0001690 201.2869 158.8245 14.34720812430327
1 24883U 97037A   24255.42016152  .00001716  00000-0  62219-3 0  5174\
2 24883  98.7879  36.7047 0001715 199.4614 160.6505 14.34722800430663
1 24883U 97037A   24255.62938022  .00001748  00000-0  63337-3 0    10\
2 24883  98.7879  36.9175 0001730 198.4352 161.6770 14.34723729430433
1 24883U 97037A   24255.90833867  .00001679  00000-0  60899-3 0    15\
2 24883  98.7881  37.2012 0001741 197.5489 162.5636 14.34724284430475
1 24883U 97037A   24256.39651606  .00001787  00000-0  64708-3 0    11\
2 24883  98.7881  37.6978 0001759 195.7543 164.3587 14.34726295430547
1 24883U 97037A   24256.88469053  .00001920  00000-0  69395-3 0  5187\
2 24883  98.7882  38.1944 0001787 193.8666 166.2469 14.34729187430872
1 24883U 97037A   24256.88469053  .00001920  00000-0  69395-3 0    14\
2 24883  98.7882  38.1944 0001787 193.8666 166.2469 14.34729187430614
1 24883U 97037A   24258.13999765  .00001827  00000-0  66105-3 0  5198\
2 24883  98.7884  39.4712 0001861 189.2090 170.9060 14.34733118431053
1 24883U 97037A   24258.48869381  .00001718  00000-0  62249-3 0    16\
2 24883  98.7885  39.8259 0001880 188.3175 171.7978 14.34733633430844
1 24883U 97037A   24258.90712929  .00001518  00000-0  55191-3 0    14\
2 24883  98.7885  40.2515 0001901 187.2203 172.8955 14.34733727430907
1 24883U 97037A   24259.39530294  .00001597  00000-0  57973-3 0  5204\
2 24883  98.7886  40.7481 0001923 185.5834 174.5329 14.34735663431232
1 24883U 97037A   24259.95321480  .00001537  00000-0  55866-3 0    18\
2 24883  98.7888  41.3156 0001956 184.1990 175.9178 14.34737139431051
1 24883U 97037A   24260.37164885  .00001418  00000-0  51673-3 0    10\
2 24883  98.7888  41.7412 0001973 183.2496 176.8676 14.34737646431113
1 24883U 97037A   24260.65060436  .00001267  00000-0  46356-3 0  5219\
2 24883  98.7889  42.0250 0001994 182.3062 177.8113 14.34737712431414
1 24883U 97037A   24260.92955980  .00001231  00000-0  45068-3 0    19\
2 24883  98.7889  42.3088 0002006 181.5392 178.5786 14.34738360431197
1 24883U 97037A   24261.62694380  .00001944  00000-0  70208-3 0    16\
2 24883  98.7891  43.0182 0002036 179.5465 180.5721 14.34745421431293
1 24883U 97037A   24261.83616348  .00001209  00000-0  44278-3 0  5227\
2 24883  98.7891  43.2310 0002055 179.0262 181.0926 14.34741052431580
1 24883U 97037A   24261.90590226  .00001196  00000-0  43846-3 0    18\
2 24883  98.7891  43.3020 0002053 178.8510 181.2679 14.34741170431331
1 24883U 97037A   24262.53355124  .00001036  00000-0  38178-3 0    19\
2 24883  98.7893  43.9405 0002089 177.0003 183.1194 14.34741806431422
1 24883U 97037A   24262.81250600  .00001003  00000-0  37014-3 0    15\
2 24883  98.7893  44.2243 0002103 176.5528 183.5671 14.34742316431464
1 24883U 97037A   24263.02172215  .00000966  00000-0  35705-3 0  5235\
2 24883  98.7894  44.4371 0002113 175.8937 184.2265 14.34742564431750
1 24883U 97037A   24263.57963108  .00001076  00000-0  39584-3 0    17\
2 24883  98.7894  45.0047 0002136 174.6059 185.5149 14.34744440431574
1 24883U 97037A   24263.85858514  .00001058  00000-0  38950-3 0    18\
2 24883  98.7895  45.2884 0002150 173.8476 186.2735 14.34745071431611
1 24883U 97037A   24264.62570946  .00000967  00000-0  35760-3 0    18\
2 24883  98.7896  46.0689 0002192 171.8683 188.2537 14.34746077431729
1 24883U 97037A   24264.90466344  .00000940  00000-0  34790-3 0    18\
2 24883  98.7897  46.3527 0002205 171.2070 188.9154 14.34746515431766
1 24883U 97037A   24264.97440193  .00000946  00000-0  34997-3 0  5255\
2 24883  98.7897  46.4236 0002209 171.0308 189.0916 14.34746677432038
1 24883U 97037A   24265.46257151  .00000890  00000-0  33026-3 0    19\
2 24883  98.7898  46.9202 0002228 169.7313 190.3918 14.34747242431842
1 24883U 97037A   24266.15995585  .00000837  00000-0  31175-3 0  5262\
2 24883  98.7899  47.6298 0002266 167.9073 192.2166 14.34748223432208
1 24883U 97037A   24266.50864797  .00000794  00000-0  29632-3 0    16\
2 24883  98.7900  47.9845 0002288 166.8717 193.2527 14.34748577431998
1 24883U 97037A   24266.85733979  .00000784  00000-0  29282-3 0    11\
2 24883  98.7900  48.3393 0002306 166.0676 194.0572 14.34749139432049
1 24883U 97037A   24267.55472282  .00000940  00000-0  34801-3 0  5276\
2 24883  98.7901  49.0488 0002337 164.3860 195.7397 14.34751208432406
1 24883U 97037A   24267.62446108  .00000943  00000-0  34884-3 0    13\
2 24883  98.7901  49.1197 0002338 164.1905 195.9353 14.34751349432155
1 24883U 97037A   24267.83367549  .00001005  00000-0  37071-3 0    18\
2 24883  98.7901  49.3326 0002350 163.7463 196.3797 14.34752174432186
1 24883U 97037A   24268.39158266  .00000867  00000-0  32233-3 0    14\
2 24883  98.7902  49.9002 0002378 162.4280 197.6987 14.34751997432263
1 24883U 97037A   24268.67053544  .00000895  00000-0  33188-3 0  5283\
2 24883  98.7902  50.1841 0002393 161.7127 198.4144 14.34752620432568
1 24883U 97037A   24268.67053544  .00000895  00000-0  33188-3 0    19\
2 24883  98.7902  50.1841 0002393 161.7127 198.4144 14.34752620432300
1 24883U 97037A   24269.36791689  .00000954  00000-0  35299-3 0    16\
2 24883  98.7903  50.8936 0002432 159.8357 200.2924 14.34754206432401
1 24883U 97037A   24269.85608366  .00000989  00000-0  36517-3 0  5296\
2 24883  98.7904  51.3903 0002459 158.5462 201.5826 14.34755249432733
1 24883U 97037A   24269.85608366  .00000989  00000-0  36517-3 0    11\
2 24883  98.7904  51.3903 0002459 158.5462 201.5826 14.34755249432474
1 24883U 97037A   24270.83241614  .00001049  00000-0  38650-3 0    18\
2 24883  98.7906  52.3837 0002501 156.3711 203.7589 14.34757368432614
1 24883U 97037A   24271.11136807  .00001061  00000-0  39070-3 0  5305\
2 24883  98.7906  52.6675 0002511 155.8283 204.3019 14.34757924432912
1 24883U 97037A   24271.39031986  .00001045  00000-0  38487-3 0    13\
2 24883  98.7906  52.9514 0002517 155.3060 204.8245 14.34758389432698
1 24883U 97037A   24272.36664980  .00001082  00000-0  39805-3 0  5311\
2 24883  98.7908  53.9448 0002568 152.7027 207.4292 14.34760648433094
1 24883U 97037A   24272.36664980  .00001082  00000-0  39805-3 0    13\
2 24883  98.7908  53.9448 0002568 152.7027 207.4292 14.34760648432835
1 24883U 97037A   24272.92455125  .00001164  00000-0  42695-3 0    16\
2 24883  98.7909  54.5125 0002588 151.4052 208.7275 14.34762522432918
1 24883U 97037A   24273.41271499  .00001180  00000-0  43247-3 0  5322\
2 24883  98.7910  55.0092 0002603 150.5030 209.6301 14.34763754433248
1 24883U 97037A   24273.41271499  .00001180  00000-0  43247-3 0    13\
2 24883  98.7910  55.0092 0002603 150.5030 209.6301 14.34763754432988
1 24883U 97037A   24273.83114025  .00001274  00000-0  46549-3 0    12\
2 24883  98.7910  55.4349 0002629 149.3824 210.7514 14.34765425433046
1 24883U 97037A   24274.38904011  .00001386  00000-0  50513-3 0    15\
2 24883  98.7911  56.0026 0002640 148.1642 211.9702 14.34767574433122
1 24883U 97037A   24274.87720199  .00001411  00000-0  51378-3 0  5331\
2 24883  98.7913  56.4994 0002661 146.9997 213.1353 14.34769104433457
1 24883U 97037A   24274.87720199  .00001411  00000-0  51378-3 0    11\
2 24883  98.7913  56.4994 0002661 146.9997 213.1353 14.34769104433198
1 24883U 97037A   24275.36536350  .00001475  00000-0  53632-3 0    15\
2 24883  98.7914  56.9962 0002677 145.6830 214.4528 14.34770812433262
1 24883U 97037A   24275.85352448  .00001518  00000-0  55147-3 0    14\
2 24883  98.7916  57.4930 0002693 144.6353 215.5010 14.34772448433335
1 24883U 97037A   24276.13247272  .00002083  00000-0  75087-3 0  5348\
2 24883  98.7916  57.7769 0002704 143.8561 216.2807 14.34776440433634
1 24883U 97037A   24276.41142076  .00002145  00000-0  77255-3 0    12\
2 24883  98.7917  58.0608 0002704 143.3381 216.7988 14.34777826433416
1 24883U 97037A   24276.89957999  .00002185  00000-0  78672-3 0    10\
2 24883  98.7919  58.5576 0002723 142.3713 217.7663 14.34779698433483
1 24883U 97037A   24277.38774041  .00002207  00000-0  79440-3 0    19\
2 24883  98.7919  59.0545 0002740 141.1951 218.9430 14.34780926433554
1 24883U 97037A   24277.87589790  .00002409  00000-0  86555-3 0  5359\
2 24883  98.7921  59.5513 0002751 140.2500 219.8886 14.34783895433888
1 24883U 97037A   24277.87589790  .00002409  00000-0  86555-3 0    17\
2 24883  98.7921  59.5513 0002751 140.2500 219.8886 14.34783895433620
1 24883U 97037A   24278.36405639  .00002094  00000-0  75453-3 0    16\
2 24883  98.7920  60.0480 0002752 139.1010 221.0382 14.34783669433695
1 24883U 97037A   24278.85221285  .00002293  00000-0  82448-3 0    16\
2 24883  98.7921  60.5449 0002769 138.0407 222.0990 14.34786618433763
1 24883U 97037A   24278.99168591  .00002329  00000-0  83731-3 0  5360\
2 24883  98.7921  60.6868 0002779 137.6688 222.4711 14.34787386434046
1 24883U 97037A   24279.34036903  .00002346  00000-0  84326-3 0    18\
2 24883  98.7922  61.0417 0002798 136.8770 223.2634 14.34788742433832
1 24883U 97037A   24279.82852502  .00002229  00000-0  80202-3 0    11\
2 24883  98.7923  61.5386 0002803 136.0150 224.1257 14.34789822433903
1 24883U 97037A   24280.38641700  .00001895  00000-0  68430-3 0  5371\
2 24883  98.7923  62.1064 0002817 134.9189 225.2224 14.34789995434242
1 24883U 97037A   24280.38641700  .00001895  00000-0  68430-3 0    17\
2 24883  98.7923  62.1064 0002817 134.9189 225.2224 14.34789995433982
1 24883U 97037A   24280.66536231  .00001901  00000-0  68631-3 0    11\
2 24883  98.7924  62.3903 0002830 134.3938 225.7478 14.34791101434022
1 24883U 97037A   24281.36272378  .00002147  00000-0  77289-3 0    10\
2 24883  98.7925  63.1001 0002878 132.5068 227.6360 14.34795373434124
1 24883U 97037A   24281.85087688  .00002107  00000-0  75888-3 0  5386\
2 24883  98.7926  63.5970 0002926 131.5885 228.5551 14.34796932434454
1 24883U 97037A   24281.85087688  .00002107  00000-0  75888-3 0    11\
2 24883  98.7926  63.5970 0002926 131.5885 228.5551 14.34796932434195
1 24883U 97037A   24282.40876007  .00005396  00000-0  19165-2 0  5398\
2 24883  98.7927  64.1649 0002961 130.0476 230.0969 14.34811850434531
1 24883U 97037A   24282.40876007  .00005396  00000-0  19165-2 0    12\
2 24883  98.7927  64.1649 0002961 130.0476 230.0969 14.34811850434272
1 24883U 97037A   24282.82717951  .00001960  00000-0  70708-3 0  5402\
2 24883  98.7927  64.5909 0002988 129.4690 230.6759 14.34800993434598
1 24883U 97037A   24282.82717951  .00001960  00000-0  70708-3 0    14\
2 24883  98.7927  64.5909 0002988 129.4690 230.6759 14.34800993434330
1 24883U 97037A   24283.45480197  .00001764  00000-0  63783-3 0    10\
2 24883  98.7926  65.2295 0003017 128.0093 232.1364 14.34802802434421
1 24883U 97037A   24283.80348044  .00001913  00000-0  69035-3 0    15\
2 24883  98.7925  65.5844 0003016 127.0580 233.0880 14.34804689434475
1 24883U 97037A   24284.15215867  .00002008  00000-0  72380-3 0  5412\
2 24883  98.7925  65.9394 0003029 126.4351 233.7113 14.34806249434786
1 24883U 97037A   24284.43110077  .00001946  00000-0  70217-3 0    18\
2 24883  98.7928  66.2232 0003016 125.6542 234.4924 14.34807080434561
1 24883U 97037A   24284.84950968  .00002813  00000-0  10073-2 0    11\
2 24883  98.7928  66.6491 0002974 124.3150 235.8316 14.34814670434625
1 24883U 97037A   24285.40739072  .00009113  00000-0  32223-2 0  5426\
2 24883  98.7925  67.2170 0003005 122.5326 237.6149 14.34836246434968
1 24883U 97037A   24285.40739072  .00009113  00000-0  32223-2 0    16\
2 24883  98.7925  67.2170 0003005 122.5326 237.6149 14.34836246434700
1 24883U 97037A   24285.82580821  .00002084  00000-0  75043-3 0    16\
2 24883  98.7924  67.6427 0003005 122.2941 237.8535 14.34813508434761
1 24883U 97037A   24286.52316029  .00001714  00000-0  62018-3 0    18\
2 24883  98.7930  68.3527 0002998 120.5159 239.6321 14.34814389434861
1 24883U 97037A   24286.87183574  .00001746  00000-0  63142-3 0  5449\
2 24883  98.7931  68.7076 0003004 119.7708 240.3776 14.34815942434919
1 24883U 97037A   24287.49945177  .00001568  00000-0  56860-3 0    12\
2 24883  98.7932  69.3465 0003038 118.7119 241.4371 14.34817187435008
1 24883U 97037A   24287.63892188  .00001375  00000-0  50081-3 0    16\
2 24883  98.7933  69.4885 0003046 118.5018 241.6474 14.34816643435025
1 24883U 97037A   24287.98759680  .00001314  00000-0  47932-3 0  5450\
2 24883  98.7933  69.8435 0003045 117.7503 242.3990 14.34817549435330
1 24883U 97037A   24288.26653684  .00001263  00000-0  46113-3 0    19\
2 24883  98.7934  70.1274 0003046 117.2350 242.9145 14.34818128435111
1 24883U 97037A   24288.82441605  .00001208  00000-0  44192-3 0    13\
2 24883  98.7935  70.6954 0003054 116.0143 244.1356 14.34819670435197
1 24883U 97037A   24289.10335556  .00001165  00000-0  42676-3 0  5463\
2 24883  98.7936  70.9794 0003060 115.4941 244.6560 14.34820261435492
1 24883U 97037A   24289.45202956  .00001147  00000-0  42052-3 0    12\
2 24883  98.7936  71.3343 0003058 114.7956 245.3547 14.34821255435286
1 24883U 97037A   24289.87043839  .00001103  00000-0  40501-3 0    10\
2 24883  98.7937  71.7603 0003055 113.8656 246.2849 14.34822176435349
1 24883U 97037A   24290.14937820  .00001540  00000-0  55878-3 0  5477\
2 24883  98.7937  72.0442 0003057 113.1923 246.9584 14.34824917435647
1 24883U 97037A   24290.42831702  .00001552  00000-0  56298-3 0    15\
2 24883  98.7937  72.3281 0003065 112.7488 247.4021 14.34825746435420
1 24883U 97037A   24291.40460277  .00001511  00000-0  54841-3 0    16\
2 24883  98.7939  73.3220 0003088 110.8069 249.3446 14.34827859435569
1 24883U 97037A   24291.68354124  .00001623  00000-0  58812-3 0  5481\
2 24883  98.7940  73.6060 0003090 110.1387 250.0130 14.34829068435861
1 24883U 97037A   24291.68354124  .00001623  00000-0  58812-3 0    15\
2 24883  98.7940  73.6060 0003090 110.1387 250.0130 14.34829068435603
1 24883U 97037A   24292.38088608  .00001705  00000-0  61695-3 0    18\
2 24883  98.7940  74.3160 0003100 108.7395 251.4126 14.34831272435707
1 24883U 97037A   24292.86902754  .00001495  00000-0  54275-3 0    10\
2 24883  98.7942  74.8130 0003099 107.8679 252.2844 14.34831201435778
1 24883U 97037A   24293.14796480  .00001742  00000-0  62980-3 0  5493\
2 24883  98.7942  75.0970 0003114 107.3425 252.8100 14.34833268436075
1 24883U 97037A   24293.42690184  .00001770  00000-0  63967-3 0    18\
2 24883  98.7942  75.3810 0003116 106.7296 253.4231 14.34834265435857
1 24883U 97037A   24293.91504390  .00001396  00000-0  50782-3 0    10\
2 24883  98.7943  75.8780 0003126 105.9031 254.2498 14.34832923435929
1 24883U 97037A   24294.40318337  .00001444  00000-0  52472-3 0    11\
2 24883  98.7944  76.3750 0003144 104.9224 255.2308 14.34834553435995
1 24883U 97037A   24295.37946692  .00000954  00000-0  35214-3 0    19\
2 24883  98.7945  77.3690 0003147 103.0080 257.1456 14.34832894436131
1 24883U 97037A   24296.42548037  .00000802  00000-0  29871-3 0    11\
2 24883  98.7947  78.4341 0003148 101.0164 259.1375 14.34834122436284
1 24883U 97037A   24295.37946692  .00000954  00000-0  35214-3 0  5519\
2 24883  98.7945  77.3690 0003147 103.0080 257.1456 14.34832894436399
1 24883U 97037A   24296.42548037  .00000802  00000-0  29871-3 0  5522\
2 24883  98.7947  78.4341 0003148 101.0164 259.1375 14.34834122436543
1 24883U 97037A   24296.91361909  .00000828  00000-0  30773-3 0    17\
2 24883  98.7947  78.9310 0003156  99.9484 260.2056 14.34835344436358
1 24883U 97037A   24297.40175780  .00000829  00000-0  30833-3 0    10\
2 24883  98.7947  79.4280 0003153  98.9684 261.1857 14.34836311436420
1 24883U 97037A   24297.95963001  .00000868  00000-0  32204-3 0    18\
2 24883  98.7948  79.9961 0003149  97.5414 262.6128 14.34837689436508
1 24883U 97037A   24298.23856591  .00000953  00000-0  35177-3 0  5534\
2 24883  98.7948  80.2801 0003145  96.8597 263.2945 14.34838717436806
1 24883U 97037A   24298.37803389  .00000946  00000-0  34927-3 0    18\
2 24883  98.7948  80.4222 0003148  96.4921 263.6622 14.34838971436566
1 24883U 97037A   24298.86617135  .00001011  00000-0  37229-3 0    16\
2 24883  98.7948  80.9192 0003150  95.5586 264.5957 14.34840360436631
1 24883U 97037A   24299.84244521  .00001055  00000-0  38764-3 0  5546\
2 24883  98.7949  81.9133 0003157  93.7014 266.4531 14.34842694437037
1 24883U 97037A   24299.91217898  .00001060  00000-0  38965-3 0    17\
2 24883  98.7949  81.9844 0003153  93.3909 266.7636 14.34842879436786
1 24883U 97037A   24300.40031532  .00001067  00000-0  39201-3 0    14\
2 24883  98.7949  82.4814 0003144  92.4542 267.7003 14.34843956436856
1 24883U 97037A   24300.88845049  .00001203  00000-0  43979-3 0    11\
2 24883  98.7951  82.9785 0003152  91.3441 268.8105 14.34846009436921
1 24883U 97037A   24301.16738471  .00001425  00000-0  51788-3 0  5550\
2 24883  98.7950  83.2625 0003152  90.5942 269.5604 14.34847919437221
1 24883U 97037A   24301.37658545  .00001409  00000-0  51226-3 0    11\
2 24883  98.7950  83.4755 0003156  90.0492 270.1054 14.34848380436999
1 24883U 97037A   24301.86471988  .00001531  00000-0  55525-3 0    11\
2 24883  98.7951  83.9726 0003155  89.0724 271.0822 14.34850342437061
1 24883U 97037A   24302.35285424  .00001531  00000-0  55547-3 0  5563\
2 24883  98.7952  84.4697 0003160  88.1801 271.9745 14.34851570437390
1 24883U 97037A   24302.63178743  .00001595  00000-0  57764-3 0    17\
2 24883  98.7952  84.7537 0003164  87.5600 272.5946 14.34852770437179
1 24883U 97037A   24302.84098732  .00001586  00000-0  57453-3 0    14\
2 24883  98.7953  84.9667 0003158  87.1302 273.0244 14.34853363437204
1 24883U 97037A   24303.32912047  .00001597  00000-0  57837-3 0    10\
2 24883  98.7954  85.4638 0003154  86.0682 274.0863 14.34854757437277
1 24883U 97037A   24303.67778643  .00001608  00000-0  58233-3 0  5570\
2 24883  98.7955  85.8188 0003154  85.3944 274.7601 14.34855888437582
1 24883U 97037A   24303.67778643  .00001608  00000-0  58233-3 0    14\
2 24883  98.7955  85.8188 0003154  85.3944 274.7601 14.34855888437324
1 24883U 97037A   24304.37511705  .00001670  00000-0  60417-3 0    12\
2 24883  98.7956  86.5291 0003139  83.9247 276.2295 14.34858531437426
1 24883U 97037A   24304.93298063  .00001675  00000-0  60585-3 0  5581\
2 24883  98.7957  87.0972 0003136  82.8044 277.3497 14.34860492437761
1 24883U 97037A   24305.42111069  .00001747  00000-0  63118-3 0    14\
2 24883  98.7957  87.5943 0003111  81.1610 278.9926 14.34862519437573
1 24883U 97037A   24305.83950709  .00001759  00000-0  63534-3 0    16\
2 24883  98.7959  88.0205 0003118  80.4158 279.7378 14.34864155437633
1 24883U 97037A   24306.39736800  .00002037  00000-0  73327-3 0  5591\
2 24883  98.7956  88.5885 0003125  79.8192 280.3345 14.34867642437970
1 24883U 97037A   24306.39736800  .00002037  00000-0  73327-3 0    13\
2 24883  98.7956  88.5885 0003125  79.8192 280.3345 14.34867642437712
1 24883U 97037A   24306.88549599  .00001882  00000-0  67858-3 0    13\
2 24883  98.7959  89.0857 0003090  78.7554 281.3977 14.34869027437789
1 24883U 97037A   24307.37362339  .00001811  00000-0  65375-3 0    17\
2 24883  98.7959  89.5826 0003086  77.7752 282.3778 14.34870619437851
1 24883U 97037A   24307.86174941  .00002069  00000-0  74427-3 0  5616\
2 24883  98.7960  90.0798 0003088  76.6765 283.4764 14.34873649438182
1 24883U 97037A   24307.93148150  .00002123  00000-0  76330-3 0    12\
2 24883  98.7960  90.1509 0003092  76.6056 283.5472 14.34874201437935
1 24883U 97037A   24308.62880374  .00002012  00000-0  72430-3 0    14\
2 24883  98.7962  90.8611 0003100  75.1353 285.0174 14.34876659438039
1 24883U 97037A   24308.90773176  .00002169  00000-0  77960-3 0    12\
2 24883  98.7963  91.1452 0003100  74.7248 285.4279 14.34878554438075
1 24883U 97037A   24309.25639158  .00002257  00000-0  81021-3 0  5625\
2 24883  98.7962  91.5002 0003090  74.2256 285.9269 14.34880415438388
1 24883U 97037A   24309.39585556  .00002222  00000-0  79805-3 0    19\
2 24883  98.7963  91.6422 0003091  74.0164 286.1361 14.34880921438145
1 24883U 97037A   24309.95371084  .00001852  00000-0  66781-3 0    17\
2 24883  98.7964  92.2104 0003087  72.9383 287.2139 14.34882167438223
1 24883U 97037A   24310.30236989  .00001906  00000-0  68672-3 0  5636\
2 24883  98.7963  92.5655 0003085  71.7222 288.4298 14.34883785438533
1 24883U 97037A   24310.65102853  .00001695  00000-0  61247-3 0    19\
2 24883  98.7964  92.9205 0003082  71.0928 289.0590 14.34884643438325
1 24883U 97037A   24311.41807646  .00001929  00000-0  69475-3 0  5641\
2 24883  98.7965  93.7017 0003069  70.0015 290.1499 14.34888506438690
1 24883U 97037A   24311.62727117  .00001901  00000-0  68521-3 0    15\
2 24883  98.7964  93.9147 0003068  69.3211 290.8302 14.34889198438466
1 24883U 97037A   24311.90619709  .00001698  00000-0  61369-3 0    19\
2 24883  98.7964  94.1988 0003055  68.6314 291.5196 14.34889764438507
1 24883U 97037A   24312.39431763  .00001750  00000-0  63203-3 0    13\
2 24883  98.7964  94.6958 0003039  67.0371 293.1134 14.34891058438573
1 24883U 97037A   24312.81270576  .00001700  00000-0  61423-3 0  5655\
2 24883  98.7964  95.1219 0003030  66.1703 293.9799 14.34892436438890
1 24883U 97037A   24312.81270576  .00001700  00000-0  61423-3 0    10\
2 24883  98.7964  95.1219 0003030  66.1703 293.9799 14.34892436438632
1 24883U 97037A   24313.78894367  .00001670  00000-0  60373-3 0    16\
2 24883  98.7963  96.1162 0002998  63.6581 296.4911 14.34895892438775
1 24883U 97037A   24314.13759944  .00001621  00000-0  58629-3 0  5660\
2 24883  98.7963  96.4713 0002991  63.0380 297.1109 14.34896849439089
1 24883U 97037A   24314.41652336  .00001717  00000-0  62028-3 0    16\
2 24883  98.7964  96.7554 0002992  62.8981 297.2508 14.34898624438863
1 24883U 97037A   24315.60195053  .00001439  00000-0  52242-3 0    14\
2 24883  98.7965  97.9628 0002966  60.7265 299.4215 14.34901102439037
1 24883U 97037A   24315.67168147  .00001432  00000-0  51985-3 0  5678\
2 24883  98.7965  98.0338 0002966  60.5607 299.5873 14.34901281439304
1 24883U 97037A   24315.67168147  .00001432  00000-0  51985-3 0    11\
2 24883  98.7965  98.0338 0002966  60.5607 299.5873 14.34901281439045
1 24883U 97037A   24316.43872081  .00001410  00000-0  51211-3 0    13\
2 24883  98.7965  98.8151 0002935  58.5764 301.5707 14.34903649439155
1 24883U 97037A   24317.13602874  .00001224  00000-0  44678-3 0  5682\
2 24883  98.7966  99.5254 0002925  57.4376 302.7091 14.34904705439517
1 24883U 97037A   24317.41495174  .00001206  00000-0  44035-3 0    15\
2 24883  98.7966  99.8095 0002912  56.7979 303.3484 14.34905379439296
1 24883U 97037A   24317.90306652  .00001081  00000-0  39656-3 0    15\
2 24883  98.7966 100.3067 0002897  55.7584 304.3875 14.34906092439362
1 24883U 97037A   24318.46091160  .00001142  00000-0  41791-3 0  5692\
2 24883  98.7967 100.8749 0002884  54.7512 305.3942 14.34907907439701
1 24883U 97037A   24318.46091160  .00001142  00000-0  41791-3 0    13\
2 24883  98.7967 100.8749 0002884  54.7512 305.3942 14.34907907439442
1 24883U 97037A   24319.43713957  .00000984  00000-0  36240-3 0    12\
2 24883  98.7969 101.8694 0002851  52.8477 307.2967 14.34909455439580
1 24883U 97037A   24320.13444428  .00000883  00000-0  32688-3 0  5706\
2 24883  98.7970 102.5798 0002830  51.3637 308.7800 14.34910540439943
1 24883U 97037A   24320.41336597  .00000838  00000-0  31093-3 0    12\
2 24883  98.7971 102.8639 0002817  50.7212 309.4222 14.34910946439720
1 24883U 97037A   24320.90147867  .00000858  00000-0  31784-3 0    15\
2 24883  98.7971 103.3611 0002803  49.6664 310.4765 14.34912139439796
1 24883U 97037A   24321.45932207  .00000724  00000-0  27070-3 0  5713\
2 24883  98.7971 103.9293 0002782  48.6043 311.5380 14.34912384440131
1 24883U 97037A   24321.25013092  .00000737  00000-0  27560-3 0    19\
2 24883  98.7971 103.7162 0002788  48.8771 311.2654 14.34912063439841
1 24883U 97037A   24322.64473818  .00000645  00000-0  24300-3 0  5729\
2 24883  98.7973 105.1369 0002733  46.2648 313.8762 14.34913818440303
1 24883U 97037A   24322.64473818  .00000645  00000-0  24300-3 0    16\
2 24883  98.7973 105.1369 0002733  46.2648 313.8762 14.34913818440044
1 24883U 97037A   24323.41177147  .00000588  00000-0  22302-3 0    14\
2 24883  98.7973 105.9183 0002698  44.6040 315.5361 14.34914614440155
1 24883U 97037A   24323.69069249  .00000593  00000-0  22493-3 0  5738\
2 24883  98.7974 106.2024 0002689  44.1392 316.0007 14.34915037440455
1 24883U 97037A   24323.83015298  .00000594  00000-0  22509-3 0    14\
2 24883  98.7974 106.3445 0002685  43.6736 316.4660 14.34915251440216
1 24883U 97037A   24324.38799467  .00000626  00000-0  23647-3 0    12\
2 24883  98.7973 106.9127 0002662  42.1506 317.9883 14.34916203440291
1 24883U 97037A   24324.94583588  .00000732  00000-0  27373-3 0  5742\
2 24883  98.7973 107.4810 0002642  40.9332 319.2050 14.34917604440632
1 24883U 97037A   24325.43394688  .00000652  00000-0  24564-3 0    13\
2 24883  98.7973 107.9782 0002613  39.4643 320.6731 14.34917841440445
1 24883U 97037A   24325.64313693  .00000699  00000-0  26201-3 0    14\
2 24883  98.7974 108.1913 0002605  38.8874 321.2497 14.34918460440472
1 24883U 97037A   24326.41016774  .00000709  00000-0  26558-3 0    17\
2 24883  98.7973 108.9727 0002574  37.0945 323.0417 14.34919622440582
1 24883U 97037A   24326.41016774  .00000709  00000-0  26558-3 0  5753\
2 24883  98.7973 108.9727 0002574  37.0945 323.0417 14.34919622440841
1 24883U 97037A   24327.45611719  .00000884  00000-0  32703-3 0  5762\
2 24883  98.7974 110.0382 0002537  34.3216 325.8132 14.34922258440992
1 24883U 97037A   24327.45611719  .00000884  00000-0  32703-3 0    15\
2 24883  98.7974 110.0382 0002537  34.3216 325.8132 14.34922258440734
1 24883U 97037A   24327.66530704  .00000850  00000-0  31523-3 0    14\
2 24883  98.7974 110.2514 0002531  33.6782 326.4563 14.34922379440769
1 24883U 97037A   24328.43233534  .00000940  00000-0  34692-3 0    11\
2 24883  98.7975 111.0327 0002493  32.3296 327.8041 14.34924273440877
1 24883U 97037A   24329.05990354  .00000918  00000-0  33907-3 0  5771\
2 24883  98.7975 111.6721 0002467  30.8061 329.3268 14.34925270441221
1 24883U 97037A   24329.40855223  .00000891  00000-0  32942-3 0    15\
2 24883  98.7975 112.0272 0002447  29.9484 330.1840 14.34925807441012
1 24883U 97037A   24329.68747122  .00000907  00000-0  33512-3 0    15\
2 24883  98.7975 112.3114 0002432  29.4308 330.7012 14.34926377441058
1 24883U 97037A   24330.45449708  .00001008  00000-0  37069-3 0  5784\
2 24883  98.7976 113.0928 0002405  27.4894 332.6417 14.34928557441421
1 24883U 97037A   24330.45449708  .00001008  00000-0  37069-3 0    15\
2 24883  98.7976 113.0928 0002405  27.4894 332.6417 14.34928557441162
1 24883U 97037A   24331.43071117  .00001018  00000-0  37413-3 0    13\
2 24883  98.7977 114.0873 0002363  24.8543 335.2755 14.34930533441305
1 24883U 97037A   24332.05827657  .00000987  00000-0  36320-3 0  5790\
2 24883  98.7977 114.7267 0002328  23.4235 336.7055 14.34931644441654
1 24883U 97037A   24332.40692372  .00001103  00000-0  40415-3 0    14\
2 24883  98.7977 115.0819 0002313  22.5017 337.6268 14.34933003441447
1 24883U 97037A   24332.68584119  .00001132  00000-0  41435-3 0    18\
2 24883  98.7978 115.3661 0002299  21.8884 338.2398 14.34933775441484
1 24883U 97037A   24333.45286367  .00001194  00000-0  43606-3 0  5800\
2 24883  98.7979 116.1476 0002269  19.8215 340.3057 14.34935831441852
1 24883U 97037A   24333.45286367  .00001194  00000-0  43606-3 0    18\
2 24883  98.7979 116.1476 0002269  19.8215 340.3057 14.34935831441593
1 24883U 97037A   24333.73178080  .00001213  00000-0  44259-3 0    18\
2 24883  98.7979 116.4317 0002251  19.2654 340.8615 14.34936518441635
1 24883U 97037A   24334.63826026  .00001080  00000-0  39581-3 0    12\
2 24883  98.7980 117.3552 0002197  17.0221 343.1037 14.34937879441762
1 24883U 97037A   24334.63826026  .00001080  00000-0  39581-3 0  5815\
2 24883  98.7980 117.3552 0002197  17.0221 343.1037 14.34937879442022
1 24883U 97037A   24335.40528011  .00001143  00000-0  41799-3 0    15\
2 24883  98.7980 118.1367 0002162  14.7746 345.3501 14.34940056441876
1 24883U 97037A   24335.68419663  .00001032  00000-0  37911-3 0  5829\
2 24883  98.7981 118.4209 0002144  14.1228 346.0016 14.34939999442171
1 24883U 97037A   24335.68419663  .00001032  00000-0  37911-3 0    15\
2 24883  98.7981 118.4209 0002144  14.1228 346.0016 14.34939999441912
1 24883U 97037A   24336.45121524  .00001083  00000-0  39690-3 0    19\
2 24883  98.7981 119.2024 0002111  11.9395 348.1839 14.34942110442028
1 24883U 97037A   24336.66040203  .00001113  00000-0  40728-3 0    14\
2 24883  98.7982 119.4155 0002105  11.3727 348.7504 14.34942739442057
1 24883U 97037A   24337.14850432  .00001043  00000-0  38266-3 0  5832\
2 24883  98.7982 119.9129 0002081   9.8141 350.3084 14.34943463442381
1 24883U 97037A   24337.42741969  .00001070  00000-0  39241-3 0    16\
2 24883  98.7982 120.1970 0002070   8.9356 351.1865 14.34944269442162
1 24883U 97037A   24337.84579255  .00000969  00000-0  35697-3 0    16\
2 24883  98.7982 120.6233 0002047   7.7092 352.4124 14.34944709442225
1 24883U 97037A   24338.40362245  .00001007  00000-0  36999-3 0  5844\
2 24883  98.7982 121.1917 0002010   6.6457 353.4753 14.34946233442563
1 24883U 97037A   24338.40362245  .00001007  00000-0  36999-3 0    18\
2 24883  98.7982 121.1917 0002010   6.6457 353.4753 14.34946233442305
1 24883U 97037A   24338.82199485  .00000952  00000-0  35083-3 0    19\
2 24883  98.7983 121.6179 0001993   5.2080 354.9125 14.34946848442364
1 24883U 97037A   24339.37982394  .00000976  00000-0  35922-3 0    17\
2 24883  98.7983 122.1863 0001968   3.4567 356.6631 14.34948266442448
1 24883U 97037A   24339.72846698  .00000936  00000-0  34533-3 0  5852\
2 24883  98.7983 122.5415 0001953   2.3417 357.7776 14.34948826442759
1 24883U 97037A   24339.93765245  .00000985  00000-0  36255-3 0    13\
2 24883  98.7983 122.7547 0001944   1.7552 358.3639 14.34949640442525
1 24883U 97037A   24340.63493760  .00000979  00000-0  36038-3 0    14\
2 24883  98.7984 123.4652 0001909 359.4889   0.6294 14.34951171442625
1 24883U 97037A   24340.84412297  .00000978  00000-0  35998-3 0  5864\
2 24883  98.7984 123.6783 0001895 358.9454   1.1726 14.34951667442916
1 24883U 97037A   24340.91385138  .00000938  00000-0  34575-3 0    13\
2 24883  98.7984 123.7494 0001888 358.8067   1.3113 14.34951627442667
1 24883U 97037A   24341.68086388  .00000967  00000-0  35621-3 0    18\
2 24883  98.7984 124.5309 0001846 356.5478   3.5693 14.34953487442771
1 24883U 97037A   24342.02950563  .00000926  00000-0  34171-3 0  5875\
2 24883  98.7984 124.8861 0001828 355.4924   4.6244 14.34954050443087
1 24883U 97037A   24342.37814717  .00000992  00000-0  36476-3 0    17\
2 24883  98.7984 125.2414 0001820 354.2958   5.8205 14.34955171442873
1 24883U 97037A   24342.93597319  .00001006  00000-0  36970-3 0    11\
2 24883  98.7985 125.8098 0001788 352.6256   7.4902 14.34956508442950
1 24883U 97037A   24343.14515790  .00001000  00000-0  36769-3 0  5888\
2 24883  98.7985 126.0229 0001774 351.9990   8.1165 14.34956914443244
1 24883U 97037A   24343.42407074  .00001005  00000-0  36928-3 0    16\
2 24883  98.7984 126.3071 0001770 350.8684   9.2468 14.34957545443020
1 24883U 97037A   24343.91216775  .00001021  00000-0  37496-3 0    15\
2 24883  98.7985 126.8044 0001743 349.4024  10.7124 14.34958746443095
1 24883U 97037A   24344.40026460  .00001028  00000-0  37736-3 0  5895\
2 24883  98.7985 127.3018 0001721 347.5547  12.5595 14.34959814443423
1 24883U 97037A   24344.40026460  .00001028  00000-0  37736-3 0    14\
2 24883  98.7985 127.3018 0001721 347.5547  12.5595 14.34959814443164
1 24883U 97037A   24344.67917693  .00001006  00000-0  36967-3 0    11\
2 24883  98.7986 127.5860 0001706 346.6667  13.4472 14.34960285443201
1 24883U 97037A   24345.44618511  .00000994  00000-0  36556-3 0  5906\
2 24883  98.7986 128.3675 0001669 344.0502  16.0629 14.34961893443571
1 24883U 97037A   24345.44618511  .00000994  00000-0  36556-3 0    13\
2 24883  98.7986 128.3675 0001669 344.0502  16.0629 14.34961893443313
1 24883U 97037A   24345.93428111  .00000831  00000-0  30825-3 0    15\
2 24883  98.7986 128.8649 0001641 342.3387  17.7740 14.34961974443380
1 24883U 97037A   24346.63156065  .00000803  00000-0  29836-3 0    18\
2 24883  98.7987 129.5754 0001604 339.8289  20.2832 14.34963105443487
1 24883U 97037A   24346.63156065  .00000803  00000-0  29836-3 0  5912\
2 24883  98.7987 129.5754 0001604 339.8289  20.2832 14.34963105443746
1 24883U 97037A   24346.84074430  .00000751  00000-0  28003-3 0    13\
2 24883  98.7987 129.7886 0001590 339.1180  20.9939 14.34963261443514
1 24883U 97037A   24347.39856749  .00000685  00000-0  25678-3 0    16\
2 24883  98.7987 130.3570 0001555 337.1034  23.0081 14.34963878443593
1 24883U 97037A   24347.67747896  .00000670  00000-0  25162-3 0  5926\
2 24883  98.7988 130.6413 0001540 336.1567  23.9546 14.34964261443892
1 24883U 97037A   24347.67747896  .00000670  00000-0  25162-3 0    11\
2 24883  98.7988 130.6413 0001540 336.1567  23.9546 14.34964261443634
1 24883U 97037A   24348.44448518  .00000638  00000-0  24055-3 0    10\
2 24883  98.7988 131.4228 0001522 332.6483  27.4621 14.34965316443742
1 24883U 97037A   24349.14176289  .00000635  00000-0  23922-3 0  5936\
2 24883  98.7988 132.1333 0001495 329.9766  30.1332 14.34966397444100
1 24883U 97037A   24349.42067395  .00000657  00000-0  24722-3 0    11\
2 24883  98.7988 132.4175 0001487 328.7370  31.3726 14.34966929443881
1 24883U 97037A   24350.32713384  .00000730  00000-0  27259-3 0  5945\
2 24883  98.7989 133.3413 0001436 325.2151  34.8939 14.34968740444271
1 24883U 97037A   24350.32713384  .00000730  00000-0  27259-3 0    18\
2 24883  98.7989 133.3413 0001436 325.2151  34.8939 14.34968740444013
1 24883U 97037A   24350.81522760  .00000692  00000-0  25933-3 0    12\
2 24883  98.7991 133.8387 0001431 322.8772  37.2313 14.34969187444084
1 24883U 97037A   24351.37304858  .00000691  00000-0  25886-3 0  5954\
2 24883  98.7990 134.4071 0001414 320.5401  39.5680 14.34969958444421
1 24883U 97037A   24351.37304858  .00000691  00000-0  25886-3 0    16\
2 24883  98.7990 134.4071 0001414 320.5401  39.5680 14.34969958444162
1 24883U 97037A   24351.93086909  .00000737  00000-0  27513-3 0    12\
2 24883  98.7991 134.9756 0001402 318.2093  41.8984 14.34971031444243
1 24883U 97037A   24352.41896167  .00000734  00000-0  27425-3 0  5969\
2 24883  98.7992 135.4730 0001390 315.8216  44.2857 14.34971772444572
1 24883U 97037A   24352.41896167  .00000734  00000-0  27425-3 0    10\
2 24883  98.7992 135.4730 0001390 315.8216  44.2857 14.34971772444314
1 24883U 97037A   24352.83732658  .00000805  00000-0  29889-3 0    15\
2 24883  98.7992 135.8993 0001375 313.9260  46.1810 14.34972798444375
1 24883U 97037A   24353.39514612  .00000793  00000-0  29466-3 0    12\
2 24883  98.7992 136.4677 0001351 311.4243  48.6825 14.34973619444454
1 24883U 97037A   24353.88323810  .00000793  00000-0  29492-3 0  5973\
2 24883  98.7992 136.9651 0001325 309.1322  50.9745 14.34974371444783
1 24883U 97037A   24354.16214756  .00000813  00000-0  30174-3 0    15\
2 24883  98.7992 137.2493 0001310 307.8723  52.2342 14.34974921444560
1 24883U 97037A   24354.37132964  .00000743  00000-0  27716-3 0    18\
2 24883  98.7992 137.4625 0001306 306.8058  53.3006 14.34974900444593
1 24883U 97037A   24354.99887567  .00000713  00000-0  26680-3 0  5989\
2 24883  98.7993 138.1020 0001283 303.7536  56.3526 14.34975737444940
1 24883U 97037A   24354.85942106  .00000710  00000-0  26576-3 0    15\
2 24883  98.7993 137.9599 0001291 304.3819  55.7243 14.34975499444661
1 24883U 97037A   24355.41723931  .00000720  00000-0  26920-3 0    15\
2 24883  98.7993 138.5284 0001262 301.5319  58.5742 14.34976493444740
1 24883U 97037A   24355.83560299  .00000735  00000-0  27441-3 0    12\
2 24883  98.7993 138.9547 0001277 299.6591  60.4466 14.34977207444807
1 24883U 97037A   24356.39342080  .00000701  00000-0  26231-3 0  5991\
2 24883  98.7993 139.5231 0001269 296.8713  63.2342 14.34977917445140
1 24883U 97037A   24356.39342080  .00000701  00000-0  26231-3 0    19\
2 24883  98.7993 139.5231 0001269 296.8713  63.2342 14.34977917444880
1 24883U 97037A   24357.43932796  .00000755  00000-0  28151-3 0  6001\
2 24883  98.7993 140.5890 0001252 291.7975  68.3077 14.34979971445298
1 24883U 97037A   24357.43932796  .00000755  00000-0  28151-3 0    16\
2 24883  98.7993 140.5890 0001252 291.7975  68.3077 14.34979971445030
1 24883U 97037A   24358.41550657  .00000842  00000-0  31182-3 0    12\
2 24883  98.7993 141.5837 0001255 287.3209  72.7838 14.34982151445179
1 24883U 97037A   24359.04304942  .00000848  00000-0  31405-3 0  6016\
2 24883  98.7994 142.2233 0001238 283.7766  76.3281 14.34983291445524
1 24883U 97037A   24359.46141096  .00000907  00000-0  33473-3 0    18\
2 24883  98.7994 142.6496 0001231 281.4789  78.6257 14.34984384445322
1 24883U 97037A   24359.87977223  .00000895  00000-0  33044-3 0    12\
2 24883  98.7994 143.0760 0001225 279.2104  80.8941 14.34985109445387
1 24883U 97037A   24360.15867961  .00000899  00000-0  33188-3 0  6022\
2 24883  98.7995 143.3602 0001226 277.9154  82.1891 14.34985636445684
1 24883U 97037A   24360.36786004  .00001002  00000-0  36815-3 0    13\
2 24883  98.7995 143.5734 0001223 276.6863  83.4183 14.34986612445450
1 24883U 97037A   24361.27430797  .00001006  00000-0  36967-3 0    11\
2 24883  98.7995 144.4972 0001222 271.6864  88.4180 14.34988416445589
1 24883U 97037A   24361.41376140  .00001005  00000-0  36912-3 0  6035\
2 24883  98.7996 144.6393 0001220 270.9963  89.1081 14.34988701445865
1 24883U 97037A   24361.41376140  .00001005  00000-0  36912-3 0    17\
2 24883  98.7996 144.6393 0001220 270.9963  89.1081 14.34988701445607
1 24883U 97037A   24361.69266798  .00001067  00000-0  39093-3 0    15\
2 24883  98.7996 144.9235 0001217 269.4280  90.6765 14.34989649445648
1 24883U 97037A   24362.38993436  .00001008  00000-0  37034-3 0    16\
2 24883  98.7996 145.6341 0001215 265.4611  94.6435 14.34990797445741
1 24883U 97037A   24362.73856720  .00001018  00000-0  37367-3 0  6048\
2 24883  98.7997 145.9894 0001212 263.4831  96.6216 14.34991597446050
1 24883U 97037A   24362.73856720  .00001018  00000-0  37367-3 0    19\
2 24883  98.7997 145.9894 0001212 263.4831  96.6216 14.34991597445790
1 24883U 97037A   24363.22665296  .00001047  00000-0  38396-3 0    15\
2 24883  98.7997 146.4868 0001222 261.1923  98.9123 14.34992763445861
1 24883U 97037A   24363.78446460  .00001043  00000-0  38253-3 0  6054\
2 24883  98.7998 147.0553 0001227 258.0762 102.0285 14.34994012446205
1 24883U 97037A   24364.34227573  .00001062  00000-0  38918-3 0    18\
2 24883  98.7998 147.6238 0001248 255.6410 104.4636 14.34995370446021
1 24883U 97037A   24364.76063373  .00001072  00000-0  39246-3 0    16\
2 24883  98.7998 148.0502 0001257 253.6944 106.4102 14.34996391446080
1 24883U 97037A   24365.38817019  .00001255  00000-0  45679-3 0  6060\
2 24883  98.7998 148.6898 0001267 250.9668 109.1379 14.34998824446436
1 24883U 97037A   24365.38817019  .00001255  00000-0  45679-3 0    19\
2 24883  98.7998 148.6898 0001267 250.9668 109.1379 14.34998824446177
1 24883U 97037A   24365.87625354  .00001145  00000-0  41813-3 0    16\
2 24883  98.7999 149.1872 0001279 248.6132 111.4916 14.34999424446247
1 24883U 97037A   24366.22488444  .00001225  00000-0  44631-3 0    13\
2 24883  98.7999 149.5425 0001286 247.0330 113.0719 14.35000618446299
1 24883U 97037A   24366.64324106  .00001308  00000-0  47547-3 0  6076\
2 24883  98.7999 149.9689 0001294 244.9427 115.1624 14.35002079446614
1 24883U 97037A   25001.82857749  .00002698  00000-0  96288-3 0  6087
2 24883  98.8000 151.1771 0001317 238.8252 121.2803 14.35014181446781
1 24883U 97037A   25001.34050102  .00001307  00000-0  47503-3 0    11
2 24883  98.7999 150.6796 0001314 241.2600 118.8453 14.35003925446451
1 24883U 97037A   25002.24693636  .00001603  00000-0  57906-3 0  6097
2 24883  98.8000 151.6035 0001331 236.3723 123.7334 14.35008341446845
1 24883U 97037A   25002.38638807  .00001571  00000-0  56758-3 0    15
2 24883  98.8000 151.7456 0001332 235.5983 124.5075 14.35008543446602
1 24883U 97037A   25002.87446898  .00001252  00000-0  45588-3 0    11
2 24883  98.8001 152.2431 0001353 232.7409 127.3653 14.35008059446679
1 24883U 97037A   25003.36254900  .00001216  00000-0  44291-3 0    17
2 24883  98.8001 152.7405 0001370 230.6716 129.4347 14.35009190446740
1 24883U 97037A   25003.85062860  .00001024  00000-0  37578-3 0    10
2 24883  98.8002 153.2380 0001390 228.9735 131.1330 14.35009540446811
1 24883U 97037A   25004.40843326  .00001105  00000-0  40402-3 0  6113
2 24883  98.8002 153.8066 0001410 226.7233 133.3834 14.35011510447151
1 24883U 97037A   25004.40843326  .00001105  00000-0  40402-3 0    16
2 24883  98.8002 153.8066 0001410 226.7233 133.3834 14.35011510446891
1 24883U 97037A   25004.82678651  .00000898  00000-0  33135-3 0    12
2 24883  98.8002 154.2330 0001425 224.8720 135.2350 14.35011561446953
1 24883U 97037A   25005.31486415  .00001072  00000-0  39250-3 0    11
2 24883  98.8002 154.7305 0001439 222.7345 137.3728 14.35013989447022
1 24883U 97037A   25005.80294196  .00001066  00000-0  39051-3 0  6128
2 24883  98.8003 155.2280 0001451 220.3670 139.7407 14.35015303447358
1 24883U 97037A   25006.36074459  .00001014  00000-0  37214-3 0    12
2 24883  98.8003 155.7966 0001474 218.2811 141.8269 14.35016530447175
1 24883U 97037A   25006.91854678  .00000945  00000-0  34781-3 0    10
2 24883  98.8004 156.3651 0001496 216.6886 143.4196 14.35017620447259
1 24883U 97037A   25007.12772256  .00000923  00000-0  34028-3 0  6134
2 24883  98.8004 156.5783 0001505 215.2021 144.9064 14.35018010447540
1 24883U 97037A   25007.40662352  .00000892  00000-0  32930-3 0    16
2 24883  98.8004 156.8626 0001521 214.4996 145.6090 14.35018504447320
1 24883U 97037A   25007.82497457  .00000824  00000-0  30537-3 0    10
2 24883  98.8005 157.2890 0001540 212.7221 147.3868 14.35019184447385
1 24883U 97037A   25008.17360041  .00000816  00000-0  30260-3 0  6141
2 24883  98.8005 157.6444 0001554 211.3704 148.7388 14.35019896447696
1 24883U 97037A   25008.38277589  .00000804  00000-0  29827-3 0    12
2 24883  98.8005 157.8576 0001566 211.0231 149.0861 14.35020259447469
1 24883U 97037A   25008.87085181  .00000688  00000-0  25775-3 0    19
2 24883  98.8005 158.3551 0001586 209.1061 151.0035 14.35020630447536
1 24883U 97037A   25009.28920245  .00000691  00000-0  25866-3 0    19
2 24883  98.8006 158.7815 0001605 207.5068 152.6031 14.35021406447596
1 24883U 97037A   25009.28920245  .00000691  00000-0  25866-3 0  6150
2 24883  98.8006 158.7815 0001605 207.5068 152.6031 14.35021406447855
1 24883U 97037A   25009.84700275  .00000697  00000-0  26068-3 0    11
2 24883  98.8006 159.3501 0001629 205.5125 154.5979 14.35022545447679
1 24883U 97037A   25010.33507804  .00000649  00000-0  24381-3 0  6165
2 24883  98.8006 159.8476 0001653 203.9477 156.1630 14.35023095448005
1 24883U 97037A   25010.47452786  .00000644  00000-0  24233-3 0    17
2 24883  98.8006 159.9897 0001661 203.3697 156.7412 14.35023381447764
1 24883U 97037A   25010.68370282  .00000632  00000-0  23808-3 0    14
2 24883  98.8007 160.2029 0001670 202.6011 157.5100 14.35023669447794
1 24883U 97037A   25011.45067759  .00000577  00000-0  21873-3 0  6173
2 24883  98.8007 160.9847 0001704 200.3544 159.7572 14.35024550448162
1 24883U 97037A   25011.93875202  .00000577  00000-0  21855-3 0    13
2 24883  98.8008 161.4822 0001725 198.9082 161.2039 14.35025292447972
1 24883U 97037A   25012.42682659  .00000574  00000-0  21754-3 0    15
2 24883  98.8008 161.9798 0001759 196.9738 163.1388 14.35025885448047
1 24883U 97037A   25012.63600120  .00000549  00000-0  20879-3 0  6184
2 24883  98.8009 162.1930 0001770 196.2223 163.8905 14.35026047448339
1 24883U 97037A   25012.84517576  .00000535  00000-0  20389-3 0    16
2 24883  98.8009 162.4062 0001783 195.5281 164.5849 14.35026289448106
1 24883U 97037A   25013.33324981  .00000572  00000-0  21706-3 0    12
2 24883  98.8008 162.9037 0001807 194.0533 166.0601 14.35027094448178
1 24883U 97037A   25013.68187407  .00000519  00000-0  19821-3 0  6191
2 24883  98.8009 163.2591 0001828 192.7386 167.3752 14.35027220448488
1 24883U 97037A   25013.68187407  .00000519  00000-0  19821-3 0    16
2 24883  98.8009 163.2591 0001828 192.7386 167.3752 14.35027220448220
1 24883U 97037A   25014.37912208  .00000541  00000-0  20621-3 0    13
2 24883  98.8010 163.9699 0001865 190.6438 169.4708 14.35028222448322
1 24883U 97037A   25014.86719537  .00000512  00000-0  19601-3 0    11
2 24883  98.8010 164.4674 0001892 189.0509 171.0642 14.35028700448396
1 24883U 97037A   25015.00664485  .00000512  00000-0  19601-3 0  6206
2 24883  98.8011 164.6096 0001898 188.7025 171.4127 14.35028863448675
1 24883U 97037A   25015.42499324  .00000541  00000-0  20619-3 0    16
2 24883  98.8011 165.0360 0001915 187.5941 172.5215 14.35029528448475
1 24883U 97037A   25015.91306604  .00000542  00000-0  20651-3 0    15
2 24883  98.8011 165.5336 0001945 185.8696 174.2466 14.35030189448544
1 24883U 97037A   25016.40113869  .00000562  00000-0  21334-3 0    10
2 24883  98.8011 166.0311 0001970 184.4701 175.6466 14.35030904448611
1 24883U 97037A   25016.40113869  .00000562  00000-0  21334-3 0  6218
2 24883  98.8011 166.0311 0001970 184.4701 175.6466 14.35030904448879
1 24883U 97037A   25017.37728300  .00000656  00000-0  24643-3 0    19
2 24883  98.8012 167.0261 0002027 181.2853 178.8327 14.35032766448758
1 24883U 97037A   25017.86535473  .00000705  00000-0  26367-3 0  6229
2 24883  98.8012 167.5237 0002051 179.7502 180.3684 14.35033748449088
1 24883U 97037A   25017.93507924  .00000708  00000-0  26463-3 0    18
2 24883  98.8012 167.5948 0002056 179.4632 180.6555 14.35033864448834
1 24883U 97037A   25018.42315069  .00000724  00000-0  27014-3 0    11
2 24883  98.8013 168.0923 0002074 178.5192 181.5999 14.35034663448903
1 24883U 97037A   25018.91122204  .00000743  00000-0  27692-3 0    15
2 24883  98.8014 168.5898 0002095 177.2228 182.8968 14.35035459448970
1 24883U 97037A   25018.98094649  .00000745  00000-0  27752-3 0  6232
2 24883  98.8014 168.6609 0002098 177.0228 183.0969 14.35035565449245
1 24883U 97037A   25019.39929292  .00000762  00000-0  28347-3 0    19
2 24883  98.8013 169.0873 0002115 176.1362 183.9839 14.35036323449047
1 24883U 97037A   25019.88736326  .00000878  00000-0  32439-3 0    12
2 24883  98.8014 169.5849 0002137 174.7537 185.3670 14.35037813449110
1 24883U 97037A   25020.02681196  .00000878  00000-0  32432-3 0  6248
2 24883  98.8014 169.7270 0002144 174.2722 185.8487 14.35038028449399
1 24883U 97037A   25020.37543337  .00000920  00000-0  33888-3 0    13
2 24883  98.8014 170.0824 0002158 173.4120 186.7093 14.35038889449182
1 24883U 97037A   25020.93322753  .00000944  00000-0  34739-3 0    14
2 24883  98.8015 170.6511 0002189 171.8246 188.2975 14.35039994449260
1 24883U 97037A   25021.42129704  .00000921  00000-0  33918-3 0  6255
2 24883  98.8016 171.1486 0002209 170.6235 189.4991 14.35040749449593
1 24883U 97037A   25021.42129704  .00000921  00000-0  33918-3 0    13
2 24883  98.8016 171.1486 0002209 170.6235 189.4991 14.35040749449335
1 24883U 97037A   25021.90936624  .00000916  00000-0  33759-3 0    10
2 24883  98.8017 171.6462 0002230 169.4121 190.7110 14.35041629449403
1 24883U 97037A   25022.39743499  .00000950  00000-0  34949-3 0    10
2 24883  98.8017 172.1438 0002250 168.1298 191.9940 14.35042754449476
1 24883U 97037A   25023.16439972  .00000975  00000-0  35806-3 0    14
2 24883  98.8018 172.9257 0002298 165.8796 194.2453 14.35044320449581
1 24883U 97037A   25023.16439972  .00000975  00000-0  35806-3 0  6267
2 24883  98.8018 172.9257 0002298 165.8796 194.2453 14.35044320449840
1 24883U 97037A   25023.86163920  .00000976  00000-0  35869-3 0    18
2 24883  98.8019 173.6365 0002327 164.1526 195.9731 14.35045842449684
1 24883U 97037A   25024.41943033  .00001105  00000-0  40372-3 0  6275
2 24883  98.8020 174.2052 0002341 162.9130 197.2134 14.35047693450027
1 24883U 97037A   25024.41943033  .00001105  00000-0  40372-3 0    11
2 24883  98.8020 174.2052 0002341 162.9130 197.2134 14.35047693449766
1 24883U 97037A   25024.83777342  .00000953  00000-0  35045-3 0    16
2 24883  98.8021 174.6317 0002372 161.7673 198.3597 14.35047791449829
1 24883U 97037A   25025.39556387  .00001036  00000-0  37943-3 0    14
2 24883  98.8021 175.2004 0002395 160.2977 199.8301 14.35049385449904
1 24883U 97037A   25025.74418273  .00000993  00000-0  36458-3 0  6280
2 24883  98.8022 175.5559 0002413 159.4163 200.7119 14.35049864450218
1 24883U 97037A   25025.74418273  .00000993  00000-0  36458-3 0    15
2 24883  98.8022 175.5559 0002413 159.4163 200.7119 14.35049864449957
1 24883U 97037A   25026.44142019  .00000920  00000-0  33885-3 0    16
2 24883  98.8022 176.2667 0002436 157.7771 202.3519 14.35050809450052
1 24883U 97037A   25026.92948589  .00000832  00000-0  30816-3 0    18
2 24883  98.8023 176.7643 0002457 156.6518 203.4778 14.35051317450124
1 24883U 97037A   25026.99920955  .00000832  00000-0  30790-3 0  6299
2 24883  98.8023 176.8354 0002462 156.4585 203.6713 14.35051441450390
1 24883U 97037A   25027.41755142  .00000853  00000-0  31523-3 0    13
2 24883  98.8024 177.2619 0002475 155.4698 204.6605 14.35052327450191
1 24883U 97037A   25027.90561643  .00000821  00000-0  30426-3 0    14
2 24883  98.8025 177.7596 0002501 154.3243 205.8066 14.35053142450263
1 24883U 97037A   25028.25423411  .00000830  00000-0  30735-3 0  6304
2 24883  98.8025 178.1150 0002512 153.5238 206.6075 14.35053853450573
1 24883U 97037A   25028.88174543  .00000869  00000-0  32100-3 0    14
2 24883  98.8026 178.7548 0002539 151.9911 208.1411 14.35055321450405
1 24883U 97037A   25029.43953290  .00000863  00000-0  31889-3 0  6316
2 24883  98.8027 179.3236 0002562 150.6296 209.5033 14.35056358450748
1 24883U 97037A   25029.43953290  .00000863  00000-0  31889-3 0    17
2 24883  98.8027 179.3236 0002562 150.6296 209.5033 14.35056358450489
1 24883U 97037A   25029.85787333  .00000797  00000-0  29565-3 0    10
2 24883  98.8027 179.7501 0002578 149.6902 210.4432 14.35056788450545
1 24883U 97037A   25030.41566028  .00000850  00000-0  31435-3 0    19
2 24883  98.8028 180.3188 0002612 148.3391 211.7951 14.35058073450620
1 24883U 97037A   25030.69455361  .00000836  00000-0  30949-3 0  6329
2 24883  98.8028 180.6031 0002623 147.7094 212.4251 14.35058493450925
1 24883U 97037A   25030.69455361  .00000836  00000-0  30949-3 0    19
2 24883  98.8028 180.6031 0002623 147.7094 212.4251 14.35058493450666
1 24883U 97037A   25031.39178634  .00000887  00000-0  32714-3 0    10
2 24883  98.8029 181.3141 0002641 146.1864 213.9489 14.35060058450765
1 24883U 97037A   25032.01929537  .00000815  00000-0  30212-3 0  6339
2 24883  98.8030 181.9539 0002675 144.6566 215.4796 14.35060815451112
1 24883U 97037A   25032.36791106  .00000908  00000-0  33455-3 0    10
2 24883  98.8030 182.3094 0002686 143.8557 216.2810 14.35062007450903
1 24883U 97037A   25032.85597287  .00000938  00000-0  34505-3 0    18
2 24883  98.8031 182.8071 0002704 142.7845 217.3528 14.35063126450971
1 24883U 97037A   25033.41375736  .00000933  00000-0  34332-3 0  6349
2 24883  98.8032 183.3758 0002720 141.6372 218.5006 14.35064197451313
1 24883U 97037A   25033.41375736  .00000933  00000-0  34332-3 0    17
2 24883  98.8032 183.3758 0002720 141.6372 218.5006 14.35064197451054
1 24883U 97037A   25034.38987966  .00000900  00000-0  33161-3 0    11
2 24883  98.8034 184.3713 0002752 139.5464 220.5925 14.35065816451198
1 24883U 97037A   25034.80821738  .00000834  00000-0  30872-3 0  6357
2 24883  98.8034 184.7978 0002775 138.6015 221.5380 14.35066253451510
1 24883U 97037A   25034.94766329  .00000786  00000-0  29164-3 0    11
2 24883  98.8035 184.9400 0002776 138.3397 221.7999 14.35066231451271
1 24883U 97037A   25035.36600068  .00000873  00000-0  32212-3 0    10
2 24883  98.8034 185.3665 0002795 137.3293 222.8109 14.35067474451335
1 24883U 97037A   25035.85406088  .00000788  00000-0  29243-3 0  6369
2 24883  98.8034 185.8642 0002820 136.2240 223.9168 14.35067885451663
1 24883U 97037A   25036.41184360  .00000827  00000-0  30628-3 0    17
2 24883  98.8035 186.4329 0002839 135.0329 225.1086 14.35069054451481
1 24883U 97037A   25036.69073477  .00000843  00000-0  31173-3 0    17
2 24883  98.8036 186.7173 0002850 134.4006 225.7412 14.35069627451520
1 24883U 97037A   25037.38796237  .00000823  00000-0  30459-3 0    14
2 24883  98.8036 187.4283 0002877 132.8508 227.2919 14.35070741451627
1 24883U 97037A   25037.38796237  .00000823  00000-0  30459-3 0  6379
2 24883  98.8036 187.4283 0002877 132.8508 227.2919 14.35070741451885
1 24883U 97037A   25037.94574404  .00000789  00000-0  29282-3 0    19
2 24883  98.8037 187.9971 0002886 131.7334 228.4098 14.35071510451707
1 24883U 97037A   25038.43380277  .00000742  00000-0  27647-3 0  6385
2 24883  98.8038 188.4948 0002909 130.7831 229.3606 14.35072074452033
1 24883U 97037A   25038.92186136  .00000686  00000-0  25658-3 0    18
2 24883  98.8039 188.9926 0002927 129.7931 230.3512 14.35072535451842
1 24883U 97037A   25039.40991984  .00000729  00000-0  27163-3 0    18
2 24883  98.8040 189.4903 0002942 128.7334 231.4113 14.35073456451918
1 24883U 97037A   25039.82825525  .00000718  00000-0  26778-3 0  6397
2 24883  98.8041 189.9169 0002966 127.7682 232.3771 14.35074075452233
1 24883U 97037A   25039.89797788  .00000634  00000-0  23861-3 0    13
2 24883  98.8041 189.9880 0002965 127.7006 232.4448 14.35073722451983
1 24883U 97037A   25040.38603593  .00000670  00000-0  25103-3 0    10
2 24883  98.8041 190.4857 0002971 126.6572 233.4886 14.35074543452055
1 24883U 97037A   25040.94381574  .00000728  00000-0  27144-3 0    15
2 24883  98.8042 191.0546 0002987 125.4608 234.6855 14.35075750452131
1 24883U 97037A   25041.01353821  .00000732  00000-0  27265-3 0  6406
2 24883  98.8042 191.1257 0002996 125.3088 234.8377 14.35075869452404
1 24883U 97037A   25041.36215051  .00000780  00000-0  28960-3 0    13
2 24883  98.8043 191.4812 0002999 124.5596 235.5872 14.35076648452193
1 24883U 97037A   25041.91993011  .00000682  00000-0  25533-3 0    17
2 24883  98.8043 192.0500 0003017 123.3878 236.7596 14.35076929452273
1 24883U 97037A   25042.12909734  .00000684  00000-0  25615-3 0  6413
2 24883  98.8044 192.2633 0003018 122.9580 237.1895 14.35077223452566
1 24883U 97037A   25042.40798692  .00000690  00000-0  25812-3 0    19
2 24883  98.8044 192.5478 0003024 122.3703 237.7775 14.35077671452340
1 24883U 97037A   25042.89604363  .00000618  00000-0  23276-3 0    15
2 24883  98.8045 193.0455 0003044 121.3661 238.7822 14.35077968452417
1 24883U 97037A   25043.17493302  .00000644  00000-0  24208-3 0  6422
2 24883  98.8046 193.3300 0003058 120.7727 239.3758 14.35078481452710
1 24883U 97037A   25043.38409998  .00000648  00000-0  24335-3 0    17
2 24883  98.8046 193.5433 0003056 120.3072 239.8416 14.35078816452488
1 24883U 97037A   25043.94187845  .00000615  00000-0  23171-3 0    14
2 24883  98.8047 194.1122 0003077 119.1110 241.0382 14.35079419452569
1 24883U 97037A   25044.36021207  .00000638  00000-0  23972-3 0  6436
2 24883  98.8048 194.5388 0003083 118.2775 241.8720 14.35080123452885
1 24883U 97037A   25044.36021207  .00000638  00000-0  23972-3 0    14
2 24883  98.8048 194.5388 0003083 118.2775 241.8720 14.35080123452627
1 24883U 97037A   25044.91798989  .00000667  00000-0  24994-3 0    10
2 24883  98.8049 195.1077 0003094 117.1215 243.0285 14.35081097452709
1 24883U 97037A   25045.40604490  .00000716  00000-0  26727-3 0  6442
2 24883  98.8050 195.6054 0003095 116.1447 244.0056 14.35082164453038
1 24883U 97037A   25045.40604490  .00000716  00000-0  26727-3 0    19
2 24883  98.8050 195.6054 0003095 116.1447 244.0056 14.35082164452778
1 24883U 97037A   25045.96382195  .00000748  00000-0  27846-3 0    13
2 24883  98.8051 196.1743 0003121 114.9544 245.1965 14.35083211452858
1 24883U 97037A   25046.38215446  .00000779  00000-0  28913-3 0    14
2 24883  98.8052 196.6010 0003126 114.0980 246.0532 14.35084041452910
1 24883U 97037A   25046.66104279  .00000738  00000-0  27493-3 0  6457
2 24883  98.8053 196.8854 0003130 113.4844 246.6670 14.35084240453210
1 24883U 97037A   25046.93993102  .00000794  00000-0  29457-3 0    18
2 24883  98.8053 197.1699 0003126 112.9025 247.2490 14.35084961452992
1 24883U 97037A   25047.63715131  .00000735  00000-0  27374-3 0    11
2 24883  98.8054 197.8810 0003146 111.5656 248.5864 14.35085679453090
1 24883U 97037A   25047.84631725  .00000731  00000-0  27258-3 0  6462
2 24883  98.8055 198.0943 0003149 111.1553 248.9968 14.35085999453382
1 24883U 97037A   25047.91603920  .00000773  00000-0  28727-3 0    19
2 24883  98.8055 198.1654 0003140 110.9790 249.1731 14.35086330453137
1 24883U 97037A   25048.40409299  .00000812  00000-0  30083-3 0    19
2 24883  98.8055 198.6631 0003164 109.9978 250.1547 14.35087260453207
1 24883U 97037A   25048.96186836  .00000754  00000-0  28054-3 0    19
2 24883  98.8056 199.2321 0003158 108.8810 251.2717 14.35087787453280
1 24883U 97037A   25049.17103406  .00000740  00000-0  27567-3 0  6474
2 24883  98.8056 199.4454 0003157 108.5184 251.6344 14.35088005453575
1 24883U 97037A   25049.31047776  .00000783  00000-0  29071-3 0    10
2 24883  98.8056 199.5876 0003156 108.2137 251.9392 14.35088464453337
1 24883U 97037A   25049.93797428  .00000718  00000-0  26781-3 0    17
2 24883  98.8057 200.2276 0003154 106.8230 253.3301 14.35089115453428
1 24883U 97037A   25050.42602618  .00000867  00000-0  31991-3 0  6480
2 24883  98.8058 200.7254 0003148 105.8399 254.3133 14.35090872453750
1 24883U 97037A   25050.42602618  .00000867  00000-0  31991-3 0    13
2 24883  98.8058 200.7254 0003148 105.8399 254.3133 14.35090872453491
1 24883U 97037A   25050.91407839  .00000796  00000-0  29520-3 0    11
2 24883  98.8059 201.2233 0003159 104.9059 255.2476 14.35091313453569
1 24883U 97037A   25051.40212991  .00000858  00000-0  31688-3 0    16
2 24883  98.8060 201.7211 0003168 103.8809 256.2728 14.35092566453633
1 24883U 97037A   25051.89018159  .00000747  00000-0  27799-3 0  6492
2 24883  98.8061 202.2189 0003167 102.9439 257.2099 14.35092775453962
1 24883U 97037A   25051.95990321  .00000747  00000-0  27782-3 0    13
2 24883  98.8061 202.2900 0003169 102.7926 257.3612 14.35092891453718
1 24883U 97037A   25052.37823265  .00000801  00000-0  29674-3 0    15
2 24883  98.8061 202.7167 0003158 101.8337 258.3202 14.35093938453777
1 24883U 97037A   25052.86628328  .00000762  00000-0  28311-3 0    15
2 24883  98.8063 203.2146 0003167 100.9368 259.2173 14.35094688453844
1 24883U 97037A   25053.14516927  .00000765  00000-0  28427-3 0  6509
2 24883  98.8064 203.4991 0003179 100.5103 259.6440 14.35095211454149
1 24883U 97037A   25053.42405503  .00000826  00000-0  30557-3 0    12
2 24883  98.8065 203.7835 0003164  99.8289 260.3253 14.35096101453924
1 24883U 97037A   25053.70294091  .00000809  00000-0  29961-3 0    19
2 24883  98.8065 204.0680 0003170  99.3028 260.8515 14.35096509453961
1 24883U 97037A   25054.40015457  .00000873  00000-0  32221-3 0  6519
2 24883  98.8066 204.7793 0003179  97.9889 262.1656 14.35098302454327
1 24883U 97037A   25054.95792539  .00000862  00000-0  31836-3 0    10
2 24883  98.8067 205.3482 0003166  96.7733 263.3812 14.35099266454148
1 24883U 97037A   25055.37625274  .00000940  00000-0  34573-3 0    16
2 24883  98.8068 205.7750 0003165  95.9322 264.2223 14.35100606454209
1 24883U 97037A   25055.86430119  .00001052  00000-0  38481-3 0  6521
2 24883  98.8069 206.2729 0003161  94.8753 265.2792 14.35102219454534
1 24883U 97037A   25056.42207015  .00001028  00000-0  37631-3 0    18
2 24883  98.8069 206.8418 0003145  93.6747 266.4797 14.35103336454356
1 24883U 97037A   25056.91011792  .00001017  00000-0  37246-3 0    17
2 24883  98.8071 207.3398 0003150  92.7154 267.4391 14.35104293454422
1 24883U 97037A   25057.11928111  .00001015  00000-0  37197-3 0  6538
2 24883  98.8071 207.5531 0003149  92.2893 267.8652 14.35104708454713
1 24883U 97037A   25057.39816507  .00001102  00000-0  40217-3 0    14
2 24883  98.8071 207.8376 0003139  91.6551 268.4993 14.35105820454492
1 24883U 97037A   25057.67704901  .00001087  00000-0  39690-3 0    14
2 24883  98.8071 208.1221 0003136  91.0373 269.1171 14.35106355454533
1 24883U 97037A   25058.37425841  .00001118  00000-0  40792-3 0  6549
2 24883  98.8073 208.8334 0003136  89.6192 270.5352 14.35108079454890
1 24883U 97037A   25058.37425841  .00001118  00000-0  40792-3 0    15
2 24883  98.8073 208.8334 0003136  89.6192 270.5352 14.35108079454632
1 24883U 97037A   25058.65314182  .00001072  00000-0  39161-3 0    18
2 24883  98.8073 209.1179 0003143  89.1564 270.9980 14.35108509454672
1 24883U 97037A   25059.42007110  .00001050  00000-0  38419-3 0  6550
2 24883  98.8076 209.9004 0003164  87.8692 272.2855 14.35110105455043
1 24883U 97037A   25059.42007110  .00001050  00000-0  38419-3 0    15
2 24883  98.8076 209.9004 0003164  87.8692 272.2855 14.35110105454783
1 24883U 97037A   25059.83839590  .00000949  00000-0  34882-3 0    11
2 24883  98.8076 210.3272 0003148  86.9505 273.2040 14.35110459454847
1 24883U 97037A   25060.39616182  .00000905  00000-0  33317-3 0    18
2 24883  98.8077 210.8962 0003143  85.7953 274.3590 14.35111411454928
1 24883U 97037A   25060.81448588  .00000865  00000-0  31921-3 0  6568
2 24883  98.8078 211.3230 0003129  84.8654 275.2887 14.35112116455243
1 24883U 97037A   25060.88420659  .00000861  00000-0  31798-3 0    16
2 24883  98.8078 211.3941 0003144  84.8385 275.3158 14.35112244454995
1 24883U 97037A   25061.37225112  .00000814  00000-0  30126-3 0    10
2 24883  98.8078 211.8920 0003139  83.8219 276.3323 14.35112980455067
1 24883U 97037A   25061.86029543  .00000759  00000-0  28192-3 0  6579
2 24883  98.8080 212.3900 0003139  82.9258 277.2284 14.35113650455394
1 24883U 97037A   25061.86029543  .00000759  00000-0  28192-3 0    12
2 24883  98.8080 212.3900 0003139  82.9258 277.2284 14.35113650455136
1 24883U 97037A   25062.41805997  .00000777  00000-0  28841-3 0    10
2 24883  98.8081 212.9591 0003119  81.6067 278.5471 14.35114787455214
1 24883U 97037A   25062.90610360  .00000676  00000-0  25303-3 0    10
2 24883  98.8082 213.4571 0003121  80.7602 279.3935 14.35115185455281
1 24883U 97037A   25063.04554462  .00000670  00000-0  25097-3 0  6588
2 24883  98.8082 213.5994 0003122  80.4958 279.6579 14.35115387455565
1 24883U 97037A   25063.39414710  .00000751  00000-0  27929-3 0    15
2 24883  98.8083 213.9551 0003114  79.7129 280.4406 14.35116409455353
1 24883U 97037A   25063.88219020  .00000665  00000-0  24923-3 0    11
2 24883  98.8085 214.4530 0003119  78.8287 281.3248 14.35116828455425
1 24883U 97037A   25064.37023303  .00000720  00000-0  26840-3 0  6594
2 24883  98.8086 214.9510 0003115  77.8691 282.2842 14.35117946455751
1 24883U 97037A   25064.37023303  .00000720  00000-0  26840-3 0    15
2 24883  98.8086 214.9510 0003115  77.8691 282.2842 14.35117946455492
1 24883U 97037A   25064.85827598  .00000627  00000-0  23570-3 0    19
2 24883  98.8087 215.4490 0003100  76.8581 283.2949 14.35118158455560
1 24883U 97037A   25065.41603896  .00000608  00000-0  22901-3 0  6602
2 24883  98.8088 216.0182 0003091  75.7984 284.3544 14.35118859455909
1 24883U 97037A   25065.41603896  .00000608  00000-0  22901-3 0    11
2 24883  98.8088 216.0182 0003091  75.7984 284.3544 14.35118859455640
1 24883U 97037A   25065.69492031  .00000613  00000-0  23074-3 0    16
2 24883  98.8089 216.3027 0003088  75.2454 284.9073 14.35119285455686
1 24883U 97037A   25066.39212352  .00000633  00000-0  23786-3 0    12
2 24883  98.8091 217.0141 0003074  73.7982 286.3540 14.35120334455781
1 24883U 97037A   25066.67100457  .00000637  00000-0  23915-3 0  6615
2 24883  98.8091 217.2987 0003071  73.2623 286.8898 14.35120745456086
1 24883U 97037A   25066.67100457  .00000637  00000-0  23915-3 0    13
2 24883  98.8091 217.2987 0003071  73.2623 286.8898 14.35120745455827
1 24883U 97037A   25067.01960585  .00000604  00000-0  22769-3 0    18
2 24883  98.8092 217.6544 0003062  72.5133 287.6386 14.35121040455874
1 24883U 97037A   25067.85624833  .00000667  00000-0  24968-3 0    15
2 24883  98.8093 218.5081 0003037  70.7457 289.4055 14.35122538455991
1 24883U 97037A   25067.99568864  .00000673  00000-0  25182-3 0  6620
2 24883  98.8093 218.6504 0003036  70.4781 289.6731 14.35122769456279
1 24883U 97037A   25068.41400933  .00000787  00000-0  29186-3 0    11
2 24883  98.8094 219.0773 0003026  69.5650 290.5859 14.35124033456072
1 24883U 97037A   25068.90205022  .00000696  00000-0  25983-3 0    17
2 24883  98.8095 219.5753 0003014  68.6368 291.5138 14.35124234456141
1 24883U 97037A   25069.04149039  .00000699  00000-0  26106-3 0  6633
2 24883  98.8095 219.7176 0003015  68.4004 291.7501 14.35124447456421
1 24883U 97037A   25069.39009104  .00000699  00000-0  26091-3 0    18
2 24883  98.8096 220.0733 0003016  67.7748 292.3756 14.35124878456218
1 24883U 97037A   25069.87813147  .00000650  00000-0  24371-3 0    17
2 24883  98.8097 220.5714 0002999  66.7612 293.3888 14.35125294456288
1 24883U 97037A   25070.15701175  .00000650  00000-0  24376-3 0  6647
2 24883  98.8097 220.8560 0002987  66.1029 294.0468 14.35125604456583
1 24883U 97037A   25070.43589168  .00000670  00000-0  25090-3 0    15
2 24883  98.8098 221.1406 0002980  65.5354 294.6141 14.35126163456365
1 24883U 97037A   25070.85421149  .00000666  00000-0  24955-3 0    19
2 24883  98.8099 221.5675 0002970  64.7916 295.3576 14.35126784456428
1 24883U 97037A   25071.41197109  .00000709  00000-0  26453-3 0  6657
2 24883  98.8100 222.1366 0002952  63.6279 296.5209 14.35127806456764
1 24883U 97037A   25071.41197109  .00000709  00000-0  26453-3 0    11
2 24883  98.8100 222.1366 0002952  63.6279 296.5209 14.35127806456506
1 24883U 97037A   25071.90001008  .00000725  00000-0  27017-3 0    12
2 24883  98.8101 222.6347 0002947  62.7748 297.3736 14.35128736456570
1 24883U 97037A   25072.38804881  .00000835  00000-0  30857-3 0    13
2 24883  98.8102 223.1328 0002937  61.7377 298.4103 14.35130139456640
1 24883U 97037A   25072.87608743  .00000780  00000-0  28950-3 0  6663
2 24883  98.8103 223.6309 0002921  60.8087 299.3390 14.35130641456978
1 24883U 97037A   25072.94580718  .00000783  00000-0  29041-3 0    10
2 24883  98.8104 223.7020 0002920  60.6623 299.4853 14.35130775456729
1 24883U 97037A   25073.64300438  .00000892  00000-0  32839-3 0    17
2 24883  98.8105 224.4135 0002901  59.2058 300.9412 14.35132573456828
1 24883U 97037A   25073.99160265  .00000874  00000-0  32235-3 0  6675
2 24883  98.8106 224.7693 0002889  58.4853 301.6613 14.35133143457130
1 24883U 97037A   25073.92188301  .00000872  00000-0  32145-3 0    19
2 24883  98.8106 224.6981 0002891  58.6285 301.5182 14.35133006456860
1 24883U 97037A   25074.40992041  .00000941  00000-0  34559-3 0    15
2 24883  98.8107 225.1962 0002872  57.4619 302.6843 14.35134271456932
1 24883U 97037A   25074.89795744  .00000896  00000-0  32998-3 0    13
2 24883  98.8108 225.6943 0002847  56.2948 303.8508 14.35134984457002
1 24883U 97037A   25075.03739657  .00000892  00000-0  32860-3 0  6684
2 24883  98.8108 225.8366 0002838  55.9056 304.2397 14.35135203457285
1 24883U 97037A   25075.38599450  .00000914  00000-0  33619-3 0    16
2 24883  98.8109 226.1924 0002823  54.9999 305.1450 14.35135897457075
1 24883U 97037A   25075.94375007  .00000931  00000-0  34220-3 0    16
2 24883  98.8111 226.7617 0002800  53.7516 306.3927 14.35137179457156
1 24883U 97037A   25076.15290824  .00001039  00000-0  37991-3 0  6691
2 24883  98.8112 226.9752 0002798  53.3269 306.8172 14.35138198457447
1 24883U 97037A   25076.64094367  .00001006  00000-0  36828-3 0    11
2 24883  98.8112 227.4732 0002767  51.9932 308.1502 14.35139147457254
1 24883U 97037A   25076.91982082  .00001046  00000-0  38237-3 0    11
2 24883  98.8113 227.7578 0002755  51.3219 308.8212 14.35140043457291
1 24883U 97037A   25077.40785571  .00001122  00000-0  40904-3 0  6701
2 24883  98.8114 228.2559 0002729  49.8950 310.2473 14.35141556457625
1 24883U 97037A   25077.40785571  .00001122  00000-0  40904-3 0    19
2 24883  98.8114 228.2559 0002729  49.8950 310.2473 14.35141556457366
1 24883U 97037A   25077.89588992  .00001141  00000-0  41582-3 0    14
2 24883  98.8114 228.7540 0002709  48.8557 311.2861 14.35142899457432
1 24883U 97037A   25078.38392416  .00001151  00000-0  41928-3 0    18
2 24883  98.8116 229.2522 0002696  47.7258 312.4155 14.35144045457503
1 24883U 97037A   25078.87195704  .00001219  00000-0  44300-3 0    15
2 24883  98.8117 229.7503 0002677  46.7077 313.4330 14.35145820457570
1 24883U 97037A   25079.01139517  .00001209  00000-0  43942-3 0  6715
2 24883  98.8117 229.8926 0002669  46.4307 313.7099 14.35146082457851
1 24883U 97037A   25079.42970938  .00001221  00000-0  44362-3 0    18
2 24883  98.8118 230.3196 0002663  45.9891 314.1512 14.35147152457656
1 24883U 97037A   25079.84802307  .00001188  00000-0  43201-3 0    11
2 24883  98.8119 230.7465 0002642  44.9776 315.1622 14.35148040457715
1 24883U 97037A   25080.40577445  .00001176  00000-0  42782-3 0  6721
2 24883  98.8120 231.3158 0002604  43.4530 316.6859 14.35149292458059
1 24883U 97037A   25080.40577445  .00001176  00000-0  42782-3 0    17
2 24883  98.8120 231.3158 0002604  43.4530 316.6859 14.35149292457799
1 24883U 97037A   25080.89380583  .00001197  00000-0  43513-3 0    11
2 24883  98.8121 231.8140 0002595  42.2893 317.8491 14.35150794457866
1 24883U 97037A   25081.31211754  .00001367  00000-0  49471-3 0    10
2 24883  98.8123 232.2411 0002595  41.4785 318.6596 14.35153055457920
1 24883U 97037A   25081.66071111  .00001265  00000-0  45902-3 0  6736
2 24883  98.8123 232.5969 0002590  40.7090 319.4288 14.35153425458230
1 24883U 97037A   25081.86986693  .00001271  00000-0  46096-3 0    15
2 24883  98.8124 232.8105 0002580  40.1616 319.9758 14.35154077458009
1 24883U 97037A   25082.14874124  .00001410  00000-0  50964-3 0    16
2 24883  98.8124 233.0951 0002568  39.9020 320.2353 14.35155597458040
1 24883U 97037A   25082.84592661  .00001301  00000-0  47153-3 0  6747
2 24883  98.8126 233.8068 0002535  38.2682 321.8682 14.35156994458403
1 24883U 97037A   25082.91564507  .00001298  00000-0  47059-3 0    17
2 24883  98.8126 233.8779 0002533  38.1549 321.9815 14.35157183458153
1 24883U 97037A   25083.40367420  .00001260  00000-0  45709-3 0    16
2 24883  98.8126 234.3761 0002509  36.7037 323.4319 14.35158333458221
1 24883U 97037A   25084.17057574  .00001300  00000-0  47130-3 0  6759
2 24883  98.8128 235.1590 0002476  34.9092 325.2255 14.35160801458598
1 24883U 97037A   25084.44944887  .00001279  00000-0  46386-3 0    11
2 24883  98.8128 235.4437 0002465  34.4250 325.7093 14.35161490458376
1 24883U 97037A   25084.65860372  .00001222  00000-0  44381-3 0    11
2 24883  98.8129 235.6572 0002455  33.8785 326.2556 14.35161732458407
1 24883U 97037A   25085.42550364  .00001289  00000-0  46718-3 0  6761
2 24883  98.8131 236.4401 0002422  32.3391 327.7942 14.35164287458774
1 24883U 97037A   25085.42550364  .00001289  00000-0  46718-3 0    13
2 24883  98.8131 236.4401 0002422  32.3391 327.7942 14.35164287458516
1 24883U 97037A   25085.84381203  .00001241  00000-0  45039-3 0    16
2 24883  98.8132 236.8673 0002410  31.7509 328.3820 14.35165308458576
1 24883U 97037A   25086.40155664  .00001206  00000-0  43813-3 0    18
2 24883  98.8132 237.4366 0002375  29.9482 330.1838 14.35166572458654
1 24883U 97037A   25086.68042880  .00001116  00000-0  40658-3 0  6787
2 24883  98.8133 237.7213 0002357  29.2718 330.8598 14.35166777458954
1 24883U 97037A   25086.95930070  .00001084  00000-0  39548-3 0    14
2 24883  98.8134 238.0060 0002339  28.3146 331.8166 14.35167355458735
1 24883U 97037A   25087.44732671  .00000955  00000-0  35024-3 0    17
2 24883  98.8134 238.5042 0002311  26.9644 333.1660 14.35167776458806
1 24883U 97037A   25087.86563412  .00000925  00000-0  33989-3 0  6794
2 24883  98.8135 238.9312 0002292  25.9324 334.1975 14.35168649459129
1 24883U 97037A   25087.93535203  .00000917  00000-0  33696-3 0    14
2 24883  98.8135 239.0024 0002288  25.6580 334.4717 14.35168756458874
1 24883U 97037A   25088.35365930  .00000881  00000-0  32464-3 0    11
2 24883  98.8135 239.4295 0002264  24.5227 335.6065 14.35169493458933
1 24883U 97037A   25088.91140214  .00000797  00000-0  29516-3 0    19
2 24883  98.8137 239.9990 0002232  22.9620 337.1664 14.35170206459012
1 24883U 97037A   25089.12055560  .00000781  00000-0  28953-3 0  6802
2 24883  98.8137 240.2125 0002221  22.3711 337.7570 14.35170521459304
1 24883U 97037A   25089.39942688  .00000776  00000-0  28788-3 0    14
2 24883  98.8138 240.4972 0002209  21.8216 338.3063 14.35171034459086
1 24883U 97037A   25090.44519294  .00000735  00000-0  27324-3 0  6819
2 24883  98.8140 241.5649 0002156  19.1434 340.9831 14.35172818459493
1 24883U 97037A   25090.44519294  .00000735  00000-0  27324-3 0    15
2 24883  98.8140 241.5649 0002156  19.1434 340.9831 14.35172818459235
1 24883U 97037A   25090.86349913  .00000699  00000-0  26084-3 0    11
2 24883  98.8141 241.9920 0002134  17.8783 342.2476 14.35173363459292
1 24883U 97037A   25091.42124053  .00000695  00000-0  25934-3 0    19
2 24883  98.8142 242.5614 0002102  16.4012 343.7240 14.35174240459374
1 24883U 97037A   25091.83954641  .00000640  00000-0  24021-3 0  6829
2 24883  98.8143 242.9886 0002078  15.1597 344.9650 14.35174602459691
1 24883U 97037A   25091.90926405  .00000634  00000-0  23798-3 0    12
2 24883  98.8143 243.0598 0002073  14.7863 345.3381 14.35174666459448
1 24883U 97037A   25092.39728717  .00000701  00000-0  26135-3 0    15
2 24883  98.8144 243.5581 0002055  13.8192 346.3048 14.35175791459510
1 24883U 97037A   25092.88531002  .00000674  00000-0  25208-3 0  6833
2 24883  98.8146 244.0564 0002031  12.7885 347.3351 14.35176422459846
1 24883U 97037A   25092.67615733  .00000681  00000-0  25450-3 0    15
2 24883  98.8145 243.8428 0002041  13.2631 346.8607 14.35176144459554
1 24883U 97037A   25093.44304981  .00000805  00000-0  29782-3 0    11
2 24883  98.8148 244.6259 0002006  11.5284 348.5946 14.35178065459665
1 24883U 97037A   25093.86135473  .00000745  00000-0  27682-3 0    15
2 24883  98.8149 245.0530 0001980  10.5052 349.6174 14.35178373459729
1 24883U 97037A   25094.00078961  .00000745  00000-0  27679-3 0  6843
2 24883  98.8149 245.1954 0001975  10.0978 350.0245 14.35178588460002
1 24883U 97037A   25094.41909382  .00000829  00000-0  30637-3 0    12
2 24883  98.8150 245.6225 0001953   8.6616 351.4602 14.35179799459801
1 24883U 97037A   25094.69796349  .00000751  00000-0  27909-3 0    11
2 24883  98.8151 245.9073 0001934   7.7662 352.3553 14.35179791459847
1 24883U 97037A   25095.11626724  .00000849  00000-0  31336-3 0  6853
2 24883  98.8151 246.3344 0001914   6.9304 353.1906 14.35181120460162
1 24883U 97037A   25095.95287445  .00000822  00000-0  30361-3 0    18
2 24883  98.8153 247.1887 0001868   4.7398 355.3804 14.35182530460024
1 24883U 97037A   25096.37117758  .00000914  00000-0  33600-3 0  6864
2 24883  98.8154 247.6158 0001848   3.5116 356.6081 14.35183836460340
1 24883U 97037A   25096.92891502  .00000854  00000-0  31511-3 0    14
2 24883  98.8155 248.1853 0001814   1.8801 358.2390 14.35184556460165
1 24883U 97037A   25097.27750066  .00000881  00000-0  32455-3 0    10
2 24883  98.8155 248.5413 0001795   0.8412 359.2775 14.35185351460214
1 24883U 97037A   25097.69580340  .00000808  00000-0  29900-3 0  6872
2 24883  98.8156 248.9685 0001772 359.7029   0.4154 14.35185720460536
1 24883U 97037A   25097.90495465  .00000784  00000-0  29055-3 0    13
2 24883  98.8157 249.1821 0001760 358.9838   1.1343 14.35185993460303
1 24883U 97037A   25098.39297394  .00000814  00000-0  30102-3 0    17
2 24883  98.8157 249.6804 0001740 357.2453   2.8722 14.35187059460373
1 24883U 97037A   25098.88099292  .00000760  00000-0  28198-3 0  6881
2 24883  98.8158 250.1788 0001711 355.6526   4.4644 14.35187701460705
1 24883U 97037A   25098.88099292  .00000760  00000-0  28198-3 0    10
2 24883  98.8158 250.1788 0001711 355.6526   4.4644 14.35187701460446
1 24883U 97037A   25099.36901163  .00000806  00000-0  29819-3 0    15
2 24883  98.8158 250.6771 0001689 353.7919   6.3245 14.35188832460514
1 24883U 97037A   25099.85703007  .00000741  00000-0  27551-3 0    15
2 24883  98.8159 251.1755 0001657 352.1858   7.9301 14.35189391460581
1 24883U 97037A   25099.99646399  .00000718  00000-0  26733-3 0  6897
2 24883  98.8159 251.3179 0001653 351.3952   8.7204 14.35189465460869
1 24883U 97037A   25100.41476529  .00000777  00000-0  28797-3 0    18
2 24883  98.8159 251.7451 0001635 349.7027  10.4124 14.35190502460663
1 24883U 97037A   25100.83306642  .00000760  00000-0  28200-3 0    13
2 24883  98.8160 252.1722 0001613 348.1191  11.9955 14.35191118460721
1 24883U 97037A   25101.18165043  .00000810  00000-0  29945-3 0  6907
2 24883  98.8161 252.5282 0001599 346.9903  13.1240 14.35191974461033
1 24883U 97037A   25101.66966811  .00000770  00000-0  28569-3 0    14
2 24883  98.8162 253.0266 0001573 345.4972  14.6167 14.35192529460843
1 24883U 97037A   25102.43655216  .00000749  00000-0  27824-3 0  6918
2 24883  98.8164 253.8099 0001526 342.9348  17.1785 14.35193696461216
1 24883U 97037A   25102.43655216  .00000749  00000-0  27824-3 0    13
2 24883  98.8164 253.8099 0001526 342.9348  17.1785 14.35193696460956
1 24883U 97037A   25103.69145237  .00000685  00000-0  25584-3 0  6925
2 24883  98.8167 255.0915 0001459 338.7495  21.3629 14.35195294461390
1 24883U 97037A   25103.69145237  .00000685  00000-0  25584-3 0    19
2 24883  98.8167 255.0915 0001459 338.7495  21.3629 14.35195294461132
1 24883U 97037A   25104.94635135  .00000652  00000-0  24415-3 0    15
2 24883  98.8170 256.3731 0001404 332.9533  27.1578 14.35196891461316
1 24883U 97037A   25105.01606790  .00000651  00000-0  24397-3 0  6934
2 24883  98.8170 256.4443 0001401 332.6861  27.4250 14.35196982461585
1 24883U 97037A   25105.43436710  .00000692  00000-0  25833-3 0    17
2 24883  98.8171 256.8715 0001385 330.7664  29.3443 14.35197810461387
1 24883U 97037A   25105.92238269  .00000660  00000-0  24708-3 0    15
2 24883  98.8172 257.3700 0001355 328.9341  31.1763 14.35198339461457
1 24883U 97037A   25106.41039785  .00000690  00000-0  25744-3 0  6944
2 24883  98.8173 257.8684 0001339 326.7472  33.3628 14.35199228461785
1 24883U 97037A   25106.41039785  .00000690  00000-0  25744-3 0    16
2 24883  98.8173 257.8684 0001339 326.7472  33.3628 14.35199228461527
1 24883U 97037A   25107.38642780  .00000651  00000-0  24375-3 0    14
2 24883  98.8176 258.8653 0001296 322.4612  37.6482 14.35200375461664
1 24883U 97037A   25107.87444252  .00000597  00000-0  22497-3 0  6953
2 24883  98.8176 259.3638 0001281 319.4772  40.6317 14.35200729461990
1 24883U 97037A   25107.94415889  .00000594  00000-0  22391-3 0    16
2 24883  98.8176 259.4350 0001281 319.0607  41.0481 14.35200800461745
1 24883U 97037A   25108.98990377  .00000557  00000-0  21097-3 0  6962
2 24883  98.8178 260.5031 0001247 313.7648  46.3433 14.35202029462150
1 24883U 97037A   25109.89621506  .00000584  00000-0  22036-3 0    12
2 24883  98.8180 261.4288 0001210 309.0505  51.0572 14.35203450462029
1 24883U 97037A   25110.45394476  .00000595  00000-0  22437-3 0  6977
2 24883  98.8180 261.9985 0001198 306.3621  53.7453 14.35204266462362
1 24883U 97037A   25110.87224189  .00000572  00000-0  21629-3 0    12
2 24883  98.8181 262.4257 0001183 304.2108  55.8964 14.35204707462160
1 24883U 97037A   25111.42997101  .00000627  00000-0  23564-3 0    16
2 24883  98.8182 262.9955 0001174 301.1499  58.9570 14.35205773462240
1 24883U 97037A   25111.84826740  .00000653  00000-0  24458-3 0  6986
2 24883  98.8183 263.4227 0001158 298.4623  61.6445 14.35206586462568
1 24883U 97037A   25111.84826740  .00000653  00000-0  24458-3 0    14
2 24883  98.8183 263.4227 0001158 298.4623  61.6445 14.35206586462300
1 24883U 97037A   25112.40599598  .00000648  00000-0  24291-3 0    14
2 24883  98.8183 263.9924 0001153 295.2530  64.8535 14.35207342462380
1 24883U 97037A   25112.89400826  .00000625  00000-0  23468-3 0    12
2 24883  98.8184 264.4908 0001145 292.6053  67.5010 14.35207908462455
1 24883U 97037A   25113.03344026  .00000626  00000-0  23510-3 0  6990
2 24883  98.8185 264.6332 0001133 291.6494  68.4570 14.35208106462737
1 24883U 97037A   25113.66088420  .00000629  00000-0  23606-3 0    18
2 24883  98.8186 265.2742 0001131 287.9865  72.1197 14.35208981462567
1 24883U 97037A   25114.42775950  .00000602  00000-0  22666-3 0  7006
2 24883  98.8186 266.0575 0001130 283.3519  76.7539 14.35209943462935
1 24883U 97037A   25114.91577028  .00000676  00000-0  25240-3 0    12
2 24883  98.8187 266.5560 0001113 280.5958  79.5101 14.35211204462740
1 24883U 97037A   25115.33406553  .00000649  00000-0  24307-3 0    16
2 24883  98.8188 266.9833 0001114 278.1515  81.9543 14.35211629462806
1 24883U 97037A   25115.82207625  .00000665  00000-0  24887-3 0  7017
2 24883  98.8189 267.4819 0001095 276.2599  83.8461 14.35212478463136
1 24883U 97037A   25115.82207625  .00000665  00000-0  24887-3 0    10
2 24883  98.8189 267.4819 0001095 276.2599  83.8461 14.35212478462876
1 24883U 97037A   25116.86781231  .00000700  00000-0  26105-3 0  7028
2 24883  98.8190 268.5503 0001121 270.5562  89.5494 14.35214351463284
1 24883U 97037A   25116.93752799  .00000700  00000-0  26102-3 0    12
2 24883  98.8190 268.6215 0001120 270.1769  89.9288 14.35214468463036
1 24883U 97037A   25117.42553792  .00000705  00000-0  26265-3 0    14
2 24883  98.8191 269.1201 0001121 267.4216  92.6840 14.35215221463106
1 24883U 97037A   25117.84383166  .00000743  00000-0  27599-3 0    19
2 24883  98.8192 269.5474 0001125 265.0407  95.0649 14.35216148463162
1 24883U 97037A   25118.12269412  .00000738  00000-0  27433-3 0  7038
2 24883  98.8193 269.8324 0001133 263.7282  96.3773 14.35216555463462
1 24883U 97037A   25118.81985033  .00000654  00000-0  24469-3 0    12
2 24883  98.8194 270.5446 0001146 259.8103 100.2952 14.35217120463305
1 24883U 97037A   25121.88733192  .00000541  00000-0  20544-3 0  7045
2 24883  98.8201 273.6786 0001189 243.2938 116.8124 14.35220793464007
1 24883U 97037A   25121.67818568  .00000546  00000-0  20701-3 0 14018
2 24883  98.8200 273.4649 0001197 244.5042 115.6019 14.35220530463717
1 24883U 97037A   25122.44505473  .00000590  00000-0  22233-3 0    18
2 24883  98.8202 274.2484 0001213 240.5489 119.5575 14.35221827463827
1 24883U 97037A   25122.93306213  .00000552  00000-0  20912-3 0    13
2 24883  98.8203 274.7470 0001226 237.8509 122.2557 14.35222271463896
1 24883U 97037A   25123.14220806  .00000549  00000-0  20817-3 0  7051
2 24883  98.8204 274.9607 0001234 236.5772 123.5295 14.35222521464182
1 24883U 97037A   25123.42106921  .00000577  00000-0  21806-3 0    12
2 24883  98.8204 275.2457 0001248 235.3060 124.8007 14.35223069463969
1 24883U 97037A   25123.90907627  .00000534  00000-0  20276-3 0    10
2 24883  98.8206 275.7443 0001264 232.7112 127.3957 14.35223451464034
1 24883U 97037A   25124.18793729  .00000542  00000-0  20553-3 0  7066
2 24883  98.8206 276.0292 0001274 231.4513 128.6558 14.35223834464331
1 24883U 97037A   25124.39708295  .00000545  00000-0  20668-3 0    11
2 24883  98.8206 276.2429 0001286 230.8493 129.2577 14.35224150464103
1 24883U 97037A   25124.67594396  .00000509  00000-0  19430-3 0    12
2 24883  98.8207 276.5278 0001296 229.4380 130.6692 14.35224280464141
1 24883U 97037A   25125.37309593  .00000507  00000-0  19357-3 0  7072
2 24883  98.8208 277.2401 0001325 226.2181 133.8894 14.35225166464508
1 24883U 97037A   25125.86110201  .00000488  00000-0  18697-3 0    13
2 24883  98.8208 277.7387 0001349 224.0177 136.0900 14.35225721464312
1 24883U 97037A   25126.41882319  .00000511  00000-0  19477-3 0  7089
2 24883  98.8209 278.3086 0001377 221.8146 138.2933 14.35226489464657
1 24883U 97037A   25126.90682909  .00000470  00000-0  18047-3 0    18
2 24883  98.8210 278.8072 0001402 219.6467 140.4615 14.35226847464468
1 24883U 97037A   25127.39483487  .00000453  00000-0  17468-3 0    19
2 24883  98.8210 279.3059 0001426 217.6115 142.4970 14.35227285464534
1 24883U 97037A   25128.02227072  .00000428  00000-0  16571-3 0  7097
2 24883  98.8211 279.9470 0001462 215.1704 144.9384 14.35227769464886
1 24883U 97037A   25128.44056103  .00000422  00000-0  16389-3 0    14
2 24883  98.8211 280.3744 0001488 213.5314 146.5777 14.35228191464685
1 24883U 97037A   25129.41657155  .00000388  00000-0  15178-3 0  7109
2 24883  98.8212 281.3717 0001530 209.5442 150.5656 14.35228941465081
1 24883U 97037A   25129.27714146  .00000395  00000-0  15421-3 0    19
2 24883  98.8212 281.2292 0001530 210.2989 149.8107 14.35228850464803
1 24883U 97037A   25129.83486170  .00000343  00000-0  13615-3 0    10
2 24883  98.8213 281.7991 0001557 208.0503 152.0598 14.35229053464885
1 24883U 97037A   25130.39258176  .00000330  00000-0  13155-3 0    11
2 24883  98.8214 282.3690 0001572 205.7861 154.3245 14.35229433464962
1 24883U 97037A   25131.15944658  .00000305  00000-0  12293-3 0  7115
2 24883  98.8215 283.1526 0001613 202.8931 157.2182 14.35229877465338
1 24883U 97037A   25131.64745119  .00000316  00000-0  12661-3 0    13
2 24883  98.8216 283.6512 0001638 201.1834 158.9283 14.35230348465144
1 24883U 97037A   25132.41431529  .00000329  00000-0  13109-3 0  7127
2 24883  98.8217 284.4349 0001684 198.4777 161.6347 14.35231061465513
1 24883U 97037A   25132.41431529  .00000329  00000-0  13109-3 0    18
2 24883  98.8217 284.4349 0001684 198.4777 161.6347 14.35231061465254
1 24883U 97037A   25132.69317502  .00000308  00000-0  12399-3 0    19
2 24883  98.8217 284.7198 0001702 197.4843 162.6283 14.35231134465298
1 24883U 97037A   25133.39032405  .00000318  00000-0  12726-3 0    18
2 24883  98.8218 285.4322 0001736 195.3606 164.7527 14.35231688465396
1 24883U 97037A   25133.80861329  .00000316  00000-0  12674-3 0  7139
2 24883  98.8220 285.8596 0001763 193.8959 166.2177 14.35231998465718
1 24883U 97037A   25133.87832815  .00000317  00000-0  12688-3 0    10
2 24883  98.8220 285.9308 0001766 193.6438 166.4699 14.35232058465464
1 24883U 97037A   25134.43604691  .00000319  00000-0  12754-3 0    18
2 24883  98.8220 286.5008 0001797 192.2071 167.9070 14.35232505465545
1 24883U 97037A   25134.85433591  .00000309  00000-0  12434-3 0  7193
2 24883  98.8222 286.9282 0001822 190.6304 169.4842 14.35232790465860
1 24883U 97037A   25134.85433591  .00000309  00000-0  12434-3 0    17
2 24883  98.8222 286.9282 0001822 190.6304 169.4842 14.35232790465602
1 24883U 97037A   25135.34233975  .00000303  00000-0  12220-3 0    13
2 24883  98.8222 287.4269 0001848 189.2078 170.9073 14.35233085465671
1 24883U 97037A   25136.03948776  .00000303  00000-0  12204-3 0  7202
2 24883  98.8224 288.1393 0001892 187.1184 172.9974 14.35233597466034
1 24883U 97037A   25136.38806177  .00000309  00000-0  12405-3 0    19
2 24883  98.8224 288.4956 0001909 185.8783 174.2379 14.35233862465826
1 24883U 97037A   25136.87606520  .00000305  00000-0  12292-3 0    13
2 24883  98.8225 288.9943 0001937 184.3037 175.8131 14.35234196465896
1 24883U 97037A   25137.15492430  .00000388  00000-0  15174-3 0  7210
2 24883  98.8225 289.2792 0001958 183.5887 176.5284 14.35234781466190
1 24883U 97037A   25137.43378331  .00000386  00000-0  15119-3 0    12
2 24883  98.8225 289.5642 0001970 182.6075 177.5100 14.35234998465973
1 24883U 97037A   25137.85207170  .00000385  00000-0  15060-3 0    14
2 24883  98.8226 289.9916 0001990 181.1265 178.9915 14.35235317466032
1 24883U 97037A   25138.40978949  .00000386  00000-0  15109-3 0  7220
2 24883  98.8227 290.5616 0002021 179.7841 180.3345 14.35235711466376
1 24883U 97037A   25138.40978949  .00000386  00000-0  15109-3 0    10
2 24883  98.8227 290.5616 0002021 179.7841 180.3345 14.35235711466118
1 24883U 97037A   25138.89779246  .00000358  00000-0  14118-3 0    10
2 24883  98.8227 291.0603 0002050 178.1881 181.9311 14.35235905466181
1 24883U 97037A   25139.38579532  .00000330  00000-0  13146-3 0    11
2 24883  98.8228 291.5590 0002080 177.0067 183.1130 14.35236080466255
1 24883U 97037A   25139.87379808  .00000308  00000-0  12379-3 0  7232
2 24883  98.8229 292.0578 0002109 175.5078 184.6125 14.35236303466589
1 24883U 97037A   25140.43151531  .00000309  00000-0  12426-3 0    10
2 24883  98.8230 292.6277 0002141 174.1489 185.9720 14.35236701466408
1 24883U 97037A   25140.91951768  .00000306  00000-0  12316-3 0  7240
2 24883  98.8230 293.1264 0002172 172.8849 187.2367 14.35237074466731
1 24883U 97037A   25141.40751995  .00000286  00000-0  11604-3 0    19
2 24883  98.8230 293.6252 0002199 171.6938 188.4283 14.35237330466542
1 24883U 97037A   25142.17438056  .00000308  00000-0  12369-3 0  7251
2 24883  98.8231 294.4089 0002242 169.6963 190.4268 14.35237969466919
1 24883U 97037A   25142.38352429  .00000307  00000-0  12333-3 0    10
2 24883  98.8231 294.6226 0002253 169.1786 190.9447 14.35238130466683
1 24883U 97037A   25143.42924269  .00000266  00000-0  10927-3 0  7268
2 24883  98.8232 295.6913 0002311 166.7157 193.4088 14.35238664467095
1 24883U 97037A   25143.42924269  .00000266  00000-0  10927-3 0    14
2 24883  98.8232 295.6913 0002311 166.7157 193.4088 14.35238664466836
1 24883U 97037A   25143.70810084  .00000254  00000-0  10501-3 0    19
2 24883  98.8232 295.9764 0002326 165.8906 194.2343 14.35238795466873
1 24883U 97037A   25144.40524611  .00000252  00000-0  10428-3 0    11
2 24883  98.8233 296.6889 0002363 164.2703 195.8555 14.35239259466978
1 24883U 97037A   25144.89324768  .00000239  00000-0  99857-4 0  7279
2 24883  98.8234 297.1876 0002391 162.9487 197.1778 14.35239519467305
1 24883U 97037A   25145.38124919  .00000230  00000-0  96477-4 0    11
2 24883  98.8234 297.6864 0002416 161.9513 198.1758 14.35239754467113
1 24883U 97037A   25145.66010712  .00000245  00000-0  10168-3 0    15
2 24883  98.8235 297.9714 0002433 161.2780 198.8494 14.35240004467157
1 24883U 97037A   25147.68182624  .00000230  00000-0  96712-4 0  7281
2 24883  98.8237 300.0377 0002531 156.5945 203.5355 14.35241172467707
1 24883U 97037A   25147.68182624  .00000230  00000-0  96712-4 0    15
2 24883  98.8237 300.0377 0002531 156.5945 203.5355 14.35241172467448
1 24883U 97037A   25148.51839898  .00000268  00000-0  11000-3 0    17
2 24883  98.8238 300.8927 0002565 154.4982 205.6330 14.35241939467563
1 24883U 97037A   25148.65782775  .00000268  00000-0  10994-3 0    14
2 24883  98.8238 301.0352 0002576 154.1890 205.9423 14.35242020467585
1 24883U 97037A   25149.14582833  .00000285  00000-0  11578-3 0  7297
2 24883  98.8239 301.5340 0002607 152.9697 207.1624 14.35242429467911
1 24883U 97037A   25149.35497141  .00000286  00000-0  11616-3 0    14
2 24883  98.8239 301.7478 0002616 152.5116 207.6208 14.35242588467680
1 24883U 97037A   25149.91268608  .00000293  00000-0  11872-3 0    12
2 24883  98.8240 302.3178 0002647 151.1410 208.9922 14.35243053467766
1 24883U 97037A   25150.40068637  .00000321  00000-0  12837-3 0  7301
2 24883  98.8241 302.8166 0002668 149.9463 210.1875 14.35243529468092
1 24883U 97037A   25150.40068637  .00000321  00000-0  12837-3 0    12
2 24883  98.8241 302.8166 0002668 149.9463 210.1875 14.35243529467833
1 24883U 97037A   25150.88868670  .00000292  00000-0  11815-3 0    11
2 24883  98.8242 303.3154 0002695 148.7203 211.4142 14.35243671467903
1 24883U 97037A   25151.37668689  .00000289  00000-0  11707-3 0    10
2 24883  98.8243 303.8142 0002715 147.7480 212.3871 14.35243939467978
1 24883U 97037A   25151.86468682  .00000287  00000-0  11650-3 0  7310
2 24883  98.8244 304.3130 0002739 146.6699 213.4658 14.35244291468303
1 24883U 97037A   25152.42240084  .00000350  00000-0  13855-3 0    17
2 24883  98.8244 304.8830 0002759 145.5490 214.5874 14.35245033468121
1 24883U 97037A   25152.91040018  .00000355  00000-0  14015-3 0    10
2 24883  98.8245 305.3818 0002784 144.4134 215.7236 14.35245531468190
1 24883U 97037A   25153.04982860  .00000354  00000-0  13986-3 0  7321
2 24883  98.8245 305.5243 0002789 144.1056 216.0316 14.35245626468478
1 24883U 97037A   25154.16525544  .00000398  00000-0  15538-3 0  7331
2 24883  98.8246 306.6645 0002842 141.6480 218.4907 14.35246803468638
1 24883U 97037A   25154.44411200  .00000391  00000-0  15297-3 0    18
2 24883  98.8247 306.9495 0002852 141.1092 219.0299 14.35247037468417
1 24883U 97037A   25155.42011022  .00000301  00000-0  12121-3 0  7342
2 24883  98.8248 307.9472 0002891 139.1616 220.9786 14.35247262468812
1 24883U 97037A   25155.42011022  .00000301  00000-0  12121-3 0    19
2 24883  98.8248 307.9472 0002891 139.1616 220.9786 14.35247262468553
1 24883U 97037A   25155.83839470  .00000335  00000-0  13318-3 0    15
2 24883  98.8248 308.3747 0002906 138.2657 221.8749 14.35247849468612
1 24883U 97037A   25156.39610752  .00000297  00000-0  11996-3 0    14
2 24883  98.8248 308.9448 0002921 137.1866 222.9546 14.35248063468697
1 24883U 97037A   25157.37210438  .00000262  00000-0  10777-3 0    18
2 24883  98.8248 309.9425 0002953 135.3900 224.7522 14.35248652468831
1 24883U 97037A   25157.65096054  .00000267  00000-0  10937-3 0  7374
2 24883  98.8248 310.2275 0002964 134.8539 225.2886 14.35248892469132
1 24883U 97037A   25157.65096054  .00000267  00000-0  10937-3 0    18
2 24883  98.8248 310.2275 0002964 134.8539 225.2886 14.35248892468872
1 24883U 97037A   25158.48752873  .00000257  00000-0  10595-3 0    17
2 24883  98.8249 311.0827 0002989 133.2298 226.9136 14.35249504468997
1 24883U 97037A   25158.69667080  .00000251  00000-0  10405-3 0  7386
2 24883  98.8250 311.2965 0002998 132.6686 227.4751 14.35249612469280
1 24883U 97037A   25158.90581273  .00000242  00000-0  10072-3 0    12
2 24883  98.8250 311.5103 0003004 132.1760 227.9680 14.35249752469050
1 24883U 97037A   25159.39381061  .00000260  00000-0  10710-3 0    18
2 24883  98.8250 312.0091 0003019 131.2181 228.9264 14.35250191469121
1 24883U 97037A   25159.67266669  .00000242  00000-0  10080-3 0    15
2 24883  98.8250 312.2941 0003030 130.4658 229.6791 14.35250229469169
1 24883U 97037A   25160.92751794  .00000219  00000-0  92602-4 0    18
2 24883  98.8252 313.5769 0003070 127.8806 232.2656 14.35250920469340
1 24883U 97037A   25161.48522960  .00000192  00000-0  83403-4 0    10
2 24883  98.8253 314.1470 0003096 126.5638 233.5832 14.35251061469420
1 24883U 97037A   25161.83379925  .00000194  00000-0  84108-4 0    15
2 24883  98.8254 314.5033 0003111 125.8123 234.3351 14.35251272469473
1 24883U 97037A   25162.04294103  .00000191  00000-0  83076-4 0  7403
2 24883  98.8254 314.7171 0003115 125.3823 234.7652 14.35251356469767
1 24883U 97037A   25162.46122459  .00000183  00000-0  80179-4 0    15
2 24883  98.8255 315.1447 0003129 124.4959 235.6522 14.35251525469566
1 24883U 97037A   25162.67036636  .00000179  00000-0  78591-4 0    19
2 24883  98.8256 315.3585 0003136 124.0540 236.0943 14.35251588469596
1 24883U 97037A   25163.43721917  .00000213  00000-0  90567-4 0  7414
2 24883  98.8256 316.1424 0003153 122.5887 237.5603 14.35252196469969
1 24883U 97037A   25163.43721917  .00000213  00000-0  90567-4 0    13
2 24883  98.8256 316.1424 0003153 122.5887 237.5603 14.35252196469701
1 24883U 97037A   25164.48292671  .00000302  00000-0  12174-3 0  7427
2 24883  98.8259 317.2115 0003183 120.3357 239.8142 14.35253400470113
1 24883U 97037A   25164.48292671  .00000302  00000-0  12174-3 0    15
2 24883  98.8259 317.2115 0003183 120.3357 239.8142 14.35253400469852
1 24883U 97037A   25164.69206813  .00000305  00000-0  12261-3 0    11
2 24883  98.8259 317.4252 0003188 120.1023 240.0478 14.35253555469889
1 24883U 97037A   25165.45892056  .00000247  00000-0  10233-3 0    18
2 24883  98.8260 318.2091 0003208 118.5178 241.6329 14.35253602469993
1 24883U 97037A   25166.01663091  .00000260  00000-0  10696-3 0  7437
2 24883  98.8261 318.7793 0003223 117.3688 242.7825 14.35254033470330
1 24883U 97037A   25166.43491364  .00000254  00000-0  10490-3 0    17
2 24883  98.8262 319.2069 0003227 116.6091 243.5424 14.35254265470136
1 24883U 97037A   25167.13205129  .00000256  00000-0  10562-3 0  7443
2 24883  98.8263 319.9196 0003247 115.1378 245.0144 14.35254722470492
1 24883U 97037A   25167.41090626  .00000255  00000-0  10536-3 0    14
2 24883  98.8263 320.2047 0003250 114.5960 245.5564 14.35254923470276
1 24883U 97037A   25168.38689835  .00000274  00000-0  11210-3 0  7453
2 24883  98.8264 321.2025 0003268 112.7696 247.3834 14.35255701470678
1 24883U 97037A   25168.38689835  .00000274  00000-0  11210-3 0    18
2 24883  98.8264 321.2025 0003268 112.7696 247.3834 14.35255701470410
1 24883U 97037A   25169.43260370  .00000272  00000-0  11115-3 0  7462
2 24883  98.8265 322.2716 0003287 110.6559 249.4978 14.35256414470824
1 24883U 97037A   25169.43260370  .00000272  00000-0  11115-3 0    16
2 24883  98.8265 322.2716 0003287 110.6559 249.4978 14.35256414470565
1 24883U 97037A   25169.71145838  .00000265  00000-0  10893-3 0    12
2 24883  98.8266 322.5566 0003293 110.1369 250.0170 14.35256562470604
1 24883U 97037A   25169.99031302  .00000276  00000-0  11245-3 0    16
2 24883  98.8266 322.8417 0003297 109.5708 250.5832 14.35256816470641
1 24883U 97037A   25170.40859495  .00000252  00000-0  10418-3 0    10
2 24883  98.8266 323.2693 0003304 108.7456 251.4087 14.35256961470702
1 24883U 97037A   25171.38458578  .00000237  00000-0  99158-4 0  7474
2 24883  98.8266 324.2671 0003317 106.8406 253.3142 14.35257500471105
1 24883U 97037A   25171.38458578  .00000237  00000-0  99158-4 0    17
2 24883  98.8266 324.2671 0003317 106.8406 253.3142 14.35257500470845
1 24883U 97037A   25171.66344024  .00000226  00000-0  95213-4 0    14
2 24883  98.8267 324.5523 0003323 106.4526 253.7024 14.35257596470883
1 24883U 97037A   25172.36057630  .00000214  00000-0  90955-4 0    11
2 24883  98.8267 325.2650 0003327 105.0981 255.0572 14.35257940470983
1 24883U 97037A   25172.70914423  .00000210  00000-0  89713-4 0  7485
2 24883  98.8268 325.6214 0003334 104.4071 255.7484 14.35258128471298
1 24883U 97037A   25172.70914423  .00000210  00000-0  89713-4 0    17
2 24883  98.8268 325.6214 0003334 104.4071 255.7484 14.35258128471030
1 24883U 97037A   25173.12742570  .00000203  00000-0  87146-4 0    16
2 24883  98.8268 326.0491 0003329 103.6120 256.5435 14.35258327471094
1 24883U 97037A   25174.38227000  .00000181  00000-0  79273-4 0  7497
2 24883  98.8268 327.3320 0003352 101.0182 259.1380 14.35258843471535
1 24883U 97037A   25174.38227000  .00000181  00000-0  79273-4 0    18
2 24883  98.8268 327.3320 0003352 101.0182 259.1380 14.35258843471276
1 24883U 97037A   25175.35825968  .00000169  00000-0  75117-4 0    12
2 24883  98.8269 328.3298 0003363  99.1217 261.0349 14.35259228471411
1 24883U 97037A   25175.70682732  .00000166  00000-0  74282-4 0  7501
2 24883  98.8270 328.6862 0003371  98.4051 261.7516 14.35259383471729
1 24883U 97037A   25175.70682732  .00000166  00000-0  74282-4 0    10
2 24883  98.8270 328.6862 0003371  98.4051 261.7516 14.35259383471460
1 24883U 97037A   25176.40396266  .00000139  00000-0  64761-4 0    13
2 24883  98.8270 329.3989 0003356  97.0994 263.0572 14.35259506471567
1 24883U 97037A   25177.37995178  .00000137  00000-0  64233-4 0  7566
2 24883  98.8271 330.3968 0003362  95.1440 265.0128 14.35259881471968
1 24883U 97037A   25177.37995178  .00000137  00000-0  64233-4 0    19
2 24883  98.8271 330.3968 0003362  95.1440 265.0128 14.35259881471700
1 24883U 97037A   25177.86794624  .00000135  00000-0  63363-4 0    17
2 24883  98.8272 330.8957 0003369  94.1839 265.9730 14.35260071471770
1 24883U 97037A   25178.35594058  .00000137  00000-0  64208-4 0    12
2 24883  98.8272 331.3947 0003358  93.2777 266.8792 14.35260271471842
1 24883U 97037A   25178.84393493  .00000132  00000-0  62222-4 0  7573
2 24883  98.8273 331.8936 0003357  92.4170 267.7399 14.35260428472177
1 24883U 97037A   25178.91364841  .00000131  00000-0  61856-4 0    19
2 24883  98.8273 331.9649 0003355  92.2832 267.8736 14.35260448471920
1 24883U 97037A   25179.40164271  .00000126  00000-0  60083-4 0    14
2 24883  98.8274 332.4638 0003354  91.2936 268.8633 14.35260581471990
1 24883U 97037A   25179.88963692  .00000127  00000-0  60605-4 0  7580
2 24883  98.8275 332.9628 0003352  90.3575 269.7993 14.35260766472324
1 24883U 97037A   25179.88963692  .00000127  00000-0  60605-4 0    11
2 24883  98.8275 332.9628 0003352  90.3575 269.7993 14.35260766472065
1 24883U 97037A   25180.44734451  .00000128  00000-0  60801-4 0    13
2 24883  98.8276 333.5330 0003339  89.1758 270.9809 14.35260962472144
1 24883U 97037A   25180.93533852  .00000130  00000-0  61793-4 0    13
2 24883  98.8277 334.0320 0003337  88.3366 271.8201 14.35261176472216
1 24883U 97037A   25181.00505194  .00000131  00000-0  61948-4 0  7593
2 24883  98.8277 334.1033 0003337  88.1993 271.9573 14.35261200472482
1 24883U 97037A   25181.42333247  .00000144  00000-0  66394-4 0    11
2 24883  98.8277 334.5309 0003329  87.4068 272.7498 14.35261434472280
1 24883U 97037A   25181.91132636  .00000153  00000-0  69519-4 0    16
2 24883  98.8279 335.0299 0003333  86.4163 273.7403 14.35261688472352
1 24883U 97037A   25182.19017997  .00000186  00000-0  81043-4 0  7603
2 24883  98.8279 335.3150 0003331  85.8285 274.3280 14.35261956472658
1 24883U 97037A   25182.39932020  .00000180  00000-0  78984-4 0    10
2 24883  98.8279 335.5289 0003336  85.3346 274.8219 14.35262021472427
1 24883U 97037A   25182.88731387  .00000187  00000-0  81456-4 0    12
2 24883  98.8280 336.0279 0003342  84.4142 275.7423 14.35262285472491
1 24883U 97037A   25183.44502091  .00000177  00000-0  77892-4 0  7614
2 24883  98.8280 336.5982 0003327  83.3167 276.8396 14.35262453472831
1 24883U 97037A   25183.44502091  .00000177  00000-0  77892-4 0    11
2 24883  98.8280 336.5982 0003327  83.3167 276.8396 14.35262453472572
1 24883U 97037A   25183.93301437  .00000195  00000-0  84186-4 0    10
2 24883  98.8281 337.0972 0003324  82.4676 277.6886 14.35262795472640
1 24883U 97037A   25184.56043448  .00000200  00000-0  85977-4 0    11
2 24883  98.8281 337.7388 0003314  81.1561 278.9998 14.35263108472733
1 24883U 97037A   25184.83928780  .00000199  00000-0  85753-4 0  7625
2 24883  98.8281 338.0239 0003308  80.6553 279.5005 14.35263254473032
1 24883U 97037A   25184.83928780  .00000199  00000-0  85753-4 0    11
2 24883  98.8281 338.0239 0003308  80.6553 279.5005 14.35263254472772
1 24883U 97037A   25185.39699433  .00000209  00000-0  89368-4 0    11
2 24883  98.8281 338.5942 0003298  79.4965 280.6591 14.35263591472855
1 24883U 97037A   25185.88498746  .00000211  00000-0  89892-4 0    14
2 24883  98.8282 339.0932 0003298  78.5918 281.5637 14.35263859472925
1 24883U 97037A   25186.02441404  .00000211  00000-0  89884-4 0  7636
2 24883  98.8282 339.2357 0003295  78.2801 281.8753 14.35263922473208
1 24883U 97037A   25186.51240702  .00000217  00000-0  91895-4 0    14
2 24883  98.8282 339.7348 0003286  77.2992 282.8560 14.35264226473017
1 24883U 97037A   25186.93068666  .00000207  00000-0  88670-4 0    13
2 24883  98.8282 340.1625 0003282  76.4533 283.7017 14.35264414473071
1 24883U 97037A   25187.41867944  .00000215  00000-0  91279-4 0  7647
2 24883  98.8282 340.6615 0003269  75.4621 284.6926 14.35264730473404
1 24883U 97037A   25187.41867944  .00000215  00000-0  91279-4 0    11
2 24883  98.8282 340.6615 0003269  75.4621 284.6926 14.35264730473145
1 24883U 97037A   25187.90667219  .00000202  00000-0  86724-4 0    13
2 24883  98.8283 341.1605 0003265  74.5062 285.6483 14.35264931473216
1 24883U 97037A   25188.04609867  .00000198  00000-0  85262-4 0    14
2 24883  98.8283 341.3031 0003260  74.2490 285.9054 14.35264972473232
1 24883U 97037A   25188.88265741  .00000191  00000-0  82976-4 0  7654
2 24883  98.8284 342.1585 0003246  72.5646 287.5894 14.35265395473616
1 24883U 97037A   25188.88265741  .00000191  00000-0  82976-4 0    17
2 24883  98.8284 342.1585 0003246  72.5646 287.5894 14.35265395473357
1 24883U 97037A   25189.44036309  .00000184  00000-0  80337-4 0    17
2 24883  98.8284 342.7288 0003229  71.4225 288.7310 14.35265644473437
1 24883U 97037A   25189.85864230  .00000174  00000-0  76997-4 0    10
2 24883  98.8285 343.1565 0003220  70.5967 289.5565 14.35265817473494
1 24883U 97037A   25190.90434012  .00000150  00000-0  68596-4 0    19
2 24883  98.8286 344.2258 0003196  68.3375 291.8149 14.35266200473644
1 24883U 97037A   25191.18319284  .00000150  00000-0  68715-4 0  7664
2 24883  98.8287 344.5110 0003188  67.7764 292.3759 14.35266299473945
1 24883U 97037A   25191.39233232  .00000149  00000-0  68180-4 0    11
2 24883  98.8287 344.7249 0003179  67.3375 292.8145 14.35266402473719
1 24883U 97037A   25192.43802964  .00000135  00000-0  63347-4 0  7675
2 24883  98.8289 345.7942 0003144  65.2693 294.8819 14.35266788474127
1 24883U 97037A   25192.71688216  .00000136  00000-0  63670-4 0    19
2 24883  98.8290 346.0794 0003138  64.7125 295.4384 14.35266921473903
1 24883U 97037A   25193.41401337  .00000161  00000-0  72464-4 0    13
2 24883  98.8291 346.7924 0003116  63.2272 296.9231 14.35267389474007
1 24883U 97037A   25193.69286591  .00000151  00000-0  68816-4 0  7681
2 24883  98.8291 347.0775 0003113  62.6890 297.4611 14.35267422474300
1 24883U 97037A   25193.90200522  .00000159  00000-0  71772-4 0    18
2 24883  98.8292 347.2914 0003106  62.2569 297.8931 14.35267579474075
1 24883U 97037A   25194.52942316  .00000165  00000-0  73806-4 0    18
2 24883  98.8293 347.9331 0003087  60.9682 299.1812 14.35267857474167
1 24883U 97037A   25194.66884935  .00000164  00000-0  73482-4 0    14
2 24883  98.8293 348.0757 0003084  60.7324 299.4169 14.35267908474186
1 24883U 97037A   25195.15684102  .00000158  00000-0  71429-4 0  7696
2 24883  98.8294 348.5747 0003066  59.7575 300.3912 14.35268053474514
1 24883U 97037A   25195.50540643  .00000159  00000-0  71607-4 0    14
2 24883  98.8294 348.9312 0003053  59.0363 301.1121 14.35268213474306
1 24883U 97037A   25196.41167628  .00000169  00000-0  75289-4 0  7707
2 24883  98.8295 349.8580 0003023  57.1247 303.0228 14.35268665474693
1 24883U 97037A   25196.41167628  .00000169  00000-0  75289-4 0    14
2 24883  98.8295 349.8580 0003023  57.1247 303.0228 14.35268665474435
1 24883U 97037A   25196.89966768  .00000164  00000-0  73509-4 0    16
2 24883  98.8296 350.3571 0003008  56.1737 303.9733 14.35268839474500
1 24883U 97037A   25197.38765896  .00000168  00000-0  74727-4 0    17
2 24883  98.8296 350.8562 0002993  55.0540 305.0925 14.35269060474577
1 24883U 97037A   25197.87565014  .00000172  00000-0  76152-4 0  7714
2 24883  98.8297 351.3552 0002979  54.0973 306.0488 14.35269312474908
1 24883U 97037A   25197.94536316  .00000171  00000-0  76019-4 0    12
2 24883  98.8297 351.4265 0002977  53.9430 306.2030 14.35269340474652
1 24883U 97037A   25198.57278020  .00000178  00000-0  78355-4 0    19
2 24883  98.8298 352.0682 0002947  52.6359 307.5093 14.35269676474741
1 24883U 97037A   25198.99105815  .00000183  00000-0  79994-4 0  7727
2 24883  98.8298 352.4960 0002934  51.7593 308.3855 14.35269919475061
1 24883U 97037A   25199.40933606  .00000190  00000-0  82699-4 0    10
2 24883  98.8298 352.9238 0002915  50.8546 309.2897 14.35270161474865
1 24883U 97037A   25199.82761382  .00000207  00000-0  88550-4 0    17
2 24883  98.8299 353.3516 0002906  50.0459 310.0980 14.35270486474925
1 24883U 97037A   25200.03675270  .00000206  00000-0  88283-4 0  7731
2 24883  98.8299 353.5655 0002898  49.5455 310.5981 14.35270582475216
1 24883U 97037A   25200.38531755  .00000192  00000-0  83113-4 0    13
2 24883  98.8299 353.9220 0002881  48.7766 311.3667 14.35270663475003
1 24883U 97037A   25200.87330806  .00000206  00000-0  88139-4 0    10
2 24883  98.8300 354.4211 0002860  47.8435 312.2992 14.35271031475070
1 24883U 97037A   25201.15215979  .00000202  00000-0  86604-4 0  7743
2 24883  98.8300 354.7063 0002848  47.2302 312.9121 14.35271134475379
1 24883U 97037A   25201.50072442  .00000196  00000-0  84748-4 0    10
2 24883  98.8300 355.0628 0002831  46.4707 313.6713 14.35271302475161
1 24883U 97037A   25201.91900187  .00000196  00000-0  84777-4 0    13
2 24883  98.8301 355.4906 0002812  45.5814 314.5600 14.35271551475221
1 24883U 97037A   25202.40699221  .00000198  00000-0  85515-4 0  7753
2 24883  98.8301 355.9897 0002791  44.3984 315.7424 14.35271809475555
1 24883U 97037A   25202.40699221  .00000198  00000-0  85515-4 0    15
2 24883  98.8301 355.9897 0002791  44.3984 315.7424 14.35271809475296
1 24883U 97037A   25202.89498246  .00000196  00000-0  84773-4 0    15
2 24883  98.8302 356.4888 0002768  43.3786 316.7616 14.35272054475361
1 24883U 97037A   25203.59211119  .00000219  00000-0  92768-4 0    14
2 24883  98.8303 357.2019 0002735  41.8409 318.2985 14.35272540475463
1 24883U 97037A   25203.87096261  .00000212  00000-0  90356-4 0  7767
2 24883  98.8303 357.4871 0002720  41.2303 318.9086 14.35272674475762
1 24883U 97037A   25204.42866533  .00000226  00000-0  95318-4 0    15
2 24883  98.8304 358.0575 0002696  39.9498 320.1884 14.35273071475585
1 24883U 97037A   25204.91665516  .00000220  00000-0  93137-4 0    18
2 24883  98.8305 358.5567 0002674  38.9475 321.1901 14.35273319475656
1 24883U 97037A   25205.05608080  .00000217  00000-0  92043-4 0  7778
2 24883  98.8305 358.6993 0002670  38.6083 321.5292 14.35273368475930
1 24883U 97037A   25205.40464490  .00000216  00000-0  91737-4 0    10
2 24883  98.8305 359.0558 0002654  37.7775 322.3595 14.35273558475725
1 24883U 97037A   25205.89263456  .00000211  00000-0  89957-4 0    18
2 24883  98.8307 359.5550 0002634  36.7389 323.3976 14.35273796475797
1 24883U 97037A   25206.17148577  .00000210  00000-0  89648-4 0  7783
2 24883  98.8307 359.8402 0002618  36.0988 324.0373 14.35273910476097
1 24883U 97037A   25206.45033686  .00000211  00000-0  89775-4 0    19
2 24883  98.8307   0.1254 0002599  35.3427 324.7930 14.35274096475873
1 24883U 97037A   25206.93832622  .00000214  00000-0  90888-4 0    19
2 24883  98.8309   0.6246 0002579  34.3839 325.7512 14.35274414475944
1 24883U 97037A   25207.42631548  .00000232  00000-0  97136-4 0  7793
2 24883  98.8309   1.1237 0002554  33.1434 326.9910 14.35274800476272
1 24883U 97037A   25207.91430453  .00000255  00000-0  10531-3 0    15
2 24883  98.8310   1.6229 0002531  32.0826 328.0512 14.35275267476086
1 24883U 97037A   25208.40229359  .00000248  00000-0  10282-3 0    16
2 24883  98.8311   2.1221 0002508  30.7931 329.3400 14.35275516476156
1 24883U 97037A   25208.89028246  .00000268  00000-0  10974-3 0  7805
2 24883  98.8312   2.6213 0002484  29.6914 330.4411 14.35275956476483
1 24883U 97037A   25208.89028246  .00000268  00000-0  10974-3 0    11
2 24883  98.8312   2.6213 0002484  29.6914 330.4411 14.35275956476225
1 24883U 97037A   25209.51769661  .00000265  00000-0  10860-3 0    15
2 24883  98.8313   3.2631 0002447  28.1624 331.9693 14.35276335476318
1 24883U 97037A   25210.14511056  .00000263  00000-0  10803-3 0  7819
2 24883  98.8314   3.9049 0002412  26.5783 333.5525 14.35276740476669
1 24883U 97037A   25210.42396109  .00000285  00000-0  11563-3 0    13
2 24883  98.8315   4.1901 0002395  25.7783 334.3520 14.35277074476442
1 24883U 97037A   25210.91194948  .00000291  00000-0  11770-3 0    11
2 24883  98.8316   4.6893 0002371  24.6779 335.4518 14.35277461476512
1 24883U 97037A   25211.19079995  .00000298  00000-0  12023-3 0  7821
2 24883  98.8316   4.9746 0002356  23.9339 336.1955 14.35277669476815
1 24883U 97037A   25211.39993777  .00000295  00000-0  11936-3 0    19
2 24883  98.8316   5.1885 0002346  23.4137 336.7154 14.35277814476585
1 24883U 97037A   25211.88792586  .00000320  00000-0  12789-3 0    14
2 24883  98.8317   5.6877 0002321  22.2662 337.8623 14.35278313476651
1 24883U 97037A   25212.44562648  .00000309  00000-0  12430-3 0  7838
2 24883  98.8318   6.2582 0002286  20.8101 339.3176 14.35278639476992
1 24883U 97037A   25212.44562648  .00000309  00000-0  12430-3 0    11
2 24883  98.8318   6.2582 0002286  20.8101 339.3176 14.35278639476734
1 24883U 97037A   25212.93361436  .00000309  00000-0  12398-3 0    10
2 24883  98.8318   6.7575 0002259  19.6407 340.4864 14.35278998476809
1 24883U 97037A   25213.49131456  .00000335  00000-0  13318-3 0  7849
2 24883  98.8319   7.3280 0002224  17.9194 342.2068 14.35279562477148
1 24883U 97037A   25213.49131456  .00000335  00000-0  13318-3 0    11
2 24883  98.8319   7.3280 0002224  17.9194 342.2068 14.35279562476888
1 24883U 97037A   25213.83987720  .00000308  00000-0  12388-3 0    18
2 24883  98.8319   7.6846 0002208  17.1158 343.0100 14.35279675476930
1 24883U 97037A   25214.39757714  .00000312  00000-0  12512-3 0    12
2 24883  98.8319   8.2551 0002178  15.5463 344.5788 14.35280126477018
1 24883U 97037A   25215.02498951  .00000294  00000-0  11884-3 0  7857
2 24883  98.8320   8.8970 0002142  13.9006 346.2237 14.35280480477366
1 24883U 97037A   25215.44326422  .00000308  00000-0  12380-3 0    15
2 24883  98.8320   9.3249 0002117  12.7827 347.3411 14.35280892477162
1 24883U 97037A   25215.72211416  .00000294  00000-0  11898-3 0    19
2 24883  98.8321   9.6102 0002108  12.2560 347.8675 14.35280988477201
1 24883U 97037A   25216.14038873  .00000299  00000-0  12059-3 0  7865
2 24883  98.8321  10.0381 0002085  11.1276 348.9954 14.35281338477529
1 24883U 97037A   25216.48895089  .00000299  00000-0  12072-3 0    17
2 24883  98.8322  10.3948 0002071   9.9590 350.1635 14.35281605477316
1 24883U 97037A   25216.90722536  .00000280  00000-0  11391-3 0    13
2 24883  98.8323  10.8227 0002047   8.8580 351.2640 14.35281820477375
1 24883U 97037A   25217.18607495  .00000275  00000-0  11227-3 0  7873
2 24883  98.8323  11.1080 0002031   7.8990 352.2226 14.35281978477671
1 24883U 97037A   25217.46492461  .00000273  00000-0  11164-3 0    16
2 24883  98.8323  11.3933 0002016   7.1598 352.9615 14.35282155477453
1 24883U 97037A   25218.92888446  .00000240  00000-0  10008-3 0 19919
2 24883  98.8325  12.8910 0001929   3.1141 357.0055 14.35282962477661
1 24883U 97037A   25219.41687090  .00000223  00000-0  94096-4 0 19951
2 24883  98.8326  13.3903 0001900   1.3104 358.8085 14.35283163477732
1 24883U 97037A   25219.97456965  .00000232  00000-0  97399-4 0    13
2 24883  98.8327  13.9609 0001871 359.7820   0.3364 14.35283529477818
1 24883U 97037A   25219.97456965  .00000232  00000-0  97399-4 0  7919
2 24883  98.8327  13.9609 0001871 359.7820   0.3364 14.35283529478077
1 24883U 97037A   25220.46255591  .00000215  00000-0  91352-4 0    15
2 24883  98.8328  14.4601 0001843 358.0583   2.0594 14.35283713477880
1 24883U 97037A   25220.88082966  .00000263  00000-0  10817-3 0    14
2 24883  98.8329  14.8881 0001822 356.8731   3.2442 14.35284247477948
1 24883U 97037A   25221.15967888  .00000246  00000-0  10211-3 0  7926
2 24883  98.8329  15.1734 0001803 355.7935   4.3234 14.35284282478246
1 24883U 97037A   25221.43852797  .00000246  00000-0  10226-3 0    18
2 24883  98.8330  15.4587 0001788 354.6990   5.4175 14.35284483478023
1 24883U 97037A   25222.41449960  .00000272  00000-0  11118-3 0  7939
2 24883  98.8331  16.4573 0001732 351.5718   8.5437 14.35285244478428
1 24883U 97037A   25222.55392412  .00000265  00000-0  10877-3 0    18
2 24883  98.8332  16.5999 0001723 351.1997   8.9157 14.35285285478188
1 24883U 97037A   25222.97219752  .00000271  00000-0  11094-3 0    18
2 24883  98.8333  17.0279 0001704 350.2130   9.9021 14.35285598478249
1 24883U 97037A   25223.46018312  .00000277  00000-0  11310-3 0  7948
2 24883  98.8333  17.5272 0001680 348.4977  11.6169 14.35285926478572
1 24883U 97037A   25223.46018312  .00000277  00000-0  11310-3 0    19
2 24883  98.8333  17.5272 0001680 348.4977  11.6169 14.35285926478314
1 24883U 97037A   25223.94816852  .00000248  00000-0  10298-3 0    19
2 24883  98.8334  18.0265 0001653 346.8496  13.2645 14.35286104478384
1 24883U 97037A   25224.43615390  .00000271  00000-0  11093-3 0    18
2 24883  98.8335  18.5258 0001626 344.8944  15.2192 14.35286524478451
1 24883U 97037A   25224.71500264  .00000262  00000-0  10754-3 0    15
2 24883  98.8336  18.8111 0001610 344.1002  16.0132 14.35286645478495
1 24883U 97037A   25225.41212426  .00000265  00000-0  10876-3 0    11
2 24883  98.8337  19.5245 0001573 341.6735  18.4392 14.35287140478591
1 24883U 97037A   25225.90010938  .00000254  00000-0  10476-3 0    13
2 24883  98.8338  20.0238 0001545 340.1501  19.9623 14.35287378478669
1 24883U 97037A   25226.38809432  .00000265  00000-0  10890-3 0    13
2 24883  98.8339  20.5232 0001521 338.1962  21.9158 14.35287742478730
1 24883U 97037A   25226.66694282  .00000267  00000-0  10955-3 0    13
2 24883  98.8339  20.8085 0001505 337.2669  22.8448 14.35287928478777
1 24883U 97037A   25227.43377603  .00000251  00000-0  10383-3 0    12
2 24883  98.8340  21.5932 0001466 334.1612  25.9499 14.35288332478880
1 24883U 97037A   25226.17895796  .00000268  00000-0  10968-3 0  7968
2 24883  98.8339  20.3092 0001529 339.0908  21.0214 14.35287599478969
1 24883U 97037A   25227.43377603  .00000251  00000-0  10383-3 0  7974
2 24883  98.8340  21.5932 0001466 334.1612  25.9499 14.35288332479140
1 24883U 97037A   25224.85442705  .00000238  00000-0  99408-4 0  7952
2 24883  98.8336  18.9538 0001601 343.6238  16.4895 14.35286609478775
1 24883U 97037A   25227.92176070  .00000235  00000-0  98315-4 0    15
2 24883  98.8341  22.0926 0001442 332.0599  28.0508 14.35288547478956
1 24883U 97037A   25228.68859362  .00000231  00000-0  97003-4 0  7983
2 24883  98.8341  22.8772 0001408 328.9218  31.1883 14.35288945479322
1 24883U 97037A   25228.40974531  .00000234  00000-0  97877-4 0    18
2 24883  98.8341  22.5919 0001421 329.9112  30.1991 14.35288810479028
1 24883U 97037A   25229.38571429  .00000231  00000-0  96744-4 0    14
2 24883  98.8342  23.5906 0001380 325.5076  34.6019 14.35289315479167
1 24883U 97037A   25229.87369858  .00000221  00000-0  93326-4 0  7995
2 24883  98.8343  24.0900 0001359 323.3126  36.7966 14.35289556479493
1 24883U 97037A   25229.94341062  .00000220  00000-0  93085-4 0    17
2 24883  98.8343  24.1613 0001356 322.9966  37.1125 14.35289591479243
1 24883U 97037A   25230.43139484  .00000224  00000-0  94608-4 0    12
2 24883  98.8343  24.6607 0001344 320.2246  39.8840 14.35289873479314
1 24883U 97037A   25230.91937893  .00000223  00000-0  94090-4 0    19
2 24883  98.8344  25.1601 0001317 318.3506  41.7578 14.35290167479387
1 24883U 97037A   25230.98909094  .00000222  00000-0  93837-4 0  8002
2 24883  98.8344  25.2314 0001313 318.1571  41.9513 14.35290200479654
1 24883U 97037A   25231.40736298  .00000217  00000-0  92124-4 0    19
2 24883  98.8344  25.6594 0001301 315.9364  44.1717 14.35290396479455
1 24883U 97037A   25231.89534682  .00000232  00000-0  97148-4 0    13
2 24883  98.8345  26.1588 0001279 313.6991  46.4087 14.35290779479528
1 24883U 97037A   25232.31361865  .00000234  00000-0  98105-4 0  8016
2 24883  98.8346  26.5869 0001271 311.5789  48.5287 14.35291023479842
1 24883U 97037A   25232.45304261  .00000222  00000-0  93790-4 0    12
2 24883  98.8346  26.7296 0001266 310.8246  49.2828 14.35291035479608
1 24883U 97037A   25232.87131443  .00000218  00000-0  92401-4 0    11
2 24883  98.8347  27.1576 0001249 308.8068  51.3005 14.35291246479666
1 24883U 97037A   25234.40497719  .00000206  00000-0  88196-4 0 20827
2 24883  98.8349  28.7272 0001204 300.9444  59.1622 14.35291999479880
1 24883U 97037A   25235.17180828  .00000209  00000-0  89081-4 0 20863
2 24883  98.8351  29.5120 0001180 296.8646  63.2418 14.35292390479991
1 24883U 97037A   25235.93863907  .00000208  00000-0  88762-4 0 20924
2 24883  98.8354  30.2969 0001168 292.5833  67.5228 14.35292827480107
1 24883U 97037A   25236.42662227  .00000220  00000-0  92930-4 0 20950
2 24883  98.8354  30.7963 0001165 289.6775  70.4284 14.35293126480170
1 24883U 97037A   25236.91460528  .00000235  00000-0  98279-4 0 20985
2 24883  98.8356  31.2957 0001162 286.8557  73.2500 14.35293482480240
1 24883U 97037A   25237.40258828  .00000239  00000-0  99544-4 0 21024
2 24883  98.8356  31.7952 0001162 284.1208  75.9848 14.35293741480314
1 24883U 97037A   25237.68143559  .00000234  00000-0  98093-4 0 21032
2 24883  98.8357  32.0806 0001158 282.5258  77.5797 14.35293877480354
1 24883U 97037A   25238.37855389  .00000261  00000-0  10735-3 0 21070
2 24883  98.8359  32.7941 0001157 278.5458  81.5595 14.35294386480457
1 24883U 97037A   25238.93624824  .00000296  00000-0  11962-3 0 21105
2 24883  98.8360  33.3649 0001160 275.3444  84.7608 14.35294929480537
1 24883U 97037A   25239.14538360  .00000299  00000-0  12049-3 0 21119
2 24883  98.8361  33.5790 0001163 274.1161  85.9891 14.35295045480563
1 24883U 97037A   25239.42423078  .00000317  00000-0  12681-3 0 21134
2 24883  98.8361  33.8644 0001165 272.6080  87.4971 14.35295309480603
1 24883U 97037A   25239.91221311  .00000352  00000-0  13929-3 0 21162
2 24883  98.8362  34.3640 0001167 270.0575  90.0476 14.35295825480679
1 24883U 97037A   25240.40019538  .00000360  00000-0  14176-3 0 21179
2 24883  98.8363  34.8635 0001174 267.4058  92.6992 14.35296165480740
1 24883U 97037A   25240.88817744  .00000391  00000-0  15264-3 0 21180
2 24883  98.8364  35.3630 0001186 264.6044  95.5005 14.35296675480810
1 24883U 97037A   25241.16702429  .00000386  00000-0  15083-3 0 21212
2 24883  98.8365  35.6484 0001171 262.9850  97.1201 14.35296836480850
1 24883U 97037A   25241.93385273  .00000409  00000-0  15887-3 0 21264
2 24883  98.8366  36.4334 0001192 258.8291 101.2760 14.35297601480960
1 24883U 97037A   25242.14298766  .00000466  00000-0  17890-3 0 21289
2 24883  98.8366  36.6475 0001194 257.6387 102.4664 14.35298073480996
1 24883U 97037A   25242.90981550  .00000491  00000-0  18776-3 0 21331
2 24883  98.8366  37.4324 0001206 253.6701 106.4351 14.35298947481109
1 24883U 97037A   25243.18866187  .00000506  00000-0  19294-3 0 21355
2 24883  98.8366  37.7178 0001210 252.3563 107.7489 14.35299277481143
1 24883U 97037A   25243.46750824  .00000539  00000-0  20436-3 0 21374
2 24883  98.8366  38.0033 0001218 251.0219 109.0834 14.35299725481180
1 24883U 97037A   25243.95548908  .00000564  00000-0  21318-3 0 21408
2 24883  98.8367  38.5028 0001230 248.5534 111.5519 14.35300381481252
1 24883U 97037A   25244.16462390  .00000604  00000-0  22708-3 0 21423
2 24883  98.8367  38.7168 0001236 247.4836 112.6218 14.35300724481280
1 24883U 97037A   25244.44346984  .00000617  00000-0  23150-3 0 21453
2 24883  98.8366  39.0022 0001253 246.4149 113.6904 14.35301154481323
1 24883U 97037A   25244.93145024  .00000640  00000-0  23964-3 0 21481
2 24883  98.8368  39.5018 0001261 243.8525 116.2530 14.35301861481399
1 24883U 97037A   25245.14058451  .00000695  00000-0  25879-3 0 21502
2 24883  98.8368  39.7159 0001266 242.9185 117.1871 14.35302419481426
1 24883U 97037A   25245.90741042  .00000644  00000-0  24096-3 0 21527
2 24883  98.8369  40.5009 0001275 239.0201 121.0859 14.35303083481537
1 24883U 97037A   25246.18625593  .00000666  00000-0  24859-3 0 21554
2 24883  98.8369  40.7864 0001282 237.6186 122.4874 14.35303553481570
1 24883U 97037A   25246.88336992  .00000552  00000-0  20879-3 0 21577
2 24883  98.8371  41.5000 0001306 234.3159 125.7904 14.35303772481679
1 24883U 97037A   25247.02279265  .00000543  00000-0  20580-3 0 21594
2 24883  98.8371  41.6427 0001312 233.6683 126.4380 14.35303880481692
1 24883U 97037A   25247.92903976  .00000529  00000-0  20098-3 0 21639
2 24883  98.8372  42.5705 0001349 229.5927 130.5140 14.35304986481820
1 24883U 97037A   25248.27759624  .00000524  00000-0  19900-3 0 21665
2 24883  98.8372  42.9273 0001359 227.7482 132.3588 14.35305368481877
1 24883U 97037A   25248.41701877  .00000521  00000-0  19814-3 0 21681
2 24883  98.8373  43.0700 0001365 227.0972 133.0098 14.35305541481898
1 24883U 97037A   25248.90499761  .00000485  00000-0  18565-3 0 21716
2 24883  98.8374  43.5696 0001381 225.0725 135.0348 14.35305949481960
1 24883U 97037A   25249.18384252  .00000508  00000-0  19357-3 0 21744
2 24883  98.8374  43.8551 0001387 223.7429 136.3646 14.35306406482005
1 24883U 97037A   25249.88095446  .00000497  00000-0  18982-3 0 21789
2 24883  98.8375  44.5687 0001426 220.6579 139.4499 14.35307259482108
1 24883U 97037A   25250.22951061  .00000417  00000-0  16192-3 0 21821
2 24883  98.8376  44.9256 0001443 219.1998 140.9082 14.35307156482158
1 24883U 97037A   25250.92662238  .00000362  00000-0  14270-3 0 21872
2 24883  98.8378  45.6393 0001471 216.2213 143.8872 14.35307643482250
1 24883U 97037A   25251.27517813  .00000358  00000-0  14129-3 0 21912
2 24883  98.8378  45.9962 0001486 214.9097 145.1990 14.35307968482308
1 24883U 97037A   25251.41460047  .00000352  00000-0  13908-3 0 21934
2 24883  98.8378  46.1389 0001482 213.9588 146.1502 14.35308082482324
1 24883U 97037A   25251.90257849  .00000299  00000-0  12057-3 0 21958
2 24883  98.8380  46.6385 0001504 211.8419 148.2675 14.35308257482398
1 24883U 97037A   25251.97228962  .00000296  00000-0  11962-3 0 21961
2 24883  98.8380  46.7099 0001507 211.5947 148.5148 14.35308301482407
1 24883U 97037A   25252.87853412  .00000248  00000-0  10291-3 0 21999
2 24883  98.8381  47.6377 0001555 208.1020 152.0081 14.35308819482538
1 24883U 97037A   25253.01795633  .00000242  00000-0  10064-3 0 22001
2 24883  98.8381  47.7805 0001562 207.6061 152.5040 14.35308884482556
1 24883U 97037A   25253.43622289  .00000246  00000-0  10193-3 0 22011
2 24883  98.8382  48.2087 0001586 206.1285 153.9819 14.35309224482618
1 24883U 97037A   25253.71506724  .00000240  00000-0  10014-3 0 22024
2 24883  98.8383  48.4942 0001600 204.9819 155.1289 14.35309394482654
1 24883U 97037A   25253.99391152  .00000230  00000-0  96475-4 0 22059
2 24883  98.8383  48.7797 0001612 204.0730 156.0379 14.35309560482690
1 24883U 97037A   25254.90015530  .00000220  00000-0  93158-4 0 22070
2 24883  98.8384  49.7076 0001661 200.9104 159.2013 14.35310125482820
1 24883U 97037A   25255.17899950  .00000217  00000-0  92077-4 0 22093
2 24883  98.8384  49.9931 0001675 199.8876 160.2244 14.35310262482863
1 24883U 97037A   25255.66697669  .00000227  00000-0  95320-4 0 22107
2 24883  98.8385  50.4928 0001704 198.3163 161.7960 14.35310635482936
1 24883U 97037A   25256.15495387  .00000224  00000-0  94268-4 0 22113
2 24883  98.8386  50.9924 0001732 196.6963 163.4164 14.35310894483009
1 24883U 97037A   25256.85206391  .00000231  00000-0  96864-4 0 22151
2 24883  98.8387  51.7063 0001772 194.3888 165.7247 14.35311372483108
1 24883U 97037A   25257.20061891  .00000234  00000-0  97771-4 0 22167
2 24883  98.8387  52.0632 0001791 193.3201 166.7936 14.35311552483154
1 24883U 97037A   25257.47946283  .00000236  00000-0  98570-4 0 22185
2 24883  98.8388  52.3487 0001804 192.2676 167.8465 14.35311749483196
1 24883U 97037A   25258.17657192  .00000364  00000-0  14314-3 0 22210
2 24883  98.8389  53.0626 0001840 190.1118 170.0030 14.35312992483294
1 24883U 97037A   25258.38570468  .00000362  00000-0  14253-3 0 22224
2 24883  98.8389  53.2767 0001851 189.4944 170.6205 14.35313156483329
1 24883U 97037A   25258.66454911  .00000259  00000-0  10647-3 0 22249
2 24883  98.8389  53.5622 0001869 188.4813 171.6340 14.35312567483365
1 24883U 97037A   25259.15252564  .00000281  00000-0  11418-3 0    17
2 24883  98.8390  54.0619 0001898 186.9452 173.1707 14.35312975483438
1 24883U 97037A   25259.50108027  .00000260  00000-0  10683-3 0    10
2 24883  98.8390  54.4188 0001918 185.8220 174.2942 14.35313090483484
1 24883U 97037A   25259.98905671  .00000258  00000-0  10635-3 0    16
2 24883  98.8391  54.9186 0001943 184.1926 175.9242 14.35313366483556
1 24883U 97037A   25260.89529836  .00000257  00000-0  10606-3 0    10
2 24883  98.8392  55.8466 0001998 181.3748 178.7431 14.35313894483680
1 24883U 97037A   25261.03472012  .00000255  00000-0  10518-3 0    10
2 24883  98.8392  55.9893 0002005 181.0041 179.1139 14.35313951483705
1 24883U 97037A   25261.94096125  .00000267  00000-0  10924-3 0    11
2 24883  98.8393  56.9174 0002056 178.7563 181.3627 14.35314596483834
1 24883U 97037A   25262.01067209  .00000266  00000-0  10909-3 0    13
2 24883  98.8393  56.9887 0002060 178.5833 181.5358 14.35314631483842
1 24883U 97037A   25262.49864784  .00000269  00000-0  10994-3 0    15
2 24883  98.8393  57.4884 0002083 177.7300 182.3894 14.35314979483917
1 24883U 97037A   25262.91691277  .00000291  00000-0  11777-3 0    12
2 24883  98.8395  57.9168 0002103 176.7023 183.4176 14.35315365483974
1 24883U 97037A   25263.89286368  .00000374  00000-0  14689-3 0    18
2 24883  98.8396  58.9162 0002141 174.3075 185.8135 14.35316507484110
1 24883U 97037A   25264.17170673  .00000419  00000-0  16248-3 0    14
2 24883  98.8396  59.2018 0002156 173.4412 186.6801 14.35316917484153
1 24883U 97037A   25264.45054962  .00000428  00000-0  16574-3 0    19
2 24883  98.8397  59.4873 0002167 172.8636 187.2580 14.35317222484193
1 24883U 97037A   25265.28707808  .00000495  00000-0  18896-3 0    18
2 24883  98.8399  60.3440 0002207 170.7658 189.3567 14.35318272484310
1 24883U 97037A   25265.42649941  .00000501  00000-0  19103-3 0    17
2 24883  98.8399  60.4868 0002213 170.4750 189.6477 14.35318443484337
1 24883U 97037A   25265.70534201  .00000487  00000-0  18600-3 0    14
2 24883  98.8400  60.7724 0002227 169.6395 190.4836 14.35318641484377
1 24883U 97037A   25266.05389517  .00000627  00000-0  23514-3 0    17
2 24883  98.8401  61.1294 0002236 168.7907 191.3327 14.35319726484420
1 24883U 97037A   25266.40244819  .00000642  00000-0  24028-3 0    19
2 24883  98.8402  61.4863 0002253 167.7163 192.4077 14.35320195484479
1 24883U 97037A   25267.16926482  .00000611  00000-0  22940-3 0  2756
2 24883  98.8403  62.2717 0002298 165.6614 194.4636 14.35320771484589
1 24883U 97037A   25267.86637035  .00000606  00000-0  22768-3 0  2804
2 24883  98.8405  62.9857 0002340 163.6333 196.4927 14.35321532484689
1 24883U 97037A   25268.28463331  .00000639  00000-0  23916-3 0  2843
2 24883  98.8406  63.4141 0002357 162.7024 197.4241 14.35322208484745
1 24883U 97037A   25268.91202740  .00000644  00000-0  24077-3 0  2887
2 24883  98.8407  64.0567 0002386 161.2396 198.8877 14.35323060484830
1 24883U 97037A   25269.05144825  .00000648  00000-0  24227-3 0    16
2 24883  98.8407  64.1995 0002392 160.8660 199.2615 14.35323261484852
1 24883U 97037A   25269.40000038  .00000667  00000-0  24897-3 0  9396
2 24883  98.8407  64.5565 0002407 159.9922 200.1357 14.35323808484904
1 24883U 97037A   25269.88797314  .00000639  00000-0  23916-3 0    18
2 24883  98.8408  65.0563 0002423 158.9348 201.1937 14.35324310484979
1 24883U 97037A   25269.95768355  .00000634  00000-0  23734-3 0    12
2 24883  98.8408  65.1277 0002424 158.8222 201.3063 14.35324362484983
1 24883U 97037A   25270.44565612  .00000658  00000-0  24590-3 0    16
2 24883  98.8408  65.6275 0002445 157.6777 202.4515 14.35325123485050
1 24883U 97037A   25270.93362835  .00000642  00000-0  24002-3 0    13
2 24883  98.8409  66.1273 0002466 156.5142 203.6155 14.35325724485120
1 24883U 97037A   25271.28217975  .00000663  00000-0  24751-3 0    10
2 24883  98.8409  66.4844 0002484 155.6499 204.4804 14.35326333485174
1 24883U 97037A   25271.42160032  .00000660  00000-0  24649-3 0    10
2 24883  98.8409  66.6272 0002490 155.2021 204.9284 14.35326519485190
1 24883U 97037A   25272.04899250  .00000656  00000-0  24520-3 0    13
2 24883  98.8410  67.2698 0002521 153.6461 206.4852 14.35327392485284
1 24883U 97037A   25272.39754357  .00000651  00000-0  24341-3 0  3120
2 24883  98.8410  67.6268 0002531 152.9113 207.2204 14.35327854485337
1 24883U 97037A   25273.44319517  .00000739  00000-0  27384-3 0  9507
2 24883  98.8410  68.6978 0002593 150.1994 209.9339 14.35330077485486
1 24883U 97037A   25273.58261534  .00000732  00000-0  27170-3 0  3170
2 24883  98.8410  68.8406 0002608 149.7663 210.3672 14.35330266485507
1 24883U 97037A   25273.72203546  .00000730  00000-0  27087-3 0  9514
2 24883  98.8410  68.9834 0002616 149.4114 210.7224 14.35330482485529
1 24883U 97037A   25274.00087560  .00000706  00000-0  26262-3 0  9520
2 24883  98.8410  69.2691 0002634 148.6957 211.4385 14.35330839485566
1 24883U 97037A   25274.00087561  .00000706  00000-0  26262-3 0    16
2 24883  98.8410  69.2691 0002634 148.6957 211.4385 14.35330839485566
1 24883U 97037A   25274.27971544  .00000806  00000-0  29720-3 0  9537
2 24883  98.8410  69.5547 0002645 148.0396 212.0949 14.35331896485604
1 24883U 97037A   25274.97681489  .00000823  00000-0  30317-3 0  3256
2 24883  98.8411  70.2687 0002674 146.3579 213.7776 14.35333284485705
1 24883U 97037A   25275.04652480  .00000821  00000-0  30251-3 0  9547
2 24883  98.8411  70.3402 0002679 146.1836 213.9519 14.35333392485718
1 24883U 97037A   25275.39507429  .00000807  00000-0  29769-3 0  3299
2 24883  98.8412  70.6972 0002698 145.4225 214.7136 14.35333966485765
1 24883U 97037A   25275.39507428  .00000807  00000-0  29769-3 0  9553
2 24883  98.8412  70.6972 0002698 145.4225 214.7135 14.35333965485763
1 24883U 97037A   25275.95275313  .00000804  00000-0  29672-3 0  3318
2 24883  98.8413  71.2685 0002731 144.0917 216.0451 14.35335015485846
1 24883U 97037A   25276.30130197  .00000864  00000-0  31760-3 0  3337
2 24883  98.8414  71.6255 0002745 143.3312 216.8060 14.35336052485891
1 24883U 97037A   25276.44072151  .00000860  00000-0  31618-3 0  3357
2 24883  98.8414  71.7683 0002750 142.9990 217.1385 14.35336322485917
1 24883U 97037A   25277.69549723  .00000720  00000-0  26750-3 0  9586
2 24883  98.8416  73.0537 0002800 140.0700 220.0691 14.35337810486092
1 24883U 97037A   25278.04404551  .00000664  00000-0  24774-3 0  9597
2 24883  98.8416  73.4108 0002813 139.2310 220.9085 14.35338192486147
1 24883U 97037A   25278.39259397  .00000623  00000-0  23365-3 0  9603
2 24883  98.8417  73.7679 0002828 138.5493 221.5907 14.35338535486190
1 24883U 97037A   25279.15940007  .00000545  00000-0  20640-3 0  9621
2 24883  98.8418  74.5534 0002856 136.8701 223.2708 14.35339325486303
1 24883U 97037A   25279.43823845  .00000532  00000-0  20172-3 0  9639
2 24883  98.8418  74.8390 0002861 136.3537 223.7874 14.35339698486340
1 24883U 97037A   25279.43823846  .00000532  00000-0  20172-3 0  3533
2 24883  98.8418  74.8390 0002861 136.3537 223.7875 14.35339698486341
1 24883U 97037A   25279.92620553  .00000503  00000-0  19173-3 0  3567
2 24883  98.8419  75.3389 0002872 135.3612 224.7804 14.35340270486410
1 24883U 97037A   25280.41417246  .00000482  00000-0  18419-3 0  3586
2 24883  98.8420  75.8388 0002877 134.3859 225.7562 14.35340799486488
1 24883U 97037A   25280.90213902  .00000491  00000-0  18749-3 0  3590
2 24883  98.8420  76.3387 0002892 133.2982 226.8444 14.35341540486559
1 24883U 97037A   25281.18097721  .00000452  00000-0  17378-3 0  9679
2 24883  98.8421  76.6244 0002892 132.7943 227.3485 14.35341598486594
1 24883U 97037A   25281.32039624  .00000445  00000-0  17135-3 0  3625
2 24883  98.8420  76.7672 0002884 132.5799 227.5629 14.35341723486612
1 24883U 97037A   25281.45981532  .00000437  00000-0  16876-3 0  9687
2 24883  98.8421  76.9100 0002892 132.2044 227.9386 14.35341833486638
1 24883U 97037A   25281.45981533  .00000437  00000-0  16876-3 0    16
2 24883  98.8421  76.9100 0002892 132.2044 227.9386 14.35341833486638
1 24883U 97037A   25281.87807229  .00000408  00000-0  15837-3 0  3658
2 24883  98.8422  77.3385 0002910 131.3083 228.8353 14.35342161486698
1 24883U 97037A   25282.15691034  .00000380  00000-0  14881-3 0  9692
2 24883  98.8422  77.6241 0002922 130.7466 229.3973 14.35342253486734
1 24883U 97037A   25282.15691034  .00000380  00000-0  14881-3 0  3674
2 24883  98.8422  77.6241 0002922 130.7466 229.3973 14.35342253486734
1 24883U 97037A   25282.43574827  .00000370  00000-0  14515-3 0  3702
2 24883  98.8422  77.9098 0002929 130.1885 229.9556 14.35342489486771
1 24883U 97037A   25282.43574826  .00000370  00000-0  14515-3 0  9707
2 24883  98.8422  77.9098 0002929 130.1885 229.9556 14.35342489486771
1 24883U 97037A   25282.78429560  .00000357  00000-0  14075-3 0  9716
2 24883  98.8423  78.2669 0002944 129.4145 230.7301 14.35342764486827
1 24883U 97037A   25282.78429561  .00000357  00000-0  14075-3 0  3711
2 24883  98.8423  78.2669 0002944 129.4145 230.7301 14.35342764486827
1 24883U 97037A   25283.06313339  .00000355  00000-0  14000-3 0  9721
2 24883  98.8423  78.5525 0002951 128.7950 231.3499 14.35343019486868
1 24883U 97037A   25283.20255229  .00000394  00000-0  15352-3 0  3740
2 24883  98.8423  78.6954 0002953 128.5184 231.6266 14.35343347486885
1 24883U 97037A   25283.41168060  .00000391  00000-0  15266-3 0  9735
2 24883  98.8424  78.9097 0002962 128.0836 232.0616 14.35343540486919
1 24883U 97037A   25283.89964656  .00000372  00000-0  14579-3 0  3775
2 24883  98.8424  79.4096 0002976 127.0794 233.0663 14.35343883486981
1 24883U 97037A   25284.17848421  .00000393  00000-0  15312-3 0  9740
2 24883  98.8424  79.6953 0002984 126.4983 233.6477 14.35344209487025
1 24883U 97037A   25284.31790300  .00000391  00000-0  15255-3 0  3803
2 24883  98.8424  79.8381 0002984 126.2249 233.9212 14.35344336487048
1 24883U 97037A   25284.87557784  .00000417  00000-0  16151-3 0  3840
2 24883  98.8425  80.4094 0003002 125.0522 235.0944 14.35345053487122
1 24883U 97037A   25285.29383382  .00000440  00000-0  16958-3 0  3872
2 24883  98.8425  80.8379 0003015 124.2199 235.9271 14.35345590487181
1 24883U 97037A   25285.43325248  .00000441  00000-0  17012-3 0  3890
2 24883  98.8425  80.9808 0003025 124.0270 236.1202 14.35345742487207
1 24883U 97037A   25285.85150833  .00000449  00000-0  17275-3 0  3914
2 24883  98.8426  81.4093 0003042 123.1696 236.9781 14.35346211487269
1 24883U 97037A   25286.33947326  .00000465  00000-0  17827-3 0  3932
2 24883  98.8425  81.9092 0003056 122.0659 238.0823 14.35346808487334
1 24883U 97037A   25286.40918252  .00000465  00000-0  17851-3 0  3944
2 24883  98.8426  81.9806 0003056 121.9003 238.2479 14.35346892487342
1 24883U 97037A   25286.89714734  .00000453  00000-0  17429-3 0  3955
2 24883  98.8426  82.4806 0003075 120.8765 239.2722 14.35347325487414
1 24883U 97037A   25287.31540281  .00000475  00000-0  18172-3 0  3980
2 24883  98.8427  82.9092 0003085 119.9873 240.1618 14.35347835487474
1 24883U 97037A   25287.66394885  .00000444  00000-0  17097-3 0  4011
2 24883  98.8428  83.2663 0003093 119.3143 240.8351 14.35348042487524
1 24883U 97037A   25288.43074984  .00000475  00000-0  18192-3 0  4057
2 24883  98.8428  84.0519 0003098 117.7215 242.4284 14.35349024487636
1 24883U 97037A   25288.70958644  .00000495  00000-0  18887-3 0  9868
2 24883  98.8428  84.3376 0003111 117.1812 242.9690 14.35349427487670
1 24883U 97037A   25288.70958644  .00000495  00000-0  18887-3 0  4065
2 24883  98.8428  84.3376 0003111 117.1812 242.9690 14.35349427487670
1 24883U 97037A   25289.40667786  .00000485  00000-0  18538-3 0  4092
2 24883  98.8428  85.0518 0003121 115.6705 244.4803 14.35350094487777
1 24883U 97037A   25289.68551428  .00000497  00000-0  18965-3 0  4106
2 24883  98.8428  85.3375 0003127 115.0556 245.0953 14.35350453487812
1 24883U 97037A   25290.17347795  .00000528  00000-0  20016-3 0  9876
2 24883  98.8429  85.8375 0003138 114.0497 246.1016 14.35351098487888
1 24883U 97037A   25290.31289603  .00000530  00000-0  20110-3 0  4137
2 24883  98.8429  85.9803 0003135 113.7687 246.3826 14.35351290487907
1 24883U 97037A   25290.66144113  .00000526  00000-0  19976-3 0  9881
2 24883  98.8428  86.3374 0003122 112.9716 247.1798 14.35351695487955
1 24883U 97037A   25290.94027713  .00000562  00000-0  21232-3 0  4184
2 24883  98.8429  86.6231 0003138 112.4265 247.7252 14.35352259487994
1 24883U 97037A   25291.14940440  .00000556  00000-0  21012-3 0  9890
2 24883  98.8429  86.8373 0003148 112.0475 248.1044 14.35352368488023
1 24883U 97037A   25291.28882239  .00000556  00000-0  21010-3 0  4215
2 24883  98.8429  86.9802 0003148 111.7576 248.3944 14.35352537488040
1 24883U 97037A   25291.91620267  .00000634  00000-0  23723-3 0  4261
2 24883  98.8430  87.6230 0003178 110.5016 249.6510 14.35353856488132
1 24883U 97037A   25292.05562053  .00000637  00000-0  23830-3 0  4289
2 24883  98.8430  87.7659 0003179 110.1820 249.9707 14.35354035488151
1 24883U 97037A   25292.96183621  .00000670  00000-0  24998-3 0  4338
2 24883  98.8431  88.6944 0003202 108.3311 251.8223 14.35355374488286
1 24883U 97037A   25293.03154506  .00000672  00000-0  25039-3 0  9959
2 24883  98.8431  88.7658 0003204 108.1841 251.9692 14.35355467488292
1 24883U 97037A   25293.31038057  .00000688  00000-0  25610-3 0  4364
2 24883  98.8432  89.0515 0003203 107.6448 252.5087 14.35355877488330
1 24883U 97037A   25293.44979821  .00000691  00000-0  25700-3 0  4387
2 24883  98.8432  89.1944 0003205 107.3713 252.7823 14.35356096488357
1 24883U 97037A   25293.93775992  .00000658  00000-0  24546-3 0  4418
2 24883  98.8433  89.6944 0003211 106.4830 253.6708 14.35356583488421
1 24883U 97037A   25294.42572135  .00000658  00000-0  24577-3 0  4455
2 24883  98.8434  90.1944 0003218 105.4804 254.6736 14.35357260488498
1 24883U 97037A   25294.84397389  .00000626  00000-0  23432-3 0    19
2 24883  98.8434  90.6230 0003227 104.6756 255.4787 14.35357656488559
1 24883U 97037A   25294.91368262  .00000624  00000-0  23373-3 0  4471
2 24883  98.8434  90.6944 0003227 104.5264 255.6278 14.35357751488568
1 24883U 97037A   25295.05310008  .00000623  00000-0  23325-3 0    25
2 24883  98.8434  90.8373 0003230 104.2245 255.9298 14.35357920488581
1 24883U 97037A   25295.40164366  .00000599  00000-0  22518-3 0    34
2 24883  98.8435  91.1944 0003231 103.5437 256.6108 14.35358281488631
1 24883U 97037A   25295.05310009  .00000623  00000-0  23325-3 0  4491
2 24883  98.8434  90.8373 0003230 104.2245 255.9298 14.35357920488581
1 24883U 97037A   25295.88960445  .00000587  00000-0  22088-3 0  4525
2 24883  98.8436  91.6945 0003239 102.5548 257.5999 14.35358904488706
1 24883U 97037A   25296.44727374  .00000586  00000-0  22034-3 0  4553
2 24883  98.8437  92.2659 0003245 101.4889 258.6660 14.35359636488787
1 24883U 97037A   25296.44727374  .00000586  00000-0  22034-3 0    54
2 24883  98.8437  92.2659 0003245 101.4889 258.6660 14.35359636488787
1 24883U 97037A   25296.93523410  .00000557  00000-0  21049-3 0  4566
2 24883  98.8437  92.7660 0003253 100.4881 259.6670 14.35360162488850
1 24883U 97037A   25297.00494272  .00000555  00000-0  20953-3 0  4570
2 24883  98.8437  92.8374 0003253 100.3320 259.8232 14.35360230488863
1 24883U 97037A   25297.70202852  .00000540  00000-0  20441-3 0    75
2 24883  98.8438  93.5517 0003257  98.9292 261.2261 14.35361071488969
1 24883U 97037A   25297.84144568  .00000532  00000-0  20171-3 0    81
2 24883  98.8437  93.6945 0003226  98.3217 261.8334 14.35361192488984
1 24883U 97037A   25297.98086278  .00000528  00000-0  20028-3 0  4630
2 24883  98.8438  93.8374 0003216  97.9037 262.2513 14.35361340489000
1 24883U 97037A   25298.05057132  .00000525  00000-0  19932-3 0    91
2 24883  98.8438  93.9088 0003216  97.7308 262.4242 14.35361405489016
1 24883U 97037A   25298.32940547  .00000539  00000-0  20408-3 0  4664
2 24883  98.8437  94.1945 0003210  97.1249 263.0300 14.35361821489050
1 24883U 97037A   25298.39911403  .00000537  00000-0  20355-3 0   104
2 24883  98.8437  94.2659 0003215  97.0105 263.1445 14.35361899489065
1 24883U 97037A   25298.67794808  .00000511  00000-0  19433-3 0   111
2 24883  98.8437  94.5516 0003216  96.4165 263.7386 14.35362101489102
1 24883U 97037A   25298.95678216  .00000500  00000-0  19044-3 0  4701
2 24883  98.8438  94.8374 0003214  95.7915 264.3636 14.35362367489144
1 24883U 97037A   25299.16590786  .00000520  00000-0  19732-3 0   128
2 24883  98.8437  95.0517 0003222  95.4925 264.6627 14.35362629489179
1 24883U 97037A   25299.16590786  .00000520  00000-0  19732-3 0  4728
2 24883  98.8437  95.0517 0003222  95.4925 264.6627 14.35362629489179
1 24883U 97037A   25299.44474181  .00000514  00000-0  19536-3 0   135
2 24883  98.8438  95.3374 0003222  94.9993 265.1559 14.35362936489219
1 24883U 97037A   25299.72357554  .00000504  00000-0  19193-3 0   149
2 24883  98.8438  95.6231 0003225  94.4909 265.6644 14.35363241489253
1 24883U 97037A   25299.93270092  .00000516  00000-0  19620-3 0  4785
2 24883  98.8438  95.8374 0003229  94.0915 266.0639 14.35363561489287
1 24883U 97037A   25300.14182641  .00000536  00000-0  20316-3 0   156
2 24883  98.8437  96.0517 0003225  93.6408 266.5146 14.35363821489317
1 24883U 97037A   25300.14182642  .00000536  00000-0  20316-3 0  4803
2 24883  98.8437  96.0517 0003225  93.6408 266.5146 14.35363821489317
1 24883U 97037A   25300.42066014  .00000533  00000-0  20198-3 0   168
2 24883  98.8438  96.3374 0003226  93.1212 267.0342 14.35364134489357
1 24883U 97037A   25300.90861898  .00000516  00000-0  19597-3 0  4845
2 24883  98.8438  96.8375 0003230  92.1704 267.9850 14.35364605489427
1 24883U 97037A   25301.39657778  .00000519  00000-0  19727-3 0  4892
2 24883  98.8438  97.3376 0003228  91.2265 268.9289 14.35365118489497
1 24883U 97037A   25302.44220313  .00000502  00000-0  19111-3 0   200
2 24883  98.8439  98.4091 0003241  89.4591 270.6965 14.35366136489649
1 24883U 97037A   25302.30278644  .00000508  00000-0  19338-3 0  4947
2 24883  98.8439  98.2663 0003238  89.6712 270.4843 14.35366017489624
1 24883U 97037A   25302.93016127  .00000479  00000-0  18324-3 0  4987
2 24883  98.8439  98.9092 0003242  88.4065 271.7491 14.35366564489710
1 24883U 97037A   25303.27870265  .00000481  00000-0  18403-3 0  5012
2 24883  98.8439  99.2664 0003240  87.7050 272.4506 14.35366951489763
1 24883U 97037A   25303.83636887  .00000471  00000-0  18032-3 0   241
2 24883  98.8440  99.8379 0003240  86.5649 273.5906 14.35367475489842
1 24883U 97037A   25303.90607707  .00000475  00000-0  18182-3 0  5063
2 24883  98.8439  99.9093 0003241  86.4025 273.7530 14.35367591489857
1 24883U 97037A   25304.04549349  .00000481  00000-0  18389-3 0  5084
2 24883  98.8440 100.0522 0003242  86.0963 274.0592 14.35367781489873
1 24883U 97037A   25304.67286762  .00000452  00000-0  17364-3 0   265
2 24883  98.8440 100.6951 0003242  84.9120 275.2434 14.35368255489962
1 24883U 97037A   25305.43965787  .00000422  00000-0  16340-3 0  5165
2 24883  98.8441 101.4810 0003245  83.3880 276.7674 14.35368872490076
1 24883U 97037A   25306.41557222  .00000372  00000-0  14579-3 0   324
2 24883  98.8442 102.4812 0003235  81.5123 278.6428 14.35369543490219
1 24883U 97037A   25306.20644781  .00000376  00000-0  14729-3 0  5212
2 24883  98.8442 102.2668 0003237  81.8497 278.3054 14.35369342490180
1 24883U 97037A   25307.67031795  .00000355  00000-0  13981-3 0   366
2 24883  98.8444 103.7671 0003221  78.8867 281.2680 14.35370731490397
1 24883U 97037A   25307.67031796  .00000355  00000-0  13981-3 0  5317
2 24883  98.8444 103.7671 0003221  78.8867 281.2680 14.35370731490397
1 24883U 97037A   25308.15827440  .00000357  00000-0  14075-3 0   378
2 24883  98.8444 104.2672 0003220  78.0258 282.1287 14.35371224490468
1 24883U 97037A   25308.29769055  .00000347  00000-0  13705-3 0  5340
2 24883  98.8444 104.4101 0003217  77.7565 282.3980 14.35371292490489
1 24883U 97037A   25308.43710662  .00000344  00000-0  13611-3 0   388
2 24883  98.8444 104.5530 0003213  77.4016 282.7528 14.35371419490506
1 24883U 97037A   25308.43710663  .00000344  00000-0  13611-3 0  5362
2 24883  98.8444 104.5530 0003213  77.4016 282.7528 14.35371419490506
1 24883U 97037A   25308.85535491  .00000327  00000-0  13033-3 0   399
2 24883  98.8444 104.9816 0003204  76.5514 283.6028 14.35371707490561
1 24883U 97037A   25308.85535491  .00000327  00000-0  13033-3 0  5383
2 24883  98.8444 104.9816 0003204  76.5514 283.6028 14.35371707490561
1 24883U 97037A   25309.13418700  .00000318  00000-0  12712-3 0  5415
2 24883  98.8444 105.2673 0003180  75.7336 284.4201 14.35371883490604
1 24883U 97037A   25309.97068279  .00000396  00000-0  15441-3 0  5473
2 24883  98.8444 106.1246 0003157  73.7499 286.4033 14.35373101490725
1 24883U 97037A   25310.31922246  .00000447  00000-0  17200-3 0  5490
2 24883  98.8444 106.4819 0003148  72.9772 287.1758 14.35373720490773
1 24883U 97037A   25310.45863830  .00000452  00000-0  17382-3 0   445
2 24883  98.8445 106.6247 0003141  72.5746 287.5782 14.35373901490795
1 24883U 97037A   25310.87688593  .00000404  00000-0  15710-3 0  5526
2 24883  98.8445 107.0534 0003131  71.7911 288.3614 14.35374037490854
1 24883U 97037A   25311.01630168  .00000415  00000-0  16072-3 0   460
2 24883  98.8446 107.1963 0003135  71.6470 288.5056 14.35374249490874
1 24883U 97037A   25311.29513314  .00000496  00000-0  18898-3 0  5544
2 24883  98.8446 107.4821 0003126  70.9736 289.1787 14.35374987490919
1 24883U 97037A   25311.71338024  .00000521  00000-0  19763-3 0   472
2 24883  98.8446 107.9107 0003114  70.1005 290.0515 14.35375590490976
1 24883U 97037A   25312.06191949  .00000508  00000-0  19319-3 0   487
2 24883  98.8445 108.2679 0003105  69.1749 290.9767 14.35375889491022
1 24883U 97037A   25312.41045873  .00000515  00000-0  19571-3 0   499
2 24883  98.8446 108.6252 0003101  68.6750 291.4765 14.35376287491078
1 24883U 97037A   25312.20133520  .00000521  00000-0  19778-3 0  5629
2 24883  98.8446 108.4109 0003099  68.8949 291.2567 14.35376087491048
1 24883U 97037A   25312.82870535  .00000534  00000-0  20219-3 0   509
2 24883  98.8446 109.0538 0003079  67.4690 292.6820 14.35376907491135
1 24883U 97037A   25314.43198393  .00000600  00000-0  22519-3 0  5787
2 24883  98.8447 110.6971 0003051  64.5542 295.5958 14.35378974491364
1 24883U 97037A   25315.19876832  .00000665  00000-0  24780-3 0  5819
2 24883  98.8447 111.4830 0003033  63.1418 297.0076 14.35380227491478
1 24883U 97037A   25316.31408943  .00000816  00000-0  30051-3 0  5870
2 24883  98.8447 112.6261 0003008  60.8134 299.3352 14.35382645491636
1 24883U 97037A   25316.45350443  .00000816  00000-0  30069-3 0  5897
2 24883  98.8447 112.7690 0003004  60.3693 299.7790 14.35382875491651
1 24883U 97037A   25317.15057921  .00000803  00000-0  29610-3 0   633
2 24883  98.8447 113.4834 0002988  59.1253 301.0225 14.35383877491751
1 24883U 97037A   25317.28999371  .00000823  00000-0  30296-3 0  5922
2 24883  98.8447 113.6263 0002983  58.8106 301.3371 14.35384337491776
1 24883U 97037A   25317.42940843  .00000845  00000-0  31070-3 0  5945
2 24883  98.8447 113.7692 0002980  58.5476 301.6000 14.35384734491792
1 24883U 97037A   25317.84765265  .00000861  00000-0  31615-3 0   650
2 24883  98.8447 114.1979 0002971  57.5881 302.5590 14.35385569491852
1 24883U 97037A   25317.91735982  .00000912  00000-0  33401-3 0  5962
2 24883  98.8447 114.2693 0002973  57.6674 302.4798 14.35386033491866
1 24883U 97037A   25317.42940843  .00000845  00000-0  31070-3 0   647
2 24883  98.8447 113.7692 0002980  58.5476 301.6000 14.35384734491792
1 24883U 97037A   25318.05677448  .00000910  00000-0  33320-3 0  5979
2 24883  98.8447 114.4122 0002970  57.4688 302.6783 14.35386273491889
1 24883U 97037A   25318.40531156  .00000778  00000-0  28738-3 0   685
2 24883  98.8447 114.7695 0002953  56.4724 303.6742 14.35386057491930
1 24883U 97037A   25319.45092076  .00000754  00000-0  27883-3 0   701
2 24883  98.8449 115.8411 0002908  54.4270 305.7185 14.35387787492086
1 24883U 97037A   25319.72974956  .00000755  00000-0  27929-3 0   710
2 24883  98.8449 116.1269 0002902  53.8824 306.2629 14.35388323492124
1 24883U 97037A   25320.42682131  .00000715  00000-0  26523-3 0   748
2 24883  98.8449 116.8413 0002875  51.9064 308.2380 14.35389410492221
1 24883U 97037A   25320.28740700  .00000725  00000-0  26878-3 0  6110
2 24883  98.8449 116.6984 0002878  52.3692 307.7753 14.35389199492207
1 24883U 97037A   25320.70565000  .00000689  00000-0  25615-3 0   756
2 24883  98.8449 117.1271 0002873  51.1134 309.0306 14.35389727492267
1 24883U 97037A   25320.42682131  .00000715  00000-0  26523-3 0  6137
2 24883  98.8449 116.8413 0002875  51.9064 308.2380 14.35389410492221
1 24883U 97037A   25321.40272098  .00000642  00000-0  24001-3 0   775
2 24883  98.8449 117.8416 0002847  49.2979 310.8453 14.35390746492368
1 24883U 97037A   25321.19359976  .00000653  00000-0  24371-3 0  6185
2 24883  98.8449 117.6272 0002858  49.8734 310.2700 14.35390419492336
1 24883U 97037A   25321.68154942  .00000589  00000-0  22156-3 0   782
2 24883  98.8449 118.1273 0002842  48.5541 311.5888 14.35390894492404
1 24883U 97037A   25321.40272099  .00000642  00000-0  24001-3 0  6200
2 24883  98.8449 117.8416 0002847  49.2979 310.8453 14.35390746492368
1 24883U 97037A   25322.03008490  .00000501  00000-0  19095-3 0   803
2 24883  98.8450 118.4846 0002827  47.5528 312.5895 14.35390953492452
1 24883U 97037A   25322.44832720  .00000486  00000-0  18558-3 0   815
2 24883  98.8450 118.9133 0002811  46.9957 313.1463 14.35391520492514
1 24883U 97037A   25322.03008490  .00000501  00000-0  19095-3 0  6247
2 24883  98.8450 118.4846 0002827  47.5528 312.5895 14.35390953492452
1 24883U 97037A   25322.93627657  .00000405  00000-0  15738-3 0  6285
2 24883  98.8450 119.4134 0002794  46.1345 314.0071 14.35391756492587
1 24883U 97037A   25323.28481172  .00000417  00000-0  16151-3 0  6311
2 24883  98.8449 119.7706 0002780  45.3914 314.7497 14.35392228492631
1 24883U 97037A   25323.42422576  .00000409  00000-0  15863-3 0  6332
2 24883  98.8449 119.9135 0002775  45.1400 315.0010 14.35392357492651
1 24883U 97037A   25323.91217483  .00000353  00000-0  13918-3 0  6343
2 24883  98.8450 120.4137 0002755  44.1221 316.0183 14.35392603492724
1 24883U 97037A   25324.19100283  .00000356  00000-0  14036-3 0  6360
2 24883  98.8450 120.6995 0002744  43.4478 316.6922 14.35392877492766
1 24883U 97037A   25324.67895162  .00000346  00000-0  13662-3 0   862
2 24883  98.8451 121.1996 0002722  42.2335 317.9058 14.35393319492833
1 24883U 97037A   25324.67895163  .00000346  00000-0  13662-3 0  6397
2 24883  98.8451 121.1996 0002722  42.2335 317.9058 14.35393319492833
1 24883U 97037A   25325.02748638  .00000330  00000-0  13137-3 0   889
2 24883  98.8452 121.5569 0002710  41.3714 318.7675 14.35393596492888
1 24883U 97037A   25325.44572788  .00000346  00000-0  13683-3 0   890
2 24883  98.8452 121.9856 0002691  40.5864 319.5521 14.35394132492949
1 24883U 97037A   25326.00338318  .00000336  00000-0  13315-3 0   905
2 24883  98.8452 122.5573 0002669  39.4475 320.6903 14.35394630493022
1 24883U 97037A   25326.35191759  .00000369  00000-0  14473-3 0   923
2 24883  98.8452 122.9145 0002653  38.7161 321.4213 14.35395147493070
1 24883U 97037A   25326.42162461  .00000336  00000-0  13323-3 0  6472
2 24883  98.8452 122.9860 0002649  38.7354 321.4020 14.35395009493087
1 24883U 97037A   25326.42162461  .00000336  00000-0  13323-3 0   937
2 24883  98.8452 122.9860 0002649  38.7354 321.4020 14.35395009493087
1 24883U 97037A   25327.04898653  .00000328  00000-0  13047-3 0   940
2 24883  98.8453 123.6291 0002621  37.5267 322.6100 14.35395513493176
1 24883U 97037A   25327.39752084  .00000330  00000-0  13105-3 0   954
2 24883  98.8453 123.9864 0002605  36.7812 323.3551 14.35395818493226
1 24883U 97037A   25327.04898653  .00000328  00000-0  13047-3 0  6496
2 24883  98.8453 123.6291 0002621  37.5267 322.6100 14.35395513493176
1 24883U 97037A   25328.02488240  .00000359  00000-0  14143-3 0   960
2 24883  98.8453 124.6294 0002581  35.4845 324.6511 14.35396516493312
1 24883U 97037A   25328.44312332  .00000345  00000-0  13632-3 0   972
2 24883  98.8453 125.0582 0002559  34.5135 325.6215 14.35396789493374
1 24883U 97037A   25328.02488240  .00000359  00000-0  14143-3 0  6540
2 24883  98.8453 124.6294 0002581  35.4845 324.6511 14.35396516493312
1 24883U 97037A   25328.72195049  .00000358  00000-0  14108-3 0   981
2 24883  98.8454 125.3440 0002541  34.0379 326.0968 14.35397103493413
1 24883U 97037A   25328.93107081  .00000382  00000-0  14920-3 0  6595
2 24883  98.8453 125.5583 0002537  33.0476 327.0867 14.35397429493447
1 24883U 97037A   25329.07048436  .00000381  00000-0  14882-3 0   993
2 24883  98.8453 125.7012 0002525  33.0384 327.0958 14.35397536493463
1 24883U 97037A   25329.41901829  .00000383  00000-0  14955-3 0  1001
2 24883  98.8453 126.0585 0002510  32.1419 327.9918 14.35397832493515
1 24883U 97037A   25329.34931153  .00000383  00000-0  14962-3 0  6638
2 24883  98.8453 125.9870 0002513  32.3248 327.8090 14.35397766493500
1 24883U 97037A   25330.04637900  .00000368  00000-0  14443-3 0  1025
2 24883  98.8452 126.7015 0002473  30.0548 330.0778 14.35398293493608
1 24883U 97037A   25329.97667226  .00000369  00000-0  14490-3 0  6667
2 24883  98.8452 126.6300 0002479  30.0647 330.0679 14.35398247493597
1 24883U 97037A   25330.39491280  .00000366  00000-0  14373-3 0  1033
2 24883  98.8452 127.0587 0002454  29.2924 330.8398 14.35398541493650
1 24883U 97037A   25330.39491281  .00000366  00000-0  14373-3 0  6703
2 24883  98.8452 127.0588 0002454  29.2924 330.8398 14.35398541493651
1 24883U 97037A   25330.67373959  .00000378  00000-0  14776-3 0  1047
2 24883  98.8452 127.3445 0002447  28.3392 331.7925 14.35398862493693
1 24883U 97037A   25330.67373960  .00000378  00000-0  14776-3 0  6718
2 24883  98.8452 127.3446 0002447  28.3392 331.7925 14.35398862493694
1 24883U 97037A   25330.95256640  .00000363  00000-0  14275-3 0  1054
2 24883  98.8452 127.6304 0002431  27.9116 332.2199 14.35399053493739
1 24883U 97037A   25331.30110008  .00000337  00000-0  13358-3 0  6755
2 24883  98.8451 127.9876 0002412  27.1705 332.9605 14.35399142493783
1 24883U 97037A   25331.85875349  .00000352  00000-0  13901-3 0  6796
2 24883  98.8451 128.5593 0002386  26.0106 334.1198 14.35399727493868
1 24883U 97037A   25332.06787347  .00000351  00000-0  13850-3 0  1090
2 24883  98.8451 128.7736 0002376  25.5207 334.6094 14.35399885493892
1 24883U 97037A   25332.41640679  .00000328  00000-0  13036-3 0  6843
2 24883  98.8451 129.1309 0002363  24.2019 335.9277 14.35400033493947
1 24883U 97037A   25333.18317970  .00000333  00000-0  13235-3 0  1115
2 24883  98.8451 129.9169 0002340  21.8896 338.2388 14.35400696494057
1 24883U 97037A   25333.32259297  .00000315  00000-0  12592-3 0  6893
2 24883  98.8451 130.0598 0002334  21.4441 338.6841 14.35400705494072
1 24883U 97037A   25333.67112597  .00000316  00000-0  12615-3 0  1131
2 24883  98.8451 130.4170 0002319  20.5686 339.5592 14.35401001494125
1 24883U 97037A   25334.01965882  .00000367  00000-0  14415-3 0  1140
2 24883  98.8451 130.7743 0002301  19.7457 340.3816 14.35401613494174
1 24883U 97037A   25334.43789819  .00000340  00000-0  13462-3 0  1153
2 24883  98.8452 131.2031 0002281  18.4511 341.6756 14.35401839494239
1 24883U 97037A   25334.43789820  .00000340  00000-0  13462-3 0  6969
2 24883  98.8452 131.2031 0002281  18.4511 341.6756 14.35401839494239
1 24883U 97037A   25334.71672443  .00000331  00000-0  13158-3 0  1161
2 24883  98.8452 131.4889 0002265  17.8367 342.2897 14.35402022494278
1 24883U 97037A   25334.92584406  .00000351  00000-0  13863-3 0  6996
2 24883  98.8452 131.7032 0002256  17.1627 342.9634 14.35402327494301
1 24883U 97037A   25335.06525712  .00000354  00000-0  13947-3 0  7017
2 24883  98.8452 131.8462 0002246  16.8488 343.2771 14.35402454494328
1 24883U 97037A   25335.41378963  .00000394  00000-0  15342-3 0  1187
2 24883  98.8452 132.2034 0002232  15.7211 344.4042 14.35403003494375
1 24883U 97037A   25335.69261573  .00000365  00000-0  14342-3 0  1193
2 24883  98.8452 132.4893 0002213  15.1538 344.9713 14.35403067494410
1 24883U 97037A   25335.41378963  .00000394  00000-0  15342-3 0  7037
2 24883  98.8452 132.2034 0002232  15.7211 344.4042 14.35403004494376
1 24883U 97037A   25336.04114804  .00000407  00000-0  15792-3 0  1206
2 24883  98.8453 132.8466 0002196  14.3831 345.7415 14.35403654494463
1 24883U 97037A   25336.31997395  .00000477  00000-0  18238-3 0  7098
2 24883  98.8452 133.1324 0002188  13.5345 346.5898 14.35404265494509
1 24883U 97037A   25336.38968038  .00000477  00000-0  18252-3 0  1211
2 24883  98.8452 133.2038 0002185  13.2639 346.8603 14.35404345494519
1 24883U 97037A   25336.66850608  .00000468  00000-0  17914-3 0  1220
2 24883  98.8453 133.4897 0002166  12.6413 347.4826 14.35404602494551
1 24883U 97037A   25336.66850608  .00000468  00000-0  17914-3 0  7114
2 24883  98.8453 133.4897 0002166  12.6413 347.4826 14.35404602494551
1 24883U 97037A   25337.15645102  .00000486  00000-0  18544-3 0  1237
2 24883  98.8453 133.9899 0002143  11.2287 348.8945 14.35405181494625
1 24883U 97037A   25337.29586389  .00000545  00000-0  20604-3 0  7167
2 24883  98.8453 134.1328 0002131  10.9927 349.1303 14.35405629494640
1 24883U 97037A   25337.43527663  .00000547  00000-0  20664-3 0  1244
2 24883  98.8454 134.2757 0002127  10.4630 349.6598 14.35405807494660
1 24883U 97037A   25337.71410209  .00000551  00000-0  20813-3 0  1254
2 24883  98.8454 134.5615 0002116   9.7097 350.4128 14.35406140494707
1 24883U 97037A   25337.92322093  .00000688  00000-0  25576-3 0  7191
2 24883  98.8454 134.7759 0002104   9.1589 350.9634 14.35407189494739
1 24883U 97037A   25337.99292727  .00000686  00000-0  25508-3 0  1263
2 24883  98.8454 134.8473 0002100   9.0188 351.1034 14.35407256494746
1 24883U 97037A   25338.27175245  .00000700  00000-0  25999-3 0  7223
2 24883  98.8454 135.1332 0002083   8.1729 351.9490 14.35407690494785
1 24883U 97037A   25338.41116501  .00000699  00000-0  25970-3 0  7247
2 24883  98.8454 135.2761 0002078   7.7145 352.4072 14.35407886494805
1 24883U 97037A   25338.68999025  .00000672  00000-0  25037-3 0  1278
2 24883  98.8454 135.5619 0002064   7.0414 353.0799 14.35408063494842
1 24883U 97037A   25338.96881560  .00000680  00000-0  25303-3 0  7263
2 24883  98.8454 135.8478 0002044   6.2991 353.8219 14.35408391494880
1 24883U 97037A   25339.03852185  .00000681  00000-0  25358-3 0  1280
2 24883  98.8454 135.9193 0002040   6.1021 354.0188 14.35408482494894
1 24883U 97037A   25339.31734699  .00000646  00000-0  24112-3 0  7284
2 24883  98.8454 136.2051 0002025   5.2555 354.8651 14.35408613494930
1 24883U 97037A   25339.94470338  .00000613  00000-0  22966-3 0  7324
2 24883  98.8455 136.8482 0001991   3.3554 356.7643 14.35409165495020
1 24883U 97037A   25340.29323429  .00000682  00000-0  25361-3 0  7353
2 24883  98.8454 137.2055 0001978   2.2149 357.9043 14.35409993495074
1 24883U 97037A   25340.43264668  .00000673  00000-0  25063-3 0  7368
2 24883  98.8455 137.3484 0001968   1.8529 358.2663 14.35410141495099
1 24883U 97037A   25340.92059009  .00000595  00000-0  22329-3 0  7380
2 24883  98.8455 137.8487 0001939   0.4338 359.6848 14.35410304495167
1 24883U 97037A   25341.26912080  .00000625  00000-0  23386-3 0  7417
2 24883  98.8455 138.2059 0001923 359.4054   0.7128 14.35410911495217
1 24883U 97037A   25341.96618205  .00000537  00000-0  20340-3 0  7448
2 24883  98.8455 138.9205 0001893 357.1856   2.9317 14.35411335495314
1 24883U 97037A   25342.31471265  .00000644  00000-0  24064-3 0  7470
2 24883  98.8455 139.2778 0001875 356.0843   4.0327 14.35412289495365
1 24883U 97037A   25342.45412471  .00000649  00000-0  24212-3 0  7491
2 24883  98.8455 139.4207 0001871 355.5210   4.5957 14.35412523495389
1 24883U 97037A   25342.73294883  .00000666  00000-0  24805-3 0  1375
2 24883  98.8455 139.7065 0001857 354.7265   5.3899 14.35413008495427
1 24883U 97037A   25342.94206709  .00000518  00000-0  19663-3 0  7523
2 24883  98.8455 139.9210 0001842 354.1114   6.0049 14.35412477495459
1 24883U 97037A   25343.01177312  .00000518  00000-0  19650-3 0  1383
2 24883  98.8455 139.9924 0001839 353.9041   6.2120 14.35412559495467
1 24883U 97037A   25343.29059721  .00000622  00000-0  23295-3 0  7546
2 24883  98.8455 140.2783 0001827 352.9864   7.1295 14.35413470495505
1 24883U 97037A   25343.43000916  .00000627  00000-0  23462-3 0  1392
2 24883  98.8455 140.4212 0001815 352.6588   7.4569 14.35413712495529
1 24883U 97037A   25343.43000916  .00000627  00000-0  23462-3 0  7567
2 24883  98.8455 140.4212 0001815 352.6588   7.4569 14.35413712495529
1 24883U 97037A   25343.70883314  .00000604  00000-0  22657-3 0  1405
2 24883  98.8456 140.7070 0001797 351.9506   8.1650 14.35413951495564
1 24883U 97037A   25344.05736314  .00000520  00000-0  19717-3 0  1412
2 24883  98.8456 141.0644 0001779 350.8367   9.2785 14.35413923495614
1 24883U 97037A   25344.05736314  .00000520  00000-0  19717-3 0  7597
2 24883  98.8456 141.0644 0001779 350.8367   9.2785 14.35413923495614
1 24883U 97037A   25344.40589299  .00000547  00000-0  20680-3 0  1420
2 24883  98.8456 141.4216 0001762 349.6577  10.4571 14.35414500495668
1 24883U 97037A   25344.40589299  .00000547  00000-0  20680-3 0  7617
2 24883  98.8456 141.4216 0001762 349.6577  10.4571 14.35414500495668
1 24883U 97037A   25344.68471672  .00000548  00000-0  20694-3 0  1432
2 24883  98.8456 141.7075 0001748 348.8403  11.2742 14.35414859495708
1 24883U 97037A   25344.68471673  .00000548  00000-0  20694-3 0  7620
2 24883  98.8456 141.7075 0001748 348.8403  11.2742 14.35414859495708
1 24883U 97037A   25345.31206985  .00000570  00000-0  21474-3 0  7636
2 24883  98.8456 142.3506 0001718 346.6498  13.4641 14.35415794495791
1 24883U 97037A   25345.45148156  .00000573  00000-0  21572-3 0  7650
2 24883  98.8456 142.4935 0001715 346.1047  14.0090 14.35416016495816
1 24883U 97037A   25346.00912874  .00000526  00000-0  19933-3 0  7687
2 24883  98.8457 143.0652 0001686 344.2524  15.8607 14.35416397495899
1 24883U 97037A   25346.14854044  .00000522  00000-0  19792-3 0  1454
2 24883  98.8457 143.2082 0001683 343.7218  16.3912 14.35416531495917
1 24883U 97037A   25346.14854045  .00000522  00000-0  19792-3 0  7697
2 24883  98.8457 143.2082 0001683 343.7218  16.3912 14.35416531495917
1 24883U 97037A   25346.98501027  .00000511  00000-0  19407-3 0  7745
2 24883  98.8457 144.0657 0001645 340.8642  19.2480 14.35417542496030
1 24883U 97037A   25347.33353909  .00000531  00000-0  20127-3 0  7775
2 24883  98.8457 144.4230 0001631 339.5558  20.5561 14.35418110496089
1 24883U 97037A   25347.68206823  .00000468  00000-0  17917-3 0  7799
2 24883  98.8457 144.7802 0001615 338.3081  21.8035 14.35418108496130
1 24883U 97037A   25347.96089124  .00000440  00000-0  16930-3 0  7810
2 24883  98.8457 145.0661 0001606 337.2410  22.8703 14.35418312496175
1 24883U 97037A   25348.30941998  .00000436  00000-0  16813-3 0  7832
2 24883  98.8457 145.4234 0001592 335.8573  24.2536 14.35418687496224
1 24883U 97037A   25348.93677175  .00000326  00000-0  12979-3 0  7864
2 24883  98.8457 146.0665 0001569 333.3486  26.7618 14.35418766496315
1 24883U 97037A   25349.35500605  .00000322  00000-0  12849-3 0  7899
2 24883  98.8457 146.4952 0001556 331.6378  28.4722 14.35419169496374
1 24883U 97037A   25349.91265175  .00000287  00000-0  11621-3 0  7911
2 24883  98.8457 147.0669 0001519 329.8091  30.3006 14.35419534496458
1 24883U 97037A   25350.33088592  .00000285  00000-0  11561-3 0  7949
2 24883  98.8457 147.4957 0001501 328.0595  32.0499 14.35419883496512
1 24883U 97037A   25350.95823692  .00000258  00000-0  10618-3 0  7981
2 24883  98.8458 148.1389 0001477 325.4525  34.6564 14.35420315496609
1 24883U 97037A   25351.30676522  .00000249  00000-0  10286-3 0  8004
2 24883  98.8458 148.4962 0001466 323.8840  36.2246 14.35420533496651
1 24883U 97037A   25351.44617652  .00000244  00000-0  10129-3 0  8021
2 24883  98.8459 148.6392 0001460 323.2816  36.8269 14.35420630496673
1 24883U 97037A   25351.86441040  .00000232  00000-0  96933-4 0  8039
2 24883  98.8459 149.0679 0001436 321.4606  38.6476 14.35420889496739
1 24883U 97037A   25352.28264424  .00000219  00000-0  92624-4 0  8088
2 24883  98.8459 149.4967 0001427 319.7517  40.3561 14.35421100496792
1 24883U 97037A   25352.42205549  .00000216  00000-0  91602-4 0  8090
2 24883  98.8459 149.6396 0001424 319.1237  40.9841 14.35421183496811
1 24883U 97037A   25352.90999491  .00000207  00000-0  88251-4 0  8107
2 24883  98.8460 150.1399 0001411 317.2143  42.8931 14.35421431496888
1 24883U 97037A   25353.18881741  .00000191  00000-0  82826-4 0  8122
2 24883  98.8460 150.4257 0001399 315.9084  44.1989 14.35421482496927
1 24883U 97037A   25353.46763986  .00000189  00000-0  82178-4 0  8153
2 24883  98.8460 150.7116 0001387 314.6733  45.4339 14.35421652496964
1 24883U 97037A   25353.46763985  .00000189  00000-0  82178-4 0  1627
2 24883  98.8460 150.7116 0001387 314.6733  45.4339 14.35421652496964
1 24883U 97037A   25353.88587349  .00000183  00000-0  80093-4 0  8165
2 24883  98.8460 151.1403 0001373 312.8765  47.2304 14.35421861497020
1 24883U 97037A   25354.02528465  .00000183  00000-0  80046-4 0  1639
2 24883  98.8460 151.2833 0001371 312.1571  47.9497 14.35421931497044
1 24883U 97037A   25354.02528466  .00000183  00000-0  80046-4 0  8187
2 24883  98.8460 151.2833 0001371 312.1571  47.9497 14.35421931497044
1 24883U 97037A   25354.44351821  .00000190  00000-0  82334-4 0  1646
2 24883  98.8461 151.7121 0001360 310.1600  49.9466 14.35422194497106
1 24883U 97037A   25354.44351821  .00000190  00000-0  82334-4 0  8205
2 24883  98.8461 151.7121 0001360 310.1600  49.9466 14.35422194497106
1 24883U 97037A   25355.34969069  .00000215  00000-0  91055-4 0  1654
2 24883  98.8461 152.6411 0001330 305.9563  54.1498 14.35422800497236
1 24883U 97037A   25355.34969070  .00000215  00000-0  91055-4 0  8215
2 24883  98.8461 152.6411 0001330 305.9563  54.1498 14.35422800497236
1 24883U 97037A   25355.69821851  .00000213  00000-0  90307-4 0  1666
2 24883  98.8461 152.9984 0001320 304.4696  55.6363 14.35422965497288
1 24883U 97037A   25355.97704056  .00000257  00000-0  10581-3 0  1678
2 24883  98.8462 153.2843 0001311 303.2772  56.8287 14.35423409497326
1 24883U 97037A   25356.25586269  .00000263  00000-0  10771-3 0  8242
2 24883  98.8461 153.5701 0001307 301.6723  58.4334 14.35423579497367
1 24883U 97037A   25356.88321232  .00000274  00000-0  11160-3 0  8265
2 24883  98.8462 154.2133 0001296 298.6948  61.4106 14.35424040497451
1 24883U 97037A   25357.02262331  .00000272  00000-0  11089-3 0  1706
2 24883  98.8462 154.3562 0001296 298.0416  62.0637 14.35424105497472
1 24883U 97037A   25357.02262332  .00000272  00000-0  11089-3 0  8276
2 24883  98.8462 154.3562 0001296 298.0417  62.0637 14.35424105497473
1 24883U 97037A   25357.71967836  .00000259  00000-0  10636-3 0  1728
2 24883  98.8463 155.0709 0001270 294.2229  65.8823 14.35424430497576
1 24883U 97037A   25357.92879480  .00000273  00000-0  11125-3 0  8321
2 24883  98.8462 155.2853 0001265 293.2122  66.8930 14.35424648497607
1 24883U 97037A   25357.99850027  .00000274  00000-0  11152-3 0  1733
2 24883  98.8462 155.3567 0001262 292.8869  67.2183 14.35424694497617
1 24883U 97037A   25357.99850027  .00000274  00000-0  11152-3 0  8336
2 24883  98.8462 155.3567 0001262 292.8869  67.2183 14.35424694497617
1 24883U 97037A   25358.69555492  .00000281  00000-0  11392-3 0  1755
2 24883  98.8462 156.0713 0001238 289.2201  70.8849 14.35425161497711
1 24883U 97037A   25358.69555492  .00000281  00000-0  11392-3 0  8358
2 24883  98.8462 156.0713 0001238 289.2201  70.8849 14.35425161497711
1 24883U 97037A   25358.97437662  .00000303  00000-0  12169-3 0  1763
2 24883  98.8463 156.3572 0001226 287.7333  72.3717 14.35425495497759
1 24883U 97037A   25359.32290381  .00000302  00000-0  12136-3 0  8375
2 24883  98.8462 156.7145 0001224 285.8271  74.2778 14.35425705497804
1 24883U 97037A   25359.46231465  .00000302  00000-0  12133-3 0  8386
2 24883  98.8463 156.8575 0001223 285.0583  75.0466 14.35425811497823
1 24883U 97037A   25359.46231464  .00000302  00000-0  12133-3 0  1771
2 24883  98.8463 156.8575 0001223 285.0583  75.0466 14.35425810497822
1 24883U 97037A   25359.88054708  .00000299  00000-0  12026-3 0  8392
2 24883  98.8463 157.2863 0001217 282.8017  77.3031 14.35426107497886
1 24883U 97037A   25360.01995786  .00000299  00000-0  12029-3 0  1788
2 24883  98.8463 157.4292 0001215 282.0418  78.0630 14.35426208497907
1 24883U 97037A   25360.01995786  .00000299  00000-0  12029-3 0  8404
2 24883  98.8463 157.4292 0001215 282.0418  78.0630 14.35426208497907
1 24883U 97037A   25360.43819025  .00000320  00000-0  12764-3 0  8424
2 24883  98.8463 157.8580 0001215 279.7803  80.3244 14.35426606497967
1 24883U 97037A   25360.43819024  .00000320  00000-0  12764-3 0  1796
2 24883  98.8463 157.8580 0001215 279.7803  80.3244 14.35426606497967
1 24883U 97037A   25360.85642240  .00000365  00000-0  14322-3 0  8435
2 24883  98.8463 158.2868 0001205 277.5248  82.5799 14.35427190498025
1 24883U 97037A   25360.99583306  .00000367  00000-0  14401-3 0  1801
2 24883  98.8463 158.4297 0001201 276.7200  83.3848 14.35427325498044
1 24883U 97037A   25360.99583306  .00000367  00000-0  14401-3 0  8448
2 24883  98.8464 158.4297 0001201 276.7200  83.3848 14.35427325498045
1 24883U 97037A   25361.41406521  .00000360  00000-0  14161-3 0  1819
2 24883  98.8464 158.8585 0001203 274.5332  85.5715 14.35427590498101
1 24883U 97037A   25361.97170762  .00000411  00000-0  15930-3 0  8487
2 24883  98.8464 159.4302 0001194 271.5252  88.5795 14.35428373498181
1 24883U 97037A   25362.04141287  .00000414  00000-0  16051-3 0  1825
2 24883  98.8464 159.5017 0001196 271.1181  88.9867 14.35428455498190
1 24883U 97037A   25362.18082349  .00000422  00000-0  16306-3 0  8507
2 24883  98.8465 159.6447 0001197 270.3164  89.7883 14.35428596498218
1 24883U 97037A   25362.45964447  .00000429  00000-0  16567-3 0  1830
2 24883  98.8465 159.9306 0001205 268.5354  91.5692 14.35428946498257
1 24883U 97037A   25362.45964447  .00000429  00000-0  16567-3 0  8534
2 24883  98.8465 159.9306 0001205 268.5354  91.5692 14.35428946498257
1 24883U 97037A   25362.94758118  .00000490  00000-0  18694-3 0  8557
2 24883  98.8466 160.4309 0001200 265.6713  94.4335 14.35429768498327
1 24883U 97037A   25363.01728640  .00000493  00000-0  18771-3 0  8563
2 24883  98.8466 160.5024 0001200 265.3465  94.7583 14.35429849498332
1 24883U 97037A   25363.36581250  .00000497  00000-0  18921-3 0  1851
2 24883  98.8466 160.8598 0001208 263.4961  96.6086 14.35430222498380
1 24883U 97037A   25363.36581250  .00000497  00000-0  18921-3 0  8577
2 24883  98.8466 160.8598 0001208 263.4961  96.6086 14.35430222498380
1 24883U 97037A   25363.43551762  .00000500  00000-0  19042-3 0  1865
2 24883  98.8466 160.9312 0001217 263.4423  96.6623 14.35430338498394
1 24883U 97037A   25364.06286436  .00000539  00000-0  20387-3 0  1875
2 24883  98.8467 161.5746 0001237 261.1436  98.9608 14.35431171498488
1 24883U 97037A   25364.20227476  .00000571  00000-0  21518-3 0  8634
2 24883  98.8468 161.7176 0001241 260.4464  99.6580 14.35431463498500
1 24883U 97037A   25364.41139019  .00000572  00000-0  21531-3 0  8650
2 24883  98.8468 161.9320 0001245 259.3726 100.7318 14.35431722498539
1 24883U 97037A   25365.03873613  .00000617  00000-0  23090-3 0  1895
2 24883  98.8468 162.5752 0001258 256.5223 103.5822 14.35432725498625
1 24883U 97037A   25365.31755659  .00000640  00000-0  23903-3 0  8688
2 24883  98.8468 162.8611 0001272 255.4676 104.6368 14.35433148498669
1 24883U 97037A   25365.45696659  .00000654  00000-0  24406-3 0  1909
2 24883  98.8469 163.0041 0001271 254.0383 106.0661 14.35433458498687
1 24883U 97037A   25365.45696659  .00000654  00000-0  24406-3 0  8704
2 24883  98.8469 163.0041 0001271 254.0383 106.0661 14.35433458498687
