1 25418U 98046F   22001.09417615  .00000283  00000-0  15248-3 0    15\
2 25418  45.0001  20.4098 0000861 158.7441 241.1320 14.33307480222787
1 25418U 98046F   22003.40774458  .00000211  00000-0  12672-3 0    12\
2 25418  45.0001   9.5237 0001009 172.5000 296.7169 14.33309121223119
1 25418U 98046F   21365.48898878  .00000303  00000-0  15982-3 0  7390\
2 25418  45.0001  23.2575 0000826 154.0681   0.0797 14.33307001222873
1 25418U 98046F   22003.11463208  .00000226  00000-0  13189-3 0  7408\
2 25418  45.0001  10.9028 0000978 170.6277 224.6931 14.33308980223256
1 25418U 98046F   22004.38308770  .00000188  00000-0  11847-3 0  7417\
2 25418  45.0001   4.9343 0001067 177.6166 289.1503 14.33309806223432
1 25418U 98046F   22004.53070662  .00000175  00000-0  11369-3 0    14\
2 25418  45.0001   4.2397 0001074 178.2776 330.9266 14.33309861223270
1 25418U 98046F   22005.43278124  .00000158  00000-0  10752-3 0  7425\
2 25418  45.0001 359.9952 0001114 182.2268 306.1045 14.33310408223586
1 25418U 98046F   22005.50722913  .00000154  00000-0  10605-3 0    14\
2 25418  45.0001 359.6449 0001117 182.5814 330.2662 14.33310448223416
1 25418U 98046F   22006.40819052  .00000147  00000-0  10371-3 0    17\
2 25418  45.0001 355.4055 0001164 186.4666 299.7605 14.33311006223544
1 25418U 98046F   22007.08878984  .00000130  00000-0  97521-4 0  7439\
2 25418  45.0001 352.2029 0001200 189.3710 212.0878 14.33311324223827
1 25418U 98046F   22007.38357154  .00000141  00000-0  10134-3 0    16\
2 25418  45.0000 350.8159 0001215 190.5335 293.4449 14.33311513223688
1 25418U 98046F   22007.67122196  .00000137  00000-0  99862-4 0    15\
2 25418  45.0001 349.4624 0001228 191.8872 337.7792 14.33311663223728
1 25418U 98046F   22008.13748285  .00000145  00000-0  10286-3 0  7445\
2 25418  45.0000 347.2684 0001257 193.5308 224.3297 14.33311916223973
1 25418U 98046F   22008.43225181  .00000141  00000-0  10150-3 0    15\
2 25418  45.0000 345.8814 0001272 194.6548 305.6603 14.33312037223831
1 25418U 98046F   22009.17455105  .00000138  00000-0  10028-3 0  7453\
2 25418  45.0001 342.3886 0001307 197.3814 176.8425 14.33312403224128
1 25418U 98046F   22009.40734924  .00000158  00000-0  10756-3 0    13\
2 25418  45.0000 341.2932 0001318 198.1692 298.4367 14.33312636223978
1 25418U 98046F   22009.62279010  .00000143  00000-0  10216-3 0    12\
2 25418  45.0001 340.2795 0001326 199.0815 330.2569 14.33312647224007
1 25418U 98046F   22010.38278358  .00000155  00000-0  10631-3 0  7461\
2 25418  45.0000 336.7035 0001367 201.5211 293.1166 14.33313096224297
1 25418U 98046F   22010.38278358  .00000155  00000-0  10631-3 0    15\
2 25418  45.0000 336.7035 0001367 201.5211 293.1166 14.33313096224118
1 25418U 98046F   22010.66850098  .00000136  00000-0  99684-4 0    18\
2 25418  45.0001 335.3591 0001383 202.6602 327.6829 14.33313152224151
1 25418U 98046F   22011.43161164  .00000132  00000-0  98136-4 0  7477\
2 25418  45.0001 331.7684 0001422 205.0115 306.7323 14.33313546224440
1 25418U 98046F   22011.43161164  .00000132  00000-0  98136-4 0    10\
2 25418  45.0001 331.7684 0001422 205.0115 306.7323 14.33313546224260
1 25418U 98046F   22011.64425668  .00000131  00000-0  97793-4 0    12\
2 25418  45.0001 330.7678 0001437 205.8382 324.1993 14.33313675224295
1 25418U 98046F   22012.62000650  .00000134  00000-0  98973-4 0    15\
2 25418  45.0001 326.1766 0001483 208.9557 320.7481 14.33314293224438
1 25418U 98046F   22013.01425597  .00000130  00000-0  97572-4 0  7488\
2 25418  45.0001 324.3215 0001513 210.1708 195.7992 14.33314522224672
1 25418U 98046F   22013.59580770  .00000160  00000-0  10807-3 0    16\
2 25418  45.0000 321.5852 0001540 212.1243 317.5137 14.33315064224579
1 25418U 98046F   22014.57168741  .00000198  00000-0  12190-3 0    13\
2 25418  45.0000 316.9934 0001585 215.0834 314.8962 14.33315871224713
1 25418U 98046F   22014.57168741  .00000198  00000-0  12190-3 0  7492\
2 25418  45.0000 316.9934 0001585 215.0834 314.8962 14.33315871224892
1 25418U 98046F   22015.54782197  .00000261  00000-0  14445-3 0    14\
2 25418  44.9998 312.4004 0001615 217.8146 313.8267 14.33316878224856
1 25418U 98046F   22016.07497183  .00000293  00000-0  15596-3 0  7505\
2 25418  44.9997 309.9200 0001649 219.3240 155.0092 14.33317483225118
1 25418U 98046F   22016.52326626  .00000335  00000-0  17113-3 0    11\
2 25418  44.9997 307.8106 0001654 220.6055 309.1374 14.33318086224995
1 25418U 98046F   22017.14331212  .00000365  00000-0  18213-3 0  7514\
2 25418  44.9996 304.8930 0001679 222.2305 270.0076 14.33318788225264
1 25418U 98046F   22017.49914259  .00000336  00000-0  17145-3 0    19\
2 25418  44.9995 303.2187 0001687 223.2154 306.8632 14.33318926225138
1 25418U 98046F   22017.88967060  .00000350  00000-0  17669-3 0    17\
2 25418  44.9994 301.3810 0001701 224.0452 163.0851 14.33319342225191
1 25418U 98046F   22018.25901914  .00000355  00000-0  17841-3 0  7525\
2 25418  44.9994 299.6432 0001715 225.1962 269.5963 14.33319748225425
1 25418U 98046F   22018.25901914  .00000355  00000-0  17841-3 0    12\
2 25418  44.9994 299.6432 0001715 225.1962 269.5963 14.33319748225245
1 25418U 98046F   22019.52039856  .00000351  00000-0  17681-3 0  7532\
2 25418  44.9992 293.7079 0001759 228.9062 300.8342 14.33320983225608
1 25418U 98046F   22019.52039856  .00000351  00000-0  17681-3 0    18\
2 25418  44.9992 293.7079 0001759 228.9062 300.8342 14.33320983225428
1 25418U 98046F   22020.49619667  .00000273  00000-0  14876-3 0    16\
2 25418  44.9991 289.1163 0001794 231.2907 298.3902 14.33321509225567
1 25418U 98046F   22020.89038014  .00000240  00000-0  13691-3 0    19\
2 25418  44.9991 287.2614 0001810 232.1796 173.4370 14.33321712225627
1 25418U 98046F   22021.11091470  .00000233  00000-0  13431-3 0  7549\
2 25418  44.9991 286.2236 0001818 232.6933 231.9721 14.33321865225834
1 25418U 98046F   22021.47200398  .00000237  00000-0  13592-3 0    16\
2 25418  44.9990 284.5245 0001834 233.7138 295.9585 14.33322244225707
1 25418U 98046F   22021.86581191  .00000218  00000-0  12890-3 0    11\
2 25418  44.9990 282.6714 0001853 234.5976 169.0722 14.33322501225763
1 25418U 98046F   22022.16066123  .00000231  00000-0  13382-3 0  7556\
2 25418  44.9989 281.2841 0001851 235.5005 251.0510 14.33322843225989
1 25418U 98046F   22022.16066123  .00000231  00000-0  13382-3 0    10\
2 25418  44.9989 281.2841 0001851 235.5005 251.0510 14.33322843225800
1 25418U 98046F   22022.84124785  .00000201  00000-0  12290-3 0    18\
2 25418  44.9988 278.0815 0001880 237.1357 164.6116 14.33323243225901
1 25418U 98046F   22023.42362925  .00000212  00000-0  12682-3 0  7567\
2 25418  44.9987 275.3412 0001890 238.7122 291.0071 14.33323766226165
1 25418U 98046F   22023.42362925  .00000212  00000-0  12682-3 0    10\
2 25418  44.9987 275.3412 0001890 238.7122 291.0071 14.33323766225984
1 25418U 98046F   22023.95117162  .00000185  00000-0  11736-3 0    17\
2 25418  44.9986 272.8588 0001904 239.7059 134.7444 14.33323968226066
1 25418U 98046F   22024.39932707  .00000188  00000-0  11811-3 0    13\
2 25418  44.9985 270.7500 0001911 240.9962 288.1562 14.33324288226129
1 25418U 98046F   22024.86531611  .00000171  00000-0  11228-3 0    18\
2 25418  44.9983 268.5573 0001926 241.9871 173.9778 14.33324518226191
1 25418U 98046F   22025.15978541  .00000200  00000-0  12267-3 0  7573\
2 25418  44.9983 267.1716 0001927 242.6788 254.2068 14.33324855226415
1 25418U 98046F   22025.37505056  .00000195  00000-0  12087-3 0    19\
2 25418  44.9982 266.1586 0001934 243.3052 285.4157 14.33324987226262
1 25418U 98046F   22025.91406324  .00000213  00000-0  12731-3 0    14\
2 25418  44.9981 263.6222 0001949 244.4446 188.2546 14.33325477226341
1 25418U 98046F   22026.42087432  .00000205  00000-0  12428-3 0  7589\
2 25418  44.9980 261.2374 0001958 245.8705 284.4870 14.33325789226597
1 25418U 98046F   22026.42087432  .00000205  00000-0  12428-3 0    10\
2 25418  44.9980 261.2374 0001958 245.8705 284.4870 14.33325789226418
1 25418U 98046F   22026.88938549  .00000201  00000-0  12276-3 0    11\
2 25418  44.9979 259.0327 0001970 246.8481 183.3510 14.33326099226485
1 25418U 98046F   22027.39663552  .00000204  00000-0  12414-3 0    14\
2 25418  44.9978 256.6458 0001979 248.3521 281.7739 14.33326494226556
1 25418U 98046F   22027.79046016  .00000188  00000-0  11842-3 0  7593\
2 25418  44.9977 254.7925 0001988 249.0702 155.1451 14.33326684226794
1 25418U 98046F   22027.86471931  .00000202  00000-0  12344-3 0    14\
2 25418  44.9977 254.4430 0001991 249.2840 178.4774 14.33326827226628
1 25418U 98046F   22028.08605398  .00000199  00000-0  12212-3 0    14\
2 25418  44.9977 253.4015 0001991 249.9026 241.0442 14.33326966226655
1 25418U 98046F   22028.91267189  .00000191  00000-0  11932-3 0    18\
2 25418  44.9976 249.5116 0002015 251.8965 188.5032 14.33327555226772
1 25418U 98046F   22029.06168778  .00000194  00000-0  12028-3 0  7601\
2 25418  44.9976 248.8104 0002014 252.2214 237.8405 14.33327688226973
1 25418U 98046F   22029.59966177  .00000248  00000-0  13982-3 0    16\
2 25418  44.9976 246.2788 0002029 253.4374 135.2438 14.33328443226875
1 25418U 98046F   22029.88867359  .00000259  00000-0  14371-3 0    15\
2 25418  44.9975 244.9187 0002037 254.0213 187.3974 14.33328743226911
1 25418U 98046F   22030.32396062  .00000278  00000-0  15072-3 0  7617\
2 25418  44.9976 242.8704 0002043 255.2431 274.4207 14.33329219227159
1 25418U 98046F   22030.57616126  .00000302  00000-0  15932-3 0    10\
2 25418  44.9975 241.6836 0002050 255.8355 136.4378 14.33329551227010
1 25418U 98046F   22030.94484667  .00000295  00000-0  15687-3 0    12\
2 25418  44.9975 239.9486 0002052 256.5928 239.9306 14.33329811227061
1 25418U 98046F   22031.29973313  .00000398  00000-0  19373-3 0    12\
2 25418  44.9975 238.2786 0002059 257.6159 271.8883 14.33330728227111
1 25418U 98046F   22031.76611625  .00000399  00000-0  19422-3 0  7629\
2 25418  44.9975 236.0839 0002065 258.5124 159.8500 14.33331161227365
1 25418U 98046F   22031.83961955  .00000387  00000-0  18979-3 0    10\
2 25418  44.9975 235.7381 0002066 258.6260 179.3794 14.33331162227190
1 25418U 98046F   22032.59947240  .00000388  00000-0  19006-3 0    18\
2 25418  44.9974 232.1624 0002079 260.4552 142.1725 14.33331742227308
1 25418U 98046F   22032.80309003  .00000388  00000-0  19006-3 0  7636\
2 25418  44.9974 231.2042 0002079 260.8921 113.4169 14.33331939227510
1 25418U 98046F   22032.88834794  .00000301  00000-0  15893-3 0    14\
2 25418  44.9974 230.8030 0002079 261.1106 193.5528 14.33331490227342
1 25418U 98046F   22033.25154646  .00000359  00000-0  17960-3 0    17\
2 25418  44.9974 229.0939 0002085 262.1473 268.4303 14.33332163227391
1 25418U 98046F   22033.86364851  .00000336  00000-0  17131-3 0    10\
2 25418  44.9973 226.2135 0002090 263.4370 188.6369 14.33332572227482
1 25418U 98046F   22034.01138084  .00000335  00000-0  17123-3 0  7641\
2 25418  44.9973 225.5183 0002089 263.8180 231.2913 14.33332721227686
1 25418U 98046F   22034.54974812  .00000368  00000-0  18297-3 0    19\
2 25418  44.9973 222.9848 0002101 265.1097 130.6600 14.33333478227586
1 25418U 98046F   22035.52507980  .00000428  00000-0  20452-3 0  7656\
2 25418  44.9973 218.3952 0002114 266.9824 126.3657 14.33334862227900
1 25418U 98046F   22035.59767878  .00000410  00000-0  19805-3 0    11\
2 25418  44.9973 218.0535 0002115 267.0707 141.2509 14.33334874227733
1 25418U 98046F   22035.89484487  .00000489  00000-0  22638-3 0    10\
2 25418  44.9973 216.6551 0002109 268.1767 235.0067 14.33335689227776
1 25418U 98046F   22036.57360347  .00000471  00000-0  21989-3 0    13\
2 25418  44.9972 213.4610 0002123 269.5433 139.4256 14.33336410227878
1 25418U 98046F   22036.57360347  .00000471  00000-0  21989-3 0  7661\
2 25418  44.9972 213.4610 0002123 269.5433 139.4256 14.33336410228059
1 25418U 98046F   22037.54899622  .00000463  00000-0  21727-3 0    15\
2 25418  44.9973 208.8709 0002134 271.8261 135.0468 14.33337614228014
1 25418U 98046F   22037.84590848  .00000468  00000-0  21907-3 0  7670\
2 25418  44.9973 207.4737 0002134 272.5910 227.8353 14.33338048228238
1 25418U 98046F   22037.91922532  .00000467  00000-0  21864-3 0    19\
2 25418  44.9973 207.1287 0002134 272.8274 246.2803 14.33338109228065
1 25418U 98046F   22038.52446639  .00000455  00000-0  21426-3 0    17\
2 25418  44.9974 204.2805 0002137 274.5027 130.6787 14.33338810228154
1 25418U 98046F   22038.89441250  .00000457  00000-0  21506-3 0    12\
2 25418  44.9974 202.5397 0002142 275.2827 240.6740 14.33339334228202
1 25418U 98046F   22039.17585372  .00000453  00000-0  21370-3 0  7683\
2 25418  44.9975 201.2153 0002141 276.3033 253.3004 14.33339708228422
1 25418U 98046F   22039.49984537  .00000491  00000-0  22712-3 0    17\
2 25418  44.9975 199.6906 0002144 276.9984 126.0253 14.33340268228292
1 25418U 98046F   22039.70332973  .00000480  00000-0  22338-3 0    14\
2 25418  44.9975 198.7331 0002148 277.3270  96.6963 14.33340499228321
1 25418U 98046F   22040.47520466  .00000532  00000-0  24178-3 0  7699\
2 25418  44.9976 195.1007 0002145 279.5176 121.2512 14.33341747228613
1 25418U 98046F   22040.47520466  .00000532  00000-0  24178-3 0    18\
2 25418  44.9976 195.1007 0002145 279.5176 121.2512 14.33341747228433
1 25418U 98046F   22041.52093258  .00000496  00000-0  22908-3 0  7700\
2 25418  44.9977 190.1798 0002154 281.8922 120.0829 14.33343003228762
1 25418U 98046F   22041.52093258  .00000496  00000-0  22908-3 0    17\
2 25418  44.9977 190.1798 0002154 281.8922 120.0829 14.33343003228582
1 25418U 98046F   22041.82030446  .00000503  00000-0  23160-3 0    10\
2 25418  44.9978 188.7710 0002151 282.7710 225.4665 14.33343421228629
1 25418U 98046F   22042.42586197  .00000551  00000-0  24875-3 0    13\
2 25418  44.9978 185.9214 0002158 284.2304 111.7288 14.33344603228711
1 25418U 98046F   22042.79561725  .00000526  00000-0  23984-3 0  7719\
2 25418  44.9978 184.1815 0002157 285.1570 220.5985 14.33344990228940
1 25418U 98046F   22042.86986292  .00000549  00000-0  24819-3 0    16\
2 25418  44.9977 183.8321 0002157 285.4501 243.7867 14.33345222228770
1 25418U 98046F   22043.47368844  .00000560  00000-0  25184-3 0    10\
2 25418  44.9977 180.9905 0002148 286.9539 121.0626 14.33346250228866
1 25418U 98046F   22044.12455508  .00000524  00000-0  23902-3 0  7728\
2 25418  44.9978 177.9277 0002149 288.8167 240.9495 14.33347077229138
1 25418U 98046F   22043.77122277  .00000526  00000-0  23967-3 0    10\
2 25418  44.9977 179.5904 0002148 287.7950 216.9962 14.33346499228902
1 25418U 98046F   22044.44968635  .00000506  00000-0  23262-3 0    17\
2 25418  44.9978 176.3976 0002145 289.3506 119.7316 14.33347506229004
1 25418U 98046F   22044.74889388  .00000493  00000-0  22776-3 0    11\
2 25418  44.9978 174.9897 0002131 290.5439 223.9568 14.33347877229046
1 25418U 98046F   22045.79543441  .00000458  00000-0  21545-3 0  7734\
2 25418  44.9979 170.0649 0002148 293.0165 226.9123 14.33349326229378
1 25418U 98046F   22045.79543441  .00000458  00000-0  21545-3 0    18\
2 25418  44.9979 170.0649 0002148 293.0165 226.9123 14.33349326229198
1 25418U 98046F   22046.60361594  .00000426  00000-0  20367-3 0    12\
2 25418  44.9980 166.2619 0002153 295.1372  79.0890 14.33350406229316
1 25418U 98046F   22046.77058471  .00000420  00000-0  20146-3 0    16\
2 25418  44.9980 165.4762 0002153 295.7189 220.9094 14.33350602229331
1 25418U 98046F   22047.57941547  .00000434  00000-0  20655-3 0    10\
2 25418  44.9981 161.6700 0002124 298.2838  75.9985 14.33351828229450
1 25418U 98046F   22047.73978920  .00000431  00000-0  20556-3 0    10\
2 25418  44.9980 160.9154 0002117 298.8935 183.7280 14.33352026229479
1 25418U 98046F   22047.05197516  .00000402  00000-0  19524-3 0  7747\
2 25418  44.9981 164.1521 0002133 296.8986 233.1263 14.33350947229556
1 25418U 98046F   22048.35241253  .00000414  00000-0  19942-3 0  7757\
2 25418  44.9980 158.0324 0002106 300.4602 106.3955 14.33352728229744
1 25418U 98046F   22048.55525117  .00000380  00000-0  18730-3 0    11\
2 25418  44.9981 157.0779 0002097 301.0948  73.4333 14.33352748229596
1 25418U 98046F   22048.72171197  .00000376  00000-0  18585-3 0    18\
2 25418  44.9980 156.2945 0002092 301.6760 212.6317 14.33352912229619
1 25418U 98046F   22049.60212153  .00000359  00000-0  17986-3 0    19\
2 25418  44.9981 152.1515 0002066 304.2225  77.4533 14.33353817229740
1 25418U 98046F   22049.76352978  .00000356  00000-0  17846-3 0  7767\
2 25418  44.9981 151.3920 0002062 304.7927 190.5665 14.33353971229947
1 25418U 98046F   22049.76352978  .00000356  00000-0  17846-3 0    18\
2 25418  44.9981 151.3920 0002062 304.7927 190.5665 14.33353971229767
1 25418U 98046F   22050.57652865  .00000376  00000-0  18569-3 0    12\
2 25418  44.9982 147.5662 0002049 306.9514  67.5988 14.33354986229880
1 25418U 98046F   22050.67165685  .00000375  00000-0  18562-3 0    14\
2 25418  44.9982 147.1186 0002046 307.3055 198.5881 14.33355086229899
1 25418U 98046F   22051.27721082  .00000383  00000-0  18847-3 0  7775\
2 25418  44.9983 144.2690 0002024 309.2885  84.3318 14.33355809230168
1 25418U 98046F   22051.55228880  .00000366  00000-0  18205-3 0    13\
2 25418  44.9983 142.9746 0002010 310.1537  64.2629 14.33356003230029
1 25418U 98046F   22051.72098959  .00000364  00000-0  18134-3 0    13\
2 25418  44.9983 142.1807 0002012 310.4769 215.2909 14.33356176230043
1 25418U 98046F   22052.32569628  .00000341  00000-0  17322-3 0  7780\
2 25418  44.9983 139.3351 0001989 312.3860  96.7341 14.33356700230315
1 25418U 98046F   22052.69588566  .00000338  00000-0  17225-3 0    19\
2 25418  44.9984 137.5931 0001993 313.3878 207.7871 14.33357089230183
1 25418U 98046F   22053.37021398  .00000328  00000-0  16846-3 0  7799\
2 25418  44.9985 134.4198 0001951 315.5872  88.5443 14.33357818230468
1 25418U 98046F   22053.59875226  .00000355  00000-0  17813-3 0    13\
2 25418  44.9985 133.3444 0001944 316.3839 188.1657 14.33358237230318
1 25418U 98046F   22053.67126066  .00000354  00000-0  17771-3 0    15\
2 25418  44.9985 133.0032 0001942 316.6394 202.4217 14.33358311230321
1 25418U 98046F   22054.47963301  .00000324  00000-0  16702-3 0  7809\
2 25418  44.9985 129.1992 0001921 318.7625  55.6048 14.33358993230628
1 25418U 98046F   22054.57455861  .00000330  00000-0  16938-3 0    11\
2 25418  44.9985 128.7525 0001918 319.1806 185.4852 14.33359133230450
1 25418U 98046F   22054.64649594  .00000329  00000-0  16901-3 0    15\
2 25418  44.9985 128.4140 0001916 319.4478 196.7801 14.33359202230463
1 25418U 98046F   22055.54839418  .00000329  00000-0  16907-3 0    17\
2 25418  44.9984 124.1698 0001885 322.2335 172.3727 14.33360109230591
1 25418U 98046F   22055.62194927  .00000328  00000-0  16836-3 0  7810\
2 25418  44.9984 123.8236 0001883 322.5241 192.0003 14.33360167230783
1 25418U 98046F   22055.62194927  .00000328  00000-0  16836-3 0    15\
2 25418  44.9984 123.8236 0001883 322.5241 192.0003 14.33360167230604
1 25418U 98046F   22056.52382009  .00000335  00000-0  17089-3 0    14\
2 25418  44.9984 119.5795 0001847 325.4745 167.2895 14.33361065230732
1 25418U 98046F   22056.87928693  .00000307  00000-0  16111-3 0    11\
2 25418  44.9984 117.9067 0001838 326.6477 202.1331 14.33361237230781
1 25418U 98046F   22057.19862194  .00000309  00000-0  16176-3 0  7829\
2 25418  44.9983 116.4039 0001821 327.6234  50.5510 14.33361534231018
1 25418U 98046F   22057.57235736  .00000324  00000-0  16722-3 0    15\
2 25418  44.9983 114.6451 0001805 329.0838 179.4674 14.33361964230887
1 25418U 98046F   22058.45253120  .00000316  00000-0  16423-3 0  7836\
2 25418  44.9983 110.5030 0001757 332.1271  42.6019 14.33362704231199
1 25418U 98046F   22058.54765296  .00000346  00000-0  17501-3 0    12\
2 25418  44.9983 110.0554 0001753 332.5635 173.4787 14.33362984231026
1 25418U 98046F   22058.90075659  .00000335  00000-0  17113-3 0    16\
2 25418  44.9983 108.3936 0001744 333.7136 196.1418 14.33363264231079
1 25418U 98046F   22059.59689553  .00000349  00000-0  17601-3 0    13\
2 25418  44.9984 105.1177 0001704 336.4718 189.0070 14.33363958231170
1 25418U 98046F   22059.59689553  .00000349  00000-0  17601-3 0  7841\
2 25418  44.9984 105.1177 0001704 336.4718 189.0070 14.33363958231350
1 25418U 98046F   22060.57189396  .00000335  00000-0  17117-3 0    10\
2 25418  44.9985 100.5294 0001655 340.2033 181.2376 14.33364792231314
1 25418U 98046F   22060.85230721  .00000313  00000-0  16324-3 0    15\
2 25418  44.9985  99.2098 0001635 341.1827 188.6209 14.33364961231357
1 25418U 98046F   22061.10377934  .00000316  00000-0  16410-3 0  7850\
2 25418  44.9985  98.0263 0001623 342.0880  46.5943 14.33365193231573
1 25418U 98046F   22061.54734297  .00000325  00000-0  16741-3 0    15\
2 25418  44.9986  95.9390 0001601 343.8500 175.8841 14.33365672231457
1 25418U 98046F   22062.15252465  .00000322  00000-0  16624-3 0  7862\
2 25418  44.9987  93.0909 0001564 346.1572  59.4036 14.33366242231723
1 25418U 98046F   22062.44896854  .00000362  00000-0  18085-3 0    17\
2 25418  44.9988  91.6959 0001550 347.5810 149.1436 14.33366714231587
1 25418U 98046F   22062.80382449  .00000360  00000-0  17985-3 0    13\
2 25418  44.9989  90.0261 0001538 349.1171 180.4779 14.33367145231634
1 25418U 98046F   22063.33129705  .00000405  00000-0  19634-3 0  7870\
2 25418  44.9989  87.5438 0001495 351.3200  22.7288 14.33367904231895
1 25418U 98046F   22063.33129705  .00000405  00000-0  19634-3 0    19\
2 25418  44.9989  87.5438 0001495 351.3200  22.7288 14.33367904231716
1 25418U 98046F   22063.77965064  .00000355  00000-0  17835-3 0    18\
2 25418  44.9989  85.4339 0001460 353.9298 175.9161 14.33368140231770
1 25418U 98046F   22064.10341557  .00000420  00000-0  20166-3 0    15\
2 25418  44.9989  83.9102 0001440 355.2187  46.9099 14.33368810231828
1 25418U 98046F   22064.47301918  .00000485  00000-0  22477-3 0  7882\
2 25418  44.9988  82.1708 0001416 357.1022 154.0727 14.33369594232057
1 25418U 98046F   22064.47301918  .00000485  00000-0  22477-3 0    10\
2 25418  44.9988  82.1708 0001416 357.1022 154.0727 14.33369594231876
1 25418U 98046F   22065.51546753  .00000575  00000-0  25728-3 0    16\
2 25418  44.9988  77.2651 0001387   2.1222 133.4253 14.33371433232022
1 25418U 98046F   22065.73142025  .00000577  00000-0  25805-3 0  7895\
2 25418  44.9988  76.2488 0001371   3.1716 167.7988 14.33371755232236
1 25418U 98046F   22065.73142025  .00000577  00000-0  25805-3 0    12\
2 25418  44.9988  76.2488 0001371   3.1716 167.7988 14.33371755232056
1 25418U 98046F   22066.41669663  .00000560  00000-0  25190-3 0    19\
2 25418  44.9988  73.0239 0001331   6.8723 103.6363 14.33372534232152
1 25418U 98046F   22066.77673625  .00000549  00000-0  24777-3 0  7903\
2 25418  44.9989  71.3296 0001302   8.7337 161.4259 14.33372977232389
1 25418U 98046F   22066.77673625  .00000549  00000-0  24777-3 0    18\
2 25418  44.9989  71.3296 0001302   8.7337 161.4259 14.33372977232200
1 25418U 98046F   22067.54005559  .00000551  00000-0  24879-3 0    15\
2 25418  44.9989  67.7373 0001262  13.0759 139.7293 14.33374120232317
1 25418U 98046F   22067.75233133  .00000549  00000-0  24794-3 0    12\
2 25418  44.9990  66.7383 0001246  14.1620 155.0760 14.33374428232344
1 25418U 98046F   22068.44161281  .00000576  00000-0  25755-3 0  7917\
2 25418  44.9991  63.4945 0001217  18.5721 110.8993 14.33375597232627
1 25418U 98046F   22068.51577450  .00000544  00000-0  24625-3 0    18\
2 25418  44.9991  63.1455 0001214  19.0044 133.5220 14.33375518232450
1 25418U 98046F   22068.72815509  .00000542  00000-0  24557-3 0    13\
2 25418  44.9992  62.1460 0001200  20.2414 149.2605 14.33375834232481
1 25418U 98046F   22069.49190965  .00000561  00000-0  25236-3 0    16\
2 25418  44.9993  58.5518 0001160  25.2140 129.1897 14.33377118232590
1 25418U 98046F   22069.70392416  .00000535  00000-0  24302-3 0  7926\
2 25418  44.9993  57.5541 0001146  26.4483 143.0410 14.33377296232809
1 25418U 98046F   22070.39232314  .00000573  00000-0  25642-3 0    16\
2 25418  44.9994  54.3145 0001110  31.2919  93.8810 14.33378584232722
1 25418U 98046F   22070.93053330  .00000622  00000-0  27414-3 0    19\
2 25418  44.9995  51.7817 0001084  34.9323 350.1784 14.33379681232806
1 25418U 98046F   22071.07291024  .00000621  00000-0  27379-3 0  7936\
2 25418  44.9995  51.1116 0001074  36.1646   4.3451 14.33379912233002
1 25418U 98046F   22071.44089388  .00000707  00000-0  30451-3 0    17\
2 25418  44.9995  49.3800 0001072  38.7880 102.4158 14.33380999232872
1 25418U 98046F   22071.65548972  .00000660  00000-0  28779-3 0    17\
2 25418  44.9996  48.3701 0001065  40.2260 129.3983 14.33381032232901
1 25418U 98046F   22072.18308201  .00000580  00000-0  25920-3 0  7940\
2 25418  44.9996  45.8873 0001037  44.6938 330.0285 14.33381393233167
1 25418U 98046F   22072.41595757  .00000685  00000-0  29660-3 0    12\
2 25418  44.9997  44.7914 0001034  46.5251  91.0376 14.33382334233013
1 25418U 98046F   22072.88093677  .00000724  00000-0  31070-3 0    19\
2 25418  44.9997  42.6032 0001016  50.2639 328.9940 14.33383349233086
1 25418U 98046F   22073.39134694  .00000741  00000-0  31672-3 0  7958\
2 25418  44.9998  40.2012 0001007  54.6840  80.9287 14.33384319233336
1 25418U 98046F   22073.39134694  .00000741  00000-0  31672-3 0    18\
2 25418  44.9998  40.2012 0001007  54.6840  80.9287 14.33384319233156
1 25418U 98046F   22073.92823664  .00000678  00000-0  29408-3 0    12\
2 25418  44.9998  37.6747 0000992  59.4407 329.2978 14.33384816233232
1 25418U 98046F   22074.65250137  .00000610  00000-0  26972-3 0  7962\
2 25418  45.0000  34.2664 0000978  66.0749 103.6168 14.33385672233513
1 25418U 98046F   22074.65250137  .00000610  00000-0  26972-3 0    11\
2 25418  45.0000  34.2664 0000978  66.0749 103.6168 14.33385672233333
1 25418U 98046F   22075.62828894  .00000559  00000-0  25162-3 0    12\
2 25418  45.0001  29.6744 0000969  75.2454  94.5628 14.33387022233471
1 25418U 98046F   22076.16874181  .00000550  00000-0  24814-3 0  7978\
2 25418  45.0001  27.1311 0000970  80.7086   0.6372 14.33387849233738
1 25418U 98046F   22076.31746525  .00000546  00000-0  24665-3 0    12\
2 25418  45.0001  26.4312 0000973  81.9094  47.6203 14.33388067233575
1 25418U 98046F   22077.22652667  .00000492  00000-0  22743-3 0  7984\
2 25418  45.0001  22.1532 0000980  90.7233  54.2776 14.33389158233888
1 25418U 98046F   22077.29282119  .00000491  00000-0  22704-3 0    15\
2 25418  45.0001  21.8412 0000982  91.2739  36.1507 14.33389251233717
1 25418U 98046F   22078.26815612  .00000456  00000-0  21452-3 0  7997\
2 25418  45.0002  17.2514 0001006 100.3924  24.8225 14.33390387234035
1 25418U 98046F   22078.26815612  .00000456  00000-0  21452-3 0    13\
2 25418  45.0002  17.2514 0001006 100.3924  24.8225 14.33390387233854
1 25418U 98046F   22078.88022896  .00000432  00000-0  20570-3 0    19\
2 25418  45.0002  14.3709 0001028 105.9591 300.7306 14.33391044233940
1 25418U 98046F   22079.53143542  .00000448  00000-0  21172-3 0  8007\
2 25418  45.0003  11.3065 0001061 111.1553  59.1441 14.33391972234213
1 25418U 98046F   22079.53143542  .00000448  00000-0  21172-3 0    10\
2 25418  45.0003  11.3065 0001061 111.1553  59.1441 14.33391972234033
1 25418U 98046F   22079.78149125  .00000449  00000-0  21191-3 0    12\
2 25418  45.0003  10.1297 0001077 113.4175 268.4698 14.33392247234078
1 25418U 98046F   22080.75667729  .00000421  00000-0  20169-3 0  8018\
2 25418  45.0003   5.5406 0001130 121.3585 257.5592 14.33393157234399
1 25418U 98046F   22080.29178350  .00000423  00000-0  20271-3 0    12\
2 25418  45.0003   7.7283 0001109 117.4807  20.1675 14.33392681234145
1 25418U 98046F   22080.75667729  .00000421  00000-0  20169-3 0    10\
2 25418  45.0003   5.5406 0001130 121.3585 257.5592 14.33393157234210
1 25418U 98046F   22081.48313235  .00000430  00000-0  20502-3 0    12\
2 25418  45.0004   2.1221 0001183 126.4972  44.7094 14.33394078234310
1 25418U 98046F   22082.16838249  .00000458  00000-0  21528-3 0  8023\
2 25418  45.0004 358.8975 0001238 131.2676 339.3975 14.33395014234595
1 25418U 98046F   22082.24289146  .00000458  00000-0  21516-3 0    16\
2 25418  45.0004 358.5468 0001243 131.7620   3.7575 14.33395105234420
1 25418U 98046F   22082.92234410  .00000453  00000-0  21350-3 0    16\
2 25418  45.0004 355.3493 0001293 136.9145 268.1213 14.33395940234521
1 25418U 98046F   22083.50406483  .00000465  00000-0  21767-3 0    17\
2 25418  45.0004 352.6119 0001342 140.4265  29.3218 14.33396782234600
1 25418U 98046F   22083.89804396  .00000496  00000-0  22871-3 0  8035\
2 25418  45.0004 350.7578 0001376 143.3994 261.3369 14.33397489234842
1 25418U 98046F   22083.89804396  .00000496  00000-0  22871-3 0    15\
2 25418  45.0004 350.7578 0001376 143.3994 261.3369 14.33397489234662
1 25418U 98046F   22084.47965042  .00000507  00000-0  23276-3 0    19\
2 25418  45.0004 348.0208 0001421 147.1792  21.6817 14.33398316234745
1 25418U 98046F   22085.17494498  .00000543  00000-0  24568-3 0  8045\
2 25418  45.0003 344.7487 0001492 151.6391   8.5722 14.33399394235027
1 25418U 98046F   22084.87376928  .00000508  00000-0  23316-3 0    18\
2 25418  45.0003 346.1660 0001461 149.7758 254.7963 14.33398846234805
1 25418U 98046F   22085.45560547  .00000544  00000-0  24615-3 0    18\
2 25418  45.0003 343.4279 0001511 153.3474  16.5386 14.33399793234886
1 25418U 98046F   22085.84915288  .00000504  00000-0  23157-3 0    13\
2 25418  45.0002 341.5758 0001554 155.7193 246.9284 14.33400123234940
1 25418U 98046F   22086.43136286  .00000502  00000-0  23097-3 0  8055\
2 25418  45.0002 338.8360 0001606 158.8272  11.0689 14.33400924235207
1 25418U 98046F   22086.43136286  .00000502  00000-0  23097-3 0    13\
2 25418  45.0002 338.8360 0001606 158.8272  11.0689 14.33400924235027
1 25418U 98046F   22086.89781073  .00000543  00000-0  24553-3 0    16\
2 25418  45.0001 336.6408 0001658 161.4803 257.7266 14.33401712235095
1 25418U 98046F   22087.40708204  .00000585  00000-0  26076-3 0    17\
2 25418  45.0000 334.2442 0001708 163.7940   5.9204 14.33402749235163
1 25418U 98046F   22087.87324939  .00000591  00000-0  26292-3 0    14\
2 25418  44.9999 332.0503 0001758 166.2034 251.3753 14.33403359235231
1 25418U 98046F   22088.16789278  .00000656  00000-0  28635-3 0  8066\
2 25418  44.9999 330.6638 0001776 167.8040 331.6780 14.33404093235450
1 25418U 98046F   22088.38300981  .00000671  00000-0  29157-3 0    14\
2 25418  44.9999 329.6515 0001805 168.6068   2.0075 14.33404543235304
1 25418U 98046F   22088.84868674  .00000722  00000-0  30996-3 0    13\
2 25418  44.9998 327.4599 0001855 170.9643 244.9857 14.33405546235377
1 25418U 98046F   22089.35886223  .00000815  00000-0  34316-3 0  8077\
2 25418  44.9998 325.0589 0001907 173.1969 357.9361 14.33406857235623
1 25418U 98046F   22089.35886223  .00000815  00000-0  34316-3 0    13\
2 25418  44.9998 325.0589 0001907 173.1969 357.9361 14.33406857235443
1 25418U 98046F   22089.82379750  .00000895  00000-0  37192-3 0    10\
2 25418  44.9997 322.8709 0001960 175.3611 237.2799 14.33408081235512
1 25418U 98046F   22090.40417329  .00000927  00000-0  38341-3 0    14\
2 25418  44.9997 320.1395 0002006 178.2657 352.1651 14.33409317235593
1 25418U 98046F   22090.40417329  .00000927  00000-0  38341-3 0  8089\
2 25418  44.9997 320.1395 0002006 178.2657 352.1651 14.33409317235773
1 25418U 98046F   22091.77378378  .00000900  00000-0  37374-3 0  8097\
2 25418  44.9995 313.6937 0002138 184.8187 220.0121 14.33411893235976
1 25418U 98046F   22091.90705436  .00000905  00000-0  37539-3 0    13\
2 25418  44.9995 313.0665 0002143 185.4939 187.7157 14.33412210235811
1 25418U 98046F   22092.88283317  .00000950  00000-0  39173-3 0  8104\
2 25418  44.9994 308.4744 0002233 189.9966 183.3799 14.33414618236139
1 25418U 98046F   22092.88283317  .00000950  00000-0  39173-3 0    16\
2 25418  44.9994 308.4744 0002233 189.9966 183.3799 14.33414618235958
1 25418U 98046F   22093.85903661  .00000941  00000-0  38862-3 0    19\
2 25418  44.9992 303.8801 0002343 194.0832 181.6627 14.33416845236091
1 25418U 98046F   22094.09299229  .00000942  00000-0  38871-3 0  8114\
2 25418  44.9992 302.7789 0002354 195.0900 309.1052 14.33417401236305
1 25418U 98046F   22094.30703491  .00000962  00000-0  39585-3 0    15\
2 25418  44.9992 301.7716 0002371 196.0774 333.7110 14.33418049236153
1 25418U 98046F   22094.83423294  .00000922  00000-0  38158-3 0    14\
2 25418  44.9991 299.2905 0002435 198.1077 174.8137 14.33419022236237
1 25418U 98046F   22095.28282100  .00000969  00000-0  39856-3 0  8120\
2 25418  44.9990 297.1793 0002464 199.9837 330.0301 14.33420374236470
1 25418U 98046F   22095.28282100  .00000969  00000-0  39856-3 0    10\
2 25418  44.9990 297.1793 0002464 199.9837 330.0301 14.33420374236290
1 25418U 98046F   22095.89568876  .00000954  00000-0  39306-3 0    18\
2 25418  44.9989 294.2949 0002532 202.3828 253.2800 14.33421757236380
1 25418U 98046F   22096.50957958  .00000952  00000-0  39222-3 0  8136\
2 25418  44.9989 291.4057 0002596 204.8340 181.7652 14.33423204236654
1 25418U 98046F   22096.58304323  .00000946  00000-0  39032-3 0    17\
2 25418  44.9988 291.0599 0002604 205.0975 200.9645 14.33423355236481
1 25418U 98046F   22096.95145352  .00000907  00000-0  37608-3 0    17\
2 25418  44.9988 289.3259 0002633 206.5163 302.5005 14.33424002236536
1 25418U 98046F   22097.48335186  .00000905  00000-0  37532-3 0    16\
2 25418  44.9987 286.8226 0002671 208.9122 167.5286 14.33425236236613
1 25418U 98046F   22097.84614103  .00000891  00000-0  37029-3 0  8142\
2 25418  44.9987 285.1151 0002702 210.2926 240.0719 14.33426066236840
1 25418U 98046F   22097.84614103  .00000891  00000-0  37029-3 0    10\
2 25418  44.9987 285.1151 0002702 210.2926 240.0719 14.33426066236660
1 25418U 98046F   22098.27983348  .00000871  00000-0  36339-3 0    19\
2 25418  44.9987 283.0739 0002731 212.1786 318.3480 14.33426961236721
1 25418U 98046F   22098.80712674  .00000822  00000-0  34563-3 0    13\
2 25418  44.9986 280.5922 0002785 214.1574 160.0129 14.33427963236806
1 25418U 98046F   22098.97033516  .00000809  00000-0  34098-3 0  8153\
2 25418  44.9986 279.8240 0002788 214.8306 282.3649 14.33428243237003
1 25418U 98046F   22099.50747400  .00000806  00000-0  33991-3 0    12\
2 25418  44.9986 277.2959 0002838 217.0140 174.6832 14.33429453236908
1 25418U 98046F   22099.78293703  .00000793  00000-0  33534-3 0    12\
2 25418  44.9986 275.9994 0002859 218.0290 156.5278 14.33430028236949
1 25418U 98046F   22100.48255594  .00000730  00000-0  31256-3 0    18\
2 25418  44.9986 272.7066 0002917 220.7582 167.5685 14.33431238237043
1 25418U 98046F   22100.84557477  .00000765  00000-0  32532-3 0    19\
2 25418  44.9987 270.9982 0002927 222.2327 241.2129 14.33432319237095
1 25418U 98046F   22101.45821753  .00000749  00000-0  31926-3 0  8171\
2 25418  44.9986 268.1146 0002980 224.5766 163.3831 14.33433595237367
1 25418U 98046F   22101.45821753  .00000749  00000-0  31926-3 0    16\
2 25418  44.9986 268.1146 0002980 224.5766 163.3831 14.33433595237187
1 25418U 98046F   22101.90134035  .00000687  00000-0  29728-3 0    14\
2 25418  44.9987 266.0292 0002982 226.3842 290.4597 14.33434141237240
1 25418U 98046F   22102.50670156  .00000758  00000-0  32269-3 0  8189\
2 25418  44.9987 263.1799 0003035 228.7699 174.9806 14.33435794237510
1 25418U 98046F   22102.50670156  .00000758  00000-0  32269-3 0    13\
2 25418  44.9987 263.1799 0003035 228.7699 174.9806 14.33435794237330
1 25418U 98046F   22102.87655622  .00000749  00000-0  31929-3 0    16\
2 25418  44.9986 261.4393 0003060 230.1443 284.0392 14.33436545237385
1 25418U 98046F   22103.48210282  .00000716  00000-0  30747-3 0    14\
2 25418  44.9986 258.5892 0003114 232.5119 169.5375 14.33437454237470
1 25418U 98046F   22103.85178670  .00000662  00000-0  28804-3 0  8197\
2 25418  44.9985 256.8493 0003144 233.7821 277.8179 14.33437781237707
1 25418U 98046F   22103.85178670  .00000662  00000-0  28804-3 0    10\
2 25418  44.9985 256.8493 0003144 233.7821 277.8179 14.33437781237527
1 25418U 98046F   22104.45728101  .00000627  00000-0  27573-3 0    10\
2 25418  44.9985 253.9995 0003192 236.1153 163.0846 14.33438662237616
1 25418U 98046F   22104.73143803  .00000642  00000-0  28104-3 0    19\
2 25418  44.9985 252.7093 0003206 237.0999 138.2230 14.33439274237651
1 25418U 98046F   22105.11025502  .00000632  00000-0  27719-3 0  8206\
2 25418  44.9984 250.9264 0003238 238.5571 293.4969 14.33439931237885
1 25418U 98046F   22105.43252771  .00000616  00000-0  27157-3 0    10\
2 25418  44.9984 249.4096 0003259 239.7159 156.9958 14.33440331237752
1 25418U 98046F   22105.80362970  .00000596  00000-0  26451-3 0    17\
2 25418  44.9984 247.6630 0003276 241.0824 272.5109 14.33440898237807
1 25418U 98046F   22106.15542720  .00000597  00000-0  26494-3 0  8217\
2 25418  44.9984 246.0073 0003302 242.4121 288.3482 14.33441519238032
1 25418U 98046F   22106.40781866  .00000593  00000-0  26337-3 0    13\
2 25418  44.9984 244.8193 0003325 243.2375 151.2205 14.33441917237892
1 25418U 98046F   22106.77941551  .00000586  00000-0  26091-3 0    11\
2 25418  44.9983 243.0704 0003339 244.6356 269.2622 14.33442537237947
1 25418U 98046F   22107.45615324  .00000609  00000-0  26926-3 0  8227\
2 25418  44.9983 239.8853 0003392 247.0322 162.4762 14.33443812238222
1 25418U 98046F   22107.45615324  .00000609  00000-0  26926-3 0    16\
2 25418  44.9983 239.8853 0003392 247.0322 162.4762 14.33443812238042
1 25418U 98046F   22107.89142640  .00000609  00000-0  26916-3 0    19\
2 25418  44.9982 237.8365 0003393 248.7541 249.1086 14.33444515238109
1 25418U 98046F   22108.50062076  .00000613  00000-0  27042-3 0  8230\
2 25418  44.9982 234.9693 0003428 250.9790 153.6094 14.33445481238371
1 25418U 98046F   22108.50062076  .00000613  00000-0  27042-3 0    18\
2 25418  44.9982 234.9693 0003428 250.9790 153.6094 14.33445481238191
1 25418U 98046F   22108.72915399  .00000611  00000-0  26972-3 0    16\
2 25418  44.9982 233.8937 0003428 251.9195 253.1323 14.33445809238229
1 25418U 98046F   22109.60990843  .00000633  00000-0  27756-3 0    16\
2 25418  44.9982 229.7484 0003481 255.2409 119.2562 14.33447355238353
1 25418U 98046F   22109.84392892  .00000683  00000-0  29565-3 0  8240\
2 25418  44.9983 228.6469 0003480 256.2373 247.0690 14.33447991238566
1 25418U 98046F   22110.58566157  .00000651  00000-0  28421-3 0    12\
2 25418  44.9983 225.1559 0003520 258.7937 115.8603 14.33449018238496
1 25418U 98046F   22110.74611587  .00000664  00000-0  28866-3 0    15\
2 25418  44.9983 224.4008 0003518 259.4406 224.0246 14.33449324238512
1 25418U 98046F   22111.03390285  .00000659  00000-0  28697-3 0  8257\
2 25418  44.9983 223.0463 0003531 260.5559 269.4460 14.33449770238739
1 25418U 98046F   22111.56134986  .00000701  00000-0  30198-3 0    12\
2 25418  44.9983 220.5638 0003562 262.3021 112.1801 14.33450873238631
1 25418U 98046F   22111.79464726  .00000735  00000-0  31418-3 0    18\
2 25418  44.9983 219.4658 0003561 263.2719 236.2880 14.33451474238669
1 25418U 98046F   22112.47517212  .00000753  00000-0  32072-3 0  8265\
2 25418  44.9983 216.2629 0003589 265.6804 149.0732 14.33452736238943
1 25418U 98046F   22112.60691089  .00000758  00000-0  32259-3 0    12\
2 25418  44.9983 215.6429 0003591 266.2512 108.9886 14.33453012238784
1 25418U 98046F   22113.58250539  .00000741  00000-0  31648-3 0  8270\
2 25418  44.9982 211.0513 0003620 269.8161 104.7820 14.33454755239103
1 25418U 98046F   22113.58250539  .00000741  00000-0  31648-3 0    14\
2 25418  44.9982 211.0513 0003620 269.8161 104.7820 14.33454755238922
1 25418U 98046F   22114.55826330  .00000701  00000-0  30213-3 0    13\
2 25418  44.9982 206.4589 0003638 273.4417 101.3650 14.33456439239068
1 25418U 98046F   22114.72135046  .00000693  00000-0  29923-3 0  8282\
2 25418  44.9981 205.6913 0003640 274.0874 223.1351 14.33456712239263
1 25418U 98046F   22115.53390442  .00000660  00000-0  28733-3 0    10\
2 25418  44.9981 201.8670 0003652 277.0425  97.3757 14.33458126239205
1 25418U 98046F   22115.69561840  .00000651  00000-0  28410-3 0    11\
2 25418  44.9980 201.1060 0003648 277.7378 212.0041 14.33458385239220
1 25418U 98046F   22115.98214052  .00000631  00000-0  27672-3 0  8298\
2 25418  44.9980 199.7575 0003652 278.8448 250.9101 14.33458838239443
1 25418U 98046F   22116.50957889  .00000626  00000-0  27504-3 0    19\
2 25418  44.9980 197.2750 0003653 280.7737  93.4345 14.33459831239348
1 25418U 98046F   22116.67091993  .00000621  00000-0  27333-3 0    17\
2 25418  44.9979 196.5157 0003648 281.4534 206.1533 14.33460112239364
1 25418U 98046F   22117.20907862  .00000707  00000-0  30416-3 0  8309\
2 25418  44.9978 193.9827 0003654 283.4038 104.0346 14.33461598239622
1 25418U 98046F   22117.48527671  .00000702  00000-0  30223-3 0    16\
2 25418  44.9978 192.6828 0003650 284.4354  89.6908 14.33462101239484
1 25418U 98046F   22118.46106137  .00000885  00000-0  36805-3 0  8310\
2 25418  44.9977 188.0900 0003650 288.1129  86.3895 14.33465068239804
1 25418U 98046F   22118.46106137  .00000885  00000-0  36805-3 0    19\
2 25418  44.9977 188.0900 0003650 288.1129  86.3895 14.33465068239624
1 25418U 98046F   22119.52217913  .00000859  00000-0  35858-3 0    10\
2 25418  44.9976 183.0958 0003652 292.1987 163.4710 14.33467017239775
1 25418U 98046F   22119.88511689  .00000861  00000-0  35944-3 0  8327\
2 25418  44.9976 181.3876 0003655 293.7303 236.6844 14.33467803240009
1 25418U 98046F   22120.57096418  .00000844  00000-0  35313-3 0    12\
2 25418  44.9976 178.1596 0003647 296.4041 176.7385 14.33469150239922
1 25418U 98046F   22120.86096734  .00000794  00000-0  33519-3 0    15\
2 25418  44.9976 176.7947 0003648 297.5728 233.5746 14.33469477239960
1 25418U 98046F   22121.45793123  .00000825  00000-0  34659-3 0  8331\
2 25418  44.9976 173.9849 0003636 299.8399  74.9142 14.33470917240236
1 25418U 98046F   22121.55447067  .00000825  00000-0  34658-3 0    11\
2 25418  44.9975 173.5305 0003628 300.2285 213.1988 14.33471122240065
1 25418U 98046F   22121.62036983  .00000821  00000-0  34495-3 0    15\
2 25418  44.9975 173.2203 0003626 300.4884 193.3402 14.33471246240072
1 25418U 98046F   22122.53023337  .00000711  00000-0  30536-3 0  8349\
2 25418  44.9975 168.9379 0003610 303.9927 209.7258 14.33472606240382
1 25418U 98046F   22122.53023337  .00000711  00000-0  30536-3 0    15\
2 25418  44.9975 168.9379 0003610 303.9927 209.7258 14.33472606240203
1 25418U 98046F   22122.88185324  .00000681  00000-0  29484-3 0    14\
2 25418  44.9975 167.2829 0003606 305.3760 224.6324 14.33473193240258
1 25418U 98046F   22123.50325465  .00000603  00000-0  26694-3 0    10\
2 25418  44.9974 164.3581 0003589 307.8494 192.0050 14.33474036240342
1 25418U 98046F   22123.57099823  .00000597  00000-0  26449-3 0  8358\
2 25418  44.9974 164.0392 0003588 308.1185 181.6652 14.33474134240531
1 25418U 98046F   22123.57099823  .00000597  00000-0  26449-3 0    13\
2 25418  44.9974 164.0392 0003588 308.1185 181.6652 14.33474134240351
1 25418U 98046F   22124.54627052  .00000553  00000-0  24867-3 0    16\
2 25418  44.9974 159.4488 0003558 312.0549 175.4990 14.33475818240491
1 25418U 98046F   22124.83319104  .00000584  00000-0  25981-3 0  8362\
2 25418  44.9974 158.0983 0003556 313.2201 216.4224 14.33476474240712
1 25418U 98046F   22124.83319104  .00000584  00000-0  25981-3 0    16\
2 25418  44.9974 158.0983 0003556 313.2201 216.4224 14.33476474240532
1 25418U 98046F   22125.52155567  .00000690  00000-0  29807-3 0    13\
2 25418  44.9973 154.8583 0003524 316.0522 169.3454 14.33478389240632
1 25418U 98046F   22125.80891172  .00000814  00000-0  34238-3 0    15\
2 25418  44.9973 153.5058 0003518 317.2240 212.5152 14.33479598240671
1 25418U 98046F   22126.13271696  .00000730  00000-0  31228-3 0  8375\
2 25418  44.9972 151.9816 0003501 318.4779  83.8800 14.33479601240906
1 25418U 98046F   22126.49681385  .00000708  00000-0  30457-3 0    15\
2 25418  44.9972 150.2679 0003485 320.0882 163.0165 14.33480018240774
1 25418U 98046F   22127.17720233  .00000573  00000-0  25582-3 0  8388\
2 25418  44.9972 147.0654 0003459 322.8934  74.7660 14.33480160241058
1 25418U 98046F   22127.47115392  .00000582  00000-0  25922-3 0    15\
2 25418  44.9971 145.6818 0003441 324.2406 151.8305 14.33480595240913
1 25418U 98046F   22127.76032299  .00000575  00000-0  25684-3 0    18\
2 25418  44.9971 144.3207 0003429 325.4204 204.3592 14.33480984240954
1 25418U 98046F   22128.44628907  .00000497  00000-0  22882-3 0  8390\
2 25418  44.9971 141.0919 0003400 328.5645 144.5847 14.33481359241237
1 25418U 98046F   22128.44628907  .00000497  00000-0  22882-3 0    11\
2 25418  44.9971 141.0919 0003400 328.5645 144.5847 14.33481359241057
1 25418U 98046F   22128.73618353  .00000488  00000-0  22543-3 0    11\
2 25418  44.9971 139.7274 0003391 329.8416 200.7641 14.33481711241097
1 25418U 98046F   22129.49567947  .00000472  00000-0  21963-3 0  8406\
2 25418  44.9971 136.1524 0003335 333.1607 160.6393 14.33482587241386
1 25418U 98046F   22129.49567947  .00000472  00000-0  21963-3 0    15\
2 25418  44.9971 136.1524 0003335 333.1607 160.6393 14.33482587241207
1 25418U 98046F   22130.47201632  .00000464  00000-0  21707-3 0    18\
2 25418  44.9972 131.5568 0003271 337.5314 159.5648 14.33483883241342
1 25418U 98046F   22131.15106514  .00000445  00000-0  21006-3 0  8410\
2 25418  44.9973 128.3605 0003217 340.4436  64.3017 14.33484722241624
1 25418U 98046F   22131.44637953  .00000458  00000-0  21464-3 0    18\
2 25418  44.9973 126.9706 0003213 342.0765 148.1255 14.33485191241489
1 25418U 98046F   22131.73277113  .00000450  00000-0  21195-3 0    11\
2 25418  44.9974 125.6226 0003195 343.3644 186.2039 14.33485548241526
1 25418U 98046F   22132.70847935  .00000544  00000-0  24549-3 0  8427\
2 25418  44.9976 121.0302 0003138 348.0038 181.6267 14.33487546241846
1 25418U 98046F   22132.42155354  .00000535  00000-0  24246-3 0    14\
2 25418  44.9975 122.3807 0003157 346.7103 140.7920 14.33487045241620
1 25418U 98046F   22132.70847935  .00000544  00000-0  24549-3 0    14\
2 25418  44.9976 121.0302 0003138 348.0038 181.6267 14.33487546241666
1 25418U 98046F   22133.40298307  .00000593  00000-0  26301-3 0    17\
2 25418  44.9977 117.7611 0003081 351.3508 165.7709 14.33488838241768
1 25418U 98046F   22133.93470674  .00000600  00000-0  26582-3 0    14\
2 25418  44.9978 115.2583 0003050 354.0671  29.6995 14.33489660241845
1 25418U 98046F   22134.21167458  .00000667  00000-0  28981-3 0  8431\
2 25418  44.9978 113.9546 0003005 355.0005  19.4596 14.33490531242069
1 25418U 98046F   22134.37817661  .00000671  00000-0  29096-3 0    15\
2 25418  44.9978 113.1709 0002998 355.9011 158.6344 14.33490808241904
1 25418U 98046F   22134.66024072  .00000705  00000-0  30315-3 0    17\
2 25418  44.9979 111.8434 0003004 357.8683 173.6862 14.33491515241942
1 25418U 98046F   22135.35326701  .00000756  00000-0  32162-3 0  8441\
2 25418  44.9980 108.5815 0002955   1.4990 149.9253 14.33492991242228
1 25418U 98046F   22135.35326701  .00000756  00000-0  32162-3 0    16\
2 25418  44.9980 108.5815 0002955   1.4990 149.9253 14.33492991242048
1 25418U 98046F   22135.95873861  .00000849  00000-0  35498-3 0    14\
2 25418  44.9981 105.7315 0002921   4.7710  34.2576 14.33494624242131
1 25418U 98046F   22136.61156403  .00000853  00000-0  35645-3 0    13\
2 25418  44.9981 102.6587 0002878   8.3869 162.8608 14.33496076242221
1 25418U 98046F   22136.61156403  .00000853  00000-0  35645-3 0  8459\
2 25418  44.9981 102.6587 0002878   8.3869 162.8608 14.33496076242401
1 25418U 98046F   22136.93397269  .00000963  00000-0  39561-3 0    18\
2 25418  44.9981 101.1410 0002833   9.5776  27.0948 14.33497173242274
1 25418U 98046F   22137.30366817  .00000914  00000-0  37810-3 0    16\
2 25418  44.9981  99.4007 0002810  11.7667 134.5986 14.33497798242329
1 25418U 98046F   22137.65648178  .00000936  00000-0  38598-3 0  8462\
2 25418  44.9982  97.7402 0002793  14.1300 154.7253 14.33498828242552
1 25418U 98046F   22137.90916247  .00000960  00000-0  39464-3 0    18\
2 25418  44.9982  96.5506 0002776  15.6413  18.4571 14.33499472242416
1 25418U 98046F   22138.63238808  .00001069  00000-0  43377-3 0    18\
2 25418  44.9984  93.1463 0002708  19.6980 150.2908 14.33501928242511
1 25418U 98046F   22139.15980763  .00001094  00000-0  44262-3 0  8470\
2 25418  44.9985  90.6638 0002673  22.7658 351.6591 14.33503301242776
1 25418U 98046F   22139.60802280  .00001229  00000-0  49086-3 0    18\
2 25418  44.9985  88.5540 0002659  25.8102 143.9194 14.33505355242655
1 25418U 98046F   22140.29674464  .00001103  00000-0  44600-3 0  8483\
2 25418  44.9988  85.3124 0002615  29.6750  97.7223 14.33506507242934
1 25418U 98046F   22140.58366273  .00001159  00000-0  46583-3 0    15\
2 25418  44.9989  83.9618 0002594  31.3696 138.1361 14.33507592242794
1 25418U 98046F   22141.11115236  .00001164  00000-0  46759-3 0    17\
2 25418  44.9989  81.4787 0002526  34.5346 339.7828 14.33509100242879
1 25418U 98046F   22141.55940705  .00001244  00000-0  49621-3 0  8492\
2 25418  44.9990  79.3688 0002526  37.9214 131.9125 14.33510830243110
1 25418U 98046F   22141.55940705  .00001244  00000-0  49621-3 0    12\
2 25418  44.9990  79.3688 0002526  37.9214 131.9125 14.33510830242939
1 25418U 98046F   22141.81015807  .00001227  00000-0  49030-3 0    12\
2 25418  44.9991  78.1883 0002501  39.6740 345.4469 14.33511444242979
1 25418U 98046F   22142.53506828  .00001267  00000-0  50438-3 0    18\
2 25418  44.9993  74.7762 0002465  44.5318 125.2117 14.33513830243071
1 25418U 98046F   22143.06228807  .00001232  00000-0  49188-3 0  8509\
2 25418  44.9994  72.2947 0002424  47.3443 325.8295 14.33515313243337
1 25418U 98046F   22143.51080271  .00001216  00000-0  48627-3 0    17\
2 25418  44.9996  70.1838 0002430  50.2906 119.7505 14.33516523243214
1 25418U 98046F   22144.20458117  .00001118  00000-0  45126-3 0  8517\
2 25418  44.9996  66.9182 0002410  55.6654  98.1939 14.33517999243495
1 25418U 98046F   22144.48657429  .00001095  00000-0  44284-3 0    19\
2 25418  44.9997  65.5909 0002407  57.7370 112.8025 14.33518729243359
1 25418U 98046F   22145.24651135  .00001040  00000-0  42310-3 0  8524\
2 25418  44.9998  62.0140 0002368  62.9378  73.1807 14.33520688243647
1 25418U 98046F   22145.24651135  .00001040  00000-0  42310-3 0    10\
2 25418  44.9998  62.0140 0002368  62.9378  73.1807 14.33520688243467
1 25418U 98046F   22146.22235231  .00000914  00000-0  37807-3 0    18\
2 25418  44.9999  57.4207 0002341  70.1759  66.8180 14.33522964243603
1 25418U 98046F   22146.50743417  .00000884  00000-0  36735-3 0  8539\
2 25418  45.0001  56.0789 0002355  72.3085  97.3248 14.33523552243822
1 25418U 98046F   22146.50743417  .00000884  00000-0  36735-3 0    14\
2 25418  45.0001  56.0789 0002355  72.3085  97.3248 14.33523552243642
1 25418U 98046F   22147.48309736  .00000786  00000-0  33218-3 0    18\
2 25418  45.0001  51.4865 0002343  79.4789  90.1180 14.33525542243784
1 25418U 98046F   22147.87721394  .00000784  00000-0  33128-3 0    17\
2 25418  45.0002  49.6313 0002335  82.5730 322.9072 14.33526563243841
1 25418U 98046F   22148.17182465  .00000773  00000-0  32754-3 0  8549\
2 25418  45.0003  48.2447 0002348  84.5038  42.8434 14.33527207244063
1 25418U 98046F   22148.45879686  .00000749  00000-0  31871-3 0    14\
2 25418  45.0003  46.8939 0002351  86.5823  83.1743 14.33527745243923
1 25418U 98046F   22148.85229515  .00000640  00000-0  27993-3 0    18\
2 25418  45.0003  45.0416 0002355  89.6918 312.7547 14.33527984243981
1 25418U 98046F   22149.43444861  .00000613  00000-0  27006-3 0  8558\
2 25418  45.0003  42.3014 0002380  94.0235  75.6509 14.33529099244247
1 25418U 98046F   22149.43444861  .00000613  00000-0  27006-3 0    11\
2 25418  45.0003  42.3014 0002380  94.0235  75.6509 14.33529099244067
1 25418U 98046F   22149.90086595  .00000614  00000-0  27040-3 0    18\
2 25418  45.0003  40.1060 0002387  97.5224 321.5234 14.33530046244137
1 25418U 98046F   22150.40994095  .00000578  00000-0  25763-3 0    17\
2 25418  45.0004  37.7099 0002409 101.1596  67.6154 14.33530837244206
1 25418U 98046F   22150.80270456  .00000525  00000-0  23868-3 0  8563\
2 25418  45.0003  35.8611 0002424 104.1113 293.5630 14.33531216244446
1 25418U 98046F   22150.93732312  .00000517  00000-0  23581-3 0    16\
2 25418  45.0003  35.2275 0002430 105.0298 268.0440 14.33531405244285
1 25418U 98046F   22151.17058990  .00000523  00000-0  23769-3 0    11\
2 25418  45.0004  34.1295 0002441 106.5669  31.4945 14.33531853244319
1 25418U 98046F   22151.38585670  .00000506  00000-0  23180-3 0    12\
2 25418  45.0004  33.1163 0002452 108.1017  61.9649 14.33532147244348
1 25418U 98046F   22152.07955174  .00000482  00000-0  22314-3 0  8579\
2 25418  45.0003  29.8511 0002490 112.9966  40.4959 14.33533137244621
1 25418U 98046F   22152.61136516  .00000462  00000-0  21606-3 0    12\
2 25418  45.0004  27.3478 0002499 116.5682 264.1190 14.33533888244525
1 25418U 98046F   22153.12138958  .00000407  00000-0  19618-3 0  8580\
2 25418  45.0003  24.9472 0002533 119.9169  15.4095 14.33534342244771
1 25418U 98046F   22153.40649034  .00000389  00000-0  18968-3 0    19\
2 25418  45.0004  23.6052 0002552 121.9200  46.1555 14.33534676244639
1 25418U 98046F   22153.93428532  .00000382  00000-0  18720-3 0    14\
2 25418  45.0004  21.1209 0002580 125.4650 249.0500 14.33535416244711
1 25418U 98046F   22154.38226220  .00000360  00000-0  17959-3 0  8594\
2 25418  45.0004  19.0123 0002604 128.2691  40.3677 14.33535907244953
1 25418U 98046F   22154.38226220  .00000360  00000-0  17959-3 0    13\
2 25418  45.0004  19.0123 0002604 128.2691  40.3677 14.33535907244773
1 25418U 98046F   22155.35809115  .00000336  00000-0  17079-3 0    17\
2 25418  45.0004  14.4191 0002673 134.6976  34.7985 14.33537006244917
1 25418U 98046F   22155.88566038  .00000325  00000-0  16690-3 0  8608\
2 25418  45.0004  11.9357 0002717 138.0793 236.6930 14.33537541245173
1 25418U 98046F   22155.88566038  .00000325  00000-0  16690-3 0    15\
2 25418  45.0004  11.9357 0002717 138.0793 236.6930 14.33537541244992
1 25418U 98046F   22156.86134240  .00000329  00000-0  16844-3 0    15\
2 25418  45.0003   7.3431 0002795 144.1057 230.7718 14.33538586245136
1 25418U 98046F   22157.09172793  .00000312  00000-0  16228-3 0  8618\
2 25418  45.0002   6.2587 0002812 145.3589 339.6272 14.33538715245349
1 25418U 98046F   22157.30947888  .00000309  00000-0  16124-3 0    14\
2 25418  45.0003   5.2337 0002824 146.6358  23.1926 14.33538925245190
1 25418U 98046F   22157.70257992  .00000323  00000-0  16604-3 0    17\
2 25418  45.0002   3.3833 0002852 149.0871 251.3950 14.33539372245253
1 25418U 98046F   22158.53529557  .00000326  00000-0  16719-3 0  8623\
2 25418  45.0001 359.4637 0002951 153.8667 228.2007 14.33540172245554
1 25418U 98046F   22158.53529557  .00000326  00000-0  16719-3 0    18\
2 25418  45.0001 359.4637 0002951 153.8667 228.2007 14.33540172245374
1 25418U 98046F   22158.81281663  .00000329  00000-0  16826-3 0    14\
2 25418  45.0001 358.1573 0002974 155.4138 220.2541 14.33540488245415
1 25418U 98046F   22159.26087271  .00000338  00000-0  17163-3 0    18\
2 25418  45.0001 356.0483 0003009 157.8762  12.3306 14.33540969245470
1 25418U 98046F   22159.85810755  .00000348  00000-0  17509-3 0  8635\
2 25418  45.0000 353.2369 0003068 161.2202 214.1448 14.33541596245740
1 25418U 98046F   22160.62753433  .00000362  00000-0  18013-3 0    12\
2 25418  45.0000 349.6151 0003142 165.5089 224.5142 14.33542435245672
1 25418U 98046F   22161.06911333  .00000366  00000-0  18142-3 0  8640\
2 25418  44.9999 347.5364 0003185 167.8033 343.3033 14.33542933245910
1 25418U 98046F   22161.28172280  .00000363  00000-0  18058-3 0    10\
2 25418  45.0000 346.5357 0003230 169.0366   0.3566 14.33543189245768
1 25418U 98046F   22161.80939654  .00000388  00000-0  18948-3 0    19\
2 25418  44.9999 344.0518 0003260 171.8097 203.4115 14.33543900245846
1 25418U 98046F   22162.25740715  .00000401  00000-0  19391-3 0  8654\
2 25418  44.9999 341.9429 0003312 174.1864 355.3451 14.33544514246088
1 25418U 98046F   22162.87895453  .00000414  00000-0  19873-3 0    13\
2 25418  44.9998 339.0171 0003372 177.3685 322.9217 14.33545338245995
1 25418U 98046F   22163.48455293  .00000425  00000-0  20251-3 0  8668\
2 25418  44.9998 336.1663 0003429 180.5151 208.1471 14.33546132246267
1 25418U 98046F   22163.85464314  .00000468  00000-0  21800-3 0    12\
2 25418  44.9997 334.4243 0003472 182.3591 318.0991 14.33546846246133
1 25418U 98046F   22164.20875179  .00000486  00000-0  22452-3 0    11\
2 25418  44.9997 332.7574 0003503 184.1941 345.5038 14.33547409246183
1 25418U 98046F   22164.73620465  .00000505  00000-0  23140-3 0  8672\
2 25418  44.9997 330.2746 0003570 186.8727 187.5215 14.33548260246448
1 25418U 98046F   22164.73620465  .00000505  00000-0  23140-3 0    12\
2 25418  44.9997 330.2746 0003570 186.8727 187.5215 14.33548260246268
1 25418U 98046F   22165.50838058  .00000628  00000-0  27524-3 0    13\
2 25418  44.9996 326.6398 0003636 190.6961 212.5763 14.33549891246375
1 25418U 98046F   22165.87817912  .00000678  00000-0  29326-3 0  8687\
2 25418  44.9996 324.8992 0003677 192.4972 321.0688 14.33550682246600
1 25418U 98046F   22166.48467595  .00000656  00000-0  28543-3 0    18\
2 25418  44.9995 322.0442 0003741 195.4777 211.1120 14.33551419246516
1 25418U 98046F   22170.53519244  .00000547  00000-0  24626-3 0    15\
2 25418  44.9993 302.9771 0004124 214.1219 236.5612 14.33557179247092
1 25418U 98046F   22170.82141722  .00000533  00000-0  24114-3 0    16\
2 25418  44.9993 301.6298 0004126 215.3583 273.9039 14.33557586247136
1 25418U 98046F   22171.58390830  .00000537  00000-0  24269-3 0    11\
2 25418  44.9994 298.0405 0004195 218.6948 249.4437 14.33558865247246
1 25418U 98046F   22171.79482300  .00000532  00000-0  24099-3 0  8708\
2 25418  44.9993 297.0477 0004203 219.6046 258.0781 14.33559215247454
1 25418U 98046F   22171.79482300  .00000532  00000-0  24099-3 0    14\
2 25418  44.9993 297.0477 0004203 219.6046 258.0781 14.33559215247274
1 25418U 98046F   22172.61107788  .00000510  00000-0  23306-3 0    16\
2 25418  44.9993 293.2054 0004296 223.2556 151.0409 14.33560381247390
1 25418U 98046F   22172.84502198  .00000502  00000-0  23008-3 0  8710\
2 25418  44.9992 292.1042 0004309 224.3083 278.4988 14.33560714247606
1 25418U 98046F   22172.84502198  .00000502  00000-0  23008-3 0    15\
2 25418  44.9992 292.1042 0004309 224.3083 278.4988 14.33560714247426
1 25418U 98046F   22173.58684709  .00000490  00000-0  22588-3 0    14\
2 25418  44.9992 288.6122 0004378 227.5334 147.4010 14.33561736247533
1 25418U 98046F   22173.82029828  .00000482  00000-0  22305-3 0    14\
2 25418  44.9991 287.5133 0004385 228.5317 272.3682 14.33562050247568
1 25418U 98046F   22174.03492014  .00000473  00000-0  21985-3 0  8728\
2 25418  44.9991 286.5031 0004396 229.4725 300.1240 14.33562326247778
1 25418U 98046F   22174.56216538  .00000449  00000-0  21129-3 0    18\
2 25418  44.9991 284.0212 0004447 231.6932 141.5545 14.33562908247674
1 25418U 98046F   22174.79523028  .00000416  00000-0  19920-3 0    18\
2 25418  44.9990 282.9241 0004456 232.7052 264.5130 14.33563040247705
1 25418U 98046F   22175.47602927  .00000384  00000-0  18775-3 0  8738\
2 25418  44.9989 279.7194 0004511 235.5263 178.5755 14.33563745247980
1 25418U 98046F   22175.54938498  .00000383  00000-0  18765-3 0    12\
2 25418  44.9989 279.3740 0004516 235.8444 197.1998 14.33563838247813
1 25418U 98046F   22175.77058240  .00000376  00000-0  18492-3 0    14\
2 25418  44.9988 278.3328 0004524 236.8211 258.8895 14.33564093247843
1 25418U 98046F   22176.52463497  .00000357  00000-0  17815-3 0  8747\
2 25418  44.9987 274.7832 0004580 239.9358 191.0767 14.33564959248130
1 25418U 98046F   22176.58342006  .00000355  00000-0  17739-3 0    10\
2 25418  44.9987 274.5065 0004582 240.1786 134.5073 14.33565016247964
1 25418U 98046F   22176.74609928  .00000349  00000-0  17532-3 0    11\
2 25418  44.9987 273.7407 0004589 240.8879 254.1703 14.33565182247987
1 25418U 98046F   22177.55902162  .00000340  00000-0  17211-3 0  8751\
2 25418  44.9986 269.9140 0004648 244.2179 130.2564 14.33566152248285
1 25418U 98046F   22177.55902162  .00000340  00000-0  17211-3 0    12\
2 25418  44.9986 269.9140 0004648 244.2179 130.2564 14.33566152248106
1 25418U 98046F   22177.72202984  .00000336  00000-0  17055-3 0    17\
2 25418  44.9985 269.1466 0004653 244.9208 251.6259 14.33566319248120
1 25418U 98046F   22178.40137904  .00000330  00000-0  16864-3 0    13\
2 25418  44.9985 265.9486 0004691 247.7176 158.2315 14.33567094248220
1 25418U 98046F   22178.69632941  .00000310  00000-0  16145-3 0  8765\
2 25418  44.9984 264.5602 0004695 248.9860 240.6268 14.33567307248445
1 25418U 98046F   22178.69632941  .00000310  00000-0  16145-3 0    15\
2 25418  44.9984 264.5602 0004695 248.9860 240.6268 14.33567307248265
1 25418U 98046F   22179.51035916  .00000277  00000-0  14952-3 0    12\
2 25418  44.9984 260.7283 0004738 252.3731 122.3814 14.33568001248380
1 25418U 98046F   22180.48590931  .00000243  00000-0  13736-3 0  8776\
2 25418  44.9983 256.1359 0004776 256.4027 117.8835 14.33568765248702
1 25418U 98046F   22180.48590931  .00000243  00000-0  13736-3 0    15\
2 25418  44.9983 256.1359 0004776 256.4027 117.8835 14.33568765248522
1 25418U 98046F   22180.93420094  .00000227  00000-0  13151-3 0    10\
2 25418  44.9982 254.0257 0004790 258.3509 271.7372 14.33569086248586
1 25418U 98046F   22181.62819448  .00000197  00000-0  12100-3 0    11\
2 25418  44.9981 250.7588 0004811 261.1878 253.9593 14.33569512248682
1 25418U 98046F   22181.62819448  .00000197  00000-0  12100-3 0  8783\
2 25418  44.9981 250.7588 0004811 261.1878 253.9593 14.33569512248862
1 25418U 98046F   22181.90978058  .00000184  00000-0  11642-3 0    11\
2 25418  44.9981 249.4333 0004816 262.3753 267.4008 14.33569698248726
1 25418U 98046F   22182.52256639  .00000180  00000-0  11494-3 0    15\
2 25418  44.9980 246.5486 0004842 264.8557 190.4752 14.33570163248810
1 25418U 98046F   22182.88536567  .00000167  00000-0  11024-3 0    19\
2 25418  44.9980 244.8408 0004853 266.4422 263.0528 14.33570389248869
1 25418U 98046F   22183.48257863  .00000191  00000-0  11888-3 0    10\
2 25418  44.9979 242.0295 0004869 268.8793 105.7254 14.33571007248951
1 25418U 98046F   22183.64533979  .00000189  00000-0  11788-3 0    19\
2 25418  44.9978 241.2633 0004870 269.5849 225.8188 14.33571120248977
1 25418U 98046F   22183.93095552  .00000180  00000-0  11482-3 0  8808\
2 25418  44.9979 239.9188 0004877 270.7593 260.0914 14.33571307249194
1 25418U 98046F   22184.55474921  .00000186  00000-0  11700-3 0    12\
2 25418  44.9977 236.9822 0004883 273.3267 239.9470 14.33571822249103
1 25418U 98046F   22184.90637784  .00000184  00000-0  11620-3 0    18\
2 25418  44.9977 235.3270 0004891 274.7885 254.9457 14.33572104249154
1 25418U 98046F   22185.52150198  .00000215  00000-0  12730-3 0    14\
2 25418  44.9975 232.4313 0004895 277.3196 190.0537 14.33572757249249
1 25418U 98046F   22185.88197490  .00000199  00000-0  12165-3 0    12\
2 25418  44.9975 230.7344 0004902 278.7924 250.7304 14.33572964249298
1 25418U 98046F   22186.50352045  .00000222  00000-0  12973-3 0    15\
2 25418  44.9974 227.8085 0004896 281.4362 218.8992 14.33573558249383
1 25418U 98046F   22186.57098948  .00000221  00000-0  12958-3 0    13\
2 25418  44.9973 227.4909 0004890 281.7635 207.1070 14.33573611249392
1 25418U 98046F   22187.54620639  .00000237  00000-0  13507-3 0  8835\
2 25418  44.9972 222.9000 0004895 285.7931 200.9067 14.33574443249718
1 25418U 98046F   22187.83330641  .00000231  00000-0  13317-3 0    13\
2 25418  44.9972 221.5484 0004898 286.9852 242.8324 14.33574638249578
1 25418U 98046F   22188.52750499  .00000253  00000-0  14084-3 0    13\
2 25418  44.9971 218.2804 0004890 289.9336 226.0148 14.33575215249679
1 25418U 98046F   22188.80891308  .00000303  00000-0  15898-3 0  8848\
2 25418  44.9971 216.9556 0004890 291.1441 238.5200 14.33575750249895
1 25418U 98046F   22189.50300617  .00000295  00000-0  15593-3 0    17\
2 25418  44.9970 213.6880 0004877 294.0739 221.1800 14.33576273249812
1 25418U 98046F   22189.78459403  .00000297  00000-0  15681-3 0    15\
2 25418  44.9970 212.3624 0004873 295.2836 234.6151 14.33576534249853
1 25418U 98046F   22190.19255670  .00000303  00000-0  15897-3 0  8859\
2 25418  44.9970 210.4418 0004865 296.9814 180.3973 14.33576876250094
1 25418U 98046F   22190.47840649  .00000313  00000-0  16230-3 0    19\
2 25418  44.9969 209.0962 0004853 298.2725 215.7681 14.33577162249954
1 25418U 98046F   22190.76033086  .00000307  00000-0  16029-3 0    19\
2 25418  44.9970 207.7689 0004852 299.4967 230.9277 14.33577374249996
1 25418U 98046F   22191.44602804  .00000354  00000-0  17695-3 0  8868\
2 25418  44.9969 204.5409 0004822 302.4345 170.2116 14.33578202250273
1 25418U 98046F   22191.52002794  .00000353  00000-0  17675-3 0    15\
2 25418  44.9969 204.1925 0004820 302.7686 192.1513 14.33578271250103
1 25418U 98046F   22191.80564796  .00000356  00000-0  17783-3 0    14\
2 25418  44.9970 202.8479 0004813 303.9809 226.4154 14.33578570250144
1 25418U 98046F   22192.49596076  .00000378  00000-0  18577-3 0  8874\
2 25418  44.9970 199.5981 0004779 306.9544 189.5100 14.33579350250422
1 25418U 98046F   22192.49596076  .00000378  00000-0  18577-3 0    12\
2 25418  44.9970 199.5981 0004779 306.9544 189.5100 14.33579350250242
1 25418U 98046F   22192.78133321  .00000376  00000-0  18494-3 0    10\
2 25418  44.9970 198.2547 0004770 308.1658 222.4972 14.33579653250281
1 25418U 98046F   22193.40735455  .00000456  00000-0  21373-3 0    15\
2 25418  44.9970 195.3076 0004738 310.9308 213.6827 14.33580826250378
1 25418U 98046F   22193.75677661  .00000474  00000-0  22015-3 0    11\
2 25418  44.9971 193.6626 0004725 312.3227 217.3639 14.33581386250423
1 25418U 98046F   22194.44572083  .00000463  00000-0  21596-3 0    11\
2 25418  44.9971 190.4194 0004692 315.5239 173.1680 14.33582167250523
1 25418U 98046F   22194.73253480  .00000459  00000-0  21457-3 0    11\
2 25418  44.9972 189.0691 0004680 316.7450 213.5952 14.33582529250562
1 25418U 98046F   22195.05706336  .00000469  00000-0  21812-3 0  8890\
2 25418  44.9972 187.5413 0004659 318.1637  88.6542 14.33582975250792
1 25418U 98046F   22195.42724874  .00000432  00000-0  20490-3 0    15\
2 25418  44.9972 185.7987 0004636 319.9051 199.2482 14.33583188250667
1 25418U 98046F   22195.70804211  .00000429  00000-0  20395-3 0    10\
2 25418  44.9972 184.4768 0004625 321.1951 208.5061 14.33583543250709
1 25418U 98046F   22196.46930758  .00000464  00000-0  21652-3 0  8902\
2 25418  44.9972 180.8930 0004573 324.6151 177.7026 14.33584727250996
1 25418U 98046F   22196.68365931  .00000466  00000-0  21715-3 0    17\
2 25418  44.9972 179.8840 0004565 325.7218 203.9149 14.33585039250840
1 25418U 98046F   22197.37727924  .00000509  00000-0  23266-3 0    19\
2 25418  44.9972 176.6186 0004518 328.9689 183.8376 14.33586157250944
1 25418U 98046F   22197.65930929  .00000523  00000-0  23760-3 0  8913\
2 25418  44.9972 175.2909 0004503 330.3008 199.4462 14.33586689251162
1 25418U 98046F   22197.90920388  .00000524  00000-0  23778-3 0    12\
2 25418  44.9972 174.1144 0004484 331.4314  49.2462 14.33586992251025
1 25418U 98046F   22198.35239675  .00000534  00000-0  24142-3 0    11\
2 25418  44.9973 172.0280 0004449 333.4936 176.6757 14.33587651251088
1 25418U 98046F   22198.63502987  .00000546  00000-0  24578-3 0    17\
2 25418  44.9973 170.6974 0004432 334.8701 195.3567 14.33588189251128
1 25418U 98046F   22199.17361728  .00000545  00000-0  24547-3 0  8926\
2 25418  44.9973 168.1619 0004386 337.1982  95.3221 14.33588965251387
1 25418U 98046F   22199.39482561  .00000578  00000-0  25710-3 0    10\
2 25418  44.9973 167.1205 0004374 338.4435 156.8196 14.33589470251231
1 25418U 98046F   22199.68019882  .00000574  00000-0  25566-3 0    19\
2 25418  44.9974 165.7770 0004354 339.7730 189.7032 14.33589897251274
1 25418U 98046F   22200.20777448  .00000603  00000-0  26624-3 0  8937\
2 25418  44.9975 163.2934 0004307 342.2915  32.5961 14.33590876251536
1 25418U 98046F   22200.30266865  .00000603  00000-0  26603-3 0    12\
2 25418  44.9975 162.8466 0004302 342.7885 162.3145 14.33591019251364
1 25418U 98046F   22200.90782595  .00000638  00000-0  27864-3 0    19\
2 25418  44.9976 159.9977 0004253 345.7844  45.5135 14.33592243251453
1 25418U 98046F   22201.41856738  .00000654  00000-0  28442-3 0  8948\
2 25418  44.9977 157.5933 0004217 348.4209 161.3287 14.33593225251529
1 25418U 98046F   22202.25300122  .00000614  00000-0  26999-3 0    13\
2 25418  44.9978 153.6650 0004146 352.5206 147.8537 14.33594437251643
1 25418U 98046F   22202.60707770  .00000598  00000-0  26447-3 0  8952\
2 25418  44.9979 151.9982 0004118 354.3288 175.1807 14.33595002251870
1 25418U 98046F   22202.60707770  .00000598  00000-0  26447-3 0    11\
2 25418  44.9979 151.9982 0004118 354.3288 175.1807 14.33595002251690
1 25418U 98046F   22203.22116147  .00000670  00000-0  29023-3 0    16\
2 25418  44.9981 149.1073 0004070 357.6814 104.1467 14.33596575251781
1 25418U 98046F   22203.36868699  .00000663  00000-0  28750-3 0    15\
2 25418  44.9981 148.4128 0004061 358.4201 145.5158 14.33596798251809
1 25418U 98046F   22204.20415833  .00000547  00000-0  24610-3 0  8961\
2 25418  44.9982 144.4798 0003991   2.8415 137.0878 14.33597530252101
1 25418U 98046F   22204.55831720  .00000527  00000-0  23910-3 0    14\
2 25418  44.9983 142.8126 0003969   4.7236 164.7707 14.33598057251973
1 25418U 98046F   22204.80883314  .00000515  00000-0  23459-3 0    13\
2 25418  44.9983 141.6332 0003945   6.0312  17.6144 14.33598374252012
1 25418U 98046F   22205.53410793  .00000436  00000-0  20627-3 0  8970\
2 25418  44.9983 138.2189 0003891  10.1342 160.2414 14.33599047252296
1 25418U 98046F   22205.53410793  .00000436  00000-0  20627-3 0    17\
2 25418  44.9983 138.2189 0003891  10.1342 160.2414 14.33599047252117
1 25418U 98046F   22206.29410868  .00000405  00000-0  19538-3 0    19\
2 25418  44.9984 134.6411 0003835  14.3894 122.1115 14.33599971252225
1 25418U 98046F   22207.20333330  .00000354  00000-0  17702-3 0  8987\
2 25418  44.9984 130.3608 0003764  19.4521 134.0599 14.33600925252534
1 25418U 98046F   22207.26957480  .00000352  00000-0  17653-3 0    10\
2 25418  44.9984 130.0490 0003759  19.9616 115.7512 14.33601013252365
1 25418U 98046F   22208.53066803  .00000269  00000-0  14677-3 0  8996\
2 25418  44.9985 124.1122 0003675  27.3241 143.1401 14.33602044252723
1 25418U 98046F   22208.53066803  .00000269  00000-0  14677-3 0    11\
2 25418  44.9985 124.1122 0003675  27.3241 143.1401 14.33602044252543
1 25418U 98046F   22209.50612616  .00000251  00000-0  14015-3 0    15\
2 25418  44.9986 119.5201 0003607  33.1124 136.5288 14.33603011252689
1 25418U 98046F   22210.20120438  .00000231  00000-0  13321-3 0  9005\
2 25418  44.9987 116.2478 0003555  37.2541 123.1343 14.33603573252968
1 25418U 98046F   22210.48179873  .00000217  00000-0  12816-3 0    16\
2 25418  44.9987 114.9269 0003542  38.9775 130.9509 14.33603771252829
1 25418U 98046F   22210.80635326  .00000217  00000-0  12809-3 0    14\
2 25418  44.9987 113.3989 0003514  40.9549   5.6104 14.33604046252872
1 25418U 98046F   22211.45737863  .00000207  00000-0  12457-3 0  9012\
2 25418  44.9988 110.3341 0003487  44.9796 124.7602 14.33604576253144
1 25418U 98046F   22211.45737863  .00000207  00000-0  12457-3 0    13\
2 25418  44.9988 110.3341 0003487  44.9796 124.7602 14.33604576252963
1 25418U 98046F   22211.78155937  .00000205  00000-0  12379-3 0    16\
2 25418  44.9988 108.8079 0003462  47.0020 357.4448 14.33604819253010
1 25418U 98046F   22212.43296922  .00000189  00000-0  11790-3 0    16\
2 25418  44.9989 105.7415 0003441  51.1201 118.4901 14.33605324253106
1 25418U 98046F   22212.75673803  .00000188  00000-0  11782-3 0  9028\
2 25418  44.9989 104.2172 0003421  53.3678 348.8220 14.33605548253336
1 25418U 98046F   22212.75673803  .00000188  00000-0  11782-3 0    18\
2 25418  44.9989 104.2172 0003421  53.3678 348.8220 14.33605548253156
1 25418U 98046F   22213.40871653  .00000177  00000-0  11385-3 0    11\
2 25418  44.9990 101.1480 0003398  57.1033 113.1877 14.33605961253246
1 25418U 98046F   22213.93620464  .00000194  00000-0  11975-3 0    15\
2 25418  44.9990  98.6648 0003375  60.7322 314.5492 14.33606525253324
1 25418U 98046F   22214.10159219  .00000195  00000-0  12010-3 0  9033\
2 25418  44.9990  97.8861 0003375  61.8982  87.7707 14.33606633253526
1 25418U 98046F   22214.38428418  .00000191  00000-0  11865-3 0    15\
2 25418  44.9990  96.5553 0003377  64.1258 105.9231 14.33606870253386
1 25418U 98046F   22215.42965936  .00000200  00000-0  12208-3 0  9047\
2 25418  44.9990  91.6340 0003357  71.2669  99.1652 14.33607748253712
1 25418U 98046F   22215.42965936  .00000200  00000-0  12208-3 0    15\
2 25418  44.9990  91.6340 0003357  71.2669  99.1652 14.33607748253532
1 25418U 98046F   22215.68217896  .00000198  00000-0  12118-3 0    14\
2 25418  44.9990  90.4452 0003351  73.0138 321.9288 14.33607918253572
1 25418U 98046F   22216.19320475  .00000189  00000-0  11785-3 0    18\
2 25418  44.9989  88.0394 0003347  76.1829  78.7083 14.33608297253643
1 25418U 98046F   22216.79917983  .00000196  00000-0  12044-3 0  9050\
2 25418  44.9990  85.1865 0003336  80.2163 325.1304 14.33608835253914
1 25418U 98046F   22216.87317209  .00000198  00000-0  12118-3 0    15\
2 25418  44.9990  84.8382 0003335  80.6659 346.9236 14.33608916253743
1 25418U 98046F   22217.10098459  .00000196  00000-0  12051-3 0    19\
2 25418  44.9990  83.7658 0003342  82.1211  82.3434 14.33609081253774
1 25418U 98046F   22217.90815731  .00000222  00000-0  12987-3 0    15\
2 25418  44.9990  79.9657 0003332  87.4914 286.8139 14.33609875253894
1 25418U 98046F   22218.07579963  .00000223  00000-0  13017-3 0  9068\
2 25418  44.9990  79.1765 0003336  88.5590  71.7838 14.33610011254096
1 25418U 98046F   22218.35637475  .00000222  00000-0  12978-3 0    12\
2 25418  44.9991  77.8556 0003345  90.5198  79.2698 14.33610235253956
1 25418U 98046F   22218.68092906  .00000241  00000-0  13656-3 0    17\
2 25418  44.9990  76.3275 0003337  92.6546 313.7782 14.33610574254001
1 25418U 98046F   22219.33193273  .00000270  00000-0  14693-3 0  9078\
2 25418  44.9991  73.2628 0003357  96.9834  72.5264 14.33611253254278
1 25418U 98046F   22219.33193273  .00000270  00000-0  14693-3 0    13\
2 25418  44.9991  73.2628 0003357  96.9834  72.5264 14.33611253254098
1 25418U 98046F   22219.85941557  .00000350  00000-0  17568-3 0    19\
2 25418  44.9991  70.7794 0003361 100.4823 273.9996 14.33612147254179
1 25418U 98046F   22220.55774080  .00000395  00000-0  19179-3 0  9088\
2 25418  44.9992  67.4918 0003372 104.9120 277.1135 14.33613002254275
1 25418U 98046F   22220.92776130  .00000380  00000-0  18644-3 0    11\
2 25418  44.9992  65.7498 0003395 107.4747  26.0746 14.33613239254324
1 25418U 98046F   22221.60646275  .00000384  00000-0  18790-3 0    19\
2 25418  44.9993  62.5546 0003422 111.9982 287.7209 14.33613883254422
1 25418U 98046F   22221.60646275  .00000384  00000-0  18790-3 0  9096\
2 25418  44.9993  62.5546 0003422 111.9982 287.7209 14.33613883254602
1 25418U 98046F   22222.50802522  .00000388  00000-0  18935-3 0    13\
2 25418  44.9994  58.3103 0003461 117.8334 259.3575 14.33614788254554
1 25418U 98046F   22223.30429706  .00000364  00000-0  18070-3 0    15\
2 25418  44.9995  54.5616 0003513 123.0797  47.6549 14.33615550254661
1 25418U 98046F   22223.30429706  .00000364  00000-0  18070-3 0  9104\
2 25418  44.9995  54.5616 0003513 123.0797  47.6549 14.33615550254841
1 25418U 98046F   22224.27968455  .00000398  00000-0  19258-3 0    17\
2 25418  44.9996  49.9696 0003562 129.1315  40.4627 14.33616881254807
1 25418U 98046F   22224.80727436  .00000378  00000-0  18562-3 0    13\
2 25418  44.9996  47.4859 0003602 132.5155 242.6129 14.33617382254884
1 25418U 98046F   22225.58019223  .00000370  00000-0  18267-3 0    11\
2 25418  44.9997  43.8471 0003659 137.4509 270.5815 14.33618273254998
1 25418U 98046F   22225.95029170  .00000367  00000-0  18167-3 0    19\
2 25418  44.9997  42.1048 0003683 139.6289  20.3433 14.33618698255041
1 25418U 98046F   22226.55487653  .00000358  00000-0  17860-3 0    19\
2 25418  44.9998  39.2585 0003727 143.3338 259.9346 14.33619375255137
1 25418U 98046F   22226.85325469  .00000359  00000-0  17882-3 0    13\
2 25418  44.9999  37.8538 0003748 144.8824 359.8137 14.33619736255172
1 25418U 98046F   22227.53062962  .00000385  00000-0  18791-3 0  9136\
2 25418  44.9999  34.6648 0003801 148.9692 255.0605 14.33620621255450
1 25418U 98046F   22227.53062962  .00000385  00000-0  18791-3 0    14\
2 25418  44.9999  34.6648 0003801 148.9692 255.0605 14.33620621255270
1 25418U 98046F   22227.82702422  .00000401  00000-0  19363-3 0    13\
2 25418  45.0000  33.2694 0003829 150.7109 344.5005 14.33621043255317
1 25418U 98046F   22228.50589437  .00000441  00000-0  20804-3 0    14\
2 25418  45.0000  30.0734 0003881 154.5534 247.7187 14.33621977255411
1 25418U 98046F   22228.80226081  .00000440  00000-0  20763-3 0  9146\
2 25418  45.0000  28.6782 0003912 156.3519 336.9579 14.33622318255635
1 25418U 98046F   22228.87565420  .00000441  00000-0  20795-3 0    19\
2 25418  44.9999  28.3326 0003917 156.7271 355.7351 14.33622404255469
1 25418U 98046F   22229.55901060  .00000497  00000-0  22823-3 0    14\
2 25418  44.9999  25.1153 0003974 160.5739 282.1282 14.33623446255561
1 25418U 98046F   22229.85063000  .00000515  00000-0  23462-3 0  9155\
2 25418  44.9999  23.7425 0003995 162.0494 347.1686 14.33623906255780
1 25418U 98046F   22230.38613894  .00000559  00000-0  25034-3 0    18\
2 25418  44.9999  21.2213 0004043 165.0561 230.6208 14.33624826255688
1 25418U 98046F   22230.73054737  .00000503  00000-0  23021-3 0    15\
2 25418  45.0000  19.6000 0004077 166.9163 207.9869 14.33624932255737
1 25418U 98046F   22231.36141212  .00000499  00000-0  22889-3 0  9160\
2 25418  45.0001  16.6300 0004135 170.4455 223.5301 14.33625718256006
1 25418U 98046F   22231.36141212  .00000499  00000-0  22889-3 0    15\
2 25418  45.0001  16.6300 0004135 170.4455 223.5301 14.33625718255825
1 25418U 98046F   22231.58221123  .00000462  00000-0  21559-3 0    12\
2 25418  45.0001  15.5905 0004160 171.5954 283.0369 14.33625771255855
1 25418U 98046F   22232.33745778  .00000458  00000-0  21403-3 0    16\
2 25418  45.0002  12.0350 0004229 175.6886 220.5807 14.33626756255966
1 25418U 98046F   22232.68219159  .00000396  00000-0  19202-3 0  9174\
2 25418  45.0002  10.4122 0004254 177.3603 199.8187 14.33626829256195
1 25418U 98046F   22232.68219159  .00000396  00000-0  19202-3 0    18\
2 25418  45.0002  10.4122 0004254 177.3603 199.8187 14.33626829256016
1 25418U 98046F   22233.38509352  .00000386  00000-0  18837-3 0    15\
2 25418  45.0003   7.1031 0004314 181.0666 227.3366 14.33627634256119
1 25418U 98046F   22233.82487330  .00000372  00000-0  18324-3 0  9188\
2 25418  45.0003   5.0327 0004353 183.2581 337.0695 14.33628109256355
1 25418U 98046F   22233.82487330  .00000372  00000-0  18324-3 0    11\
2 25418  45.0003   5.0327 0004353 183.2581 337.0695 14.33628109256175
1 25418U 98046F   22234.36039434  .00000314  00000-0  16247-3 0    17\
2 25418  45.0003   2.5116 0004407 186.2116 220.6441 14.33628373256258
1 25418U 98046F   22234.63364765  .00000291  00000-0  15450-3 0    14\
2 25418  45.0003   1.2252 0004437 187.5491 190.9471 14.33628549256299
1 25418U 98046F   22235.08109443  .00000258  00000-0  14250-3 0  9192\
2 25418  45.0004 359.1188 0004475 189.9335 340.0963 14.33628844256537
1 25418U 98046F   22235.33563622  .00000245  00000-0  13808-3 0    19\
2 25418  45.0003 357.9205 0004501 191.2583 213.7475 14.33628978256399
1 25418U 98046F   22235.55609705  .00000201  00000-0  12225-3 0    10\
2 25418  45.0002 356.8826 0004525 192.3275 271.5910 14.33628971256424
1 25418U 98046F   22236.38034620  .00000210  00000-0  12527-3 0  9205\
2 25418  45.0002 353.0023 0004595 196.4584 205.5765 14.33629710256727
1 25418U 98046F   22236.38034620  .00000210  00000-0  12527-3 0    15\
2 25418  45.0002 353.0023 0004595 196.4584 205.5765 14.33629710256547
1 25418U 98046F   22236.60457138  .00000204  00000-0  12333-3 0    11\
2 25418  45.0002 351.9468 0004615 197.5232 282.8717 14.33629867256573
1 25418U 98046F   22237.42257420  .00000196  00000-0  12055-3 0    15\
2 25418  45.0001 348.0957 0004691 201.5354 184.7093 14.33630450256697
1 25418U 98046F   22237.42257420  .00000196  00000-0  12055-3 0  9216\
2 25418  45.0001 348.0957 0004691 201.5354 184.7093 14.33630450256877
1 25418U 98046F   22238.48141637  .00000192  00000-0  11909-3 0  9229\
2 25418  45.0000 343.1109 0004777 206.5736 249.7132 14.33631181257021
1 25418U 98046F   22238.48141637  .00000192  00000-0  11909-3 0    17\
2 25418  45.0000 343.1109 0004777 206.5736 249.7132 14.33631181256840
1 25418U 98046F   22239.45664628  .00000232  00000-0  13322-3 0    11\
2 25418  44.9999 338.5198 0004855 211.1884 243.1978 14.33632139256989
1 25418U 98046F   22239.67723536  .00000237  00000-0  13513-3 0  9239\
2 25418  44.9998 337.4812 0004863 212.0860 301.8778 14.33632339257198
1 25418U 98046F   22239.67723536  .00000237  00000-0  13513-3 0    16\
2 25418  44.9998 337.4812 0004863 212.0860 301.8778 14.33632339257019
1 25418U 98046F   22240.55729458  .00000285  00000-0  15211-3 0    14\
2 25418  44.9997 333.3380 0004951 216.3872 164.0221 14.33633349257149
1 25418U 98046F   22241.53169447  .00000285  00000-0  15240-3 0  9245\
2 25418  44.9996 328.7508 0005020 220.8643 153.3629 14.33634174257467
1 25418U 98046F   22241.53169447  .00000285  00000-0  15240-3 0    11\
2 25418  44.9996 328.7508 0005020 220.8643 153.3629 14.33634174257287
1 25418U 98046F   22241.62580491  .00000289  00000-0  15355-3 0    18\
2 25418  44.9996 328.3077 0005024 221.3105 279.0979 14.33634267257295
1 25418U 98046F   22242.50735832  .00000275  00000-0  14861-3 0    13\
2 25418  44.9994 324.1574 0005096 225.4398 149.1382 14.33634939257423
1 25418U 98046F   22242.60219819  .00000277  00000-0  14937-3 0  9257\
2 25418  44.9994 323.7109 0005097 225.8697 278.6582 14.33635029257611
1 25418U 98046F   22242.60219819  .00000277  00000-0  14937-3 0    12\
2 25418  44.9994 323.7109 0005097 225.8697 278.6582 14.33635029257431
1 25418U 98046F   22243.43065234  .00000263  00000-0  14422-3 0    18\
2 25418  44.9994 319.8107 0005157 229.5581 234.8268 14.33635637257558
1 25418U 98046F   22244.18126633  .00000257  00000-0  14220-3 0  9267\
2 25418  44.9992 316.2769 0005205 233.0259 149.0894 14.33636186257841
1 25418U 98046F   22244.45856697  .00000258  00000-0  14272-3 0    19\
2 25418  44.9992 314.9715 0005223 234.1762 140.4969 14.33636459257704
1 25418U 98046F   22245.38083017  .00000283  00000-0  15134-3 0  9273\
2 25418  44.9990 310.6297 0005279 238.4659 220.6937 14.33637290258018
1 25418U 98046F   22245.38083017  .00000283  00000-0  15134-3 0    16\
2 25418  44.9990 310.6297 0005279 238.4659 220.6937 14.33637290257837
1 25418U 98046F   22246.35581324  .00000333  00000-0  16942-3 0    12\
2 25418  44.9989 306.0397 0005304 242.3499 213.6562 14.33638459257979
1 25418U 98046F   22247.17908778  .00000290  00000-0  15394-3 0  9289\
2 25418  44.9988 302.1637 0005348 246.0083 143.1074 14.33639009258271
1 25418U 98046F   22247.45492420  .00000293  00000-0  15493-3 0    17\
2 25418  44.9987 300.8652 0005356 247.2979 126.8139 14.33639308258135
1 25418U 98046F   22248.52758971  .00000441  00000-0  20802-3 0  9296\
2 25418  44.9985 295.8151 0005398 252.1508 263.4542 14.33641351258462
1 25418U 98046F   22248.52758971  .00000441  00000-0  20802-3 0    17\
2 25418  44.9985 295.8151 0005398 252.1508 263.4542 14.33641351258282
1 25418U 98046F   22249.50026612  .00000457  00000-0  21352-3 0    14\
2 25418  44.9983 291.2356 0005428 256.3238 244.2249 14.33642561258428
1 25418U 98046F   22250.32977560  .00000446  00000-0  20986-3 0  9304\
2 25418  44.9982 287.3300 0005449 259.8460 206.0353 14.33643510258720
1 25418U 98046F   22250.32977560  .00000446  00000-0  20986-3 0    13\
2 25418  44.9982 287.3300 0005449 259.8460 206.0353 14.33643510258540
1 25418U 98046F   22251.45189574  .00000465  00000-0  21660-3 0    19\
2 25418  44.9980 282.0470 0005467 264.7646 238.1115 14.33644969258708
1 25418U 98046F   22251.80572666  .00000458  00000-0  21414-3 0  9317\
2 25418  44.9980 280.3811 0005456 266.2928 264.5142 14.33645420258937
1 25418U 98046F   22251.80572666  .00000458  00000-0  21414-3 0    15\
2 25418  44.9980 280.3811 0005456 266.2928 264.5142 14.33645420258757
1 25418U 98046F   22252.42672487  .00000483  00000-0  22285-3 0    11\
2 25418  44.9978 277.4574 0005467 269.0887 229.8671 14.33646364258843
1 25418U 98046F   22253.10742108  .00000468  00000-0  21747-3 0  9323\
2 25418  44.9977 274.2525 0005474 271.9784 143.5347 14.33647172259121
1 25418U 98046F   22253.25506264  .00000464  00000-0  21629-3 0    12\
2 25418  44.9977 273.5574 0005474 272.6038 185.6436 14.33647367258960
1 25418U 98046F   22253.37832231  .00000482  00000-0  22259-3 0    11\
2 25418  44.9977 272.9771 0005475 273.2096 101.8127 14.33647655258983
1 25418U 98046F   22254.15696118  .00000493  00000-0  22638-3 0  9337\
2 25418  44.9976 269.3111 0005474 276.4985 161.0697 14.33648837259277
1 25418U 98046F   22254.52313521  .00000485  00000-0  22373-3 0    15\
2 25418  44.9976 267.5872 0005468 278.1982 251.0711 14.33649294259141
1 25418U 98046F   22255.42402206  .00000563  00000-0  25135-3 0  9345\
2 25418  44.9975 263.3456 0005463 282.2344 221.1356 14.33651093259452
1 25418U 98046F   22255.42402206  .00000563  00000-0  25135-3 0    10\
2 25418  44.9975 263.3456 0005463 282.2344 221.1356 14.33651093259272
1 25418U 98046F   22256.30495696  .00000629  00000-0  27526-3 0    12\
2 25418  44.9974 259.1980 0005454 286.2003  88.2020 14.33652939259407
1 25418U 98046F   22257.07777449  .00000695  00000-0  29869-3 0  9357\
2 25418  44.9974 255.5594 0005440 289.5903 117.2984 14.33654589259694
1 25418U 98046F   22257.44785873  .00000693  00000-0  29786-3 0    18\
2 25418  44.9973 253.8169 0005429 291.3917 227.4053 14.33655115259568
1 25418U 98046F   22258.05301300  .00000734  00000-0  31245-3 0    14\
2 25418  44.9973 250.9676 0005418 294.0365 111.0802 14.33656463259651
1 25418U 98046F   22258.70434560  .00000763  00000-0  32299-3 0  9360\
2 25418  44.9974 247.9011 0005398 297.0073 232.9954 14.33657809259923
1 25418U 98046F   22258.70434560  .00000763  00000-0  32299-3 0    13\
2 25418  44.9974 247.9011 0005398 297.0073 232.9954 14.33657809259743
1 25418U 98046F   22259.23194311  .00000775  00000-0  32737-3 0    19\
2 25418  44.9973 245.4169 0005371 298.8779  76.7779 14.33658805259827
1 25418U 98046F   22259.67971572  .00000776  00000-0  32743-3 0    17\
2 25418  44.9974 243.3087 0005357 300.9112 228.0111 14.33659628259886
1 25418U 98046F   22260.20742735  .00000669  00000-0  28954-3 0  9373\
2 25418  44.9974 240.8240 0005334 303.3577  71.8098 14.33659967260141
1 25418U 98046F   22260.20742735  .00000669  00000-0  28954-3 0    15\
2 25418  44.9974 240.8240 0005334 303.3577  71.8098 14.33659967259969
1 25418U 98046F   22260.97397817  .00000652  00000-0  28319-3 0    13\
2 25418  44.9975 237.2149 0005297 306.9067  68.3924 14.33661242260071
1 25418U 98046F   22261.70101884  .00000644  00000-0  28028-3 0  9389\
2 25418  44.9976 233.7919 0005252 310.1041 221.2142 14.33662544260357
1 25418U 98046F   22261.70101884  .00000644  00000-0  28028-3 0    10\
2 25418  44.9976 233.7919 0005252 310.1041 221.2142 14.33662544260177
1 25418U 98046F   22262.39717369  .00000612  00000-0  26895-3 0    12\
2 25418  44.9975 230.5142 0005229 313.5573 214.2214 14.33663630260270
1 25418U 98046F   22262.67655106  .00000596  00000-0  26314-3 0    10\
2 25418  44.9977 229.1988 0005210 314.6603 216.4333 14.33664090260312
1 25418U 98046F   22262.93205708  .00000619  00000-0  27159-3 0  9392\
2 25418  44.9976 227.9958 0005195 315.7311  95.3540 14.33664700260530
1 25418U 98046F   22263.30043812  .00000607  00000-0  26705-3 0    13\
2 25418  44.9976 226.2614 0005171 317.5613 196.6484 14.33665290260403
1 25418U 98046F   22263.65410259  .00000591  00000-0  26140-3 0    19\
2 25418  44.9977 224.5962 0005152 319.2300 222.0768 14.33665861260450
1 25418U 98046F   22263.98127715  .00000585  00000-0  25923-3 0  9400\
2 25418  44.9977 223.0557 0005129 320.6037 110.9490 14.33666410260684
1 25418U 98046F   22264.62834108  .00000606  00000-0  26678-3 0    13\
2 25418  44.9978 220.0092 0005089 323.7907 210.6189 14.33667665260597
1 25418U 98046F   22265.60299118  .00000611  00000-0  26871-3 0    19\
2 25418  44.9978 215.4204 0005025 328.3013 201.3421 14.33669299260736
1 25418U 98046F   22265.60299118  .00000611  00000-0  26871-3 0  9412\
2 25418  44.9978 215.4204 0005025 328.3013 201.3421 14.33669299260916
1 25418U 98046F   22266.57859762  .00000608  00000-0  26756-3 0    11\
2 25418  44.9979 210.8271 0004951 332.9359 196.8888 14.33670908260870
1 25418U 98046F   22266.83252126  .00000623  00000-0  27296-3 0    18\
2 25418  44.9978 209.6315 0004931 334.0991  67.5478 14.33671391260918
1 25418U 98046F   22266.83252126  .00000623  00000-0  27296-3 0  9422\
2 25418  44.9978 209.6315 0004931 334.0991  67.5478 14.33671391261098
1 25418U 98046F   22267.67292829  .00000661  00000-0  28655-3 0    17\
2 25418  44.9978 205.6747 0004871 338.0752  85.2910 14.33672945261033
1 25418U 98046F   22268.08152329  .00000675  00000-0  29156-3 0  9430\
2 25418  44.9978 203.7508 0004830 340.1358  34.1198 14.33673691261274
1 25418U 98046F   22268.52988396  .00000649  00000-0  28228-3 0    15\
2 25418  44.9978 201.6399 0004802 342.4147 188.1678 14.33674204261150
1 25418U 98046F   22268.78193156  .00000647  00000-0  28163-3 0    11\
2 25418  44.9977 200.4532 0004782 343.6725  49.0422 14.33674539261194
1 25418U 98046F   22269.12686855  .00000598  00000-0  26412-3 0  9449\
2 25418  44.9977 198.8292 0004751 345.4417  29.2925 14.33674795261429
1 25418U 98046F   22269.12686855  .00000598  00000-0  26412-3 0    13\
2 25418  44.9977 198.8292 0004751 345.4417  29.2925 14.33674795261249
1 25418U 98046F   22269.75821124  .00000612  00000-0  26880-3 0    18\
2 25418  44.9977 195.8566 0004705 348.5962  47.7936 14.33675803261336
1 25418U 98046F   22270.55058654  .00000678  00000-0  29262-3 0  9454\
2 25418  44.9978 192.1258 0004641 352.7025 177.2791 14.33677566261629
1 25418U 98046F   22270.73313490  .00000678  00000-0  29270-3 0    18\
2 25418  44.9978 191.2663 0004624 353.6069  39.4613 14.33677862261472
1 25418U 98046F   22271.52615464  .00000705  00000-0  30227-3 0    17\
2 25418  44.9980 187.5327 0004563 357.8953 172.0973 14.33679370261581
1 25418U 98046F   22272.00228185  .00000725  00000-0  30913-3 0  9463\
2 25418  44.9980 185.2909 0004519   0.2700 109.5094 14.33680367261837
1 25418U 98046F   22272.22117146  .00000798  00000-0  33521-3 0    11\
2 25418  44.9980 184.2604 0004509   1.4780 159.1365 14.33681075261680
1 25418U 98046F   22272.82626594  .00000823  00000-0  34444-3 0    13\
2 25418  44.9979 181.4114 0004456   4.6362  42.0442 14.33682375261775
1 25418U 98046F   22273.19620104  .00000859  00000-0  35730-3 0  9472\
2 25418  44.9980 179.6697 0004419   6.4173 151.4383 14.33683200262005
1 25418U 98046F   22273.47729766  .00000868  00000-0  36041-3 0    14\
2 25418  44.9980 178.3462 0004404   8.0316 162.0399 14.33683832261861
1 25418U 98046F   22273.80143124  .00000920  00000-0  37903-3 0    16\
2 25418  44.9980 176.8200 0004369   9.7056  34.9231 14.33684809261916
1 25418U 98046F   22274.45283532  .00000899  00000-0  37150-3 0  9485\
2 25418  44.9980 173.7531 0004325  13.2677 156.6804 14.33685930262184
1 25418U 98046F   22274.45283532  .00000899  00000-0  37150-3 0    15\
2 25418  44.9980 173.7531 0004325  13.2677 156.6804 14.33685930262005
1 25418U 98046F   22274.77655152  .00000930  00000-0  38231-3 0    18\
2 25418  44.9980 172.2289 0004294  15.0451  27.3052 14.33686735262052
1 25418U 98046F   22275.42843541  .00000886  00000-0  36689-3 0    17\
2 25418  44.9980 169.1597 0004254  18.5712 151.5820 14.33687765262140
1 25418U 98046F   22275.75166032  .00000950  00000-0  38968-3 0  9491\
2 25418  44.9979 167.6378 0004226  20.4132  19.6072 14.33688801262375
1 25418U 98046F   22275.75166032  .00000950  00000-0  38968-3 0    10\
2 25418  44.9979 167.6378 0004226  20.4132  19.6072 14.33688801262195
1 25418U 98046F   22276.40418913  .00001088  00000-0  43892-3 0    16\
2 25418  44.9978 164.5655 0004183  24.1025 147.0600 14.33690970262285
1 25418U 98046F   22276.72673439  .00001065  00000-0  43063-3 0    12\
2 25418  44.9977 163.0468 0004156  25.9886  11.5311 14.33691501262335
1 25418U 98046F   22277.09638934  .00001112  00000-0  44733-3 0  9505\
2 25418  44.9977 161.3064 0004132  28.1726 119.0890 14.33692643262569
1 25418U 98046F   22277.44932271  .00001172  00000-0  46889-3 0    12\
2 25418  44.9977 159.6446 0004107  30.1752 140.4399 14.33693762262438
1 25418U 98046F   22278.42482909  .00001125  00000-0  45189-3 0  9513\
2 25418  44.9975 155.0514 0004043  35.8847 134.4780 14.33695795262758
1 25418U 98046F   22278.42482909  .00001125  00000-0  45189-3 0    19\
2 25418  44.9975 155.0514 0004043  35.8847 134.4780 14.33695795262578
1 25418U 98046F   22279.40025199  .00001265  00000-0  50187-3 0    11\
2 25418  44.9975 150.4585 0003977  41.5745 128.1141 14.33698965262710
1 25418U 98046F   22280.09526264  .00001194  00000-0  47666-3 0  9521\
2 25418  44.9975 147.1860 0003938  45.7905 114.5365 14.33700397262990
1 25418U 98046F   22280.37698986  .00001315  00000-0  51973-3 0    19\
2 25418  44.9975 145.8595 0003919  47.4631 128.3561 14.33701872262859
1 25418U 98046F   22280.90323801  .00001232  00000-0  49011-3 0    17\
2 25418  44.9974 143.3816 0003889  50.7453 323.8378 14.33702797262936
1 25418U 98046F   22281.35130781  .00001148  00000-0  46012-3 0  9530\
2 25418  44.9975 141.2718 0003872  53.4997 115.9561 14.33703580263172
1 25418U 98046F   22281.35130781  .00001148  00000-0  46012-3 0    14\
2 25418  44.9975 141.2718 0003872  53.4997 115.9561 14.33703580262991
1 25418U 98046F   22281.87878016  .00001348  00000-0  53152-3 0    16\
2 25418  44.9975 138.7882 0003847  56.8571 317.6949 14.33706181263072
1 25418U 98046F   22282.04543801  .00001347  00000-0  53119-3 0    19\
2 25418  44.9975 138.0035 0003840  57.8403  97.7216 14.33706657263096
1 25418U 98046F   22282.85411149  .00001321  00000-0  52172-3 0  9544\
2 25418  44.9975 134.1957 0003807  62.9835 310.4597 14.33708924263394
1 25418U 98046F   22282.85411149  .00001321  00000-0  52172-3 0    17\
2 25418  44.9975 134.1957 0003807  62.9835 310.4597 14.33708924263215
1 25418U 98046F   22283.30222219  .00001294  00000-0  51215-3 0    12\
2 25418  44.9975 132.0858 0003793  65.7069 102.8294 14.33710025263274
1 25418U 98046F   22283.92224106  .00001325  00000-0  52339-3 0    10\
2 25418  44.9976 129.1663 0003770  69.4188  62.3547 14.33712170263368
1 25418U 98046F   22283.99534102  .00001326  00000-0  52379-3 0  9550\
2 25418  44.9975 128.8221 0003770  69.8339  79.6004 14.33712418263550
1 25418U 98046F   22284.27814799  .00001346  00000-0  53067-3 0    14\
2 25418  44.9975 127.4904 0003766  71.8551  98.6624 14.33713470263410
1 25418U 98046F   22284.60074994  .00001313  00000-0  51905-3 0    19\
2 25418  44.9975 125.9714 0003758  74.0781 323.1169 14.33714244263468
1 25418U 98046F   22285.32329317  .00001297  00000-0  51332-3 0  9565\
2 25418  44.9974 122.5693 0003746  78.7895  91.3298 14.33716470263741
1 25418U 98046F   22285.57580536  .00001264  00000-0  50145-3 0    10\
2 25418  44.9974 121.3802 0003739  80.4769 314.2136 14.33717037263605
1 25418U 98046F   22286.29874748  .00001157  00000-0  46326-3 0    18\
2 25418  44.9975 117.9761 0003733  85.0659  84.6148 14.33718653263701
1 25418U 98046F   22286.82616015  .00001073  00000-0  43329-3 0  9575\
2 25418  44.9976 115.4927 0003730  88.4404 286.0554 14.33719788263968
1 25418U 98046F   22286.82616015  .00001073  00000-0  43329-3 0    15\
2 25418  44.9976 115.4927 0003730  88.4404 286.0554 14.33719788263788
1 25418U 98046F   22287.52954709  .00001117  00000-0  44882-3 0    12\
2 25418  44.9975 112.1805 0003723  92.8809 315.5865 14.33722167263885
1 25418U 98046F   22287.89571493  .00001087  00000-0  43829-3 0    13\
2 25418  44.9975 110.4563 0003730  95.2290  45.0066 14.33723134263935
1 25418U 98046F   22288.03777708  .00001080  00000-0  43588-3 0  9583\
2 25418  44.9975 109.7874 0003732  96.1211  58.0641 14.33723529264130
1 25418U 98046F   22288.57434644  .00001029  00000-0  41742-3 0    13\
2 25418  44.9975 107.2607 0003734  99.7300 306.5864 14.33724732264031
1 25418U 98046F   22288.77762352  .00000988  00000-0  40280-3 0    14\
2 25418  44.9976 106.3035 0003737 101.1529 275.3754 14.33725123264060
1 25418U 98046F   22289.47591904  .00000961  00000-0  39341-3 0  9594\
2 25418  44.9976 103.0153 0003744 105.5970 278.6093 14.33726788264342
1 25418U 98046F   22289.47591904  .00000961  00000-0  39341-3 0    12\
2 25418  44.9976 103.0153 0003744 105.5970 278.6093 14.33726788264162
1 25418U 98046F   22289.75400755  .00000953  00000-0  39024-3 0    15\
2 25418  44.9976 101.7059 0003752 107.4527 273.4734 14.33727486264206
1 25418U 98046F   22290.52463091  .00000918  00000-0  37774-3 0  9609\
2 25418  44.9977  98.0771 0003774 112.4005 289.8858 14.33729206264498
1 25418U 98046F   22290.52463091  .00000918  00000-0  37774-3 0    15\
2 25418  44.9977  98.0771 0003774 112.4005 289.8858 14.33729206264319
1 25418U 98046F   22291.49958184  .00000916  00000-0  37704-3 0    15\
2 25418  44.9977  93.4861 0003799 118.6468 280.6478 14.33731555264458
1 25418U 98046F   22291.79626235  .00000922  00000-0  37945-3 0  9616\
2 25418  44.9978  92.0891 0003811 120.4933  11.5800 14.33732324264679
1 25418U 98046F   22291.79626235  .00000922  00000-0  37945-3 0    11\
2 25418  44.9978  92.0891 0003811 120.4933  11.5800 14.33732324264499
1 25418U 98046F   22292.47462499  .00000877  00000-0  36338-3 0    11\
2 25418  44.9978  88.8948 0003837 124.6692 272.1172 14.33733643264594
1 25418U 98046F   22292.74932788  .00000877  00000-0  36325-3 0    10\
2 25418  44.9979  87.6013 0003847 126.4294 249.5920 14.33734318264638
1 25418U 98046F   22293.82130192  .00000813  00000-0  34047-3 0  9624\
2 25418  44.9981  82.5535 0003899 133.0247  21.2871 14.33736522264968
1 25418U 98046F   22293.89345116  .00000809  00000-0  33894-3 0    13\
2 25418  44.9980  82.2137 0003903 133.3936  33.6732 14.33736664264797
1 25418U 98046F   22294.42409431  .00000767  00000-0  32411-3 0    11\
2 25418  44.9982  79.7150 0003932 136.9772 251.6281 14.33737579264870
1 25418U 98046F   22294.64910178  .00000732  00000-0  31142-3 0    12\
2 25418  44.9983  78.6555 0003946 138.2113 332.8832 14.33737872264901
1 25418U 98046F   22295.14999991  .00000782  00000-0  32945-3 0  9632\
2 25418  44.9984  76.2970 0003970 141.1025  37.8574 14.33739213265153
1 25418U 98046F   22295.40339919  .00000778  00000-0  32775-3 0    18\
2 25418  44.9984  75.1037 0003986 142.7494 265.3860 14.33739703265014
1 25418U 98046F   22295.76963557  .00000782  00000-0  32926-3 0    11\
2 25418  44.9985  73.3793 0004007 144.7219 355.5586 14.33740564265065
1 25418U 98046F   22296.37496780  .00000816  00000-0  34147-3 0  9641\
2 25418  44.9986  70.5289 0004039 148.3922 239.3135 14.33742041265332
1 25418U 98046F   22296.52581662  .00000779  00000-0  32816-3 0    13\
2 25418  44.9987  69.8185 0004053 149.2571 297.8031 14.33742140265171
1 25418U 98046F   22296.65166999  .00000783  00000-0  32969-3 0    13\
2 25418  44.9987  69.2260 0004062 150.0795 227.1979 14.33742441265190
1 25418U 98046F   22297.42304902  .00000806  00000-0  33795-3 0  9650\
2 25418  44.9988  65.5937 0004113 154.4996 248.0827 14.33744166265481
1 25418U 98046F   22297.42304902  .00000806  00000-0  33795-3 0    11\
2 25418  44.9988  65.5937 0004113 154.4996 248.0827 14.33744166265302
1 25418U 98046F   22297.62676934  .00000758  00000-0  32056-3 0    15\
2 25418  44.9988  64.6344 0004132 155.7298 219.3671 14.33744289265331
1 25418U 98046F   22298.47587875  .00000687  00000-0  29534-3 0    12\
2 25418  44.9989  60.6361 0004191 160.5069 281.4904 14.33745515265457
1 25418U 98046F   22298.62263016  .00000682  00000-0  29347-3 0  9664\
2 25418  44.9990  59.9451 0004202 161.2872 318.8976 14.33745749265658
1 25418U 98046F   22298.62263016  .00000682  00000-0  29347-3 0    14\
2 25418  44.9990  59.9451 0004202 161.2872 318.8976 14.33745749265478
1 25418U 98046F   22299.52428564  .00000692  00000-0  29715-3 0    15\
2 25418  44.9991  55.6994 0004265 166.4991 292.0706 14.33747513265602
1 25418U 98046F   22299.64716113  .00000688  00000-0  29586-3 0  9670\
2 25418  44.9991  55.1208 0004274 167.1374 206.2663 14.33747714265802
1 25418U 98046F   22299.64716113  .00000688  00000-0  29586-3 0    19\
2 25418  44.9991  55.1208 0004274 167.1374 206.2663 14.33747714265622
1 25418U 98046F   22300.49930887  .00000765  00000-0  32311-3 0    17\
2 25418  44.9994  51.1082 0004334 171.6877 284.3270 14.33749810265749
1 25418U 98046F   22300.62300818  .00000771  00000-0  32525-3 0    11\
2 25418  44.9994  50.5259 0004335 172.5099 202.5965 14.33750112265767
1 25418U 98046F   22301.47452657  .00000852  00000-0  35400-3 0  9681\
2 25418  44.9995  46.5163 0004405 177.3977 277.0737 14.33752235266069
1 25418U 98046F   22301.47452657  .00000852  00000-0  35400-3 0    19\
2 25418  44.9995  46.5163 0004405 177.3977 277.0737 14.33752235265888
1 25418U 98046F   22302.30201282  .00000941  00000-0  38595-3 0    15\
2 25418  44.9997  42.6200 0004456 181.8468 227.8348 14.33754505266008
1 25418U 98046F   22302.66787303  .00000872  00000-0  36120-3 0  9695\
2 25418  44.9997  40.8972 0004488 183.5787 316.3233 14.33754979266239
1 25418U 98046F   22302.66787303  .00000872  00000-0  36120-3 0    12\
2 25418  44.9997  40.8972 0004488 183.5787 316.3233 14.33754979266059
1 25418U 98046F   22303.49800196  .00001045  00000-0  42300-3 0    10\
2 25418  44.9999  36.9883 0004551 187.8276 280.9465 14.33757763266179
1 25418U 98046F   22303.64345390  .00001051  00000-0  42493-3 0    17\
2 25418  44.9998  36.3034 0004552 188.5039 311.7501 14.33758114266193
1 25418U 98046F   22304.47326306  .00001089  00000-0  43841-3 0    14\
2 25418  45.0000  32.3961 0004608 192.6974 274.7846 14.33760294266316
1 25418U 98046F   22304.54618185  .00001089  00000-0  43861-3 0  9708\
2 25418  45.0001  32.0528 0004620 193.0564 291.1625 14.33760472266504
1 25418U 98046F   22304.54618185  .00001089  00000-0  43861-3 0    13\
2 25418  45.0001  32.0528 0004620 193.0564 291.1625 14.33760472266324
1 25418U 98046F   22305.66697620  .00001142  00000-0  45741-3 0  9713\
2 25418  45.0000  26.7753 0004701 198.6415 316.1997 14.33763590266660
1 25418U 98046F   22305.50008531  .00001140  00000-0  45670-3 0    16\
2 25418  45.0001  27.5612 0004690 197.8670 174.7259 14.33763160266465
1 25418U 98046F   22305.66697620  .00001142  00000-0  45741-3 0    17\
2 25418  45.0000  26.7753 0004701 198.6415 316.1997 14.33763590266480
1 25418U 98046F   22306.47569093  .00001155  00000-0  46218-3 0    13\
2 25418  45.0001  22.9672 0004759 202.6693 170.4317 14.33765780266600
1 25418U 98046F   22307.17348094  .00001201  00000-0  47847-3 0  9725\
2 25418  45.0001  19.6815 0004808 205.9360 172.3334 14.33767923266885
1 25418U 98046F   22307.52120663  .00001218  00000-0  48462-3 0    19\
2 25418  45.0001  18.0442 0004828 207.7002 167.1144 14.33769022266758
1 25418U 98046F   22308.37296899  .00001348  00000-0  53086-3 0  9738\
2 25418  45.0000  14.0334 0004886 211.7878 243.7146 14.33772328267053
1 25418U 98046F   22308.49695935  .00001352  00000-0  53206-3 0    16\
2 25418  45.0000  13.4496 0004891 212.3812 163.7255 14.33772677266896
1 25418U 98046F   22309.47228399  .00001252  00000-0  49665-3 0    14\
2 25418  45.0000   8.8569 0004955 217.0788 158.1168 14.33775050267036
1 25418U 98046F   22309.92001006  .00001210  00000-0  48152-3 0    12\
2 25418  45.0000   6.7486 0004982 219.2402 309.1708 14.33776244267098
1 25418U 98046F   22310.39649514  .00001162  00000-0  46442-3 0    13\
2 25418  44.9999   4.5047 0005018 221.4244 248.7884 14.33777362267165
1 25418U 98046F   22311.14714800  .00001063  00000-0  42916-3 0  9750\
2 25418  45.0000   0.9700 0005065 224.8645 163.6679 14.33779089267457
1 25418U 98046F   22311.51719078  .00001186  00000-0  47282-3 0    10\
2 25418  44.9999 359.2275 0005079 226.6501 273.7478 14.33780966267327
1 25418U 98046F   22312.39855928  .00001076  00000-0  43362-3 0  9766\
2 25418  44.9999 355.0771 0005134 230.7083 143.3778 14.33783136267636
1 25418U 98046F   22313.54042237  .00001293  00000-0  51100-3 0    14\
2 25418  44.9997 349.7000 0005175 235.8263 277.8397 14.33788094267616
1 25418U 98046F   22313.82220957  .00001278  00000-0  50575-3 0  9772\
2 25418  44.9998 348.3732 0005184 237.1655 292.3913 14.33788935267838
1 25418U 98046F   22313.82220957  .00001278  00000-0  50575-3 0    10\
2 25418  44.9998 348.3732 0005184 237.1655 292.3913 14.33788935267658
1 25418U 98046F   22314.44336442  .00001151  00000-0  46027-3 0    13\
2 25418  44.9998 345.4482 0005208 239.8399 258.9949 14.33790004267746
1 25418U 98046F   22314.79754222  .00001118  00000-0  44862-3 0    19\
2 25418  44.9998 343.7803 0005223 241.3189 287.4245 14.33790855267791
1 25418U 98046F   22315.11871625  .00001104  00000-0  44356-3 0  9789\
2 25418  44.9997 342.2679 0005237 242.8113 145.3234 14.33791715268026
1 25418U 98046F   22315.49144319  .00001055  00000-0  42632-3 0    10\
2 25418  44.9996 340.5126 0005239 244.4243 269.4586 14.33792546267892
1 25418U 98046F   22315.84270230  .00001033  00000-0  41814-3 0    18\
2 25418  44.9996 338.8585 0005252 246.0493 282.6660 14.33793440267941
1 25418U 98046F   22316.24649352  .00001045  00000-0  42249-3 0  9798\
2 25418  44.9996 336.9571 0005264 247.8601 207.1045 14.33794684268185
1 25418U 98046F   22316.53933395  .00000999  00000-0  40617-3 0    13\
2 25418  44.9995 335.5782 0005265 249.2172 278.7523 14.33795235268046
1 25418U 98046F   22316.82128472  .00000924  00000-0  37943-3 0    13\
2 25418  44.9996 334.2504 0005277 250.2821 294.4306 14.33795623268080
1 25418U 98046F   22317.51417507  .00000937  00000-0  38421-3 0  9802\
2 25418  44.9995 330.9876 0005284 253.6926 270.9508 14.33797625268363
1 25418U 98046F   22318.41532787  .00000883  00000-0  36487-3 0    14\
2 25418  44.9994 326.7438 0005300 257.6858 242.9145 14.33799622268316
1 25418U 98046F   22318.77062816  .00000874  00000-0  36161-3 0  9810\
2 25418  44.9993 325.0707 0005303 259.2521 277.0696 14.33800520268549
1 25418U 98046F   22318.77062816  .00000874  00000-0  36161-3 0    13\
2 25418  44.9993 325.0707 0005303 259.2521 277.0696 14.33800520268369
1 25418U 98046F   22319.39242767  .00000821  00000-0  34257-3 0    13\
2 25418  44.9993 322.1424 0005315 261.9516 247.0075 14.33801698268455
1 25418U 98046F   22320.07220448  .00000764  00000-0  32239-3 0  9824\
2 25418  44.9993 318.9411 0005325 264.9903 156.1574 14.33802829268730
1 25418U 98046F   22320.36613264  .00000786  00000-0  33038-3 0    12\
2 25418  44.9993 317.5570 0005317 266.2147 233.5673 14.33803592268599
1 25418U 98046F   22320.72051544  .00000774  00000-0  32594-3 0    12\
2 25418  44.9993 315.8882 0005312 267.7346 263.0328 14.33804315268643
1 25418U 98046F   22321.19497478  .00000788  00000-0  33088-3 0  9837\
2 25418  44.9992 313.6538 0005311 269.7353 192.4154 14.33805305268894
1 25418U 98046F   22321.19497478  .00000788  00000-0  33088-3 0    18\
2 25418  44.9992 313.6538 0005311 269.7353 192.4154 14.33805305268715
1 25418U 98046F   22322.22333580  .00000657  00000-0  28416-3 0  9840\
2 25418  44.9991 308.8109 0005308 274.0543 101.3232 14.33806643269049
1 25418U 98046F   22322.22333580  .00000657  00000-0  28416-3 0    10\
2 25418  44.9991 308.8109 0005308 274.0543 101.3232 14.33806643268868
1 25418U 98046F   22322.67137314  .00000738  00000-0  31302-3 0    14\
2 25418  44.9991 306.7010 0005301 276.0727 254.1784 14.33807917268926
1 25418U 98046F   22323.36366632  .00000766  00000-0  32317-3 0  9857\
2 25418  44.9991 303.4407 0005289 279.0826 228.0411 14.33809355269205
1 25418U 98046F   22323.36366632  .00000766  00000-0  32317-3 0    16\
2 25418  44.9991 303.4407 0005289 279.0826 228.0411 14.33809355269025
1 25418U 98046F   22323.71629767  .00000714  00000-0  30449-3 0    13\
2 25418  44.9991 301.7801 0005286 280.6172 248.4482 14.33809705269071
1 25418U 98046F   22324.33864588  .00000699  00000-0  29911-3 0    18\
2 25418  44.9990 298.8492 0005267 283.3749 221.1809 14.33810680269166
1 25418U 98046F   22325.02174074  .00000620  00000-0  27101-3 0  9864\
2 25418  44.9990 295.6323 0005253 286.2582 147.6531 14.33811570269440
1 25418U 98046F   22325.21934127  .00000702  00000-0  30041-3 0    14\
2 25418  44.9990 294.7018 0005241 287.3753  87.4817 14.33812366269295
1 25418U 98046F   22325.66932348  .00000667  00000-0  28796-3 0    10\
2 25418  44.9989 292.5827 0005232 289.3103 250.4773 14.33812991269352
1 25418U 98046F   22326.28881979  .00000625  00000-0  27289-3 0  9875\
2 25418  44.9988 289.6652 0005205 292.0358 208.5144 14.33813766269624
1 25418U 98046F   22326.28881979  .00000625  00000-0  27289-3 0    12\
2 25418  44.9988 289.6652 0005205 292.0358 208.5144 14.33813766269444
1 25418U 98046F   22326.64339792  .00000629  00000-0  27427-3 0    11\
2 25418  44.9988 287.9954 0005199 293.6621 238.8949 14.33814409269491
1 25418U 98046F   22327.33719772  .00000617  00000-0  26999-3 0  9882\
2 25418  44.9988 284.7283 0005170 296.7119 220.5191 14.33815578269772
1 25418U 98046F   22327.33719772  .00000617  00000-0  26999-3 0    18\
2 25418  44.9988 284.7283 0005170 296.7119 220.5191 14.33815578269592
1 25418U 98046F   22327.61847402  .00000623  00000-0  27212-3 0    17\
2 25418  44.9989 283.4037 0005161 298.0161 232.4936 14.33816122269638
1 25418U 98046F   22328.14384573  .00000579  00000-0  25637-3 0    10\
2 25418  44.9989 280.9295 0005131 300.3245  64.6391 14.33816723269719
1 25418U 98046F   22328.91834633  .00000585  00000-0  25862-3 0    19\
2 25418  44.9987 277.2821 0005099 303.7936 102.8083 14.33817952269828
1 25418U 98046F   22329.12109047  .00000591  00000-0  26076-3 0  9897\
2 25418  44.9987 276.3274 0005087 304.6709  69.4573 14.33818343270037
1 25418U 98046F   22329.56920593  .00000645  00000-0  27996-3 0    19\
2 25418  44.9987 274.2170 0005066 306.7460 222.6786 14.33819388269917
1 25418U 98046F   22330.16647971  .00000638  00000-0  27739-3 0  9907\
2 25418  44.9987 271.4042 0005026 309.4374  65.9468 14.33820278270180
1 25418U 98046F   22330.16647971  .00000638  00000-0  27739-3 0    10\
2 25418  44.9987 271.4042 0005026 309.4374  65.9468 14.33820278270001
1 25418U 98046F   22330.79379815  .00000600  00000-0  26389-3 0    17\
2 25418  44.9986 268.4498 0004992 312.2844  64.2938 14.33821005270098
1 25418U 98046F   22331.14202977  .00000597  00000-0  26299-3 0    16\
2 25418  44.9986 266.8099 0004968 313.8918  61.9116 14.33821560270143
1 25418U 98046F   22331.84545343  .00000587  00000-0  25920-3 0    19\
2 25418  44.9986 263.4971 0004925 317.1185  93.1005 14.33822649270245
1 25418U 98046F   22332.11722782  .00000581  00000-0  25713-3 0  9916\
2 25418  44.9987 262.2173 0004902 318.4028  56.0077 14.33823068270469
1 25418U 98046F   22332.56792497  .00000602  00000-0  26469-3 0    10\
2 25418  44.9986 260.0948 0004876 320.3682 222.6853 14.33823964270347
1 25418U 98046F   22333.11546171  .00000595  00000-0  26203-3 0    15\
2 25418  44.9986 257.5162 0004832 322.7064 169.3379 14.33824830270420
1 25418U 98046F   22333.79594696  .00000609  00000-0  26699-3 0  9928\
2 25418  44.9986 254.3116 0004785 325.7226  82.2277 14.33826035270704
1 25418U 98046F   22334.16224098  .00000577  00000-0  25558-3 0    14\
2 25418  44.9986 252.5867 0004760 327.6051 172.9008 14.33826482270577
1 25418U 98046F   22334.84007053  .00000559  00000-0  24924-3 0    15\
2 25418  44.9985 249.3945 0004709 330.5557  72.1394 14.33827516270673
1 25418U 98046F   22335.04333675  .00000551  00000-0  24660-3 0  9939\
2 25418  44.9985 248.4372 0004689 331.4786  41.4466 14.33827810270887
1 25418U 98046F   22335.49174554  .00000607  00000-0  26640-3 0    19\
2 25418  44.9985 246.3256 0004662 334.1446 195.6088 14.33828934270766
1 25418U 98046F   22335.81547455  .00000597  00000-0  26263-3 0    18\
2 25418  44.9983 244.8010 0004632 335.6598  66.7291 14.33829388270810
1 25418U 98046F   22336.46724088  .00000592  00000-0  26091-3 0  9944\
2 25418  44.9982 241.7317 0004580 338.9735 190.9488 14.33830460271087
1 25418U 98046F   22336.46724088  .00000592  00000-0  26091-3 0    13\
2 25418  44.9982 241.7317 0004580 338.9735 190.9488 14.33830460270907
1 25418U 98046F   22336.78808554  .00000588  00000-0  25974-3 0    13\
2 25418  44.9982 240.2206 0004551 340.4972  47.1598 14.33830944270954
1 25418U 98046F   22337.44258126  .00000582  00000-0  25728-3 0    12\
2 25418  44.9981 237.1383 0004502 343.7906 185.5051 14.33831951271044
1 25418U 98046F   22338.03949975  .00000560  00000-0  24948-3 0  9958\
2 25418  44.9980 234.3272 0004448 346.7969  26.6502 14.33832753271317
1 25418U 98046F   22338.03949975  .00000560  00000-0  24948-3 0    16\
2 25418  44.9980 234.3272 0004448 346.7969  26.6502 14.33832753271137
1 25418U 98046F   21197.75814920  .00000032  00000-0  62151-4 0    11\
2 25418  44.9995  92.4213 0004620 343.6123  56.9997 14.33195388198634
1 25418U 98046F   22339.46330612  .00000618  00000-0  27029-3 0  9966\
2 25418  44.9978 227.6218 0004337 353.9635 175.9991 14.33835363271518
1 25418U 98046F   22339.46330612  .00000618  00000-0  27029-3 0    13\
2 25418  44.9978 227.6218 0004337 353.9635 175.9991 14.33835363271338
1 25418U 98046F   22340.43875399  .00000642  00000-0  27865-3 0    13\
2 25418  44.9977 223.0279 0004261 359.0538 170.8542 14.33837065271471
1 25418U 98046F   22341.06022310  .00000605  00000-0  26549-3 0  9971\
2 25418  44.9975 220.1011 0004207   2.3180 138.6010 14.33837906271748
1 25418U 98046F   22341.41414060  .00000668  00000-0  28820-3 0    16\
2 25418  44.9975 218.4343 0004181   4.1670 165.3765 14.33838850271610
1 25418U 98046F   22342.38960858  .00000753  00000-0  31813-3 0    15\
2 25418  44.9974 213.8402 0004095   9.2696 160.3384 14.33841093271752
1 25418U 98046F   22342.38960858  .00000753  00000-0  31813-3 0  9980\
2 25418  44.9974 213.8402 0004095   9.2696 160.3384 14.33841093271932
1 25418U 98046F   22343.00319299  .00000731  00000-0  31047-3 0    17\
2 25418  44.9974 210.9505 0004042  12.6147  87.2743 14.33842074271841
1 25418U 98046F   22343.68964080  .00000717  00000-0  30556-3 0  9999\
2 25418  44.9973 207.7176 0003985  16.3262  30.3193 14.33843268272128
1 25418U 98046F   22343.68964080  .00000717  00000-0  30556-3 0    13\
2 25418  44.9973 207.7176 0003985  16.3262  30.3193 14.33843268271947
1 25418U 98046F   22344.95307355  .00000733  00000-0  31113-3 0    07\
2 25418  44.9972 201.7674 0003891  23.4304  71.1601 14.33845643272302
1 25418U 98046F   22345.63441404  .00000713  00000-0  30410-3 0    15\
2 25418  44.9971 198.5585 0003840  27.3615 347.6057 14.33846823272225
1 25418U 98046F   22346.14803767  .00000718  00000-0  30575-3 0    13\
2 25418  44.9971 196.1397 0003811  30.4047 118.3748 14.33847801272476
1 25418U 98046F   22346.54437818  .00000686  00000-0  29426-3 0    14\
2 25418  44.9971 194.2730 0003778  32.6515   3.9584 14.33848376272354
1 25418U 98046F   22346.88842983  .00000670  00000-0  28869-3 0    17\
2 25418  44.9970 192.6527 0003754  34.8014 339.4708 14.33848927272404
1 25418U 98046F   22347.33666557  .00000726  00000-0  30856-3 0    21\
2 25418  44.9969 190.5416 0003726  37.3378 132.9023 14.33850117272642
1 25418U 98046F   22347.58799543  .00000678  00000-0  29145-3 0    14\
2 25418  44.9969 189.3579 0003704  38.8734 349.9505 14.33850288272505
1 25418U 98046F   22348.56343633  .00000700  00000-0  29954-3 0    12\
2 25418  44.9968 184.7639 0003640  44.7590 344.0286 14.33852237272648
1 25418U 98046F   22348.83935690  .00000694  00000-0  29727-3 0    34\
2 25418  44.9968 183.4644 0003623  46.5210 327.9099 14.33852728272861
1 25418U 98046F   22348.83935690  .00000694  00000-0  29727-3 0    12\
2 25418  44.9968 183.4644 0003623  46.5210 327.9099 14.33852728272681
1 25418U 98046F   22349.53882069  .00000765  00000-0  32261-3 0    17\
2 25418  44.9967 180.1700 0003581  50.7177 337.7482 14.33854406272780
1 25418U 98046F   22349.90838955  .00000726  00000-0  30857-3 0    19\
2 25418  44.9967 178.4295 0003562  53.0989  84.8799 14.33854836272839
1 25418U 98046F   22349.98195949  .00000726  00000-0  30857-3 0  9992\
2 25418  44.9967 178.0829 0003559  53.5494 104.5557 14.33854971273024
1 25418U 98046F   22350.58708693  .00000752  00000-0  31769-3 0    12\
2 25418  44.9967 175.2328 0003520  57.2594 347.4622 14.33856229272935
1 25418U 98046F   22349.98195949  .00000726  00000-0  30857-3 0    49\
2 25418  44.9967 178.0829 0003559  53.5494 104.5557 14.33854971273024
1 25418U 98046F   22350.88341031  .00000771  00000-0  32478-3 0    13\
2 25418  44.9967 173.8372 0003504  59.2091  76.5797 14.33856945272976
1 25418U 98046F   22351.56205897  .00000807  00000-0  33731-3 0    11\
2 25418  44.9967 170.6408 0003469  63.5419 338.7430 14.33858420273072
1 25418U 98046F   22351.23835657  .00000791  00000-0  33157-3 0    56\
2 25418  44.9967 172.1655 0003488  61.3868 108.3665 14.33857740273208
1 25418U 98046F   22351.76571618  .00000818  00000-0  34122-3 0    17\
2 25418  44.9967 169.6816 0003455  64.9481 309.6105 14.33858906273101
1 25418U 98046F   22352.46368000  .00000857  00000-0  35537-3 0    63\
2 25418  44.9968 166.3943 0003426  69.2537 311.6041 14.33860410273380
1 25418U 98046F   22352.53467722  .00000854  00000-0  35411-3 0    15\
2 25418  44.9968 166.0599 0003425  69.6285 318.0645 14.33860562273218
1 25418U 98046F   22352.74119997  .00000853  00000-0  35377-3 0    16\
2 25418  44.9968 165.0872 0003419  71.0477 303.7259 14.33860978273240
1 25418U 98046F   22352.97378280  .00000832  00000-0  34634-3 0    15\
2 25418  44.9968 163.9918 0003417  72.4281  64.0757 14.33861317273275
1 25418U 98046F   22353.88162583  .00000900  00000-0  37062-3 0    73\
2 25418  44.9969 159.7160 0003393  77.9654  69.2728 14.33863733273588
1 25418U 98046F   22354.48668619  .00000966  00000-0  39401-3 0    16\
2 25418  44.9970 156.8662 0003364  82.2672 311.2608 14.33865458273495
1 25418U 98046F   22355.20988191  .00000933  00000-0  38228-3 0    84\
2 25418  44.9972 153.4601 0003353  86.6594  83.5576 14.33867063273770
1 25418U 98046F   22355.53115481  .00000920  00000-0  37764-3 0    17\
2 25418  44.9972 151.9469 0003344  88.8750 301.3317 14.33867739273643
1 25418U 98046F   22356.18523794  .00000883  00000-0  36429-3 0    14\
2 25418  44.9973 148.8663 0003336  93.0430  76.7582 14.33869079273735
1 25418U 98046F   22356.87389286  .00000913  00000-0  37512-3 0    92\
2 25418  44.9974 145.6229 0003330  97.5376  30.4931 14.33870933274019
1 25418U 98046F   22356.87389286  .00000913  00000-0  37512-3 0    14\
2 25418  44.9974 145.6229 0003330  97.5376  30.4931 14.33870933273838
1 25418U 98046F   22357.41183934  .00000832  00000-0  34608-3 0    10\
2 25418  44.9975 143.0891 0003328 101.0613 286.5011 14.33871751273919
1 25418U 98046F   22357.63620301  .00000788  00000-0  33042-3 0    19\
2 25418  44.9975 142.0324 0003335 102.4878   4.3467 14.33872046273947
1 25418U 98046F   22358.13606286  .00000855  00000-0  35439-3 0   108\
2 25418  44.9976 139.6782 0003334 105.5201  64.0590 14.33873608274194
1 25418U 98046F   22358.45983568  .00000825  00000-0  34377-3 0    11\
2 25418  44.9975 138.1532 0003326 107.8315 294.6620 14.33874159274065
1 25418U 98046F   22358.66337814  .00000807  00000-0  33725-3 0    17\
2 25418  44.9976 137.1946 0003313 109.4111 264.7749 14.33874566274097
1 25418U 98046F   22359.36179164  .00000777  00000-0  32664-3 0   115\
2 25418  44.9977 133.9051 0003328 113.7554 269.0941 14.33875911274372
1 25418U 98046F   22359.36179164  .00000777  00000-0  32664-3 0    14\
2 25418  44.9977 133.9051 0003328 113.7554 269.0941 14.33875911274192
1 25418U 98046F   22359.63890383  .00000740  00000-0  31361-3 0    10\
2 25418  44.9977 132.6000 0003323 115.7187 258.9552 14.33876326274232
1 25418U 98046F   22360.41009983  .00000819  00000-0  34141-3 0   124\
2 25418  44.9978 128.9676 0003352 120.4323 278.9740 14.33878323274529
1 25418U 98046F   22360.41009983  .00000819  00000-0  34141-3 0    12\
2 25418  44.9978 128.9676 0003352 120.4323 278.9740 14.33878323274349
1 25418U 98046F   22360.77971721  .00000799  00000-0  33459-3 0    17\
2 25418  44.9979 127.2268 0003356 122.7523  26.4514 14.33879032274398
1 25418U 98046F   22361.38487698  .00000808  00000-0  33762-3 0    18\
2 25418  44.9980 124.3765 0003375 126.5927 269.4489 14.33880428274482
1 25418U 98046F   22361.75464699  .00000902  00000-0  37091-3 0   132\
2 25418  44.9980 122.6350 0003364 129.0716  17.5616 14.33881904274715
1 25418U 98046F   22361.75464699  .00000902  00000-0  37091-3 0    19\
2 25418  44.9980 122.6350 0003364 129.0716  17.5616 14.33881904274535
1 25418U 98046F   22363.33433550  .00000905  00000-0  37216-3 0   143\
2 25418  44.9983 115.1948 0003419 138.9667 249.8741 14.33885404274946
1 25418U 98046F   22363.33433550  .00000905  00000-0  37216-3 0    19\
2 25418  44.9983 115.1948 0003419 138.9667 249.8741 14.33885404274766
1 25418U 98046F   22364.46087807  .00001036  00000-0  41874-3 0   150\
2 25418  44.9985 109.8890 0003478 145.7315 303.9444 14.33889107275100
1 25418U 98046F   22364.58570608  .00001006  00000-0  40798-3 0    15\
2 25418  44.9985 109.3010 0003491 146.2821 228.3787 14.33889221274940
1 25418U 98046F   22365.56109141  .00001081  00000-0  43462-3 0    18\
2 25418  44.9987 104.7072 0003535 152.1585 222.3198 14.33892257275080
1 25418U 98046F   22365.72795993  .00001076  00000-0  43299-3 0    14
2 25418  44.9987 103.9212 0003542 153.0022   3.6867 14.33892670275106
1 25418U 98046F   23001.53616051  .00001055  00000-0  42545-3 0    18
2 25418  44.9988 100.1148 0003584 157.6153 215.0555 14.33894777275221
1 25418U 98046F   23002.10540594  .00001079  00000-0  43394-3 0   176
2 25418  44.9989  97.4337 0003614 160.7754 273.1968 14.33896445275481
1 25418U 98046F   23002.51194979  .00001117  00000-0  44756-3 0    12
2 25418  44.9989  95.5189 0003646 163.0623 211.5317 14.33897766275369
1 25418U 98046F   23003.55721605  .00001049  00000-0  42315-3 0   180
2 25418  44.9990  90.5959 0003703 168.8567 206.6563 14.33900049275698
1 25418U 98046F   23004.61519090  .00001165  00000-0  46440-3 0    15
2 25418  44.9990  85.6129 0003762 174.6932 267.4210 14.33903717275664
1 25418U 98046F   23004.61519090  .00001165  00000-0  46440-3 0   194
2 25418  44.9990  85.6129 0003762 174.6932 267.4210 14.33903717275844
1 25418U 98046F   23005.60439090  .00001054  00000-0  42488-3 0    11
2 25418  44.9991  80.9538 0003819 179.8514 333.5069 14.33905789275807
1 25418U 98046F   23006.48327925  .00001106  00000-0  44333-3 0   201
2 25418  44.9993  76.8142 0003871 184.4623 190.1651 14.33908559276112
1 25418U 98046F   23006.58060356  .00001045  00000-0  42151-3 0    11
2 25418  44.9993  76.3558 0003874 184.9659 332.5413 14.33908431275942
1 25418U 98046F   23007.18262150  .00001074  00000-0  43191-3 0    11
2 25418  44.9994  73.5203 0003909 188.0430 200.1316 14.33910259276034
1 25418U 98046F   23007.62602657  .00001189  00000-0  47293-3 0   216
2 25418  44.9994  71.4319 0003932 190.2093 329.0716 14.33912083276273
1 25418U 98046F   23007.90674465  .00001174  00000-0  46746-3 0    17
2 25418  44.9995  70.1097 0003949 191.6797 338.0927 14.33912762276130
1 25418U 98046F   23008.52798885  .00001143  00000-0  45639-3 0    15
2 25418  44.9995  67.1837 0004000 194.7892 305.0031 14.33914334276224
1 25418U 98046F   23009.00144462  .00001240  00000-0  49096-3 0   227
2 25418  44.9996  64.9538 0004026 197.1865 228.9947 14.33916282276473
1 25418U 98046F   23009.40940936  .00001219  00000-0  48358-3 0    14
2 25418  44.9996  63.0322 0004056 199.0745 175.0975 14.33917279276352
1 25418U 98046F   23010.18215037  .00001230  00000-0  48736-3 0   235
2 25418  44.9996  59.3926 0004097 203.0927 203.9089 14.33919565276642
1 25418U 98046F   23010.54830789  .00001205  00000-0  47845-3 0    10
2 25418  44.9996  57.6679 0004129 204.1075 294.8697 14.33920559276515
1 25418U 98046F   23010.83308205  .00001186  00000-0  47152-3 0    14
2 25418  44.9996  56.3266 0004153 205.4419 324.9942 14.33921289276559
1 25418U 98046F   23011.43005962  .00001393  00000-0  54512-3 0   248
2 25418  44.9996  53.5148 0004167 208.6090 166.4810 14.33924303276825
1 25418U 98046F   23011.43005962  .00001393  00000-0  54512-3 0    13
2 25418  44.9996  53.5148 0004167 208.6090 166.4810 14.33924303276645
1 25418U 98046F   23011.87792966  .00001462  00000-0  56974-3 0    19
2 25418  44.9996  51.4053 0004197 210.6715 318.6179 14.33926081276708
1 25418U 98046F   23012.85358032  .00001388  00000-0  54323-3 0   260
2 25418  44.9996  46.8098 0004250 215.1309 315.4758 14.33928992277021
1 25418U 98046F   23012.85358032  .00001388  00000-0  54323-3 0    13
2 25418  44.9996  46.8098 0004250 215.1309 315.4758 14.33928992276840
1 25418U 98046F   23012.97399567  .00001570  00000-0  60803-3 0    17
2 25418  44.9996  46.2426 0004254 215.7504 217.0600 14.33930404276862
1 25418U 98046F   23013.82882249  .00001575  00000-0  60964-3 0    19
2 25418  44.9996  42.2162 0004295 219.6056 310.2231 14.33933589276981
1 25418U 98046F   23014.08020664  .00001752  00000-0  67257-3 0   270
2 25418  44.9996  41.0321 0004294 221.0007 167.7728 14.33935654277204
1 25418U 98046F   23014.45106466  .00001820  00000-0  69678-3 0    13
2 25418  44.9996  39.2853 0004303 222.7217 282.3380 14.33937586277074
1 25418U 98046F   23015.12571295  .00001863  00000-0  71189-3 0   280
2 25418  44.9996  36.1074 0004336 225.7284 165.3568 14.33940615277354
1 25418U 98046F   23015.33152381  .00001954  00000-0  74422-3 0    19
2 25418  44.9996  35.1381 0004345 226.5741 147.9735 14.33941984277207
1 25418U 98046F   23016.47346981  .00002569  00000-0  96252-3 0   294
2 25418  44.9990  29.7592 0004417 231.8477 283.3579 14.33949287277541
1 25418U 98046F   23016.47346981  .00002569  00000-0  96252-3 0    14
2 25418  44.9990  29.7592 0004417 231.8477 283.3579 14.33949287277361
1 25418U 98046F   23016.75494649  .00002333  00000-0  87862-3 0    16
2 25418  44.9991  28.4333 0004433 233.2658 296.3864 14.33949759277406
1 25418U 98046F   23017.37515737  .00002178  00000-0  82357-3 0    18
2 25418  44.9991  25.5121 0004450 235.6527 258.7605 14.33952100277497
1 25418U 98046F   23017.73036146  .00002319  00000-0  87358-3 0   305
2 25418  44.9991  23.8389 0004461 237.1214 292.7120 14.33954410277728
1 25418U 98046F   23017.73036146  .00002319  00000-0  87358-3 0    13
2 25418  44.9991  23.8389 0004461 237.1214 292.7120 14.33954410277548
1 25418U 98046F   23018.42316991  .00002563  00000-0  96038-3 0    15
2 25418  44.9993  20.5756 0004490 239.7949 269.9429 14.33958741277647
1 25418U 98046F   23018.70585377  .00002520  00000-0  94483-3 0    17
2 25418  44.9993  19.2439 0004491 241.0346 289.4004 14.33960137277680
1 25418U 98046F   23019.39820095  .00002356  00000-0  88650-3 0   311
2 25418  44.9993  15.9826 0004505 243.7961 264.1707 14.33963030277967
1 25418U 98046F   23019.39820095  .00002356  00000-0  88650-3 0    18
2 25418  44.9993  15.9826 0004505 243.7961 264.1707 14.33963030277787
1 25418U 98046F   23020.37485032  .00002268  00000-0  85542-3 0    15
2 25418  44.9994  11.3821 0004526 247.7613 266.8160 14.33967882277921
1 25418U 98046F   23022.39627917  .00002279  00000-0  85906-3 0   330
2 25418  44.9995   1.8602 0004533 256.2050 263.6953 14.33978398278392
1 25418U 98046F   23023.65218771  .00002336  00000-0  87914-3 0   340
2 25418  44.9997 355.9443 0004525 261.4483 268.1410 14.33984820278574
1 25418U 98046F   23025.15482889  .00002350  00000-0  88399-3 0   355
2 25418  44.9997 348.8661 0004525 267.0563 107.2098 14.33992609278791
1 25418U 98046F   23025.60276456  .00002174  00000-0  82154-3 0    16
2 25418  44.9995 346.7561 0004522 269.0521 259.8620 14.33994244278677
1 25418U 98046F   23026.19998419  .00002037  00000-0  77306-3 0   360
2 25418  44.9996 343.9428 0004504 271.4705 103.5033 14.33996794278945
1 25418U 98046F   23026.19998419  .00002037  00000-0  77306-3 0    12
2 25418  44.9996 343.9428 0004504 271.4705 103.5033 14.33996794278765
1 25418U 98046F   23027.27040970  .00001596  00000-0  61637-3 0   370
2 25418  44.9992 338.9004 0004463 275.7351 230.5447 14.34000396279095
1 25418U 98046F   23027.27040970  .00001596  00000-0  61637-3 0    11
2 25418  44.9992 338.9004 0004463 275.7351 230.5447 14.34000396278915
1 25418U 98046F   23028.24526564  .00001357  00000-0  53150-3 0    13
2 25418  44.9991 334.3083 0004423 279.7533 224.0000 14.34003693279055
1 25418U 98046F   23028.92364306  .00001117  00000-0  44626-3 0    14
2 25418  44.9990 331.1126 0004407 282.4715 126.7358 14.34005283279154
1 25418U 98046F   23029.12598584  .00001089  00000-0  43642-3 0   389
2 25418  44.9990 330.1595 0004400 283.2697  91.5264 14.34005814279362
1 25418U 98046F   23020.72621281  .00002272  00000-0  85680-3 0   324
2 25418  44.9995   9.7270 0004542 249.0615 281.1047 14.33969736278156
1 25418U 98046F   23029.89853964  .00000953  00000-0  38831-3 0    12
2 25418  44.9990 326.5201 0004358 286.4001 120.5048 14.34007638279292
1 25418U 98046F   23030.26867174  .00001132  00000-0  45182-3 0   391
2 25418  44.9999 324.7767 0004348 288.4131 231.1159 14.34008064279525
1 25418U 98046F   23030.87357443  .00001029  00000-0  41531-3 0    19
2 25418  44.9998 321.9272 0004330 290.7277 114.5916 14.34009394279434
1 25418U 98046F   23031.24346340  .00001069  00000-0  42935-3 0    18
2 25418  44.9998 320.1848 0004306 292.3582 224.3381 14.34010772279487
1 25418U 98046F   23031.77525194  .00001030  00000-0  41561-3 0   407
2 25418  44.9997 317.6797 0004283 294.4858  90.1940 14.34012105279744
1 25418U 98046F   23031.77525194  .00001030  00000-0  41561-3 0    14
2 25418  44.9997 317.6797 0004283 294.4858  90.1940 14.34012105279564
1 25418U 98046F   23032.21815748  .00001006  00000-0  40689-3 0    14
2 25418  44.9996 315.5934 0004258 296.3119 217.0552 14.34013154279627
1 25418U 98046F   23033.02736365  .00000970  00000-0  39421-3 0   416
2 25418  44.9995 311.7815 0004210 299.6096  75.2862 14.34015074279924
1 25418U 98046F   23033.19361617  .00001078  00000-0  43247-3 0    15
2 25418  44.9994 310.9983 0004194 300.4317 213.5677 14.34016176279765
1 25418U 98046F   23034.16779117  .00000972  00000-0  39498-3 0   421
2 25418  44.9993 306.4091 0004134 304.5014 203.5013 14.34017924280089
1 25418U 98046F   23034.16779117  .00000972  00000-0  39498-3 0    16
2 25418  44.9993 306.4091 0004134 304.5014 203.5013 14.34017924279908
1 25418U 98046F   23034.77172660  .00001040  00000-0  41897-3 0    16
2 25418  44.9992 303.5641 0004095 307.0381  81.7782 14.34019793279991
1 25418U 98046F   23035.14262434  .00001121  00000-0  44777-3 0    17
2 25418  44.9991 301.8169 0004077 308.5189 196.9001 14.34021215280041
1 25418U 98046F   23035.82058792  .00001094  00000-0  43811-3 0   435
2 25418  44.9989 298.6230 0004015 311.5186  97.2585 14.34022821280328
1 25418U 98046F   23035.82058792  .00001094  00000-0  43811-3 0    19
2 25418  44.9989 298.6230 0004015 311.5186  97.2585 14.34022821280148
1 25418U 98046F   23036.11746274  .00001045  00000-0  42078-3 0    11
2 25418  44.9988 297.2245 0003998 312.7985 190.0719 14.34023298280181
1 25418U 98046F   23036.79592378  .00001103  00000-0  44142-3 0    18
2 25418  44.9988 294.0283 0003954 315.6012  93.2044 14.34025419280286
1 25418U 98046F   23037.16591584  .00001078  00000-0  43233-3 0   446
2 25418  44.9987 292.2853 0003930 317.1147 203.6203 14.34026289280514
1 25418U 98046F   23037.16591584  .00001078  00000-0  43233-3 0    19
2 25418  44.9987 292.2853 0003930 317.1147 203.6203 14.34026289280334
1 25418U 98046F   23037.77085257  .00001306  00000-0  51326-3 0    17
2 25418  44.9986 289.4355 0003889 319.6236  87.1203 14.34029327280428
1 25418U 98046F   23038.14071331  .00001338  00000-0  52443-3 0    13
2 25418  44.9986 287.6932 0003863 321.1938 196.8065 14.34030634280470
1 25418U 98046F   23038.74576084  .00001456  00000-0  56649-3 0   455
2 25418  44.9984 284.8428 0003817 323.7551  80.8342 14.34033168280740
1 25418U 98046F   23038.74576084  .00001456  00000-0  56649-3 0    17
2 25418  44.9984 284.8428 0003817 323.7551  80.8342 14.34033168280560
1 25418U 98046F   23040.00979598  .00001961  00000-0  74525-3 0   469
2 25418  44.9982 278.8879 0003727 329.2481 127.2788 14.34040488280927
1 25418U 98046F   23040.00979598  .00001961  00000-0  74525-3 0    10
2 25418  44.9982 278.8879 0003727 329.2481 127.2788 14.34040488280747
1 25418U 98046F   23040.89964477  .00002253  00000-0  84885-3 0    12
2 25418  44.9979 274.6958 0003661 333.1077  41.7528 14.34045547280874
1 25418U 98046F   23041.06507191  .00002285  00000-0  86023-3 0   479
2 25418  44.9980 273.9164 0003622 334.1757 175.5397 14.34046471281070
1 25418U 98046F   23041.06507191  .00002285  00000-0  86023-3 0    19
2 25418  44.9980 273.9164 0003622 334.1757 175.5397 14.34046471280899
1 25418U 98046F   23041.73793269  .00002481  00000-0  92963-3 0    14
2 25418  44.9969 270.7466 0003528 336.6972  50.0623 14.34049369280996
1 25418U 98046F   23042.00554611  .00002568  00000-0  96040-3 0    17
2 25418  44.9969 269.4858 0003496 338.0225 351.6492 14.34051077281025
1 25418U 98046F   23042.91984168  .00002457  00000-0  92097-3 0    16
2 25418  44.9968 265.1783 0003400 342.3263  32.0469 14.34055831281160
1 25418U 98046F   23043.08265454  .00002438  00000-0  91428-3 0   482
2 25418  44.9969 264.4113 0003400 342.9978 152.7260 14.34056636281364
1 25418U 98046F   23043.36792312  .00002412  00000-0  90494-3 0    14
2 25418  44.9969 263.0674 0003367 344.3113 185.5666 14.34058103281220
1 25418U 98046F   23044.34319457  .00002428  00000-0  91037-3 0   491
2 25418  44.9969 258.4726 0003289 348.7144 180.9877 14.34063295281547
1 25418U 98046F   23044.34319457  .00002428  00000-0  91037-3 0    19
2 25418  44.9969 258.4726 0003289 348.7144 180.9877 14.34063295281367
1 25418U 98046F   23045.31852317  .00002400  00000-0  90049-3 0    16
2 25418  44.9968 253.8774 0003195 353.2276 176.6079 14.34067822281503
1 25418U 98046F   23045.84575639  .00002365  00000-0  88822-3 0   503
2 25418  44.9968 251.3934 0003142 355.7432  18.6430 14.34070122281768
1 25418U 98046F   23045.84575639  .00002365  00000-0  88822-3 0    19
2 25418  44.9968 251.3934 0003142 355.7432  18.6430 14.34070122281588
1 25418U 98046F   23046.29354102  .00002312  00000-0  86941-3 0    11
2 25418  44.9968 249.2838 0003095 358.0220 170.3566 14.34071959281647
1 25418U 98046F   23046.90694399  .00002799  00000-0  10418-2 0    18
2 25418  44.9968 246.3937 0003027   0.9404  97.2951 14.34076321281730
1 25418U 98046F   23046.98142510  .00002866  00000-0  10655-2 0   512
2 25418  44.9968 246.0428 0003033   1.2500 121.8795 14.34076948281926
1 25418U 98046F   23047.51927890  .00002820  00000-0  10489-2 0    14
2 25418  44.9967 243.5088 0002979   3.8182  18.7618 14.34079403281827
1 25418U 98046F   23047.88172168  .00002731  00000-0  10176-2 0    18
2 25418  44.9966 241.8012 0002914   5.8073  89.7632 14.34081259281875
1 25418U 98046F   23048.02953431  .00002768  00000-0  10305-2 0   525
2 25418  44.9965 241.1044 0002921   6.3229 133.0976 14.34082227282072
1 25418U 98046F   23048.56347020  .00002458  00000-0  92077-3 0    12
2 25418  44.9964 238.5886 0002862   8.9431   9.6938 14.34084181281977
1 25418U 98046F   23048.93003010  .00002159  00000-0  81489-3 0    14
2 25418  44.9964 236.8617 0002836  10.8747 102.0352 14.34085425282020
1 25418U 98046F   23050.26450160  .00001693  00000-0  64986-3 0   537
2 25418  44.9966 230.5743 0002677  18.1422 150.9360 14.34090989282399
1 25418U 98046F   23050.51610483  .00001520  00000-0  58839-3 0    13
2 25418  44.9964 229.3885 0002633  19.4508   9.8438 14.34091549282257
1 25418U 98046F   23051.28773613  .00001398  00000-0  54538-3 0   546
2 25418  44.9964 225.7529 0002577  23.5650  33.3128 14.34094315282547
1 25418U 98046F   23051.57696878  .00001336  00000-0  52323-3 0    19
2 25418  44.9964 224.3900 0002529  25.1157  86.4411 14.34095246282405
1 25418U 98046F   23052.00276368  .00001278  00000-0  50278-3 0    18
2 25418  44.9965 222.3839 0002515  27.5798 124.3743 14.34096512282460
1 25418U 98046F   23052.74241010  .00001442  00000-0  56087-3 0   551
2 25418  44.9963 218.8987 0002467  32.3390 341.9221 14.34099459282753
1 25418U 98046F   23052.90985017  .00001677  00000-0  64398-3 0    16
2 25418  44.9971 218.1101 0002516  33.6007 125.9472 14.34100641282593
1 25418U 98046F   23053.58373182  .00001513  00000-0  58600-3 0    13
2 25418  44.9972 214.9349 0002446  37.5635   4.4426 14.34102314282694
1 25418U 98046F   23053.87837156  .00001559  00000-0  60203-3 0    13
2 25418  44.9972 213.5467 0002437  39.2113  85.4276 14.34103892282739
1 25418U 98046F   23054.16573752  .00001549  00000-0  59871-3 0   563
2 25418  44.9973 212.1927 0002419  40.8715 128.8090 14.34104892282953
1 25418U 98046F   23054.55690314  .00001512  00000-0  58550-3 0    13
2 25418  44.9973 210.3495 0002388  43.3895 347.7478 14.34106138282839
1 25418U 98046F   23054.85214108  .00001744  00000-0  66770-3 0    19
2 25418  44.9972 208.9586 0002365  44.9235  71.9393 14.34108536282872
1 25418U 98046F   23055.46542117  .00001657  00000-0  63665-3 0   575
2 25418  44.9973 206.0690 0002324  48.8309 357.3335 14.34110333283144
1 25418U 98046F   23055.46542117  .00001657  00000-0  63665-3 0    14
2 25418  44.9973 206.0690 0002324  48.8309 357.3335 14.34110333282963
1 25418U 98046F   23055.90106719  .00001553  00000-0  59992-3 0    10
2 25418  44.9974 204.0163 0002294  51.0413  86.4503 14.34111313283029
1 25418U 98046F   23056.58148493  .00001616  00000-0  62228-3 0    16
2 25418  44.9975 200.8103 0002244  55.4413 358.3148 14.34114192283126
1 25418U 98046F   23056.80174317  .00001633  00000-0  62832-3 0   587
2 25418  44.9976 199.7726 0002224  56.7264  55.2829 14.34115168283336
1 25418U 98046F   23056.87593625  .00001744  00000-0  66749-3 0    13
2 25418  44.9976 199.4230 0002221  57.1225  78.3042 14.34116126283161
1 25418U 98046F   23057.55631979  .00001855  00000-0  70680-3 0    16
2 25418  44.9978 196.2171 0002145  62.4466 349.0794 14.34119459283268
1 25418U 98046F   23057.85148718  .00001806  00000-0  68919-3 0    11
2 25418  44.9978 194.8264 0002156  63.9464  72.9535 14.34120426283307
1 25418U 98046F   23058.13659029  .00001813  00000-0  69167-3 0   592
2 25418  44.9979 193.4832 0002134  65.9626 104.3022 14.34121636283521
1 25418U 98046F   23058.60430914  .00004152  00000-0  15189-2 0    14
2 25418  44.9970 191.2792 0002054  69.4189 357.9590 14.34132854283415
1 25418U 98046F   23058.67692087  .00004185  00000-0  15308-2 0   606
2 25418  44.9970 190.9371 0002060  69.7495  12.8764 14.34133499283601
1 25418U 98046F   23058.82552624  .00002573  00000-0  96058-3 0    11
2 25418  44.9969 190.2368 0002013  71.2631  59.3190 14.34127818283445
1 25418U 98046F   23059.11175076  .00002622  00000-0  97805-3 0   618
2 25418  44.9969 188.8883 0001995  73.1337  96.6163 14.34129532283665
1 25418U 98046F   23059.57908416  .00002378  00000-0  89157-3 0    13
2 25418  44.9969 186.6863 0001967  76.5438 348.3206 14.34131189283551
1 25418U 98046F   23059.80035154  .00002211  00000-0  83250-3 0    13
2 25418  44.9969 185.6439 0001996  77.7051  50.6396 14.34131813283585
1 25418U 98046F   23060.33817521  .00002258  00000-0  84892-3 0   620
2 25418  44.9969 183.1097 0001956  81.5177 306.2340 14.34134902283846
1 25418U 98046F   23060.77515897  .00002074  00000-0  78402-3 0    18
2 25418  44.9970 181.0508 0001977  84.5417  41.4922 14.34136704283728
1 25418U 98046F   23061.67560497  .00002080  00000-0  78588-3 0   634
2 25418  44.9969 176.8080 0001946  91.1207   8.3273 14.34141566284038
1 25418U 98046F   23061.67560497  .00002080  00000-0  78588-3 0    16
2 25418  44.9969 176.8080 0001946  91.1207   8.3273 14.34141566283857
1 25418U 98046F   23062.57683788  .00002487  00000-0  92977-3 0    14
2 25418  44.9970 172.5617 0001924  97.5080 339.4387 14.34147794283980
1 25418U 98046F   23062.73116721  .00002493  00000-0  93184-3 0   647
2 25418  44.9970 171.8346 0001944  98.4854  56.0242 14.34148641284189
1 25418U 98046F   23062.79800591  .00002703  00000-0  10064-2 0    18
2 25418  44.9969 171.5196 0001927  99.0224  40.9051 14.34149652284011
1 25418U 98046F   23063.55155502  .00002954  00000-0  10949-2 0    18
2 25418  44.9971 167.9689 0001932 104.4584 329.7688 14.34154929284125
1 25418U 98046F   23063.77250337  .00002934  00000-0  10877-2 0   652
2 25418  44.9971 166.9277 0001930 106.1221  29.9565 14.34156279284338
1 25418U 98046F   23063.77250337  .00002934  00000-0  10877-2 0    12
2 25418  44.9971 166.9277 0001930 106.1221  29.9565 14.34156279284158
1 25418U 98046F   23063.98828727  .00002770  00000-0  10298-2 0    14
2 25418  44.9972 165.9110 0001932 107.7096  63.5295 14.34156932284186
1 25418U 98046F   23065.03298653  .00002951  00000-0  10937-2 0   663
2 25418  44.9973 160.9885 0001952 114.3060  55.9098 14.34164032284511
1 25418U 98046F   23065.72320567  .00002693  00000-0  10024-2 0    18
2 25418  44.9972 157.7364 0001957 118.4490  18.8142 14.34167719284437
1 25418U 98046F   23066.26006278  .00003031  00000-0  11216-2 0   671
2 25418  44.9972 155.2065 0001967 123.3452 268.4028 14.34172470284696
1 25418U 98046F   23066.69696052  .00003606  00000-0  13248-2 0    16
2 25418  44.9974 153.1479 0001975 125.9847   3.6591 14.34177001284575
1 25418U 98046F   23067.45046567  .00003031  00000-0  11217-2 0   680
2 25418  44.9973 149.5973 0002009 131.4989 292.2857 14.34180165284868
1 25418U 98046F   23067.60460792  .00003551  00000-0  13054-2 0    12
2 25418  44.9972 148.8711 0002009 132.4635   7.9366 14.34182657284705
1 25418U 98046F   23068.93387477  .00003514  00000-0  12919-2 0    15
2 25418  44.9970 142.6073 0002104 140.6942  29.4429 14.34191520284892
1 25418U 98046F   23069.18430060  .00003582  00000-0  13159-2 0   696
2 25418  44.9969 141.4271 0002118 142.4455 241.9137 14.34193367285115
1 25418U 98046F   23069.90908003  .00003127  00000-0  11551-2 0    18
2 25418  44.9967 138.0114 0002161 147.4336  22.6584 14.34197651285033
1 25418U 98046F   23070.44810450  .00003270  00000-0  12053-2 0   700
2 25418  44.9967 135.4712 0002177 150.9747 284.8586 14.34201960285291
1 25418U 98046F   23070.52148175  .00003020  00000-0  11172-2 0    15
2 25418  44.9968 135.1254 0002180 151.3606 303.6947 14.34201847285120
1 25418U 98046F   23070.66920091  .00002964  00000-0  10973-2 0    19
2 25418  44.9967 134.4294 0002173 152.2491 346.2369 14.34202757285143
1 25418U 98046F   23071.49615153  .00002690  00000-0  10005-2 0   710
2 25418  44.9969 130.5324 0002212 157.3398 294.9404 14.34207360285449
1 25418U 98046F   23071.49615153  .00002690  00000-0  10005-2 0    13
2 25418  44.9969 130.5324 0002212 157.3398 294.9404 14.34207360285269
1 25418U 98046F   23071.56982743  .00002667  00000-0  99234-3 0    19
2 25418  44.9969 130.1853 0002223 157.6707 315.3774 14.34207804285273
1 25418U 98046F   23072.54442174  .00002249  00000-0  84463-3 0   729
2 25418  44.9968 125.5926 0002273 163.3208 306.5822 14.34212722285592
1 25418U 98046F   23072.54442174  .00002249  00000-0  84463-3 0    11
2 25418  44.9968 125.5926 0002273 163.3208 306.5822 14.34212722285413
1 25418U 98046F   23073.59995523  .00002160  00000-0  81292-3 0    17
2 25418  44.9968 120.6183 0002313 169.5518 355.5302 14.34218202285563
1 25418U 98046F   23073.87946191  .00002190  00000-0  82366-3 0   730
2 25418  44.9969 119.3012 0002378 170.7344 358.8913 14.34219898285782
1 25418U 98046F   23073.87946191  .00002190  00000-0  82366-3 0    11
2 25418  44.9969 119.3012 0002378 170.7344 358.8913 14.34219898285603
1 25418U 98046F   23074.50159155  .00002216  00000-0  83263-3 0    14
2 25418  44.9969 116.3696 0002375 174.3857 330.5264 14.34223169285695
1 25418U 98046F   23075.17919236  .00002276  00000-0  85405-3 0   748
2 25418  44.9969 113.1761 0002434 177.5821 229.3121 14.34226931285973
1 25418U 98046F   23075.54900184  .00002048  00000-0  77336-3 0    12
2 25418  44.9969 111.4334 0002445 180.2168 337.9313 14.34227923285844
1 25418U 98046F   23075.82984157  .00002009  00000-0  75938-3 0    18
2 25418  44.9970 110.1100 0002462 181.0079 348.5823 14.34229270285887
1 25418U 98046F   23076.52369331  .00001842  00000-0  70043-3 0   754
2 25418  44.9970 106.8402 0002512 184.3447 331.2273 14.34231860286163
1 25418U 98046F   23076.52369331  .00001842  00000-0  70043-3 0    13
2 25418  44.9970 106.8402 0002512 184.3447 331.2273 14.34231860285982
1 25418U 98046F   23076.80506672  .00001831  00000-0  69671-3 0    18
2 25418  44.9970 105.5142 0002528 185.6128 344.1635 14.34233188286022
1 25418U 98046F   23077.78027381  .00001678  00000-0  64250-3 0   760
2 25418  44.9971 100.9183 0002602 190.1834 339.6984 14.34236810286341
1 25418U 98046F   23077.78027381  .00001678  00000-0  64250-3 0    18
2 25418  44.9971 100.9183 0002602 190.1834 339.6984 14.34236810286161
1 25418U 98046F   23078.54005341  .00001808  00000-0  68837-3 0    15
2 25418  44.9971  97.3375 0002640 193.9312 302.6854 14.34240276286276
1 25418U 98046F   23078.75565459  .00001816  00000-0  69108-3 0    10
2 25418  44.9971  96.3214 0002661 194.8453 336.0550 14.34241217286300
1 25418U 98046F   23079.07809604  .00001765  00000-0  67322-3 0   771
2 25418  44.9970  94.8018 0002685 196.3615 201.0015 14.34242293286534
1 25418U 98046F   23079.44759711  .00001785  00000-0  68020-3 0    10
2 25418  44.9971  93.0604 0002674 198.2714 308.7735 14.34243886286405
1 25418U 98046F   23079.80050037  .00001695  00000-0  64834-3 0    14
2 25418  44.9972  91.3972 0002727 199.5852 331.3616 14.34245102286459
1 25418U 98046F   23080.49638747  .00001630  00000-0  62541-3 0   787
2 25418  44.9971  88.1176 0002768 202.5576 324.9321 14.34247846286730
1 25418U 98046F   23080.49638747  .00001630  00000-0  62541-3 0    13
2 25418  44.9971  88.1176 0002768 202.5576 324.9321 14.34247846286550
1 25418U 98046F   23081.75056791  .00001855  00000-0  70466-3 0   795
2 25418  44.9983  82.2070 0002811 207.5829 321.8855 14.34253574286919
1 25418U 98046F   23081.75056791  .00001855  00000-0  70466-3 0    10
2 25418  44.9983  82.2070 0002811 207.5829 321.8855 14.34253574286739
1 25418U 98046F   23082.27787856  .00001937  00000-0  73361-3 0    19
2 25418  44.9985  79.7218 0002845 209.8146 164.9590 14.34256117286817
1 25418U 98046F   23082.72574160  .00002059  00000-0  77685-3 0    10
2 25418  44.9985  77.6111 0002861 211.7284 317.7473 14.34258795286877
1 25418U 98046F   23083.19209713  .00007733  00000-0  27763-2 0   803
2 25418  44.9977  75.4128 0002924 213.6628 206.1216 14.34280763287120
1 25418U 98046F   23083.48686338  .00003205  00000-0  11808-2 0   811
2 25418  44.9977  74.0236 0002937 214.9413 288.2756 14.34266378287165
1 25418U 98046F   23083.70094685  .00003272  00000-0  12046-2 0    15
2 25418  44.9978  73.0147 0002950 215.9200 313.7562 14.34267881287019
1 25418U 98046F   23084.67615645  .00002950  00000-0  10910-2 0   826
2 25418  44.9981  68.4186 0002996 219.7935 310.1177 14.34272326287339
1 25418U 98046F   23084.67615645  .00002950  00000-0  10910-2 0    17
2 25418  44.9981  68.4186 0002996 219.7935 310.1177 14.34272326287159
1 25418U 98046F   23085.97003285  .00002355  00000-0  88077-3 0    11
2 25418  44.9984  62.3205 0003099 224.4823 152.6812 14.34278138287344
1 25418U 98046F   23086.24842458  .00002247  00000-0  84280-3 0   837
2 25418  44.9984  61.0087 0003087 225.5869 150.4181 14.34279578287565
1 25418U 98046F   23086.41093899  .00002223  00000-0  83440-3 0    14
2 25418  44.9984  60.2426 0003055 226.4234 269.5221 14.34280441287405
1 25418U 98046F   23087.38592882  .00002094  00000-0  78850-3 0   843
2 25418  44.9985  55.6477 0003083 230.0540 265.0448 14.34285262287725
1 25418U 98046F   23087.38592882  .00002094  00000-0  78850-3 0    12
2 25418  44.9985  55.6477 0003083 230.0540 265.0448 14.34285262287545
1 25418U 98046F   23087.67143943  .00002117  00000-0  79673-3 0    14
2 25418  44.9987  54.3023 0003135 230.5751 300.1653 14.34286854287588
1 25418U 98046F   23088.43427767  .00002430  00000-0  90716-3 0   859
2 25418  44.9987  50.7070 0003117 233.6771 279.7449 14.34291701287879
1 25418U 98046F   23088.43427767  .00002430  00000-0  90716-3 0    17
2 25418  44.9987  50.7070 0003117 233.6771 279.7449 14.34291701287699
1 25418U 98046F   23089.40979809  .00002563  00000-0  95396-3 0    10
2 25418  44.9988  46.1096 0003189 237.1292 278.2270 14.34297338287837
1 25418U 98046F   23090.14885356  .00002783  00000-0  10312-2 0   867
2 25418  44.9988  42.6265 0003221 239.7735 135.3712 14.34302030288126
1 25418U 98046F   23091.28452130  .00002659  00000-0  98734-3 0   871
2 25418  44.9989  37.2744 0003217 243.6684 241.1659 14.34308001288288
1 25418U 98046F   23091.28452130  .00002659  00000-0  98734-3 0    17
2 25418  44.9989  37.2744 0003217 243.6684 241.1659 14.34308001288109
1 25418U 98046F   23092.32848747  .00002489  00000-0  92736-3 0   888
2 25418  44.9990  32.3543 0003235 247.4638 233.1223 14.34313194288438
1 25418U 98046F   23092.32848747  .00002489  00000-0  92736-3 0    13
2 25418  44.9990  32.3543 0003235 247.4638 233.1223 14.34313194288258
1 25418U 98046F   23092.86707486  .00002090  00000-0  78667-3 0    11
2 25418  44.9991  29.8160 0003243 249.3951 134.8924 14.34314682288330
1 25418U 98046F   23093.30669463  .00002169  00000-0  81451-3 0    15
2 25418  44.9993  27.7439 0003246 250.8699 245.6083 14.34317266288391
1 25418U 98046F   23094.21423604  .00002056  00000-0  77472-3 0   890
2 25418  44.9994  23.4662 0003264 253.4876 253.6601 14.34321397288709
1 25418U 98046F   23094.28142552  .00002038  00000-0  76824-3 0    11
2 25418  44.9994  23.1497 0003264 253.8992 240.5206 14.34321639288531
1 25418U 98046F   23094.88815562  .00001758  00000-0  66980-3 0    15
2 25418  44.9995  20.2903 0003256 255.8032 134.5346 14.34323448288627
1 25418U 98046F   23095.26285059  .00001726  00000-0  65827-3 0   902
2 25418  44.9995  18.5244 0003250 257.3941 269.5790 14.34325036288857
1 25418U 98046F   23095.26285059  .00001726  00000-0  65827-3 0    14
2 25418  44.9995  18.5244 0003250 257.3941 269.5790 14.34325036288677
1 25418U 98046F   23096.23082251  .00001578  00000-0  60623-3 0    15
2 25418  44.9995  13.9624 0003241 260.5501 229.4571 14.34328673288814
1 25418U 98046F   23096.84540498  .00001497  00000-0  57762-3 0   913
2 25418  44.9996  11.0657 0003240 262.5994 163.9281 14.34330777289085
1 25418U 98046F   23096.84540498  .00001497  00000-0  57762-3 0    14
2 25418  44.9996  11.0657 0003240 262.5994 163.9281 14.34330777288905
1 25418U 98046F   23097.28037523  .00001606  00000-0  61577-3 0    14
2 25418  44.9996   9.0157 0003242 264.0943 250.6169 14.34332813288968
1 25418U 98046F   23098.10584750  .00001614  00000-0  61875-3 0   925
2 25418  45.0002   5.1251 0003210 267.2012 194.0428 14.34335312289267
1 25418U 98046F   23098.25327922  .00001632  00000-0  62515-3 0    19
2 25418  45.0002   4.4302 0003204 267.7326 235.5282 14.34335997289103
1 25418U 98046F   23099.22801178  .00001608  00000-0  61669-3 0   930
2 25418  45.0001 359.8362 0003186 271.0339 230.2437 14.34339757289423
1 25418U 98046F   23099.22801178  .00001608  00000-0  61669-3 0    19
2 25418  45.0001 359.8362 0003186 271.0339 230.2437 14.34339757289243
1 25418U 98046F   23099.90815764  .00001552  00000-0  59681-3 0    19
2 25418  45.0001 356.6306 0003176 273.1939 143.5009 14.34341986289343
1 25418U 98046F   23100.13539549  .00001545  00000-0  59416-3 0    19
2 25418  45.0002 355.5596 0003162 273.9865 237.2167 14.34342809289378
1 25418U 98046F   23100.81850563  .00001578  00000-0  60580-3 0   948
2 25418  45.0001 352.3399 0003143 276.0105 165.9422 14.34345615289653
1 25418U 98046F   23100.89134341  .00001574  00000-0  60467-3 0    13
2 25418  45.0001 351.9966 0003139 276.2360 182.1894 14.34345886289483
1 25418U 98046F   23101.17710368  .00001550  00000-0  59596-3 0    19
2 25418  45.0001 350.6498 0003121 277.2325 218.1844 14.34346727289527
1 25418U 98046F   23102.08611580  .00001526  00000-0  58746-3 0    15
2 25418  45.0000 346.3654 0003097 280.2737 233.5096 14.34349922289659
1 25418U 98046F   23103.05917286  .00001525  00000-0  58730-3 0    17
2 25418  44.9997 341.7791 0003066 283.4898 219.6978 14.34353453289795
1 25418U 98046F   23104.03670198  .00001526  00000-0  58735-3 0   964
2 25418  44.9996 337.1715 0003033 286.6097 229.1101 14.34357060290119
1 25418U 98046F   23104.03670198  .00001526  00000-0  58735-3 0    10
2 25418  44.9996 337.1715 0003033 286.6097 229.1101 14.34357060289937
1 25418U 98046F   23105.00883522  .00001783  00000-0  67807-3 0    10
2 25418  44.9994 332.5893 0003027 289.8874 210.4920 14.34362253290071
1 25418U 98046F   23105.88990090  .00001932  00000-0  73046-3 0    13
2 25418  44.9993 328.4363 0003009 293.0393  81.3122 14.34366649290206
1 25418U 98046F   23106.86497428  .00002393  00000-0  89274-3 0    11
2 25418  44.9985 323.8405 0003008 295.4892  78.7430 14.34371725290340
1 25418U 98046F   23107.03136662  .00002402  00000-0  89573-3 0   980
2 25418  44.9985 323.0563 0002993 296.1298 218.1400 14.34372550290543
1 25418U 98046F   23107.56475556  .00002352  00000-0  87801-3 0    16
2 25418  44.9985 320.5421 0002961 297.6128  93.6055 14.34374951290449
1 25418U 98046F   23107.78693608  .00002405  00000-0  89664-3 0    18
2 25418  44.9984 319.4949 0002947 298.4744 161.1401 14.34376348290478
1 25418U 98046F   23108.28824612  .00002300  00000-0  85963-3 0   994
2 25418  44.9984 317.1319 0002865 299.6096 231.1544 14.34378689290720
1 25418U 98046F   23108.28824612  .00002300  00000-0  85963-3 0    17
2 25418  44.9984 317.1319 0002865 299.6096 231.1544 14.34378689290540
1 25418U 98046F   23108.83492910  .00002351  00000-0  87757-3 0    19
2 25418  44.9981 314.5549 0002894 301.9463 174.4950 14.34381840290622
1 25418U 98046F   23109.58798588  .00002184  00000-0  81869-3 0    14
2 25418  44.9979 311.0051 0002853 304.3252 104.4979 14.34385153290734
1 25418U 98046F   23109.85995156  .00002329  00000-0  86979-3 0  1002
2 25418  44.9979 309.7231 0002821 304.9763  69.5819 14.34387240290953
1 25418U 98046F   23109.85995156  .00002329  00000-0  86979-3 0    12
2 25418  44.9979 309.7231 0002821 304.9763  69.5819 14.34387240290773
1 25418U 98046F   23110.55916104  .00001885  00000-0  71351-3 0    11
2 25418  44.9978 306.4270 0002761 306.5581  82.0694 14.34389273290878
1 25418U 98046F   23110.83509668  .00001860  00000-0  70477-3 0    16
2 25418  44.9978 305.1264 0002754 307.9017  66.9824 14.34390517290912
1 25418U 98046F   23111.28299965  .00001733  00000-0  65986-3 0  1011
2 25418  44.9978 303.0149 0002740 309.6156 220.3917 14.34392079291150
1 25418U 98046F   23111.28299965  .00001733  00000-0  65986-3 0    10
2 25418  44.9978 303.0149 0002740 309.6156 220.3917 14.34392079290979
1 25418U 98046F   23111.75870550  .00001694  00000-0  64625-3 0    12
2 25418  44.9978 300.7723 0002718 311.3479 157.4939 14.34393970291048
1 25418U 98046F   23112.58176260  .00001704  00000-0  64969-3 0  1026
2 25418  44.9977 296.8924 0002673 314.0767  88.9998 14.34397234291348
1 25418U 98046F   23112.58176260  .00001704  00000-0  64969-3 0    14
2 25418  44.9977 296.8924 0002673 314.0767  88.9998 14.34397234291168
1 25418U 98046F   23112.78527986  .00001743  00000-0  66322-3 0    19
2 25418  44.9975 295.9330 0002654 314.4532  60.5697 14.34398183291199
1 25418U 98046F   23113.49783375  .00001912  00000-0  72279-3 0    10
2 25418  44.9975 292.5740 0002629 317.1652 140.9293 14.34401217291291
1 25418U 98046F   23113.64154834  .00001928  00000-0  72849-3 0    19
2 25418  44.9974 291.8964 0002585 317.5499 163.3829 14.34401849291312
1 25418U 98046F   23114.53151956  .00004592  00000-0  16651-2 0    18
2 25418  44.9974 287.7010 0002503 320.0359  81.0460 14.34415821291448
1 25418U 98046F   23115.50579663  .00002022  00000-0  76125-3 0    14
2 25418  44.9974 283.1084 0002437 323.3336  73.6508 14.34411735291581
1 25418U 98046F   23116.56403855  .00001592  00000-0  61002-3 0    19
2 25418  44.9973 278.1197 0002358 327.4980 139.4224 14.34415789291737
1 25418U 98046F   23116.75510388  .00001546  00000-0  59400-3 0    18
2 25418  44.9973 277.2195 0002368 328.2039  46.3138 14.34416600291766
1 25418U 98046F   23117.53841396  .00001353  00000-0  52597-3 0  1074
2 25418  44.9972 273.5267 0002302 330.9429 132.4309 14.34419554292056
1 25418U 98046F   23117.53841396  .00001353  00000-0  52597-3 0    17
2 25418  44.9972 273.5267 0002302 330.9429 132.4309 14.34419554291875
1 25418U 98046F   23118.51485444  .00001239  00000-0  48563-3 0    15
2 25418  44.9971 268.9237 0002226 334.4481 136.0634 14.34422656292016
1 25418U 98046F   23118.70524106  .00001243  00000-0  48728-3 0  1081
2 25418  44.9971 268.0264 0002210 334.7720  39.8325 14.34423241292220
1 25418U 98046F   23119.15313216  .00001190  00000-0  46863-3 0    10
2 25418  44.9971 265.9150 0002177 336.3808 193.3385 14.34424448292106
1 25418U 98046F   23119.77429476  .00001248  00000-0  48899-3 0  1098
2 25418  44.9970 262.9868 0002128 338.8904 161.5745 14.34426495292378
1 25418U 98046F   23120.59451590  .00001275  00000-0  49834-3 0    13
2 25418  44.9980 259.1201 0002069 342.9877  77.1492 14.34428859292318
1 25418U 98046F   23120.88895744  .00001261  00000-0  49333-3 0  1108
2 25418  44.9980 257.7320 0002050 344.1032 157.9858 14.34429780292532
1 25418U 98046F   23121.51194875  .00001220  00000-0  47904-3 0    12
2 25418  44.9978 254.7950 0001978 345.8904 136.4083 14.34431473292443
1 25418U 98046F   23122.39796779  .00001279  00000-0  49966-3 0  1116
2 25418  44.9978 250.6183 0001914 349.3491  32.7438 14.34434473292755
1 25418U 98046F   23122.60527087  .00001260  00000-0  49292-3 0    14
2 25418  44.9978 249.6411 0001881 349.4073  24.2291 14.34435106292608
1 25418U 98046F   23122.77084201  .00001259  00000-0  49251-3 0    11
2 25418  44.9978 248.8607 0001882 350.6371 158.8310 14.34435614292624
1 25418U 98046F   23123.37591177  .00001240  00000-0  48603-3 0    13
2 25418  44.9977 246.0084 0001851 353.5800  43.4727 14.34437212292714
1 25418U 98046F   23123.74536743  .00001219  00000-0  47853-3 0  1127
2 25418  44.9977 244.2668 0001820 354.8743 151.8864 14.34438299292945
1 25418U 98046F   23123.74536743  .00001219  00000-0  47853-3 0    14
2 25418  44.9977 244.2668 0001820 354.8743 151.8864 14.34438299292765
1 25418U 98046F   23124.35044369  .00001179  00000-0  46438-3 0    13
2 25418  44.9976 241.4143 0001753 357.1336  37.2538 14.34439896292859
1 25418U 98046F   23124.71989887  .00001243  00000-0  48682-3 0    11
2 25418  44.9976 239.6727 0001724 358.7878 145.3085 14.34441392292900
1 25418U 98046F   23125.19345860  .00001251  00000-0  48961-3 0  1134
2 25418  44.9977 237.4403 0001691   0.7565  71.1659 14.34442915293151
1 25418U 98046F   23125.41003837  .00001243  00000-0  48682-3 0    11
2 25418  44.9977 236.4193 0001678   1.9208 109.5008 14.34443528293007
1 25418U 98046F   23126.66923858  .00001663  00000-0  63458-3 0    17
2 25418  44.9976 230.4831 0001580   7.7523 132.4811 14.34449797293185
1 25418U 98046F   23127.02313597  .00001574  00000-0  60327-3 0  1149
2 25418  44.9977 228.8148 0001559   9.4357 160.0975 14.34450441293410
1 25418U 98046F   23127.43198021  .00001540  00000-0  59142-3 0    18
2 25418  44.9976 226.8874 0001528  11.9585 110.8953 14.34451414293296
1 25418U 98046F   23128.11755444  .00001494  00000-0  57501-3 0  1153
2 25418  44.9975 223.6555 0001478  15.5912  51.0125 14.34453371293576
1 25418U 98046F   23128.52538781  .00001432  00000-0  55341-3 0    17
2 25418  44.9976 221.7328 0001433  17.4492 357.2585 14.34454415293457
1 25418U 98046F   23129.51219734  .00001378  00000-0  53440-3 0  1165
2 25418  44.9976 217.0809 0001343  22.0226  53.5390 14.34457163293774
1 25418U 98046F   23129.51219734  .00001378  00000-0  53440-3 0    18
2 25418  44.9976 217.0809 0001343  22.0226  53.5390 14.34457163293594
1 25418U 98046F   23130.56004103  .00001440  00000-0  55601-3 0    18
2 25418  44.9976 212.1412 0001263  27.5031  64.4124 14.34460739293741
1 25418U 98046F   23130.70767156  .00001427  00000-0  55152-3 0  1172
2 25418  44.9975 211.4453 0001257  27.8298 107.1960 14.34461149293949
1 25418U 98046F   23130.70767156  .00001427  00000-0  55152-3 0    14
2 25418  44.9975 211.4453 0001257  27.8298 107.1960 14.34461149293769
1 25418U 98046F   23130.99308568  .00001461  00000-0  56354-3 0    16
2 25418  44.9976 210.0998 0001235  29.1748 141.1744 14.34462331293807
1 25418U 98046F   23133.20729610  .00001309  00000-0  51001-3 0  1182
2 25418  44.9972 199.6611 0001052  43.3737  52.3852 14.34468363294300
1 25418U 98046F   23133.55716420  .00001195  00000-0  46968-3 0    15
2 25418  44.9972 198.0117 0001038  45.8965  58.3607 14.34468875294175
1 25418U 98046F   23133.91802809  .00001151  00000-0  45426-3 0    12
2 25418  44.9971 196.3103 0001017  49.2859 120.3087 14.34469744294221
1 25418U 98046F   23134.45829422  .00001193  00000-0  46905-3 0  1191
2 25418  44.9970 193.7633 0000969  53.3333  28.9491 14.34471691294481
1 25418U 98046F   23134.61220578  .00001094  00000-0  43442-3 0    19
2 25418  44.9970 193.0377 0000971  54.6073 103.2577 14.34471562294329
1 25418U 98046F   23134.89306971  .00001070  00000-0  42590-3 0    18
2 25418  44.9970 191.7136 0000963  56.5913 113.0883 14.34472357294368
1 25418U 98046F   23135.51407927  .00001054  00000-0  42031-3 0  1205
2 25418  44.9969 188.7859 0000937  61.4394  78.3025 14.34474065294632
1 25418U 98046F   23135.51407927  .00001054  00000-0  42031-3 0    13
2 25418  44.9969 188.7859 0000937  61.4394  78.3025 14.34474065294452
1 25418U 98046F   23135.86807881  .00001020  00000-0  40819-3 0    19
2 25418  44.9968 187.1170 0000925  64.2822 105.3222 14.34474943294505
1 25418U 98046F   23135.98720410  .00001008  00000-0  40400-3 0    16
2 25418  44.9968 186.5554 0000915  65.3361   0.0400 14.34475207294528
1 25418U 98046F   23136.84296525  .00000901  00000-0  36643-3 0  1215
2 25418  44.9967 182.5210 0000885  72.9684  95.9327 14.34476849294827
1 25418U 98046F   23137.81831315  .00000825  00000-0  33971-3 0    18
2 25418  44.9967 177.9225 0000857  82.3952  88.1981 14.34478953294786
1 25418U 98046F   23138.14062642  .00000801  00000-0  33138-3 0  1227
2 25418  44.9966 176.4029 0000847  85.9805 310.6903 14.34479573295019
1 25418U 98046F   23138.51006435  .00000753  00000-0  31444-3 0    16
2 25418  44.9966 174.6612 0000847  89.3025  57.0398 14.34480158294884
1 25418U 98046F   23138.86293654  .00000734  00000-0  30782-3 0    18
2 25418  44.9966 172.9975 0000845  92.9913  77.3927 14.34480833294930
1 25418U 98046F   23139.83782044  .00000727  00000-0  30525-3 0    19
2 25418  44.9967 168.4013 0000826 101.6139  68.0752 14.34482882295076
1 25418U 98046F   23139.95813486  .00000721  00000-0  30320-3 0  1239
2 25418  44.9967 167.8341 0000827 103.1745 328.4362 14.34483081295278
1 25418U 98046F   23140.81280207  .00000953  00000-0  38473-3 0    14
2 25418  44.9967 163.8047 0000838 111.0856  58.4259 14.34486405295212
1 25418U 98046F   23141.06425844  .00000948  00000-0  38272-3 0  1247
2 25418  44.9966 162.6191 0000846 113.7297 275.5972 14.34486934295430
1 25418U 98046F   23141.06425844  .00000948  00000-0  38272-3 0    11
2 25418  44.9966 162.6191 0000846 113.7297 275.5972 14.34486934295250
1 25418U 98046F   23141.78780998  .00000954  00000-0  38484-3 0    16
2 25418  44.9967 159.2080 0000852 119.3619  50.1118 14.34488506295354
1 25418U 98046F   23142.11154911  .00000985  00000-0  39571-3 0  1253
2 25418  44.9967 157.6816 0000862 122.7466 280.1868 14.34489466295580
1 25418U 98046F   23142.11154911  .00000985  00000-0  39571-3 0    16
2 25418  44.9967 157.6816 0000862 122.7466 280.1868 14.34489466295401
1 25418U 98046F   23142.76286642  .00001052  00000-0  41939-3 0    11
2 25418  44.9967 154.6110 0000888 128.1094  41.5896 14.34491384295491
1 25418U 98046F   23143.45628532  .00001051  00000-0  41892-3 0  1261
2 25418  44.9967 151.3418 0000915 133.6789  20.4181 14.34492928295778
1 25418U 98046F   23143.73790301  .00001020  00000-0  40800-3 0    12
2 25418  44.9967 150.0141 0000946 135.3217  34.5055 14.34493440295637
1 25418U 98046F   23144.26500160  .00001050  00000-0  41851-3 0    13
2 25418  44.9967 147.5290 0000971 139.7951 234.6972 14.34494820295717
1 25418U 98046F   23145.95128899  .00000877  00000-0  35768-3 0  1270
2 25418  44.9967 139.5788 0001051 151.2215 300.0004 14.34497848296136
1 25418U 98046F   23145.95128899  .00000877  00000-0  35768-3 0    11
2 25418  44.9967 139.5788 0001051 151.2215 300.0004 14.34497848295955
1 25418U 98046F   23147.06956199  .00000800  00000-0  33067-3 0  1283
2 25418  44.9968 134.3060 0001132 158.0678 313.7273 14.34500121296296
1 25418U 98046F   23147.90048400  .00000787  00000-0  32624-3 0    15
2 25418  44.9968 130.3887 0001196 163.1804 283.8185 14.34501891296235
1 25418U 98046F   23148.11709727  .00000779  00000-0  32335-3 0  1296
2 25418  44.9969 129.3674 0001208 163.9130 322.8047 14.34502340296446
1 25418U 98046F   23148.23463734  .00000845  00000-0  34665-3 0    15
2 25418  44.9969 128.8132 0001216 164.4624 209.8445 14.34502954296281
1 25418U 98046F   23148.93364045  .00000903  00000-0  36689-3 0    10
2 25418  44.9970 125.5177 0001253 167.7390 219.8637 14.34504849296383
1 25418U 98046F   23149.20962144  .00000865  00000-0  35373-3 0  1304
2 25418  44.9972 124.2168 0001278 169.5817 204.6262 14.34505293296607
1 25418U 98046F   23149.20962144  .00000865  00000-0  35373-3 0    11
2 25418  44.9972 124.2168 0001278 169.5817 204.6262 14.34505293296427
1 25418U 98046F   23149.65758440  .00000848  00000-0  34748-3 0    18
2 25418  44.9973 122.1047 0001300 170.8530 358.9741 14.34506216296481
1 25418U 98046F   23150.35114694  .00000831  00000-0  34148-3 0  1314
2 25418  44.9974 118.8347 0001362 175.0496 339.9579 14.34507666296762
1 25418U 98046F   23150.35114694  .00000831  00000-0  34148-3 0    10
2 25418  44.9974 118.8347 0001362 175.0496 339.9579 14.34507666296582
1 25418U 98046F   23150.96812414  .00000866  00000-0  35386-3 0    15
2 25418  44.9975 115.9258 0001411 177.9691 286.3357 14.34509256296671
1 25418U 98046F   23152.20443986  .00001006  00000-0  40301-3 0  1323
2 25418  44.9977 110.0970 0001505 183.2816 191.8373 14.34513047297035
1 25418U 98046F   23152.90351132  .00001061  00000-0  42236-3 0    16
2 25418  44.9978 106.8010 0001558 185.9881 202.8058 14.34515108296956
1 25418U 98046F   23153.34845792  .00000996  00000-0  39954-3 0  1330
2 25418  44.9978 104.7032 0001589 187.4044 341.4303 14.34515814297193
1 25418U 98046F   23153.34845792  .00000996  00000-0  39954-3 0    14
2 25418  44.9978 104.7032 0001589 187.4044 341.4303 14.34515814297014
1 25418U 98046F   23153.82070337  .00001093  00000-0  43364-3 0    11
2 25418  44.9979 102.4767 0001639 190.7752 259.2184 14.34517540297082
1 25418U 98046F   23154.15433078  .00001109  00000-0  43921-3 0    10
2 25418  44.9980 100.9037 0001653 191.3075 183.2931 14.34518480297134
1 25418U 98046F   23155.12930872  .00001056  00000-0  42050-3 0  1342
2 25418  44.9982  96.3069 0001737 195.6102 178.9134 14.34520816297457
1 25418U 98046F   23155.22324493  .00001034  00000-0  41274-3 0    15
2 25418  44.9982  95.8640 0001742 196.0462 304.0580 14.34520860297283
1 25418U 98046F   23156.19834233  .00000990  00000-0  39727-3 0  1358
2 25418  44.9982  91.2667 0001821 199.3074 301.3491 14.34523356297605
1 25418U 98046F   23156.55219154  .00001026  00000-0  40986-3 0    19
2 25418  44.9983  89.5982 0001831 200.2968 329.5079 14.34524526297470
1 25418U 98046F   23156.87621069  .00001040  00000-0  41480-3 0    12
2 25418  44.9984  88.0705 0001860 201.4356 203.3182 14.34525496297521
1 25418U 98046F   23157.24580618  .00001039  00000-0  41466-3 0  1369
2 25418  44.9984  86.3279 0001877 202.6336 312.6667 14.34526439297752
1 25418U 98046F   23157.24580618  .00001039  00000-0  41466-3 0    10
2 25418  44.9984  86.3279 0001877 202.6336 312.6667 14.34526439297572
1 25418U 98046F   23157.85073418  .00001112  00000-0  44017-3 0    19
2 25418  44.9986  83.4757 0001930 205.3834 196.9705 14.34528500297663
1 25418U 98046F   23158.22025667  .00001104  00000-0  43715-3 0    19
2 25418  44.9987  81.7337 0001953 205.9841 306.5438 14.34529469297711
1 25418U 98046F   23158.75233402  .00001140  00000-0  44983-3 0  1373
2 25418  44.9987  79.2251 0002000 208.1427 174.8569 14.34531098297977
1 25418U 98046F   23158.82580785  .00001170  00000-0  46050-3 0    10
2 25418  44.9987  78.8786 0002011 208.8960 193.9141 14.34531547297805
1 25418U 98046F   23159.02934899  .00001178  00000-0  46315-3 0    14
2 25418  44.9989  77.9190 0002024 209.2921 165.6868 14.34532224297830
1 25418U 98046F   23159.88300736  .00001213  00000-0  47557-3 0  1385
2 25418  44.9989  73.8942 0002086 212.5113 255.2991 14.34534769298131
1 25418U 98046F   23160.52188019  .00001176  00000-0  46266-3 0    19
2 25418  44.9991  70.8822 0002118 213.4119 316.9393 14.34536331298048
1 25418U 98046F   23160.85751532  .00001165  00000-0  45868-3 0    16
2 25418  44.9991  69.2997 0002146 214.2244 251.1352 14.34537190298096
1 25418U 98046F   23161.21156281  .00001185  00000-0  46562-3 0  1393
2 25418  44.9992  67.6305 0002164 215.5519 279.9974 14.34538317298327
1 25418U 98046F   23161.49683331  .00001179  00000-0  46339-3 0    17
2 25418  44.9993  66.2855 0002184 216.3550 313.8533 14.34539090298181
1 25418U 98046F   23161.89058313  .00001194  00000-0  46880-3 0    15
2 25418  44.9993  64.4291 0002214 217.6260 188.0092 14.34540312298249
1 25418U 98046F   23162.47170074  .00001236  00000-0  48361-3 0  1406
2 25418  44.9993  61.6894 0002239 219.5481 310.0848 14.34542231298507
1 25418U 98046F   23162.79620637  .00001212  00000-0  47524-3 0    16
2 25418  44.9994  60.1593 0002270 220.3483 186.7676 14.34543017298370
1 25418U 98046F   23163.44671447  .00001131  00000-0  44675-3 0    18
2 25418  44.9995  57.0923 0002302 222.2716 307.5500 14.34544360298460
1 25418U 98046F   23163.85559567  .00001179  00000-0  46350-3 0    15
2 25418  44.9995  55.1645 0002334 223.4076 260.0687 14.34545788298528
1 25418U 98046F   23164.06773286  .00001181  00000-0  46413-3 0  1413
2 25418  44.9995  54.1643 0002345 224.1607 275.9301 14.34546416298735
1 25418U 98046F   23164.06773286  .00001181  00000-0  46413-3 0    18
2 25418  44.9995  54.1643 0002345 224.1607 275.9301 14.34546416298555
1 25418U 98046F   23164.83027975  .00001060  00000-0  42168-3 0    19
2 25418  44.9995  50.5690 0002392 226.1247 255.8495 14.34547768298665
1 25418U 98046F   23165.11494314  .00001053  00000-0  41910-3 0  1428
2 25418  44.9995  49.2270 0002402 227.0812 286.4240 14.34548491298880
1 25418U 98046F   23165.11494314  .00001053  00000-0  41910-3 0    12
2 25418  44.9995  49.2270 0002402 227.0812 286.4240 14.34548491298701
1 25418U 98046F   23165.92395468  .00001037  00000-0  41373-3 0    16
2 25418  44.9996  45.4125 0002458 230.0735 145.5167 14.34550510298829
1 25418U 98046F   23166.08938089  .00001030  00000-0  41126-3 0    15
2 25418  44.9996  44.6326 0002458 230.2570 280.4843 14.34550893298848
1 25418U 98046F   23166.69438358  .00001064  00000-0  42320-3 0  1437
2 25418  44.9996  41.7800 0002497 232.1643 166.0685 14.34552626299118
1 25418U 98046F   23167.41641075  .00001168  00000-0  45948-3 0    17
2 25418  44.9997  38.3758 0002532 234.5364 296.1402 14.34555249299036
1 25418U 98046F   23167.66883624  .00001181  00000-0  46420-3 0    13
2 25418  44.9996  37.1855 0002550 235.3235 160.2411 14.34556015299073
1 25418U 98046F   23168.03826111  .00001109  00000-0  43896-3 0  1445
2 25418  44.9997  35.4437 0002563 236.5293 268.7400 14.34556623299305
1 25418U 98046F   23168.39137429  .00001094  00000-0  43364-3 0    16
2 25418  44.9998  33.7788 0002582 237.7162 292.9366 14.34557450299179
1 25418U 98046F   23168.91827590  .00001113  00000-0  44033-3 0    15
2 25418  44.9998  31.2945 0002608 239.2729 135.1501 14.34559053299251
1 25418U 98046F   23169.36614515  .00001136  00000-0  44839-3 0  1454
2 25418  44.9998  29.1828 0002626 240.6844 288.9602 14.34560456299495
1 25418U 98046F   23169.36614515  .00001136  00000-0  44839-3 0    15
2 25418  44.9998  29.1828 0002626 240.6844 288.9602 14.34560456299316
1 25418U 98046F   23169.89326821  .00001113  00000-0  44030-3 0    11
2 25418  44.9999  26.6975 0002655 242.1794 132.3849 14.34561828299392
1 25418U 98046F   23170.34114462  .00001160  00000-0  45676-3 0    18
2 25418  44.9999  24.5857 0002672 243.7001 286.1283 14.34563420299452
1 25418U 98046F   23170.86819911  .00001172  00000-0  46069-3 0    16
2 25418  44.9999  22.1007 0002697 245.3518 129.0489 14.34565081299538
1 25418U 98046F   23171.03515030  .00001163  00000-0  45776-3 0  1465
2 25418  44.9998  21.3135 0002698 246.0053 271.4386 14.34565522299733
1 25418U 98046F   23171.31610554  .00001184  00000-0  46518-3 0    11
2 25418  44.9999  19.9889 0002710 246.8177 283.0068 14.34566492299590
1 25418U 98046F   23171.93619166  .00001190  00000-0  46702-3 0    19
2 25418  44.9998  17.0652 0002734 248.7083 246.6146 14.34568324299687
1 25418U 98046F   23172.69922138  .00001193  00000-0  46804-3 0  1476
2 25418  44.9999  13.4675 0002768 251.0161 228.7496 14.34570591299974
1 25418U 98046F   23172.81786561  .00001180  00000-0  46364-3 0    14
2 25418  44.9999  12.9082 0002768 251.3261 121.7651 14.34570847299816
1 25418U 98046F   23173.88549868  .00001325  00000-0  51430-3 0  1482
2 25418  44.9998   7.8742 0002804 254.5057 237.6743 14.34574887300146
1 25418U 98046F   23174.93281215  .00001389  00000-0  53683-3 0  1491
2 25418  44.9997   2.9359 0002832 257.6170 248.6216 14.34578389300290
1 25418U 98046F   23176.26054586  .00001520  00000-0  58291-3 0  1507
2 25418  44.9997 356.6755 0002874 261.8336 268.1083 14.34583347300486
1 25418U 98046F   23177.35537292  .00001478  00000-0  56798-3 0  1511
2 25418  44.9997 351.5133 0002879 265.4740 164.1755 14.34586550300642
1 25418U 98046F   23178.46105244  .00001291  00000-0  50244-3 0  1526
2 25418  44.9996 346.2997 0002903 268.6715 116.8023 14.34589065300809
1 25418U 98046F   23179.71238228  .00001168  00000-0  45933-3 0  1537
2 25418  44.9996 340.3995 0002911 272.0718 102.1862 14.34592478300983
1 25418U 98046F   23182.14698621  .00000955  00000-0  38438-3 0  1552
2 25418  44.9996 328.9201 0002938 279.8564  80.1951 14.34598502301325
1 25418U 98046F   23183.40047841  .00000864  00000-0  35264-3 0  1568
2 25418  44.9994 323.0093 0002934 283.4154  76.6366 14.34601139301501
1 25418U 98046F   23184.44505330  .00000847  00000-0  34667-3 0  1573
2 25418  44.9993 318.0838 0002927 286.9126  73.1399 14.34603559301652
1 25418U 98046F   23186.04673167  .00000885  00000-0  35968-3 0  1583
2 25418  44.9992 310.5313 0002897 292.6465  67.4075 14.34607376301885
1 25418U 98046F   23187.36985473  .00000915  00000-0  37035-3 0  1597
2 25418  44.9991 304.2923 0002893 296.5606  63.4944 14.34610237302070
1 25418U 98046F   23189.38935307  .00001021  00000-0  40760-3 0  1602
2 25418  44.9989 294.7697 0002844 303.2304  56.8270 14.34615070302365
1 25418U 98046F   23190.64283226  .00000847  00000-0  34639-3 0  1613
2 25418  44.9987 288.8592 0002806 307.1726  52.8865 14.34616748302549
1 25418U 98046F   23191.96594643  .00000740  00000-0  30908-3 0  1625
2 25418  44.9985 282.6202 0002759 311.7794  48.2817 14.34619049302734
1 25418U 98046F   23193.49796973  .00000938  00000-0  37838-3 0  1634
2 25418  44.9982 275.3960 0002700 317.1290  42.9347 14.34623458302950
1 25418U 98046F   23194.61216663  .00000934  00000-0  37705-3 0  1653
2 25418  44.9980 270.1420 0002652 321.1419  38.9237 14.34625731303114
1 25418U 98046F   23195.86563540  .00001007  00000-0  40237-3 0  1667
2 25418  44.9977 264.2312 0002591 325.8217  34.2463 14.34628847303293
1 25418U 98046F   23197.18873892  .00000925  00000-0  37362-3 0  1672
2 25418  44.9974 257.9918 0002543 330.0433  30.0268 14.34631260303487
1 25418U 98046F   23198.44220254  .00001032  00000-0  41131-3 0  1680
2 25418  44.9973 252.0809 0002461 335.2298  24.8430 14.34634806303667
1 25418U 98046F   23199.48675341  .00000987  00000-0  39535-3 0  1690
2 25418  44.9972 247.1551 0002398 339.4600  20.6150 14.34637134303814
1 25418U 98046F   23201.15803169  .00000992  00000-0  39698-3 0  1707
2 25418  44.9969 239.2737 0002301 345.9843  14.0939 14.34640982304057
1 25418U 98046F   23202.41148743  .00000979  00000-0  39239-3 0  1714
2 25418  44.9968 233.3627 0002220 351.6405   8.4404 14.34643742304238
1 25418U 98046F   23205.47548088  .00000915  00000-0  37006-3 0    11
2 25418  44.9965 218.9134 0001980   6.9727 353.1147 14.34650032304500
1 25418U 98046F   23206.58965478  .00001047  00000-0  41643-3 0    19
2 25418  44.9964 213.6587 0001928  13.5335 346.5563 14.34653718304663
1 25418U 98046F   23207.56455760  .00001131  00000-0  44552-3 0    12
2 25418  44.9966 209.0613 0001839  18.4764 341.6150 14.34656153304805
1 25418U 98046F   23208.05200776  .00001106  00000-0  43705-3 0  1755
2 25418  44.9967 206.7623 0001810  21.2499 338.8423 14.34657205305044
1 25418U 98046F   23208.40018649  .00001085  00000-0  42940-3 0    14
2 25418  44.9967 205.1204 0001797  23.6668 336.4261 14.34657854304920
1 25418U 98046F   23208.67872919  .00001037  00000-0  41291-3 0    16
2 25418  44.9968 203.8068 0001773  25.0144 335.0789 14.34658252304960
1 25418U 98046F   23209.37508499  .00001023  00000-0  40779-3 0  1761
2 25418  44.9969 200.5228 0001739  29.6336 330.4609 14.34659930305233
1 25418U 98046F   23209.37508499  .00001023  00000-0  40779-3 0    18
2 25418  44.9969 200.5228 0001739  29.6336 330.4609 14.34659930305064
1 25418U 98046F   23210.97669948  .00001191  00000-0  46660-3 0  1778
2 25418  44.9971 192.9696 0001697  40.5065 319.5908 14.34665060305469
1 25418U 98046F   23212.02122819  .00001194  00000-0  46778-3 0  1781
2 25418  44.9970 188.0436 0001636  47.8941 312.2045 14.34667900305616
1 25418U 98046F   23213.27465971  .00001146  00000-0  45070-3 0  1790
2 25418  44.9970 182.1326 0001561  56.7216 303.3780 14.34671114305798
1 25418U 98046F   23214.59772167  .00001321  00000-0  51219-3 0  1803
2 25418  44.9971 175.8931 0001570  66.7669 293.3343 14.34676131305981
1 25418U 98046F   23216.19931814  .00001375  00000-0  53098-3 0  1814
2 25418  44.9973 168.3399 0001537  79.6003 280.5017 14.34681266306214
1 25418U 98046F   23217.94017529  .00001651  00000-0  62730-3 0  1827
2 25418  44.9975 160.1300 0001536  93.1299 266.9724 14.34688766306467
1 25418U 98046F   23219.12395514  .00001489  00000-0  57074-3 0  1837
2 25418  44.9976 154.5472 0001614 101.9571 258.1457 14.34691818306630
1 25418U 98046F   23220.30772997  .00001713  00000-0  64913-3 0  1844
2 25418  44.9976 148.9643 0001651 111.6584 248.4439 14.34697430306807
1 25418U 98046F   23221.49150246  .00001420  00000-0  54647-3 0  1851
2 25418  44.9978 143.3816 0001692 120.8470 239.2543 14.34699989306974
1 25418U 98046F   23223.02343846  .00001246  00000-0  48543-3 0  1867
2 25418  44.9979 136.1568 0001816 131.3690 228.7313 14.34704220307196
1 25418U 98046F   23224.06793778  .00001215  00000-0  47455-3 0  1873
2 25418  44.9979 131.2308 0001910 138.3123 221.7870 14.34707228307346
1 25418U 98046F   23225.11243497  .00001242  00000-0  48420-3 0  1882
2 25418  44.9979 126.3049 0001986 144.9371 215.1607 14.34710379307496
1 25418U 98046F   23226.15693050  .00001161  00000-0  45568-3 0  1892
2 25418  44.9980 121.3789 0002078 151.0366 209.0597 14.34712785307640
1 25418U 98046F   23227.96738414  .00001219  00000-0  47594-3 0  1903
2 25418  44.9981 112.8403 0002246 161.6824 198.4104 14.34717966307902
1 25418U 98046F   23229.08150577  .00001278  00000-0  49665-3 0  1913
2 25418  44.9981 107.5858 0002337 167.8405 192.2498 14.34721433308061
1 25418U 98046F   23230.82231569  .00001272  00000-0  49438-3 0  1921
2 25418  44.9982  99.3756 0002511 176.4429 183.6436 14.34726399308313
1 25418U 98046F   23232.07569466  .00001359  00000-0  52478-3 0  1935
2 25418  44.9982  93.4643 0002646 182.2235 177.8600 14.34730612308492
1 25418U 98046F   23234.09502061  .00001308  00000-0  50674-3 0  1948
2 25418  44.9982  83.9402 0002870 191.3202 168.7581 14.34736522308788
1 25418U 98046F   23236.88028417  .00001231  00000-0  47986-3 0    19
2 25418  44.9983  70.8028 0003111 204.4043 155.6656 14.34744304309018
1 25418U 98046F   23237.01954696  .00001231  00000-0  47986-3 0  1967
2 25418  44.9983  70.1460 0003130 204.9009 155.1687 14.34744698309205
1 25418U 98046F   23237.01954696  .00001231  00000-0  47986-3 0    12
2 25418  44.9983  70.1460 0003130 204.9009 155.1687 14.34744698309036
1 25418U 98046F   23237.92475489  .00001204  00000-0  47029-3 0    18
2 25418  44.9985  65.8766 0003189 208.9020 151.1651 14.34746843309164
1 25418U 98046F   23238.55143623  .00001209  00000-0  47195-3 0    19
2 25418  44.9986  62.9206 0003251 211.5388 148.5264 14.34748485309253
1 25418U 98046F   23238.69069864  .00001211  00000-0  47282-3 0  1974
2 25418  44.9987  62.2638 0003270 212.0623 148.0025 14.34748866309449
1 25418U 98046F   23238.69069864  .00001211  00000-0  47282-3 0    18
2 25418  44.9987  62.2638 0003270 212.0623 148.0025 14.34748866309270
1 25418U 98046F   23238.89959230  .00001201  00000-0  46934-3 0    17
2 25418  44.9987  61.2786 0003271 213.0083 147.0560 14.34749327309305
1 25418U 98046F   23239.87442797  .00001187  00000-0  46442-3 0    18
2 25418  44.9989  56.6807 0003354 217.0037 143.0578 14.34751760309448
1 25418U 98046F   23239.87442797  .00001187  00000-0  46442-3 0  1985
2 25418  44.9989  56.6807 0003354 217.0037 143.0578 14.34751760309617
1 25418U 98046F   23240.84926159  .00001169  00000-0  45813-3 0    17
2 25418  44.9991  52.0830 0003457 220.8151 139.2438 14.34754336309589
1 25418U 98046F   23241.19741625  .00001154  00000-0  45270-3 0  1998
2 25418  44.9992  50.4408 0003482 222.2402 137.8177 14.34755132309800
1 25418U 98046F   23241.61520146  .00001181  00000-0  46220-3 0    16
2 25418  44.9992  48.4704 0003525 223.9286 136.1281 14.34756380309693
1 25418U 98046F   23242.59003206  .00001197  00000-0  46776-3 0  2001
2 25418  44.9993  43.8727 0003587 227.8782 132.1760 14.34759154310007
1 25418U 98046F   23242.72929321  .00001214  00000-0  47369-3 0    19
2 25418  44.9993  43.2159 0003601 228.4540 131.5998 14.34759690309858
1 25418U 98046F   23243.84338280  .00001215  00000-0  47405-3 0    13
2 25418  44.9994  37.9614 0003665 232.9311 127.1201 14.34762767310018
1 25418U 98046F   23244.12190470  .00001218  00000-0  47496-3 0  2017
2 25418  44.9995  36.6477 0003688 234.0731 125.9774 14.34763595310220
1 25418U 98046F   23244.47005702  .00001319  00000-0  51032-3 0    19
2 25418  44.9995  35.0055 0003711 235.4521 124.5975 14.34765067310105
1 25418U 98046F   23244.88783938  .00001329  00000-0  51388-3 0    13
2 25418  44.9995  33.0351 0003732 237.0975 122.9513 14.34766300310163
1 25418U 98046F   23245.44488230  .00001366  00000-0  52692-3 0  2026
2 25418  44.9995  30.4076 0003774 239.3068 120.7408 14.34767960310412
1 25418U 98046F   23245.44488230  .00001366  00000-0  52692-3 0    13
2 25418  44.9995  30.4076 0003774 239.3068 120.7408 14.34767960310243
1 25418U 98046F   23245.79303168  .00001725  00000-0  65229-3 0    16
2 25418  44.9996  28.7656 0003792 240.7044 119.3424 14.34771463310298
1 25418U 98046F   23246.55896550  .00001409  00000-0  54162-3 0    16
2 25418  44.9996  25.1529 0003846 243.6161 116.4292 14.34771407310402
1 25418U 98046F   23246.69822571  .00001416  00000-0  54420-3 0  2032
2 25418  44.9996  24.4961 0003849 244.1909 115.8541 14.34771859310594
1 25418U 98046F   23247.53378703  .00001236  00000-0  48138-3 0    14
2 25418  44.9996  20.5549 0003909 247.3490 112.6944 14.34773125310545
1 25418U 98046F   23247.74267702  .00001249  00000-0  48577-3 0  2049
2 25418  44.9996  19.5697 0003905 248.3302 111.7129 14.34773799310740
1 25418U 98046F   23248.50860630  .00001205  00000-0  47029-3 0    11
2 25418  44.9997  15.9570 0003958 251.2233 108.8185 14.34775774310682
1 25418U 98046F   23249.06564475  .00001247  00000-0  48526-3 0  2056
2 25418  44.9998  13.3298 0003977 253.5360 106.5050 14.34777730310937
1 25418U 98046F   23249.34416414  .00001318  00000-0  50997-3 0    14
2 25418  44.9998  12.0160 0003991 254.6337 105.4068 14.34778825310802
1 25418U 98046F   23250.31897959  .00001355  00000-0  52288-3 0  2063
2 25418  45.0000   7.4183 0004010 258.6340 101.4056 14.34782001311111
1 25418U 98046F   23250.31897959  .00001355  00000-0  52288-3 0    16
2 25418  45.0000   7.4183 0004010 258.6340 101.4056 14.34782001310941
1 25418U 98046F   23250.73675741  .00001264  00000-0  49098-3 0    19
2 25418  44.9999   5.4478 0004022 260.1894  99.8499 14.34782674311001
1 25418U 98046F   23251.43305208  .00001327  00000-0  51291-3 0  2071
2 25418  45.0001   2.1637 0004075 262.8772  97.1612 14.34785192311275
1 25418U 98046F   23251.43305208  .00001327  00000-0  51291-3 0    13
2 25418  45.0001   2.1637 0004075 262.8772  97.1612 14.34785192311107
1 25418U 98046F   23251.71157012  .00001283  00000-0  49746-3 0    15
2 25418  45.0000   0.8501 0004089 263.9790  96.0591 14.34785676311143
1 25418U 98046F   23252.54712239  .00001339  00000-0  51713-3 0    14
2 25418  45.0001 356.9092 0004121 267.3193  92.7182 14.34788450311261
1 25418U 98046F   23252.68638097  .00001350  00000-0  52105-3 0  2086
2 25418  45.0001 356.2524 0004113 267.8948  92.1428 14.34788916311453
1 25418U 98046F   23253.52193184  .00001376  00000-0  52991-3 0    15
2 25418  45.0001 352.3114 0004132 271.1714  88.8660 14.34791438311403
1 25418U 98046F   23253.73081930  .00001384  00000-0  53292-3 0  2097
2 25418  45.0001 351.3263 0004140 272.0619  87.9754 14.34792103311606
1 25418U 98046F   23254.56636811  .00001462  00000-0  55996-3 0    13
2 25418  45.0001 347.3854 0004162 275.4088  84.6284 14.34795047311554
1 25418U 98046F   23255.40191551  .00001464  00000-0  56078-3 0  2100
2 25418  45.0000 343.4443 0004170 278.6272  81.4102 14.34797626311844
1 25418U 98046F   23255.61080190  .00001491  00000-0  56997-3 0    17
2 25418  45.0000 342.4590 0004175 279.4034  80.6341 14.34798473311708
1 25418U 98046F   23255.75005876  .00001680  00000-0  63591-3 0    18
2 25418  44.9999 341.8022 0004176 280.1194  79.9182 14.34800164311720
1 25418U 98046F   23256.30708830  .00001783  00000-0  67216-3 0    12
2 25418  44.9998 339.1747 0004186 282.1258  77.9120 14.34802695311807
1 25418U 98046F   23256.65523207  .00001639  00000-0  62156-3 0  2114
2 25418  44.9998 337.5326 0004185 283.6065  76.4315 14.34802975312029
1 25418U 98046F   23256.65523207  .00001639  00000-0  62156-3 0    11
2 25418  44.9998 337.5326 0004185 283.6065  76.4315 14.34802975311859
1 25418U 98046F   23257.56040330  .00001665  00000-0  63092-3 0    12
2 25418  44.9997 333.2630 0004214 287.0433  72.9952 14.34806206311982
1 25418U 98046F   23257.69966016  .00001670  00000-0  63264-3 0  2125
2 25418  44.9996 332.6061 0004205 287.5828  72.4559 14.34806739312176
1 25418U 98046F   23257.90854568  .00001483  00000-0  56716-3 0    19
2 25418  44.9997 331.6209 0004199 288.4591  71.5799 14.34806437312035
1 25418U 98046F   23258.53520134  .00001479  00000-0  56579-3 0    10
2 25418  44.9996 328.6651 0004187 291.0157  69.0242 14.34808487312128
1 25418U 98046F   23258.88334265  .00001414  00000-0  54321-3 0  2133
2 25418  44.9996 327.0230 0004178 292.4422  67.5982 14.34809425312345
1 25418U 98046F   23259.50999685  .00001430  00000-0  54869-3 0    16
2 25418  44.9995 324.0672 0004175 294.8632  65.1781 14.34811564312266
1 25418U 98046F   23260.48478924  .00001656  00000-0  62764-3 0    16
2 25418  44.9993 319.4691 0004153 298.8723  61.1707 14.34816387312402
1 25418U 98046F   23261.32032571  .00001483  00000-0  56709-3 0    14
2 25418  44.9992 315.5280 0004151 302.3016  57.7429 14.34817972312522
1 25418U 98046F   23261.59883713  .00001483  00000-0  56703-3 0  2156
2 25418  44.9991 314.2143 0004143 303.5392  56.5059 14.34818927312736
1 25418U 98046F   23261.87734817  .00001541  00000-0  58725-3 0    11
2 25418  44.9991 312.9006 0004137 304.6692  55.3765 14.34820262312609
1 25418U 98046F   23263.13064534  .00001562  00000-0  59473-3 0  2166
2 25418  44.9988 306.9888 0004109 309.7691  50.2793 14.34825001312959
1 25418U 98046F   23263.54841045  .00001629  00000-0  61800-3 0    14
2 25418  44.9987 305.0182 0004089 311.6615  48.3882 14.34826831312847
1 25418U 98046F   23264.38393932  .00001678  00000-0  63495-3 0  2179
2 25418  44.9986 301.0769 0004062 315.1525  44.8993 14.34830060313139
1 25418U 98046F   23264.52319416  .00001616  00000-0  61323-3 0    11
2 25418  44.9985 300.4201 0004057 315.7586  44.2936 14.34830176312980
1 25418U 98046F   23264.80170325  .00001634  00000-0  61949-3 0    10
2 25418  44.9985 299.1063 0004049 316.9602  43.0928 14.34831291313026
1 25418U 98046F   23265.49797509  .00001728  00000-0  65256-3 0    14
2 25418  44.9983 295.8218 0004013 319.9842  40.0709 14.34834337313128
1 25418U 98046F   23265.49797509  .00001728  00000-0  65256-3 0  2184
2 25418  44.9983 295.8218 0004013 319.9842  40.0709 14.34834337313296
1 25418U 98046F   23265.77648330  .00001734  00000-0  65462-3 0    18
2 25418  44.9983 294.5080 0003998 321.1762  38.8797 14.34835464313166
1 25418U 98046F   23266.12461834  .00001743  00000-0  65767-3 0    18
2 25418  44.9982 292.8656 0003984 322.5888  37.4681 14.34836824313218
1 25418U 98046F   23267.44752868  .00001707  00000-0  64508-3 0  2197
2 25418  44.9980 286.6249 0003937 328.5106  31.5505 14.34841699313577
1 25418U 98046F   23267.51715519  .00001811  00000-0  68113-3 0    18
2 25418  44.9980 286.2965 0003925 328.8283  31.2330 14.34842584313414
1 25418U 98046F   23268.49192734  .00002219  00000-0  82338-3 0    12
2 25418  44.9971 281.6984 0003875 332.5616  27.5026 14.34847945313551
1 25418U 98046F   23268.77043278  .00002205  00000-0  81874-3 0  2203
2 25418  44.9971 280.3846 0003808 333.5723  26.4930 14.34849347313763
1 25418U 98046F   23268.77043278  .00002205  00000-0  81874-3 0    10
2 25418  44.9971 280.3846 0003808 333.5723  26.4930 14.34849347313594
1 25418U 98046F   23268.97931178  .00002209  00000-0  81997-3 0    17
2 25418  44.9970 279.3991 0003800 334.4795  25.5864 14.34850377313628
1 25418U 98046F   23269.95407823  .00002243  00000-0  83165-3 0  2212
2 25418  44.9969 274.8006 0003730 338.9558  21.1135 14.34855546313931
1 25418U 98046F   23270.44146083  .00002039  00000-0  76074-3 0    16
2 25418  44.9968 272.5015 0003715 341.6194  18.4518 14.34857211313839
1 25418U 98046F   23271.13771976  .00001825  00000-0  68608-3 0  2229
2 25418  44.9968 269.2167 0003679 344.7480  15.3256 14.34859935314102
1 25418U 98046F   23271.34659726  .00001810  00000-0  68064-3 0    15
2 25418  44.9968 268.2314 0003669 345.8593  14.2150 14.34860829313969
1 25418U 98046F   23271.90360316  .00001864  00000-0  69936-3 0    19
2 25418  44.9968 265.6036 0003662 348.5745  11.5018 14.34863458314047
1 25418U 98046F   23272.39098272  .00001821  00000-0  68460-3 0  2232
2 25418  44.9967 263.3044 0003639 351.1775   8.9007 14.34865400314280
1 25418U 98046F   23272.39098272  .00001821  00000-0  68460-3 0    16
2 25418  44.9967 263.3044 0003639 351.1775   8.9007 14.34865400314112
1 25418U 98046F   23272.94798648  .00001994  00000-0  74490-3 0    12
2 25418  44.9967 260.6765 0003612 353.9156   6.1647 14.34868492314198
1 25418U 98046F   23273.64424002  .00001964  00000-0  73439-3 0  2246
2 25418  44.9968 257.3919 0003557 357.6478   2.4352 14.34871570314462
1 25418U 98046F   23273.99236591  .00002086  00000-0  77682-3 0    11
2 25418  44.9967 255.7494 0003483 359.1002   0.9838 14.34873606314340
1 25418U 98046F   23274.61899136  .00002362  00000-0  87278-3 0    10
2 25418  44.9968 252.7933 0003449   2.4915 357.5949 14.34877739314434
1 25418U 98046F   23275.38486501  .00002433  00000-0  89748-3 0  2254
2 25418  44.9968 249.1799 0003398   6.6153 353.4739 14.34882052314714
1 25418U 98046F   23275.38486501  .00002433  00000-0  89748-3 0    16
2 25418  44.9968 249.1799 0003398   6.6153 353.4739 14.34882052314545
1 25418U 98046F   23276.35960988  .00002330  00000-0  86142-3 0    11
2 25418  44.9969 244.5813 0003318  12.1538 347.9388 14.34887199314683
1 25418U 98046F   23276.63810761  .00002359  00000-0  87154-3 0  2269
2 25418  44.9970 243.2675 0003290  13.7180 346.3756 14.34888917314890
1 25418U 98046F   23276.63810761  .00002359  00000-0  87154-3 0    10
2 25418  44.9970 243.2675 0003290  13.7180 346.3756 14.34888917314722
1 25418U 98046F   23277.33435093  .00002545  00000-0  93636-3 0    18
2 25418  44.9970 239.9828 0003257  17.7883 342.3077 14.34893382314826
1 25418U 98046F   23277.61284734  .00002724  00000-0  99876-3 0    14
2 25418  44.9970 238.6689 0003208  19.1354 340.9613 14.34895652314868
1 25418U 98046F   23278.03059179  .00002725  00000-0  99888-3 0  2278
2 25418  44.9969 236.6981 0003166  21.4948 338.6031 14.34898033315097
1 25418U 98046F   23278.58758293  .00003024  00000-0  11032-2 0    18
2 25418  44.9969 234.0705 0003139  24.8062 335.2935 14.34902338315008
1 25418U 98046F   23279.07494925  .00003011  00000-0  10986-2 0  2286
2 25418  44.9968 231.7713 0003099  27.6873 332.4138 14.34905197315242
1 25418U 98046F   23279.56231445  .00003227  00000-0  11737-2 0    19
2 25418  44.9968 229.4720 0003072  30.5666 329.5359 14.34908840315147
1 25418U 98046F   23280.53704137  .00003106  00000-0  11314-2 0    18
2 25418  44.9966 224.8735 0003027  36.7702 323.3352 14.34914772315280
1 25418U 98046F   23280.88515700  .00003114  00000-0  11341-2 0  2293
2 25418  44.9966 223.2310 0003003  38.9221 321.1841 14.34917085315500
1 25418U 98046F   23281.30289485  .00003116  00000-0  11347-2 0    15
2 25418  44.9966 221.2604 0002986  41.5620 318.5453 14.34919990315399
1 25418U 98046F   23281.85987732  .00003152  00000-0  11472-2 0    14
2 25418  44.9966 218.6325 0002950  44.9951 315.1135 14.34923962315477
1 25418U 98046F   23282.13836795  .00003178  00000-0  11563-2 0  2301
2 25418  44.9965 217.3186 0002933  46.9921 313.1171 14.34926130315688
1 25418U 98046F   23282.55610327  .00003021  00000-0  11014-2 0    12
2 25418  44.9967 215.3479 0002937  49.7673 310.3430 14.34928478315574
1 25418U 98046F   23282.83459282  .00003196  00000-0  11622-2 0    12
2 25418  44.9967 214.0339 0002918  51.6234 308.4875 14.34931032315615
1 25418U 98046F   23283.25232657  .00003073  00000-0  11196-2 0  2319
2 25418  44.9967 212.0630 0002888  54.5175 305.5941 14.34933953315840
1 25418U 98046F   23283.53081524  .00003078  00000-0  11213-2 0    15
2 25418  44.9968 210.7492 0002872  56.2825 303.8296 14.34935960315716
1 25418U 98046F   23283.87892590  .00002798  00000-0  10235-2 0    16
2 25418  44.9968 209.1067 0002867  58.7488 301.3640 14.34937558315768
1 25418U 98046F   23284.50552394  .00002893  00000-0  10565-2 0    14
2 25418  44.9970 206.1506 0002850  62.9144 297.1993 14.34941361315854
1 25418U 98046F   23284.78401136  .00002897  00000-0  10581-2 0  2329
2 25418  44.9970 204.8367 0002843  64.8166 295.2975 14.34943093316068
1 25418U 98046F   23285.20174195  .00002777  00000-0  10161-2 0    14
2 25418  44.9972 202.8659 0002830  67.5550 292.5597 14.34945251315950
1 25418U 98046F   23285.75871498  .00002799  00000-0  10238-2 0    13
2 25418  44.9971 200.2381 0002803  71.1900 288.9251 14.34948520316031
1 25418U 98046F   23286.17644439  .00002540  00000-0  93362-3 0  2334
2 25418  44.9971 198.2673 0002811  74.1897 285.9260 14.34949888316268
1 25418U 98046F   23286.45493013  .00002553  00000-0  93826-3 0    17
2 25418  44.9972 196.9535 0002815  76.0195 284.0965 14.34951443316135
1 25418U 98046F   23286.87265736  .00003056  00000-0  11132-2 0    10
2 25418  44.9970 194.9825 0002798  79.0329 281.0832 14.34955572316198
1 25418U 98046F   23287.42962694  .00002843  00000-0  10388-2 0  2342
2 25418  44.9970 192.3548 0002804  82.7258 277.3908 14.34957951316445
1 25418U 98046F   23287.42962694  .00002843  00000-0  10388-2 0    14
2 25418  44.9970 192.3548 0002804  82.7258 277.3908 14.34957951316276
1 25418U 98046F   23287.84735341  .00002615  00000-0  95956-3 0    19
2 25418  44.9971 190.3838 0002813  85.7367 274.3801 14.34959480316336
1 25418U 98046F   23288.40432086  .00002515  00000-0  92458-3 0    15
2 25418  44.9970 187.7562 0002825  89.3482 270.7688 14.34962259316410
1 25418U 98046F   23288.75242509  .00002347  00000-0  86627-3 0  2355
2 25418  44.9969 186.1136 0002832  91.8203 268.2968 14.34963540316636
1 25418U 98046F   23288.82204586  .00002290  00000-0  84634-3 0    10
2 25418  44.9969 185.7851 0002836  92.3472 267.7700 14.34963755316471
1 25418U 98046F   23289.44863205  .00002235  00000-0  82715-3 0    15
2 25418  44.9968 182.8289 0002855  96.4416 263.6756 14.34966909316567
1 25418U 98046F   23289.79673522  .00002016  00000-0  75107-3 0    18
2 25418  44.9967 181.1865 0002874  99.0000 261.1173 14.34967872316619
1 25418U 98046F   23289.79673522  .00002016  00000-0  75107-3 0  2368
2 25418  44.9967 181.1865 0002874  99.0000 261.1173 14.34967872316787
1 25418U 98046F   23290.42332013  .00001761  00000-0  66229-3 0    18
2 25418  44.9966 178.2302 0002900 103.1075 257.0095 14.34969787316704
1 25418U 98046F   23291.39800619  .00001587  00000-0  60174-3 0  2377
2 25418  44.9965 173.6314 0002940 109.7278 250.3886 14.34972715317010
1 25418U 98046F   23291.04990405  .00001749  00000-0  65790-3 0    10
2 25418  44.9965 175.2738 0002935 107.4808 252.6360 14.34972145316799
1 25418U 98046F   23292.09420900  .00001882  00000-0  70417-3 0    14
2 25418  44.9965 170.3465 0002979 114.3615 245.7543 14.34975941316943
1 25418U 98046F   23292.79041070  .00001910  00000-0  71400-3 0  2385
2 25418  44.9963 167.0615 0003002 119.1388 240.9760 14.34978226317217
1 25418U 98046F   23292.92965096  .00001936  00000-0  72286-3 0    12
2 25418  44.9963 166.4045 0003016 119.8439 240.2707 14.34978741317065
1 25418U 98046F   23292.99927106  .00001964  00000-0  73259-3 0    11
2 25418  44.9963 166.0761 0003025 120.3001 239.8146 14.34979035317077
1 25418U 98046F   23293.76509122  .00001759  00000-0  66147-3 0    11
2 25418  44.9963 162.4626 0003076 125.2412 234.8723 14.34980946317184
1 25418U 98046F   23294.32204981  .00001952  00000-0  72859-3 0  2394
2 25418  44.9962 159.8347 0003122 128.5123 231.6005 14.34983781317436
1 25418U 98046F   23294.32204981  .00001952  00000-0  72859-3 0    11
2 25418  44.9962 159.8347 0003122 128.5123 231.6005 14.34983781317267
1 25418U 98046F   23294.87900724  .00001580  00000-0  59915-3 0    14
2 25418  44.9970 157.2067 0003142 131.3803 228.7315 14.34984993317342
1 25418U 98046F   23295.57520364  .00001489  00000-0  56722-3 0    11
2 25418  44.9969 153.9217 0003191 135.5780 224.5323 14.34986994317441
1 25418U 98046F   23295.71444279  .00001477  00000-0  56326-3 0  2409
2 25418  44.9969 153.2647 0003206 136.4782 223.6318 14.34987433317634
1 25418U 98046F   23295.92330087  .00001660  00000-0  62676-3 0    17
2 25418  44.9969 152.2793 0003205 137.6394 222.4701 14.34989308317496
1 25418U 98046F   23296.75873439  .00001510  00000-0  57448-3 0  2413
2 25418  44.9967 148.3371 0003278 142.6917 217.4158 14.34991439317789
1 25418U 98046F   23296.89797291  .00001565  00000-0  59354-3 0    11
2 25418  44.9967 147.6801 0003295 143.4605 216.6467 14.34992298317633
1 25418U 98046F   23297.59416617  .00001422  00000-0  54409-3 0    17
2 25418  44.9966 144.3950 0003356 147.6449 212.4605 14.34993918317730
1 25418U 98046F   23297.66378539  .00001418  00000-0  54243-3 0    16
2 25418  44.9966 144.0665 0003363 148.0592 212.0459 14.34994151317746
1 25418U 98046F   23298.56883473  .00001316  00000-0  50695-3 0  2425
2 25418  44.9966 139.7960 0003438 153.0765 207.0261 14.34996702318049
1 25418U 98046F   23298.56883473  .00001316  00000-0  50695-3 0    18
2 25418  44.9966 139.7960 0003438 153.0765 207.0261 14.34996702317879
1 25418U 98046F   23299.54350063  .00001354  00000-0  52033-3 0    11
2 25418  44.9967 135.1969 0003527 158.5950 201.5045 14.35000283318011
1 25418U 98046F   23299.75235733  .00001355  00000-0  52069-3 0  2438
2 25418  44.9967 134.2114 0003550 159.7091 200.3897 14.35000998318215
1 25418U 98046F   23299.89159490  .00001410  00000-0  53978-3 0    12
2 25418  44.9967 133.5544 0003556 160.4607 199.6377 14.35001803318064
1 25418U 98046F   23300.58778288  .00001455  00000-0  55529-3 0    16
2 25418  44.9968 130.2693 0003620 164.3228 195.7732 14.35004361318163
1 25418U 98046F   23300.79663883  .00001480  00000-0  56403-3 0  2442
2 25418  44.9968 129.2838 0003649 165.4607 194.6346 14.35005254318369
1 25418U 98046F   23300.79663883  .00001480  00000-0  56403-3 0    13
2 25418  44.9968 129.2838 0003649 165.4607 194.6346 14.35005254318190
1 25418U 98046F   23301.56244368  .00001657  00000-0  62553-3 0    11
2 25418  44.9969 125.6702 0003714 169.5933 190.4991 14.35008770318300
1 25418U 98046F   23301.77129926  .00001669  00000-0  62976-3 0    18
2 25418  44.9968 124.6847 0003725 170.7136 189.3780 14.35009537318337
1 25418U 98046F   23302.18900975  .00001899  00000-0  70951-3 0  2452
2 25418  44.9969 122.7137 0003754 172.9416 187.1485 14.35012297318566
1 25418U 98046F   23302.53710174  .00001871  00000-0  69993-3 0    15
2 25418  44.9968 121.0710 0003788 174.7849 185.3038 14.35013366318440
1 25418U 98046F   23302.81557501  .00001884  00000-0  70420-3 0    10
2 25418  44.9968 119.7570 0003795 176.1879 183.8997 14.35014458318489
1 25418U 98046F   23303.51175737  .00001880  00000-0  70286-3 0  2462
2 25418  44.9967 116.4718 0003874 179.8235 180.2613 14.35017001318753
1 25418U 98046F   23303.79022966  .00001905  00000-0  71151-3 0    16
2 25418  44.9968 115.1579 0003911 181.2525 178.8313 14.35018293318626
1 25418U 98046F   23304.55602737  .00001835  00000-0  68717-3 0    17
2 25418  44.9959 111.5438 0004026 185.6108 174.4695 14.35021614318731
1 25418U 98046F   23304.76488095  .00001842  00000-0  68964-3 0  2473
2 25418  44.9959 110.5584 0004019 186.5849 173.4945 14.35022586318934
1 25418U 98046F   23304.76488095  .00001842  00000-0  68964-3 0    11
2 25418  44.9959 110.5584 0004019 186.5849 173.4945 14.35022586318765
1 25418U 98046F   23305.53067619  .00001615  00000-0  61058-3 0    17
2 25418  44.9960 106.9447 0004109 190.4617 169.6145 14.35025349318872
1 25418U 98046F   23305.80914669  .00001675  00000-0  63161-3 0  2489
2 25418  44.9961 105.6306 0004133 191.8128 168.2623 14.35026774319085
1 25418U 98046F   23305.80914669  .00001675  00000-0  63161-3 0    16
2 25418  44.9961 105.6306 0004133 191.8128 168.2623 14.35026774318916
1 25418U 98046F   23306.15723462  .00001758  00000-0  66025-3 0    18
2 25418  44.9962 103.9882 0004167 193.6084 166.4651 14.35028505318965
1 25418U 98046F   23306.78379172  .00001814  00000-0  67978-3 0    13
2 25418  44.9962 101.0315 0004207 196.4885 163.5826 14.35031433319057
1 25418U 98046F   23307.13187858  .00001822  00000-0  68261-3 0  2490
2 25418  44.9963  99.3890 0004226 198.1647 161.9050 14.35032954319275
1 25418U 98046F   23307.54958209  .00002165  00000-0  80155-3 0    14
2 25418  44.9964  97.4177 0004268 200.1808 159.8871 14.35035864319160
1 25418U 98046F   23307.89766803  .00002174  00000-0  80462-3 0    10
2 25418  44.9967  95.7755 0004300 202.0576 158.0086 14.35037473319219
1 25418U 98046F   23308.45460440  .00002387  00000-0  87876-3 0  2509
2 25418  44.9968  93.1475 0004341 204.7402 155.3237 14.35040830319469
1 25418U 98046F   23308.52422134  .00002430  00000-0  89373-3 0    12
2 25418  44.9967  92.8190 0004346 205.0361 155.0276 14.35041315319303
1 25418U 98046F   23308.66345503  .00002479  00000-0  91077-3 0    18
2 25418  44.9967  92.1619 0004369 205.7694 154.2936 14.35042238319324
1 25418U 98046F   23309.49885544  .00002873  00000-0  10475-2 0    14
2 25418  44.9969  88.2195 0004439 209.5579 150.5017 14.35048451319448
1 25418U 98046F   23309.70770502  .00002924  00000-0  10650-2 0  2514
2 25418  44.9968  87.2342 0004461 210.5674 149.4914 14.35049954319647
1 25418U 98046F   23309.70770502  .00002924  00000-0  10650-2 0    17
2 25418  44.9968  87.2342 0004461 210.5674 149.4914 14.35049954319478
1 25418U 98046F   23310.47348284  .00004407  00000-0  15795-2 0    14
2 25418  44.9967  83.6206 0004561 214.4867 145.5684 14.35060182319583
1 25418U 98046F   23310.68233035  .00004483  00000-0  16060-2 0    14
2 25418  44.9969  82.6352 0004547 215.3615 144.6931 14.35062649319610
1 25418U 98046F   23311.10002595  .00003982  00000-0  14321-2 0  2526
2 25418  44.9970  80.6641 0004549 217.2773 142.7759 14.35065116319843
1 25418U 98046F   23311.37848855  .00003934  00000-0  14153-2 0    14
2 25418  44.9969  79.3499 0004568 218.6408 141.4112 14.35067747319715
1 25418U 98046F   23311.65695103  .00003150  00000-0  11430-2 0    16
2 25418  44.9966  78.0359 0004662 220.1660 139.8843 14.35068355319758
1 25418U 98046F   23312.42272073  .00002541  00000-0  93147-3 0    18
2 25418  44.9966  74.4220 0004718 223.6901 136.3573 14.35073392319864
1 25418U 98046F   23312.42272073  .00002541  00000-0  93147-3 0  2537
2 25418  44.9966  74.4220 0004718 223.6901 136.3573 14.35073392320035
1 25418U 98046F   23313.32771903  .00002396  00000-0  88128-3 0    15
2 25418  44.9966  70.1510 0004778 227.8350 132.2091 14.35078475319990
1 25418U 98046F   23314.02387035  .00002212  00000-0  81709-3 0  2547
2 25418  44.9971  66.8659 0004729 230.3355 129.7075 14.35081544320268
1 25418U 98046F   23314.58078993  .00002338  00000-0  86088-3 0    12
2 25418  44.9973  64.2378 0004795 232.9126 127.1283 14.35084429320175
1 25418U 98046F   23315.41616768  .00002256  00000-0  83227-3 0  2555
2 25418  44.9977  60.2956 0004837 236.4951 123.5434 14.35088112320462
1 25418U 98046F   23315.55539713  .00002236  00000-0  82548-3 0    16
2 25418  44.9979  59.6388 0004840 237.2094 122.8287 14.35088786320315
1 25418U 98046F   23316.59961568  .00002119  00000-0  78461-3 0    17
2 25418  44.9978  54.7112 0004885 241.6583 118.3771 14.35093267320460
1 25418U 98046F   23316.59961568  .00002119  00000-0  78461-3 0  2569
2 25418  44.9978  54.7112 0004885 241.6583 118.3771 14.35093267320639
1 25418U 98046F   23317.57421724  .00001752  00000-0  65736-3 0    14
2 25418  44.9982  50.1122 0004950 246.0501 113.9828 14.35096324320605
1 25418U 98046F   23318.33997401  .00001488  00000-0  56566-3 0  2579
2 25418  44.9983  46.4986 0004991 249.3255 110.7057 14.35098564320886
1 25418U 98046F   23318.54881658  .00001507  00000-0  57231-3 0    17
2 25418  44.9984  45.5131 0004996 250.2555 109.7753 14.35099367320746
1 25418U 98046F   23318.61843077  .00001495  00000-0  56818-3 0    14
2 25418  44.9984  45.1847 0005003 250.5935 109.4371 14.35099579320750
1 25418U 98046F   23319.31457169  .00001380  00000-0  52804-3 0    19
2 25418  44.9986  41.8997 0005029 253.5521 106.4773 14.35101788320853
1 25418U 98046F   23319.94109783  .00001420  00000-0  54186-3 0  2588
2 25418  44.9987  38.9432 0005047 256.2841 103.7445 14.35103945321113
1 25418U 98046F   23320.21955367  .00001277  00000-0  49248-3 0    16
2 25418  44.9987  37.6291 0005059 257.4664 102.5617 14.35104346320989
1 25418U 98046F   23321.47260351  .00001268  00000-0  48908-3 0  2594
2 25418  44.9995  31.7157 0005073 262.9329  97.0941 14.35107525321339
1 25418U 98046F   23321.47260351  .00001268  00000-0  48908-3 0    19
2 25418  44.9995  31.7157 0005073 262.9329  97.0941 14.35107525321160
1 25418U 98046F   23321.89028600  .00001150  00000-0  44811-3 0    13
2 25418  44.9995  29.7447 0005076 264.7794  95.2474 14.35108238321228
1 25418U 98046F   23322.86487757  .00001002  00000-0  39690-3 0    18
2 25418  44.9995  25.1455 0005102 268.9380  91.0882 14.35110266321360
1 25418U 98046F   23323.14333206  .00000986  00000-0  39125-3 0  2609
2 25418  44.9995  23.8314 0005114 270.1137  89.9124 14.35110902321572
1 25418U 98046F   23323.42178628  .00001125  00000-0  43969-3 0    15
2 25418  44.9995  22.5173 0005116 271.3234  88.7027 14.35112430321447
1 25418U 98046F   23323.83946738  .00001097  00000-0  42990-3 0    16
2 25418  44.9995  20.5463 0005113 273.0743  86.9519 14.35113449321502
1 25418U 98046F   23324.46598877  .00001076  00000-0  42235-3 0  2610
2 25418  44.9996  17.5896 0005128 275.8558  84.1704 14.35114924321762
1 25418U 98046F   23324.60521560  .00001106  00000-0  43289-3 0    17
2 25418  44.9996  16.9327 0005128 276.4734  83.5529 14.35115460321615
1 25418U 98046F   23325.51018874  .00001314  00000-0  50494-3 0    14
2 25418  44.9996  12.6619 0005133 280.3445  79.6824 14.35119076321746
1 25418U 98046F   23325.51018874  .00001314  00000-0  50494-3 0  2623
2 25418  44.9996  12.6619 0005133 280.3445  79.6824 14.35119076321915
1 25418U 98046F   23326.48477253  .00001558  00000-0  58956-3 0    12
2 25418  44.9995   8.0625 0005130 284.5135  75.5142 14.35123406321885
1 25418U 98046F   23327.11128880  .00001840  00000-0  68755-3 0  2634
2 25418  44.9995   5.1057 0005127 287.1804  72.8482 14.35127161322149
1 25418U 98046F   23327.11128880  .00001840  00000-0  68755-3 0    14
2 25418  44.9995   5.1057 0005127 287.1804  72.8482 14.35127161321979
1 25418U 98046F   23328.43393059  .00002049  00000-0  75975-3 0  2647
2 25418  44.9995 358.8638 0005118 293.0713  66.9594 14.35133410322330
1 25418U 98046F   23328.50354310  .00002123  00000-0  78561-3 0    18
2 25418  44.9995 358.5352 0005107 293.3146  66.7163 14.35134112322173
1 25418U 98046F   23328.57315564  .00002128  00000-0  78713-3 0    17
2 25418  44.9995 358.2067 0005103 293.5883  66.4427 14.35134430322183
1 25418U 98046F   23330.10462389  .00004165  00000-0  14928-2 0  2659
2 25418  44.9988 350.9791 0005104 300.1304  59.9036 14.35149746322574
1 25418U 98046F   23330.10462389  .00004165  00000-0  14928-2 0    17
2 25418  44.9988 350.9791 0005104 300.1304  59.9036 14.35149746322406
1 25418U 98046F   23330.93996817  .00002437  00000-0  89413-3 0  2661
2 25418  44.9988 347.0368 0005095 303.7204  56.3157 14.35148769322690
1 25418U 98046F   23331.42724987  .00002330  00000-0  85696-3 0    11
2 25418  44.9988 344.7369 0005046 305.7738  54.2639 14.35151618322593
1 25418U 98046F   23332.05375304  .00002448  00000-0  89791-3 0  2670
2 25418  44.9987 341.7800 0005036 308.6259  51.4137 14.35156239322853
1 25418U 98046F   23332.40180980  .00002493  00000-0  91348-3 0    10
2 25418  44.9987 340.1375 0005003 310.2383  49.8026 14.35158666322735
1 25418U 98046F   23333.37636583  .00002606  00000-0  95222-3 0  2688
2 25418  44.9988 335.5378 0004944 314.3218  45.7223 14.35165171323040
1 25418U 98046F   23333.37636583  .00002606  00000-0  95222-3 0    13
2 25418  44.9988 335.5378 0004944 314.3218  45.7223 14.35165171322870
1 25418U 98046F   23335.04702431  .00002677  00000-0  97684-3 0  2693
2 25418  44.9988 327.6526 0004893 322.4496  37.6009 14.35175407323289
1 25418U 98046F   23335.04702431  .00002677  00000-0  97684-3 0    17
2 25418  44.9988 327.6526 0004893 322.4496  37.6009 14.35175407323111
1 25418U 98046F   23336.02156889  .00003418  00000-0  12333-2 0    17
2 25418  44.9988 323.0526 0004813 326.4816  33.5726 14.35183786323258
1 25418U 98046F   23336.92649879  .00002561  00000-0  93647-3 0  2706
2 25418  44.9987 318.7818 0004774 330.8221  29.2359 14.35187500323552
1 25418U 98046F   23337.34415791  .00002858  00000-0  10393-2 0    14
2 25418  44.9986 316.8103 0004745 333.0162  27.0437 14.35191077323449
1 25418U 98046F   23337.97064464  .00002307  00000-0  84828-3 0  2713
2 25418  44.9985 313.8539 0004684 335.8757  24.1870 14.35193766323705
1 25418U 98046F   23337.97064464  .00002307  00000-0  84828-3 0    14
2 25418  44.9985 313.8539 0004684 335.8757  24.1870 14.35193766323536
1 25418U 98046F   23338.94517719  .00001847  00000-0  68907-3 0    16
2 25418  44.9984 309.2537 0004537 339.5848  20.4817 14.35198202323676
1 25418U 98046F   23339.29322407  .00001681  00000-0  63155-3 0  2729
2 25418  44.9983 307.6113 0004525 341.7417  18.3267 14.35199583323893
1 25418U 98046F   23339.29322407  .00001681  00000-0  63155-3 0    19
2 25418  44.9983 307.6113 0004525 341.7417  18.3267 14.35199583323725
1 25418U 98046F   23340.26775422  .00001402  00000-0  53464-3 0    10
2 25418  44.9983 303.0118 0004549 347.4236  12.6497 14.35202794323864
1 25418U 98046F   23340.96384595  .00001249  00000-0  48166-3 0  2737
2 25418  44.9982 299.7261 0004523 351.1095   8.9671 14.35204722324136
1 25418U 98046F   23341.24228266  .00001107  00000-0  43257-3 0    19
2 25418  44.9982 298.4116 0004540 353.3561   6.7226 14.35205090324009
1 25418U 98046F   23342.28641793  .00001020  00000-0  40238-3 0  2740
2 25418  44.9981 293.4834 0004416 358.1612   1.9218 14.35207811324328
1 25418U 98046F   23342.28641793  .00001020  00000-0  40238-3 0    18
2 25418  44.9981 293.4834 0004416 358.1612   1.9218 14.35207811324159
1 25418U 98046F   23342.91289803  .00001051  00000-0  41320-3 0    15
2 25418  44.9981 290.5264 0004346   0.8855 359.1999 14.35209608324246
1 25418U 98046F   23343.26094257  .00001034  00000-0  40736-3 0    12
2 25418  44.9981 288.8837 0004331   2.9593 357.1279 14.35210367324296
1 25418U 98046F   23344.23546595  .00000996  00000-0  39396-3 0  2756
2 25418  44.9981 284.2839 0004265   8.1884 351.9032 14.35212542324606
1 25418U 98046F   23344.23546595  .00000996  00000-0  39396-3 0    13
2 25418  44.9981 284.2839 0004265   8.1884 351.9032 14.35212542324437
1 25418U 98046F   23345.48842293  .00000950  00000-0  37794-3 0    15
2 25418  44.9986 278.3703 0004249  15.8862 344.2118 14.35215097324617
1 25418U 98046F   23345.48842293  .00000950  00000-0  37794-3 0  2769
2 25418  44.9986 278.3703 0004249  15.8862 344.2118 14.35215097324785
1 25418U 98046F   23346.88059397  .00000992  00000-0  39245-3 0    14
2 25418  44.9984 271.7991 0004122  23.0117 337.0914 14.35218404324816
1 25418U 98046F   23346.88059397  .00000992  00000-0  39245-3 0  2779
2 25418  44.9984 271.7991 0004122  23.0117 337.0914 14.35218404324984
1 25418U 98046F   23347.92472092  .00000866  00000-0  34913-3 0  2784
2 25418  44.9982 266.8706 0004080  29.4605 330.6471 14.35219894325135
1 25418U 98046F   23347.92472092  .00000866  00000-0  34913-3 0    18
2 25418  44.9982 266.8706 0004080  29.4605 330.6471 14.35219894324965
1 25418U 98046F   23348.89923713  .00000914  00000-0  36553-3 0    12
2 25418  44.9981 262.2707 0004011  34.9559 325.1551 14.35222324325105
1 25418U 98046F   23349.87375133  .00000992  00000-0  39259-3 0    10
2 25418  44.9980 257.6708 0003950  40.4808 319.6332 14.35225078325242
1 25418U 98046F   23349.87375133  .00000992  00000-0  39259-3 0  2797
2 25418  44.9980 257.6708 0003950  40.4808 319.6332 14.35225078325411
1 25418U 98046F   23350.84826361  .00001030  00000-0  40577-3 0    12
2 25418  44.9979 253.0710 0003880  45.9528 314.1638 14.35227702325384
1 25418U 98046F   23351.82277319  .00001390  00000-0  53045-3 0    17
2 25418  44.9978 248.4710 0003833  51.8778 308.2414 14.35232421325528
1 25418U 98046F   23351.82277319  .00001390  00000-0  53045-3 0  2806
2 25418  44.9978 248.4710 0003833  51.8778 308.2414 14.35232421325696
1 25418U 98046F   23352.79728072  .00001334  00000-0  51081-3 0    17
2 25418  44.9977 243.8711 0003795  57.7586 302.3628 14.35235088325665
1 25418U 98046F   23353.77178604  .00001394  00000-0  53162-3 0  2814
2 25418  44.9967 239.2715 0003828  65.8148 294.3099 14.35238565325977
1 25418U 98046F   23353.77178604  .00001394  00000-0  53162-3 0    14
2 25418  44.9967 239.2715 0003828  65.8148 294.3099 14.35238565325809
1 25418U 98046F   23355.79039461  .00001568  00000-0  59159-3 0    10
2 25418  44.9963 229.7431 0003819  78.1756 281.9519 14.35246884326090
1 25418U 98046F   23356.55607026  .00001797  00000-0  67083-3 0    12
2 25418  44.9964 226.1290 0003785  80.7349 279.3926 14.35251191326207
1 25418U 98046F   23356.76489064  .00001784  00000-0  66632-3 0    10
2 25418  44.9965 225.1431 0003792  82.0254 278.1024 14.35251979326235
1 25418U 98046F   23357.60017175  .00001822  00000-0  67969-3 0    11
2 25418  44.9959 221.2014 0003892  85.4988 274.6304 14.35255417326350
1 25418U 98046F   23357.73938475  .00001824  00000-0  68014-3 0  2836
2 25418  44.9958 220.5442 0003903  86.7936 273.3357 14.35256039326542
1 25418U 98046F   23357.73938475  .00001824  00000-0  68014-3 0    14
2 25418  44.9958 220.5442 0003903  86.7936 273.3357 14.35256039326373
1 25418U 98046F   23358.71387499  .00001788  00000-0  66770-3 0    13
2 25418  44.9959 215.9437 0003847  94.4206 265.7081 14.35259764326512
1 25418U 98046F   23358.99230063  .00001811  00000-0  67575-3 0  2841
2 25418  44.9957 214.6293 0003886  96.1976 263.9314 14.35260948326720
1 25418U 98046F   23358.99230063  .00001811  00000-0  67575-3 0    18
2 25418  44.9957 214.6293 0003886  96.1976 263.9314 14.35260948326551
1 25418U 98046F   23359.68836317  .00001733  00000-0  64862-3 0    18
2 25418  44.9956 211.3434 0003893 100.4508 259.6778 14.35263345326650
1 25418U 98046F   23360.59324230  .00001722  00000-0  64483-3 0    13
2 25418  44.9957 207.0716 0003892 106.2074 253.9202 14.35266944326788
1 25418U 98046F   23360.66284831  .00001707  00000-0  63961-3 0  2850
2 25418  44.9957 206.7429 0003892 106.9520 253.1754 14.35267132326962
1 25418U 98046F   23360.66284831  .00001707  00000-0  63961-3 0    16
2 25418  44.9957 206.7429 0003892 106.9520 253.1754 14.35267132326793
1 25418U 98046F   23361.70693711  .00001737  00000-0  64997-3 0  2861
2 25418  44.9956 201.8141 0003924 113.4352 246.6908 14.35271368327112
1 25418U 98046F   23361.91575482  .00001560  00000-0  58871-3 0    11
2 25418  44.9956 200.8285 0003922 114.2651 245.8606 14.35271168326976
1 25418U 98046F   23362.61181163  .00001546  00000-0  58385-3 0    12
2 25418  44.9957 197.5424 0003962 120.1801 239.9439 14.35273784327077
1 25418U 98046F   23362.68141726  .00001539  00000-0  58155-3 0    17
2 25418  44.9956 197.2137 0003969 120.6230 239.5009 14.35274018327083
1 25418U 98046F   23363.65589560  .00001359  00000-0  51908-3 0  2872
2 25418  44.9956 192.6134 0004018 126.5783 233.5434 14.35276525327398
1 25418U 98046F   23363.65589560  .00001359  00000-0  51908-3 0    16
2 25418  44.9956 192.6134 0004018 126.5783 233.5434 14.35276525327220
1 25418U 98046F   23364.49116096  .00001344  00000-0  51400-3 0    10
2 25418  44.9956 188.6701 0004041 131.5823 228.5371 14.35279256327343
1 25418U 98046F   23364.63037188  .00001331  00000-0  50951-3 0    16
2 25418  44.9956 188.0129 0004045 132.3955 227.7234 14.35279597327369
1 25418U 98046F   23365.46563605  .00001253  00000-0  48236-3 0  2889
2 25418  44.9956 184.0696 0004070 137.3760 222.7403 14.35281655327654
1 25418U 98046F   23365.60484634  .00001238  00000-0  47721-3 0    13\
2 25418  44.9956 183.4125 0004083 138.2015 221.9144 14.35282083327504
1 25418U 98046F   24001.57931915  .00001160  00000-0  45030-3 0  2899\
2 25418  44.9956 178.8121 0004147 143.9727 216.1400 14.35284450327817
1 25418U 98046F   24001.92734477  .00001170  00000-0  45372-3 0    14\
2 25418  44.9956 177.1693 0004169 145.9088 214.2028 14.35285471327694
1 25418U 98046F   24002.55378986  .00001218  00000-0  47032-3 0    11\
2 25418  44.9957 174.2118 0004216 149.8580 210.2510 14.35287529327786
1 25418U 98046F   24002.83220982  .00001218  00000-0  47008-3 0  2907\
2 25418  44.9957 172.8975 0004233 151.3435 208.7645 14.35288295327992
1 25418U 98046F   24002.83220982  .00001218  00000-0  47008-3 0    17\
2 25418  44.9957 172.8975 0004233 151.3435 208.7645 14.35288295327824
1 25418U 98046F   24004.85074890  .00001127  00000-0  43876-3 0  2915\
2 25418  44.9962 163.3680 0004366 162.5587 197.5410 14.35293653328287
1 25418U 98046F   24004.85074890  .00001127  00000-0  43876-3 0    14\
2 25418  44.9962 163.3680 0004366 162.5587 197.5410 14.35293653328119
1 25418U 98046F   24005.54679446  .00001198  00000-0  46329-3 0    13\
2 25418  44.9966 160.0822 0004346 166.5882 193.5081 14.35296193328218
1 25418U 98046F   24006.45165158  .00001256  00000-0  48331-3 0  2926\
2 25418  44.9971 155.8101 0004480 173.8122 186.2781 14.35299316328512
1 25418U 98046F   24006.45165158  .00001256  00000-0  48331-3 0    14\
2 25418  44.9971 155.8101 0004480 173.8122 186.2781 14.35299316328343
1 25418U 98046F   24006.52125604  .00001286  00000-0  49359-3 0    18\
2 25418  44.9971 155.4816 0004474 173.6116 186.4789 14.35299701328355
1 25418U 98046F   24007.49571606  .00001418  00000-0  53923-3 0    11\
2 25418  44.9971 150.8815 0004505 178.2934 181.7929 14.35303492328499
1 25418U 98046F   24007.49571606  .00001418  00000-0  53923-3 0  2934\
2 25418  44.9971 150.8815 0004505 178.2934 181.7929 14.35303492328668
1 25418U 98046F   24008.47017368  .00001426  00000-0  54199-3 0    15\
2 25418  44.9972 146.2811 0004590 182.9939 177.0882 14.35306729328634
1 25418U 98046F   24009.44462854  .00001483  00000-0  56147-3 0  2949\
2 25418  44.9973 141.6808 0004681 188.4800 171.5969 14.35310393328940
1 25418U 98046F   24009.44462854  .00001483  00000-0  56147-3 0    15\
2 25418  44.9973 141.6808 0004681 188.4800 171.5969 14.35310393328771
1 25418U 98046F   24010.34947742  .00001563  00000-0  58902-3 0    10\
2 25418  44.9974 137.4091 0004742 193.5680 166.5041 14.35314012328902
1 25418U 98046F   24010.69749533  .00001661  00000-0  62318-3 0  2956\
2 25418  44.9974 135.7663 0004748 195.3577 164.7126 14.35315913329129
1 25418U 98046F   24011.39352939  .00001827  00000-0  68018-3 0    16\
2 25418  44.9975 132.4804 0004795 199.1005 160.9663 14.35319770329052
1 25418U 98046F   24011.74154547  .00001971  00000-0  73015-3 0  2969\
2 25418  44.9975 130.8372 0004871 199.9832 160.0825 14.35322148329273
1 25418U 98046F   24011.74154547  .00001971  00000-0  73015-3 0    13\
2 25418  44.9975 130.8372 0004871 199.9832 160.0825 14.35322148329105
1 25418U 98046F   24012.43757754  .00002114  00000-0  77936-3 0    15\
2 25418  44.9975 127.5510 0004959 203.0867 156.9758 14.35325881329201
1 25418U 98046F   24013.41201989  .00002521  00000-0  91970-3 0  2971\
2 25418  44.9972 122.9514 0004908 208.8060 151.2517 14.35331775329517
1 25418U 98046F   24013.41201989  .00002521  00000-0  91970-3 0    14\
2 25418  44.9972 122.9514 0004908 208.8060 151.2517 14.35331775329348
1 25418U 98046F   24014.38645667  .00002657  00000-0  96664-3 0    11\
2 25418  44.9972 118.3511 0005057 213.9288 146.1236 14.35337962329489
1 25418U 98046F   24014.66486659  .00002746  00000-0  99735-3 0  2985\
2 25418  44.9972 117.0368 0005077 215.2118 144.8394 14.35339887329695
1 25418U 98046F   24014.66486659  .00002746  00000-0  99735-3 0    17\
2 25418  44.9972 117.0368 0005077 215.2118 144.8394 14.35339887329527
1 25418U 98046F   24015.36088964  .00002893  00000-0  10482-2 0    16\
2 25418  44.9972 113.7511 0005122 218.7193 141.3288 14.35344732329622
1 25418U 98046F   24016.47452298  .00002565  00000-0  93475-3 0  2993\
2 25418  44.9972 108.4936 0005186 224.1439 135.8994 14.35350403329958
1 25418U 98046F   24016.54412494  .00002513  00000-0  91687-3 0    12\
2 25418  44.9973 108.1650 0005179 223.9892 136.0543 14.35350657329797
1 25418U 98046F   24016.61372675  .00002511  00000-0  91602-3 0    11\
2 25418  44.9973 107.8363 0005198 223.6905 136.3531 14.35351111329805
1 25418U 98046F   24017.37934649  .00002425  00000-0  88633-3 0    14\
2 25418  44.9972 104.2217 0005233 227.2506 132.7901 14.35355271329914
1 25418U 98046F   24018.28416732  .00002323  00000-0  85094-3 0  3000\
2 25418  44.9974  99.9497 0005273 231.2659 128.7717 14.35359816330218
1 25418U 98046F   24018.28416732  .00002323  00000-0  85094-3 0    18\
2 25418  44.9974  99.9497 0005273 231.2659 128.7717 14.35359816330049
1 25418U 98046F   24019.32818749  .00002452  00000-0  89529-3 0  3011\
2 25418  44.9975  95.0205 0005323 235.5247 124.5097 14.35365678330363
1 25418U 98046F   24019.60659225  .00002424  00000-0  88556-3 0    19\
2 25418  44.9976  93.7063 0005323 236.7152 123.3186 14.35367057330234
1 25418U 98046F   24020.30260277  .00002336  00000-0  85532-3 0    16\
2 25418  44.9977  90.4202 0005359 239.6921 120.3397 14.35370468330331
1 25418U 98046F   24021.13781286  .00002298  00000-0  84208-3 0  3026\
2 25418  44.9978  86.4769 0005427 243.5247 116.5043 14.35374833330623
1 25418U 98046F   24021.13781286  .00002298  00000-0  84208-3 0    12\
2 25418  44.9978  86.4769 0005427 243.5247 116.5043 14.35374833330454
1 25418U 98046F   24021.97302078  .00002048  00000-0  75588-3 0    16\
2 25418  44.9979  82.5338 0005486 247.6785 112.3480 14.35378439330579
1 25418U 98046F   24022.52982498  .00002243  00000-0  82285-3 0  3032\
2 25418  44.9979  79.9050 0005482 249.8073 110.2185 14.35381813330827
1 25418U 98046F   24022.52982498  .00002243  00000-0  82285-3 0    17\
2 25418  44.9979  79.9050 0005482 249.8073 110.2185 14.35381813330658
1 25418U 98046F   24022.94742721  .00001939  00000-0  71803-3 0    11\
2 25418  44.9980  77.9334 0005513 251.8706 108.1541 14.35383036330712
1 25418U 98046F   24023.92183086  .00002063  00000-0  76088-3 0  3048\
2 25418  44.9980  73.3330 0005528 256.2247 103.7985 14.35387991331025
1 25418U 98046F   24023.92183086  .00002063  00000-0  76088-3 0    12\
2 25418  44.9980  73.3330 0005528 256.2247 103.7985 14.35387991330855
1 25418U 98046F   24025.10503172  .00002307  00000-0  84483-3 0  3052\
2 25418  44.9980  67.7466 0005538 260.8270  99.1951 14.35393868331199
1 25418U 98046F   24025.24423160  .00002323  00000-0  85026-3 0    10\
2 25418  44.9979  67.0893 0005527 261.4940  98.5281 14.35394501331041
1 25418U 98046F   24025.94022959  .00002357  00000-0  86196-3 0    14\
2 25418  44.9980  63.8032 0005557 264.6282  95.3931 14.35397712331144
1 25418U 98046F   24026.14902855  .00002407  00000-0  87942-3 0  3063\
2 25418  44.9979  62.8174 0005545 265.4849  94.5365 14.35398967331340
1 25418U 98046F   24026.21862844  .00002389  00000-0  87290-3 0    11\
2 25418  44.9979  62.4888 0005542 265.7743  94.2471 14.35399097331183
1 25418U 98046F   24026.98422404  .00002167  00000-0  79642-3 0    15\
2 25418  44.9980  58.8740 0005571 269.0346  90.9863 14.35401753331292
1 25418U 98046F   24027.95861609  .00001883  00000-0  69852-3 0  3072\
2 25418  44.9980  54.2733 0005578 273.2934  86.7275 14.35405128331606
1 25418U 98046F   24027.95861609  .00001883  00000-0  69852-3 0    13\
2 25418  44.9980  54.2733 0005578 273.2934  86.7275 14.35405128331437
1 25418U 98046F   24029.07220474  .00001760  00000-0  65596-3 0  3082\
2 25418  44.9980  49.0152 0005561 278.0695  81.9521 14.35409047331764
1 25418U 98046F   24029.42020051  .00001842  00000-0  68423-3 0    13\
2 25418  44.9982  47.3722 0005579 279.9783  80.0435 14.35410632331640
1 25418U 98046F   24030.11619124  .00001638  00000-0  61389-3 0  3094\
2 25418  44.9982  44.0859 0005550 282.5851  77.4375 14.35412548331911
1 25418U 98046F   24030.25538936  .00001683  00000-0  62926-3 0    17\
2 25418  44.9982  43.4288 0005547 283.1799  76.8429 14.35413111331767
1 25418U 98046F   24030.88178078  .00001569  00000-0  59018-3 0    14\
2 25418  44.9991  40.4714 0005506 286.1964  73.8277 14.35414412331853
1 25418U 98046F   24031.02097859  .00001565  00000-0  58850-3 0    17\
2 25418  44.9991  39.8141 0005503 286.7472  73.2771 14.35414881331871
1 25418U 98046F   24031.92576352  .00001492  00000-0  56355-3 0  3106\
2 25418  44.9992  35.5420 0005487 290.6832  69.3427 14.35417632332175
1 25418U 98046F   24032.41295496  .00001401  00000-0  53216-3 0    18\
2 25418  44.9992  33.2417 0005468 292.8576  67.1693 14.35418716332078
1 25418U 98046F   24033.03934273  .00001443  00000-0  54642-3 0  3114\
2 25418  44.9992  30.2840 0005445 295.6051  64.4234 14.35421029332330
1 25418U 98046F   24033.03934273  .00001443  00000-0  54642-3 0    10\
2 25418  44.9992  30.2840 0005445 295.6051  64.4234 14.35421029332161
1 25418U 98046F   24034.01372255  .00001353  00000-0  51545-3 0    14\
2 25418  44.9993  25.6833 0005411 299.8886  60.1423 14.35423591332302
1 25418U 98046F   24034.98810011  .00001416  00000-0  53722-3 0  3121\
2 25418  44.9995  21.0828 0005362 304.1641  55.8697 14.35427028332619
1 25418U 98046F   24034.98810011  .00001416  00000-0  53722-3 0    16\
2 25418  44.9995  21.0828 0005362 304.1641  55.8697 14.35427028332440
1 25418U 98046F   24035.96247506  .00001595  00000-0  59889-3 0    16\
2 25418  44.9996  16.4821 0005315 308.3322  51.7047 14.35431232332583
1 25418U 98046F   24036.31046551  .00001784  00000-0  66383-3 0  3136\
2 25418  44.9996  14.8391 0005300 310.8546  49.1841 14.35433476332807
1 25418U 98046F   24036.31046551  .00001784  00000-0  66383-3 0    10\
2 25418  44.9996  14.8391 0005300 310.8546  49.1841 14.35433476332638
1 25418U 98046F   24036.93684738  .00001799  00000-0  66919-3 0    14\
2 25418  44.9997  11.8816 0005277 313.6181  46.4228 14.35435826332727
1 25418U 98046F   24037.98081369  .00002075  00000-0  76401-3 0  3143\
2 25418  44.9996   6.9522 0005180 318.2448  41.8004 14.35441556333049
1 25418U 98046F   24038.60719183  .00002202  00000-0  80771-3 0    15\
2 25418  44.9997   3.9947 0005136 320.8913  39.1562 14.35444918332969
1 25418U 98046F   24038.95517919  .00002155  00000-0  79161-3 0    14\
2 25418  44.9996   2.3514 0005102 322.5468  37.5023 14.35446189333011
1 25418U 98046F   24039.02477654  .00002162  00000-0  79409-3 0  3155\
2 25418  44.9996   2.0228 0005092 322.8482  37.2012 14.35446560333194
1 25418U 98046F   24039.30316667  .00002541  00000-0  92457-3 0    13\
2 25418  44.9989   0.7082 0005059 323.7536  36.2968 14.35448466333064
1 25418U 98046F   24039.92954157  .00002659  00000-0  96519-3 0    16\
2 25418  44.9989 357.7506 0005005 326.7285  33.3247 14.35452136333152
1 25418U 98046F   24040.97349677  .00002586  00000-0  94013-3 0  3163\
2 25418  44.9990 352.8212 0004927 331.4321  28.6255 14.35457453333478
1 25418U 98046F   24040.97349677  .00002586  00000-0  94013-3 0    14\
2 25418  44.9990 352.8212 0004927 331.4321  28.6255 14.35457453333300
1 25418U 98046F   24041.87825364  .00003453  00000-0  12383-2 0    19\
2 25418  44.9989 348.5491 0004851 335.4645  24.5971 14.35465490333432
1 25418U 98046F   24042.22623607  .00002684  00000-0  97357-3 0  3175\
2 25418  44.9989 346.9060 0004809 337.5603  22.5033 14.35465393333659
1 25418U 98046F   24042.22623607  .00002684  00000-0  97357-3 0    15\
2 25418  44.9989 346.9060 0004809 337.5603  22.5033 14.35465393333480
1 25418U 98046F   24043.27018061  .00002907  00000-0  10501-2 0  3187\
2 25418  44.9987 341.9767 0004706 342.5708  17.4977 14.35472465333809
1 25418U 98046F   24043.27018061  .00002907  00000-0  10501-2 0    16\
2 25418  44.9987 341.9767 0004706 342.5708  17.4977 14.35472465333630
1 25418U 98046F   24044.52290760  .00003161  00000-0  11375-2 0    16\
2 25418  44.9986 336.0614 0004597 348.9035  11.1710 14.35481077333811
1 25418U 98046F   24044.52290760  .00003161  00000-0  11375-2 0  3198\
2 25418  44.9986 336.0614 0004597 348.9035  11.1710 14.35481077333989
1 25418U 98046F   24045.49724540  .00003101  00000-0  11168-2 0    15\
2 25418  44.9986 331.4606 0004537 353.5718   6.5070 14.35487359333956
1 25418U 98046F   24045.84522284  .00003058  00000-0  11020-2 0  3207\
2 25418  44.9985 329.8175 0004507 355.2132   4.8671 14.35489145334171
1 25418U 98046F   24045.84522284  .00003058  00000-0  11020-2 0    13\
2 25418  44.9985 329.8175 0004507 355.2132   4.8671 14.35489145334003
1 25418U 98046F   24046.19319925  .00002692  00000-0  97603-3 0    13\
2 25418  44.9984 328.1743 0004473 357.0610   3.0211 14.35490245334057
1 25418U 98046F   24046.88915039  .00002633  00000-0  95536-3 0    15\
2 25418  44.9984 324.8877 0004393   1.0359 359.0497 14.35494507334151
1 25418U 98046F   24047.16753050  .00002592  00000-0  94148-3 0  3217\
2 25418  44.9984 323.5732 0004373   2.6398 357.4472 14.35496026334361
1 25418U 98046F   24047.44590977  .00002714  00000-0  98338-3 0    11\
2 25418  44.9983 322.2587 0004352   4.3025 355.7859 14.35498352334237
1 25418U 98046F   24047.86347921  .00002303  00000-0  84197-3 0    18\
2 25418  44.9982 320.2867 0004308   6.5909 353.4994 14.35499334334293
1 25418U 98046F   24048.42023666  .00002404  00000-0  87641-3 0  3223\
2 25418  44.9980 317.6577 0004266   9.6412 350.4516 14.35502977334548
1 25418U 98046F   24048.42023666  .00002404  00000-0  87641-3 0    17\
2 25418  44.9980 317.6577 0004266   9.6412 350.4516 14.35502977334379
1 25418U 98046F   24048.83780403  .00002317  00000-0  84651-3 0    12\
2 25418  44.9980 315.6858 0004224  11.9499 348.1448 14.35505114334435
1 25418U 98046F   24049.46415386  .00002384  00000-0  86953-3 0  3235\
2 25418  44.9979 312.7280 0004166  15.2691 344.8281 14.35508813334691
1 25418U 98046F   24049.46415386  .00002384  00000-0  86953-3 0    18\
2 25418  44.9979 312.7280 0004166  15.2691 344.8281 14.35508813334523
1 25418U 98046F   24049.81212563  .00002091  00000-0  76863-3 0    13\
2 25418  44.9978 311.0847 0004130  17.2692 342.8295 14.35509712334574
1 25418U 98046F   24050.43847375  .00002024  00000-0  74549-3 0    13\
2 25418  44.9977 308.1270 0004081  20.6358 339.4653 14.35512621334665
1 25418U 98046F   24050.78644454  .00001937  00000-0  71556-3 0  3249\
2 25418  44.9977 306.4837 0004061  22.7586 337.3441 14.35513958334889
1 25418U 98046F   24050.78644454  .00001937  00000-0  71556-3 0    11\
2 25418  44.9977 306.4837 0004061  22.7586 337.3441 14.35513958334711
1 25418U 98046F   24051.41279142  .00001579  00000-0  59238-3 0    15\
2 25418  44.9976 303.5260 0004028  26.3883 333.7169 14.35515430334805
1 25418U 98046F   24051.83035529  .00001568  00000-0  58850-3 0    17\
2 25418  44.9975 301.5541 0003988  28.7752 331.3314 14.35517031334860
1 25418U 98046F   24052.03913708  .00001578  00000-0  59191-3 0  3253\
2 25418  44.9974 300.5682 0003978  29.9985 330.1090 14.35517841335064
1 25418U 98046F   24052.38710664  .00001511  00000-0  56906-3 0    16\
2 25418  44.9974 298.9250 0003953  31.9747 328.1339 14.35518841334947
1 25418U 98046F   24052.94385726  .00001412  00000-0  53496-3 0    16\
2 25418  44.9973 296.2958 0003899  35.0955 325.0149 14.35520378335020
1 25418U 98046F   24053.36141980  .00001447  00000-0  54702-3 0  3264\
2 25418  44.9971 294.3240 0003877  37.5990 322.5128 14.35521843335255
1 25418U 98046F   24053.36141980  .00001447  00000-0  54702-3 0    14\
2 25418  44.9971 294.3240 0003877  37.5990 322.5128 14.35521843335086
1 25418U 98046F   24053.91816923  .00001401  00000-0  53112-3 0    15\
2 25418  44.9970 291.6947 0003834  40.8985 319.2149 14.35523448335161
1 25418U 98046F   24054.75329158  .00001547  00000-0  58119-3 0  3271\
2 25418  44.9976 287.7504 0003829  46.1077 314.0086 14.35526907335455
1 25418U 98046F   24054.75329158  .00001547  00000-0  58119-3 0    10\
2 25418  44.9976 287.7504 0003829  46.1077 314.0086 14.35526907335286
1 25418U 98046F   24055.31003898  .00001626  00000-0  60844-3 0    19\
2 25418  44.9975 285.1212 0003807  49.5700 310.5479 14.35529254335363
1 25418U 98046F   24055.72759871  .00001723  00000-0  64176-3 0    13\
2 25418  44.9974 283.1492 0003780  52.1318 307.9871 14.35531277335426
1 25418U 98046F   24056.35393813  .00001619  00000-0  60590-3 0  3285\
2 25418  44.9973 280.1913 0003751  56.1747 303.9457 14.35532799335682
1 25418U 98046F   24056.35393813  .00001619  00000-0  60590-3 0    13\
2 25418  44.9973 280.1913 0003751  56.1747 303.9457 14.35532799335514
1 25418U 98046F   24056.91068310  .00001704  00000-0  63531-3 0    19\
2 25418  44.9972 277.5620 0003728  59.7071 300.4144 14.35535200335594
1 25418U 98046F   24057.67620655  .00001658  00000-0  61931-3 0  3292\
2 25418  44.9971 273.9467 0003693  64.6289 295.4941 14.35537538335874
1 25418U 98046F   24057.67620655  .00001658  00000-0  61931-3 0    19\
2 25418  44.9971 273.9467 0003693  64.6289 295.4941 14.35537538335706
1 25418U 98046F   24058.30254257  .00001589  00000-0  59571-3 0    11\
2 25418  44.9970 270.9888 0003676  68.7152 291.4088 14.35539403335794
1 25418U 98046F   24058.85928532  .00001509  00000-0  56790-3 0  3302\
2 25418  44.9968 268.3593 0003660  72.3796 287.7451 14.35540790336045
1 25418U 98046F   24058.92887832  .00001469  00000-0  55431-3 0    18\
2 25418  44.9968 268.0307 0003662  72.8176 287.3072 14.35540751335887
1 25418U 98046F   24059.27684196  .00001442  00000-0  54488-3 0    17\
2 25418  44.9968 266.3875 0003651  74.9558 285.1693 14.35541806335936
1 25418U 98046F   24059.83358317  .00001368  00000-0  51964-3 0    15\
2 25418  44.9966 263.7580 0003641  78.7813 281.3444 14.35543299336013
1 25418U 98046F   24059.97276851  .00001351  00000-0  51373-3 0  3314\
2 25418  44.9966 263.1006 0003637  79.6199 280.5058 14.35543621336204
1 25418U 98046F   24060.25113875  .00001406  00000-0  53248-3 0    11\
2 25418  44.9966 261.7860 0003633  81.3508 278.7750 14.35544855336079
1 25418U 98046F   24060.80787863  .00001332  00000-0  50716-3 0    11\
2 25418  44.9965 259.1564 0003618  85.0409 275.0851 14.35546317336150
1 25418U 98046F   24061.64298739  .00001398  00000-0  52970-3 0  3326\
2 25418  44.9964 255.2123 0003611  90.4487 269.6774 14.35549349336449
1 25418U 98046F   24061.64298739  .00001398  00000-0  52970-3 0    19\
2 25418  44.9964 255.2123 0003611  90.4487 269.6774 14.35549349336270
1 25418U 98046F   24062.61727872  .00001508  00000-0  56766-3 0    12\
2 25418  44.9964 250.6108 0003608  96.6306 263.4952 14.35553079336417
1 25418U 98046F   24063.52197540  .00001619  00000-0  60561-3 0  3335\
2 25418  44.9962 246.3380 0003639 103.6150 256.5103 14.35556701336718
1 25418U 98046F   24063.52197540  .00001619  00000-0  60561-3 0    17\
2 25418  44.9962 246.3380 0003639 103.6150 256.5103 14.35556701336549
1 25418U 98046F   24063.59156758  .00001533  00000-0  57595-3 0    18\
2 25418  44.9962 246.0093 0003633 103.6990 256.4262 14.35556422336559
1 25418U 98046F   24064.56585273  .00001581  00000-0  59267-3 0    15\
2 25418  44.9961 241.4079 0003645 109.4332 250.6910 14.35560389336696
1 25418U 98046F   24064.56585273  .00001581  00000-0  59267-3 0  3344\
2 25418  44.9961 241.4079 0003645 109.4332 250.6910 14.35560389336865
1 25418U 98046F   24065.81850082  .00001796  00000-0  66647-3 0  3355\
2 25418  44.9960 235.4917 0003678 117.1623 242.9599 14.35566570337049
1 25418U 98046F   24066.51441453  .00001880  00000-0  69528-3 0    16\
2 25418  44.9959 232.2047 0003699 121.4023 238.7186 14.35569861336973
1 25418U 98046F   24067.14073546  .00001831  00000-0  67846-3 0  3368\
2 25418  44.9960 229.2468 0003721 125.2414 234.8781 14.35572289337236
1 25418U 98046F   24067.55828202  .00001954  00000-0  72048-3 0    15\
2 25418  44.9960 227.2746 0003737 127.9860 232.1325 14.35574732337122
1 25418U 98046F   24068.46296428  .00001998  00000-0  73576-3 0  3372\
2 25418  44.9960 223.0017 0003770 133.5641 226.5520 14.35578938337423
1 25418U 98046F   24068.53255541  .00001934  00000-0  71359-3 0    16\
2 25418  44.9959 222.6731 0003784 134.1526 225.9633 14.35578813337265
1 25418U 98046F   24068.74132785  .00001958  00000-0  72181-3 0    13\
2 25418  44.9950 221.6870 0003778 135.9308 224.1841 14.35579864337291
1 25418U 98046F   24069.50682587  .00001709  00000-0  63641-3 0    13\
2 25418  44.9952 218.0715 0003832 140.9186 219.1939 14.35582430337400
1 25418U 98046F   24069.71559785  .00001692  00000-0  63055-3 0  3382\
2 25418  44.9952 217.0855 0003844 142.0926 218.0193 14.35583218337609
1 25418U 98046F   24069.71559785  .00001692  00000-0  63055-3 0    19\
2 25418  44.9952 217.0855 0003844 142.0926 218.0193 14.35583218337430
1 25418U 98046F   24070.48109417  .00001506  00000-0  56653-3 0    18\
2 25418  44.9954 213.4699 0003885 146.4968 213.6125 14.35585689337549
1 25418U 98046F   24071.10740793  .00001485  00000-0  55906-3 0  3396\
2 25418  44.9956 210.5118 0003917 150.4734 209.6335 14.35588113337809
1 25418U 98046F   24071.45535973  .00001520  00000-0  57114-3 0    15\
2 25418  44.9957 208.8683 0003937 152.2650 207.8407 14.35589519337683
1 25418U 98046F   24072.49921410  .00001612  00000-0  60272-3 0  3402\
2 25418  44.9963 203.9384 0003992 157.3067 202.7958 14.35593046338005
1 25418U 98046F   24072.77757404  .00001628  00000-0  60814-3 0    16\
2 25418  44.9962 202.6238 0004009 159.2301 200.8709 14.35594332337876
1 25418U 98046F   24073.61265405  .00001668  00000-0  62212-3 0    13\
2 25418  44.9965 198.6796 0004056 164.0718 196.0257 14.35597733337995
1 25418U 98046F   24073.61265405  .00001668  00000-0  62212-3 0  3410\
2 25418  44.9965 198.6796 0004056 164.0718 196.0257 14.35597733338165
1 25418U 98046F   24074.44773204  .00001649  00000-0  61528-3 0    14\
2 25418  44.9966 194.7354 0004121 168.7204 191.3737 14.35600825338110
1 25418U 98046F   24075.42198791  .00001626  00000-0  60736-3 0  3428\
2 25418  44.9968 190.1339 0004191 174.0448 186.0450 14.35604240338424
1 25418U 98046F   24075.42198791  .00001626  00000-0  60736-3 0    10\
2 25418  44.9968 190.1339 0004191 174.0448 186.0450 14.35604240338255
1 25418U 98046F   24076.39624179  .00001518  00000-0  57022-3 0    15\
2 25418  44.9969 185.5325 0004265 179.1501 180.9354 14.35607056338396
1 25418U 98046F   24077.37049291  .00001479  00000-0  55682-3 0  3435\
2 25418  44.9970 180.9310 0004339 184.2913 175.7898 14.35610349338706
1 25418U 98046F   24077.37049291  .00001479  00000-0  55682-3 0    16\
2 25418  44.9970 180.9310 0004339 184.2913 175.7898 14.35610349338537
1 25418U 98046F   24077.71843897  .00001419  00000-0  53610-3 0    11\
2 25418  44.9970 179.2878 0004361 186.2362 173.8432 14.35611346338588
1 25418U 98046F   24078.34474141  .00001405  00000-0  53144-3 0    10\
2 25418  44.9971 176.3297 0004408 189.7457 170.3306 14.35613540338677
1 25418U 98046F   24078.62309733  .00001482  00000-0  55772-3 0  3449\
2 25418  44.9970 175.0151 0004421 191.5077 168.5670 14.35615064338884
1 25418U 98046F   24078.62309733  .00001482  00000-0  55772-3 0    19\
2 25418  44.9970 175.0151 0004421 191.5077 168.5670 14.35615064338716
1 25418U 98046F   24079.38857514  .00001741  00000-0  64678-3 0    11\
2 25418  44.9971 171.3995 0004487 195.5733 164.4977 14.35619531338827
1 25418U 98046F   24080.91952499  .00002118  00000-0  77618-3 0    17\
2 25418  44.9970 164.1686 0004562 202.7625 157.3021 14.35628092339046
1 25418U 98046F   24080.91952499  .00002118  00000-0  77618-3 0  3458\
2 25418  44.9970 164.1686 0004562 202.7625 157.3021 14.35628092339215
1 25418U 98046F   24081.47623326  .00002291  00000-0  83549-3 0    15\
2 25418  44.9965 161.5392 0004667 206.0770 153.9843 14.35630122339129
1 25418U 98046F   24082.31129153  .00002531  00000-0  91790-3 0  3464\
2 25418  44.9964 157.5952 0004698 210.0121 150.0457 14.35635516339417
1 25418U 98046F   24082.31129153  .00002531  00000-0  91790-3 0    12\
2 25418  44.9964 157.5952 0004698 210.0121 150.0457 14.35635516339248
1 25418U 98046F   24083.21593512  .00002644  00000-0  95632-3 0    10\
2 25418  44.9964 153.3223 0004752 214.1350 145.9193 14.35640898339376
1 25418U 98046F   24083.98139859  .00002747  00000-0  99156-3 0  3476\
2 25418  44.9964 149.7069 0004791 217.7930 142.2581 14.35646483339657
1 25418U 98046F   24084.53809741  .00004075  00000-0  14470-2 0    10\
2 25418  44.9962 147.0772 0004841 220.2976 139.7512 14.35654414339560
1 25418U 98046F   24084.88603112  .00008127  00000-0  28350-2 0  3480\
2 25418  44.9961 145.4337 0004851 221.5883 138.4596 14.35670368339788
1 25418U 98046F   24085.51231593  .00004926  00000-0  17384-2 0  3490\
2 25418  44.9960 142.4753 0004884 224.5148 135.5307 14.35664523339873
1 25418U 98046F   24085.86025038  .00004267  00000-0  15127-2 0    19\
2 25418  44.9960 140.8318 0004919 226.1569 133.8872 14.35665004339756
1 25418U 98046F   24086.41694365  .00004167  00000-0  14781-2 0    10\
2 25418  44.9959 138.2022 0004952 228.7102 131.3319 14.35668982339831
1 25418U 98046F   24086.83446413  .00002454  00000-0  89080-3 0  3504\
2 25418  44.9956 136.2301 0004978 230.4745 129.5662 14.35666977340066
1 25418U 98046F   24086.83446413  .00002454  00000-0  89080-3 0    17\
2 25418  44.9956 136.2301 0004978 230.4745 129.5662 14.35666977339895
1 25418U 98046F   24087.53032916  .00002143  00000-0  78384-3 0    14\
2 25418  44.9958 132.9429 0005013 233.5784 126.4602 14.35669512339998
1 25418U 98046F   24087.80867442  .00002094  00000-0  76731-3 0    13\
2 25418  44.9958 131.6281 0005020 234.6134 125.4244 14.35671124340039
1 25418U 98046F   24088.15660592  .00002005  00000-0  73662-3 0  3519\
2 25418  44.9957 129.9843 0005045 236.1907 123.8460 14.35672699340258
1 25418U 98046F   24088.36536471  .00002032  00000-0  74588-3 0    10\
2 25418  44.9957 128.9982 0005051 237.0392 122.9970 14.35673844340110
1 25418U 98046F   24088.92205399  .00001956  00000-0  71987-3 0    18\
2 25418  44.9956 126.3684 0005072 239.2911 120.7436 14.35676346340195
1 25418U 98046F   24089.40915632  .00002059  00000-0  75500-3 0  3529\
2 25418  44.9957 124.0677 0005092 241.7309 118.3025 14.35678983340437
1 25418U 98046F   24089.40915632  .00002059  00000-0  75500-3 0    10\
2 25418  44.9957 124.0677 0005092 241.7309 118.3025 14.35678983340268
1 25418U 98046F   24089.82667223  .00002251  00000-0  82100-3 0    14\
2 25418  44.9958 122.0954 0005107 243.4174 116.6150 14.35681400340326
1 25418U 98046F   24090.38335910  .00002297  00000-0  83655-3 0    18\
2 25418  44.9958 119.4659 0005123 246.0596 113.9715 14.35684076340401
1 25418U 98046F   24090.80087338  .00001793  00000-0  66386-3 0  3535\
2 25418  44.9959 117.4937 0005139 247.8548 112.1754 14.35684610340635
1 25418U 98046F   24090.80087338  .00001793  00000-0  66386-3 0    15\
2 25418  44.9959 117.4937 0005139 247.8548 112.1754 14.35684610340466
1 25418U 98046F   24091.42714392  .00002427  00000-0  88107-3 0    11\
2 25418  44.9960 114.5350 0005150 250.6443 109.3848 14.35689413340552
1 25418U 98046F   24091.77507234  .00001624  00000-0  60560-3 0    15\
2 25418  44.9961 112.8917 0005163 252.1946 107.8338 14.35688164340607
1 25418U 98046F   24091.98382900  .00001626  00000-0  60653-3 0  3545\
2 25418  44.9961 111.9054 0005173 253.0994 106.9286 14.35688938340806
1 25418U 98046F   24092.40134206  .00001608  00000-0  60013-3 0    16\
2 25418  44.9962 109.9332 0005175 254.9139 105.1136 14.35690445340694
1 25418U 98046F   24093.02761078  .00001551  00000-0  58055-3 0  3550\
2 25418  44.9962 106.9747 0005193 257.6790 102.3476 14.35692528340953
1 25418U 98046F   24093.30595219  .00001570  00000-0  58706-3 0    15\
2 25418  44.9963 105.6599 0005191 258.7546 101.2717 14.35693562340825
1 25418U 98046F   24093.72346398  .00001495  00000-0  56139-3 0    17\
2 25418  44.9964 103.6878 0005197 260.6632  99.3627 14.35694786340880
1 25418U 98046F   24094.07139031  .00001520  00000-0  56993-3 0  3560\
2 25418  44.9970 102.0438 0005152 262.1721  97.8542 14.35695726341109
1 25418U 98046F   24094.07139031  .00001520  00000-0  56993-3 0    17\
2 25418  44.9970 102.0438 0005152 262.1721  97.8542 14.35695726340939
1 25418U 98046F   24094.69765670  .00001440  00000-0  54261-3 0    16\
2 25418  44.9971  99.0854 0005152 264.8235  95.2024 14.35697616341024
1 25418U 98046F   24095.25433757  .00001313  00000-0  49900-3 0  3574\
2 25418  44.9971  96.4553 0005152 266.9326  93.0932 14.35698760341277
1 25418U 98046F   24095.25433757  .00001313  00000-0  49900-3 0    10\
2 25418  44.9971  96.4553 0005152 266.9326  93.0932 14.35698760341109
1 25418U 98046F   24096.36769688  .00001254  00000-0  47866-3 0  3586\
2 25418  44.9974  91.1962 0005154 272.5285  87.4972 14.35702201341430
1 25418U 98046F   24096.36769688  .00001254  00000-0  47866-3 0    11\
2 25418  44.9974  91.1962 0005154 272.5285  87.4972 14.35702201341261
1 25418U 98046F   24097.34188384  .00001218  00000-0  46615-3 0    19\
2 25418  44.9976  86.5940 0005137 276.3743  83.6519 14.35705254341401
1 25418U 98046F   24097.68980726  .00001233  00000-0  47159-3 0  3593\
2 25418  44.9976  84.9503 0005133 277.3822  82.6442 14.35706481341624
1 25418U 98046F   24097.96814595  .00001215  00000-0  46527-3 0    16\
2 25418  44.9977  83.6353 0005129 278.5597  81.4669 14.35707239341496
1 25418U 98046F   24098.31606915  .00001298  00000-0  49373-3 0    14\
2 25418  44.9978  81.9918 0005121 280.0947  79.9322 14.35708748341544
1 25418U 98046F   24098.66399201  .00001339  00000-0  50759-3 0    15\
2 25418  44.9978  80.3483 0005117 281.6221  78.4052 14.35710067341597
1 25418U 98046F   24099.22066762  .00001394  00000-0  52656-3 0  3608\
2 25418  44.9979  77.7184 0005107 283.9112  76.1167 14.35712219341840
1 25418U 98046F   24099.22066762  .00001394  00000-0  52656-3 0    10\
2 25418  44.9979  77.7184 0005107 283.9112  76.1167 14.35712219341671
1 25418U 98046F   24099.91651143  .00001403  00000-0  52971-3 0    10\
2 25418  44.9980  74.4311 0005073 287.0894  72.9398 14.35714539341771
1 25418U 98046F   24100.19484868  .00001374  00000-0  51961-3 0    16\
2 25418  44.9981  73.1164 0005065 288.1924  71.8372 14.35715294341815
1 25418U 98046F   24100.89069064  .00001413  00000-0  53319-3 0  3612\
2 25418  44.9982  69.8291 0005043 291.2476  68.7832 14.35717886342087
1 25418U 98046F   24100.96027481  .00001408  00000-0  53144-3 0    18\
2 25418  44.9982  69.5004 0005039 291.5300  68.5010 14.35718094341920
1 25418U 98046F   24101.58653207  .00001339  00000-0  50773-3 0    16\
2 25418  44.9983  66.5420 0005011 294.3215  65.7108 14.35719738342010
1 25418U 98046F   24101.93445228  .00001354  00000-0  51262-3 0    18\
2 25418  44.9984  64.8983 0005001 295.7420  64.2911 14.35720937342062
1 25418U 98046F   24102.14320424  .00001347  00000-0  51045-3 0  3623\
2 25418  44.9984  63.9122 0004996 296.4727  63.5607 14.35721595342264
1 25418U 98046F   24102.56070771  .00001446  00000-0  54419-3 0    14\
2 25418  44.9985  61.9399 0004961 298.4268  61.6079 14.35723576342154
1 25418U 98046F   24103.18696228  .00001457  00000-0  54795-3 0  3634\
2 25418  44.9986  58.9814 0004939 301.1632  58.8731 14.35725762342416
1 25418U 98046F   24103.18696228  .00001457  00000-0  54795-3 0    13\
2 25418  44.9986  58.9814 0004939 301.1632  58.8731 14.35725762342247
1 25418U 98046F   24104.30030131  .00001605  00000-0  59880-3 0  3640\
2 25418  44.9988  53.7221 0004874 306.0660  53.9736 14.35730450342574
1 25418U 98046F   24104.30030131  .00001605  00000-0  59880-3 0    18\
2 25418  44.9988  53.7221 0004874 306.0660  53.9736 14.35730450342406
1 25418U 98046F   24105.20488635  .00001817  00000-0  67128-3 0    13\
2 25418  44.9989  49.4488 0004817 310.0492  49.9932 14.35735007342539
1 25418U 98046F   24106.17905089  .00002185  00000-0  79738-3 0  3659\
2 25418  44.9990  44.8466 0004752 313.9259  46.1196 14.35741184342845
1 25418U 98046F   24106.24863396  .00002189  00000-0  79853-3 0    10\
2 25418  44.9991  44.5178 0004744 314.0904  45.9553 14.35741503342684
1 25418U 98046F   24107.50112524  .00003750  00000-0  13330-2 0  3666\
2 25418  44.9985  38.6011 0004675 319.1227  40.9269 14.35752560343038
1 25418U 98046F   24107.50112524  .00003750  00000-0  13330-2 0    12\
2 25418  44.9985  38.6011 0004675 319.1227  40.9269 14.35752560342868
1 25418U 98046F   24107.91862027  .00003893  00000-0  13818-2 0    16\
2 25418  44.9984  36.6289 0004633 320.9279  39.1233 14.35755844342929
1 25418U 98046F   24109.86691654  .00003867  00000-0  13725-2 0    16\
2 25418  44.9983  27.4250 0004431 329.6147  30.4443 14.35771391343204
1 25418U 98046F   24110.14524282  .00003778  00000-0  13422-2 0  3671\
2 25418  44.9983  26.1102 0004404 331.0703  28.9899 14.35773471343412
1 25418U 98046F   24110.56273047  .00004106  00000-0  14543-2 0    13\
2 25418  44.9982  24.1377 0004361 332.7274  27.3344 14.35778590343309
1 25418U 98046F   24110.84105318  .00005440  00000-0  19103-2 0    18\
2 25418  44.9984  22.8225 0004332 333.8631  26.1997 14.35785618343349
1 25418U 98046F   24111.11937691  .00005135  00000-0  18057-2 0  3680\
2 25418  44.9986  21.5078 0004348 334.8416  25.2219 14.35787748343558
1 25418U 98046F   24111.11937691  .00005135  00000-0  18057-2 0    14\
2 25418  44.9986  21.5078 0004348 334.8416  25.2219 14.35787748343389
1 25418U 98046F   24111.81518590  .00003955  00000-0  14020-2 0    18\
2 25418  44.9986  18.2204 0004306 337.9322  22.1339 14.35790912343484
1 25418U 98046F   24112.09350831  .00003809  00000-0  13523-2 0    16\
2 25418  44.9986  16.9056 0004261 339.3355  20.7319 14.35793135343523
1 25418U 98046F   24112.71973070  .00004406  00000-0  15561-2 0  3696\
2 25418  44.9987  13.9471 0004227 341.7770  18.2925 14.35800953343782
1 25418U 98046F   24112.85889082  .00004432  00000-0  15650-2 0    11\
2 25418  44.9986  13.2896 0004209 342.4697  17.6004 14.35802535343634
1 25418U 98046F   24113.13721097  .00004407  00000-0  15563-2 0    19\
2 25418  44.9987  11.9749 0004194 343.8788  16.1925 14.35805229343679
1 25418U 98046F   24114.80712064  .00003911  00000-0  13865-2 0  3709\
2 25418  44.9985   4.0854 0003995 351.4404   8.6374 14.35820023344084
1 25418U 98046F   24114.80712064  .00003911  00000-0  13865-2 0    10\
2 25418  44.9985   4.0854 0003995 351.4404   8.6374 14.35820023343915
1 25418U 98046F   24116.61617242  .00003437  00000-0  12239-2 0    10\
2 25418  44.9982 355.5382 0003769   2.4750 357.6115 14.35833985344178
1 25418U 98046F   24116.75532638  .00003513  00000-0  12497-2 0  3711\
2 25418  44.9982 354.8806 0003707   1.6368 358.4491 14.35836899344363
1 25418U 98046F   24116.75532638  .00003513  00000-0  12497-2 0    11\
2 25418  44.9982 354.8806 0003707   1.6368 358.4491 14.35836899344194
1 25418U 98046F   24117.59026606  .00003369  00000-0  12006-2 0    12\
2 25418  44.9976 350.9374 0003826   9.2537 350.8380 14.35843896344310
1 25418U 98046F   24117.72942212  .00003538  00000-0  12583-2 0    15\
2 25418  44.9972 350.2798 0003826  10.6035 349.4892 14.35845478344330
1 25418U 98046F   24118.07731131  .00003527  00000-0  12544-2 0  3726\
2 25418  44.9979 348.6348 0003596  10.5751 349.5171 14.35847884344555
1 25418U 98046F   24118.35562264  .00003523  00000-0  12528-2 0    13\
2 25418  44.9979 347.3198 0003557  12.0604 348.0328 14.35850026344421
1 25418U 98046F   24118.91224423  .00003021  00000-0  10812-2 0    14\
2 25418  44.9980 344.6896 0003465  14.5782 345.5165 14.35852896344507
1 25418U 98046F   24119.32970963  .00002862  00000-0  10268-2 0  3736\
2 25418  44.9980 342.7171 0003433  16.9341 343.1620 14.35855496344738
1 25418U 98046F   24119.32970963  .00002862  00000-0  10268-2 0    14\
2 25418  44.9980 342.7171 0003433  16.9341 343.1620 14.35855496344569
1 25418U 98046F   24119.88632949  .00002126  00000-0  77530-3 0    13\
2 25418  44.9979 340.0871 0003371  20.2318 339.8662 14.35857137344649
1 25418U 98046F   24120.86041232  .00001843  00000-0  67861-3 0  3746\
2 25418  44.9979 335.4845 0003287  25.9388 334.1623 14.35860746344952
1 25418U 98046F   24120.86041232  .00001843  00000-0  67861-3 0    13\
2 25418  44.9979 335.4845 0003287  25.9388 334.1623 14.35860746344783
1 25418U 98046F   24121.27787552  .00001759  00000-0  64998-3 0    15\
2 25418  44.9980 333.5121 0003263  28.0471 332.0552 14.35862495344840
1 25418U 98046F   24121.83449235  .00001875  00000-0  68938-3 0    17\
2 25418  44.9979 330.8819 0003212  30.9439 329.1597 14.35865219344924
1 25418U 98046F   24122.25195443  .00001918  00000-0  70417-3 0  3750\
2 25418  44.9978 328.9094 0003176  33.5646 326.5402 14.35867084345158
1 25418U 98046F   24122.25195443  .00001918  00000-0  70417-3 0    16\
2 25418  44.9978 328.9094 0003176  33.5646 326.5402 14.35867084344988
1 25418U 98046F   24122.66941633  .00001619  00000-0  60212-3 0    11\
2 25418  44.9977 326.9367 0003146  35.9080 324.1979 14.35867664345048
1 25418U 98046F   24122.94772395  .00001643  00000-0  61017-3 0    10\
2 25418  44.9977 325.6218 0003126  37.7585 322.3481 14.35868757345083
1 25418U 98046F   24123.85222211  .00001451  00000-0  54449-3 0  3761\
2 25418  44.9975 321.3479 0003093  42.1856 317.9228 14.35871531345383
1 25418U 98046F   24124.26968176  .00001635  00000-0  60722-3 0    14\
2 25418  44.9975 319.3755 0003015  46.1182 313.9914 14.35873835345272
1 25418U 98046F   24124.61756486  .00001476  00000-0  55316-3 0    18\
2 25418  44.9972 317.7316 0002986  48.5069 311.6035 14.35874566345327
1 25418U 98046F   24125.24375367  .00001391  00000-0  52400-3 0  3776\
2 25418  44.9971 314.7728 0002955  52.4110 307.7005 14.35876463345586
1 25418U 98046F   24126.49612879  .00001718  00000-0  63550-3 0  3788\
2 25418  44.9977 308.8546 0002927  60.3431 299.7707 14.35881830345760
1 25418U 98046F   24126.49612879  .00001718  00000-0  63550-3 0    11\
2 25418  44.9977 308.8546 0002927  60.3431 299.7707 14.35881830345591
1 25418U 98046F   24126.63528118  .00001730  00000-0  63963-3 0    11\
2 25418  44.9977 308.1971 0002920  61.3503 298.7638 14.35882423345614
1 25418U 98046F   24127.74849849  .00001937  00000-0  71027-3 0  3798\
2 25418  44.9977 302.9368 0002864  68.6298 291.4854 14.35887694345945
1 25418U 98046F   24127.47019420  .00001812  00000-0  66784-3 0    10\
2 25418  44.9976 304.2519 0002879  66.7506 293.3644 14.35886070345736
1 25418U 98046F   24127.74849849  .00001937  00000-0  71027-3 0    10\
2 25418  44.9977 302.9368 0002864  68.6298 291.4854 14.35887694345776
1 25418U 98046F   24128.58341006  .00001788  00000-0  65934-3 0    19\
2 25418  44.9976 298.9916 0002833  74.1780 285.9380 14.35889815345894
1 25418U 98046F   24128.72256168  .00001797  00000-0  66247-3 0    17\
2 25418  44.9977 298.3341 0002826  75.1251 284.9909 14.35890400345918
1 25418U 98046F   24129.14001606  .00001935  00000-0  70946-3 0  3804\
2 25418  44.9977 296.3616 0002817  77.6873 282.4290 14.35892767346148
1 25418U 98046F   24129.55747019  .00001938  00000-0  71062-3 0    17\
2 25418  44.9976 294.3889 0002804  80.6960 279.4204 14.35894350346033
1 25418U 98046F   24129.76619693  .00001960  00000-0  71796-3 0    15\
2 25418  44.9977 293.4026 0002799  81.3389 278.7775 14.35895297346062
1 25418U 98046F   24130.18364984  .00002087  00000-0  76150-3 0  3814\
2 25418  44.9976 291.4300 0002787  85.1720 274.9446 14.35897718346290
1 25418U 98046F   24130.53152718  .00002197  00000-0  79889-3 0    16\
2 25418  44.9976 289.7860 0002775  87.6152 272.5013 14.35899657346179
1 25418U 98046F   24130.74025317  .00002227  00000-0  80906-3 0    19\
2 25418  44.9975 288.7997 0002775  88.7523 271.3642 14.35900726346201
1 25418U 98046F   24131.50558170  .00002914  00000-0  10436-2 0  3827\
2 25418  44.9968 285.1828 0002726  94.7937 265.3221 14.35905422346483
1 25418U 98046F   24131.71430712  .00003002  00000-0  10736-2 0    11\
2 25418  44.9968 284.1967 0002733  95.7737 264.3422 14.35906698346346
1 25418U 98046F   24133.10579102  .00006193  00000-0  21616-2 0  3839\
2 25418  44.9969 277.6214 0002716 105.2029 254.9119 14.35930786346715
1 25418U 98046F   24133.52323423  .00005541  00000-0  19391-2 0    18\
2 25418  44.9966 275.6489 0002722 108.4257 251.6886 14.35933791346601
1 25418U 98046F   24133.80152755  .00005092  00000-0  17860-2 0    17\
2 25418  44.9965 274.3339 0002710 111.1501 248.9636 14.35938411346640
1 25418U 98046F   24134.49725950  .00003322  00000-0  11822-2 0    12\
2 25418  44.9967 271.0461 0002713 116.0665 244.0461 14.35944108346744
1 25418U 98046F   24135.40170874  .00002822  00000-0  10113-2 0    19\
2 25418  44.9966 266.7719 0002725 122.9413 237.1697 14.35949411346870
1 25418U 98046F   24135.67999993  .00003159  00000-0  11263-2 0  3855\
2 25418  44.9966 265.4570 0002708 124.4426 235.6678 14.35951920347087
1 25418U 98046F   24135.67999993  .00003159  00000-0  11263-2 0    10\
2 25418  44.9966 265.4570 0002708 124.4426 235.6678 14.35951920346918
1 25418U 98046F   24136.30615416  .00003141  00000-0  11202-2 0    10\
2 25418  44.9965 262.4978 0002737 128.6416 231.4676 14.35955969347003
1 25418U 98046F   24137.07145008  .00003576  00000-0  12684-2 0  3863\
2 25418  44.9964 258.8809 0002797 133.5705 226.5374 14.35962739347289
1 25418U 98046F   24137.62802643  .00004225  00000-0  14892-2 0    18\
2 25418  44.9964 256.2507 0002770 137.2425 222.8638 14.35968872347193
1 25418U 98046F   24138.39331764  .00003239  00000-0  11531-2 0  3872\
2 25418  44.9965 252.6338 0002846 139.7030 220.4028 14.35972530347473
1 25418U 98046F   24138.39331764  .00003239  00000-0  11531-2 0    15\
2 25418  44.9965 252.6338 0002846 139.7030 220.4028 14.35972530347305
1 25418U 98046F   24139.57603127  .00003903  00000-0  13792-2 0  3888\
2 25418  44.9965 247.0443 0002891 148.6633 211.4387 14.35984392347642
1 25418U 98046F   24139.64560242  .00003880  00000-0  13712-2 0    14\
2 25418  44.9965 246.7154 0002897 149.0735 211.0283 14.35984944347487
1 25418U 98046F   24140.41088354  .00003460  00000-0  12279-2 0    11\
2 25418  44.9967 243.0986 0002936 154.5863 205.5129 14.35990290347599
1 25418U 98046F   24141.38487370  .00003210  00000-0  11428-2 0  3896\
2 25418  44.9966 238.4955 0003004 159.5755 200.5212 14.35997155347904
1 25418U 98046F   24141.38487370  .00003210  00000-0  11428-2 0    17\
2 25418  44.9966 238.4955 0003004 159.5755 200.5212 14.35997155347735
1 25418U 98046F   24142.28928871  .00002810  00000-0  10063-2 0    12\
2 25418  44.9967 234.2210 0003068 165.5171 194.5765 14.36002730347869
1 25418U 98046F   24144.30681948  .00001881  00000-0  68933-3 0  3906\
2 25418  44.9963 224.6865 0003219 175.6452 184.4424 14.36012409348322
1 25418U 98046F   24144.30681948  .00001881  00000-0  68933-3 0    15\
2 25418  44.9963 224.6865 0003219 175.6452 184.4424 14.36012409348153
1 25418U 98046F   24145.35036473  .00002029  00000-0  73999-3 0  3913\
2 25418  44.9960 219.7545 0003304 180.8276 179.2566 14.36017459348471
1 25418U 98046F   24145.35036473  .00002029  00000-0  73999-3 0    11\
2 25418  44.9960 219.7545 0003304 180.8276 179.2566 14.36017459348303
1 25418U 98046F   24145.90692093  .00001921  00000-0  70314-3 0    16\
2 25418  44.9961 217.1242 0003310 184.3909 175.6910 14.36019640348384
1 25418U 98046F   24146.53304573  .00001794  00000-0  65961-3 0  3922\
2 25418  44.9959 214.1649 0003368 187.7110 172.3686 14.36021832348642
1 25418U 98046F   24146.53304573  .00001794  00000-0  65961-3 0    19\
2 25418  44.9959 214.1649 0003368 187.7110 172.3686 14.36021832348473
1 25418U 98046F   24147.29830800  .00001609  00000-0  59674-3 0    19\
2 25418  44.9958 210.5479 0003442 191.8402 168.2364 14.36024270348584
1 25418U 98046F   24148.13313836  .00001368  00000-0  51445-3 0  3932\
2 25418  44.9954 206.6021 0003529 194.8146 165.2599 14.36026458348872
1 25418U 98046F   24148.13313836  .00001368  00000-0  51445-3 0    18\
2 25418  44.9954 206.6021 0003529 194.8146 165.2599 14.36026458348704
1 25418U 98046F   24149.45494974  .00001076  00000-0  41491-3 0  3948\
2 25418  44.9953 200.3546 0003666 201.0164 159.0533 14.36029880349060
1 25418U 98046F   24149.45494974  .00001076  00000-0  41491-3 0    13\
2 25418  44.9953 200.3546 0003666 201.0164 159.0533 14.36029880348890
1 25418U 98046F   24148.96796750  .00001194  00000-0  45526-3 0    19\
2 25418  44.9964 202.6563 0003559 198.4767 161.5952 14.36027567348821
1 25418U 98046F   24150.15063952  .00001023  00000-0  39686-3 0    15\
2 25418  44.9962 197.0663 0003667 203.9905 156.0772 14.36030556348992
1 25418U 98046F   24150.15063901  .00001134  00000-0  43455-3 0    11\
2 25418  44.9953 197.0664 0003695 204.4516 155.6156 14.36031933348999
1 25418U 98046F   24151.12460280  .00001267  00000-0  47985-3 0  3955\
2 25418  44.9961 192.4629 0003710 208.6011 151.4633 14.36034808349306
1 25418U 98046F   24151.12460280  .00001267  00000-0  47985-3 0    19\
2 25418  44.9961 192.4629 0003710 208.6011 151.4633 14.36034808349137
1 25418U 98046F   24151.12460272  .00001489  00000-0  55565-3 0    19\
2 25418  44.9961 192.4628 0003726 208.3711 151.6934 14.36035992349138
1 25418U 98046F   24152.44640764  .00001359  00000-0  51114-3 0  3960\
2 25418  44.9960 186.2157 0003763 215.1318 144.9282 14.36038965349498
1 25418U 98046F   24152.44640764  .00001359  00000-0  51114-3 0    13\
2 25418  44.9960 186.2157 0003763 215.1318 144.9282 14.36038965349320
1 25418U 98046F   24152.44640821  .00001170  00000-0  44708-3 0    19\
2 25418  44.9960 186.2157 0003765 215.1276 144.9324 14.36037794349321
1 25418U 98046F   24153.07252507  .00001155  00000-0  44184-3 0    10\
2 25418  44.9959 183.2560 0003825 218.6168 141.4406 14.36039359349411
1 25418U 98046F   24154.11605184  .00001197  00000-0  45606-3 0  3973\
2 25418  44.9958 178.3237 0003875 222.9046 137.1500 14.36042323349731
1 25418U 98046F   24154.39432579  .00001140  00000-0  43652-3 0    18\
2 25418  44.9959 177.0085 0003877 224.2316 135.8222 14.36042606349602
1 25418U 98046F   24155.36828174  .00001431  00000-0  53586-3 0    16\
2 25418  44.9960 172.4048 0003920 229.2126 130.8382 14.36046707349748
1 25418U 98046F   24155.71612248  .00001471  00000-0  54949-3 0  3985\
2 25418  44.9960 170.7607 0003951 230.1120 129.9380 14.36047934349963
1 25418U 98046F   24155.71612248  .00001471  00000-0  54949-3 0    16\
2 25418  44.9960 170.7607 0003951 230.1120 129.9380 14.36047934349794
1 25418U 98046F   24156.34223486  .00001622  00000-0  60082-3 0    11\
2 25418  44.9960 167.8012 0003974 233.0347 127.0137 14.36050680349880
1 25418U 98046F   24156.75964303  .00001671  00000-0  61749-3 0  3991\
2 25418  44.9961 165.8284 0004005 234.5290 125.5184 14.36052159350115
1 25418U 98046F   24156.75964303  .00001671  00000-0  61749-3 0    11\
2 25418  44.9961 165.8284 0004005 234.5290 125.5184 14.36052159349944
1 25418U 98046F   24157.38575448  .00001519  00000-0  56564-3 0    19\
2 25418  44.9961 162.8689 0004017 237.3830 122.6630 14.36053251350034
1 25418U 98046F   24157.73359316  .00001642  00000-0  60736-3 0    15\
2 25418  44.9962 161.2249 0004041 238.7168 121.3284 14.36055190350086
1 25418U 98046F   24157.94229640  .00001614  00000-0  59802-3 0  4008\
2 25418  44.9962 160.2383 0004048 239.6573 120.3875 14.36055753350283
1 25418U 98046F   24158.29013494  .00001652  00000-0  61100-3 0    18\
2 25418  44.9962 158.5942 0004057 241.0590 118.9851 14.36057170350169
1 25418U 98046F   24158.98581047  .00001758  00000-0  64687-3 0  4012\
2 25418  44.9962 155.3060 0004075 244.0423 116.0005 14.36060392350433
1 25418U 98046F   24159.33364773  .00001783  00000-0  65524-3 0    12\
2 25418  44.9963 153.6619 0004089 245.3589 114.6832 14.36061893350313
1 25418U 98046F   24160.16845410  .00002091  00000-0  76008-3 0  4024\
2 25418  44.9963 149.7159 0004093 248.8428 111.1982 14.36067405350608
1 25418U 98046F   24160.23802130  .00002092  00000-0  76034-3 0    19\
2 25418  44.9963 149.3871 0004088 249.1579 110.8831 14.36067707350446
1 25418U 98046F   24160.93369233  .00002236  00000-0  80944-3 0    13\
2 25418  44.9955 146.0987 0004153 251.9240 108.1155 14.36071146350540
1 25418U 98046F   24161.21196004  .00002356  00000-0  85023-3 0  4031\
2 25418  44.9955 144.7833 0004197 252.4443 107.5946 14.36072901350758
1 25418U 98046F   24161.35109382  .00002400  00000-0  86505-3 0    19\
2 25418  44.9955 144.1257 0004175 253.2827 106.7562 14.36073773350600
1 25418U 98046F   24161.62936105  .00002419  00000-0  87176-3 0    15\
2 25418  44.9957 142.8106 0004158 254.5200 105.5189 14.36075401350646
1 25418U 98046F   24162.39459441  .00002357  00000-0  85038-3 0  4046\
2 25418  44.9957 139.1936 0004165 257.5456 102.4925 14.36079430350921
1 25418U 98046F   24162.39459441  .00002357  00000-0  85038-3 0    19\
2 25418  44.9957 139.1936 0004165 257.5456 102.4925 14.36079430350752
1 25418U 98046F   24162.67286061  .00002250  00000-0  81399-3 0    14\
2 25418  44.9960 137.8783 0004167 258.1830 101.8550 14.36080643350795
1 25418U 98046F   24163.36852463  .00002186  00000-0  79210-3 0    13\
2 25418  44.9960 134.5900 0004164 261.0551  98.9825 14.36084378350891
1 25418U 98046F   24164.20331973  .00001898  00000-0  69426-3 0  4050\
2 25418  44.9961 130.6439 0004177 264.0505  95.9866 14.36087675351180
1 25418U 98046F   24164.27288591  .00001879  00000-0  68766-3 0    11\
2 25418  44.9960 130.3152 0004181 264.2309  95.8061 14.36087970351024
1 25418U 98046F   24164.62071679  .00001602  00000-0  59350-3 0    10\
2 25418  44.9961 128.6709 0004154 265.6381  94.3992 14.36088676351074
1 25418U 98046F   24165.31637721  .00001653  00000-0  61084-3 0  4065\
2 25418  44.9962 125.3826 0004158 268.4897  91.5474 14.36091869351348
1 25418U 98046F   24165.59464114  .00001507  00000-0  56120-3 0    13\
2 25418  44.9963 124.0673 0004156 269.5909  90.4462 14.36092533351219
1 25418U 98046F   24165.94247075  .00001508  00000-0  56150-3 0    11\
2 25418  44.9963 122.4231 0004161 270.8274  89.2097 14.36093882351260
1 25418U 98046F   24166.56856315  .00001649  00000-0  60931-3 0    11\
2 25418  44.9963 119.4637 0004110 273.2741  86.7636 14.36096758351352
1 25418U 98046F   24166.91639205  .00001639  00000-0  60580-3 0    16\
2 25418  44.9971 117.8194 0004072 274.9325  85.1057 14.36097697351403
1 25418U 98046F   24167.54248256  .00001710  00000-0  63005-3 0    13\
2 25418  44.9973 114.8599 0004062 277.4760  82.5626 14.36100763351492
1 25418U 98046F   24167.89030996  .00001732  00000-0  63768-3 0    11\
2 25418  44.9973 113.2157 0004051 278.7733  81.2656 14.36102342351547
1 25418U 98046F   24168.51639957  .00001685  00000-0  62163-3 0    18\
2 25418  44.9974 110.2564 0004036 281.2388  78.8005 14.36104506351639
1 25418U 98046F   24168.86422646  .00001697  00000-0  62544-3 0    17\
2 25418  44.9975 108.6122 0004030 282.5342  77.5054 14.36105844351680
1 25418U 98046F   24169.83814028  .00001561  00000-0  57939-3 0    16\
2 25418  44.9977 104.0086 0004001 285.9263  74.1143 14.36108810351822
1 25418U 98046F   24170.53379150  .00001452  00000-0  54213-3 0  4102\
2 25418  44.9978 100.7204 0003964 288.7093  71.3324 14.36110850352094
1 25418U 98046F   24170.53379150  .00001452  00000-0  54213-3 0    18\
2 25418  44.9978 100.7204 0003964 288.7093  71.3324 14.36110850351925
1 25418U 98046F   24170.88161698  .00001415  00000-0  52958-3 0    15\
2 25418  44.9978  99.0762 0003946 290.0848  69.9574 14.36111837351979
1 25418U 98046F   24171.50770169  .00001342  00000-0  50477-3 0    17\
2 25418  44.9979  96.1168 0003920 292.4916  67.5516 14.36113697352069
1 25418U 98046F   24171.85552630  .00001255  00000-0  47521-3 0  4110\
2 25418  44.9979  94.4725 0003901 293.7428  66.3010 14.36114409352282
1 25418U 98046F   24171.85552630  .00001255  00000-0  47521-3 0    15\
2 25418  44.9979  94.4725 0003901 293.7428  66.3010 14.36114409352114
1 25418U 98046F   24172.20335040  .00001309  00000-0  49339-3 0    18\
2 25418  44.9980  92.8284 0003887 295.1650  64.8794 14.36115972352167
1 25418U 98046F   24172.96856251  .00001328  00000-0  49993-3 0  4126\
2 25418  44.9981  89.2112 0003844 298.0832  61.9626 14.36118815352447
1 25418U 98046F   24172.89899772  .00001326  00000-0  49912-3 0    16\
2 25418  44.9980  89.5400 0003837 297.8001  62.2457 14.36118661352261
1 25418U 98046F   24173.17725635  .00001373  00000-0  51539-3 0    14\
2 25418  44.9981  88.2248 0003821 298.9681  61.0783 14.36119895352301
1 25418U 98046F   24173.73377327  .00001451  00000-0  54174-3 0    12\
2 25418  44.9982  85.5940 0003805 301.1550  58.8924 14.36122208352386
1 25418U 98046F   24174.15116062  .00001373  00000-0  51507-3 0  4133\
2 25418  44.9983  83.6211 0003750 302.8805  57.1681 14.36123203352611
1 25418U 98046F   24174.22072513  .00001371  00000-0  51442-3 0    12\
2 25418  44.9983  83.2922 0003745 303.1680  56.8808 14.36123416352450
1 25418U 98046F   24174.91636949  .00001400  00000-0  52436-3 0    14\
2 25418  44.9984  80.0038 0003730 305.7529  54.2971 14.36125858352554
1 25418U 98046F   24175.19462722  .00001352  00000-0  50816-3 0  4145\
2 25418  44.9984  78.6886 0003689 307.0053  53.0456 14.36126462352768
1 25418U 98046F   24175.19462722  .00001352  00000-0  50816-3 0    17\
2 25418  44.9984  78.6886 0003689 307.0053  53.0456 14.36126462352599
1 25418U 98046F   24175.89026993  .00001357  00000-0  50956-3 0    10\
2 25418  44.9986  75.4001 0003647 309.5881  50.4644 14.36128774352694
1 25418U 98046F   24176.16852690  .00001356  00000-0  50939-3 0    12\
2 25418  44.9986  74.0849 0003613 310.8557  49.1977 14.36129661352732
1 25418U 98046F   24176.79460455  .00001326  00000-0  49917-3 0  4155\
2 25418  44.9987  71.1254 0003562 313.2729  46.7821 14.36131409352994
1 25418U 98046F   24176.79460455  .00001326  00000-0  49917-3 0    16\
2 25418  44.9987  71.1254 0003562 313.2729  46.7821 14.36131409352826
1 25418U 98046F   24177.14242491  .00001352  00000-0  50815-3 0    12\
2 25418  44.9987  69.4813 0003549 314.7418  45.3141 14.36132693352874
1 25418U 98046F   24177.97719232  .00001423  00000-0  53211-3 0  4167\
2 25418  44.9988  65.5353 0003481 318.0788  41.9793 14.36135909353164
1 25418U 98046F   24177.97719232  .00001423  00000-0  53211-3 0    17\
2 25418  44.9988  65.5353 0003481 318.0788  41.9793 14.36135909352994
1 25418U 98046F   24179.36846661  .00001776  00000-0  65207-3 0  4179\
2 25418  44.9989  58.9589 0003371 323.7530  36.3089 14.36142938353366
1 25418U 98046F   24179.92497473  .00001827  00000-0  66920-3 0    13\
2 25418  44.9989  56.3280 0003331 325.9344  34.1289 14.36145351353279
1 25418U 98046F   24181.03798798  .00002506  00000-0  90002-3 0  4187\
2 25418  44.9981  51.0664 0003223 329.6610  30.4050 14.36152160353604
1 25418U 98046F   24181.03798798  .00002506  00000-0  90002-3 0    15\
2 25418  44.9981  51.0664 0003223 329.6610  30.4050 14.36152160353435
1 25418U 98046F   24181.80318188  .00002483  00000-0  89211-3 0    15\
2 25418  44.9982  47.4492 0003143 332.8125  27.2557 14.36155890353543
1 25418U 98046F   24182.08143357  .00002361  00000-0  85058-3 0  4193\
2 25418  44.9982  46.1340 0003125 334.1384  25.9307 14.36157015353755
1 25418U 98046F   24182.56837337  .00002266  00000-0  81838-3 0    17\
2 25418  44.9983  43.8319 0003096 336.0140  24.0563 14.36159256353656
1 25418U 98046F   24182.91618687  .00002275  00000-0  82120-3 0    16\
2 25418  44.9983  42.1874 0003043 337.5753  22.4961 14.36161188353709
1 25418U 98046F   24183.12487498  .00002088  00000-0  75781-3 0  4206\
2 25418  44.9983  41.2007 0003022 338.5865  21.4855 14.36161664353901
1 25418U 98046F   24183.61181308  .00001984  00000-0  72240-3 0    17\
2 25418  44.9983  38.8987 0002969 340.4781  19.5953 14.36163818353807
1 25418U 98046F   24183.89006304  .00001969  00000-0  71739-3 0    14\
2 25418  44.9984  37.5833 0002955 341.7005  18.3736 14.36165182353848
1 25418U 98046F   24184.30743787  .00001821  00000-0  66715-3 0  4215\
2 25418  44.9986  35.6104 0002913 343.7469  16.3285 14.36166668354073
1 25418U 98046F   24184.58568735  .00001831  00000-0  67041-3 0    11\
2 25418  44.9985  34.2949 0002886 344.9034  15.1727 14.36167936353946
1 25418U 98046F   24184.93349872  .00001906  00000-0  69575-3 0    16\
2 25418  44.9985  32.6508 0002858 346.4175  13.6595 14.36169772353992
1 25418U 98046F   24185.83780702  .00001742  00000-0  64015-3 0  4226\
2 25418  44.9985  28.3757 0002746 350.2871   9.7923 14.36173134354294
1 25418U 98046F   24185.90736913  .00001739  00000-0  63918-3 0    19\
2 25418  44.9985  28.0469 0002742 350.6533   9.4263 14.36173407354136
1 25418U 98046F   24186.60298909  .00001728  00000-0  63521-3 0    13\
2 25418  44.9986  24.7584 0002650 354.0850   5.9966 14.36176369354238
1 25418U 98046F   24186.88123667  .00001818  00000-0  66592-3 0    12\
2 25418  44.9986  23.4432 0002616 355.5154   4.5669 14.36177845354270
1 25418U 98046F   24186.95079853  .00001814  00000-0  66455-3 0  4239\
2 25418  44.9985  23.1144 0002610 355.8914   4.1912 14.36178131354453
1 25418U 98046F   24187.57685453  .00001857  00000-0  67909-3 0    11\
2 25418  44.9986  20.1546 0002516 358.7804   1.3037 14.36180969354372
1 25418U 98046F   24187.85510133  .00001853  00000-0  67758-3 0    12\
2 25418  44.9986  18.8392 0002514   0.2178 359.8671 14.36182140354419
1 25418U 98046F   24188.20290951  .00001738  00000-0  63844-3 0  4248\
2 25418  44.9986  17.1951 0002484   1.9103 358.1753 14.36183289354636
1 25418U 98046F   24188.55071740  .00001498  00000-0  55698-3 0    11\
2 25418  44.9986  15.5508 0002444   3.6331 356.4534 14.36183982354519
1 25418U 98046F   24188.89852482  .00001529  00000-0  56756-3 0    19\
2 25418  44.9985  13.9067 0002431   5.4805 354.6069 14.36185609354568
1 25418U 98046F   24189.52457774  .00001589  00000-0  58809-3 0  4252\
2 25418  44.9993  10.9471 0002411   9.3519 350.7373 14.36187593354824
1 25418U 98046F   24189.52457774  .00001589  00000-0  58809-3 0    12\
2 25418  44.9993  10.9471 0002411   9.3519 350.7373 14.36187593354655
1 25418U 98046F   24190.56799663  .00001581  00000-0  58508-3 0    12\
2 25418  44.9994   6.0143 0002324  14.8034 345.2881 14.36191689354805
1 25418U 98046F   24190.84624070  .00001672  00000-0  61617-3 0  4269\
2 25418  44.9993   4.6988 0002287  16.2545 343.8376 14.36193473355016
1 25418U 98046F   24190.84624070  .00001672  00000-0  61617-3 0    18\
2 25418  44.9993   4.6988 0002287  16.2545 343.8376 14.36193473354846
1 25418U 98046F   24191.54185112  .00001583  00000-0  58576-3 0    16\
2 25418  44.9992   1.4102 0002213  19.9794 340.1140 14.36195691354947
1 25418U 98046F   24191.88965566  .00001600  00000-0  59142-3 0    12\
2 25418  44.9992 359.7659 0002191  21.9540 338.1401 14.36197238354991
1 25418U 98046F   24192.16789914  .00001609  00000-0  59449-3 0  4276\
2 25418  44.9992 358.4505 0002174  23.4144 336.6802 14.36198355355209
1 25418U 98046F   24192.51570310  .00001613  00000-0  59599-3 0    12\
2 25418  44.9992 356.8061 0002137  25.4231 334.6721 14.36199775355087
1 25418U 98046F   24192.86350637  .00001611  00000-0  59543-3 0    15\
2 25418  44.9991 355.1620 0002084  27.4216 332.6741 14.36201326355137
1 25418U 98046F   24193.55911253  .00001641  00000-0  60538-3 0    18\
2 25418  44.9991 351.8732 0002023  31.6146 328.4823 14.36204236355234
1 25418U 98046F   24193.62867308  .00001633  00000-0  60266-3 0  4289\
2 25418  44.9991 351.5443 0002022  32.0458 328.0513 14.36204494355418
1 25418U 98046F   24193.83735445  .00001724  00000-0  63372-3 0    17\
2 25418  44.9991 350.5578 0002013  33.2664 326.8310 14.36205858355278
1 25418U 98046F   24194.46339847  .00002003  00000-0  72808-3 0    18\
2 25418  44.9985 347.5981 0001885  36.6675 323.4301 14.36209210355369
1 25418U 98046F   24194.81120006  .00002076  00000-0  75289-3 0  4292\
2 25418  44.9984 345.9539 0001865  38.8896 321.2085 14.36210921355586
1 25418U 98046F   24194.88076032  .00002072  00000-0  75148-3 0    14\
2 25418  44.9984 345.6250 0001861  39.2788 320.8195 14.36211221355428
1 25418U 98046F   24195.57636201  .00002129  00000-0  77088-3 0    19\
2 25418  44.9984 342.3364 0001790  44.0241 316.0749 14.36214537355523
1 25418U 98046F   24195.71548207  .00002145  00000-0  77638-3 0    12\
2 25418  44.9984 341.6788 0001772  44.9752 315.1239 14.36215263355544
1 25418U 98046F   24196.13284206  .00002197  00000-0  79385-3 0  4309\
2 25418  44.9984 339.7056 0001736  47.8297 312.2697 14.36217386355775
1 25418U 98046F   24196.55020137  .00002265  00000-0  81699-3 0    17\
2 25418  44.9984 337.7324 0001731  50.3543 309.7457 14.36219656355664
1 25418U 98046F   24196.82844043  .00002410  00000-0  86631-3 0    10\
2 25418  44.9984 336.4170 0001744  52.0786 308.0219 14.36221549355708
1 25418U 98046F   24197.52403714  .00002383  00000-0  85680-3 0  4313\
2 25418  44.9984 333.1284 0001673  56.9505 303.1503 14.36224937355976
1 25418U 98046F   24197.80227529  .00002137  00000-0  77332-3 0    17\
2 25418  44.9984 331.8130 0001650  59.0294 301.0716 14.36225609355841
1 25418U 98046F   24198.56742847  .00002314  00000-0  83353-3 0    13\
2 25418  44.9983 328.1953 0001591  64.7456 295.3556 14.36230256355952
1 25418U 98046F   24198.77610631  .00002303  00000-0  82960-3 0  4320\
2 25418  44.9984 327.2088 0001580  66.0796 294.0217 14.36231311356158
1 25418U 98046F   24198.84566533  .00002459  00000-0  88260-3 0    12\
2 25418  44.9983 326.8799 0001574  66.5081 293.5932 14.36232261355990
1 25418U 98046F   24199.61081602  .00002990  00000-0  10627-2 0    18\
2 25418  44.9984 323.2624 0001537  72.1752 287.9263 14.36237761356104
1 25418U 98046F   24199.81949303  .00002951  00000-0  10494-2 0  4339\
2 25418  44.9984 322.2759 0001536  73.7487 286.3529 14.36238756356308
1 25418U 98046F   24199.81949303  .00002951  00000-0  10494-2 0    10\
2 25418  44.9984 322.2759 0001536  73.7487 286.3529 14.36238756356139
1 25418U 98046F   24200.58464000  .00003118  00000-0  11059-2 0    17\
2 25418  44.9984 318.6586 0001496  79.7866 280.3150 14.36243639356240
1 25418U 98046F   24200.79331599  .00003283  00000-0  11617-2 0    19\
2 25418  44.9984 317.6721 0001500  81.0174 279.0843 14.36245344356276
1 25418U 98046F   24201.48890095  .00002695  00000-0  96225-3 0  4342\
2 25418  44.9983 314.3835 0001463  86.6757 273.4258 14.36248000356541
1 25418U 98046F   24201.62801774  .00002689  00000-0  96037-3 0    18\
2 25418  44.9983 313.7258 0001462  87.5946 272.5069 14.36248851356399
1 25418U 98046F   24202.60183201  .00002968  00000-0  10547-2 0    16\
2 25418  44.9982 309.1217 0001450  95.7573 264.3439 14.36256291356539
1 25418U 98046F   24202.74094794  .00002949  00000-0  10483-2 0  4358\
2 25418  44.9981 308.4639 0001462  96.7055 263.3959 14.36257315356722
1 25418U 98046F   24202.74094794  .00002949  00000-0  10483-2 0    17\
2 25418  44.9981 308.4639 0001462  96.7055 263.3959 14.36257315356553
1 25418U 98046F   24203.50608449  .00002898  00000-0  10309-2 0    10\
2 25418  44.9980 304.8463 0001450 103.2641 256.8369 14.36262068356664
1 25418U 98046F   24203.71475768  .00002904  00000-0  10328-2 0    18\
2 25418  44.9980 303.8598 0001446 104.9409 255.1599 14.36263391356697
1 25418U 98046F   24204.47989125  .00002866  00000-0  10201-2 0  4368\
2 25418  44.9979 300.2421 0001440 111.6708 248.4293 14.36267923356974
1 25418U 98046F   24204.61900619  .00002884  00000-0  10261-2 0    19\
2 25418  44.9978 299.5844 0001442 112.6744 247.4256 14.36268799356829
1 25418U 98046F   24204.68856362  .00002899  00000-0  10312-2 0    14\
2 25418  44.9978 299.2556 0001441 113.0384 247.0616 14.36269275356837
1 25418U 98046F   24205.52325201  .00003034  00000-0  10768-2 0  4371\
2 25418  44.9977 295.3091 0001447 119.7536 240.3456 14.36274184357121
1 25418U 98046F   24205.59280924  .00003071  00000-0  10894-2 0    18\
2 25418  44.9977 294.9802 0001449 120.2501 239.8490 14.36274669356967
1 25418U 98046F   24205.66236646  .00003102  00000-0  10997-2 0    17\
2 25418  44.9977 294.6515 0001451 120.6466 239.4525 14.36275112356972
1 25418U 98046F   24206.56660906  .00002607  00000-0  93186-3 0    18\
2 25418  44.9974 290.3761 0001474 128.0085 232.0895 14.36278202357107
1 25418U 98046F   24206.70572300  .00002623  00000-0  93750-3 0  4383\
2 25418  44.9973 289.7183 0001479 129.0647 231.0332 14.36278979357292
1 25418U 98046F   24206.70572300  .00002623  00000-0  93750-3 0    19\
2 25418  44.9973 289.7183 0001479 129.0647 231.0332 14.36278979357124
1 25418U 98046F   24207.26217868  .00002223  00000-0  80169-3 0    12\
2 25418  44.9972 287.0871 0001505 133.5469 226.5503 14.36280293357200
1 25418U 98046F   24207.67951983  .00002137  00000-0  77275-3 0    18\
2 25418  44.9971 285.1139 0001518 136.5782 223.5185 14.36281905357260
1 25418U 98046F   24208.16641695  .00001800  00000-0  65830-3 0  4394\
2 25418  44.9970 282.8117 0001536 140.3264 219.7696 14.36283105357502
1 25418U 98046F   24208.58375683  .00001725  00000-0  63292-3 0    12\
2 25418  44.9969 280.8384 0001573 142.9805 217.1151 14.36284742357397
1 25418U 98046F   24209.41843629  .00001568  00000-0  57976-3 0  4409\
2 25418  44.9976 276.8916 0001624 147.3097 212.7852 14.36286451357680
1 25418U 98046F   24209.20976599  .00001554  00000-0  57486-3 0    13\
2 25418  44.9968 277.8782 0001614 147.3976 212.6971 14.36286755357484
1 25418U 98046F   24209.62710570  .00001644  00000-0  60527-3 0    14\
2 25418  44.9976 275.9050 0001633 148.4720 211.6225 14.36287716357546
1 25418U 98046F   24210.53133892  .00001593  00000-0  58805-3 0  4419\
2 25418  44.9973 271.6295 0001682 154.8835 205.2095 14.36290968357849
1 25418U 98046F   24210.60089522  .00001588  00000-0  58632-3 0    11\
2 25418  44.9973 271.3006 0001685 155.3382 204.7546 14.36291209357688
1 25418U 98046F   24211.50512619  .00001779  00000-0  65094-3 0    11\
2 25418  44.9971 267.0249 0001733 161.3072 198.7839 14.36295574357815
1 25418U 98046F   24211.85290676  .00001786  00000-0  65349-3 0  4425\
2 25418  44.9969 265.3804 0001747 163.7426 196.3478 14.36296890358034
1 25418U 98046F   24211.85290676  .00001786  00000-0  65349-3 0    16\
2 25418  44.9969 265.3804 0001747 163.7426 196.3478 14.36296890357864
1 25418U 98046F   24212.47891003  .00001988  00000-0  72173-3 0    13\
2 25418  44.9968 262.4203 0001790 167.4073 192.6819 14.36300553357951
1 25418U 98046F   24212.82669001  .00002001  00000-0  72623-3 0    10\
2 25418  44.9968 260.7758 0001811 169.5143 190.5742 14.36301789358003
1 25418U 98046F   24213.17446954  .00001996  00000-0  72450-3 0  4439\
2 25418  44.9966 259.1312 0001846 171.3403 188.7476 14.36302956358221
1 25418U 98046F   24213.45269348  .00001736  00000-0  63647-3 0    10\
2 25418  44.9966 257.8157 0001859 173.0568 187.0306 14.36302375358092
1 25418U 98046F   24214.42647173  .00002052  00000-0  74348-3 0  4447\
2 25418  44.9965 253.2111 0001916 178.5441 181.5412 14.36308089358405
1 25418U 98046F   24214.42647173  .00002052  00000-0  74348-3 0    16\
2 25418  44.9965 253.2111 0001916 178.5441 181.5412 14.36308089358236
1 25418U 98046F   24214.84380622  .00001784  00000-0  65252-3 0    10\
2 25418  44.9965 251.2377 0001946 180.8375 179.2469 14.36307894358298
1 25418U 98046F   24215.46980579  .00001913  00000-0  69626-3 0  4451\
2 25418  44.9963 248.2774 0001997 183.9228 176.1604 14.36310759358550
1 25418U 98046F   24215.46980579  .00001913  00000-0  69626-3 0    19\
2 25418  44.9963 248.2774 0001997 183.9228 176.1604 14.36310759358381
1 25418U 98046F   24215.81758235  .00001961  00000-0  71255-3 0    14\
2 25418  44.9962 246.6328 0002020 185.7524 174.3301 14.36312434358436
1 25418U 98046F   24216.37402477  .00001938  00000-0  70457-3 0    17\
2 25418  44.9963 244.0016 0002058 188.7095 171.3717 14.36314398358518
1 25418U 98046F   24216.79135561  .00001986  00000-0  72077-3 0  4466\
2 25418  44.9962 242.0282 0002086 190.7417 169.3386 14.36316362358749
1 25418U 98046F   24216.79135561  .00001986  00000-0  72077-3 0    13\
2 25418  44.9962 242.0282 0002086 190.7417 169.3386 14.36316362358570
1 25418U 98046F   24217.34779598  .00002125  00000-0  76791-3 0    12\
2 25418  44.9952 239.3972 0002161 194.2947 165.7839 14.36319188358656
1 25418U 98046F   24218.18245374  .00002591  00000-0  92571-3 0  4470\
2 25418  44.9951 235.4501 0002223 197.9723 162.1046 14.36324679358945
1 25418U 98046F   24218.73889108  .00002372  00000-0  85152-3 0    10\
2 25418  44.9952 232.8188 0002241 200.7437 159.3320 14.36326714358858
1 25418U 98046F   24219.50399038  .00002310  00000-0  83049-3 0  4484\
2 25418  44.9952 229.2005 0002310 203.6522 156.4220 14.36330475359138
1 25418U 98046F   24219.50399038  .00002310  00000-0  83049-3 0    19\
2 25418  44.9952 229.2005 0002310 203.6522 156.4220 14.36330475358968
1 25418U 98046F   24219.71265337  .00002293  00000-0  82451-3 0    12\
2 25418  44.9953 228.2138 0002328 204.4781 155.5956 14.36331599358997
1 25418U 98046F   24220.47774971  .00002415  00000-0  86579-3 0    17\
2 25418  44.9953 224.5956 0002383 207.5601 152.5120 14.36336224359104
1 25418U 98046F   24222.14704199  .00003211  00000-0  11350-2 0  4493\
2 25418  44.9954 216.7020 0002457 214.4651 145.6038 14.36348419359519
1 25418U 98046F   24222.42525596  .00003370  00000-0  11888-2 0    12\
2 25418  44.9954 215.3863 0002474 214.9255 145.1430 14.36350693359386
1 25418U 98046F   24222.70346913  .00003398  00000-0  11982-2 0    12\
2 25418  44.9955 214.0708 0002520 215.9059 144.1619 14.36352835359429
1 25418U 98046F   24223.39900020  .00003490  00000-0  12291-2 0  4508\
2 25418  44.9955 210.7814 0002535 218.7728 141.2938 14.36358570359693
1 25418U 98046F   24223.39900020  .00003490  00000-0  12291-2 0    10\
2 25418  44.9955 210.7814 0002535 218.7728 141.2938 14.36358570359525
1 25418U 98046F   24224.44228987  .00005624  00000-0  19503-2 0  4515\
2 25418  44.9955 205.8475 0002616 222.4063 137.6583 14.36373468359840
1 25418U 98046F   24224.65094683  .00005919  00000-0  20499-2 0    16\
2 25418  44.9955 204.8608 0002637 223.0237 137.0405 14.36375812359707
1 25418U 98046F   24225.34646683  .00005273  00000-0  18313-2 0    11\
2 25418  44.9954 201.5715 0002675 225.0562 135.0069 14.36382930359808
1 25418U 98046F   24225.62467152  .00009069  00000-0  31125-2 0  4527\
2 25418  44.9953 200.2561 0002680 226.1753 133.8873 14.36395435360010
1 25418U 98046F   24225.97242755  .00013290  00000-0  45346-2 0    16\
2 25418  44.9952 198.6114 0002706 227.1045 132.9576 14.36407191359894
1 25418U 98046F   24226.38973465  .00005339  00000-0  18529-2 0    19\
2 25418  44.9952 196.6380 0002722 228.3758 131.6856 14.36400916359951
1 25418U 98046F   24226.38973465  .00005339  00000-0  18529-2 0  4530\
2 25418  44.9952 196.6380 0002722 228.3758 131.6856 14.36400916360122
1 25418U 98046F   24227.22434044  .00006095  00000-0  21076-2 0    19\
2 25418  44.9951 192.6907 0002802 231.2167 128.8430 14.36415593360075
1 25418U 98046F   24227.22434044  .00006095  00000-0  21076-2 0  4541\
2 25418  44.9951 192.6907 0002802 231.2167 128.8430 14.36415593360244
1 25418U 98046F   24227.91984212  .00004057  00000-0  14192-2 0    19\
2 25418  44.9952 189.4014 0002836 233.6340 126.4246 14.36420602360172
1 25418U 98046F   24228.61534049  .00004155  00000-0  14521-2 0    11\
2 25418  44.9953 186.1120 0002836 235.5244 124.5336 14.36427461360279
1 25418U 98046F   24228.61534049  .00004155  00000-0  14521-2 0  4554\
2 25418  44.9953 186.1120 0002836 235.5244 124.5336 14.36427461360448
1 25418U 98046F   24229.31083548  .00004635  00000-0  16140-2 0    14\
2 25418  44.9953 182.8223 0002872 237.9694 122.0875 14.36435143360379
1 25418U 98046F   24230.14542544  .00004287  00000-0  14963-2 0  4561\
2 25418  44.9956 178.8751 0002894 240.4652 119.5907 14.36442337360662
1 25418U 98046F   24230.14542544  .00004287  00000-0  14963-2 0    17\
2 25418  44.9956 178.8751 0002894 240.4652 119.5907 14.36442337360493
1 25418U 98046F   24230.91046179  .00005073  00000-0  17611-2 0    12\
2 25418  44.9957 175.2567 0002926 242.8377 117.2173 14.36451616360609
1 25418U 98046F   24231.32775265  .00004952  00000-0  17202-2 0  4579\
2 25418  44.9958 173.2830 0002936 244.1396 115.9149 14.36455363360834
1 25418U 98046F   24231.18865573  .00004943  00000-0  17172-2 0    16\
2 25418  44.9958 173.9408 0002950 243.8623 116.1921 14.36453953360640
1 25418U 98046F   24231.88413858  .00004700  00000-0  16351-2 0    17\
2 25418  44.9961 170.6515 0002947 246.0050 114.0489 14.36460498360741
1 25418U 98046F   24232.51007089  .00004197  00000-0  14651-2 0  4580\
2 25418  44.9963 167.6913 0002959 247.8591 112.1942 14.36465214361007
1 25418U 98046F   24232.51007089  .00004197  00000-0  14651-2 0    14\
2 25418  44.9963 167.6913 0002959 247.8591 112.1942 14.36465214360837
1 25418U 98046F   24233.20554787  .00004263  00000-0  14870-2 0    10\
2 25418  44.9963 164.4019 0002987 249.9409 110.1117 14.36472015360931
1 25418U 98046F   24234.10966349  .00004339  00000-0  15127-2 0  4598\
2 25418  44.9963 160.1260 0002997 253.1583 106.8936 14.36480626361235
1 25418U 98046F   24234.24875774  .00004342  00000-0  15135-2 0    10\
2 25418  44.9963 159.4681 0002993 253.5205 106.5313 14.36481920361081
1 25418U 98046F   24234.80513373  .00004152  00000-0  14493-2 0    11\
2 25418  44.9964 156.8363 0003017 255.1523 104.8990 14.36486323361162
1 25418U 98046F   24235.15286765  .00004196  00000-0  14639-2 0  4601\
2 25418  44.9966 155.1916 0003019 255.9328 104.1184 14.36489554361384
1 25418U 98046F   24235.50060120  .00003767  00000-0  13193-2 0    13\
2 25418  44.9966 153.5468 0003026 256.9093 103.1417 14.36491425361261
1 25418U 98046F   24235.91788047  .00003763  00000-0  13178-2 0    12\
2 25418  44.9965 151.5730 0003044 258.1081 101.9425 14.36494777361326
1 25418U 98046F   24236.47425175  .00003186  00000-0  11231-2 0  4611\
2 25418  44.9965 148.9413 0003034 259.9874 100.0631 14.36497635361574
1 25418U 98046F   24236.47425175  .00003186  00000-0  11231-2 0    11\
2 25418  44.9965 148.9413 0003034 259.9874 100.0631 14.36497635361406
1 25418U 98046F   24237.44789808  .00003189  00000-0  11241-2 0    19\
2 25418  44.9962 144.3359 0003032 262.8646  97.1856 14.36504374361549
1 25418U 98046F   24237.79562799  .00003106  00000-0  10961-2 0  4623\
2 25418  44.9962 142.6910 0003019 263.7473  96.3031 14.36506416361765
1 25418U 98046F   24237.86517391  .00003103  00000-0  10950-2 0    13\
2 25418  44.9961 142.3620 0003015 263.8904  96.1600 14.36506857361607
1 25418U 98046F   24238.42154047  .00002987  00000-0  10559-2 0    15\
2 25418  44.9965 139.7308 0003006 265.8897  94.1607 14.36510227361686
1 25418U 98046F   24238.83881462  .00002782  00000-0  98652-3 0  4634\
2 25418  44.9963 137.7569 0003003 267.0524  92.9980 14.36512177361911
1 25418U 98046F   24238.90836021  .00002780  00000-0  98593-3 0    13\
2 25418  44.9964 137.4280 0003003 267.2851  92.7652 14.36512602361753
1 25418U 98046F   24238.97790569  .00002793  00000-0  99029-3 0    15\
2 25418  44.9964 137.0990 0003008 267.4882  92.5621 14.36513132361762
1 25418U 98046F   24239.95154164  .00003103  00000-0  10947-2 0  4649\
2 25418  44.9964 132.4936 0002985 270.2230  89.8275 14.36520125362072
1 25418U 98046F   24239.95154164  .00003103  00000-0  10947-2 0    16\
2 25418  44.9964 132.4936 0002985 270.2230  89.8275 14.36520125361903
1 25418U 98046F   24240.99471778  .00003107  00000-0  10958-2 0  4655\
2 25418  44.9965 127.5592 0003012 273.8109  86.2394 14.36526951362225
1 25418U 98046F   24241.41198631  .00003465  00000-0  12164-2 0    11\
2 25418  44.9966 125.5854 0002990 274.9017  85.1489 14.36531123362117
1 25418U 98046F   24241.96834350  .00003556  00000-0  12469-2 0    15\
2 25418  44.9966 122.9538 0002974 276.8664  83.1845 14.36535293362192
1 25418U 98046F   24242.38561031  .00003721  00000-0  13024-2 0    17\
2 25418  44.9965 120.9800 0002977 277.9921  82.0589 14.36538588362252
1 25418U 98046F   24243.91558107  .00003825  00000-0  13372-2 0    18\
2 25418  44.9966 113.7428 0002968 282.8497  77.2019 14.36549986362474
1 25418U 98046F   24243.91558107  .00003825  00000-0  13372-2 0  4674\
2 25418  44.9966 113.7428 0002968 282.8497  77.2019 14.36549986362643
1 25418U 98046F   24244.88919167  .00004058  00000-0  14155-2 0    11\
2 25418  44.9966 109.1374 0002894 285.6704  74.3824 14.36558294362613
1 25418U 98046F   24245.09782176  .00004269  00000-0  14865-2 0  4682\
2 25418  44.9967 108.1504 0002910 286.3175  73.7352 14.36560463362819
1 25418U 98046F   24245.58462436  .00004407  00000-0  15328-2 0    12\
2 25418  44.9966 105.8475 0002894 287.7420  72.3112 14.36564856362716
1 25418U 98046F   24245.86279661  .00004176  00000-0  14550-2 0    18\
2 25418  44.9966 104.5321 0002886 288.9511  71.1023 14.36566857362752
1 25418U 98046F   24246.62776785  .00003959  00000-0  13818-2 0    16\
2 25418  44.9962 100.9130 0002857 291.0452  69.0089 14.36573067362864
1 25418U 98046F   24246.90593817  .00004303  00000-0  14977-2 0  4699\
2 25418  44.9962  99.5972 0002865 292.1986  67.8557 14.36576355363077
1 25418U 98046F   24246.90593818  .00004300  00000-0  14965-2 0    16\
2 25418  44.9963  99.5973 0002862 292.1301  67.9242 14.36576349362903
1 25418U 98046F   24247.32319322  .00004278  00000-0  14890-2 0    10\
2 25418  44.9963  97.6234 0002825 292.9606  67.0944 14.36579767362960
1 25418U 98046F   24247.87953109  .00005155  00000-0  17839-2 0    18\
2 25418  44.9962  94.9913 0002814 294.5934  65.4620 14.36586631363044
1 25418U 98046F   24248.01861517  .00005276  00000-0  18248-2 0  4705\
2 25418  44.9961  94.3331 0002810 295.0081  65.0475 14.36588218363234
1 25418U 98046F   24248.57495071  .00005568  00000-0  19227-2 0    16\
2 25418  44.9961  91.7010 0002799 296.5330  63.5230 14.36593754363141
1 25418U 98046F   24249.06174176  .00005044  00000-0  17463-2 0  4711\
2 25418  44.9960  89.3978 0002792 297.7938  62.2627 14.36597569363386
1 25418U 98046F   24248.71403394  .00005713  00000-0  19714-2 0    12\
2 25418  44.9961  91.0429 0002796 296.6516  63.4045 14.36595542363164
1 25418U 98046F   24249.06174176  .00005044  00000-0  17463-2 0    10\
2 25418  44.9960  89.3978 0002792 297.7938  62.2627 14.36597569363218
1 25418U 98046F   24249.89623798  .00005118  00000-0  17709-2 0    15\
2 25418  44.9961  85.4495 0002757 299.8433  60.2140 14.36605618363330
1 25418U 98046F   24250.52210657  .00005147  00000-0  17805-2 0  4724\
2 25418  44.9962  82.4881 0002707 301.7666  58.2918 14.36612341363592
1 25418U 98046F   24250.59164712  .00005208  00000-0  18010-2 0    16\
2 25418  44.9962  82.1591 0002710 301.9942  58.0642 14.36613421363435
1 25418U 98046F   24251.56521301  .00005847  00000-0  20154-2 0    16\
2 25418  44.9964  77.5534 0002664 305.4148  54.6450 14.36626038363579
1 25418U 98046F   24251.84337315  .00006153  00000-0  21181-2 0  4732\
2 25418  44.9965  76.2374 0002662 306.4308  53.6294 14.36629890363782
1 25418U 98046F   24251.91291309  .00006206  00000-0  21356-2 0    12\
2 25418  44.9965  75.9083 0002658 306.5847  53.4756 14.36630824363622
1 25418U 98046F   24252.53877094  .00005443  00000-0  18789-2 0    10\
2 25418  44.9967  72.9474 0002612 308.3755  51.6857 14.36636924363712
1 25418U 98046F   24252.88646814  .00005658  00000-0  19512-2 0    15\
2 25418  44.9968  71.3025 0002615 309.7914  50.2703 14.36641615363766
1 25418U 98046F   24252.95600750  .00005644  00000-0  19465-2 0  4748\
2 25418  44.9968  70.9734 0002614 310.1290  49.9329 14.36642425363949
1 25418U 98046F   24253.58185961  .00005478  00000-0  18903-2 0    17\
2 25418  44.9969  68.0125 0002583 312.3260  47.7369 14.36649857363865
1 25418U 98046F   24253.79047618  .00005636  00000-0  19432-2 0    10\
2 25418  44.9969  67.0258 0002603 313.3402  46.7228 14.36652735363898
1 25418U 98046F   24254.48586215  .00005402  00000-0  18644-2 0  4758\
2 25418  44.9971  63.7359 0002552 315.2495  44.8146 14.36660977364168
1 25418U 98046F   24254.90309189  .00005379  00000-0  18563-2 0    16\
2 25418  44.9972  61.7622 0002551 317.3286  42.7363 14.36666018364058
1 25418U 98046F   24255.52893450  .00004950  00000-0  17122-2 0  4764\
2 25418  44.9973  58.8012 0002522 319.5670  40.4990 14.36672050364311
1 25418U 98046F   24255.52893450  .00004950  00000-0  17122-2 0    18\
2 25418  44.9973  58.8012 0002522 319.5670  40.4990 14.36672050364142
1 25418U 98046F   24255.87662320  .00005184  00000-0  17904-2 0    14\
2 25418  44.9970  57.1560 0002494 320.2556  39.8108 14.36676275364190
1 25418U 98046F   24256.57199662  .00010535  00000-0  35853-2 0    15\
2 25418  44.9973  53.8658 0002485 322.6173  37.4502 14.36695340364292
1 25418U 98046F   24256.85014682  .00007602  00000-0  26019-2 0  4776\
2 25418  44.9971  52.5497 0002412 323.3648  36.7035 14.36690850364500
1 25418U 98046F   24256.85014682  .00007602  00000-0  26019-2 0    19\
2 25418  44.9971  52.5497 0002412 323.3648  36.7035 14.36690850364331
1 25418U 98046F   24258.10180592  .00007169  00000-0  24557-2 0  4784\
2 25418  44.9973  46.6269 0002343 327.4587  32.6116 14.36707931364686
1 25418U 98046F   24258.51902315  .00006409  00000-0  22006-2 0    19\
2 25418  44.9975  44.6528 0002308 329.6750  30.3963 14.36711892364575
1 25418U 98046F   24258.58855906  .00006398  00000-0  21967-2 0    11\
2 25418  44.9975  44.3238 0002303 329.9741  30.0974 14.36712834364585
1 25418U 98046F   24259.49252528  .00004703  00000-0  16276-2 0  4797\
2 25418  44.9975  40.0470 0002272 333.4347  26.6384 14.36719285364889
1 25418U 98046F   24259.84020297  .00004774  00000-0  16514-2 0    16\
2 25418  44.9971  38.4016 0002247 334.3688  25.7048 14.36722672364760
1 25418U 98046F   24260.39648673  .00004142  00000-0  14389-2 0    19\
2 25418  44.9972  35.7693 0002217 336.9466  23.1282 14.36725923364844
1 25418U 98046F   24260.74416289  .00003902  00000-0  13584-2 0  4804\
2 25418  44.9979  34.1250 0002228 338.6996  21.3758 14.36728545365068
1 25418U 98046F   24260.74416289  .00003902  00000-0  13584-2 0    13\
2 25418  44.9979  34.1250 0002228 338.6996  21.3758 14.36728545364898
1 25418U 98046F   24261.50904502  .00009483  00000-0  32292-2 0  4817\
2 25418  44.9985  30.5057 0002202 341.8852  18.1917 14.36749778365173
1 25418U 98046F   24261.50904502  .00009483  00000-0  32292-2 0    15\
2 25418  44.9985  30.5057 0002202 341.8852  18.1917 14.36749778365005
1 25418U 98046F   24261.71764714  .00009800  00000-0  33350-2 0    16\
2 25418  44.9977  29.5180 0002166 341.5071  18.5698 14.36753606365038
1 25418U 98046F   24262.48253229  .00003585  00000-0  12518-2 0  4825\
2 25418  44.9979  25.8983 0002078 344.4674  15.6110 14.36742775365316
1 25418U 98046F   24262.48253229  .00003585  00000-0  12518-2 0    12\
2 25418  44.9979  25.8983 0002078 344.4674  15.6110 14.36742775365147
1 25418U 98046F   24262.69113557  .00003531  00000-0  12335-2 0    12\
2 25418  44.9978  24.9112 0002057 345.7689  14.3100 14.36744378365176
1 25418U 98046F   24263.59508078  .00003386  00000-0  11846-2 0    12\
2 25418  44.9979  20.6336 0001984 348.2675  11.8126 14.36750926365300
1 25418U 98046F   24263.66461470  .00003568  00000-0  12457-2 0  4839\
2 25418  44.9981  20.3049 0001972 349.3106  10.7700 14.36752060365485
1 25418U 98046F   24263.66461470  .00003568  00000-0  12457-2 0    15\
2 25418  44.9981  20.3049 0001972 349.3106  10.7700 14.36752060365317
1 25418U 98046F   24264.56855584  .00003068  00000-0  10777-2 0    16\
2 25418  44.9980  16.0270 0001847 352.2305   7.8514 14.36756894365442
1 25418U 98046F   24264.77715730  .00003145  00000-0  11035-2 0  4857\
2 25418  44.9984  15.0405 0001886 353.9749   6.1076 14.36758520365643
1 25418U 98046F   24264.77715730  .00003145  00000-0  11035-2 0    11\
2 25418  44.9984  15.0405 0001886 353.9749   6.1076 14.36758520365474
1 25418U 98046F   24265.61156099  .00002820  00000-0  99440-3 0    18\
2 25418  44.9984  11.0925 0001840 356.6149   3.4686 14.36762751365592
1 25418U 98046F   24266.02876186  .00002738  00000-0  96685-3 0  4863\
2 25418  44.9985   9.1185 0001799 358.9525   1.1318 14.36764965365827
1 25418U 98046F   24266.58502905  .00002466  00000-0  87550-3 0    11\
2 25418  44.9985   6.4863 0001761   1.6676 358.4177 14.36767138365734
1 25418U 98046F   24266.72409562  .00002471  00000-0  87739-3 0    17\
2 25418  44.9984   5.8282 0001749   2.4173 357.6683 14.36767922365754
1 25418U 98046F   24267.55849396  .00003182  00000-0  11156-2 0  4879\
2 25418  44.9984   1.8801 0001723   7.5926 352.4948 14.36774399366047
1 25418U 98046F   24267.55849396  .00003182  00000-0  11156-2 0    11\
2 25418  44.9984   1.8801 0001723   7.5926 352.4948 14.36774399365877
1 25418U 98046F   24267.62802694  .00003221  00000-0  11287-2 0    18\
2 25418  44.9983   1.5511 0001714   7.6892 352.3982 14.36774890365888
1 25418U 98046F   24268.60148851  .00002880  00000-0  10143-2 0    15\
2 25418  44.9983 356.9448 0001635  11.8667 348.2219 14.36778491366028
1 25418U 98046F   24268.60148851  .00002880  00000-0  10143-2 0  4884\
2 25418  44.9983 356.9448 0001635  11.8667 348.2219 14.36778491366196
1 25418U 98046F   24269.57494445  .00003584  00000-0  12501-2 0    17\
2 25418  44.9982 352.3384 0001567  16.3349 343.7549 14.36786514366163
1 25418U 98046F   24269.64447684  .00003619  00000-0  12619-2 0  4897\
2 25418  44.9982 352.0094 0001562  16.8831 343.2069 14.36787076366340
1 25418U 98046F   24269.92260587  .00003720  00000-0  12957-2 0    11\
2 25418  44.9983 350.6932 0001548  17.9054 342.1848 14.36789387366215
1 25418U 98046F   24270.40933149  .00004041  00000-0  14033-2 0    11\
2 25418  44.9981 348.3899 0001501  20.4420 339.6487 14.36793070366285
1 25418U 98046F   24271.17418240  .00003596  00000-0  12538-2 0  4900\
2 25418  44.9981 344.7705 0001447  26.1087 333.9834 14.36798392366568
1 25418U 98046F   24271.59137224  .00003559  00000-0  12414-2 0    16\
2 25418  44.9981 342.7967 0001423  26.8924 333.1997 14.36801951366453
1 25418U 98046F   24272.35621790  .00003172  00000-0  11115-2 0  4918\
2 25418  44.9983 339.1775 0001356  32.2324 327.8607 14.36807464366736
1 25418U 98046F   24272.56481158  .00003262  00000-0  11416-2 0    14\
2 25418  44.9980 338.1903 0001356  33.5427 326.5506 14.36809390366591
1 25418U 98046F   24272.91246671  .00003649  00000-0  12715-2 0    14\
2 25418  44.9981 336.5452 0001337  36.3271 323.7667 14.36813451366646
1 25418U 98046F   24273.46871399  .00003795  00000-0  13202-2 0  4924\
2 25418  44.9981 333.9129 0001279  39.2457 320.8483 14.36818312366893
1 25418U 98046F   24273.46871399  .00003795  00000-0  13202-2 0    10\
2 25418  44.9981 333.9129 0001279  39.2457 320.8483 14.36818312366725
1 25418U 98046F   24273.88589782  .00003985  00000-0  13836-2 0    12\
2 25418  44.9979 331.9384 0001220  42.4751 317.6191 14.36822447366782
1 25418U 98046F   24274.51167191  .00004077  00000-0  14145-2 0  4931\
2 25418  44.9975 328.9772 0001208  47.2103 312.8846 14.36828200367042
1 25418U 98046F   24274.58120220  .00004072  00000-0  14126-2 0    19\
2 25418  44.9974 328.6481 0001202  47.9108 312.1842 14.36828812366880
1 25418U 98046F   24275.41556276  .00004376  00000-0  15141-2 0    11\
2 25418  44.9972 324.6994 0001170  53.8445 306.2510 14.36837406367007
1 25418U 98046F   24276.18038970  .00006776  00000-0  23171-2 0  4946\
2 25418  44.9970 321.0797 0001152  58.7067 301.3893 14.36849809367281
1 25418U 98046F   24276.38897772  .00006709  00000-0  22947-2 0    11\
2 25418  44.9971 320.0928 0001152  59.9826 300.1136 14.36851906367146
1 25418U 98046F   24277.43191316  .00006213  00000-0  21284-2 0    12\
2 25418  44.9965 315.1572 0001164  65.5171 294.5798 14.36861787367292
1 25418U 98046F   24277.77955595  .00007054  00000-0  24092-2 0  4957\
2 25418  44.9966 313.5120 0001171  68.6494 291.4478 14.36867758367514
1 25418U 98046F   24277.77955595  .00007054  00000-0  24092-2 0    10\
2 25418  44.9966 313.5120 0001171  68.6494 291.4478 14.36867758367345
1 25418U 98046F   24278.40531000  .00006477  00000-0  22161-2 0    15\
2 25418  44.9969 310.5510 0001141  73.6244 286.4729 14.36874955367434
1 25418U 98046F   24279.17011528  .00007069  00000-0  24134-2 0  4966\
2 25418  44.9969 306.9308 0001150  79.9112 280.1865 14.36886726367713
1 25418U 98046F   24279.44822501  .00007460  00000-0  25438-2 0    12\
2 25418  44.9967 305.6143 0001142  81.7594 278.3383 14.36891060367586
1 25418U 98046F   24279.79586109  .00007198  00000-0  24562-2 0    16\
2 25418  44.9966 303.9688 0001138  88.5761 271.5217 14.36895259367637
1 25418U 98046F   24280.49113059  .00005684  00000-0  19497-2 0  4973\
2 25418  44.9965 300.6776 0001156  94.7806 265.3174 14.36901275367906
1 25418U 98046F   24280.49113059  .00005684  00000-0  19497-2 0    14\
2 25418  44.9965 300.6776 0001156  94.7806 265.3174 14.36901275367737
1 25418U 98046F   24281.46449988  .00006251  00000-0  21388-2 0    18\
2 25418  44.9968 296.0700 0001176 102.9501 257.1478 14.36915052367870
1 25418U 98046F   24281.74260373  .00006369  00000-0  21779-2 0  4982\
2 25418  44.9969 294.7537 0001187 105.3119 254.7860 14.36919048368089
1 25418U 98046F   24281.74260373  .00006369  00000-0  21779-2 0    12\
2 25418  44.9969 294.7537 0001187 105.3119 254.7860 14.36919048367910
1 25418U 98046F   24282.15975703  .00023204  00000-0  77847-2 0  4993\
2 25418  44.9968 292.7790 0001214 108.2875 251.8104 14.36951287368146
1 25418U 98046F   24282.43785489  .00025503  00000-0  85464-2 0    11\
2 25418  44.9969 291.4628 0001246 111.8535 248.2445 14.36963210368014
1 25418U 98046F   24282.71595889  .00014116  00000-0  47612-2 0  5000\
2 25418  44.9969 290.1462 0001254 115.1756 244.9222 14.36945317368224
1 25418U 98046F   24282.71595889  .00014116  00000-0  47612-2 0    16\
2 25418  44.9969 290.1462 0001254 115.1756 244.9222 14.36945317368055
1 25418U 98046F   24283.13311007  .00007076  00000-0  24130-2 0  5013\
2 25418  44.9968 288.1718 0001264 117.3213 242.7764 14.36941672368280
1 25418U 98046F   24283.41120871  .00006795  00000-0  23192-2 0    10\
2 25418  44.9967 286.8555 0001291 119.5696 240.5281 14.36945769368159
1 25418U 98046F   24283.68930756  .00004736  00000-0  16312-2 0    19\
2 25418  44.9966 285.5393 0001296 121.5333 238.5641 14.36946055368190
1 25418U 98046F   24284.38455140  .00006095  00000-0  20849-2 0  5022\
2 25418  44.9965 282.2481 0001330 126.5626 233.5344 14.36955985368467
1 25418U 98046F   24284.38455140  .00006095  00000-0  20849-2 0    16\
2 25418  44.9965 282.2481 0001330 126.5626 233.5344 14.36955985368298
1 25418U 98046F   24284.73217221  .00005801  00000-0  19865-2 0    11\
2 25418  44.9965 280.6028 0001369 129.7264 230.3705 14.36959004368340
1 25418U 98046F   24285.14931159  .00033510  00000-0  11191-1 0  5038\
2 25418  44.9963 278.6286 0001332 128.6845 231.4122 14.37008757368575
1 25418U 98046F   24285.35787869  .00039443  00000-0  13148-1 0    16\
2 25418  44.9962 277.6413 0001374 128.8995 231.1976 14.37024129368439
1 25418U 98046F   24285.70549883  .00009591  00000-0  32503-2 0  5043\
2 25418  44.9962 275.9958 0001359 133.4981 226.5979 14.36980764368654
1 25418U 98046F   24285.70549883  .00009591  00000-0  32503-2 0    15\
2 25418  44.9962 275.9958 0001359 133.4981 226.5979 14.36980764368485
1 25418U 98046F   24286.40072825  .00005597  00000-0  19174-2 0    11\
2 25418  44.9962 272.7046 0001429 137.4060 222.6898 14.36985188368581
1 25418U 98046F   24286.67881920  .00004353  00000-0  15020-2 0    19\
2 25418  44.9961 271.3881 0001464 139.1777 220.9181 14.36986540368629
1 25418U 98046F   24287.37404456  .00004149  00000-0  14339-2 0    17\
2 25418  44.9961 268.0968 0001528 145.0885 215.0063 14.36992028368728
1 25418U 98046F   24287.93022374  .00003224  00000-0  11248-2 0    13\
2 25418  44.9961 265.4636 0001581 148.4566 211.6376 14.36993968368805
1 25418U 98046F   24288.13879050  .00002877  00000-0  10088-2 0  5061\
2 25418  44.9961 264.4763 0001595 149.8828 210.2112 14.36994601369007
1 25418U 98046F   24288.20831275  .00002914  00000-0  10211-2 0    16\
2 25418  44.9961 264.1471 0001599 150.4194 209.6744 14.36995012368849
1 25418U 98046F   24288.90353391  .00003358  00000-0  11693-2 0    19\
2 25418  44.9962 260.8557 0001660 155.1445 204.9483 14.37000217368942
1 25418U 98046F   24289.18162133  .00003788  00000-0  13128-2 0  5075\
2 25418  44.9962 259.5392 0001686 156.5954 203.4971 14.37003227369156
1 25418U 98046F   24289.32066503  .00003869  00000-0  13399-2 0    14\
2 25418  44.9961 258.8809 0001695 157.2156 202.8768 14.37004345369005
1 25418U 98046F   24289.94636054  .00003477  00000-0  12089-2 0    16\
2 25418  44.9964 255.9187 0001735 160.9051 199.1862 14.37008050369094
1 25418U 98046F   24290.22444763  .00004313  00000-0  14879-2 0  5084\
2 25418  44.9963 254.6024 0001715 160.7537 199.3375 14.37011916369304
1 25418U 98046F   24290.29396923  .00004425  00000-0  15254-2 0    15\
2 25418  44.9963 254.2733 0001728 161.1058 198.9854 14.37012687369149
1 25418U 98046F   24290.91966056  .00003774  00000-0  13078-2 0    12\
2 25418  44.9961 251.3108 0001791 165.0930 194.9971 14.37015471369233
1 25418U 98046F   24291.26726670  .00004003  00000-0  13844-2 0    14\
2 25418  44.9961 249.6655 0001805 166.1403 193.9495 14.37018458369286
1 25418U 98046F   24291.89295588  .00004629  00000-0  15928-2 0  5094\
2 25418  44.9963 246.7032 0001882 169.9683 190.1203 14.37024390369548
1 25418U 98046F   24291.89295588  .00004629  00000-0  15928-2 0    11\
2 25418  44.9963 246.7032 0001882 169.9683 190.1203 14.37024390369379
1 25418U 98046F   24292.31008072  .00005857  00000-0  20022-2 0    14\
2 25418  44.9962 244.7287 0001911 171.8166 188.2714 14.37030263369437
1 25418U 98046F   24292.93576552  .00006322  00000-0  21571-2 0    13\
2 25418  44.9963 241.7664 0001999 175.7670 184.3195 14.37036483369523
1 25418U 98046F   24293.21384736  .00007932  00000-0  26934-2 0  5107\
2 25418  44.9963 240.4500 0002016 176.8790 183.2071 14.37042028369730
1 25418U 98046F   24293.28336754  .00008166  00000-0  27712-2 0    11\
2 25418  44.9963 240.1210 0002021 177.1958 182.8901 14.37043220369575
1 25418U 98046F   24293.90904937  .00006585  00000-0  22443-2 0    13\
2 25418  44.9963 237.1587 0002094 180.5341 179.5505 14.37044718369668
1 25418U 98046F   24294.18712815  .00007637  00000-0  25947-2 0  5113\
2 25418  44.9963 235.8425 0002110 181.5184 178.5658 14.37050318369873
1 25418U 98046F   24294.25664774  .00007721  00000-0  26226-2 0    10\
2 25418  44.9963 235.5134 0002117 181.9856 178.0984 14.37051357369718
1 25418U 98046F   24294.88232854  .00005859  00000-0  20021-2 0  5123\
2 25418  44.9962 232.5511 0002186 184.6898 175.3930 14.37050492369973
1 25418U 98046F   24294.88232854  .00005859  00000-0  20021-2 0    16\
2 25418  44.9962 232.5511 0002186 184.6898 175.3930 14.37050492369805
1 25418U 98046F   24295.16040746  .00003478  00000-0  12083-2 0    19\
2 25418  44.9962 231.2348 0002185 185.3360 174.7464 14.37047268369846
1 25418U 98046F   24295.92512183  .00003828  00000-0  13249-2 0    16\
2 25418  44.9961 227.6145 0002256 188.7359 171.3450 14.37054169369951
1 25418U 98046F   24296.20319988  .00002846  00000-0  99724-3 0  5136\
2 25418  44.9960 226.2980 0002267 189.0237 171.0570 14.37053555370166
1 25418U 98046F   24296.89839126  .00003038  00000-0  10612-2 0    16\
2 25418  44.9959 223.0068 0002335 192.5583 167.5207 14.37059303370091
1 25418U 98046F   24297.24598605  .00002982  00000-0  10424-2 0  5147\
2 25418  44.9959 221.3613 0002371 193.7126 166.3658 14.37061845370310
1 25418U 98046F   24297.52406135  .00003097  00000-0  10809-2 0    10\
2 25418  44.9960 220.0448 0002411 194.8057 165.2720 14.37064266370187
1 25418U 98046F   24297.87165517  .00003120  00000-0  10884-2 0    14\
2 25418  44.9959 218.3990 0002441 195.8043 164.2729 14.37066894370239
1 25418U 98046F   24298.49732130  .00003871  00000-0  13388-2 0  5159\
2 25418  44.9958 215.4371 0002480 198.5025 161.5732 14.37074013370496
1 25418U 98046F   24298.49732130  .00003871  00000-0  13388-2 0    19\
2 25418  44.9958 215.4371 0002480 198.5025 161.5732 14.37074013370328
1 25418U 98046F   24298.84491289  .00003716  00000-0  12869-2 0    16\
2 25418  44.9956 213.7915 0002497 200.2298 159.8451 14.37076508370376
1 25418U 98046F   24299.81816505  .00003838  00000-0  13275-2 0  5164\
2 25418  44.9956 209.1836 0002592 203.7951 156.2778 14.37085015370687
1 25418U 98046F   24299.88768269  .00003860  00000-0  13347-2 0    18\
2 25418  44.9956 208.8545 0002619 204.4450 155.6274 14.37085713370524
1 25418U 98046F   24300.44382393  .00003657  00000-0  12668-2 0    12\
2 25418  44.9958 206.2216 0002634 206.1106 153.9610 14.37090171370605
1 25418U 98046F   24300.86092791  .00004481  00000-0  15413-2 0  5177\
2 25418  44.9959 204.2463 0002715 207.1709 152.8997 14.37096082370836
1 25418U 98046F   24300.93044521  .00004495  00000-0  15458-2 0    15\
2 25418  44.9960 203.9174 0002721 207.4531 152.6173 14.37096755370679
1 25418U 98046F   24301.41706473  .00005335  00000-0  18256-2 0    13\
2 25418  44.9960 201.6137 0002735 209.9379 150.1313 14.37103660370746
1 25418U 98046F   24301.90368286  .00006072  00000-0  20707-2 0    16\
2 25418  44.9960 199.3097 0002770 211.7698 148.2983 14.37109866370811
1 25418U 98046F   24302.11223255  .00006251  00000-0  21301-2 0  5189\
2 25418  44.9960 198.3222 0002783 212.4139 147.6538 14.37112702371017
1 25418U 98046F   24302.39029838  .00005841  00000-0  19934-2 0    10\
2 25418  44.9960 197.0056 0002799 212.8797 147.1877 14.37115359370885
1 25418U 98046F   24302.73787940  .00006182  00000-0  21067-2 0    12\
2 25418  44.9960 195.3599 0002807 214.1986 145.8682 14.37120641370938
1 25418U 98046F   24303.08545873  .00006406  00000-0  21810-2 0    13\
2 25418  44.9961 193.7142 0002859 215.7481 144.3176 14.37126047370982
1 25418U 98046F   24303.98916121  .00005616  00000-0  19178-2 0    16\
2 25418  44.9961 189.4355 0002905 219.2231 140.8407 14.37136571371111
1 25418U 98046F   24304.12819148  .00005895  00000-0  20107-2 0  5191\
2 25418  44.9959 188.7772 0002919 219.7888 140.2746 14.37139130371306
1 25418U 98046F   24304.40625188  .00005766  00000-0  19674-2 0    11\
2 25418  44.9959 187.4606 0002947 220.3811 139.6818 14.37142545371174
1 25418U 98046F   24305.37945766  .00005437  00000-0  18575-2 0    19\
2 25418  44.9958 182.8525 0003048 224.2017 135.8588 14.37154497371313
1 25418U 98046F   24305.72702918  .00005259  00000-0  17981-2 0  5206\
2 25418  44.9957 181.2067 0003054 225.8668 134.1929 14.37158676371530
1 25418U 98046F   24305.72702918  .00005259  00000-0  17981-2 0    10\
2 25418  44.9957 181.2067 0003054 225.8668 134.1929 14.37158676371361
1 25418U 98046F   24306.35265373  .00006462  00000-0  21978-2 0    17\
2 25418  44.9954 178.2442 0003117 227.7033 132.3551 14.37170045371453
1 25418U 98046F   24306.90876190  .00005993  00000-0  20417-2 0    18\
2 25418  44.9951 175.6110 0003159 229.6194 130.4379 14.37177103371536
1 25418U 98046F   24307.32584117  .00005389  00000-0  18406-2 0    14\
2 25418  44.9952 173.6362 0003172 230.2760 129.7808 14.37181975371592
1 25418U 98046F   24307.88194335  .00006776  00000-0  23010-2 0  5220\
2 25418  44.9951 171.0027 0003211 232.5260 127.5295 14.37192315371849
1 25418U 98046F   24307.88194335  .00006776  00000-0  23010-2 0    12\
2 25418  44.9951 171.0027 0003211 232.5260 127.5295 14.37192315371670
1 25418U 98046F   24308.57706695  .00006118  00000-0  20822-2 0    15\
2 25418  44.9948 167.7108 0003239 235.5717 124.4824 14.37201779371778
1 25418U 98046F   24308.78560259  .00006114  00000-0  20805-2 0    19\
2 25418  44.9946 166.7233 0003258 236.9667 123.0868 14.37205355371805
1 25418U 98046F   24308.92462604  .00006747  00000-0  22907-2 0  5236\
2 25418  44.9947 166.0648 0003283 237.0785 122.9747 14.37208684371992
1 25418U 98046F   24309.34169590  .00006678  00000-0  22676-2 0    18\
2 25418  44.9947 164.0901 0003313 238.6975 121.3548 14.37215149371888
1 25418U 98046F   24309.89778692  .00005258  00000-0  17957-2 0    16\
2 25418  44.9948 161.4565 0003335 240.8647 119.1867 14.37220700371968
1 25418U 98046F   24310.03680901  .00005147  00000-0  17585-2 0  5243\
2 25418  44.9947 160.7978 0003334 241.1103 118.9410 14.37222650372156
1 25418U 98046F   24310.59289685  .00004507  00000-0  15459-2 0    15\
2 25418  44.9943 158.1641 0003368 242.6997 117.3508 14.37228340372067
1 25418U 98046F   24311.28800369  .00004936  00000-0  16881-2 0  5257\
2 25418  44.9946 154.8724 0003377 244.6146 115.4352 14.37236461372332
1 25418U 98046F   24311.56604542  .00005032  00000-0  17198-2 0    12\
2 25418  44.9946 153.5556 0003379 245.6326 114.4169 14.37239670372200
1 25418U 98046F   24311.84408582  .00005230  00000-0  17856-2 0    10\
2 25418  44.9943 152.2389 0003427 247.2482 112.8004 14.37243437372242
1 25418U 98046F   24312.60869524  .00005001  00000-0  17091-2 0    19\
2 25418  44.9945 148.6178 0003427 249.7306 110.3173 14.37251718372354
1 25418U 98046F   24312.81722399  .00005140  00000-0  17551-2 0  5267\
2 25418  44.9947 147.6303 0003461 251.0011 109.0462 14.37254442372557
1 25418U 98046F   24312.88673348  .00005104  00000-0  17433-2 0    10\
2 25418  44.9948 147.3012 0003462 251.1347 108.9126 14.37255252372393
1 25418U 98046F   24313.85986427  .00005193  00000-0  17723-2 0    13\
2 25418  44.9952 142.6930 0003490 254.6521 105.3941 14.37266076372536
1 25418U 98046F   24313.99888231  .00005256  00000-0  17931-2 0  5276\
2 25418  44.9952 142.0343 0003496 254.9873 105.0588 14.37267720372729
1 25418U 98046F   24314.55495144  .00008355  00000-0  28205-2 0    12\
2 25418  44.9952 139.4008 0003505 257.3315 102.7141 14.37281175372635
1 25418U 98046F   24314.90249483  .00006961  00000-0  23585-2 0    11\
2 25418  44.9955 137.7546 0003521 258.3190 101.7263 14.37281894372683
1 25418U 98046F   24315.45856081  .00006222  00000-0  21130-2 0  5288\
2 25418  44.9955 135.1209 0003523 260.4075  99.6375 14.37287465372936
1 25418U 98046F   24315.52806907  .00005230  00000-0  17839-2 0    13\
2 25418  44.9954 134.7917 0003525 260.5563  99.4887 14.37286333372772
1 25418U 98046F   24315.87560865  .00005639  00000-0  19195-2 0    11\
2 25418  44.9956 133.1458 0003551 261.6017  98.4428 14.37291458372822
1 25418U 98046F   24316.50117837  .00004365  00000-0  14967-2 0    16\
2 25418  44.9954 130.1828 0003560 264.0093  96.0349 14.37296151372910
1 25418U 98046F   24316.77920858  .00004243  00000-0  14560-2 0  5299\
2 25418  44.9954 128.8660 0003566 265.4991  94.5450 14.37298695373121
1 25418U 98046F   24316.84871628  .00003829  00000-0  13186-2 0    14\
2 25418  44.9953 128.5368 0003568 265.7411  94.3029 14.37298397372964
1 25418U 98046F   24317.89132690  .00003036  00000-0  10554-2 0    15\
2 25418  44.9952 123.5982 0003579 269.5788  90.4650 14.37304601373112
1 25418U 98046F   24317.96083407  .00003027  00000-0  10524-2 0  5308\
2 25418  44.9951 123.2688 0003580 269.7916  90.2521 14.37305101373298
1 25418U 98046F   24318.58639820  .00002868  00000-0  99959-3 0    18\
2 25418  44.9950 120.3057 0003624 271.3888  88.6545 14.37308689373214
1 25418U 98046F   24318.79491906  .00003019  00000-0  10497-2 0    10\
2 25418  44.9950 119.3181 0003612 272.5586  87.4848 14.37310427373244
1 25418U 98046F   24319.42048148  .00003127  00000-0  10852-2 0  5310\
2 25418  44.9955 116.3550 0003612 275.0804  84.9631 14.37314370373509
1 25418U 98046F   24319.55949483  .00003104  00000-0  10775-2 0    17\
2 25418  44.9955 115.6965 0003617 275.4655  84.5780 14.37315292373352
1 25418U 98046F   24320.46307993  .00003018  00000-0  10490-2 0  5320\
2 25418  44.9955 111.4167 0003619 278.5193  81.5245 14.37321015373659
1 25418U 98046F   24320.53258659  .00003223  00000-0  11169-2 0    15\
2 25418  44.9955 111.0874 0003607 278.8246  81.2194 14.37321942373490
1 25418U 98046F   24320.74110569  .00003266  00000-0  11313-2 0    13\
2 25418  44.9955 110.1000 0003605 279.8123  80.2318 14.37323475373528
1 25418U 98046F   24321.78369926  .00002493  00000-0  87460-3 0  5339\
2 25418  44.9958 105.1619 0003598 283.8051  76.2396 14.37327667373840
1 25418U 98046F   24322.82628909  .00002111  00000-0  74775-3 0    16\
2 25418  44.9961 100.2237 0003582 287.4720  72.5736 14.37332484373820
1 25418U 98046F   24323.10431246  .00002064  00000-0  73231-3 0  5348\
2 25418  44.9962  98.9070 0003578 288.3701  71.6757 14.37333791374032
1 25418U 98046F   24323.52134708  .00002053  00000-0  72870-3 0    12\
2 25418  44.9962  96.9316 0003588 289.6160  70.4301 14.37335829373920
1 25418U 98046F   24323.86887529  .00002111  00000-0  74793-3 0    16\
2 25418  44.9965  95.2856 0003560 291.2009  68.8458 14.37337873373975
1 25418U 98046F   24324.42492000  .00002273  00000-0  80146-3 0  5355\
2 25418  44.9966  92.6520 0003567 293.1547  66.8925 14.37340921374224
1 25418U 98046F   24324.56393087  .00002329  00000-0  82004-3 0    10\
2 25418  44.9966  91.9937 0003564 293.6368  66.4106 14.37341806374074
1 25418U 98046F   24324.84195231  .00002835  00000-0  98797-3 0    10\
2 25418  44.9967  90.6766 0003560 294.7768  65.2709 14.37344818374110
1 25418U 98046F   24325.46750012  .00002695  00000-0  94143-3 0    18\
2 25418  44.9967  87.7136 0003561 296.8142  63.2341 14.37347425374205
1 25418U 98046F   24325.74552088  .00002732  00000-0  95366-3 0  5365\
2 25418  44.9968  86.3970 0003546 297.9079  62.1409 14.37348982374416
1 25418U 98046F   24325.88453141  .00002660  00000-0  92984-3 0    10\
2 25418  44.9967  85.7385 0003553 298.5064  61.5426 14.37349358374260
1 25418U 98046F   24326.57958195  .00002743  00000-0  95699-3 0    14\
2 25418  44.9969  82.4463 0003523 300.8482  59.2019 14.37353142374360
1 25418U 98046F   24326.85760144  .00002941  00000-0  10227-2 0    13\
2 25418  44.9969  81.1294 0003525 302.1176  57.9330 14.37355334374406
1 25418U 98046F   24326.85760144  .00002941  00000-0  10227-2 0  5377\
2 25418  44.9969  81.1294 0003525 302.1176  57.9330 14.37355334374574
1 25418U 98046F   24327.55264875  .00002923  00000-0  10168-2 0    15\
2 25418  44.9969  77.8372 0003508 304.6055  55.4461 14.37359307374502
1 25418U 98046F   24327.76116253  .00002960  00000-0  10289-2 0    19\
2 25418  44.9969  76.8497 0003491 305.5852  54.4670 14.37360713374532
1 25418U 98046F   24328.38670200  .00003344  00000-0  11561-2 0  5381\
2 25418  44.9971  73.8866 0003486 308.0058  52.0475 14.37366100374793
1 25418U 98046F   24328.52571049  .00003193  00000-0  11059-2 0    17\
2 25418  44.9970  73.2283 0003499 308.6482  51.4052 14.37366607374640
1 25418U 98046F   24328.73422316  .00003206  00000-0  11105-2 0    19\
2 25418  44.9971  72.2408 0003470 309.6400  50.4141 14.37368118374679
1 25418U 98046F   24329.42926331  .00003306  00000-0  11434-2 0  5394\
2 25418  44.9970  68.9485 0003460 312.1262  47.9291 14.37373695374942
1 25418U 98046F   24329.56827106  .00003338  00000-0  11541-2 0    17\
2 25418  44.9970  68.2902 0003459 312.6777  47.3779 14.37374805374795
1 25418U 98046F   24329.77678254  .00003307  00000-0  11437-2 0    18\
2 25418  44.9970  67.3025 0003451 313.7277  46.3284 14.37376350374821
1 25418U 98046F   24330.47181788  .00004112  00000-0  14102-2 0  5403\
2 25418  44.9971  64.0102 0003446 316.2565  43.8010 14.37384169375090
1 25418U 98046F   24330.54132144  .00003841  00000-0  13205-2 0    16\
2 25418  44.9971  63.6807 0003417 316.5423  43.5155 14.37384001374935
1 25418U 98046F   24330.68032829  .00003854  00000-0  13246-2 0    19\
2 25418  44.9972  63.0226 0003423 317.3317  42.7265 14.37385215374956
1 25418U 98046F   24331.79237711  .00004058  00000-0  13918-2 0  5411\
2 25418  44.9974  57.7547 0003359 321.8106  38.2504 14.37395916375280
1 25418U 98046F   24331.86187981  .00004089  00000-0  14022-2 0    14\
2 25418  44.9975  57.4255 0003349 322.0743  37.9868 14.37396721375120
1 25418U 98046F   24332.55690600  .00004531  00000-0  15482-2 0    11\
2 25418  44.9976  54.1333 0003325 325.2281  34.8350 14.37404284375225
1 25418U 98046F   24332.76541318  .00004537  00000-0  15502-2 0    14\
2 25418  44.9976  53.1457 0003325 326.2118  33.8518 14.37406372375259
1 25418U 98046F   24333.52993697  .00004667  00000-0  15932-2 0  5421\
2 25418  44.9977  49.5245 0003303 329.4958  30.5698 14.37414103375532
1 25418U 98046F   24333.52993697  .00004667  00000-0  15932-2 0    11\
2 25418  44.9977  49.5245 0003303 329.4958  30.5698 14.37414103375363
1 25418U 98046F   24333.66894099  .00004798  00000-0  16364-2 0    17\
2 25418  44.9978  48.8662 0003303 330.1599  29.9060 14.37415694375382
1 25418U 98046F   24334.57246317  .00004214  00000-0  14427-2 0    13\
2 25418  44.9979  44.5864 0003245 334.1796  25.8890 14.37423167375513
1 25418U 98046F   24334.78096756  .00004180  00000-0  14315-2 0  5435\
2 25418  44.9979  43.5987 0003246 335.0596  25.0094 14.37425100375716
1 25418U 98046F   24334.78096756  .00004180  00000-0  14315-2 0    14\
2 25418  44.9979  43.5987 0003246 335.0596  25.0094 14.37425100375547
1 25418U 98046F   24335.54548131  .00003893  00000-0  13365-2 0    12\
2 25418  44.9978  39.9772 0003214 338.3643  21.7069 14.37431581375658
1 25418U 98046F   24335.89298641  .00003779  00000-0  12984-2 0    17\
2 25418  44.9979  38.3312 0003182 339.9665  20.1058 14.37434508375706
1 25418U 98046F   24335.89298641  .00003779  00000-0  12984-2 0  5449\
2 25418  44.9979  38.3312 0003182 339.9665  20.1058 14.37434508375874
1 25418U 98046F   24336.51849386  .00004057  00000-0  13904-2 0    18\
2 25418  44.9979  35.3681 0003142 342.8743  17.1998 14.37440614375791
1 25418U 98046F   24336.86599690  .00003880  00000-0  13317-2 0    17\
2 25418  44.9979  33.7220 0003120 344.4162  15.6590 14.37443322375847
1 25418U 98046F   24337.42200032  .00003921  00000-0  13453-2 0  5459\
2 25418  44.9979  31.0881 0003083 346.8615  13.2152 14.37448196376098
1 25418U 98046F   24337.49150069  .00003605  00000-0  12406-2 0    13\
2 25418  44.9978  30.7588 0003070 347.3442  12.7328 14.37448055375932
1 25418U 98046F   24337.83900178  .00003564  00000-0  12271-2 0    19\
2 25418  44.9978  29.1128 0003047 349.0599  11.0182 14.37451010375980
1 25418U 98046F   24338.46450201  .00003569  00000-0  12285-2 0    16\
2 25418  44.9977  26.1497 0002997 352.0657   8.0143 14.37456252376074
1 25418U 98046F   24338.81200110  .00003467  00000-0  11947-2 0  5462\
2 25418  44.9977  24.5035 0002969 353.8105   6.2705 14.37459024376298
1 25418U 98046F   24338.81200110  .00003467  00000-0  11947-2 0    18\
2 25418  44.9977  24.5035 0002969 353.8105   6.2705 14.37459024376120
1 25418U 98046F   24339.57649689  .00003251  00000-0  11230-2 0    16\
2 25418  44.9977  20.8819 0002931 357.5188   2.5645 14.37464852376239
1 25418U 98046F   24339.85449447  .00003394  00000-0  11704-2 0    11\
2 25418  44.9977  19.5649 0002910 358.8497   1.2343 14.37467487376271
1 25418U 98046F   24340.13249180  .00003329  00000-0  11487-2 0  5477\
2 25418  44.9977  18.2478 0002893   0.2145 359.8704 14.37469484376480
1 25418U 98046F   24340.54948702  .00003054  00000-0  10577-2 0    17\
2 25418  44.9976  16.2725 0002873   2.4104 357.6757 14.37472127376379
1 25418U 98046F   24341.17497850  .00002707  00000-0  94278-3 0  5481\
2 25418  44.9977  13.3091 0002833   5.5539 354.5340 14.37475777376633
1 25418U 98046F   24341.52247292  .00002799  00000-0  97346-3 0    17\
2 25418  44.9977  11.6629 0002822   7.3655 352.7234 14.37478382376512
1 25418U 98046F   24341.80046814  .00002743  00000-0  95487-3 0    18\
2 25418  44.9977  10.3459 0002792   8.8449 351.2448 14.37480068376551
1 25418U 98046F   24342.42595578  .00003005  00000-0  10413-2 0  5497\
2 25418  44.9977   7.3826 0002761  11.8590 348.2323 14.37484859376811
1 25418U 98046F   24342.49545427  .00003166  00000-0  10947-2 0    15\
2 25418  44.9978   7.0534 0002758  12.3267 347.7648 14.37485733376656
1 25418U 98046F   24342.77344811  .00003193  00000-0  11034-2 0    18\
2 25418  44.9978   5.7364 0002744  13.6680 346.4242 14.37487663376694
1 25418U 98046F   24343.46843124  .00003179  00000-0  10988-2 0  5506\
2 25418  44.9978   2.4438 0002693  17.6638 342.4303 14.37492266376969
1 25418U 98046F   24343.53792937  .00003224  00000-0  11137-2 0    18\
2 25418  44.9978   2.1145 0002694  17.9989 342.0954 14.37492885376802
1 25418U 98046F   24343.74642376  .00003206  00000-0  11077-2 0    15\
2 25418  44.9979   1.1268 0002687  18.9497 341.1450 14.37494255376832
1 25418U 98046F   24344.51090132  .00003369  00000-0  11614-2 0    15\
2 25418  44.9978 357.5050 0002634  23.4687 336.6281 14.37499946376947
1 25418U 98046F   24344.71939469  .00003309  00000-0  11415-2 0  5515\
2 25418  44.9978 356.5172 0002624  24.4814 335.6158 14.37501284377147
1 25418U 98046F   24344.71939469  .00003309  00000-0  11415-2 0    15\
2 25418  44.9978 356.5172 0002624  24.4814 335.6158 14.37501284376977
1 25418U 98046F   24345.48386875  .00002991  00000-0  10361-2 0    12\
2 25418  44.9978 352.8954 0002571  29.2545 330.8447 14.37505879377084
1 25418U 98046F   24345.76185864  .00002968  00000-0  10286-2 0  5529\
2 25418  44.9979 351.5783 0002548  31.0931 329.0068 14.37507450377294
1 25418U 98046F   24345.76185864  .00002968  00000-0  10286-2 0    18\
2 25418  44.9979 351.5783 0002548  31.0931 329.0068 14.37507450377126
1 25418U 98046F   24346.45683194  .00002818  00000-0  97887-3 0    11\
2 25418  44.9979 348.2856 0002513  35.3786 324.7229 14.37511612377224
1 25418U 98046F   24346.73482065  .00002524  00000-0  88175-3 0    10\
2 25418  44.9979 346.9686 0002489  37.0370 323.0649 14.37512557377261
1 25418U 98046F   24347.01280922  .00002468  00000-0  86313-3 0  5531\
2 25418  44.9979 345.6514 0002469  38.7792 321.3233 14.37514065377470
1 25418U 98046F   24347.42979142  .00002481  00000-0  86736-3 0    17\
2 25418  44.9979 343.6759 0002484  41.1783 318.9252 14.37516646377362
1 25418U 98046F   24348.12476036  .00002181  00000-0  76835-3 0  5548\
2 25418  44.9978 340.3832 0002440  45.3186 314.7860 14.37519707377632
1 25418U 98046F   24348.40274745  .00002205  00000-0  77630-3 0    10\
2 25418  44.9978 339.0662 0002442  47.0874 313.0179 14.37521337377506
1 25418U 98046F   24349.37570019  .00002338  00000-0  82015-3 0  5554\
2 25418  44.9977 334.4565 0002410  53.3243 306.7826 14.37526788377818
1 25418U 98046F   24349.37570019  .00002338  00000-0  82015-3 0    10\
2 25418  44.9977 334.4565 0002410  53.3243 306.7826 14.37526788377649
1 25418U 98046F   24349.65368579  .00002648  00000-0  92259-3 0    12\
2 25418  44.9978 333.1395 0002401  55.1412 304.9662 14.37529317377688
1 25418U 98046F   24350.41814474  .00002795  00000-0  97081-3 0  5564\
2 25418  44.9977 329.5175 0002382  60.3535 299.7550 14.37534058377960
1 25418U 98046F   24350.41814474  .00002795  00000-0  97081-3 0    19\
2 25418  44.9977 329.5175 0002382  60.3535 299.7550 14.37534058377791
1 25418U 98046F   24350.90461754  .00002799  00000-0  97232-3 0    14\
2 25418  44.9978 327.2124 0002364  63.7591 296.3500 14.37536709377861
1 25418U 98046F   24351.39108927  .00002712  00000-0  94345-3 0    15\
2 25418  44.9978 324.9076 0002373  66.8870 293.2228 14.37539309377935
1 25418U 98046F   24351.66907234  .00002865  00000-0  99388-3 0  5570\
2 25418  44.9979 323.5905 0002352  69.5488 290.5612 14.37541557378143
1 25418U 98046F   24351.94705546  .00002789  00000-0  96862-3 0    16\
2 25418  44.9979 322.2733 0002330  71.8170 288.2931 14.37542921378018
1 25418U 98046F   24352.36402911  .00002779  00000-0  96550-3 0    16\
2 25418  44.9978 320.2978 0002345  74.3822 285.7285 14.37545624378077
1 25418U 98046F   24352.91999285  .00002937  00000-0  10175-2 0    16\
2 25418  44.9979 317.6636 0002318  78.5421 281.5687 14.37549614378152
1 25418U 98046F   24352.98948825  .00002946  00000-0  10206-2 0  5589\
2 25418  44.9979 317.3344 0002338  78.6988 281.4122 14.37550112378334
1 25418U 98046F   24353.33696473  .00002784  00000-0  96701-3 0    16\
2 25418  44.9979 315.6883 0002366  80.5448 279.5667 14.37551916378219
1 25418U 98046F   24354.17090676  .00002764  00000-0  96039-3 0  5592\
2 25418  44.9979 311.7370 0002365  86.3920 273.7199 14.37556857378502
1 25418U 98046F   24354.24040167  .00002501  00000-0  87333-3 0    18\
2 25418  44.9979 311.4078 0002371  86.7688 273.3431 14.37556566378340
1 25418U 98046F   24354.30989670  .00002491  00000-0  87011-3 0    17\
2 25418  44.9979 311.0786 0002374  87.2177 272.8943 14.37556939378351
1 25418U 98046F   24354.93535121  .00002344  00000-0  82149-3 0    18\
2 25418  44.9978 308.1151 0002378  91.3132 268.7988 14.37559971378446
1 25418U 98046F   24355.21333016  .00002505  00000-0  87468-3 0  5607\
2 25418  44.9976 306.7980 0002405  93.0312 267.0812 14.37562188378653
1 25418U 98046F   24355.56080380  .00002299  00000-0  80653-3 0    17\
2 25418  44.9976 305.1518 0002412  95.0545 265.0578 14.37563534378531
1 25418U 98046F   24355.90827692  .00002518  00000-0  87890-3 0    14\
2 25418  44.9975 303.5053 0002426  97.9018 262.2106 14.37566127378589
1 25418U 98046F   24356.25574922  .00002424  00000-0  84767-3 0  5615\
2 25418  44.9973 301.8589 0002428 100.4689 259.6432 14.37567999378803
1 25418U 98046F   24356.25574922  .00002424  00000-0  84767-3 0    14\
2 25418  44.9973 301.8589 0002428 100.4689 259.6432 14.37567999378634
1 25418U 98046F   24356.88119854  .00002753  00000-0  95628-3 0    15\
2 25418  44.9972 298.8953 0002444 105.0813 255.0305 14.37572491378723
1 25418U 98046F   24357.22866941  .00002686  00000-0  93402-3 0    13\
2 25418  44.9971 297.2491 0002480 106.8589 253.2531 14.37574464378779
1 25418U 98046F   24357.85411594  .00002594  00000-0  90359-3 0    18\
2 25418  44.9970 294.2855 0002485 111.3990 248.7123 14.37577963378864
1 25418U 98046F   24358.13209150  .00002827  00000-0  98057-3 0  5627\
2 25418  44.9969 292.9685 0002513 112.8668 247.2446 14.37580441379079
1 25418U 98046F   24358.20158502  .00002996  00000-0  10363-2 0    17\
2 25418  44.9969 292.6392 0002509 113.3889 246.7223 14.37581567378916
1 25418U 98046F   24359.24398994  .00003158  00000-0  10898-2 0  5630\
2 25418  44.9969 287.7000 0002571 120.0551 240.0552 14.37588776379234
1 25418U 98046F   24359.52196351  .00003093  00000-0  10682-2 0    10\
2 25418  44.9969 286.3827 0002595 122.7467 237.3632 14.37590461379105
1 25418U 98046F   24359.86942968  .00003111  00000-0  10741-2 0    17\
2 25418  44.9967 284.7361 0002599 125.6628 234.4462 14.37593135379158
1 25418U 98046F   24360.49486802  .00003556  00000-0  12208-2 0    11\
2 25418  44.9968 281.7726 0002660 128.4707 231.6380 14.37598452379244
1 25418U 98046F   24360.49486802  .00003556  00000-0  12208-2 0  5645\
2 25418  44.9968 281.7726 0002660 128.4707 231.6380 14.37598452379413
1 25418U 98046F   24361.18979678  .00003394  00000-0  11672-2 0    10\
2 25418  44.9969 278.4799 0002712 132.9006 227.2070 14.37603168379347
1 25418U 98046F   24361.81523033  .00003683  00000-0  12624-2 0  5654\
2 25418  44.9968 275.5162 0002743 137.1599 222.9463 14.37608537379608
1 25418U 98046F   24361.88472257  .00003430  00000-0  11789-2 0    18\
2 25418  44.9968 275.1868 0002756 137.3804 222.7258 14.37608707379443
1 25418U 98046F   24362.44066150  .00003481  00000-0  11956-2 0    14\
2 25418  44.9969 272.5530 0002814 139.9550 220.1506 14.37613242379529
1 25418U 98046F   24363.06609045  .00003352  00000-0  11530-2 0  5660\
2 25418  44.9968 269.5894 0002862 144.1380 215.9660 14.37617972379784
1 25418U 98046F   24362.85761435  .00003347  00000-0  11514-2 0    18\
2 25418  44.9968 270.5771 0002842 143.0663 217.0381 14.37616269379589
1 25418U 98046F   24363.48304197  .00003483  00000-0  11960-2 0    12\
2 25418  44.9968 267.6139 0002897 146.5044 213.5988 14.37621620379676
1 25418U 98046F   24364.10846748  .00003294  00000-0  11335-2 0  5678\
2 25418  44.9966 264.6503 0002951 149.8065 210.2954 14.37626125379937
1 25418U 98046F   24364.45592496  .00003362  00000-0  11561-2 0    14\
2 25418  44.9965 263.0037 0003001 152.1328 207.9681 14.37629085379812
1 25418U 98046F   24364.87287297  .00003557  00000-0  12202-2 0    19\
2 25418  44.9963 261.0278 0003038 154.7302 205.3694 14.37632971379875
1 25418U 98046F   24365.15083812  .00003886  00000-0  13286-2 0  5684\
2 25418  44.9963 259.7109 0003052 155.4092 204.6901 14.37635870380081
1 25418U 98046F   24365.42880256  .00003986  00000-0  13615-2 0    10\
2 25418  44.9962 258.3938 0003082 156.9810 203.1177 14.37638348379958
1 25418U 98046F   24365.84574779  .00003756  00000-0  12856-2 0    17\
2 25418  44.9960 256.4180 0003124 159.5002 200.5972 14.37641642380017
1 25418U 98046F   24366.40167396  .00003914  00000-0  13376-2 0  5696\
2 25418  44.9958 253.7838 0003169 162.5203 197.5755 14.37646545380268
1 25418U 98046F   24366.40167396  .00003914  00000-0  13376-2 0    17\
2 25418  44.9958 253.7838 0003169 162.5203 197.5755 14.37646545380099
1 25418U 98046F   25001.79147867  .00004823  00000-0  16364-2 0  5708
2 25418  44.9953 247.1978 0003297 169.8585 190.2330 14.37661845380461
1 25418U 98046F   25001.37453882  .00004586  00000-0  15586-2 0    19
2 25418  44.9955 249.1737 0003251 167.9635 192.1291 14.37657095380237
1 25418U 98046F   25001.86096545  .00013126  00000-0  43656-2 0    11
2 25418  44.9953 246.8686 0003300 170.5502 189.5408 14.37683494380300
1 25418U 98046F   25002.13892345  .00014997  00000-0  49794-2 0  5712
2 25418  44.9950 245.5515 0003301 172.3679 187.7220 14.37688065380514
1 25418U 98046F   25002.34739521  .00006784  00000-0  22816-2 0    10
2 25418  44.9950 244.5637 0003355 172.5554 187.5345 14.37672406380373
1 25418U 98046F   25003.38973296  .00003622  00000-0  12405-2 0    15
2 25418  44.9947 239.6233 0003456 177.2547 182.8320 14.37679348380522
1 25418U 98046F   25003.94564386  .00002504  00000-0  87222-3 0    11
2 25418  44.9948 236.9886 0003496 180.0992 179.9856 14.37682710380604
1 25418U 98046F   25004.64053061  .00002158  00000-0  75816-3 0    13
2 25418  44.9947 233.6951 0003572 183.2467 176.8358 14.37686779380700
1 25418U 98046F   25004.77950752  .00002069  00000-0  72874-3 0  5747
2 25418  44.9947 233.0364 0003595 184.1650 175.9169 14.37687704380890
1 25418U 98046F   25004.84899581  .00003038  00000-0  10478-2 0    10
2 25418  44.9948 232.7070 0003614 184.6601 175.4214 14.37690468380734
1 25418U 98046F   25005.33541427  .00002898  00000-0  10016-2 0    19
2 25418  44.9948 230.4015 0003669 186.9205 173.1592 14.37693838380809
1 25418U 98046F   25005.75234358  .00002703  00000-0  93734-3 0    11
2 25418  44.9949 228.4254 0003701 189.1284 170.9497 14.37696329380864
1 25418U 98046F   25006.03029609  .00002911  00000-0  10058-2 0  5758
2 25418  44.9949 227.1081 0003729 190.4308 169.6463 14.37698684381078
1 25418U 98046F   25006.30824803  .00002847  00000-0  98462-3 0    15
2 25418  44.9950 225.7908 0003748 191.8003 168.2758 14.37700606380945
1 25418U 98046F   25006.93363901  .00002660  00000-0  92301-3 0    10
2 25418  44.9950 222.8269 0003817 194.4410 165.6329 14.37704426381031
1 25418U 98046F   25007.28107782  .00002376  00000-0  82962-3 0  5765
2 25418  44.9950 221.1803 0003849 195.9259 164.1469 14.37706027381251
1 25418U 98046F   25007.28107782  .00002376  00000-0  82962-3 0    18
2 25418  44.9950 221.1803 0003849 195.9259 164.1469 14.37706027381082
1 25418U 98046F   25007.83697906  .00002365  00000-0  82586-3 0    11
2 25418  44.9950 218.5460 0003882 198.6499 161.4207 14.37708797381169
1 25418U 98046F   25008.53185421  .00001970  00000-0  69576-3 0    18
2 25418  44.9950 215.2523 0003976 201.3488 158.7195 14.37711502381261
1 25418U 98046F   25008.80980382  .00001877  00000-0  66506-3 0  5771
2 25418  44.9948 213.9349 0003990 202.6619 157.4053 14.37712688381473
1 25418U 98046F   25008.87929116  .00001854  00000-0  65746-3 0    18
2 25418  44.9948 213.6055 0003996 202.9016 157.1654 14.37712988381314
1 25418U 98046F   25009.29621522  .00001797  00000-0  63865-3 0    11
2 25418  44.9948 211.6295 0004044 204.5690 155.4966 14.37714806381373
1 25418U 98046F   25009.85211287  .00001956  00000-0  69097-3 0    16
2 25418  44.9946 208.9948 0004082 207.1839 152.8796 14.37717944381458
1 25418U 98046F   25009.85211287  .00001956  00000-0  69097-3 0  5785
2 25418  44.9946 208.9948 0004082 207.1839 152.8796 14.37717944381627
1 25418U 98046F   25010.54698391  .00001723  00000-0  61440-3 0    15
2 25418  44.9946 205.7013 0004134 210.4166 149.6443 14.37720307381555
1 25418U 98046F   25010.89441884  .00001827  00000-0  64850-3 0    19
2 25418  44.9945 204.0547 0004144 211.9237 148.1360 14.37722155381605
1 25418U 98046F   25011.51980088  .00001630  00000-0  58352-3 0    15
2 25418  44.9945 201.0903 0004199 214.7468 145.3106 14.37724186381697
1 25418U 98046F   25011.79774792  .00001640  00000-0  58695-3 0    19
2 25418  44.9945 199.7729 0004238 215.7337 144.3228 14.37725471381733
1 25418U 98046F   25012.21466833  .00001740  00000-0  61977-3 0  5801
2 25418  44.9945 197.7969 0004254 217.6685 142.3865 14.37727538381968
1 25418U 98046F   25012.56210152  .00001712  00000-0  61045-3 0    13
2 25418  44.9944 196.1501 0004286 219.1663 140.8876 14.37728935381844
1 25418U 98046F   25012.77056134  .00001713  00000-0  61087-3 0    11
2 25418  44.9945 195.1621 0004296 220.0198 140.0334 14.37729794381870
1 25418U 98046F   25013.46542625  .00001869  00000-0  66213-3 0  5814
2 25418  44.9945 191.8686 0004351 223.0131 137.0377 14.37733243382144
1 25418U 98046F   25013.53491270  .00001718  00000-0  61248-3 0    14
2 25418  44.9945 191.5392 0004356 223.3026 136.7480 14.37733081381988
1 25418U 98046F   25013.88234461  .00001730  00000-0  61644-3 0    13
2 25418  44.9945 189.8925 0004368 224.7631 135.2864 14.37734590382033
1 25418U 98046F   25014.50772067  .00001857  00000-0  65817-3 0  5822
2 25418  44.9946 186.9283 0004461 227.2657 132.7816 14.37737824382299
1 25418U 98046F   25014.57720679  .00001808  00000-0  64208-3 0    16
2 25418  44.9946 186.5990 0004457 227.5694 132.4777 14.37738034382139
1 25418U 98046F   25014.78566539  .00001799  00000-0  63894-3 0    11
2 25418  44.9946 185.6109 0004437 228.5226 131.5241 14.37738864382161
1 25418U 98046F   25015.55001130  .00001832  00000-0  64971-3 0    13
2 25418  44.9947 181.9883 0004522 231.7856 128.2586 14.37742734382278
1 25418U 98046F   25015.75846914  .00001804  00000-0  64052-3 0  5836
2 25418  44.9948 181.0003 0004517 232.6919 127.3518 14.37743598382474
1 25418U 98046F   25015.75846914  .00001804  00000-0  64052-3 0    11
2 25418  44.9948 181.0003 0004517 232.6919 127.3518 14.37743598382306
1 25418U 98046F   25016.52281276  .00002028  00000-0  71434-3 0    12
2 25418  44.9949 177.3775 0004558 236.0667 123.9748 14.37748093382418
1 25418U 98046F   25016.87024105  .00002157  00000-0  75660-3 0  5851
2 25418  44.9950 175.7309 0004578 237.7045 122.3359 14.37750221382636
1 25418U 98046F   25017.49561074  .00002251  00000-0  78765-3 0    18
2 25418  44.9951 172.7668 0004647 240.4096 119.6289 14.37753675382554
1 25418U 98046F   25017.77355202  .00002380  00000-0  83006-3 0    10
2 25418  44.9952 171.4494 0004667 241.5621 118.4757 14.37755665382598
1 25418U 98046F   25018.46840414  .00002753  00000-0  95265-3 0  5863
2 25418  44.9953 168.1559 0004655 244.5687 115.4679 14.37760804382867
1 25418U 98046F   25018.53788928  .00002725  00000-0  94332-3 0    17
2 25418  44.9954 167.8266 0004665 244.8959 115.1406 14.37761099382700
1 25418U 98046F   25018.67685931  .00002784  00000-0  96269-3 0    18
2 25418  44.9953 167.1680 0004682 245.4173 114.6188 14.37762121382726
1 25418U 98046F   25019.51067810  .00003182  00000-0  10935-2 0    10
2 25418  44.9955 163.2158 0004715 248.9822 111.0522 14.37768532382849
1 25418U 98046F   25019.71913207  .00003237  00000-0  11116-2 0  5874
2 25418  44.9955 162.2275 0004716 249.5639 110.4703 14.37770167383046
1 25418U 98046F   25019.71913207  .00003237  00000-0  11116-2 0    15
2 25418  44.9955 162.2275 0004716 249.5639 110.4703 14.37770167382876
1 25418U 98046F   25020.41397715  .00003858  00000-0  13156-2 0    19
2 25418  44.9953 158.9340 0004776 252.5551 107.4775 14.37776712382970
1 25418U 98046F   25021.38675568  .00003611  00000-0  12340-2 0  5882
2 25418  44.9953 154.3235 0004776 256.6834 103.3481 14.37784062383283
1 25418U 98046F   25021.52572350  .00003517  00000-0  12032-2 0    16
2 25418  44.9953 153.6647 0004844 257.3531 102.6775 14.37784982383133
1 25418U 98046F   25021.59520740  .00003512  00000-0  12017-2 0    17
2 25418  44.9953 153.3354 0004829 257.6014 102.4294 14.37785570383146
1 25418U 98046F   25022.42901223  .00003529  00000-0  12070-2 0  5897
2 25418  44.9951 149.3831 0004822 261.3259  98.7043 14.37792590383436
1 25418U 98046F   25022.42901223  .00003529  00000-0  12070-2 0    16
2 25418  44.9951 149.3831 0004822 261.3259  98.7043 14.37792590383267
1 25418U 98046F   25023.47126276  .00003591  00000-0  12270-2 0  5903
2 25418  44.9951 144.4427 0004882 265.6750  94.3540 14.37801084383581
1 25418U 98046F   25023.54074598  .00003370  00000-0  11545-2 0    16
2 25418  44.9951 144.1134 0004888 266.0205  94.0084 14.37801075383422
1 25418U 98046F   25023.74919550  .00003382  00000-0  11585-2 0    11
2 25418  44.9951 143.1254 0004871 266.9484  93.0807 14.37802676383457
1 25418U 98046F   25024.58299056  .00003790  00000-0  12921-2 0    14
2 25418  44.9953 139.1730 0004871 270.3808  89.6482 14.37810087383570
1 25418U 98046F   25024.58299056  .00003790  00000-0  12921-2 0  5918
2 25418  44.9953 139.1730 0004871 270.3808  89.6482 14.37810087383749
1 25418U 98046F   25025.55574692  .00003479  00000-0  11901-2 0    15
2 25418  44.9956 134.5618 0004864 274.3071  85.7221 14.37816887383713
1 25418U 98046F   25025.62522934  .00003489  00000-0  11931-2 0  5924
2 25418  44.9956 134.2324 0004857 274.5851  85.4442 14.37817439383899
1 25418U 98046F   25025.62522934  .00003489  00000-0  11931-2 0    19
2 25418  44.9956 134.2324 0004857 274.5851  85.4442 14.37817439383721
1 25418U 98046F   25026.32005226  .00003087  00000-0  10610-2 0    14
2 25418  44.9958 130.9389 0004871 277.4081  82.6213 14.37821713383826
1 25418U 98046F   25026.73694486  .00002936  00000-0  10115-2 0  5939
2 25418  44.9959 128.9628 0004866 279.2654  80.7644 14.37824485384052
1 25418U 98046F   25026.73694486  .00002936  00000-0  10115-2 0    13
2 25418  44.9959 128.9628 0004866 279.2654  80.7644 14.37824485383882
1 25418U 98046F   25027.29280070  .00002653  00000-0  91858-3 0    15
2 25418  44.9960 126.3279 0004876 281.5777  78.4524 14.37827577383966
1 25418U 98046F   25022.35953122  .00002214  00000-0  77496-3 0  5944
2 25418  44.9950 149.7121 0004779 260.8249  99.2059 14.37787113383422
1 25418U 98046F   25022.35953122  .00002214  00000-0  77496-3 0    17
2 25418  44.9950 149.7121 0004779 260.8249  99.2059 14.37787113383253
1 25418U 98046F   25028.19606347  .00002674  00000-0  92521-3 0  5953
2 25418  44.9961 122.0466 0004908 285.5315  74.4991 14.37833516384264
1 25418U 98046F   25028.54347120  .00002719  00000-0  93996-3 0    12
2 25418  44.9962 120.4000 0004902 287.1398  72.8914 14.37835657384146
1 25418U 98046F   25028.68243421  .00002716  00000-0  93897-3 0    13
2 25418  44.9962 119.7413 0004895 287.7612  72.2702 14.37836560384166
1 25418U 98046F   25029.51620975  .00002963  00000-0  10200-2 0  5968
2 25418  44.9963 115.7889 0004904 291.4340  68.5985 14.37842906384455
1 25418U 98046F   25029.58569106  .00002734  00000-0  94483-3 0    16
2 25418  44.9963 115.4597 0004906 291.8762  68.1564 14.37842632384299
1 25418U 98046F   25029.93309654  .00002812  00000-0  97044-3 0    18
2 25418  44.9963 113.8128 0004901 293.3631  66.6702 14.37845191384344
1 25418U 98046F   25030.55842557  .00002871  00000-0  98954-3 0    18
2 25418  44.9963 110.8486 0004884 295.9304  64.1040 14.37849218384435
1 25418U 98046F   25030.55842557  .00002871  00000-0  98954-3 0  5978
2 25418  44.9963 110.8486 0004884 295.9304  64.1040 14.37849218384604
1 25418U 98046F   25031.46167537  .00003008  00000-0  10345-2 0    17
2 25418  44.9962 106.5666 0004842 299.7425  60.2941 14.37855418384566
1 25418U 98046F   25031.87855859  .00002713  00000-0  93755-3 0    12
2 25418  44.9963 104.5905 0004826 301.5931  58.4446 14.37857237384624
1 25418U 98046F   25032.15648054  .00002676  00000-0  92537-3 0  5987
2 25418  44.9962 103.2729 0004791 302.6567  57.3819 14.37858761384839
1 25418U 98046F   25032.36492138  .00003025  00000-0  10398-2 0    12
2 25418  44.9962 102.2847 0004804 303.6118  56.4271 14.37861278384690
1 25418U 98046F   25032.64284235  .00003008  00000-0  10343-2 0    11
2 25418  44.9962 100.9672 0004788 304.8593  55.1804 14.37863109384730
1 25418U 98046F   25033.47660312  .00003184  00000-0  10920-2 0  5995
2 25418  44.9962  97.0147 0004800 308.4684  51.5733 14.37869268385025
1 25418U 98046F   25033.47660312  .00003184  00000-0  10920-2 0    13
2 25418  44.9962  97.0147 0004800 308.4684  51.5733 14.37869268384855
1 25418U 98046F   25033.61556309  .00002995  00000-0  10300-2 0    10
2 25418  44.9962  96.3561 0004790 309.1216  50.9206 14.37869608384872
1 25418U 98046F   25034.51880007  .00002930  00000-0  10086-2 0  6000
2 25418  44.9963  92.0740 0004753 312.9780  47.0669 14.37875474385174
1 25418U 98046F   25034.51880007  .00002930  00000-0  10086-2 0    15
2 25418  44.9963  92.0740 0004753 312.9780  47.0669 14.37875474385006
1 25418U 98046F   25034.86619769  .00002538  00000-0  87968-3 0    16
2 25418  44.9964  90.4269 0004721 314.3859  45.6602 14.37876766385054
1 25418U 98046F   25035.49151276  .00002772  00000-0  95660-3 0    18
2 25418  44.9964  87.4630 0004719 317.4820  42.5662 14.37881507385142
1 25418U 98046F   25035.63047130  .00002776  00000-0  95784-3 0  6014
2 25418  44.9963  86.8042 0004711 318.2245  41.8243 14.37882493385336
1 25418U 98046F   25036.53370078  .00002714  00000-0  93722-3 0    10
2 25418  44.9966  82.5223 0004683 322.2408  37.8111 14.37887758385290
1 25418U 98046F   25036.81161684  .00002727  00000-0  94159-3 0  6028
2 25418  44.9967  81.2048 0004657 323.4743  36.5787 14.37889471385501
1 25418U 98046F   25036.81161684  .00002727  00000-0  94159-3 0    11
2 25418  44.9967  81.2048 0004657 323.4743  36.5787 14.37889471385332
1 25418U 98046F   25037.57588482  .00002629  00000-0  90943-3 0    12
2 25418  44.9967  77.5815 0004637 326.9773  33.0785 14.37893382385449
1 25418U 98046F   25038.82649998  .00002316  00000-0  80651-3 0    19
2 25418  44.9970  71.6526 0004542 332.6558  27.4051 14.37899507385625
1 25418U 98046F   25039.45180588  .00002375  00000-0  82603-3 0  6047
2 25418  44.9968  68.6883 0004532 335.6633  24.4001 14.37902900385882
1 25418U 98046F   25039.52128397  .00002437  00000-0  84615-3 0    10
2 25418  44.9968  68.3588 0004528 335.9929  24.0707 14.37903584385728
1 25418U 98046F   25039.79919688  .00002461  00000-0  85410-3 0    11
2 25418  44.9968  67.0412 0004477 337.1440  22.9208 14.37905245385768
1 25418U 98046F   25040.35502285  .00002199  00000-0  76830-3 0    10
2 25418  44.9969  64.4063 0004446 339.9623  20.1050 14.37907058385849
1 25418U 98046F   25040.77189111  .00002308  00000-0  80377-3 0  6058
2 25418  44.9969  62.4299 0004408 341.9278  18.1413 14.37909568386079
1 25418U 98046F   25040.77189111  .00002308  00000-0  80377-3 0    18
2 25418  44.9969  62.4299 0004408 341.9278  18.1413 14.37909568385900
1 25418U 98046F   25041.46666948  .00002793  00000-0  96281-3 0    12
2 25418  44.9968  59.1358 0004370 345.2447  14.8273 14.37914970386003
1 25418U 98046F   25041.74458087  .00002485  00000-0  86178-3 0    18
2 25418  44.9968  57.8182 0004356 346.5484  13.5247 14.37915315386047
1 25418U 98046F   25042.09196965  .00002399  00000-0  83354-3 0  6069
2 25418  44.9968  56.1711 0004328 348.2033  11.8713 14.37916669386261
1 25418U 98046F   25042.43935768  .00002424  00000-0  84168-3 0    11
2 25418  44.9968  54.5242 0004302 349.9708  10.1054 14.37918593386146
1 25418U 98046F   25042.71726791  .00002286  00000-0  79649-3 0    10
2 25418  44.9970  53.2066 0004292 351.2971   8.7802 14.37919560386188
1 25418U 98046F   25043.13413291  .00002154  00000-0  75325-3 0  6078
2 25418  44.9969  51.2300 0004267 353.3729   6.7062 14.37921167386419
1 25418U 98046F   25043.41204253  .00002244  00000-0  78278-3 0    13
2 25418  44.9970  49.9126 0004232 354.8369   5.2434 14.37922895386280
1 25418U 98046F   25043.68995173  .00002211  00000-0  77190-3 0    16
2 25418  44.9970  48.5950 0004219 356.2307   3.8509 14.37924246386327
1 25418U 98046F   25044.17629259  .00002088  00000-0  73151-3 0  6088
2 25418  44.9970  46.2891 0004192 358.6900   1.3937 14.37926158386569
1 25418U 98046F   25044.38472413  .00002094  00000-0  73336-3 0    18
2 25418  44.9970  45.3010 0004188 359.8190   0.2656 14.37927199386428
1 25418U 98046F   25044.73210938  .00002128  00000-0  74459-3 0    14
2 25418  44.9971  43.6540 0004142   1.5682 358.5178 14.37929135386470
1 25418U 98046F   25045.35740214  .00002349  00000-0  81696-3 0  6098
2 25418  44.9971  40.6894 0004114   4.9608 355.1280 14.37932933386739
1 25418U 98046F   25045.35740214  .00002349  00000-0  81696-3 0    14
2 25418  44.9971  40.6894 0004114   4.9608 355.1280 14.37932933386560
1 25418U 98046F   25045.70478627  .00002196  00000-0  76672-3 0    17
2 25418  44.9972  39.0424 0004077   6.7189 353.3713 14.37934270386617
1 25418U 98046F   25046.05217012  .00002409  00000-0  83646-3 0    11
2 25418  44.9972  37.3953 0004066   8.6711 351.4207 14.37936649386669
1 25418U 98046F   25046.67745917  .00002526  00000-0  87472-3 0  6106
2 25418  44.9974  34.4309 0004022  12.0095 348.0848 14.37940586386927
1 25418U 98046F   25046.67745917  .00002526  00000-0  87472-3 0    10
2 25418  44.9974  34.4309 0004022  12.0095 348.0848 14.37940586386758
1 25418U 98046F   25047.30274685  .00002769  00000-0  95447-3 0    10
2 25418  44.9975  31.4664 0003982  15.5328 344.5641 14.37944888386842
1 25418U 98046F   25047.92803280  .00002843  00000-0  97848-3 0    17
2 25418  44.9976  28.5018 0003938  18.8589 341.2404 14.37948749386930
1 25418U 98046F   25048.20593671  .00002914  00000-0  10017-2 0  6117
2 25418  44.9978  27.1843 0003905  20.5786 339.5219 14.37950897387141
1 25418U 98046F   25048.27541257  .00003171  00000-0  10860-2 0    12
2 25418  44.9978  26.8549 0003908  20.9533 339.1474 14.37952199386984
1 25418U 98046F   25048.90069518  .00003147  00000-0  10779-2 0    19
2 25418  44.9978  23.8904 0003873  24.4653 335.6378 14.37956250387076
1 25418U 98046F   25049.24807338  .00003428  00000-0  11701-2 0  6123
2 25418  44.9977  22.2434 0003827  26.5775 333.5269 14.37959415387299
1 25418U 98046F   25049.24807338  .00003428  00000-0  11701-2 0    15
2 25418  44.9977  22.2434 0003827  26.5775 333.5269 14.37959415387121
1 25418U 98046F   25049.94282794  .00003092  00000-0  10599-2 0    16
2 25418  44.9978  18.9494 0003777  30.5408 329.5660 14.37963887387221
1 25418U 98046F   25050.29020384  .00003871  00000-0  13147-2 0  6137
2 25418  44.9978  17.3027 0003775  32.6211 327.4870 14.37968673387441
1 25418U 98046F   25050.29020384  .00003871  00000-0  13147-2 0    18
2 25418  44.9978  17.3027 0003775  32.6211 327.4870 14.37968673387272
1 25418U 98046F   25050.91547959  .00003129  00000-0  10718-2 0    16
2 25418  44.9978  14.3378 0003708  36.3915 323.7185 14.37971694387361
1 25418U 98046F   25051.61022742  .00002962  00000-0  10171-2 0    19
2 25418  44.9978  11.0441 0003699  40.7352 319.3772 14.37977016387467
1 25418U 98046F   25051.61022742  .00002962  00000-0  10171-2 0  6149
2 25418  44.9978  11.0441 0003699  40.7352 319.3772 14.37977016387636
1 25418U 98046F   25051.95760073  .00002551  00000-0  88250-3 0    10
2 25418  44.9978   9.3970 0003664  42.8613 317.2521 14.37978553387511
1 25418U 98046F   25052.58287089  .00002576  00000-0  89048-3 0    14
2 25418  44.9978   6.4325 0003626  46.7535 313.3615 14.37983167387605
1 25418U 98046F   25052.86076808  .00002668  00000-0  92063-3 0    13
2 25418  44.9978   5.1147 0003595  48.3921 311.7235 14.37985306387646
1 25418U 98046F   25053.13866507  .00002640  00000-0  91119-3 0  6159
2 25418  44.9979   3.7971 0003610  50.2395 309.8771 14.37987128387851
1 25418U 98046F   25053.55550983  .00002706  00000-0  93282-3 0    18
2 25418  44.9979   1.8209 0003609  52.8592 307.2585 14.37990118387745
1 25418U 98046F   25053.90287979  .00002866  00000-0  98538-3 0    15
2 25418  44.9980   0.1736 0003590  55.1892 304.9294 14.37992756387798
1 25418U 98046F   25054.87551186  .00003234  00000-0  11054-2 0    13
2 25418  44.9980 355.5619 0003554  61.5508 298.5698 14.38000640387935
1 25418U 98046F   25055.08393250  .00003204  00000-0  10956-2 0  6162
2 25418  44.9981 354.5739 0003559  63.0130 297.1081 14.38002071388135
1 25418U 98046F   25055.50077252  .00003596  00000-0  12239-2 0    18
2 25418  44.9981 352.5976 0003547  65.5154 294.6063 14.38006394388028
1 25418U 98046F   25055.91761152  .00004143  00000-0  14027-2 0    18
2 25418  44.9982 350.6209 0003518  68.4631 291.6592 14.38011039388089
1 25418U 98046F   25056.12603059  .00004223  00000-0  14289-2 0  6175
2 25418  44.9982 349.6329 0003520  69.8463 290.2763 14.38013025388285
1 25418U 98046F   25056.54286780  .00003826  00000-0  12987-2 0    17
2 25418  44.9981 347.6563 0003512  72.6640 287.4592 14.38015874388172
1 25418U 98046F   25056.89023164  .00003626  00000-0  12334-2 0    14
2 25418  44.9981 346.0092 0003493  75.0376 285.0858 14.38018310388226
1 25418U 98046F   25057.16812219  .00003582  00000-0  12188-2 0  6184
2 25418  44.9980 344.6918 0003513  76.6120 283.5120 14.38020588388431
1 25418U 98046F   25057.51548430  .00003764  00000-0  12783-2 0    13
2 25418  44.9981 343.0447 0003508  78.9945 281.1298 14.38024221388311
1 25418U 98046F   25057.86284606  .00003703  00000-0  12582-2 0    13
2 25418  44.9981 341.3976 0003521  81.2066 278.9181 14.38027036388362
1 25418U 98046F   25058.48809546  .00003751  00000-0  12740-2 0  6192
2 25418  44.9981 338.4332 0003540  85.1392 274.9860 14.38032371388628
1 25418U 98046F   25058.48809546  .00003751  00000-0  12740-2 0    17
2 25418  44.9981 338.4332 0003540  85.1392 274.9860 14.38032371388459
1 25418U 98046F   25058.83545527  .00003742  00000-0  12708-2 0    16
2 25418  44.9981 336.7861 0003559  87.4528 272.6728 14.38035173388500
1 25418U 98046F   25059.46070141  .00003321  00000-0  11332-2 0    16
2 25418  44.9981 333.8216 0003542  91.3935 268.7318 14.38039070388590
1 25418U 98046F   25060.15541691  .00003632  00000-0  12347-2 0  6206
2 25418  44.9980 330.5274 0003550  96.0071 264.1181 14.38044991388865
1 25418U 98046F   25060.15541691  .00003632  00000-0  12347-2 0    19
2 25418  44.9980 330.5274 0003550  96.0071 264.1181 14.38044991388696
1 25418U 98046F   25060.78065876  .00002932  00000-0  10057-2 0    12
2 25418  44.9978 327.5626 0003551 100.2217 259.9032 14.38047993388783
1 25418U 98046F   25061.19748594  .00002614  00000-0  90164-3 0  6216
2 25418  44.9975 325.5862 0003575 102.8985 257.2263 14.38050070389010
1 25418U 98046F   25061.19748594  .00002614  00000-0  90164-3 0    18
2 25418  44.9975 325.5862 0003575 102.8985 257.2263 14.38050070388840
1 25418U 98046F   25061.89219661  .00002166  00000-0  75516-3 0    19
2 25418  44.9976 322.2917 0003594 107.4722 252.6519 14.38052434388947
1 25418U 98046F   25061.96166750  .00002147  00000-0  74884-3 0    13
2 25418  44.9976 321.9623 0003602 107.9441 252.1800 14.38052864388956
1 25418U 98046F   25062.44796397  .00002192  00000-0  76345-3 0  6226
2 25418  44.9976 319.6564 0003635 110.9558 249.1679 14.38055704389196
1 25418U 98046F   25062.44796397  .00002192  00000-0  76345-3 0    17
2 25418  44.9976 319.6564 0003635 110.9558 249.1679 14.38055704389028
1 25418U 98046F   25063.42055475  .00001997  00000-0  69972-3 0    11
2 25418  44.9974 315.0443 0003692 117.0694 243.0531 14.38059905389166
1 25418U 98046F   25063.76790787  .00001944  00000-0  68230-3 0  6238
2 25418  44.9973 313.3971 0003709 119.3016 240.8203 14.38061323389386
1 25418U 98046F   25063.83737838  .00001737  00000-0  61482-3 0    16
2 25418  44.9973 313.0677 0003712 119.7545 240.3673 14.38061051389228
1 25418U 98046F   25064.39314236  .00002061  00000-0  72055-3 0    10
2 25418  44.9972 310.4324 0003732 123.2024 236.9182 14.38064502389300
1 25418U 98046F   25064.80996508  .00001879  00000-0  66099-3 0  6242
2 25418  44.9971 308.4556 0003760 125.9362 234.1835 14.38065571389535
1 25418U 98046F   25064.87943553  .00001810  00000-0  63848-3 0    14
2 25418  44.9971 308.1262 0003764 126.3494 233.7702 14.38065598389370
1 25418U 98046F   25065.08784667  .00001844  00000-0  64960-3 0    10
2 25418  44.9971 307.1381 0003791 127.2275 232.8919 14.38066569389401
1 25418U 98046F   25065.36572791  .00001818  00000-0  64128-3 0    11
2 25418  44.9971 305.8204 0003801 128.9007 231.2181 14.38067608389446
1 25418U 98046F   25066.33831087  .00001893  00000-0  66558-3 0  6259
2 25418  44.9976 301.2084 0003883 133.9707 226.1462 14.38071721389750
1 25418U 98046F   25066.33831087  .00001893  00000-0  66558-3 0    17
2 25418  44.9976 301.2084 0003883 133.9707 226.1462 14.38071721389581
1 25418U 98046F   25066.68566095  .00001896  00000-0  66657-3 0    12
2 25418  44.9975 299.5612 0003912 136.0723 224.0437 14.38073243389637
1 25418U 98046F   25067.03301098  .00001803  00000-0  63612-3 0    18
2 25418  44.9974 297.9140 0003953 138.1055 222.0096 14.38074146389687
1 25418U 98046F   25067.65823979  .00001989  00000-0  69674-3 0  6265
2 25418  44.9973 294.9490 0003991 141.7804 218.3327 14.38077701389949
1 25418U 98046F   25068.00558895  .00002072  00000-0  72398-3 0    15
2 25418  44.9965 293.3020 0004049 144.3503 215.7616 14.38078937389823
1 25418U 98046F   25068.97816290  .00002279  00000-0  79155-3 0  6278
2 25418  44.9962 288.6898 0004118 149.8729 210.2357 14.38084204390139
1 25418U 98046F   25069.60338784  .00002081  00000-0  72697-3 0    17
2 25418  44.9961 285.7247 0004161 153.4950 206.6112 14.38086400390058
1 25418U 98046F   25069.67285718  .00002072  00000-0  72404-3 0    18
2 25418  44.9961 285.3953 0004170 153.8760 206.2299 14.38086710390068
1 25418U 98046F   25070.02020343  .00002108  00000-0  73571-3 0  6281
2 25418  44.9960 283.7481 0004203 155.7628 204.3418 14.38088558390284
1 25418U 98046F   25070.02020343  .00002108  00000-0  73571-3 0    16
2 25418  44.9960 283.7481 0004203 155.7628 204.3418 14.38088558390116
1 25418U 98046F   25070.92330210  .00002183  00000-0  75990-3 0    12
2 25418  44.9959 279.4652 0004278 160.8097 199.2913 14.38093105390245
1 25418U 98046F   25071.27064695  .00002346  00000-0  81330-3 0  6294
2 25418  44.9959 277.8180 0004311 162.6766 197.4229 14.38095314390462
1 25418U 98046F   25071.27064695  .00002346  00000-0  81330-3 0    18
2 25418  44.9959 277.8180 0004311 162.6766 197.4229 14.38095314390293
1 25418U 98046F   25071.89586577  .00002650  00000-0  91238-3 0    10
2 25418  44.9959 274.8529 0004390 166.0953 194.0016 14.38099715390386
1 25418U 98046F   25072.52108287  .00002940  00000-0  10070-2 0  6303
2 25418  44.9957 271.8876 0004446 169.4607 190.6335 14.38104216390649
1 25418U 98046F   25072.59055121  .00002970  00000-0  10168-2 0    11
2 25418  44.9957 271.5581 0004448 169.8844 190.2094 14.38104789390483
1 25418U 98046F   25072.86842477  .00002989  00000-0  10232-2 0    11
2 25418  44.9957 270.2403 0004476 171.3194 188.7732 14.38106578390523
1 25418U 98046F   25073.56310699  .00003270  00000-0  11146-2 0    14
2 25418  44.9957 266.9457 0004546 175.0735 185.0158 14.38111996390627
1 25418U 98046F   25073.91044675  .00003321  00000-0  11313-2 0    14
2 25418  44.9956 265.2983 0004580 176.8704 183.2174 14.38114830390678
1 25418U 98046F   25074.53565664  .00003210  00000-0  10949-2 0    10
2 25418  44.9954 262.3330 0004630 180.3052 179.7794 14.38119861390769
1 25418U 98046F   25074.88299419  .00003339  00000-0  11369-2 0  6329
2 25418  44.9953 260.6858 0004640 182.0198 178.0632 14.38123261390981
1 25418U 98046F   25074.88299419  .00003339  00000-0  11369-2 0    19
2 25418  44.9953 260.6858 0004640 182.0198 178.0632 14.38123261390813
1 25418U 98046F   25075.57766803  .00003176  00000-0  10835-2 0    18
2 25418  44.9953 257.3909 0004729 185.6487 174.4309 14.38128306390918
1 25418U 98046F   25075.92500368  .00003344  00000-0  11383-2 0    15
2 25418  44.9955 255.7437 0004728 187.5353 172.5425 14.38131606390960
1 25418U 98046F   25076.20287172  .00003575  00000-0  12136-2 0  6336
2 25418  44.9956 254.4258 0004752 189.0453 171.0310 14.38134434391176
1 25418U 98046F   25076.55020641  .00003540  00000-0  12023-2 0    16
2 25418  44.9956 252.7783 0004782 190.6668 169.4080 14.38137061391050
1 25418U 98046F   25076.89753971  .00003999  00000-0  13519-2 0    11
2 25418  44.9956 251.1310 0004834 192.4042 167.6687 14.38141360391109
1 25418U 98046F   25077.52273834  .00004127  00000-0  13933-2 0  6343
2 25418  44.9954 248.1653 0004888 195.4414 164.6285 14.38147044391362
1 25418U 98046F   25077.52273834  .00004127  00000-0  13933-2 0    11
2 25418  44.9954 248.1653 0004888 195.4414 164.6285 14.38147044391193
1 25418U 98046F   25077.87006966  .00004483  00000-0  15093-2 0    13
2 25418  44.9957 246.5184 0004913 197.2425 162.8257 14.38151168391245
1 25418U 98046F   25078.42579842  .00004293  00000-0  14473-2 0    13
2 25418  44.9955 243.8822 0004973 199.9457 160.1197 14.38155745391320
1 25418U 98046F   25078.84259292  .00004781  00000-0  16063-2 0  6355
2 25418  44.9955 241.9055 0004986 202.0277 158.0357 14.38161343391557
1 25418U 98046F   25078.91205857  .00004752  00000-0  15969-2 0    10
2 25418  44.9956 241.5761 0005003 202.3667 157.6964 14.38162015391393
1 25418U 98046F   25079.46778253  .00004728  00000-0  15888-2 0    19
2 25418  44.9955 238.9399 0005092 204.9534 155.1069 14.38167756391473
1 25418U 98046F   25079.88457431  .00004485  00000-0  15094-2 0    16
2 25418  44.9956 236.9635 0005078 207.0221 153.0364 14.38171582391530
1 25418U 98046F   25079.88457431  .00004485  00000-0  15094-2 0  6360
2 25418  44.9956 236.9635 0005078 207.0221 153.0364 14.38171582391709
1 25418U 98046F   25080.50975960  .00003983  00000-0  13455-2 0    10
2 25418  44.9954 233.9981 0005151 210.1483 149.9069 14.38176812391623
1 25418U 98046F   25080.85708355  .00004257  00000-0  14347-2 0    16
2 25418  44.9953 232.3510 0005176 211.8742 148.1794 14.38181019391672
1 25418U 98046F   25081.13494138  .00005515  00000-0  18445-2 0  6375
2 25418  44.9954 231.0332 0005195 213.2871 146.7651 14.38187159391881
1 25418U 98046F   25081.55172815  .00005062  00000-0  16967-2 0    15
2 25418  44.9953 229.0564 0005228 215.2103 144.8401 14.38190314391778
1 25418U 98046F   25081.82958491  .00005377  00000-0  17993-2 0    16
2 25418  44.9952 227.7384 0005243 216.4896 143.5595 14.38193948391812
1 25418U 98046F   25082.52422463  .00005001  00000-0  16765-2 0  6385
2 25418  44.9951 224.4436 0005298 219.7099 140.3362 14.38200912392081
1 25418U 98046F   25082.80207948  .00004964  00000-0  16646-2 0    14
2 25418  44.9950 223.1257 0005323 220.9984 139.0465 14.38203868391950
1 25418U 98046F   25083.56617728  .00004524  00000-0  15208-2 0    14
2 25418  44.9949 219.5013 0005400 224.5822 135.4593 14.38211420392062
1 25418U 98046F   25083.77456699  .00004606  00000-0  15475-2 0  6399
2 25418  44.9950 218.5129 0005403 225.5146 134.5261 14.38213619392260
1 25418U 98046F   25083.84402993  .00004796  00000-0  16095-2 0    17
2 25418  44.9949 218.1833 0005410 225.7960 134.2444 14.38214882392106
1 25418U 98046F   25084.46919698  .00004361  00000-0  14675-2 0    11
2 25418  44.9950 215.2178 0005429 228.6365 131.4016 14.38220221392196
1 25418U 98046F   25084.74704825  .00004335  00000-0  14591-2 0    14
2 25418  44.9952 213.8999 0005437 229.7770 130.2602 14.38222623392235
1 25418U 98046F   25085.02489896  .00004144  00000-0  13967-2 0  6407
2 25418  44.9952 212.5819 0005451 231.0101 129.0262 14.38224879392448
1 25418U 98046F   25085.58059889  .00004027  00000-0  13586-2 0    11
2 25418  44.9953 209.9459 0005492 233.5837 126.4505 14.38229834392354
1 25418U 98046F   25085.78898568  .00004359  00000-0  14665-2 0    15
2 25418  44.9954 208.9576 0005501 234.5668 125.4666 14.38232710392385
1 25418U 98046F   25086.48360702  .00003797  00000-0  12834-2 0    18
2 25418  44.9955 205.6626 0005560 237.6673 122.3637 14.38237804392485
1 25418U 98046F   25086.69199292  .00003763  00000-0  12723-2 0  6426
2 25418  44.9956 204.6743 0005564 238.6644 121.3660 14.38239580392688
1 25418U 98046F   25086.76145475  .00003821  00000-0  12912-2 0    12
2 25418  44.9956 204.3448 0005581 239.0805 120.9495 14.38240360392522
1 25418U 98046F   25087.45607256  .00003046  00000-0  10388-2 0    13
2 25418  44.9956 201.0497 0005669 242.1532 117.8742 14.38244269392622
1 25418U 98046F   25087.73391926  .00002962  00000-0  10113-2 0    10
2 25418  44.9957 199.7320 0005662 243.4255 116.6013 14.38246169392663
1 25418U 98046F   25088.01176530  .00003017  00000-0  10292-2 0    14
2 25418  44.9958 198.4141 0005656 244.6059 115.4204 14.38248500392704
1 25418U 98046F   25088.70637963  .00002708  00000-0  92861-3 0    11
2 25418  44.9958 195.1193 0005696 247.6685 112.3559 14.38252361392807
1 25418U 98046F   25088.98422493  .00002497  00000-0  85986-3 0  6449
2 25418  44.9958 193.8013 0005698 248.8621 111.1618 14.38253517393019
1 25418U 98046F   25089.53991471  .00002564  00000-0  88148-3 0    13
2 25418  44.9958 191.1654 0005715 251.2542 108.7686 14.38256538392923
1 25418U 98046F   25089.74829811  .00002403  00000-0  82917-3 0    14
2 25418  44.9957 190.1769 0005716 252.2471 107.7754 14.38257305392952
1 25418U 98046F   25090.58182964  .00002448  00000-0  84380-3 0  6458
2 25418  44.9956 186.2230 0005758 255.8558 104.1650 14.38262143393246
1 25418U 98046F   25090.72075128  .00002442  00000-0  84181-3 0    16
2 25418  44.9956 185.5641 0005755 256.3493 103.6714 14.38262949393097
1 25418U 98046F   25091.55427987  .00002298  00000-0  79480-3 0    17
2 25418  44.9954 181.6101 0005807 259.9578 100.0615 14.38267064393212
1 25418U 98046F   25091.97104319  .00002208  00000-0  76534-3 0  6467
2 25418  44.9955 179.6332 0005794 261.6637  98.3555 14.38269158393440
1 25418U 98046F   25092.52672637  .00002435  00000-0  83922-3 0    18
2 25418  44.9954 176.9972 0005814 264.1407  95.8779 14.38273028393356
1 25418U 98046F   25092.66564702  .00002418  00000-0  83353-3 0    15
2 25418  44.9954 176.3382 0005806 264.7618  95.2568 14.38273819393376
1 25418U 98046F   25093.22132868  .00002803  00000-0  95881-3 0  6475
2 25418  44.9954 173.7021 0005820 267.1587  92.8595 14.38278161393621
1 25418U 98046F   25093.56862925  .00002560  00000-0  87993-3 0    15
2 25418  44.9954 172.0547 0005845 268.5999  91.4180 14.38279357393505
1 25418U 98046F   25093.63808933  .00002548  00000-0  87592-3 0    13
2 25418  44.9954 171.7253 0005844 268.9036  91.1143 14.38279730393512
1 25418U 98046F   25094.47160803  .00002834  00000-0  96869-3 0  6485
2 25418  44.9954 167.7712 0005891 272.6270  87.3903 14.38285458393808
1 25418U 98046F   25094.54106801  .00002554  00000-0  87770-3 0    14
2 25418  44.9954 167.4418 0005881 272.9304  87.0871 14.38284935393640
1 25418U 98046F   25094.61052781  .00002551  00000-0  87664-3 0    18
2 25418  44.9954 167.1124 0005875 273.2429  86.7747 14.38285340393656
1 25418U 98046F   25095.51350219  .00002687  00000-0  92082-3 0  6493
2 25418  44.9954 162.8288 0005873 277.0704  82.9476 14.38291451393955
1 25418U 98046F   25095.65242103  .00002657  00000-0  91107-3 0    16
2 25418  44.9953 162.1698 0005860 277.6800  82.3382 14.38292300393809
1 25418U 98046F   25096.62485088  .00002452  00000-0  84440-3 0  6500
2 25418  44.9953 157.5568 0005861 281.9301  78.0890 14.38297785394111
1 25418U 98046F   25096.90268712  .00002491  00000-0  85712-3 0    10
2 25418  44.9953 156.2389 0005859 283.1202  76.8992 14.38299708393989
1 25418U 98046F   25097.52781795  .00002238  00000-0  77455-3 0    14
2 25418  44.9953 153.2731 0005871 285.7552  74.2649 14.38302693394077
1 25418U 98046F   25097.87511228  .00002107  00000-0  73200-3 0  6514
2 25418  44.9953 151.6256 0005858 287.2516  72.7691 14.38304358394297
1 25418U 98046F   25098.43078220  .00002206  00000-0  76423-3 0    16
2 25418  44.9953 148.9894 0005859 289.6613  70.3603 14.38307798394208
1 25418U 98046F   25098.84753388  .00002115  00000-0  73449-3 0    10
2 25418  44.9954 147.0124 0005857 291.4743  68.5480 14.38309856394263
1 25418U 98046F   25099.19482668  .00002302  00000-0  79541-3 0  6528
2 25418  44.9952 145.3647 0005842 292.8731  67.1500 14.38312179394482
1 25418U 98046F   25099.54211914  .00002231  00000-0  77230-3 0    13
2 25418  44.9952 143.7172 0005833 294.5261  65.4979 14.38313662394360
1 25418U 98046F   25099.81995238  .00002266  00000-0  78352-3 0    15
2 25418  44.9952 142.3992 0005835 295.7413  64.2833 14.38315338394402
1 25418U 98046F   25100.51453507  .00002563  00000-0  88001-3 0  6538
2 25418  44.9951 139.1039 0005813 298.7754  61.2510 14.38319689394675
1 25418U 98046F   25100.51453507  .00002563  00000-0  88001-3 0    15
2 25418  44.9951 139.1039 0005813 298.7754  61.2510 14.38319689394507
1 25418U 98046F   25101.76477941  .00002443  00000-0  84087-3 0  6542
2 25418  44.9949 133.1725 0005765 304.2465  55.7837 14.38325850394853
1 25418U 98046F   25101.76477941  .00002443  00000-0  84087-3 0    18
2 25418  44.9949 133.1725 0005765 304.2465  55.7837 14.38325850394684
1 25418U 98046F   25102.45935677  .00002474  00000-0  85084-3 0    12
2 25418  44.9947 129.8772 0005752 307.3584  52.6740 14.38329813394781
1 25418U 98046F   25102.80664470  .00002478  00000-0  85218-3 0  6559
2 25418  44.9947 128.2296 0005721 308.7901  51.2436 14.38331843395008
1 25418U 98046F   25102.80664470  .00002478  00000-0  85218-3 0    14
2 25418  44.9947 128.2296 0005721 308.7901  51.2436 14.38331843394838
1 25418U 98046F   25103.77904883  .00002272  00000-0  78519-3 0    14
2 25418  44.9946 123.6160 0005683 313.1952  46.8421 14.38336605394979
1 25418U 98046F   25104.19579277  .00002211  00000-0  76540-3 0  6567
2 25418  44.9946 121.6387 0005657 314.9924  45.0466 14.38338474395200
1 25418U 98046F   25104.75145015  .00002276  00000-0  78656-3 0    13
2 25418  44.9947 119.0025 0005632 317.5032  42.5380 14.38341557395116
1 25418U 98046F   25105.44602093  .00002214  00000-0  76638-3 0  6571
2 25418  44.9948 115.7071 0005605 320.7915  39.2526 14.38344571395380
1 25418U 98046F   25105.51547791  .00002221  00000-0  76862-3 0    12
2 25418  44.9948 115.3776 0005604 321.1122  38.9322 14.38344918395220
1 25418U 98046F   25106.48787373  .00002330  00000-0  80375-3 0    16
2 25418  44.9949 110.7641 0005547 325.5677  34.4811 14.38349832395369
1 25418U 98046F   25106.69624385  .00002352  00000-0  81085-3 0  6583
2 25418  44.9949 109.7755 0005536 326.4968  33.5529 14.38350865395560
1 25418U 98046F   25106.69624385  .00002352  00000-0  81085-3 0    15
2 25418  44.9949 109.7755 0005536 326.4968  33.5529 14.38350865395391
1 25418U 98046F   25107.39080968  .00002443  00000-0  84040-3 0    11
2 25418  44.9950 106.4802 0005470 329.6808  30.3723 14.38354555395497
1 25418U 98046F   25107.94646177  .00002159  00000-0  74813-3 0    13
2 25418  44.9951 103.8441 0005454 332.3527  27.7030 14.38356162395575
1 25418U 98046F   25108.08537470  .00002125  00000-0  73721-3 0  6593
2 25418  44.9951 103.1850 0005448 333.1167  26.9398 14.38356686395764
1 25418U 98046F   25109.19667492  .00001906  00000-0  66594-3 0  6602
2 25418  44.9953  97.9127 0005348 338.2896  21.7725 14.38361326395929
1 25418U 98046F   25109.96069178  .00001854  00000-0  64902-3 0    16
2 25418  44.9954  94.2877 0005305 342.1549  17.9113 14.38364672395862
1 25418U 98046F   25110.44688299  .00001948  00000-0  67947-3 0  6610
2 25418  44.9955  91.9812 0005256 344.5961  15.4727 14.38367345396107
1 25418U 98046F   25110.93307397  .00001878  00000-0  65686-3 0    19
2 25418  44.9956  89.6742 0005223 346.9753  13.0959 14.38369147396005
1 25418U 98046F   25111.41926348  .00002241  00000-0  77467-3 0    11
2 25418  44.9956  87.3676 0005189 349.5104  10.5635 14.38372690396073
1 25418U 98046F   25111.90545191  .00002529  00000-0  86809-3 0    17
2 25418  44.9957  85.0607 0005150 351.8021   8.2742 14.38376135396144
1 25418U 98046F   25112.18327324  .00002526  00000-0  86709-3 0  6623
2 25418  44.9957  83.7425 0005123 353.1464   6.9313 14.38377766396356
1 25418U 98046F   25112.39163929  .00002543  00000-0  87270-3 0    15
2 25418  44.9958  82.7538 0005107 354.3829   5.6961 14.38378952396219
1 25418U 98046F   25112.94728099  .00002499  00000-0  85813-3 0    12
2 25418  44.9959  80.1172 0005021 356.7905   3.2910 14.38381892396295
1 25418U 98046F   25113.91965140  .00002380  00000-0  81939-3 0    14
2 25418  44.9960  75.5037 0004980   2.4102 357.6770 14.38387119396436
1 25418U 98046F   25114.19746991  .00002352  00000-0  81030-3 0  6631
2 25418  44.9961  74.1855 0004935   3.4806 356.6075 14.38389061396640
1 25418U 98046F   25114.33637943  .00002324  00000-0  80130-3 0    18
2 25418  44.9962  73.5264 0004926   4.3836 355.7054 14.38389856396493
1 25418U 98046F   25115.30874250  .00002498  00000-0  85768-3 0  6649
2 25418  44.9964  68.9128 0004836   9.5128 350.5811 14.38396885396802
1 25418U 98046F   25115.58655981  .00002515  00000-0  86313-3 0    19
2 25418  44.9966  67.5946 0004764  11.1226 348.9727 14.38398704396679
1 25418U 98046F   25115.86437678  .00002619  00000-0  89694-3 0    11
2 25418  44.9966  66.2762 0004742  12.6211 347.4755 14.38400802396710
1 25418U 98046F   25116.90618776  .00002736  00000-0  93486-3 0  6657
2 25418  44.9968  61.3335 0004689  18.4875 341.6143 14.38407758397034
1 25418U 98046F   25116.90618776  .00002736  00000-0  93486-3 0    11
2 25418  44.9968  61.3335 0004689  18.4875 341.6143 14.38407758396864
1 25418U 98046F   25117.53127178  .00002847  00000-0  97057-3 0    13
2 25418  44.9971  58.3676 0004649  22.2433 337.8616 14.38412131396954
1 25418U 98046F   25117.87854004  .00002891  00000-0  98484-3 0    19
2 25418  44.9971  56.7196 0004624  24.4928 335.6139 14.38414434397000
1 25418U 98046F   25118.85088808  .00002573  00000-0  88178-3 0  6662
2 25418  44.9974  52.1064 0004515  29.1707 330.9393 14.38419590397315
1 25418U 98046F   25118.85088808  .00002573  00000-0  88178-3 0    15
2 25418  44.9974  52.1064 0004515  29.1707 330.9393 14.38419590397146
1 25418U 98046F   25121.90681655  .00001727  00000-0  60688-3 0  6678
2 25418  44.9978  37.6070 0004325  47.9800 312.1416 14.38434231397750
1 25418U 98046F   25121.83736419  .00001741  00000-0  61143-3 0 54068
2 25418  44.9977  37.9366 0004372  47.9070 312.2149 14.38433876397579
1 25418U 98046F   25122.46243615  .00001931  00000-0  67320-3 0    19
2 25418  44.9978  34.9708 0004307  50.9849 309.1382 14.38437713397661
1 25418U 98046F   25122.87915010  .00001914  00000-0  66754-3 0    10
2 25418  44.9979  32.9935 0004265  53.8113 306.3130 14.38439765397727
1 25418U 98046F   25123.15695904  .00001936  00000-0  67471-3 0  6689
2 25418  44.9978  31.6755 0004253  55.6892 304.4358 14.38441253397932
1 25418U 98046F   25123.43476776  .00002067  00000-0  71698-3 0    17
2 25418  44.9979  30.3574 0004276  57.7518 302.3744 14.38443118397805
1 25418U 98046F   25123.78202859  .00001945  00000-0  67749-3 0    10
2 25418  44.9979  28.7096 0004263  60.0112 300.1159 14.38444333397859
1 25418U 98046F   25124.40709668  .00001737  00000-0  60991-3 0  6691
2 25418  44.9979  25.7439 0004237  63.4814 296.6469 14.38446807398115
1 25418U 98046F   25124.40709668  .00001737  00000-0  60991-3 0    11
2 25418  44.9979  25.7439 0004237  63.4814 296.6469 14.38446807397945
1 25418U 98046F   25124.75435640  .00001585  00000-0  56078-3 0    17
2 25418  44.9979  24.0960 0004209  65.4612 294.6674 14.38447863397997
1 25418U 98046F   25125.10161559  .00001581  00000-0  55923-3 0    16
2 25418  44.9979  22.4485 0004196  67.3215 292.8077 14.38449495398043
1 25418U 98046F   25126.14339129  .00001407  00000-0  50278-3 0  6708
2 25418  44.9977  17.5052 0004211  74.6905 285.4409 14.38453540398369
1 25418U 98046F   25126.42119766  .00001352  00000-0  48514-3 0    19
2 25418  44.9979  16.1870 0004212  76.8275 283.3043 14.38454496398237
1 25418U 98046F   25127.94913095  .00001280  00000-0  46170-3 0    10
2 25418  44.9985   8.9369 0004221  85.7482 274.3848 14.38458303398453
1 25418U 98046F   25128.08803363  .00001261  00000-0  45543-3 0  6717
2 25418  44.9985   8.2779 0004224  86.5796 273.5536 14.38458726398646
1 25418U 98046F   25128.36583876  .00001336  00000-0  47976-3 0    14
2 25418  44.9985   6.9597 0004218  88.1636 271.9695 14.38460177398510
1 25418U 98046F   25129.26870417  .00001284  00000-0  46278-3 0  6724
2 25418  44.9984   2.6754 0004287  94.4906 265.6432 14.38463219398815
1 25418U 98046F   25129.26870417  .00001284  00000-0  46278-3 0    10
2 25418  44.9984   2.6754 0004287  94.4906 265.6432 14.38463219398646
1 25418U 98046F   25130.31047005  .00001259  00000-0  45483-3 0  6731
2 25418  44.9985 357.7324 0004303 101.0482 259.0850 14.38466562398967
1 25418U 98046F   25130.31047005  .00001259  00000-0  45483-3 0    16
2 25418  44.9985 357.7324 0004303 101.0482 259.0850 14.38466562398798
1 25418U 98046F   25131.35223438  .00001070  00000-0  39337-3 0  6745
2 25418  44.9985 352.7891 0004367 107.9768 252.1556 14.38468628399113
1 25418U 98046F   25131.63003761  .00001089  00000-0  39958-3 0    14
2 25418  44.9986 351.4708 0004364 109.6214 250.5106 14.38469558398989
1 25418U 98046F   25131.90784057  .00001037  00000-0  38259-3 0    14
2 25418  44.9984 350.1525 0004306 110.9506 249.1804 14.38470099399022
1 25418U 98046F   25132.60234772  .00001052  00000-0  38752-3 0    11
2 25418  44.9984 346.8569 0004367 115.6783 244.4516 14.38472236399122
1 25418U 98046F   25132.60234772  .00001052  00000-0  38752-3 0  6758
2 25418  44.9984 346.8569 0004367 115.6783 244.4516 14.38472236399290
1 25418U 98046F   25132.94960109  .00001020  00000-0  37718-3 0    14
2 25418  44.9983 345.2092 0004385 117.6037 242.5257 14.38473048399177
1 25418U 98046F   25133.57465667  .00001012  00000-0  37466-3 0    14
2 25418  44.9983 342.2431 0004430 121.7634 238.3646 14.38474666399263
1 25418U 98046F   25133.64410724  .00001007  00000-0  37276-3 0  6767
2 25418  44.9983 341.9136 0004436 122.2215 237.9064 14.38474829399448
1 25418U 98046F   25133.64410724  .00001007  00000-0  37276-3 0    19
2 25418  44.9983 341.9136 0004436 122.2215 237.9064 14.38474829399279
1 25418U 98046F   25134.26916093  .00000985  00000-0  36588-3 0    17
2 25418  44.9983 338.9481 0004495 125.1041 235.0229 14.38477366399363
1 25418U 98046F   25135.17201502  .00000857  00000-0  32429-3 0  6823
2 25418  44.9985 334.6637 0004553 131.6482 228.4757 14.38479804399661
1 25418U 98046F   25135.51926660  .00000861  00000-0  32563-3 0    19
2 25418  44.9985 333.0157 0004579 133.8415 226.2813 14.38480558399543
1 25418U 98046F   25136.56101952  .00000895  00000-0  33643-3 0  6837
2 25418  44.9980 328.0723 0004647 140.5681 219.5506 14.38483130399865
1 25418U 98046F   25136.90827006  .00000908  00000-0  34084-3 0    19
2 25418  44.9976 326.4244 0004718 142.0767 218.0414 14.38484076399740
1 25418U 98046F   25137.53332015  .00001164  00000-0  42366-3 0    17
2 25418  44.9977 323.4582 0004760 145.7537 214.3619 14.38487016399838
1 25418U 98046F   25137.88056945  .00001222  00000-0  44266-3 0  6843
2 25418  44.9976 321.8111 0004751 147.7026 212.4114 14.38488382400055
1 25418U 98046F   25138.57506848  .00001150  00000-0  41916-3 0    14
2 25418  44.9976 318.5151 0004797 151.0036 209.1080 14.38489808399989
1 25418U 98046F   25138.92231770  .00001135  00000-0  41436-3 0    12
2 25418  44.9975 316.8672 0004812 152.6840 207.4262 14.38490617400037
1 25418U 98046F   25138.92231770  .00001135  00000-0  41436-3 0  6850
2 25418  44.9975 316.8672 0004812 152.6840 207.4262 14.38490617400206
1 25418U 98046F   25139.47791552  .00001068  00000-0  39257-3 0    15
2 25418  44.9976 314.2305 0004838 155.9876 204.1198 14.38491801400113
1 25418U 98046F   25140.17241212  .00001010  00000-0  37380-3 0  6868
2 25418  44.9976 310.9351 0004894 159.6203 200.4841 14.38493472400383
1 25418U 98046F   25140.45021060  .00000994  00000-0  36847-3 0    14
2 25418  44.9975 309.6167 0004918 161.1709 198.9322 14.38494102400250
1 25418U 98046F   25140.86690745  .00000996  00000-0  36907-3 0    10
2 25418  44.9975 307.6395 0004974 163.6972 196.4037 14.38495410400318
1 25418U 98046F   25141.49195268  .00000853  00000-0  32271-3 0  6872
2 25418  44.9975 304.6732 0005038 167.0206 193.0773 14.38496408400576
1 25418U 98046F   25141.49195268  .00000853  00000-0  32271-3 0    12
2 25418  44.9975 304.6732 0005038 167.0206 193.0773 14.38496408400408
1 25418U 98046F   25142.46424392  .00000966  00000-0  35956-3 0    11
2 25418  44.9975 300.0594 0005159 172.3545 187.7383 14.38499626400540
1 25418U 98046F   25142.81149062  .00000838  00000-0  31780-3 0  6888
2 25418  44.9975 298.4116 0005207 174.1429 185.9481 14.38499794400764
1 25418U 98046F   25143.43653426  .00000829  00000-0  31510-3 0    11
2 25418  44.9976 295.4455 0005268 177.5650 182.5224 14.38501180400680
1 25418U 98046F   25143.71433102  .00000799  00000-0  30518-3 0    12
2 25418  44.9976 294.1272 0005315 179.0708 181.0151 14.38501721400726
1 25418U 98046F   25144.13102552  .00000843  00000-0  31942-3 0  6895
2 25418  44.9976 292.1501 0005316 181.2658 178.8177 14.38503134400956
1 25418U 98046F   25144.47827125  .00000827  00000-0  31433-3 0    17
2 25418  44.9977 290.5023 0005343 183.0214 177.0603 14.38503847400839
1 25418U 98046F   25144.82551660  .00000799  00000-0  30516-3 0    13
2 25418  44.9975 288.8543 0005387 184.8859 175.1938 14.38504520400880
1 25418U 98046F   25145.45055800  .00000770  00000-0  29581-3 0  6901
2 25418  44.9973 285.8880 0005442 188.0610 172.0152 14.38505780401145
1 25418U 98046F   25145.45055800  .00000770  00000-0  29581-3 0    17
2 25418  44.9973 285.8880 0005442 188.0610 172.0152 14.38505780400975
1 25418U 98046F   25145.79780278  .00000813  00000-0  30967-3 0    16
2 25418  44.9973 284.2403 0005468 189.7785 170.2958 14.38506855401023
1 25418U 98046F   25147.67292252  .00000761  00000-0  29281-3 0  6919
2 25418  44.9972 275.3420 0005626 199.0502 161.0136 14.38510696401461
1 25418U 98046F   25147.67292252  .00000761  00000-0  29281-3 0    14
2 25418  44.9972 275.3420 0005626 199.0502 161.0136 14.38510696401292
1 25418U 98046F   25148.64520447  .00000846  00000-0  32024-3 0    15
2 25418  44.9972 270.7280 0005708 203.7420 156.3166 14.38513284401430
1 25418U 98046F   25148.85355045  .00000829  00000-0  31489-3 0  6929
2 25418  44.9970 269.7393 0005728 204.7096 155.3479 14.38513636401632
1 25418U 98046F   25148.85355045  .00000829  00000-0  31489-3 0    13
2 25418  44.9970 269.7393 0005728 204.7096 155.3479 14.38513636401463
1 25418U 98046F   25149.33969085  .00000855  00000-0  32319-3 0    14
2 25418  44.9970 267.4322 0005767 206.9882 153.0667 14.38514793401537
1 25418U 98046F   25150.38141756  .00001104  00000-0  40395-3 0  6936
2 25418  44.9969 262.4886 0005844 212.0384 148.0110 14.38518841401856
1 25418U 98046F   25150.58976301  .00001018  00000-0  37622-3 0    16
2 25418  44.9969 261.4999 0005883 213.0747 146.9734 14.38518827401715
1 25418U 98046F   25151.56203954  .00001002  00000-0  37084-3 0  6945
2 25418  44.9969 256.8859 0005961 217.6623 142.3809 14.38521306402022
1 25418U 98046F   25151.56203954  .00001002  00000-0  37084-3 0    17
2 25418  44.9969 256.8859 0005961 217.6623 142.3809 14.38521306401852
1 25418U 98046F   25152.53430887  .00002276  00000-0  78325-3 0  6958
2 25418  44.9968 252.2719 0006016 222.3443 137.6942 14.38532418402167
1 25418U 98046F   25152.60375670  .00002280  00000-0  78459-3 0    18
2 25418  44.9967 251.9424 0006016 222.6091 137.4291 14.38532719402009
1 25418U 98046F   25152.67320450  .00002280  00000-0  78475-3 0    19
2 25418  44.9968 251.6129 0006021 222.9396 137.0983 14.38533018402014
1 25418U 98046F   25153.22879405  .00001228  00000-0  44417-3 0  6960
2 25418  44.9967 248.9762 0006082 225.4855 134.5497 14.38527420402269
1 25418U 98046F   25154.54830227  .00001517  00000-0  53767-3 0  6975
2 25418  44.9965 242.7145 0006181 231.6727 128.3566 14.38533522402450
1 25418U 98046F   25154.54830227  .00001517  00000-0  53767-3 0    14
2 25418  44.9965 242.7145 0006181 231.6727 128.3566 14.38533522402281
1 25418U 98046F   25155.52057196  .00001134  00000-0  41366-3 0    16
2 25418  44.9963 238.1004 0006248 236.0609 123.9646 14.38533982402420
1 25418U 98046F   25155.65946729  .00001122  00000-0  40956-3 0  6982
2 25418  44.9963 237.4413 0006254 236.6897 123.3353 14.38534345402612
1 25418U 98046F   25155.93725738  .00001142  00000-0  41616-3 0    12
2 25418  44.9963 236.1230 0006276 237.9705 122.0534 14.38535438402487
1 25418U 98046F   25156.49283867  .00000986  00000-0  36541-3 0    12
2 25418  44.9962 233.4863 0006315 240.4201 119.6018 14.38536039402568
1 25418U 98046F   25157.53455132  .00000855  00000-0  32326-3 0  7002
2 25418  44.9959 228.5426 0006390 245.0906 114.9279 14.38538248402886
1 25418U 98046F   25157.60399880  .00000847  00000-0  32063-3 0    10
2 25418  44.9959 228.2131 0006394 245.4186 114.5997 14.38538394402722
1 25418U 98046F   25157.88178842  .00000789  00000-0  30184-3 0    10
2 25418  44.9960 226.8950 0006383 246.6247 113.3930 14.38538919402767
1 25418U 98046F   25158.57626265  .00000753  00000-0  28997-3 0    14
2 25418  44.9959 223.5991 0006412 249.7252 110.2907 14.38540385402868
1 25418U 98046F   25158.57626265  .00000753  00000-0  28997-3 0  7011
2 25418  44.9959 223.5991 0006412 249.7252 110.2907 14.38540385403038
1 25418U 98046F   25159.20128854  .00000757  00000-0  29133-3 0    13
2 25418  44.9958 220.6327 0006446 252.4826 107.5318 14.38541902402954
1 25418U 98046F   25160.45133991  .00000676  00000-0  26502-3 0    17
2 25418  44.9957 214.7003 0006494 257.9996 102.0125 14.38543894403138
1 25418U 98046F   25160.59023439  .00000656  00000-0  25866-3 0    17
2 25418  44.9957 214.0411 0006494 258.5869 101.4250 14.38544048403156
1 25418U 98046F   25161.56249547  .00000569  00000-0  23054-3 0    15
2 25418  44.9956 209.4269 0006524 262.8472  97.1635 14.38545228403290
1 25418U 98046F   25161.84028405  .00000572  00000-0  23141-3 0  7034
2 25418  44.9955 208.1085 0006534 264.0957  95.9147 14.38545747403508
1 25418U 98046F   25161.84028405  .00000572  00000-0  23141-3 0    15
2 25418  44.9955 208.1085 0006534 264.0957  95.9147 14.38545747403339
1 25418U 98046F   25162.46530833  .00000571  00000-0  23116-3 0    18
2 25418  44.9955 205.1422 0006546 266.8114  93.1986 14.38546772403429
1 25418U 98046F   25163.15977928  .00000619  00000-0  24675-3 0  7049
2 25418  44.9954 201.8463 0006554 269.8364  90.1733 14.38548178403693
1 25418U 98046F   25163.57646170  .00000590  00000-0  23735-3 0    11
2 25418  44.9954 199.8689 0006553 271.7282  88.2815 14.38548705403582
1 25418U 98046F   25164.47927114  .00000885  00000-0  33271-3 0  7055
2 25418  44.9954 195.5842 0006562 275.7178  84.2922 14.38552249403880
1 25418U 98046F   25164.54871800  .00000886  00000-0  33298-3 0    12
2 25418  44.9954 195.2546 0006556 275.9963  84.0138 14.38552409403723
1 25418U 98046F   25164.75705856  .00000882  00000-0  33191-3 0    10
2 25418  44.9954 194.2659 0006554 276.9282  83.0821 14.38552840403750
1 25418U 98046F   25165.52097525  .00000718  00000-0  27875-3 0    13
2 25418  44.9953 190.6405 0006553 280.3184  79.6925 14.38553013403868
1 25418U 98046F   25165.52097525  .00000718  00000-0  27875-3 0  7065
2 25418  44.9953 190.6405 0006553 280.3184  79.6925 14.38553013404038
1 25418U 98046F   25166.49323052  .00000705  00000-0  27429-3 0    18
2 25418  44.9952 186.0261 0006550 284.6935  75.3187 14.38554712404001
1 25418U 98046F   25167.39603798  .00000689  00000-0  26917-3 0  7071
2 25418  44.9951 181.7414 0006539 288.7312  71.2827 14.38556306404303
1 25418U 98046F   25167.39603798  .00000689  00000-0  26917-3 0    18
2 25418  44.9951 181.7414 0006539 288.7312  71.2827 14.38556306404134
1 25418U 98046F   25167.74327095  .00000716  00000-0  27784-3 0    14
2 25418  44.9951 180.0934 0006537 290.3280  69.6866 14.38557242404183
1 25418U 98046F   25168.71552337  .00000713  00000-0  27711-3 0  7082
2 25418  44.9951 175.4791 0006514 294.7139  65.3031 14.38559183404495
1 25418U 98046F   25168.71552337  .00000713  00000-0  27711-3 0    18
2 25418  44.9951 175.4791 0006514 294.7139  65.3031 14.38559183404327
1 25418U 98046F   25169.40998887  .00000704  00000-0  27401-3 0    15
2 25418  44.9951 172.1832 0006487 297.7849  62.2341 14.38560449404425
1 25418U 98046F   25169.68777491  .00000681  00000-0  26656-3 0    16
2 25418  44.9951 170.8648 0006482 299.0745  60.9453 14.38560857404466
1 25418U 98046F   25170.03500725  .00000679  00000-0  26602-3 0  7094
2 25418  44.9951 169.2167 0006469 300.5919  59.4290 14.38561496404686
1 25418U 98046F   25170.03500725  .00000679  00000-0  26602-3 0    19
2 25418  44.9951 169.2167 0006469 300.5919  59.4290 14.38561496404518
1 25418U 98046F   25171.28504305  .00000636  00000-0  25206-3 0  7104
2 25418  44.9952 163.2840 0006415 306.2688  53.7567 14.38563398404863
1 25418U 98046F   25171.28504305  .00000636  00000-0  25206-3 0    17
2 25418  44.9952 163.2840 0006415 306.2688  53.7567 14.38563398404694
1 25418U 98046F   25171.70172125  .00000609  00000-0  24334-3 0    16
2 25418  44.9953 161.3065 0006382 307.8796  52.1475 14.38563941404755
1 25418U 98046F   25172.32673843  .00000608  00000-0  24299-3 0  7115
2 25418  44.9954 158.3401 0006354 310.9950  49.0348 14.38564883405012
1 25418U 98046F   25172.32673843  .00000608  00000-0  24299-3 0    17
2 25418  44.9954 158.3401 0006354 310.9950  49.0348 14.38564883404842
1 25418U 98046F   25173.36843206  .00000598  00000-0  23978-3 0  7124
2 25418  44.9953 153.3959 0006289 315.5195  44.5148 14.38566641405161
1 25418U 98046F   25173.36843206  .00000598  00000-0  23978-3 0    15
2 25418  44.9953 153.3959 0006289 315.5195  44.5148 14.38566641404991
1 25418U 98046F   25174.27123232  .00000612  00000-0  24433-3 0    10
2 25418  44.9956 149.1113 0006235 319.8531  40.1856 14.38568337405129
1 25418U 98046F   25174.61846294  .00000579  00000-0  23376-3 0  7135
2 25418  44.9957 147.4634 0006215 321.6961  38.3446 14.38568820405340
1 25418U 98046F   25174.61846294  .00000579  00000-0  23376-3 0    15
2 25418  44.9957 147.4634 0006215 321.6961  38.3446 14.38568820405171
1 25418U 98046F   25175.31292423  .00000601  00000-0  24071-3 0    11
2 25418  44.9957 144.1674 0006168 324.9530  35.0912 14.38570011405272
1 25418U 98046F   25175.93793854  .00000590  00000-0  23705-3 0    13
2 25418  44.9958 141.2010 0006125 327.9512  32.0964 14.38571050405369
1 25418U 98046F   25176.21572284  .00000558  00000-0  22671-3 0  7143
2 25418  44.9958 139.8827 0006100 329.3099  30.7392 14.38571275405579
1 25418U 98046F   25176.21572284  .00000558  00000-0  22671-3 0    12
2 25418  44.9958 139.8827 0006100 329.3099  30.7392 14.38571275405401
1 25418U 98046F   25177.25741245  .00000586  00000-0  23601-3 0  7205
2 25418  44.9959 134.9388 0006020 334.3687  25.6862 14.38573096405723
1 25418U 98046F   25177.60464209  .00000574  00000-0  23213-3 0    14
2 25418  44.9959 133.2908 0005983 336.1952  23.8618 14.38573586405605
1 25418U 98046F   25178.22965493  .00000603  00000-0  24137-3 0    13
2 25418  44.9958 130.3243 0005926 339.3281  20.7327 14.38574748405694
1 25418U 98046F   25179.20189637  .00000570  00000-0  23072-3 0  7219
2 25418  44.9959 125.7099 0005846 343.9426  16.1237 14.38576144406002
1 25418U 98046F   25179.20189637  .00000570  00000-0  23072-3 0    10
2 25418  44.9959 125.7099 0005846 343.9426  16.1237 14.38576144405832
1 25418U 98046F   25179.89635394  .00000557  00000-0  22638-3 0    13
2 25418  44.9960 122.4139 0005787 347.3798  12.6905 14.38577204405939
1 25418U 98046F   25180.86859372  .00000545  00000-0  22275-3 0  7220
2 25418  44.9962 117.7995 0005700 352.4657   7.6105 14.38578724406243
1 25418U 98046F   25180.86859372  .00000545  00000-0  22275-3 0    10
2 25418  44.9962 117.7995 0005700 352.4657   7.6105 14.38578724406074
1 25418U 98046F   25180.93803928  .00000544  00000-0  22218-3 0    10
2 25418  44.9963 117.4699 0005697 352.4583   7.6179 14.38578838406084
1 25418U 98046F   25181.84083183  .00000626  00000-0  24875-3 0    16
2 25418  44.9965 113.1854 0005626 357.4223   2.6596 14.38580908406214
1 25418U 98046F   25182.18805947  .00000740  00000-0  28572-3 0  7230
2 25418  44.9965 111.5377 0005598 359.3725   0.7116 14.38582157406431
1 25418U 98046F   25182.53528703  .00000710  00000-0  27612-3 0    11
2 25418  44.9965 109.8898 0005562   1.4957 358.5907 14.38582621406317
1 25418U 98046F   25183.50752283  .00000754  00000-0  29021-3 0  7247
2 25418  44.9968 105.2753 0005475   6.2728 353.8188 14.38584698406621
1 25418U 98046F   25183.50752283  .00000754  00000-0  29021-3 0    15
2 25418  44.9968 105.2753 0005475   6.2728 353.8188 14.38584698406452
1 25418U 98046F   25183.85474948  .00000780  00000-0  29866-3 0    18
2 25418  44.9968 103.6273 0005441   8.0217 352.0717 14.38585534406502
1 25418U 98046F   25184.47975737  .00000764  00000-0  29342-3 0    10
2 25418  44.9969 100.6612 0005393  11.3423 348.7546 14.38586664406595
1 25418U 98046F   25184.75753845  .00000754  00000-0  29035-3 0  7256
2 25418  44.9969  99.3427 0005366  12.8213 347.2771 14.38587141406805
1 25418U 98046F   25185.17420966  .00000787  00000-0  30102-3 0    18
2 25418  44.9969  97.3653 0005328  15.1829 344.9178 14.38588216406697
1 25418U 98046F   25185.72977115  .00000758  00000-0  29144-3 0    14
2 25418  44.9970  94.7285 0005288  18.0836 342.0200 14.38589162406771
1 25418U 98046F   25186.14644168  .00000819  00000-0  31110-3 0  7268
2 25418  44.9971  92.7511 0005260  20.5043 339.6016 14.38590442407007
1 25418U 98046F   25186.14644168  .00000819  00000-0  31110-3 0    14
2 25418  44.9971  92.7511 0005260  20.5043 339.6016 14.38590442406837
1 25418U 98046F   25186.91033750  .00000732  00000-0  28311-3 0    11
2 25418  44.9972  89.1256 0005195  24.9664 335.1435 14.38591554406941
1 25418U 98046F   25187.18811749  .00000765  00000-0  29379-3 0  7279
2 25418  44.9972  87.8074 0005182  26.4330 333.6782 14.38592317407157
1 25418U 98046F   25187.18811749  .00000765  00000-0  29379-3 0    14
2 25418  44.9972  87.8074 0005182  26.4330 333.6782 14.38592317406987
1 25418U 98046F   25187.88256718  .00000704  00000-0  27386-3 0    19
2 25418  44.9972  84.5114 0005121  30.2821 329.8322 14.38593375407081
1 25418U 98046F   25188.09090199  .00000696  00000-0  27146-3 0    16
2 25418  44.9973  83.5226 0005109  31.5149 328.6004 14.38593740407112
1 25418U 98046F   25188.85479566  .00000692  00000-0  26996-3 0  7283
2 25418  44.9973  79.8970 0005057  35.9173 324.2015 14.38595211407392
1 25418U 98046F   25188.92424049  .00000690  00000-0  26957-3 0    16
2 25418  44.9974  79.5675 0005053  36.3042 323.8148 14.38595340407236
1 25418U 98046F   25189.41035416  .00000687  00000-0  26860-3 0    16
2 25418  44.9974  77.2603 0005016  39.1427 320.9784 14.38596265407308
1 25418U 98046F   25189.82702288  .00000657  00000-0  25892-3 0    10
2 25418  44.9974  75.2826 0004988  41.6534 318.4693 14.38596881407368
1 25418U 98046F   25190.79924891  .00000598  00000-0  23965-3 0  7294
2 25418  44.9975  70.6684 0004922  47.4178 312.7085 14.38598384407672
1 25418U 98046F   25190.93813820  .00000595  00000-0  23868-3 0    11
2 25418  44.9974  70.0092 0004914  48.2517 311.8751 14.38598631407524
1 25418U 98046F   25191.35480612  .00000588  00000-0  23654-3 0    12
2 25418  44.9975  68.0317 0004899  50.7590 309.3693 14.38599362407588
1 25418U 98046F   25191.84091845  .00000553  00000-0  22512-3 0  7305
2 25418  44.9976  65.7245 0004869  53.7518 306.3780 14.38600014407821
1 25418U 98046F   25191.84091845  .00000553  00000-0  22512-3 0    16
2 25418  44.9976  65.7245 0004869  53.7518 306.3780 14.38600014407652
1 25418U 98046F   25192.32703041  .00000550  00000-0  22409-3 0    10
2 25418  44.9977  63.4173 0004852  56.6812 303.4500 14.38600849407721
1 25418U 98046F   25192.95203101  .00000566  00000-0  22918-3 0    13
2 25418  44.9977  60.4509 0004822  60.4613 299.6715 14.38601990407812
1 25418U 98046F   25193.09091997  .00000566  00000-0  22918-3 0  7317
2 25418  44.9977  59.7917 0004820  61.3213 298.8120 14.38602234408005
1 25418U 98046F   25193.57703122  .00000598  00000-0  23967-3 0    10
2 25418  44.9977  57.4845 0004796  64.2419 295.8924 14.38603176407905
1 25418U 98046F   25193.92425305  .00000640  00000-0  25317-3 0    12
2 25418  44.9978  55.8364 0004784  66.4690 293.6661 14.38604055407952
1 25418U 98046F   25194.61869687  .00000646  00000-0  25527-3 0    13
2 25418  44.9978  52.5405 0004761  70.8207 289.3156 14.38605198408052
1 25418U 98046F   25194.89647420  .00000624  00000-0  24805-3 0  7327
2 25418  44.9978  51.2221 0004756  72.5887 287.5481 14.38605543408269
1 25418U 98046F   25195.59091717  .00000633  00000-0  25101-3 0    16
2 25418  44.9979  47.9261 0004738  76.8311 283.3065 14.38606712408198
1 25418U 98046F   25195.72980570  .00000626  00000-0  24862-3 0    10
2 25418  44.9979  47.2669 0004737  77.7310 282.4069 14.38606908408215
1 25418U 98046F   25196.00758279  .00000597  00000-0  23919-3 0  7332
2 25418  44.9978  45.9486 0004738  79.4213 280.7169 14.38607181408427
1 25418U 98046F   25196.63258048  .00000635  00000-0  25174-3 0    16
2 25418  44.9979  42.9821 0004724  83.3390 276.7996 14.38608460408348
1 25418U 98046F   25196.84091306  .00000602  00000-0  24089-3 0    19
2 25418  44.9979  41.9933 0004724  84.6567 275.4821 14.38608605408378
1 25418U 98046F   25197.53535423  .00000610  00000-0  24355-3 0  7347
2 25418  44.9979  38.6973 0004718  88.9841 271.1548 14.38609841408642
1 25418U 98046F   25197.60479833  .00000605  00000-0  24175-3 0    18
2 25418  44.9979  38.3676 0004720  89.4982 270.6407 14.38609929408481
1 25418U 98046F   25197.88257480  .00000600  00000-0  24031-3 0    16
2 25418  44.9979  37.0493 0004720  91.1918 268.9471 14.38610324408520
1 25418U 98046F   25198.57701501  .00000614  00000-0  24480-3 0    14
2 25418  44.9980  33.7532 0004716  95.5245 264.6141 14.38611588408626
1 25418U 98046F   25198.57701501  .00000614  00000-0  24480-3 0  7358
2 25418  44.9980  33.7532 0004716  95.5245 264.6141 14.38611588408794
1 25418U 98046F   25198.92423494  .00000636  00000-0  25196-3 0    14
2 25418  44.9980  32.1053 0004726  97.7523 262.3862 14.38612289408670
1 25418U 98046F   25199.54923058  .00000658  00000-0  25913-3 0    15
2 25418  44.9980  29.1387 0004736 101.7180 258.4199 14.38613382408766
1 25418U 98046F   25199.82700612  .00000666  00000-0  26169-3 0  7363
2 25418  44.9981  27.8203 0004736 103.3108 256.8269 14.38613905408971
1 25418U 98046F   25199.89644983  .00000701  00000-0  27291-3 0    10
2 25418  44.9981  27.4908 0004741 103.7755 256.3621 14.38614261408813
1 25418U 98046F   25200.59088836  .00000702  00000-0  27312-3 0    14
2 25418  44.9980  24.1946 0004753 108.1108 252.0258 14.38615398408914
1 25418U 98046F   25200.86866344  .00000729  00000-0  28198-3 0  7370
2 25418  44.9980  22.8763 0004763 109.8096 250.3266 14.38616064409126
1 25418U 98046F   25200.86866344  .00000729  00000-0  28198-3 0    14
2 25418  44.9980  22.8763 0004763 109.8096 250.3266 14.38616064408956
1 25418U 98046F   25201.56310091  .00000705  00000-0  27423-3 0    19
2 25418  44.9981  19.5802 0004783 114.1811 245.9538 14.38617168409050
1 25418U 98046F   25201.91031911  .00000734  00000-0  28355-3 0    16
2 25418  44.9981  17.9323 0004798 116.3742 243.7599 14.38618044409106
1 25418U 98046F   25202.18809377  .00000753  00000-0  28960-3 0  7385
2 25418  44.9982  16.6139 0004804 117.9992 242.1343 14.38618662409319
1 25418U 98046F   25202.53531195  .00000772  00000-0  29578-3 0    14
2 25418  44.9982  14.9658 0004817 120.1716 239.9610 14.38619391409197
1 25418U 98046F   25202.88252977  .00000764  00000-0  29339-3 0    16
2 25418  44.9982  13.3179 0004837 122.2557 237.8760 14.38620064409244
1 25418U 98046F   25203.50752121  .00000886  00000-0  33278-3 0  7392
2 25418  44.9983  10.3514 0004860 126.0774 234.0525 14.38622040409507
1 25418U 98046F   25204.47972862  .00000964  00000-0  35795-3 0    10
2 25418  44.9983   5.7370 0004911 131.9601 228.1666 14.38624630409479
1 25418U 98046F   25205.45193449  .00000994  00000-0  36744-3 0    13
2 25418  44.9983   1.1226 0004963 137.6353 222.4879 14.38626995409618
1 25418U 98046F   25205.79915053  .00000971  00000-0  36014-3 0  7408
2 25418  44.9982 359.4747 0004989 139.5955 220.5264 14.38627671409834
1 25418U 98046F   25205.79915053  .00000971  00000-0  36014-3 0    18
2 25418  44.9982 359.4747 0004989 139.5955 220.5264 14.38627671409665
1 25418U 98046F   25206.49358175  .00000988  00000-0  36557-3 0    12
2 25418  44.9982 356.1786 0005034 143.7634 216.3556 14.38629422409769
1 25418U 98046F   25206.77135386  .00000982  00000-0  36352-3 0    17
2 25418  44.9982 354.8603 0005065 145.5365 214.5813 14.38630106409809
1 25418U 98046F   25207.11856887  .00001034  00000-0  38045-3 0  7413
2 25418  44.9982 353.2124 0005085 147.6163 212.4998 14.38631276410027
1 25418U 98046F   25207.88244090  .00001085  00000-0  39702-3 0    10
2 25418  44.9982 349.5868 0005127 151.6165 208.4963 14.38633634409962
1 25418U 98046F   25208.50742657  .00001057  00000-0  38791-3 0  7420
2 25418  44.9982 346.6203 0005169 155.2233 204.8864 14.38635105410221
1 25418U 98046F   25208.57686931  .00001057  00000-0  38792-3 0    18
2 25418  44.9982 346.2907 0005174 155.6288 204.4806 14.38635306410065
1 25418U 98046F   25208.85464024  .00001060  00000-0  38893-3 0    12
2 25418  44.9983 344.9724 0005192 157.1323 202.9758 14.38636118410101
1 25418U 98046F   25209.61851012  .00001006  00000-0  37132-3 0    19
2 25418  44.9983 341.3467 0005254 161.4694 198.6347 14.38637812410213
1 25418U 98046F   25209.82683796  .00001014  00000-0  37389-3 0  7430
2 25418  44.9983 340.3580 0005265 162.6085 197.4944 14.38638450410418
1 25418U 98046F   25210.52126373  .00001041  00000-0  38248-3 0    14
2 25418  44.9984 337.0619 0005317 166.5069 193.5922 14.38640425410348
1 25418U 98046F   25210.79903370  .00001044  00000-0  38345-3 0    14
2 25418  44.9985 335.7436 0005335 168.0283 192.0693 14.38641212410384
1 25418U 98046F   25211.49345830  .00001063  00000-0  38978-3 0  7440
2 25418  44.9985 332.4475 0005392 171.8431 188.2506 14.38643086410652
1 25418U 98046F   25211.63234313  .00001058  00000-0  38824-3 0    19
2 25418  44.9985 331.7884 0005401 172.5531 187.5398 14.38643412410506
1 25418U 98046F   25211.84066999  .00001096  00000-0  40047-3 0    17
2 25418  44.9984 330.7996 0005416 173.6680 186.4238 14.38644249410534
1 25418U 98046F   25212.60453564  .00001080  00000-0  39512-3 0    18
2 25418  44.9984 327.1740 0005491 177.7384 182.3490 14.38646071410642
1 25418U 98046F   25212.81286235  .00001031  00000-0  37932-3 0  7455
2 25418  44.9984 326.1853 0005511 178.8567 181.2295 14.38646385410845
1 25418U 98046F   25212.81286235  .00001031  00000-0  37932-3 0    10
2 25418  44.9984 326.1853 0005511 178.8567 181.2295 14.38646385410676
1 25418U 98046F   25213.57672672  .00001032  00000-0  37969-3 0    19
2 25418  44.9984 322.5596 0005586 182.8582 177.2235 14.38648295410787
1 25418U 98046F   25213.64616887  .00001029  00000-0  37876-3 0    16
2 25418  44.9984 322.2300 0005591 183.2077 176.8736 14.38648462410795
1 25418U 98046F   25214.47947401  .00000944  00000-0  35135-3 0  7464
2 25418  44.9983 318.2748 0005667 187.6198 172.4566 14.38650150411084
1 25418U 98046F   25214.54891600  .00000945  00000-0  35154-3 0    17
2 25418  44.9983 317.9452 0005671 187.9616 172.1143 14.38650345410921
1 25418U 98046F   25215.52110400  .00000888  00000-0  33299-3 0    12
2 25418  44.9982 313.3309 0005755 192.8689 167.2013 14.38652402411062
1 25418U 98046F   25215.86831357  .00000847  00000-0  31984-3 0  7471
2 25418  44.9981 311.6829 0005783 194.6480 165.4202 14.38653033411284
1 25418U 98046F   25215.86831357  .00000847  00000-0  31984-3 0    14
2 25418  44.9981 311.6829 0005783 194.6480 165.4202 14.38653033411116
1 25418U 98046F   25216.56273212  .00000920  00000-0  34326-3 0    17
2 25418  44.9980 308.3868 0005845 198.1980 161.8660 14.38655058411212
1 25418U 98046F   25216.70161573  .00000917  00000-0  34258-3 0    19
2 25418  44.9979 307.7276 0005853 198.8399 161.2233 14.38655382411238
1 25418U 98046F   25216.97938293  .00000856  00000-0  32276-3 0  7487
2 25418  44.9979 306.4092 0005885 200.2620 159.7995 14.38655695411447
1 25418U 98046F   25217.60435886  .00000844  00000-0  31896-3 0    14
2 25418  44.9977 303.4428 0005936 203.3658 156.6921 14.38656999411361
1 25418U 98046F   25218.92375051  .00000789  00000-0  30116-3 0 58483
2 25418  44.9974 297.1801 0006035 209.7395 150.3111 14.38659607411553
1 25418U 98046F   25219.47928331  .00000728  00000-0  28124-3 0 58512
2 25418  44.9973 294.5431 0006080 212.3771 147.6705 14.38660394411632
1 25418U 98046F   25219.27095859  .00000741  00000-0  28556-3 0    16
2 25418  44.9973 295.5319 0006065 211.3759 148.6728 14.38660032411608
1 25418U 98046F   25219.27095859  .00000741  00000-0  28556-3 0  7518
2 25418  44.9973 295.5319 0006065 211.3759 148.6728 14.38660032411776
1 25418U 98046F   25220.45146486  .00000705  00000-0  27381-3 0  7529
2 25418  44.9972 289.9285 0006149 217.0233 143.0192 14.38662150411943
1 25418U 98046F   25220.59034783  .00000699  00000-0  27205-3 0    14
2 25418  44.9971 289.2693 0006157 217.6753 142.3665 14.38662391411797
1 25418U 98046F   25220.65978929  .00000696  00000-0  27111-3 0    13
2 25418  44.9971 288.9397 0006160 218.0052 142.0362 14.38662513411804
1 25418U 98046F   25221.49308576  .00000905  00000-0  33832-3 0  7535
2 25418  44.9970 284.9842 0006216 221.9670 138.0703 14.38665399412096
1 25418U 98046F   25221.56252713  .00000903  00000-0  33778-3 0    17
2 25418  44.9970 284.6546 0006220 222.3094 137.7275 14.38665529411931
1 25418U 98046F   25222.46526435  .00000911  00000-0  34031-3 0    14
2 25418  44.9969 280.3696 0006279 226.4916 133.5410 14.38667335412067
1 25418U 98046F   25222.60414697  .00000887  00000-0  33253-3 0  7548
2 25418  44.9968 279.7104 0006285 227.1422 132.8899 14.38667467412259
1 25418U 98046F   25222.88191192  .00000891  00000-0  33383-3 0    14
2 25418  44.9968 278.3920 0006304 228.5046 131.5262 14.38668063412128
1 25418U 98046F   25223.50688305  .00000896  00000-0  33568-3 0    11
2 25418  44.9967 275.4254 0006342 231.3684 128.6598 14.38669274412211
1 25418U 98046F   25223.85408867  .00000802  00000-0  30531-3 0  7552
2 25418  44.9967 273.7774 0006362 232.9755 127.0512 14.38669559412436
1 25418U 98046F   25223.85408867  .00000802  00000-0  30531-3 0    16
2 25418  44.9967 273.7774 0006362 232.9755 127.0512 14.38669559412267
1 25418U 98046F   25224.40961788  .00000842  00000-0  31791-3 0    17
2 25418  44.9966 271.1403 0006391 235.4852 124.5393 14.38670826412342
1 25418U 98046F   25225.52067488  .00000727  00000-0  28081-3 0    15
2 25418  44.9963 265.8663 0006446 240.5072 119.5134 14.38672449412507
1 25418U 98046F   25225.79843884  .00000704  00000-0  27335-3 0    12
2 25418  44.9963 264.5478 0006459 241.7895 118.2302 14.38672902412548
1 25418U 98046F   25226.49284837  .00000771  00000-0  29516-3 0    14
2 25418  44.9961 261.2515 0006489 244.9539 115.0636 14.38674631412642
1 25418U 98046F   25227.46502070  .00000732  00000-0  28237-3 0    10
2 25418  44.9959 256.6367 0006524 249.3002 110.7147 14.38676307412782
1 25418U 98046F   25226.49284837  .00000771  00000-0  29516-3 0  7572
2 25418  44.9961 261.2515 0006489 244.9539 115.0636 14.38674631412811
1 25418U 98046F   25225.17346957  .00000804  00000-0  30577-3 0  7563
2 25418  44.9964 267.5144 0006430 238.9419 121.0798 14.38672209412621
1 25418U 98046F   25227.81222498  .00000709  00000-0  27511-3 0    10
2 25418  44.9959 254.9886 0006539 250.9604 109.0536 14.38676800412838
1 25418U 98046F   25228.36775159  .00000717  00000-0  27757-3 0  7588
2 25418  44.9958 252.3515 0006554 253.5098 106.5030 14.38677766413082
1 25418U 98046F   25228.50663315  .00000723  00000-0  27966-3 0    14
2 25418  44.9958 251.6923 0006556 254.1458 105.8668 14.38678047412931
1 25418U 98046F   25229.47880359  .00000749  00000-0  28793-3 0  7597
2 25418  44.9957 247.0773 0006577 258.5549 101.4560 14.38679841413245
1 25418U 98046F   25229.47880359  .00000749  00000-0  28793-3 0    17
2 25418  44.9957 247.0773 0006577 258.5549 101.4560 14.38679841413076
1 25418U 98046F   25229.75656622  .00000752  00000-0  28885-3 0    18
2 25418  44.9957 245.7587 0006583 259.7291 100.2815 14.38680389413112
1 25418U 98046F   25230.45097280  .00000762  00000-0  29218-3 0    18
2 25418  44.9957 242.4623 0006590 262.7989  97.2110 14.38681646413214
1 25418U 98046F   25230.72873515  .00000766  00000-0  29335-3 0  7607
2 25418  44.9957 241.1438 0006592 264.1138  95.8959 14.38682201413424
1 25418U 98046F   25230.72873515  .00000766  00000-0  29335-3 0    15
2 25418  44.9957 241.1438 0006592 264.1138  95.8959 14.38682201413255
1 25418U 98046F   25231.49258127  .00000758  00000-0  29095-3 0    10
2 25418  44.9957 237.5177 0006593 267.5103  92.4991 14.38683561413365
1 25418U 98046F   25232.25642619  .00000814  00000-0  30883-3 0  7611
2 25418  44.9958 233.8917 0006598 270.9455  89.0637 14.38685418413643
1 25418U 98046F   25232.46474766  .00000767  00000-0  29385-3 0    19
2 25418  44.9958 232.9029 0006594 271.9463  88.0630 14.38685524413508
1 25418U 98046F   25235.24236091  .00000759  00000-0  29119-3 0 59374
2 25418  44.9956 219.7175 0006555 284.1641  75.8479 14.38690574413902
1 25418U 98046F   25235.38124130  .00000763  00000-0  29231-3 0 59391
2 25418  44.9956 219.0583 0006545 284.8780  75.1343 14.38690878413920
1 25418U 98046F   25236.28396343  .00000797  00000-0  30345-3 0 59416
2 25418  44.9956 214.7731 0006520 288.9287  71.0854 14.38692787414055
1 25418U 98046F   25236.63116368  .00000796  00000-0  30308-3 0 59421
2 25418  44.9956 213.1250 0006502 290.5966  69.4185 14.38693558414108
1 25418U 98046F   25237.39500383  .00000871  00000-0  32739-3 0 59478
2 25418  44.9956 209.4989 0006474 293.9493  66.0678 14.38695540414210
1 25418U 98046F   25238.36716256  .00000966  00000-0  35809-3 0 59537
2 25418  44.9956 204.8841 0006430 298.3470  61.6730 14.38698180414350
1 25418U 98046F   25238.92268086  .00001098  00000-0  40062-3 0 59558
2 25418  44.9957 202.2468 0006410 300.8400  59.1818 14.38700199414430
1 25418U 98046F   25239.26987983  .00001169  00000-0  42340-3 0 59594
2 25418  44.9957 200.5988 0006391 302.4185  57.6044 14.38701329414489
1 25418U 98046F   25239.33931953  .00001174  00000-0  42503-3 0 59607
2 25418  44.9957 200.2691 0006386 302.7002  57.3231 14.38701527414498
1 25418U 98046F   25239.96427597  .00001366  00000-0  48715-3 0 59660
2 25418  44.9957 197.3023 0006351 305.5717  54.4539 14.38704307414587
1 25418U 98046F   25240.31147400  .00001389  00000-0  49450-3 0 59698
2 25418  44.9957 195.6542 0006325 307.0635  52.9634 14.38705320414632
1 25418U 98046F   25241.21418664  .00001520  00000-0  53658-3 0 59716
2 25418  44.9958 191.3689 0006274 311.0004  49.0302 14.38708801414766
1 25418U 98046F   25241.56138338  .00001525  00000-0  53829-3 0 59738
2 25418  44.9959 189.7207 0006260 312.7134  47.3187 14.38709953414818
1 25418U 98046F   25242.11689686  .00001641  00000-0  57565-3 0 59748
2 25418  44.9960 187.0835 0006226 315.0244  45.0099 14.38712606414892
1 25418U 98046F   25242.53353128  .00001871  00000-0  64972-3 0 59759
2 25418  44.9960 185.1059 0006179 317.2373  42.7994 14.38715481414952
1 25418U 98046F   25243.22792088  .00001969  00000-0  68152-3 0 59783
2 25418  44.9960 181.8095 0006127 320.3667  39.6733 14.38718819415055
1 25418U 98046F   25243.85287003  .00002223  00000-0  76321-3 0 59790
2 25418  44.9962 178.8426 0006082 323.2314  36.8116 14.38722842415147
1 25418U 98046F   25244.20006452  .00002533  00000-0  86322-3 0 59816
2 25418  44.9950 177.1946 0006045 324.4451  35.5994 14.38724501415196
1 25418U 98046F   25244.54725757  .00002608  00000-0  88752-3 0 59822
2 25418  44.9951 175.5464 0005998 326.2849  33.7617 14.38726493415241
1 25418U 98046F   25245.17220307  .00003008  00000-0  10162-2 0 59850
2 25418  44.9952 172.5795 0005945 329.0084  31.0413 14.38731306415334
1 25418U 98046F   25245.51939480  .00002847  00000-0  96426-3 0 59877
2 25418  44.9955 170.9314 0005918 330.7287  29.3230 14.38732661415387
1 25418U 98046F   25246.21377634  .00002882  00000-0  97553-3 0 59918
2 25418  44.9956 167.6350 0005848 334.2159  25.8398 14.38736754415484
1 25418U 98046F   25246.49152886  .00002596  00000-0  88328-3 0 59921
2 25418  44.9957 166.3165 0005825 335.5969  24.4603 14.38737262415527
1 25418U 98046F   25247.18590824  .00002210  00000-0  75885-3 0 59956
2 25418  44.9957 163.0202 0005770 338.6378  21.4228 14.38739800415621
1 25418U 98046F   25247.88028608  .00002117  00000-0  72872-3 0 59992
2 25418  44.9958 159.7238 0005702 341.9635  18.1010 14.38743116415729
1 25418U 98046F   25248.08859914  .00002103  00000-0  72423-3 0 60019
2 25418  44.9958 158.7349 0005676 343.1091  16.9568 14.38744127415751
1 25418U 98046F   25248.78297529  .00002035  00000-0  70229-3 0 60032
2 25418  44.9958 155.4384 0005602 346.5463  13.5235 14.38747165415853
1 25418U 98046F   25248.99128773  .00001885  00000-0  65386-3 0 60040
2 25418  44.9959 154.4496 0005576 347.6491  12.4220 14.38747728415880
1 25418U 98046F   25249.82453657  .00001949  00000-0  67453-3 0 60076
2 25418  44.9959 150.4939 0005499 351.7595   8.3162 14.38751590416009
1 25418U 98046F   25250.03284848  .00001954  00000-0  67619-3 0 60086
2 25418  44.9958 149.5052 0005490 352.7844   7.2925 14.38752485416034
1 25418U 98046F   25250.86609580  .00001367  00000-0  48700-3 0 60124
2 25418  44.9958 145.5494 0005399 357.1047   2.9769 14.38753736416153
1 25418U 98046F   25251.07440739  .00001338  00000-0  47768-3 0 60140
2 25418  44.9958 144.5606 0005382 358.1819   1.9009 14.38754378416189
1 25418U 98046F   25251.42159300  .00001287  00000-0  46109-3 0 60152
2 25418  44.9959 142.9123 0005348 359.9464   0.1383 14.38755468416236
1 25418U 98046F   25252.11596407  .00001010  00000-0  37166-3 0 60160
2 25418  44.9958 139.6156 0005273   3.6355 356.4531 14.38756657416337
1 25418U 98046F   25253.15751909  .00001088  00000-0  39702-3 0 60191
2 25418  44.9964 134.6706 0005213   9.4596 350.6350 14.38758971416487
1 25418U 98046F   25253.36582975  .00001064  00000-0  38909-3 0 60203
2 25418  44.9965 133.6817 0005194  10.5478 349.5479 14.38759508416510
1 25418U 98046F   25253.78245123  .00000895  00000-0  33461-3 0 60221
2 25418  44.9964 131.7037 0005144  12.7175 347.3803 14.38759744416570
1 25418U 98046F   25253.99076183  .00000870  00000-0  32666-3 0 60254
2 25418  44.9964 130.7148 0005133  13.8341 346.2648 14.38760187416609
1 25418U 98046F   25254.33794578  .00000857  00000-0  32242-3 0 60264
2 25418  44.9964 129.0666 0005107  15.9338 344.1670 14.38761146416658
1 25418U 98046F   25255.58780724  .00000794  00000-0  30211-3 0 60286
2 25418  44.9964 123.1327 0004990  22.8820 337.2250 14.38763852416832
1 25418U 98046F   25255.93499071  .00000715  00000-0  27662-3 0 60309
2 25418  44.9964 121.4845 0004960  24.8696 335.2391 14.38764189416881
1 25418U 98046F   25256.07386404  .00000704  00000-0  27320-3 0 60321
2 25418  44.9963 120.8252 0004947  25.6752 334.4341 14.38764435416905
1 25418U 98046F   25256.90710348  .00000749  00000-0  28763-3 0 60344
2 25418  44.9962 116.8694 0004882  30.4033 329.7097 14.38766358417028
1 25418U 98046F   25257.04597662  .00000745  00000-0  28615-3 0 60366
2 25418  44.9962 116.2102 0004872  31.2159 328.8978 14.38766615417049
1 25418U 98046F   25258.01808802  .00000744  00000-0  28594-3 0 60371
2 25418  44.9961 111.5949 0004799  36.8318 323.2859 14.38768469417182
1 25418U 98046F   25258.29583117  .00001195  00000-0  43146-3 0 60382
2 25418  44.9962 110.2763 0004785  38.2687 321.8501 14.38772244417222
1 25418U 98046F   25258.85132417  .00000841  00000-0  31707-3 0    18
2 25418  44.9961 107.6389 0004735  41.6664 318.4545 14.38770891417308
1 25418U 98046F   25259.26794215  .00000904  00000-0  33758-3 0    12
2 25418  44.9961 105.6610 0004708  44.1088 316.0135 14.38772102417363
1 25418U 98046F   25259.96230503  .00000876  00000-0  32858-3 0    12
2 25418  44.9962 102.3643 0004662  48.3388 311.7859 14.38773332417464
1 25418U 98046F   25261.00384794  .00000907  00000-0  33861-3 0    12
2 25418  44.9962  97.4193 0004605  54.3465 305.7811 14.38775568417619
1 25418U 98046F   25262.25369771  .00000963  00000-0  35648-3 0    15
2 25418  44.9963  91.4852 0004548  61.4309 298.6997 14.38778250417793
1 25418U 98046F   25262.60087758  .00000948  00000-0  35159-3 0    16
2 25418  44.9963  89.8368 0004522  63.9636 296.1678 14.38778920417847
1 25418U 98046F   25262.94805723  .00001068  00000-0  39028-3 0    16
2 25418  44.9963  88.1886 0004506  66.1013 294.0307 14.38780313417890
1 25418U 98046F   25263.01749310  .00001071  00000-0  39138-3 0    10
2 25418  44.9963  87.8589 0004503  66.5562 293.5760 14.38780496417907
1 25418U 98046F   25263.78128678  .00001228  00000-0  44182-3 0    11
2 25418  44.9965  84.2326 0004464  71.3414 288.7919 14.38783285418019
1 25418U 98046F   25264.19790150  .00001466  00000-0  51868-3 0    10
2 25418  44.9965  82.2547 0004452  73.7854 286.3484 14.38785483418072
1 25418U 98046F   25264.47564407  .00001497  00000-0  52864-3 0    16
2 25418  44.9965  80.9360 0004438  75.4837 284.6504 14.38786405418118
1 25418U 98046F   25264.75338622  .00001503  00000-0  53044-3 0    14
2 25418  44.9965  79.6173 0004431  77.2988 282.8355 14.38787309418157
1 25418U 98046F   25265.51717660  .00001717  00000-0  59949-3 0    19
2 25418  44.9966  75.9910 0004408  81.9564 278.1784 14.38790727418266
1 25418U 98046F   25265.72548287  .00001714  00000-0  59823-3 0    17
2 25418  44.9966  75.0020 0004409  83.2537 276.8813 14.38791341418299
1 25418U 98046F   25266.14209441  .00002136  00000-0  73431-3 0    10
2 25418  44.9967  73.0240 0004403  85.6492 274.4859 14.38795050418354
1 25418U 98046F   25266.90588107  .00002177  00000-0  74736-3 0   657
2 25418  44.9968  69.3975 0004388  90.4523 269.6829 14.38798079418468
1 25418U 98046F   25267.18362157  .00002187  00000-0  75069-3 0   665
2 25418  44.9968  68.0788 0004381  92.1257 268.0094 14.38799096418504
1 25418U 98046F   25267.94740631  .00002439  00000-0  83180-3 0   737
2 25418  44.9962  64.4522 0004338  97.3241 262.8100 14.38802505418618
1 25418U 98046F   25268.15571032  .00002574  00000-0  87524-3 0   745
2 25418  44.9963  63.4632 0004325  98.9358 261.1980 14.38804120418648
1 25418U 98046F   25268.78062174  .00002529  00000-0  86061-3 0   774
2 25418  44.9964  60.4961 0004330 102.9569 257.1763 14.38807477418739
1 25418U 98046F   25269.47496589  .00002623  00000-0  89069-3 0  8664
2 25418  44.9966  57.1994 0004313 107.4388 252.6933 14.38811658418836
1 25418U 98046F   25269.75270330  .00002549  00000-0  86692-3 0    16
2 25418  44.9968  55.8809 0004317 109.1430 250.9886 14.38812836418870
1 25418U 98046F   25270.44704488  .00002673  00000-0  90690-3 0    11
2 25418  44.9969  52.5841 0004330 113.2653 246.8652 14.38817035418971
1 25418U 98046F   25271.83572110  .00002910  00000-0  98292-3 0    10
2 25418  44.9971  45.9912 0004372 121.0863 239.0415 14.38826202419175
1 25418U 98046F   25272.73835535  .00003161  00000-0  10636-2 0  8723
2 25418  44.9972  41.7055 0004395 126.5963 233.5291 14.38833036419303
1 25418U 98046F   25272.73835535  .00003161  00000-0  10636-2 0   949
2 25418  44.9972  41.7055 0004395 126.5963 233.5291 14.38833036419303
1 25418U 98046F   25273.08552045  .00002962  00000-0  99958-3 0  8750
2 25418  44.9973  40.0572 0004440 129.1640 230.9604 14.38835276419354
1 25418U 98046F   25273.08552046  .00002962  00000-0  99958-3 0   966
2 25418  44.9973  40.0572 0004440 129.1640 230.9604 14.38835276419354
1 25418U 98046F   25273.36325227  .00003321  00000-0  11150-2 0  8769
2 25418  44.9971  38.7386 0004410 131.2141 228.9088 14.38838786419392
1 25418U 98046F   25273.64098316  .00003723  00000-0  12441-2 0   993
2 25418  44.9971  37.4199 0004419 132.4814 227.6408 14.38842484419436
1 25418U 98046F   25273.77984874  .00003606  00000-0  12066-2 0  8777
2 25418  44.9972  36.7608 0004418 133.3224 226.7993 14.38843414419453
1 25418U 98046F   25274.05757919  .00003390  00000-0  11371-2 0  8786
2 25418  44.9972  35.4422 0004427 135.1704 224.9502 14.38845468419497
1 25418U 98046F   25274.05757920  .00003390  00000-0  11371-2 0  1028
2 25418  44.9972  35.4422 0004427 135.1704 224.9502 14.38845468419497
1 25418U 98046F   25275.02963199  .00003674  00000-0  12282-2 0  8791
2 25418  44.9972  30.8269 0004451 141.0646 219.0524 14.38855061419638
1 25418U 98046F   25275.58508887  .00003747  00000-0  12514-2 0  1074
2 25418  44.9972  28.1894 0004495 144.0009 216.1143 14.38859684419715
1 25418U 98046F   25275.58508887  .00003747  00000-0  12514-2 0  8802
2 25418  44.9971  28.1894 0004495 144.0009 216.1143 14.38859684419714
1 25418U 98046F   25276.27940726  .00003508  00000-0  11744-2 0  1083
2 25418  44.9973  24.8926 0004529 148.0203 212.0921 14.38864701419819
1 25418U 98046F   25276.55713453  .00003199  00000-0  10749-2 0  1113
2 25418  44.9973  23.5739 0004546 149.7899 210.3213 14.38865680419851
1 25418U 98046F   25277.66803976  .00002378  00000-0  81085-3 0  8832
2 25418  44.9975  18.2994 0004624 155.9402 204.1663 14.38870572420019
1 25418U 98046F   25278.01519660  .00002177  00000-0  74632-3 0  8844
2 25418  44.9975  16.6510 0004641 158.0671 202.0376 14.38872085420060
1 25418U 98046F   25278.29292231  .00002004  00000-0  69050-3 0  8854
2 25418  44.9977  15.3323 0004663 159.5478 200.5558 14.38872366420107
1 25418U 98046F   25279.19552861  .00001677  00000-0  58531-3 0  8871
2 25418  44.9976  11.0465 0004727 164.5035 195.5959 14.38875582420237
1 25418U 98046F   25279.47325323  .00001690  00000-0  58975-3 0  8881
2 25418  44.9977   9.7278 0004746 165.9463 194.1518 14.38876797420274
1 25418U 98046F   25279.54268439  .00001692  00000-0  59032-3 0  1298
2 25418  44.9977   9.3982 0004747 166.3252 193.7726 14.38877079420285
1 25418U 98046F   25279.95927075  .00001671  00000-0  58352-3 0  1326
2 25418  44.9978   7.4202 0004770 168.6327 191.4630 14.38878734420349
1 25418U 98046F   25280.30642593  .00001616  00000-0  56590-3 0  1349
2 25418  44.9978   5.7717 0004800 170.5624 189.5315 14.38879805420390
1 25418U 98046F   25280.58414980  .00001648  00000-0  57607-3 0  1396
2 25418  44.9978   4.4531 0004819 172.0166 188.0760 14.38880903420432
1 25418U 98046F   25280.72301236  .00001775  00000-0  61674-3 0  8927
2 25418  44.9983   3.7938 0004805 172.2192 187.8732 14.38881029420455
1 25418U 98046F   25280.93130419  .00001822  00000-0  63205-3 0  1426
2 25418  44.9984   2.8047 0004819 173.3356 186.7557 14.38882486420480
1 25418U 98046F   25281.20902735  .00001691  00000-0  58969-3 0  8933
2 25418  44.9978   1.4860 0004858 175.4517 184.6377 14.38883463420524
1 25418U 98046F   25281.27845848  .00001688  00000-0  58880-3 0  1448
2 25418  44.9984   1.1562 0004848 175.2177 184.8719 14.38883202420530
1 25418U 98046F   25281.48675066  .00001677  00000-0  58528-3 0  8943
2 25418  44.9984   0.1673 0004860 176.3670 183.7215 14.38884067420568
1 25418U 98046F   25281.62561210  .00001656  00000-0  57870-3 0  1471
2 25418  44.9984 359.5080 0004867 177.0919 182.9959 14.38884570420589
1 25418U 98046F   25281.62561209  .00001656  00000-0  57870-3 0  8959
2 25418  44.9984 359.5080 0004867 177.0919 182.9959 14.38884570420589
1 25418U 98046F   25282.18105764  .00001487  00000-0  52420-3 0  8960
2 25418  44.9984 356.8704 0004908 180.1176 179.9672 14.38885868420666
1 25418U 98046F   25282.25048813  .00001487  00000-0  52422-3 0  1492
2 25418  44.9984 356.5408 0004914 180.4924 179.5921 14.38886207420677
1 25418U 98046F   25282.59764106  .00001475  00000-0  52042-3 0  1540
2 25418  44.9984 354.8925 0004938 182.2372 177.8456 14.38887538420723
1 25418U 98046F   25282.59764105  .00001475  00000-0  52042-3 0  8973
2 25418  44.9984 354.8925 0004938 182.2372 177.8455 14.38887538420722
1 25418U 98046F   25283.22251552  .00001508  00000-0  53088-3 0  8980
2 25418  44.9984 351.9253 0004980 185.5908 174.4886 14.38890096420816
1 25418U 98046F   25283.22251553  .00001508  00000-0  53088-3 0  1557
2 25418  44.9984 351.9253 0004980 185.5908 174.4886 14.38890096420816
1 25418U 98046F   25283.50023723  .00001460  00000-0  51559-3 0  8997
2 25418  44.9984 350.6067 0004996 187.1195 172.9583 14.38890868420856
1 25418U 98046F   25283.91681943  .00001433  00000-0  50682-3 0  1579
2 25418  44.9985 348.6288 0005033 189.0717 171.0041 14.38892306420918
1 25418U 98046F   25283.91681942  .00001433  00000-0  50682-3 0  9004
2 25418  44.9985 348.6288 0005033 189.0717 171.0041 14.38892306420918
1 25418U 98046F   25284.88884278  .00001526  00000-0  53663-3 0  1601
2 25418  44.9983 344.0132 0005096 193.9719 166.0989 14.38896343421055
1 25418U 98046F   25285.51371332  .00001535  00000-0  53949-3 0  1623
2 25418  44.9982 341.0461 0005141 197.0752 162.9925 14.38898803421147
1 25418U 98046F   25285.86086328  .00001587  00000-0  55616-3 0  1630
2 25418  44.9982 339.3977 0005161 198.8163 161.2495 14.38900398421198
1 25418U 98046F   25286.55516230  .00001484  00000-0  52292-3 0  1652
2 25418  44.9980 336.1009 0005209 202.0732 157.9893 14.38902476421294
1 25418U 98046F   25286.83288179  .00001500  00000-0  52811-3 0  1668
2 25418  44.9980 334.7821 0005224 203.4061 156.6550 14.38903545421336
1 25418U 98046F   25287.18003091  .00001547  00000-0  54332-3 0  1677
2 25418  44.9979 333.1336 0005250 205.0170 155.0425 14.38904980421389
1 25418U 98046F   25288.49919407  .00001571  00000-0  55101-3 0  1693
2 25418  44.9977 326.8696 0005332 211.5513 148.5017 14.38909841421575
1 25418U 98046F   25288.84634176  .00001731  00000-0  60226-3 0  9116
2 25418  44.9977 325.2211 0005351 213.1632 146.8882 14.38911854421626
1 25418U 98046F   25288.84634177  .00001731  00000-0  60226-3 0  1704
2 25418  44.9977 325.2211 0005351 213.1632 146.8882 14.38911854421626
1 25418U 98046F   25289.12405941  .00001747  00000-0  60740-3 0  9123
2 25418  44.9977 323.9022 0005366 214.6604 145.3896 14.38912959421662
1 25418U 98046F   25289.40177736  .00001515  00000-0  53278-3 0  1721
2 25418  44.9976 322.5836 0005382 216.1058 143.9428 14.38912608421708
1 25418U 98046F   25289.40177735  .00001515  00000-0  53278-3 0  9133
2 25418  44.9976 322.5836 0005382 216.1058 143.9428 14.38912608421708
1 25418U 98046F   25290.44321708  .00001629  00000-0  56944-3 0  9140
2 25418  44.9975 317.6381 0005434 220.9784 139.0656 14.38916805421852
1 25418U 98046F   25290.79036243  .00001727  00000-0  60106-3 0  9150
2 25418  44.9974 315.9895 0005459 222.4486 137.5940 14.38918727421905
1 25418U 98046F   25290.79036244  .00001727  00000-0  60106-3 0  1748
2 25418  44.9974 315.9895 0005459 222.4486 137.5940 14.38918727421905
1 25418U 98046F   25291.76236902  .00001775  00000-0  61646-3 0  1764
2 25418  44.9974 311.3738 0005491 227.1047 132.9341 14.38922579422042
1 25418U 98046F   25292.31779887  .00002107  00000-0  72284-3 0  1782
2 25418  44.9972 308.7360 0005522 229.5560 130.4807 14.38926797422127
1 25418U 98046F   25292.73437172  .00001972  00000-0  67969-3 0  1790
2 25418  44.9971 306.7579 0005536 231.4723 128.5630 14.38927664422186
1 25418U 98046F   25293.08151501  .00002051  00000-0  70478-3 0  9211
2 25418  44.9970 305.1093 0005549 233.1503 126.8837 14.38929483422235
1 25418U 98046F   25293.08151502  .00002051  00000-0  70478-3 0  1809
2 25418  44.9970 305.1093 0005549 233.1503 126.8837 14.38929483422235
1 25418U 98046F   25293.28980105  .00002091  00000-0  71777-3 0  1818
2 25418  44.9970 304.1202 0005556 234.0765 125.9568 14.38930497422265
1 25418U 98046F   25293.70637239  .00002018  00000-0  69410-3 0  1823
2 25418  44.9971 302.1421 0005562 236.1153 123.9166 14.38931846422326
1 25418U 98046F   25294.40065686  .00002065  00000-0  70938-3 0  1843
2 25418  44.9959 298.8450 0005631 239.2390 120.7905 14.38935104422427
1 25418U 98046F   25295.02551104  .00001857  00000-0  64234-3 0  9250
2 25418  44.9961 295.8775 0005659 241.9931 118.0345 14.38937567422511
1 25418U 98046F   25295.30322413  .00001902  00000-0  65682-3 0  9260
2 25418  44.9971 294.5590 0005616 243.3300 116.6973 14.38938105422556
1 25418U 98046F   25295.30322414  .00001902  00000-0  65682-3 0  1869
2 25418  44.9971 294.5590 0005616 243.3300 116.6973 14.38938105422556
1 25418U 98046F   25296.41407168  .00001713  00000-0  59604-3 0  1904
2 25418  44.9961 289.2832 0005684 247.9258 112.0987 14.38943580422718
1 25418U 98046F   25296.41407168  .00001713  00000-0  59604-3 0  9283
2 25418  44.9961 289.2832 0005684 247.9258 112.0987 14.38943580422718
1 25418U 98046F   25296.96949459  .00001684  00000-0  58685-3 0  1914
2 25418  44.9963 286.6454 0005702 250.4214 109.6020 14.38945779422793
1 25418U 98046F   25297.31663333  .00001805  00000-0  62569-3 0  1931
2 25418  44.9963 284.9971 0005698 251.9560 108.0668 14.38947666422846
1 25418U 98046F   25297.66377153  .00001756  00000-0  60998-3 0  9309
2 25418  44.9966 283.3487 0005718 253.3414 106.6806 14.38949117422897
1 25418U 98046F   25297.94148239  .00001773  00000-0  61540-3 0  1968
2 25418  44.9967 282.0298 0005691 255.0101 105.0117 14.38950149422936
1 25418U 98046F   25298.01090998  .00001761  00000-0  61132-3 0  9316
2 25418  44.9968 281.7001 0005696 255.1662 104.8556 14.38950405422943
1 25418U 98046F   25298.28862038  .00001812  00000-0  62799-3 0  1989
2 25418  44.9968 280.3814 0005690 256.4099 103.6116 14.38951646422983
1 25418U 98046F   25298.35804782  .00001826  00000-0  63225-3 0  9325
2 25418  44.9966 280.0516 0005695 256.6916 103.3297 14.38951997422999
1 25418U 98046F   25298.98289457  .00001737  00000-0  60383-3 0  2012
2 25418  44.9966 277.0840 0005760 258.6998 101.3203 14.38954424423084
1 25418U 98046F   25298.98289456  .00001737  00000-0  60383-3 0  9333
2 25418  44.9966 277.0840 0005760 258.6998 101.3203 14.38954424423084
1 25418U 98046F   25299.26060440  .00001715  00000-0  59648-3 0  2022
2 25418  44.9966 275.7653 0005736 260.1472  99.8729 14.38955386423126
1 25418U 98046F   25299.33003177  .00001719  00000-0  59800-3 0  9340
2 25418  44.9965 275.4356 0005728 260.5196  99.5005 14.38955684423136
1 25418U 98046F   25299.60774069  .00001819  00000-0  62985-3 0  9355
2 25418  44.9964 274.1169 0005703 261.9300  98.0901 14.38957373423178
1 25418U 98046F   25299.95487704  .00001826  00000-0  63209-3 0  2058
2 25418  44.9964 272.4682 0005709 263.2964  96.7235 14.38958767423225
1 25418U 98046F   25299.95487704  .00001826  00000-0  63209-3 0  9369
2 25418  44.9964 272.4682 0005709 263.2964  96.7235 14.38958767423225
1 25418U 98046F   25300.30201326  .00001800  00000-0  62381-3 0  2067
2 25418  44.9964 270.8198 0005696 264.9414  95.0784 14.38959975423270
1 25418U 98046F   25300.30201325  .00001800  00000-0  62381-3 0  9377
2 25418  44.9964 270.8198 0005696 264.9414  95.0784 14.38959975423270
1 25418U 98046F   25300.92685707  .00001836  00000-0  63536-3 0  2077
2 25418  44.9963 267.8523 0005704 267.5148  92.5048 14.38962652423361
1 25418U 98046F   25301.20456495  .00001816  00000-0  62889-3 0  2099
2 25418  44.9963 266.5336 0005676 268.6997  91.3202 14.38963852423408
1 25418U 98046F   25302.17654164  .00001822  00000-0  63081-3 0  2125
2 25418  44.9970 261.9172 0005672 272.7197  87.3002 14.38967610423541
1 25418U 98046F   25302.87080891  .00001758  00000-0  61013-3 0  2145
2 25418  44.9971 258.6202 0005660 275.8757  84.1447 14.38970141423644
1 25418U 98046F   25303.14851549  .00001740  00000-0  60463-3 0  2163
2 25418  44.9971 257.3013 0005647 276.9921  83.0285 14.38971195423682
1 25418U 98046F   25303.84278084  .00001722  00000-0  59865-3 0  9427
2 25418  44.9970 254.0041 0005634 279.9330  80.0882 14.38973961423783
1 25418U 98046F   25303.84278085  .00001722  00000-0  59865-3 0  2173
2 25418  44.9970 254.0041 0005634 279.9330  80.0882 14.38973961423783
1 25418U 98046F   25304.53704500  .00001663  00000-0  57966-3 0  9436
2 25418  44.9971 250.7072 0005602 282.9659  77.0564 14.38976512423883
1 25418U 98046F   25305.57843940  .00001583  00000-0  55396-3 0  2229
2 25418  44.9971 245.7617 0005548 287.3824  72.6418 14.38980114424034
1 25418U 98046F   25306.13384848  .00001531  00000-0  53740-3 0  2245
2 25418  44.9969 243.1238 0005525 289.8696  70.1557 14.38981971424119
1 25418U 98046F   25307.52236817  .00001403  00000-0  49622-3 0  9497
2 25418  44.9966 236.5295 0005450 295.9766  64.0521 14.38986537424316
1 25418U 98046F   25307.52236818  .00001403  00000-0  49622-3 0  2299
2 25418  44.9966 236.5295 0005450 295.9766  64.0521 14.38986537424316
1 25418U 98046F   25308.07777441  .00001438  00000-0  50745-3 0  9509
2 25418  44.9965 233.8917 0005429 298.2237  61.8063 14.38988870424397
1 25418U 98046F   25308.07777441  .00001438  00000-0  50745-3 0  2300
2 25418  44.9965 233.8917 0005429 298.2237  61.8063 14.38988870424397
1 25418U 98046F   25308.77203181  .00001331  00000-0  47292-3 0  9517
2 25418  44.9964 230.5944 0005391 301.3484  58.6837 14.38990769424492
1 25418U 98046F   25308.77203181  .00001331  00000-0  47292-3 0  2318
2 25418  44.9964 230.5944 0005391 301.3484  58.6837 14.38990769424492
1 25418U 98046F   25309.04973418  .00001303  00000-0  46394-3 0  2328
2 25418  44.9963 229.2756 0005366 302.6252  57.4079 14.38991693424533
1 25418U 98046F   25309.81341500  .00001403  00000-0  49604-3 0  2355
2 25418  44.9962 225.6486 0005323 305.9714  54.0640 14.38995019424649
1 25418U 98046F   25310.78536912  .00001775  00000-0  61529-3 0  9557
2 25418  44.9963 221.0326 0005272 310.2536  49.7851 14.39000861424780
1 25418U 98046F   25310.78536913  .00001775  00000-0  61529-3 0  2382
2 25418  44.9963 221.0326 0005272 310.2536  49.7851 14.39000861424780
1 25418U 98046F   25310.99364522  .00001567  00000-0  54862-3 0  9579
2 25418  44.9962 220.0433 0005251 311.1509  48.8886 14.39000408424813
1 25418U 98046F   25310.99364522  .00001567  00000-0  54862-3 0  2392
2 25418  44.9962 220.0433 0005251 311.1509  48.8886 14.39000408424813
1 25418U 98046F   25312.45157044  .00001847  00000-0  63828-3 0  9585
2 25418  44.9964 213.1194 0005152 317.7825  42.2626 14.39007944425021
1 25418U 98046F   25314.74258305  .00001925  00000-0  66317-3 0  2532
2 25418  44.9951 202.2384 0004936 327.7123  32.3423 14.39018777425355
1 25418U 98046F   25315.08970481  .00001721  00000-0  59790-3 0  2548
2 25418  44.9950 200.5898 0004902 329.3809  30.6753 14.39019616425403
1 25418U 98046F   25315.99221944  .00001660  00000-0  57812-3 0  2568
2 25418  44.9948 196.3035 0004827 333.5287  26.5314 14.39023319425534
1 25418U 98046F   25317.03357611  .00003080  00000-0  10333-2 0  9703
2 25418  44.9947 191.3574 0004730 338.6202  21.4448 14.39033985425680
1 25418U 98046F   25317.03357612  .00003080  00000-0  10333-2 0  2572
2 25418  44.9947 191.3574 0004730 338.6202  21.4448 14.39033985425680
1 25418U 98046F   25317.38069335  .00003172  00000-0  10627-2 0  2581
2 25418  44.9947 189.7088 0004708 340.0259  20.0405 14.39036876425731
1 25418U 98046F   25317.38069334  .00003172  00000-0  10627-2 0  9712
2 25418  44.9947 189.7088 0004708 340.0259  20.0405 14.39036876425731
1 25418U 98046F   25318.14435055  .00002616  00000-0  88451-3 0  2619
2 25418  44.9947 186.0816 0004648 343.8149  16.2551 14.39040519425842
1 25418U 98046F   25318.76915926  .00002246  00000-0  76592-3 0  9740
2 25418  44.9947 183.1138 0004572 346.8845  13.1884 14.39043636425937
1 25418U 98046F   25318.83858235  .00002214  00000-0  75562-3 0  9759
2 25418  44.9947 182.7841 0004567 347.2320  12.8412 14.39043994425941
1 25418U 98046F   25319.32454374  .00002030  00000-0  69662-3 0  9772
2 25418  44.9947 180.4760 0004530 349.7230  10.3525 14.39046505426011
1 25418U 98046F   25320.29646388  .00001903  00000-0  65569-3 0  9790
2 25418  44.9947 175.8596 0004428 354.6874   5.3927 14.39051524426153
1 25418U 98046F   25319.94934987  .00001767  00000-0  61226-3 0  2703
2 25418  44.9947 177.5083 0004464 352.8847   7.1938 14.39049332426104
1 25418U 98046F   25320.64357784  .00001833  00000-0  63342-3 0  9809
2 25418  44.9945 174.2107 0004386 356.2958   3.7857 14.39052728426203
1 25418U 98046F   25320.64357784  .00001833  00000-0  63342-3 0  2723
2 25418  44.9945 174.2108 0004386 356.2958   3.7857 14.39052728426204
1 25418U 98046F   25321.26838191  .00001744  00000-0  60478-3 0  9824
2 25418  44.9945 171.2433 0004311 359.7354   0.3491 14.39055069426295
1 25418U 98046F   25321.26838192  .00001744  00000-0  60478-3 0  2749
2 25418  44.9945 171.2433 0004311 359.7354   0.3491 14.39055069426295
1 25418U 98046F   25321.61549512  .00001629  00000-0  56796-3 0  9830
2 25418  44.9944 169.5944 0004266   1.6295 358.4566 14.39055945426346
1 25418U 98046F   25321.61549512  .00001629  00000-0  56796-3 0  2754
2 25418  44.9944 169.5944 0004266   1.6295 358.4566 14.39055945426346
1 25418U 98046F   25321.96260792  .00001403  00000-0  49556-3 0  9856
2 25418  44.9943 167.9458 0004234   3.5436 356.5442 14.39056562426393
1 25418U 98046F   25321.96260792  .00001403  00000-0  49556-3 0  2769
2 25418  44.9943 167.9458 0004234   3.5436 356.5442 14.39056562426393
1 25418U 98046F   25322.72625566  .00001439  00000-0  50711-3 0  9860
2 25418  44.9952 164.3183 0004213   7.8419 352.2495 14.39058429426502
1 25418U 98046F   25322.72625566  .00001439  00000-0  50711-3 0  2795
2 25418  44.9952 164.3183 0004213   7.8419 352.2495 14.39058429426502
1 25418U 98046F   25323.55932321  .00001117  00000-0  40395-3 0  2809
2 25418  44.9942 160.3614 0004084  12.0871 348.0075 14.39061412426628
1 25418U 98046F   25323.83701291  .00001232  00000-0  44067-3 0  9883
2 25418  44.9951 159.0423 0004100  13.8896 346.2065 14.39061545426666
1 25418U 98046F   25323.90643448  .00001030  00000-0  37584-3 0  2829
2 25418  44.9941 158.7128 0004062  13.8893 346.2067 14.39062313426674
1 25418U 98046F   25324.25354621  .00001192  00000-0  42798-3 0  2833
2 25418  44.9951 157.0640 0004060  16.1824 343.9154 14.39062786426725
1 25418U 98046F   25324.25354620  .00001192  00000-0  42798-3 0  9907
2 25418  44.9951 157.0639 0004060  16.1824 343.9154 14.39062786426723
1 25418U 98046F   25324.87834514  .00000979  00000-0  35971-3 0  9929
2 25418  44.9939 154.0963 0003965  19.4108 340.6891 14.39064913426816
1 25418U 98046F   25325.50314396  .00001143  00000-0  41216-3 0  9935
2 25418  44.9951 151.1284 0003943  23.0739 337.0286 14.39066620426906
1 25418U 98046F   25325.50314396  .00001143  00000-0  41216-3 0  2859
2 25418  44.9951 151.1284 0003943  23.0739 337.0286 14.39066620426906
1 25418U 98046F   25326.82216020  .00001123  00000-0  40576-3 0  9943
2 25418  44.9951 144.8632 0003822  30.5247 329.5823 14.39070674427093
1 25418U 98046F   25327.44695601  .00001151  00000-0  41477-3 0  9951
2 25418  44.9951 141.8953 0003771  33.9478 326.1612 14.39072712427186
1 25418U 98046F   25326.82216020  .00001123  00000-0  40576-3 0  2867
2 25418  44.9951 144.8632 0003822  30.5247 329.5823 14.39070674427093
1 25418U 98046F   25327.51637794  .00001112  00000-0  40206-3 0  9965
2 25418  44.9951 141.5655 0003763  34.3858 325.7234 14.39072642427198
1 25418U 98046F   25327.51637794  .00001112  00000-0  40206-3 0  2889
2 25418  44.9951 141.5655 0003763  34.3858 325.7234 14.39072642427198
1 25418U 98046F   25328.48828102  .00001229  00000-0  43951-3 0  9977
2 25418  44.9951 136.9489 0003696  39.8358 320.2762 14.39076082427335
1 25418U 98046F   25328.83538800  .00001355  00000-0  48007-3 0  2902
2 25418  44.9949 135.3002 0003664  42.1137 317.9993 14.39077998427384
1 25418U 98046F   25328.83538800  .00001355  00000-0  48007-3 0  9987
2 25418  44.9949 135.3002 0003664  42.1137 317.9993 14.39077998427384
1 25418U 98046F   25329.46018110  .00001395  00000-0  49290-3 0  9994
2 25418  44.9949 132.3322 0003626  45.7403 314.3742 14.39080093427472
1 25418U 98046F   25329.18249543  .00001390  00000-0  49127-3 0  2918
2 25418  44.9949 133.6513 0003642  44.1456 315.9683 14.39079219427432
1 25418U 98046F   25329.73786626  .00001391  00000-0  49142-3 0    14
2 25418  44.9948 131.0131 0003583  47.2729 312.8421 14.39081021427519
1 25418U 98046F   25330.15439404  .00001382  00000-0  48845-3 0    32
2 25418  44.9949 129.0347 0003589  49.5092 310.6069 14.39082364427571
1 25418U 98046F   25329.73786627  .00001391  00000-0  49142-3 0  2938
2 25418  44.9948 131.0131 0003583  47.2729 312.8421 14.39081021427519
1 25418U 98046F   25330.15439405  .00001382  00000-0  48845-3 0  2945
2 25418  44.9949 129.0347 0003589  49.5092 310.6069 14.39082364427571
1 25418U 98046F   25330.77918498  .00001434  00000-0  50520-3 0    47
2 25418  44.9950 126.0668 0003553  53.3962 306.7213 14.39084689427665
1 25418U 98046F   25330.77918498  .00001434  00000-0  50520-3 0  2959
2 25418  44.9950 126.0668 0003553  53.3962 306.7213 14.39084689427665
1 25418U 98046F   25331.47339641  .00001305  00000-0  46386-3 0  2978
2 25418  44.9950 122.7688 0003507  57.8340 302.2849 14.39086186427769
1 25418U 98046F   25332.09818488  .00001356  00000-0  48032-3 0    73
2 25418  44.9953 119.8013 0003463  61.5351 298.5846 14.39088712427857
1 25418U 98046F   25332.58413124  .00001268  00000-0  45184-3 0  3019
2 25418  44.9953 117.4928 0003411  64.5576 295.5626 14.39089801427922
1 25418U 98046F   25332.72297297  .00001267  00000-0  45154-3 0  3023
2 25418  44.9953 116.8335 0003400  65.1806 294.9396 14.39090238427943
1 25418U 98046F   25333.69486347  .00001275  00000-0  45410-3 0   117
2 25418  44.9956 112.2168 0003367  71.2903 288.8311 14.39093564428088
1 25418U 98046F   25334.38906920  .00001364  00000-0  48264-3 0   128
2 25418  44.9956 108.9191 0003305  75.7902 284.3313 14.39096477428186
1 25418U 98046F   25334.59733080  .00001341  00000-0  47541-3 0  3086
2 25418  44.9958 107.9299 0003327  77.0988 283.0232 14.39097111428215
1 25418U 98046F   25334.73617192  .00001320  00000-0  46860-3 0   130
2 25418  44.9958 107.2705 0003307  78.0176 282.1043 14.39097426428239
1 25418U 98046F   25334.73617193  .00001320  00000-0  46860-3 0  3099
2 25418  44.9958 107.2705 0003307  78.0176 282.1043 14.39097426428239
1 25418U 98046F   25335.08327419  .00001387  00000-0  49005-3 0  3106
2 25418  44.9959 105.6217 0003305  80.0112 280.1110 14.39098996428282
1 25418U 98046F   25335.43037579  .00001534  00000-0  53709-3 0   152
2 25418  44.9959 103.9727 0003283  82.2597 277.8624 14.39101048428337
1 25418U 98046F   25335.63863708  .00001409  00000-0  49720-3 0   165
2 25418  44.9960 102.9835 0003260  83.7080 276.4140 14.39101018428364
1 25418U 98046F   25335.63863709  .00001409  00000-0  49720-3 0  3136
2 25418  44.9960 102.9835 0003260  83.7080 276.4140 14.39101018428364
1 25418U 98046F   25336.05515838  .00001544  00000-0  54037-3 0   178
2 25418  44.9962 101.0054 0003288  85.8452 274.2773 14.39103391428426
1 25418U 98046F   25336.05515839  .00001544  00000-0  54037-3 0  3149
2 25418  44.9962 101.0054 0003288  85.8452 274.2773 14.39103391428426
1 25418U 98046F   25336.40225926  .00001779  00000-0  61534-3 0   184
2 25418  44.9962  99.3564 0003276  88.0756 272.0467 14.39105877428472
1 25418U 98046F   25336.61051911  .00001777  00000-0  61494-3 0   192
2 25418  44.9962  98.3671 0003262  89.5257 270.5965 14.39106803428507
1 25418U 98046F   25336.61051912  .00001777  00000-0  61494-3 0  3174
2 25418  44.9962  98.3671 0003262  89.5257 270.5965 14.39106803428507
1 25418U 98046F   25337.30471952  .00001967  00000-0  67562-3 0  3185
2 25418  44.9963  95.0695 0003249  93.7394 266.3827 14.39110381428609
1 25418U 98046F   25337.37413918  .00001994  00000-0  68421-3 0   205
2 25418  44.9963  94.7397 0003253  94.1784 265.9436 14.39110883428616
1 25418U 98046F   25337.37413918  .00001994  00000-0  68421-3 0  3196
2 25418  44.9963  94.7397 0003253  94.1784 265.9437 14.39110883428617
1 25418U 98046F   25338.34601330  .00002645  00000-0  89253-3 0  3203
2 25418  44.9964  90.1230 0003220 100.1120 260.0092 14.39119242428756
1 25418U 98046F   25338.34601330  .00002645  00000-0  89253-3 0   211
2 25418  44.9964  90.1230 0003220 100.1120 260.0092 14.39119242428756
1 25418U 98046F   25339.31788729  .00002741  00000-0  92316-3 0  3211
2 25418  44.9961  85.5063 0003164 107.1137 253.0058 14.39122909428890
1 25418U 98046F   25339.59556395  .00002748  00000-0  92522-3 0  3231
2 25418  44.9962  84.1876 0003112 108.7468 251.3719 14.39124735428934
1 25418U 98046F   25340.28975475  .00002796  00000-0  94065-3 0  3285
2 25418  44.9965  80.8900 0003201 113.1226 246.9960 14.39129261429038
1 25418U 98046F   25340.63684953  .00002622  00000-0  88475-3 0  3312
2 25418  44.9965  79.2412 0003208 115.2580 244.8601 14.39130818429085
1 25418U 98046F   25340.70626842  .00002615  00000-0  88249-3 0  3325
2 25418  44.9964  78.9115 0003211 115.6529 244.4652 14.39131224429096
1 25418U 98046F   25340.98394378  .00002406  00000-0  81587-3 0  3338
2 25418  44.9965  77.5925 0003213 117.3507 242.7669 14.39132268429131
1 25418U 98046F   25341.95580497  .00002094  00000-0  71594-3 0  3380
2 25418  44.9968  72.9763 0003240 123.4493 236.6666 14.39136978429271
1 25418U 98046F   25342.23347952  .00002477  00000-0  83830-3 0  3391
2 25418  44.9968  71.6572 0003244 125.1880 234.9272 14.39139272429317
1 25418U 98046F   25342.64999005  .00002674  00000-0  90113-3 0  3423
2 25418  44.9968  69.6787 0003229 127.8455 232.2686 14.39142052429378
1 25418U 98046F   25342.64999005  .00002674  00000-0  90113-3 0   307
2 25418  44.9968  69.6787 0003229 127.8455 232.2686 14.39142052429378
1 25418U 98046F   25343.20533661  .00001910  00000-0  65700-3 0   319
2 25418  44.9968  67.0405 0003237 131.5120 228.6006 14.39142543429456
1 25418U 98046F   25343.20533662  .00001910  00000-0  65700-3 0  3436
2 25418  44.9968  67.0405 0003237 131.5120 228.6006 14.39142543429456
1 25418U 98046F   25343.62184599  .00002411  00000-0  81693-3 0  3451
2 25418  44.9968  65.0620 0003268 133.7546 226.3573 14.39146105429512
1 25418U 98046F   25343.62184598  .00002411  00000-0  81693-3 0   323
2 25418  44.9968  65.0620 0003268 133.7546 226.3573 14.39146105429512
1 25418U 98046F   25344.17719066  .00001979  00000-0  67891-3 0   331
2 25418  44.9968  62.4238 0003274 137.3337 222.7766 14.39147581429594
1 25418U 98046F   25344.24660857  .00002150  00000-0  73342-3 0  3470
2 25418  44.9968  62.0940 0003272 137.7687 222.3414 14.39148502429602
1 25418U 98046F   25344.52428049  .00002151  00000-0  73389-3 0   341
2 25418  44.9968  60.7750 0003275 139.4152 220.6941 14.39149879429643
1 25418U 98046F   25344.59369845  .00002153  00000-0  73439-3 0  3493
2 25418  44.9968  60.4453 0003268 139.8406 220.2684 14.39150216429656
1 25418U 98046F   25344.66311634  .00002153  00000-0  73450-3 0   359
2 25418  44.9968  60.1155 0003288 140.1594 219.9497 14.39150586429665
1 25418U 98046F   25344.94078785  .00002021  00000-0  69220-3 0  3512
2 25418  44.9968  58.7964 0003331 141.8649 218.2436 14.39151578429706
1 25418U 98046F   25345.21845926  .00001996  00000-0  68411-3 0   363
2 25418  44.9969  57.4772 0003347 143.4141 216.6937 14.39152788429748
1 25418U 98046F   25345.21845927  .00001996  00000-0  68411-3 0  3525
2 25418  44.9969  57.4772 0003347 143.4141 216.6937 14.39152788429748
1 25418U 98046F   25345.63496546  .00002090  00000-0  71423-3 0  3567
2 25418  44.9969  55.4986 0003374 145.7758 214.3309 14.39155238429800
1 25418U 98046F   25346.19030652  .00002052  00000-0  70204-3 0   382
2 25418  44.9969  52.8604 0003396 149.1765 210.9283 14.39157754429884
1 25418U 98046F   25346.19030652  .00002052  00000-0  70204-3 0  3576
2 25418  44.9969  52.8604 0003396 149.1765 210.9283 14.39157754429884
1 25418U 98046F   25346.88448124  .00001981  00000-0  67943-3 0  3621
2 25418  44.9970  49.5628 0003417 153.3287 206.7738 14.39160928429981
1 25418U 98046F   25347.23156786  .00002061  00000-0  70498-3 0  3642
2 25418  44.9970  47.9139 0003440 155.3885 204.7128 14.39162915430039
1 25418U 98046F   25347.57865472  .00001732  00000-0  59955-3 0  3670
2 25418  44.9970  46.2651 0003430 157.6604 202.4394 14.39163264430086
1 25418U 98046F   25347.85632354  .00001638  00000-0  56976-3 0  3688
2 25418  44.9971  44.9461 0003474 158.9191 201.1801 14.39164362430128
1 25418U 98046F   25348.20340953  .00001590  00000-0  55410-3 0  3701
2 25418  44.9970  43.2972 0003506 160.9139 199.1841 14.39165667430171
1 25418U 98046F   25348.82816382  .00001096  00000-0  39629-3 0  3731
2 25418  44.9971  40.3294 0003523 164.4518 195.6439 14.39166597430263
1 25418U 98046F   25349.17524933  .00001005  00000-0  36722-3 0  3751
2 25418  44.9971  38.6805 0003563 166.3643 193.7303 14.39167433430310
1 25418U 98046F   25349.86942052  .00001126  00000-0  40578-3 0  3773
2 25418  44.9978  35.3830 0003603 169.3439 190.7487 14.39168339430417
1 25418U 98046F   25350.14708847  .00001082  00000-0  39175-3 0  3781
2 25418  44.9978  34.0639 0003622 170.8350 189.2565 14.39169032430455
1 25418U 98046F   25350.49417317  .00001081  00000-0  39150-3 0  3803
2 25418  44.9978  32.4151 0003625 172.7784 187.3118 14.39170206430505
1 25418U 98046F   25351.18834177  .00000984  00000-0  36039-3 0  3823
2 25418  44.9978  29.1173 0003668 176.4958 183.5917 14.39171920430603
1 25418U 98046F   25351.53542575  .00000954  00000-0  35069-3 0  3852
2 25418  44.9977  27.4685 0003689 178.2504 181.8358 14.39172824430650
1 25418U 98046F   25351.81309286  .00000936  00000-0  34493-3 0  3864
2 25418  44.9977  26.1494 0003707 179.7119 180.3733 14.39173534430697
1 25418U 98046F   25352.16017662  .00000904  00000-0  33481-3 0  3880
2 25418  44.9977  24.5005 0003732 181.5124 178.5714 14.39174298430744
1 25418U 98046F   25352.50726002  .00000872  00000-0  32463-3 0  3910
2 25418  44.9978  22.8518 0003756 183.1633 176.9193 14.39175118430794
1 25418U 98046F   25353.13201005  .00000847  00000-0  31653-3 0  3935
2 25418  44.9978  19.8837 0003797 186.3791 173.7009 14.39176523430881
1 25418U 98046F   25353.40967663  .00000788  00000-0  29761-3 0  3946
2 25418  44.9979  18.5648 0003808 187.7693 172.3097 14.39176860430928
1 25418U 98046F   25353.40967662  .00000788  00000-0  29761-3 0   571
2 25418  44.9979  18.5648 0003808 187.7693 172.3097 14.39176860430928
1 25418U 98046F   25354.45092521  .00000792  00000-0  29905-3 0   586
2 25418  44.9979  13.6183 0003874 192.8443 167.2308 14.39179185431079
1 25418U 98046F   25354.45092521  .00000792  00000-0  29905-3 0  3950
2 25418  44.9979  13.6183 0003874 192.8443 167.2308 14.39179185431079
1 25418U 98046F   25355.00625720  .00000764  00000-0  29005-3 0   592
2 25418  44.9979  10.9800 0003907 195.6532 164.4196 14.39180177431158
1 25418U 98046F   25355.00625721  .00000764  00000-0  29005-3 0  3967
2 25418  44.9979  10.9800 0003907 195.6533 164.4196 14.39180177431159
1 25418U 98046F   25355.76983728  .00000890  00000-0  33018-3 0   601
2 25418  44.9979   7.3527 0003990 198.7679 161.3023 14.39182653431260
1 25418U 98046F   25355.76983729  .00000890  00000-0  33018-3 0  3975
2 25418  44.9979   7.3527 0003990 198.7679 161.3023 14.39182653431260
1 25418U 98046F   25356.32516731  .00001057  00000-0  38359-3 0    14
2 25418  44.9979   4.7146 0003971 201.9068 158.1612 14.39184955431340
1 25418U 98046F   25356.39458367  .00001102  00000-0  39802-3 0   623
2 25418  44.9979   4.3849 0003974 202.2371 157.8305 14.39185326431359
1 25418U 98046F   25357.01932964  .00001075  00000-0  38941-3 0  4001
2 25418  44.9979   1.4169 0004010 205.2516 154.8137 14.39186682431444
1 25418U 98046F   25357.71349058  .00001087  00000-0  39331-3 0   647
2 25418  44.9979 358.1192 0004042 208.3629 151.7000 14.39188622431548
1 25418U 98046F   25357.99115490  .00001116  00000-0  40255-3 0  4035
2 25418  44.9979 356.8000 0004060 209.6710 150.3909 14.39189448431580
1 25418U 98046F   25358.06057093  .00001112  00000-0  40112-3 0   650
2 25418  44.9979 356.4702 0004065 209.9545 150.1072 14.39189613431593
1 25418U 98046F   25358.26881863  .00001164  00000-0  41764-3 0  4051
2 25418  44.9978 355.4809 0004089 210.8485 149.2124 14.39190538431628
1 25418U 98046F   25358.68531424  .00001183  00000-0  42387-3 0   679
2 25418  44.9979 353.5024 0004087 212.6890 147.3706 14.39191854431688
1 25418U 98046F   25358.68531424  .00001183  00000-0  42387-3 0  4088
2 25418  44.9979 353.5024 0004087 212.6890 147.3706 14.39191854431688
1 25418U 98046F   25359.03239362  .00001243  00000-0  44305-3 0   685
2 25418  44.9980 351.8534 0004109 214.2601 145.7983 14.39193168431735
1 25418U 98046F   25359.03239363  .00001243  00000-0  44305-3 0  4107
2 25418  44.9980 351.8535 0004109 214.2601 145.7983 14.39193168431736
1 25418U 98046F   25360.00421438  .00001232  00000-0  43939-3 0   692
2 25418  44.9980 347.2365 0004161 218.6492 141.4059 14.39196023431875
1 25418U 98046F   25360.28187706  .00001336  00000-0  47279-3 0  4127
2 25418  44.9980 345.9174 0004168 219.8875 140.1668 14.39197442431916
1 25418U 98046F   25360.35129275  .00001332  00000-0  47151-3 0  4138
2 25418  44.9980 345.5877 0004169 220.1804 139.8737 14.39197630431922
1 25418U 98046F   25360.69837059  .00001369  00000-0  48316-3 0   704
2 25418  44.9981 343.9389 0004190 221.6487 138.4043 14.39198987431976
1 25418U 98046F   25360.69837060  .00001369  00000-0  48316-3 0  4148
2 25418  44.9981 343.9389 0004190 221.6487 138.4043 14.39198987431976
1 25418U 98046F   25361.25369470  .00001493  00000-0  52273-3 0  4152
2 25418  44.9982 341.3007 0004203 224.2064 135.8449 14.39201480432055
1 25418U 98046F   25361.25369470  .00001493  00000-0  52273-3 0   710
2 25418  44.9982 341.3007 0004203 224.2064 135.8449 14.39201480432055
1 25418U 98046F   25362.01726362  .00001653  00000-0  57381-3 0   726
2 25418  44.9981 337.6730 0004233 227.4914 132.5577 14.39205074432168
1 25418U 98046F   25362.29492437  .00001701  00000-0  58919-3 0  4174
2 25418  44.9981 336.3540 0004251 228.5547 131.4937 14.39206446432204
1 25418U 98046F   25362.29492436  .00001701  00000-0  58919-3 0   731
2 25418  44.9981 336.3540 0004251 228.5547 131.4937 14.39206446432204
1 25418U 98046F   25362.64200040  .00001679  00000-0  58211-3 0  4180
2 25418  44.9982 334.7051 0004272 230.0316 130.0158 14.39207628432257
1 25418U 98046F   25362.64200039  .00001679  00000-0  58211-3 0   746
2 25418  44.9982 334.7051 0004272 230.0316 130.0158 14.39207628432257
1 25418U 98046F   25363.96088492  .00002038  00000-0  69681-3 0   753
2 25418  44.9982 328.4393 0004305 235.5820 124.4622 14.39215001432441
1 25418U 98046F   25363.96088492  .00002038  00000-0  69681-3 0  4195
2 25418  44.9982 328.4393 0004305 235.5820 124.4622 14.39215001432441
1 25418U 98046F   25364.30795858  .00002195  00000-0  74687-3 0  4203
2 25418  44.9981 326.7905 0004299 236.9730 123.0706 14.39217431432499
1 25418U 98046F   25364.93268997  .00002334  00000-0  79115-3 0  4218
2 25418  44.9983 323.8224 0004347 239.5942 120.4478 14.39221154432585
1 25418U 98046F   25365.14093455  .00002621  00000-0  88268-3 0   772
2 25418  44.9975 322.8330 0004363 240.3756 119.6658 14.39222183432611
1 25418U 98046F   25365.27976383  .00002603  00000-0  87705-3 0  4269
2 25418  44.9973 322.1734 0004359 240.9375 119.1037 14.39222701432632
1 25418U 98046F   25365.34917830  .00002607  00000-0  87836-3 0   781
2 25418  44.9973 321.8437 0004359 241.2244 118.8167 14.39223081432640
1 25418U 98046F   25365.34917831  .00002607  00000-0  87836-3 0  4270
2 25418  44.9973 321.8437 0004359 241.2245 118.8167 14.39223081432641
