1 28353U 04021B   21365.93761067  .00000234  00000-0  14728-3 0    12\
2 28353  70.9982 199.6219 0006216 218.8918 141.1758 14.14253949906663
1 28353U 04021B   22001.00834041  .00000233  00000-0  14707-3 0    17\
2 28353  70.9982 199.4735 0006221 218.7295 141.3382 14.14253980906678
1 28353U 04021B   22001.78636765  .00000226  00000-0  14338-3 0    17\
2 28353  70.9983 197.8418 0006172 218.1275 141.9411 14.14254353906782
1 28353U 04021B   22002.91804313  .00000212  00000-0  13593-3 0    16\
2 28353  70.9983 195.4682 0006121 216.8852 143.1850 14.14254885906948
1 28353U 04021B   22003.62534000  .00000202  00000-0  13073-3 0    10\
2 28353  70.9984 193.9847 0006086 216.2351 143.8359 14.14255217907046
1 28353U 04021B   21364.80593422  .00000232  00000-0  14618-3 0  8424\
2 28353  70.9982 201.9954 0006277 220.0189 140.0471 14.14253354906512
1 28353U 04021B   22001.00834041  .00000233  00000-0  14707-3 0  8431\
2 28353  70.9982 199.4735 0006221 218.7295 141.3382 14.14253980906689
1 28353U 04021B   22003.90825872  .00000198  00000-0  12886-3 0    16\
2 28353  70.9984 193.3913 0006056 216.3919 143.6792 14.14255341907083
1 28353U 04021B   22002.84731341  .00000216  00000-0  13797-3 0  8443\
2 28353  70.9983 195.6166 0006119 217.1107 142.9592 14.14254871906946
1 28353U 04021B   22004.61555530  .00000185  00000-0  12191-3 0    11\
2 28353  70.9984 191.9078 0006038 215.1870 144.8854 14.14255664907183
1 28353U 04021B   22004.89847388  .00000182  00000-0  12016-3 0    19\
2 28353  70.9985 191.3144 0006022 215.0086 145.0641 14.14255795907220
1 28353U 04021B   22004.96920351  .00000180  00000-0  11927-3 0  8464\
2 28353  70.9985 191.1661 0006018 214.9563 145.1165 14.14255824907242
1 28353U 04021B   22005.60577020  .00000165  00000-0  11111-3 0    18\
2 28353  70.9985 189.8310 0005986 214.4477 145.6258 14.14256078907328
1 28353U 04021B   22005.88868869  .00000161  00000-0  10920-3 0    15\
2 28353  70.9985 189.2376 0005969 214.0948 145.9791 14.14256205907365
1 28353U 04021B   22006.52525518  .00000145  00000-0  10070-3 0  8474\
2 28353  70.9986 187.9024 0005939 213.2830 146.7919 14.14256446907468
1 28353U 04021B   22006.59598478  .00000142  00000-0  99490-4 0    19\
2 28353  70.9986 187.7540 0005935 213.2142 146.8609 14.14256470907465
1 28353U 04021B   22006.87890316  .00000136  00000-0  96195-4 0    18\
2 28353  70.9986 187.1606 0005929 212.9295 147.1459 14.14256568907500
1 28353U 04021B   22007.58619902  .00000115  00000-0  85036-4 0    16\
2 28353  70.9986 185.6772 0005895 212.2799 147.7963 14.14256789907603
1 28353U 04021B   22007.93984692  .00000104  00000-0  79611-4 0  8485\
2 28353  70.9987 184.9355 0005878 212.1164 147.9600 14.14256889907666
1 28353U 04021B   22007.86911735  .00000107  00000-0  81086-4 0    18\
2 28353  70.9987 185.0838 0005882 212.1018 147.9747 14.14256871907648
1 28353U 04021B   22008.57641307  .00000080  00000-0  66799-4 0    16\
2 28353  70.9988 183.6005 0005842 211.4881 148.5892 14.14257028907749
1 28353U 04021B   22008.85933132  .00000069  00000-0  61162-4 0    13\
2 28353  70.9988 183.0071 0005838 211.6248 148.4525 14.14257062907784
1 28353U 04021B   22009.21297914  .00000051  00000-0  51788-4 0  8499\
2 28353  70.9988 182.2654 0005821 211.3788 148.6988 14.14257090907843
1 28353U 04021B   22009.56662685  .00000040  00000-0  45678-4 0    17\
2 28353  70.9988 181.5236 0005819 211.1660 148.9118 14.14257158907882
1 28353U 04021B   22009.92027464  .00000039  00000-0  45530-4 0    12\
2 28353  70.9989 180.7819 0005787 210.4769 149.6018 14.14257300907939
1 28353U 04021B   22010.48611100  .00000021  00000-0  35830-4 0  8506\
2 28353  70.9990 179.5952 0005762 209.8965 150.1829 14.14257380908024
1 28353U 04021B   22010.55684055  .00000019  00000-0  34988-4 0    11\
2 28353  70.9990 179.4469 0005756 209.8146 150.2649 14.14257399908021
1 28353U 04021B   22010.83975876  .00000016  00000-0  33163-4 0    17\
2 28353  70.9990 178.8536 0005730 209.4913 150.5887 14.14257470908060
1 28353U 04021B   22011.47632454  .00000002  00000-0  26132-4 0    13\
2 28353  70.9991 177.5185 0005700 208.9362 151.1445 14.14257590908156
1 28353U 04021B   22011.75924269 -.00000003  00000-0  23163-4 0  8518\
2 28353  70.9991 176.9252 0005690 208.6354 151.4457 14.14257627908203
1 28353U 04021B   22011.90070175 -.00000005  00000-0  22473-4 0    15\
2 28353  70.9992 176.6285 0005677 208.4382 151.6432 14.14257667908211
1 28353U 04021B   22012.60799706 -.00000023  00000-0  13121-4 0    11\
2 28353  70.9993 175.1451 0005640 207.7126 152.3696 14.14257743908315
1 28353U 04021B   22012.89091523 -.00000031  00000-0  84967-5 0  8524\
2 28353  70.9993 174.5518 0005621 207.4435 152.6392 14.14257745908364
1 28353U 04021B   22013.52748101 -.00000050  00000-0 -12505-5 0    13\
2 28353  70.9994 173.2168 0005588 206.8028 153.2806 14.14257761908449
1 28353U 04021B   22013.88112867 -.00000058  00000-0 -52416-5 0    19\
2 28353  70.9994 172.4751 0005570 206.4619 153.6219 14.14257771908499
1 28353U 04021B   22014.44696494 -.00000073  00000-0 -13483-4 0  8537\
2 28353  70.9995 171.2884 0005542 205.8732 154.2113 14.14257759908588
1 28353U 04021B   22014.58842400 -.00000078  00000-0 -15719-4 0    16\
2 28353  70.9995 170.9917 0005535 205.7373 154.3474 14.14257750908596
1 28353U 04021B   22014.87134218 -.00000089  00000-0 -21846-4 0    19\
2 28353  70.9995 170.3984 0005521 205.5864 154.4986 14.14257692908631
1 28353U 04021B   22015.50790799 -.00000108  00000-0 -31834-4 0  8548\
2 28353  70.9996 169.0633 0005493 205.0200 155.0657 14.14257632908732
1 28353U 04021B   22015.57863753 -.00000110  00000-0 -32923-4 0    13\
2 28353  70.9996 168.9150 0005490 204.9651 155.1207 14.14257621908739
1 28353U 04021B   22015.86155571 -.00000116  00000-0 -35690-4 0    17\
2 28353  70.9996 168.3217 0005470 204.6503 155.4359 14.14257608908778
1 28353U 04021B   22016.49812102 -.00000141  00000-0 -48802-4 0    14\
2 28353  71.0012 166.9864 0005451 204.7904 155.2957 14.14258209908866
1 28353U 04021B   22016.85176876 -.00000148  00000-0 -52440-4 0  8552\
2 28353  71.0013 166.2448 0005435 204.5732 155.5132 14.14258132908927
1 28353U 04021B   22016.85176876 -.00000148  00000-0 -52440-4 0    15\
2 28353  71.0013 166.2448 0005435 204.5732 155.5132 14.14258132908916
1 28353U 04021B   22017.55906417 -.00000163  00000-0 -60605-4 0    14\
2 28353  71.0013 164.7614 0005393 203.8008 156.2865 14.14258038909013
1 28353U 04021B   22017.84198238 -.00000163  00000-0 -60600-4 0    15\
2 28353  71.0013 164.1681 0005383 203.6444 156.4432 14.14257993909057
1 28353U 04021B   22018.12490058 -.00000169  00000-0 -63682-4 0  8569\
2 28353  71.0013 163.5748 0005364 203.3877 156.7001 14.14257940909103
1 28353U 04021B   22018.54927794 -.00000179  00000-0 -69027-4 0    19\
2 28353  71.0014 162.6848 0005342 202.9347 157.1537 14.14257841909152
1 28353U 04021B   22018.83219621 -.00000179  00000-0 -68881-4 0    11\
2 28353  71.0014 162.0915 0005325 202.5968 157.4920 14.14257788909190
1 28353U 04021B   22019.53949190 -.00000192  00000-0 -75850-4 0  8578\
2 28353  71.0014 160.6081 0005287 201.8244 158.2654 14.14257617909301
1 28353U 04021B   22019.53949190 -.00000192  00000-0 -75850-4 0    19\
2 28353  71.0014 160.6081 0005287 201.8244 158.2654 14.14257617909299
1 28353U 04021B   22019.68095106 -.00000191  00000-0 -74997-4 0    14\
2 28353  71.0014 160.3115 0005287 201.6283 158.4617 14.14257582909310
1 28353U 04021B   22020.60043570 -.00000206  00000-0 -82967-4 0    19\
2 28353  71.0014 158.3832 0005235 200.5654 159.5259 14.14257303909445
1 28353U 04021B   22020.74189491 -.00000205  00000-0 -82184-4 0  8587\
2 28353  71.0015 158.0866 0005223 200.3103 159.7812 14.14257276909473
1 28353U 04021B   22020.81262451 -.00000206  00000-0 -82809-4 0    18\
2 28353  71.0015 157.9382 0005218 200.2349 159.8567 14.14257253909472
1 28353U 04021B   22021.59065017 -.00000222  00000-0 -91153-4 0    13\
2 28353  71.0015 156.3066 0005178 199.3146 160.7781 14.14256967909584
1 28353U 04021B   22021.80283904 -.00000222  00000-0 -91510-4 0  8592\
2 28353  71.0015 155.8616 0005164 199.0585 161.0345 14.14256895909623
1 28353U 04021B   22021.80283904 -.00000222  00000-0 -91510-4 0    11\
2 28353  71.0015 155.8616 0005164 199.0585 161.0345 14.14256895909612
1 28353U 04021B   22022.58086483 -.00000226  00000-0 -93430-4 0    17\
2 28353  71.0015 154.2299 0005118 198.0282 162.0659 14.14256666909721
1 28353U 04021B   22022.43940557 -.00000226  00000-0 -93383-4 0    19\
2 28353  71.0015 154.5266 0005123 198.1746 161.9194 14.14256727909708
1 28353U 04021B   22023.07597226 -.00000230  00000-0 -95774-4 0  8605\
2 28353  71.0015 153.1916 0005089 197.3595 162.7354 14.14256497909801
1 28353U 04021B   22023.57107974 -.00000243  00000-0 -10216-3 0    15\
2 28353  71.0016 152.1533 0005066 196.7990 163.2965 14.14256278909860
1 28353U 04021B   22023.78326870 -.00000244  00000-0 -10272-3 0    19\
2 28353  71.0016 151.7083 0005052 196.5096 163.5862 14.14256199909899
1 28353U 04021B   22024.49056526 -.00000261  00000-0 -11194-3 0  8613\
2 28353  71.0016 150.2250 0005013 195.5448 164.5521 14.14255897910008
1 28353U 04021B   22024.56129494 -.00000261  00000-0 -11196-3 0    14\
2 28353  71.0016 150.0767 0005009 195.3913 164.7058 14.14255862910008
1 28353U 04021B   22024.77348399 -.00000266  00000-0 -11439-3 0    19\
2 28353  71.0016 149.6317 0004994 195.1796 164.9177 14.14255748910032
1 28353U 04021B   22025.62224014 -.00000281  00000-0 -12236-3 0    14\
2 28353  71.0017 147.8518 0004947 194.0386 166.0600 14.14255371910156
1 28353U 04021B   22025.76369954 -.00000284  00000-0 -12365-3 0  8623\
2 28353  71.0017 147.5551 0004935 193.8431 166.2557 14.14255305910188
1 28353U 04021B   22025.76369954 -.00000284  00000-0 -12365-3 0    18\
2 28353  71.0017 147.5551 0004935 193.8431 166.2557 14.14255305910177
1 28353U 04021B   22026.61245597 -.00000300  00000-0 -13220-3 0    19\
2 28353  71.0017 145.7752 0004892 192.5984 167.5017 14.14254895910292
1 28353U 04021B   22026.75391543 -.00000303  00000-0 -13392-3 0    10\
2 28353  71.0017 145.4786 0004883 192.3908 167.7095 14.14254819910317
1 28353U 04021B   22027.03683431 -.00000310  00000-0 -13759-3 0  8633\
2 28353  71.0017 144.8852 0004864 191.9760 168.1247 14.14254674910362
1 28353U 04021B   22027.60267217 -.00000319  00000-0 -14238-3 0    12\
2 28353  71.0016 143.6986 0004837 191.1763 168.9252 14.14254374910430
1 28353U 04021B   22027.74413167 -.00000319  00000-0 -14233-3 0    19\
2 28353  71.0016 143.4019 0004827 190.8438 169.2580 14.14254319910458
1 28353U 04021B   22028.38069943 -.00000329  00000-0 -14733-3 0  8642\
2 28353  71.0016 142.0669 0004797 189.8138 170.2892 14.14254005910556
1 28353U 04021B   22028.38069943 -.00000329  00000-0 -14733-3 0    15\
2 28353  71.0016 142.0669 0004797 189.8138 170.2892 14.14254005910545
1 28353U 04021B   22028.73434829 -.00000327  00000-0 -14621-3 0    17\
2 28353  71.0015 141.3253 0004777 189.2851 170.8184 14.14253822910590
1 28353U 04021B   22029.58310569 -.00000328  00000-0 -14660-3 0  8657\
2 28353  71.0015 139.5453 0004735 187.9346 172.1702 14.14253398910723
1 28353U 04021B   22029.58310569 -.00000328  00000-0 -14660-3 0    19\
2 28353  71.0015 139.5453 0004735 187.9346 172.1702 14.14253398910712
1 28353U 04021B   22029.72456528 -.00000322  00000-0 -14377-3 0    10\
2 28353  71.0014 139.2487 0004725 187.6579 172.4472 14.14253357910733
1 28353U 04021B   22030.57332310 -.00000320  00000-0 -14270-3 0    17\
2 28353  71.0013 137.4686 0004680 186.1520 173.9545 14.14252904910850
1 28353U 04021B   22030.71478278 -.00000320  00000-0 -14274-3 0  8660\
2 28353  71.0013 137.1720 0004670 185.9418 174.1649 14.14252819910884
1 28353U 04021B   22030.71478278 -.00000320  00000-0 -14274-3 0    11\
2 28353  71.0013 137.1720 0004670 185.9418 174.1649 14.14252819910873
1 28353U 04021B   22031.56354093 -.00000309  00000-0 -13677-3 0    16\
2 28353  71.0012 135.3920 0004626 184.4418 175.6664 14.14252392910991
1 28353U 04021B   22031.70500066 -.00000305  00000-0 -13470-3 0    12\
2 28353  71.0012 135.0953 0004616 184.1589 175.9495 14.14252332911012
1 28353U 04021B   22032.48302923 -.00000293  00000-0 -12842-3 0  8678\
2 28353  71.0011 133.4636 0004584 182.8157 177.2940 14.14251947911135
1 28353U 04021B   22032.55375913 -.00000292  00000-0 -12808-3 0    16\
2 28353  71.0010 133.3153 0004579 182.6904 177.4195 14.14251900911132
1 28353U 04021B   22032.69521892 -.00000287  00000-0 -12513-3 0    17\
2 28353  71.0010 133.0185 0004563 182.4204 177.6897 14.14251842911156
1 28353U 04021B   22033.61470761 -.00000269  00000-0 -11573-3 0    13\
2 28353  71.0009 131.0902 0004522 180.7614 179.3502 14.14251406911282
1 28353U 04021B   22033.68543753 -.00000268  00000-0 -11558-3 0  8685\
2 28353  71.0009 130.9419 0004518 180.6652 179.4465 14.14251363911303
1 28353U 04021B   22033.68543753 -.00000268  00000-0 -11558-3 0    14\
2 28353  71.0009 130.9419 0004518 180.6652 179.4465 14.14251363911291
1 28353U 04021B   22034.53419658 -.00000251  00000-0 -10647-3 0    15\
2 28353  71.0008 129.1618 0004482 179.1252 180.9879 14.14250987911411
1 28353U 04021B   22035.24149590 -.00000221  00000-0 -90961-4 0  8696\
2 28353  71.0007 127.6785 0004448 177.7968 182.3175 14.14250810911520
1 28353U 04021B   22035.59514564 -.00000213  00000-0 -86443-4 0    10\
2 28353  71.0007 126.9368 0004432 177.1364 182.9784 14.14250658911562
1 28353U 04021B   22035.66587559 -.00000209  00000-0 -84705-4 0    16\
2 28353  71.0007 126.7884 0004425 176.9885 183.1265 14.14250644911573
1 28353U 04021B   22036.51463503 -.00000187  00000-0 -72939-4 0  8708\
2 28353  71.0007 125.0084 0004394 175.3384 184.7780 14.14250397911708
1 28353U 04021B   22036.51463503 -.00000187  00000-0 -72939-4 0    14\
2 28353  71.0007 125.0084 0004394 175.3384 184.7780 14.14250397911696
1 28353U 04021B   22037.57558456 -.00000160  00000-0 -58713-4 0    18\
2 28353  71.0005 122.7833 0004350 173.1252 186.9930 14.14250130911845
1 28353U 04021B   22037.64631453 -.00000157  00000-0 -57448-4 0  8710\
2 28353  71.0005 122.6350 0004347 172.9648 187.1536 14.14250120911866
1 28353U 04021B   22037.64631453 -.00000157  00000-0 -57448-4 0    15\
2 28353  71.0005 122.6350 0004347 172.9648 187.1536 14.14250120911855
1 28353U 04021B   22038.56580428 -.00000135  00000-0 -45736-4 0    15\
2 28353  71.0004 120.7065 0004317 171.0049 189.1151 14.14249933911987
1 28353U 04021B   22038.63653428 -.00000134  00000-0 -45157-4 0    10\
2 28353  71.0004 120.5582 0004314 170.8637 189.2565 14.14249914911996
1 28353U 04021B   22039.20237415 -.00000118  00000-0 -36867-4 0  8724\
2 28353  71.0003 119.3715 0004296 169.6631 190.4581 14.14249859912089
1 28353U 04021B   22039.55602412 -.00000108  00000-0 -31562-4 0    15\
2 28353  71.0003 118.6298 0004280 168.9768 191.1449 14.14249791912124
1 28353U 04021B   22039.90967409 -.00000101  00000-0 -27738-4 0    17\
2 28353  71.0003 117.8880 0004263 168.2213 191.9010 14.14249745912177
1 28353U 04021B   22040.47551406 -.00000082  00000-0 -18024-4 0  8730\
2 28353  71.0002 116.7013 0004248 167.0958 193.0273 14.14249703912266
1 28353U 04021B   22040.54624407 -.00000079  00000-0 -16709-4 0    17\
2 28353  71.0002 116.5530 0004243 166.9443 193.1790 14.14249693912263
1 28353U 04021B   22041.53646404 -.00000043  00000-0  23095-5 0  8743\
2 28353  71.0001 114.4761 0004202 164.9450 195.1798 14.14249684912413
1 28353U 04021B   22041.89011403 -.00000026  00000-0  11332-4 0    10\
2 28353  71.0000 113.7343 0004183 164.1708 195.9546 14.14249724912454
1 28353U 04021B   22042.59741398  .00000004  00000-0  27053-4 0    13\
2 28353  70.9999 112.2509 0004155 162.7937 197.3327 14.14249783912553
1 28353U 04021B   22042.59741398  .00000004  00000-0  27053-4 0  8752\
2 28353  70.9999 112.2509 0004155 162.7937 197.3327 14.14249783912564
1 28353U 04021B   22043.51690388  .00000042  00000-0  47099-4 0    12\
2 28353  70.9999 110.3223 0004111 160.9886 199.1391 14.14249903912689
1 28353U 04021B   22043.87055382  .00000058  00000-0  55359-4 0  8765\
2 28353  70.9998 109.5805 0004090 160.2432 199.8850 14.14249977912745
1 28353U 04021B   22043.87055382  .00000058  00000-0  55359-4 0    15\
2 28353  70.9998 109.5805 0004090 160.2432 199.8850 14.14249977912734
1 28353U 04021B   22044.57785361  .00000091  00000-0  72422-4 0    17\
2 28353  70.9997 108.0970 0004057 158.8941 201.2350 14.14250151912831
1 28353U 04021B   22045.21442329  .00000117  00000-0  85962-4 0  8776\
2 28353  70.9996 106.7618 0004026 157.6313 202.4985 14.14250363912933
1 28353U 04021B   22045.56807312  .00000136  00000-0  96374-4 0    10\
2 28353  70.9996 106.0200 0004005 156.8958 203.2345 14.14250475912973
1 28353U 04021B   22046.55829237  .00000174  00000-0  11620-3 0  8784\
2 28353  70.9995 103.9430 0003965 154.8477 205.2838 14.14250857913122
1 28353U 04021B   22046.84121209  .00000183  00000-0  12072-3 0    10\
2 28353  70.9995 103.3496 0003947 154.2364 205.8956 14.14250976913159
1 28353U 04021B   22047.54851126  .00000214  00000-0  13674-3 0    10\
2 28353  70.9995 101.8660 0003917 152.8179 207.3149 14.14251339913256
1 28353U 04021B   22047.90216078  .00000224  00000-0  14232-3 0    13\
2 28353  70.9995 101.1242 0003896 152.0637 208.0695 14.14251518913301
1 28353U 04021B   22047.90216078  .00000224  00000-0  14232-3 0  8796\
2 28353  70.9995 101.1242 0003896 152.0637 208.0695 14.14251518913312
1 28353U 04021B   22048.53872975  .00000244  00000-0  15289-3 0    12\
2 28353  70.9995  99.7890 0003870 150.7516 209.3824 14.14251871913394
1 28353U 04021B   22048.89237912  .00000249  00000-0  15509-3 0    17\
2 28353  70.9995  99.0471 0003854 149.9982 210.1362 14.14252049913442
1 28353U 04021B   22049.17529854  .00000252  00000-0  15696-3 0  8804\
2 28353  70.9995  98.4537 0003847 149.4419 210.6928 14.14252222913491
1 28353U 04021B   22049.52894781  .00000265  00000-0  16351-3 0    15\
2 28353  70.9995  97.7120 0003822 148.7537 211.3813 14.14252434913538
1 28353U 04021B   22049.88259699  .00000272  00000-0  16724-3 0    19\
2 28353  70.9995  96.9701 0003801 147.9839 212.1515 14.14252656913586
1 28353U 04021B   22050.44843556  .00000285  00000-0  17407-3 0  8813\
2 28353  70.9995  95.7833 0003774 146.8894 213.2465 14.14253028913677
1 28353U 04021B   22050.51916537  .00000288  00000-0  17585-3 0    15\
2 28353  70.9995  95.6349 0003772 146.7173 213.4187 14.14253088913674
1 28353U 04021B   22050.87281438  .00000293  00000-0  17839-3 0    17\
2 28353  70.9995  94.8931 0003749 145.9454 214.1909 14.14253324913728
1 28353U 04021B   22051.50938240  .00000305  00000-0  18454-3 0  8823\
2 28353  70.9996  93.5579 0003709 144.6991 215.4377 14.14253778913828
1 28353U 04021B   22051.50938240  .00000305  00000-0  18454-3 0    16\
2 28353  70.9996  93.5579 0003709 144.6991 215.4377 14.14253778913817
1 28353U 04021B   22052.57032867  .00000314  00000-0  18929-3 0  8839\
2 28353  70.9996  91.3325 0003638 142.5278 217.6098 14.14254513913977
1 28353U 04021B   22052.57032867  .00000314  00000-0  18929-3 0    11\
2 28353  70.9996  91.3325 0003638 142.5278 217.6098 14.14254513913966
1 28353U 04021B   22053.56054463  .00000321  00000-0  19295-3 0    12\
2 28353  70.9997  89.2553 0003583 140.4519 219.6865 14.14255232914100
1 28353U 04021B   22053.84346339  .00000321  00000-0  19318-3 0    15\
2 28353  70.9997  88.6619 0003571 139.8062 220.3324 14.14255440914142
1 28353U 04021B   22054.12638207  .00000321  00000-0  19276-3 0  8847\
2 28353  70.9997  88.0684 0003555 139.2412 220.8977 14.14255663914194
1 28353U 04021B   22054.55076005  .00000326  00000-0  19543-3 0    19\
2 28353  70.9997  87.1782 0003530 138.3609 221.7782 14.14255973914248
1 28353U 04021B   22054.83367863  .00000329  00000-0  19700-3 0    13\
2 28353  70.9998  86.5847 0003514 137.7069 222.4324 14.14256200914287
1 28353U 04021B   22055.25805640  .00000328  00000-0  19656-3 0  8859\
2 28353  70.9998  85.6945 0003488 136.8716 223.2680 14.14256522914354
1 28353U 04021B   22055.54097489  .00000331  00000-0  19820-3 0    12\
2 28353  70.9998  85.1010 0003469 136.2550 223.8847 14.14256739914385
1 28353U 04021B   22056.46045959  .00000330  00000-0  19785-3 0  8869\
2 28353  70.9999  83.1723 0003399 134.2168 225.9234 14.14257433914521
1 28353U 04021B   22056.46045959  .00000330  00000-0  19785-3 0    18\
2 28353  70.9999  83.1723 0003399 134.2168 225.9234 14.14257433914510
1 28353U 04021B   22056.53118917  .00000331  00000-0  19823-3 0    15\
2 28353  70.9999  83.0239 0003394 134.0735 226.0667 14.14257491914521
1 28353U 04021B   22057.45067338  .00000323  00000-0  19408-3 0    17\
2 28353  71.0000  81.0953 0003319 132.0284 228.1122 14.14258161914659
1 28353U 04021B   22057.80432099  .00000320  00000-0  19270-3 0  8872\
2 28353  71.0000  80.3534 0003300 131.2291 228.9116 14.14258433914715
1 28353U 04021B   22057.80432099  .00000320  00000-0  19270-3 0    10\
2 28353  71.0000  80.3534 0003300 131.2291 228.9116 14.14258433914704
1 28353U 04021B   22058.51161610  .00000308  00000-0  18624-3 0    15\
2 28353  71.0001  78.8697 0003252 129.6172 230.5238 14.14258906914802
1 28353U 04021B   22058.79453403  .00000302  00000-0  18296-3 0    18\
2 28353  71.0001  78.2762 0003237 128.9653 231.1758 14.14259101914844
1 28353U 04021B   22059.21891088  .00000290  00000-0  17663-3 0  8887\
2 28353  71.0002  77.3861 0003197 127.8671 232.2741 14.14259372914910
1 28353U 04021B   22059.50182872  .00000288  00000-0  17548-3 0    19\
2 28353  71.0002  76.7926 0003180 127.2529 232.8884 14.14259577914947
1 28353U 04021B   22059.78474651  .00000280  00000-0  17144-3 0    12\
2 28353  71.0003  76.1992 0003163 126.5881 233.5532 14.14259766914981
1 28353U 04021B   22060.49204083  .00000260  00000-0  16080-3 0  8892\
2 28353  71.0004  74.7156 0003111 124.9173 235.2242 14.14260202915094
1 28353U 04021B   22060.49204083  .00000260  00000-0  16080-3 0    18\
2 28353  71.0004  74.7156 0003111 124.9173 235.2242 14.14260202915083
1 28353U 04021B   22061.48225248  .00000225  00000-0  14289-3 0    14\
2 28353  71.0005  72.6385 0003046 122.5856 237.5560 14.14260772915220
1 28353U 04021B   22061.76516999  .00000211  00000-0  13522-3 0  8901\
2 28353  71.0005  72.0450 0003031 122.0056 238.1361 14.14260915915278
1 28353U 04021B   22061.76516999  .00000211  00000-0  13522-3 0    15\
2 28353  71.0005  72.0450 0003031 122.0056 238.1361 14.14260915915267
1 28353U 04021B   22062.47246371  .00000192  00000-0  12529-3 0    12\
2 28353  71.0006  70.5614 0002985 120.2744 239.8674 14.14261301915360
1 28353U 04021B   22063.10902787  .00000162  00000-0  10957-3 0  8910\
2 28353  71.0007  69.2262 0002944 118.6074 241.5345 14.14261591915464
1 28353U 04021B   22063.46267468  .00000149  00000-0  10303-3 0    12\
2 28353  71.0008  68.4845 0002914 117.5674 242.5744 14.14261707915502
1 28353U 04021B   22063.74559201  .00000131  00000-0  93712-4 0    19\
2 28353  71.0008  67.8910 0002898 116.9133 243.2285 14.14261795915541
1 28353U 04021B   22064.24069732  .00000122  00000-0  88769-4 0  8924\
2 28353  71.0009  66.8525 0002868 115.5850 244.5568 14.14262023915623
1 28353U 04021B   22064.45288533  .00000110  00000-0  82512-4 0    18\
2 28353  71.0009  66.4075 0002851 115.0445 245.0974 14.14262062915648
1 28353U 04021B   22064.73580262  .00000099  00000-0  76604-4 0    14\
2 28353  71.0010  65.8140 0002830 114.1797 245.9621 14.14262152915685
1 28353U 04021B   22065.44309579  .00000081  00000-0  67118-4 0  8933\
2 28353  71.0011  64.3305 0002786 112.2268 247.9150 14.14262379915797
1 28353U 04021B   22065.44309579  .00000081  00000-0  67118-4 0    14\
2 28353  71.0011  64.3305 0002786 112.2268 247.9150 14.14262379915786
1 28353U 04021B   22065.72601305  .00000067  00000-0  59809-4 0    19\
2 28353  71.0012  63.7371 0002769 111.3334 248.8084 14.14262426915822
1 28353U 04021B   22066.43330609  .00000049  00000-0  50429-4 0    13\
2 28353  71.0013  62.2535 0002731 109.3046 250.8372 14.14262599915920
1 28353U 04021B   22066.71622329  .00000039  00000-0  45233-4 0  8943\
2 28353  71.0013  61.6601 0002714 108.4348 251.7069 14.14262648915976
1 28353U 04021B   22066.71622329  .00000039  00000-0  45233-4 0    13\
2 28353  71.0013  61.6601 0002714 108.4348 251.7069 14.14262648915965
1 28353U 04021B   22067.42351618  .00000031  00000-0  41082-4 0    12\
2 28353  71.0014  60.1765 0002678 106.4267 253.7150 14.14262838916064
1 28353U 04021B   22067.70643333  .00000024  00000-0  37223-4 0    15\
2 28353  71.0015  59.5831 0002663 105.5491 254.5925 14.14262885916100
1 28353U 04021B   22068.13080901  .00000013  00000-0  31906-4 0  8950\
2 28353  71.0015  58.6930 0002644 104.3698 255.7718 14.14262959916177
1 28353U 04021B   22068.41372616  .00000019  00000-0  34609-4 0    16\
2 28353  71.0016  58.0996 0002628 103.5314 256.6102 14.14263043916208
1 28353U 04021B   22068.69664327  .00000007  00000-0  28701-4 0    12\
2 28353  71.0016  57.5062 0002611 102.6780 257.4634 14.14263060916247
1 28353U 04021B   22069.19174820 -.00000002  00000-0  23891-4 0  8965\
2 28353  71.0017  56.4677 0002587 101.3757 258.7656 14.14263123916327
1 28353U 04021B   22069.40393606 -.00000007  00000-0  21258-4 0    12\
2 28353  71.0017  56.0227 0002574 100.7681 259.3731 14.14263128916347
1 28353U 04021B   22069.68685317 -.00000017  00000-0  15827-4 0    11\
2 28353  71.0018  55.4293 0002564  99.8343 260.3068 14.14263134916382
1 28353U 04021B   22070.39414595 -.00000034  00000-0  68856-5 0  8972\
2 28353  71.0019  53.9458 0002530  97.7784 262.3626 14.14263148916497
1 28353U 04021B   22070.39414595 -.00000034  00000-0  68856-5 0    19\
2 28353  71.0019  53.9458 0002530  97.7784 262.3626 14.14263148916486
1 28353U 04021B   22070.67706305 -.00000042  00000-0  30199-5 0    11\
2 28353  71.0019  53.3524 0002523  96.8430 263.2979 14.14263157916520
1 28353U 04021B   22071.38435584 -.00000055  00000-0 -37857-5 0    11\
2 28353  71.0020  51.8690 0002501  94.6883 265.4524 14.14263165916623
1 28353U 04021B   22071.66727296 -.00000066  00000-0 -97534-5 0  8980\
2 28353  71.0021  51.2756 0002495  93.7244 266.4163 14.14263131916672
1 28353U 04021B   22071.87946082 -.00000079  00000-0 -16382-4 0    10\
2 28353  71.0021  50.8306 0002493  93.1058 267.0349 14.14263081916692
1 28353U 04021B   22072.37456576 -.00000082  00000-0 -18284-4 0    17\
2 28353  71.0022  49.7922 0002479  91.6282 268.5124 14.14263085916769
1 28353U 04021B   22072.86967072 -.00000092  00000-0 -23227-4 0  8998\
2 28353  71.0023  48.7538 0002471  90.0384 270.1021 14.14263074916842
1 28353U 04021B   22072.94040001 -.00000096  00000-0 -25519-4 0    16\
2 28353  71.0023  48.6055 0002476  89.8199 270.3207 14.14263058916840
1 28353U 04021B   22073.36477573 -.00000105  00000-0 -30237-4 0    15\
2 28353  71.0023  47.7154 0002468  88.4887 271.6518 14.14262997916907
1 28353U 04021B   22073.93061006 -.00000128  00000-0 -42360-4 0  9001\
2 28353  71.0024  46.5287 0002469  86.7204 273.4200 14.14262885916990
1 28353U 04021B   22074.00133935 -.00000129  00000-0 -42665-4 0    12\
2 28353  71.0024  46.3804 0002476  86.5347 273.6059 14.14262879916994
1 28353U 04021B   22074.63790302 -.00000147  00000-0 -51935-4 0    18\
2 28353  71.0025  45.0453 0002477  84.5386 275.6018 14.14262748917086
1 28353U 04021B   22075.20373735 -.00000160  00000-0 -58864-4 0  9011\
2 28353  71.0026  43.8586 0002463  83.0547 277.0856 14.14262646917171
1 28353U 04021B   22075.34519597 -.00000165  00000-0 -61463-4 0    19\
2 28353  71.0026  43.5619 0002462  82.6077 277.5325 14.14262606917180
1 28353U 04021B   22075.62811320 -.00000175  00000-0 -66764-4 0    19\
2 28353  71.0027  42.9686 0002464  81.6911 278.4490 14.14262529917228
1 28353U 04021B   22076.33540634 -.00000191  00000-0 -75302-4 0  9021\
2 28353  71.0027  41.4852 0002468  79.6591 280.4809 14.14262346917338
1 28353U 04021B   22076.33540634 -.00000191  00000-0 -75302-4 0    11\
2 28353  71.0027  41.4852 0002468  79.6591 280.4809 14.14262346917327
1 28353U 04021B   22077.32561692 -.00000217  00000-0 -88553-4 0    19\
2 28353  71.0029  39.4085 0002470  76.8777 283.2621 14.14262030917460
1 28353U 04021B   22077.89145163 -.00000229  00000-0 -95175-4 0    13\
2 28353  71.0029  38.2218 0002479  75.3278 284.8119 14.14261857917548
1 28353U 04021B   22078.03291031 -.00000233  00000-0 -96975-4 0  9031\
2 28353  71.0030  37.9251 0002478  74.9670 285.1726 14.14261800917572
1 28353U 04021B   22078.31582777 -.00000236  00000-0 -98668-4 0    15\
2 28353  71.0030  37.3318 0002483  74.1464 285.9932 14.14261680917606
1 28353U 04021B   22078.88166265 -.00000247  00000-0 -10444-3 0    14\
2 28353  71.0030  36.1451 0002500  72.5268 287.6127 14.14261488917684
1 28353U 04021B   22079.23530954 -.00000253  00000-0 -10732-3 0  9043\
2 28353  71.0031  35.4035 0002504  71.5533 288.5862 14.14261317917747
1 28353U 04021B   22079.58895645 -.00000258  00000-0 -11031-3 0    18\
2 28353  71.0031  34.6617 0002515  70.4867 289.6527 14.14261173917788
1 28353U 04021B   22079.87187399 -.00000263  00000-0 -11282-3 0    14\
2 28353  71.0031  34.0684 0002523  69.8879 290.2515 14.14261061917826
1 28353U 04021B   22080.29625034 -.00000261  00000-0 -11194-3 0  9058\
2 28353  71.0032  33.1784 0002534  68.8037 291.3356 14.14260902917890
1 28353U 04021B   22080.29625034 -.00000261  00000-0 -11194-3 0    15\
2 28353  71.0032  33.1784 0002534  68.8037 291.3356 14.14260902917889
1 28353U 04021B   22080.86208553 -.00000264  00000-0 -11323-3 0    18\
2 28353  71.0032  31.9917 0002550  67.3864 292.7528 14.14260703917967
1 28353U 04021B   22081.56937971 -.00000262  00000-0 -11223-3 0    16\
2 28353  71.0033  30.5084 0002571  65.4314 294.7076 14.14260422918060
1 28353U 04021B   22081.85229747 -.00000267  00000-0 -11510-3 0  9061\
2 28353  71.0032  29.9150 0002599  64.9813 295.1579 14.14260290918115
1 28353U 04021B   22081.85229747 -.00000267  00000-0 -11510-3 0    17\
2 28353  71.0032  29.9150 0002599  64.9813 295.1579 14.14260290918104
1 28353U 04021B   22082.55959189 -.00000266  00000-0 -11448-3 0    14\
2 28353  71.0033  28.4318 0002626  63.4161 296.7230 14.14259988918200
1 28353U 04021B   22082.91323923 -.00000274  00000-0 -11852-3 0    13\
2 28353  71.0033  27.6901 0002654  62.8790 297.2603 14.14259803918252
1 28353U 04021B   22083.19615709 -.00000273  00000-0 -11822-3 0  9071\
2 28353  71.0034  27.0969 0002658  62.1982 297.9409 14.14259654918302
1 28353U 04021B   22083.54980444 -.00000275  00000-0 -11931-3 0    19\
2 28353  71.0034  26.3553 0002682  61.5177 298.6215 14.14259502918348
1 28353U 04021B   22083.90345183 -.00000275  00000-0 -11934-3 0    17\
2 28353  71.0034  25.6136 0002701  60.9238 299.2154 14.14259364918390
1 28353U 04021B   22084.25709933 -.00000274  00000-0 -11874-3 0  9081\
2 28353  71.0034  24.8720 0002720  60.1643 299.9749 14.14259174918456
1 28353U 04021B   22084.25709933 -.00000274  00000-0 -11874-3 0    15\
2 28353  71.0034  24.8720 0002720  60.1643 299.9749 14.14259174918445
1 28353U 04021B   22084.89366477 -.00000277  00000-0 -12019-3 0    12\
2 28353  71.0034  23.5371 0002749  58.9247 301.2144 14.14258908918539
1 28353U 04021B   22085.53023044 -.00000276  00000-0 -11946-3 0  9098\
2 28353  71.0035  22.2021 0002780  57.4218 302.7172 14.14258596918636
1 28353U 04021B   22085.53023044 -.00000276  00000-0 -11946-3 0    11\
2 28353  71.0035  22.2021 0002780  57.4218 302.7172 14.14258596918625
1 28353U 04021B   22085.88387798 -.00000278  00000-0 -12044-3 0    10\
2 28353  71.0035  21.4605 0002784  56.8616 303.2773 14.14258455918675
1 28353U 04021B   22086.52044387 -.00000272  00000-0 -11779-3 0    14\
2 28353  71.0035  20.1256 0002814  55.4970 304.6418 14.14258150918768
1 28353U 04021B   22086.87409158 -.00000268  00000-0 -11519-3 0  9109\
2 28353  71.0035  19.3840 0002825  55.0044 305.1343 14.14258033918827
1 28353U 04021B   22086.87409158 -.00000268  00000-0 -11519-3 0    10\
2 28353  71.0035  19.3840 0002825  55.0044 305.1343 14.14258033918816
1 28353U 04021B   22087.51065769 -.00000262  00000-0 -11239-3 0    11\
2 28353  71.0035  18.0490 0002861  53.5702 306.5683 14.14257729918900
1 28353U 04021B   22087.93503519 -.00000261  00000-0 -11190-3 0    12\
2 28353  71.0035  17.1590 0002887  52.9578 307.1808 14.14257530918965
1 28353U 04021B   22088.14722396 -.00000248  00000-0 -10481-3 0  9119\
2 28353  71.0035  16.7141 0002899  52.5411 307.5974 14.14257477919001
1 28353U 04021B   22088.50087185 -.00000242  00000-0 -10178-3 0    16\
2 28353  71.0034  15.9723 0002919  51.5897 308.5487 14.14257354919045
1 28353U 04021B   22088.92524937 -.00000229  00000-0 -95146-4 0    17\
2 28353  71.0034  15.0823 0002938  50.8082 309.3301 14.14257243919104
1 28353U 04021B   22089.49108625 -.00000203  00000-0 -81654-4 0  9124\
2 28353  71.0034  13.8956 0002973  49.7798 310.3584 14.14257095919196
1 28353U 04021B   22089.49108625 -.00000203  00000-0 -81654-4 0    13\
2 28353  71.0034  13.8956 0002973  49.7798 310.3584 14.14257095919185
1 28353U 04021B   22089.91546384 -.00000187  00000-0 -73208-4 0    15\
2 28353  71.0034  13.0057 0002988  48.9867 311.1513 14.14257017919245
1 28353U 04021B   22090.48130083 -.00000163  00000-0 -60239-4 0    18\
2 28353  71.0034  11.8190 0003023  47.9268 312.2111 14.14256884919320
1 28353U 04021B   22090.83494898 -.00000160  00000-0 -58857-4 0  9136\
2 28353  71.0034  11.0773 0003040  47.4238 312.7141 14.14256763919380
1 28353U 04021B   22091.47151571 -.00000138  00000-0 -47416-4 0    17\
2 28353  71.0033   9.7424 0003075  46.2286 313.9090 14.14256595919462
1 28353U 04021B   22091.89589356 -.00000127  00000-0 -41461-4 0    11\
2 28353  71.0033   8.8522 0003109  45.4085 314.7290 14.14256513919525
1 28353U 04021B   22092.17881220 -.00000116  00000-0 -35754-4 0  9147\
2 28353  71.0033   8.2589 0003124  44.9017 315.2357 14.14256437919578
1 28353U 04021B   22092.88610863 -.00000092  00000-0 -23198-4 0    17\
2 28353  71.0032   6.7755 0003169  43.8795 316.2578 14.14256373919660
1 28353U 04021B   22093.45194583 -.00000067  00000-0 -10189-4 0  9159\
2 28353  71.0032   5.5889 0003210  42.9557 317.1816 14.14256339919755
1 28353U 04021B   22093.87632368 -.00000059  00000-0 -59391-5 0    19\
2 28353  71.0032   4.6989 0003227  42.2103 317.9267 14.14256308919804
1 28353U 04021B   22094.44216092 -.00000038  00000-0  50831-5 0    11\
2 28353  71.0032   3.5122 0003260  41.2136 318.9232 14.14256282919885
1 28353U 04021B   22094.86653881 -.00000026  00000-0  11195-4 0  9169\
2 28353  71.0032   2.6223 0003284  40.7911 319.3457 14.14256293919952
1 28353U 04021B   22094.86653881 -.00000026  00000-0  11195-4 0    14\
2 28353  71.0032   2.6223 0003284  40.7911 319.3457 14.14256293919941
1 28353U 04021B   22095.43237600  .00000001  00000-0  25611-4 0    15\
2 28353  71.0032   1.4357 0003322  39.9387 320.1979 14.14256359920029
1 28353U 04021B   22095.85675382  .00000011  00000-0  30668-4 0    13\
2 28353  71.0031   0.5457 0003337  39.3040 320.8324 14.14256399920086
1 28353U 04021B   22096.13967247  .00000016  00000-0  33519-4 0  9178\
2 28353  71.0031 359.9524 0003360  38.8688 321.2675 14.14256388920138
1 28353U 04021B   22096.42259107  .00000025  00000-0  37744-4 0    17\
2 28353  71.0031 359.3590 0003385  38.4383 321.6980 14.14256421920164
1 28353U 04021B   22096.91769846  .00000034  00000-0  42615-4 0    10\
2 28353  71.0030 358.3207 0003397  37.4473 322.6885 14.14256470920236
1 28353U 04021B   22097.41280589  .00000056  00000-0  54490-4 0    16\
2 28353  71.0030 357.2824 0003427  36.5424 323.5931 14.14256589920300
1 28353U 04021B   22097.69572434  .00000069  00000-0  61116-4 0  9183\
2 28353  71.0029 356.6891 0003440  36.0712 324.0642 14.14256701920351
1 28353U 04021B   22097.90791322  .00000071  00000-0  61914-4 0    18\
2 28353  71.0030 356.2441 0003450  35.4815 324.6536 14.14256706920373
1 28353U 04021B   22098.40302055  .00000092  00000-0  73172-4 0    17\
2 28353  71.0029 355.2056 0003485  34.6123 325.5225 14.14256857920443
1 28353U 04021B   22098.82739824  .00000098  00000-0  76173-4 0  9199\
2 28353  71.0029 354.3156 0003503  34.0397 326.0950 14.14256947920511
1 28353U 04021B   22098.89812783  .00000102  00000-0  78313-4 0    18\
2 28353  71.0029 354.1673 0003507  33.7898 326.3447 14.14256969920517
1 28353U 04021B   22099.39323508  .00000125  00000-0  90250-4 0    15\
2 28353  71.0028 353.1288 0003545  32.9385 327.1958 14.14257158920585
1 28353U 04021B   22099.88834225  .00000137  00000-0  96543-4 0  9206\
2 28353  71.0028 352.0905 0003568  32.2925 327.8415 14.14257314920665
1 28353U 04021B   22099.88834225  .00000137  00000-0  96543-4 0    16\
2 28353  71.0028 352.0905 0003568  32.2925 327.8415 14.14257314920654
1 28353U 04021B   22100.38344940  .00000155  00000-0  10598-3 0    19\
2 28353  71.0027 351.0520 0003605  31.5110 328.6228 14.14257501920722
1 28353U 04021B   22100.87855636  .00000172  00000-0  11506-3 0    11\
2 28353  71.0027 350.0137 0003626  30.5051 329.6281 14.14257730920792
1 28353U 04021B   22101.09074509  .00000183  00000-0  12065-3 0  9212\
2 28353  71.0027 349.5687 0003650  30.0093 330.1238 14.14257834920832
1 28353U 04021B   22101.37366330  .00000195  00000-0  12705-3 0    12\
2 28353  71.0026 348.9752 0003669  29.3970 330.7358 14.14257984920860
1 28353U 04021B   22101.86877015  .00000209  00000-0  13413-3 0    16\
2 28353  71.0026 347.9368 0003689  28.7208 331.4117 14.14258216920939
1 28353U 04021B   22102.36387692  .00000235  00000-0  14807-3 0  9228\
2 28353  71.0025 346.8983 0003735  27.6502 332.4819 14.14258526921010
1 28353U 04021B   22102.36387692  .00000235  00000-0  14807-3 0    16\
2 28353  71.0025 346.8983 0003735  27.6502 332.4819 14.14258526921009
1 28353U 04021B   22102.85898359  .00000243  00000-0  15239-3 0    16\
2 28353  71.0025 345.8599 0003759  26.8115 333.3201 14.14258764921074
1 28353U 04021B   22103.42481967  .00000266  00000-0  16417-3 0  9230\
2 28353  71.0024 344.6731 0003796  25.7875 334.3436 14.14259101921167
1 28353U 04021B   22103.42481967  .00000266  00000-0  16417-3 0    17\
2 28353  71.0024 344.6731 0003796  25.7875 334.3436 14.14259101921156
1 28353U 04021B   22103.84919663  .00000270  00000-0  16643-3 0    18\
2 28353  71.0024 343.7830 0003816  25.1933 334.9375 14.14259322921218
1 28353U 04021B   22104.41503242  .00000293  00000-0  17822-3 0    19\
2 28353  71.0023 342.5962 0003854  24.1768 335.9535 14.14259710921295
1 28353U 04021B   22104.91013854  .00000302  00000-0  18285-3 0  9248\
2 28353  71.0023 341.5578 0003874  23.1927 336.9369 14.14260031921378
1 28353U 04021B   22105.40524453  .00000319  00000-0  19217-3 0    15\
2 28353  71.0021 340.5189 0003877  23.1545 336.9751 14.14260418921433
1 28353U 04021B   22105.90035041  .00000325  00000-0  19530-3 0    15\
2 28353  71.0021 339.4805 0003900  22.3309 337.7982 14.14260764921508
1 28353U 04021B   22106.39545625  .00000327  00000-0  19629-3 0    14\
2 28353  71.0020 338.4421 0003928  21.5547 338.5740 14.14261071921575
1 28353U 04021B   22106.89056183  .00000332  00000-0  19878-3 0    17\
2 28353  71.0020 337.4037 0003949  20.6517 339.4764 14.14261442921643
1 28353U 04021B   22107.10274999  .00000331  00000-0  19824-3 0  9265\
2 28353  71.0020 336.9586 0003952  20.3345 339.7934 14.14261549921680
1 28353U 04021B   22107.59785540  .00000330  00000-0  19785-3 0    16\
2 28353  71.0020 335.9202 0003984  19.3771 340.7502 14.14261915921747
1 28353U 04021B   22107.88077266  .00000331  00000-0  19815-3 0    12\
2 28353  71.0019 335.3268 0004000  18.5541 341.5727 14.14262111921788
1 28353U 04021B   22108.37587790  .00000328  00000-0  19683-3 0  9271\
2 28353  71.0019 334.2883 0004036  17.5597 342.5664 14.14262457921861
1 28353U 04021B   22108.37587790  .00000328  00000-0  19683-3 0    14\
2 28353  71.0019 334.2883 0004036  17.5597 342.5664 14.14262457921850
1 28353U 04021B   22108.87098292  .00000326  00000-0  19546-3 0    19\
2 28353  71.0019 333.2499 0004060  16.5724 343.5530 14.14262830921926
1 28353U 04021B   22109.57827562  .00000317  00000-0  19073-3 0    12\
2 28353  71.0018 331.7664 0004117  14.8840 345.2402 14.14263329922028
1 28353U 04021B   22109.86119258  .00000316  00000-0  19014-3 0  9282\
2 28353  71.0018 331.1730 0004130  14.2229 345.9009 14.14263530922075
1 28353U 04021B   22110.00265106  .00000323  00000-0  19376-3 0    15\
2 28353  71.0018 330.8763 0004143  13.9719 346.1517 14.14263678922082
1 28353U 04021B   22110.85140170  .00000309  00000-0  18669-3 0    19\
2 28353  71.0018 329.0962 0004198  12.2486 347.8738 14.14264282922205
1 28353U 04021B   22110.99286015  .00000304  00000-0  18419-3 0  9290\
2 28353  71.0017 328.7995 0004207  11.9472 348.1749 14.14264347922239
1 28353U 04021B   22112.05379775  .00000299  00000-0  18133-3 0  9303\
2 28353  71.0017 326.5742 0004279   9.8448 350.2758 14.14265176922384
1 28353U 04021B   22112.33671436  .00000295  00000-0  17929-3 0    10\
2 28353  71.0016 325.9808 0004300   9.2715 350.8486 14.14265377922416
1 28353U 04021B   22113.32692233  .00000268  00000-0  16530-3 0  9317\
2 28353  71.0017 323.9041 0004380   7.3774 352.7412 14.14265967922567
1 28353U 04021B   22113.32692233  .00000268  00000-0  16530-3 0    15\
2 28353  71.0017 323.9041 0004380   7.3774 352.7412 14.14265967922556
1 28353U 04021B   22114.52931691  .00000237  00000-0  14882-3 0  9329\
2 28353  71.0016 321.3820 0004470   4.7912 355.3252 14.14266664922733
1 28353U 04021B   22114.52931691  .00000237  00000-0  14882-3 0    16\
2 28353  71.0016 321.3820 0004470   4.7912 355.3252 14.14266664922722
1 28353U 04021B   22115.30733666  .00000213  00000-0  13620-3 0    18\
2 28353  71.0016 319.7499 0004528   3.2220 356.8930 14.14267044922839
1 28353U 04021B   22115.80243999  .00000198  00000-0  12876-3 0  9336\
2 28353  71.0016 318.7115 0004563   2.2573 357.8569 14.14267294922917
1 28353U 04021B   22115.80243999  .00000198  00000-0  12876-3 0    12\
2 28353  71.0016 318.7115 0004563   2.2573 357.8569 14.14267294922906
1 28353U 04021B   22116.01462709  .00000195  00000-0  12679-3 0    16\
2 28353  71.0015 318.2663 0004579   1.8608 358.2530 14.14267411922936
1 28353U 04021B   22116.86337539  .00000171  00000-0  11437-3 0  9341\
2 28353  71.0016 316.4860 0004638   0.2213 359.8911 14.14267805923069
1 28353U 04021B   22116.86337539  .00000171  00000-0  11437-3 0    16\
2 28353  71.0016 316.4860 0004638   0.2213 359.8911 14.14267805923058
1 28353U 04021B   22117.57066545  .00000142  00000-0  99425-4 0    13\
2 28353  71.0015 315.0023 0004689 359.0075   1.1037 14.14268094923158
1 28353U 04021B   22117.99503944  .00000131  00000-0  93611-4 0  9353\
2 28353  71.0015 314.1122 0004730 358.1040   2.0063 14.14268245923222
1 28353U 04021B   22118.56087125  .00000111  00000-0  82861-4 0    12\
2 28353  71.0015 312.9253 0004774 357.0637   3.0457 14.14268477923293
1 28353U 04021B   22119.55107677  .00000075  00000-0  64328-4 0  9361\
2 28353  71.0014 310.8483 0004854 355.0755   5.0318 14.14268782923446
1 28353U 04021B   22119.55107677  .00000075  00000-0  64328-4 0    14\
2 28353  71.0014 310.8483 0004854 355.0755   5.0318 14.14268782923435
1 28353U 04021B   22119.90472151  .00000070  00000-0  61573-4 0    19\
2 28353  71.0014 310.1065 0004892 354.3078   5.7988 14.14268908923481
1 28353U 04021B   22120.61201100  .00000038  00000-0  45005-4 0    19\
2 28353  71.0013 308.6230 0004950 353.0913   7.0141 14.14269068923580
1 28353U 04021B   22120.82419786  .00000031  00000-0  40994-4 0  9376\
2 28353  71.0013 308.1779 0004967 352.6528   7.4521 14.14269083923626
1 28353U 04021B   22120.89492681  .00000029  00000-0  39916-4 0    19\
2 28353  71.0013 308.0295 0004968 352.5317   7.5730 14.14269096923621
1 28353U 04021B   22121.53148732  .00000005  00000-0  27395-4 0    18\
2 28353  71.0012 306.6943 0005020 351.4690   8.6346 14.14269203923711
1 28353U 04021B   22121.81440311 -.00000006  00000-0  21589-4 0    18\
2 28353  71.0012 306.1009 0005039 350.9224   9.1806 14.14269201923755
1 28353U 04021B   22121.95586098 -.00000010  00000-0  19473-4 0  9389\
2 28353  71.0012 305.8041 0005050 350.6424   9.4603 14.14269221923782
1 28353U 04021B   22122.52169253 -.00000035  00000-0  65450-5 0    18\
2 28353  71.0012 304.6173 0005089 349.7575  10.3443 14.14269247923852
1 28353U 04021B   22122.87533730 -.00000048  00000-0 -32333-6 0    11\
2 28353  71.0013 303.8756 0005126 349.1014  10.9996 14.14269214923904
1 28353U 04021B   22123.51189782 -.00000075  00000-0 -14388-4 0  9395\
2 28353  71.0012 302.5404 0005173 348.0636  12.0362 14.14269187924000
1 28353U 04021B   22123.79481362 -.00000082  00000-0 -17894-4 0    17\
2 28353  71.0012 301.9470 0005196 347.5588  12.5405 14.14269159924036
1 28353U 04021B   22124.50210315 -.00000105  00000-0 -30012-4 0    18\
2 28353  71.0012 300.4634 0005254 346.4309  13.6671 14.14269098924136
1 28353U 04021B   22124.78501898 -.00000109  00000-0 -32080-4 0  9400\
2 28353  71.0012 299.8700 0005273 345.9380  14.1594 14.14269059924187
1 28353U 04021B   22124.78501898 -.00000109  00000-0 -32080-4 0    18\
2 28353  71.0012 299.8700 0005273 345.9380  14.1594 14.14269059924176
1 28353U 04021B   22125.49230860 -.00000125  00000-0 -40691-4 0    10\
2 28353  71.0012 298.3864 0005319 344.8420  15.2541 14.14268971924272
1 28353U 04021B   22125.84595345 -.00000128  00000-0 -42094-4 0  9416\
2 28353  71.0012 297.6447 0005351 344.2342  15.8613 14.14268909924338
1 28353U 04021B   22126.48251419 -.00000139  00000-0 -48029-4 0    11\
2 28353  71.0012 296.3095 0005399 343.3130  16.7813 14.14268816924418
1 28353U 04021B   22127.18980401 -.00000158  00000-0 -57916-4 0  9429\
2 28353  71.0012 294.8260 0005453 342.1199  17.9731 14.14268613924527
1 28353U 04021B   22127.54344890 -.00000165  00000-0 -61399-4 0    19\
2 28353  71.0012 294.0842 0005477 341.5926  18.4997 14.14268548924563
1 28353U 04021B   22127.82636492 -.00000169  00000-0 -63319-4 0    10\
2 28353  71.0012 293.4908 0005511 341.3027  18.7891 14.14268450924601
1 28353U 04021B   22128.53365481 -.00000183  00000-0 -71031-4 0  9437\
2 28353  71.0011 292.0072 0005547 340.2629  19.8278 14.14268287924713
1 28353U 04021B   22128.60438380 -.00000183  00000-0 -70987-4 0    18\
2 28353  71.0012 291.8588 0005550 340.1432  19.9473 14.14268270924718
1 28353U 04021B   22128.88729981 -.00000184  00000-0 -71341-4 0    14\
2 28353  71.0012 291.2654 0005566 339.7125  20.3775 14.14268202924756
1 28353U 04021B   22129.52386086 -.00000200  00000-0 -79755-4 0    17\
2 28353  71.0012 289.9302 0005600 338.9149  21.1741 14.14268017924842
1 28353U 04021B   22129.80677692 -.00000202  00000-0 -80750-4 0  9449\
2 28353  71.0012 289.3368 0005617 338.4960  21.5925 14.14267926924893
1 28353U 04021B   22129.87750594 -.00000203  00000-0 -81156-4 0    15\
2 28353  71.0012 289.1884 0005622 338.4012  21.6872 14.14267910924893
1 28353U 04021B   22130.58479616 -.00000223  00000-0 -91777-4 0    10\
2 28353  71.0011 287.7048 0005658 337.4792  22.6081 14.14267656924992
1 28353U 04021B   22130.86771231 -.00000226  00000-0 -93137-4 0  9451\
2 28353  71.0011 287.1115 0005679 337.1221  22.9648 14.14267561925042
1 28353U 04021B   22130.86771231 -.00000226  00000-0 -93137-4 0    14\
2 28353  71.0011 287.1115 0005679 337.1221  22.9648 14.14267561925031
1 28353U 04021B   22131.50427362 -.00000245  00000-0 -10313-3 0    14\
2 28353  71.0011 285.7763 0005705 336.2739  23.8119 14.14267331925126
1 28353U 04021B   22131.71646077 -.00000247  00000-0 -10451-3 0    18\
2 28353  71.0011 285.3313 0005719 335.9703  24.1152 14.14267236925153
1 28353U 04021B   22132.14083510 -.00000257  00000-0 -10955-3 0  9461\
2 28353  71.0011 284.4412 0005744 335.4715  24.6133 14.14267077925224
1 28353U 04021B   22132.56520950 -.00000272  00000-0 -11762-3 0    17\
2 28353  71.0011 283.5511 0005759 334.9291  25.1551 14.14266870925278
1 28353U 04021B   22132.70666765 -.00000272  00000-0 -11757-3 0    12\
2 28353  71.0011 283.2544 0005767 334.7424  25.3416 14.14266808925291
1 28353U 04021B   22133.48468752 -.00000291  00000-0 -12726-3 0  9471\
2 28353  71.0010 281.6225 0005803 333.7972  26.2855 14.14266475925417
1 28353U 04021B   22133.48468752 -.00000291  00000-0 -12726-3 0    12\
2 28353  71.0010 281.6225 0005803 333.7972  26.2855 14.14266475925406
1 28353U 04021B   22133.69687482 -.00000292  00000-0 -12781-3 0    10\
2 28353  71.0010 281.1775 0005813 333.4927  26.5897 14.14266367925431
1 28353U 04021B   22134.47489496 -.00000303  00000-0 -13349-3 0    16\
2 28353  71.0010 279.5457 0005842 332.6139  27.4674 14.14266039925548
1 28353U 04021B   22134.82854056 -.00000302  00000-0 -13321-3 0  9482\
2 28353  71.0010 278.8040 0005855 332.1320  27.9488 14.14265877925603
1 28353U 04021B   22134.82854056 -.00000302  00000-0 -13321-3 0    12\
2 28353  71.0010 278.8040 0005855 332.1320  27.9488 14.14265877925591
1 28353U 04021B   22135.53583185 -.00000309  00000-0 -13690-3 0    19\
2 28353  71.0010 277.3206 0005872 331.2147  28.8651 14.14265553925699
1 28353U 04021B   22135.81874851 -.00000308  00000-0 -13649-3 0    16\
2 28353  71.0010 276.7275 0005867 330.9186  29.1609 14.14265400925734
1 28353U 04021B   22136.10166514 -.00000310  00000-0 -13752-3 0  9498\
2 28353  71.0010 276.1341 0005880 330.6245  29.4545 14.14265261925782
1 28353U 04021B   22136.45531085 -.00000309  00000-0 -13700-3 0    15\
2 28353  71.0009 275.3920 0005911 330.1183  29.9601 14.14265136925829
1 28353U 04021B   22136.80895675 -.00000292  00000-0 -12772-3 0    11\
2 28353  71.0009 274.6503 0005926 329.8635  30.2145 14.14265036925873
1 28353U 04021B   22137.37479018 -.00000292  00000-0 -12778-3 0  9502\
2 28353  71.0009 273.4635 0005944 329.2608  30.8165 14.14264792925966
1 28353U 04021B   22137.44551935 -.00000292  00000-0 -12789-3 0    18\
2 28353  71.0008 273.3151 0005947 329.1820  30.8952 14.14264763925967
1 28353U 04021B   22137.65770695 -.00000289  00000-0 -12636-3 0    14\
2 28353  71.0009 272.8701 0005954 328.9194  31.1575 14.14264649925993
1 28353U 04021B   22138.50645718 -.00000260  00000-0 -11121-3 0  9517\
2 28353  71.0009 271.0901 0005961 327.8804  32.1954 14.14264463926122
1 28353U 04021B   22138.50645718 -.00000260  00000-0 -11121-3 0    13\
2 28353  71.0009 271.0901 0005961 327.8804  32.1954 14.14264463926111
1 28353U 04021B   22138.64791563 -.00000257  00000-0 -10955-3 0    18\
2 28353  71.0009 270.7934 0005966 327.7195  32.3562 14.14264393926131
1 28353U 04021B   22139.49666615 -.00000235  00000-0 -98035-4 0    13\
2 28353  71.0008 269.0134 0005966 326.3482  33.7261 14.14264143926254
1 28353U 04021B   22140.06250010 -.00000230  00000-0 -95462-4 0  9527\
2 28353  71.0008 267.8265 0005989 325.6146  34.4587 14.14263877926341
1 28353U 04021B   22140.48687568 -.00000236  00000-0 -98405-4 0    16\
2 28353  71.0009 266.9366 0005989 325.2268  34.8462 14.14263648926392
1 28353U 04021B   22140.62833426 -.00000233  00000-0 -97262-4 0    15\
2 28353  71.0009 266.6399 0005998 325.1713  34.9015 14.14263570926411
1 28353U 04021B   22141.05270987 -.00000232  00000-0 -96470-4 0    19\
2 28353  71.0008 265.7498 0006023 324.5268  35.5452 14.14263370926474
1 28353U 04021B   22141.54781480 -.00000230  00000-0 -95710-4 0  9538\
2 28353  71.0009 264.7115 0006031 323.9196  36.1519 14.14263150926558
1 28353U 04021B   22141.54781480 -.00000230  00000-0 -95710-4 0    12\
2 28353  71.0009 264.7115 0006031 323.9196  36.1519 14.14263150926547
1 28353U 04021B   22141.76000271 -.00000226  00000-0 -93392-4 0    17\
2 28353  71.0009 264.2664 0006041 324.0141  36.0574 14.14263077926575
1 28353U 04021B   22142.60875429 -.00000225  00000-0 -92758-4 0    10\
2 28353  71.0009 262.4864 0006045 323.1826  36.8880 14.14262699926691
1 28353U 04021B   22142.75021292 -.00000222  00000-0 -91357-4 0  9545\
2 28353  71.0009 262.1897 0006045 323.1510  36.9196 14.14262657926723
1 28353U 04021B   22142.75021292 -.00000222  00000-0 -91357-4 0    18\
2 28353  71.0009 262.1897 0006045 323.1510  36.9196 14.14262657926712
1 28353U 04021B   22143.52823526 -.00000210  00000-0 -84885-4 0    19\
2 28353  71.0009 260.5578 0006071 322.1812  37.8883 14.14262425926821
1 28353U 04021B   22143.74042325 -.00000202  00000-0 -81058-4 0    13\
2 28353  71.0009 260.1128 0006075 322.0972  37.9722 14.14262373926856
1 28353U 04021B   22144.02334054 -.00000204  00000-0 -81703-4 0  9555\
2 28353  71.0008 259.5194 0006082 321.7856  38.2834 14.14262260926904
1 28353U 04021B   22144.58917521 -.00000197  00000-0 -78413-4 0    19\
2 28353  71.0009 258.3328 0006097 321.1380  38.9303 14.14262067926973
1 28353U 04021B   22144.73063387 -.00000192  00000-0 -75775-4 0    11\
2 28353  71.0008 258.0362 0006094 321.0127  39.0555 14.14262051926998
1 28353U 04021B   22145.50865658 -.00000168  00000-0 -62990-4 0  9565\
2 28353  71.0008 256.4044 0006100 320.1661  39.9013 14.14261913927117
1 28353U 04021B   22145.57938594 -.00000162  00000-0 -59920-4 0    16\
2 28353  71.0008 256.2561 0006109 320.1397  39.9276 14.14261907927118
1 28353U 04021B   22145.72084470 -.00000161  00000-0 -59590-4 0    10\
2 28353  71.0004 255.9580 0006178 320.3693  39.6977 14.14261861927134
1 28353U 04021B   22146.49886763 -.00000146  00000-0 -51579-4 0    12\
2 28353  71.0004 254.3262 0006194 319.7128  40.3534 14.14261682927248
1 28353U 04021B   22146.56959702 -.00000146  00000-0 -51398-4 0  9573\
2 28353  71.0004 254.1779 0006195 319.6086  40.4576 14.14261649927264
1 28353U 04021B   22146.56959702 -.00000146  00000-0 -51398-4 0    13\
2 28353  71.0004 254.1779 0006195 319.6086  40.4576 14.14261649927253
1 28353U 04021B   22147.55980840 -.00000115  00000-0 -35090-4 0    17\
2 28353  71.0001 252.1015 0006143 318.6021  41.4635 14.14261477927393
1 28353U 04021B   22147.70126716 -.00000108  00000-0 -31542-4 0  9589\
2 28353  71.0001 251.8049 0006150 318.4453  41.6201 14.14261467927425
1 28353U 04021B   22147.70126716 -.00000108  00000-0 -31542-4 0    18\
2 28353  71.0001 251.8049 0006150 318.4453  41.6201 14.14261467927414
1 28353U 04021B   22148.55001963 -.00000071  00000-0 -12015-4 0    11\
2 28353  71.0001 250.0247 0006152 317.6023  42.4623 14.14261449927531
1 28353U 04021B   22148.69147841 -.00000063  00000-0 -82973-5 0    14\
2 28353  71.0001 249.7281 0006160 317.4774  42.5870 14.14261444927556
1 28353U 04021B   22148.97439593 -.00000059  00000-0 -60550-5 0  9597\
2 28353  71.0001 249.1347 0006166 317.2039  42.8602 14.14261405927600
1 28353U 04021B   22149.54023095 -.00000034  00000-0  69012-5 0    19\
2 28353  71.0003 247.9480 0006171 316.5444  43.5191 14.14261421927670
1 28353U 04021B   22149.68168973 -.00000027  00000-0  10919-4 0    12\
2 28353  71.0003 247.6513 0006177 316.4214  43.6419 14.14261428927697
1 28353U 04021B   22150.53044223  .00000006  00000-0  28146-4 0  9600\
2 28353  71.0003 245.8712 0006187 315.4234  44.6390 14.14261483927825
1 28353U 04021B   22150.53044223  .00000006  00000-0  28146-4 0    16\
2 28353  71.0003 245.8712 0006187 315.4234  44.6390 14.14261483927814
1 28353U 04021B   22151.23773593  .00000042  00000-0  46934-4 0    18\
2 28353  71.0003 244.3879 0006202 314.7225  45.3391 14.14261643927910
1 28353U 04021B   22151.66211214  .00000065  00000-0  59059-4 0  9614\
2 28353  71.0003 243.4978 0006218 314.2860  45.7752 14.14261726927981
1 28353U 04021B   22151.66211214  .00000065  00000-0  59059-4 0    19\
2 28353  71.0003 243.4978 0006218 314.2860  45.7752 14.14261726927970
1 28353U 04021B   22152.51086435  .00000100  00000-0  77250-4 0    12\
2 28353  71.0003 241.7176 0006227 313.4158  46.6445 14.14261970928096
1 28353U 04021B   22152.93524048  .00000113  00000-0  83882-4 0  9623\
2 28353  71.0003 240.8275 0006234 313.0058  47.0541 14.14262064928164
1 28353U 04021B   22153.50107522  .00000132  00000-0  93801-4 0    18\
2 28353  71.0003 239.6408 0006241 312.3663  47.6930 14.14262234928235
1 28353U 04021B   22153.64253388  .00000141  00000-0  98547-4 0    17\
2 28353  71.0003 239.3441 0006246 312.2479  47.8112 14.14262306928254
1 28353U 04021B   22154.20836854  .00000152  00000-0  10441-3 0  9630\
2 28353  71.0003 238.1575 0006254 311.6450  48.4137 14.14262488928345
1 28353U 04021B   22154.42055649  .00000159  00000-0  10802-3 0    10\
2 28353  71.0003 237.7125 0006256 311.4100  48.6483 14.14262567928369
1 28353U 04021B   22154.63274444  .00000172  00000-0  11480-3 0    17\
2 28353  71.0003 237.2674 0006263 311.1837  48.8744 14.14262678928393
1 28353U 04021B   22155.48149602  .00000192  00000-0  12521-3 0  9645\
2 28353  71.0003 235.4874 0006287 310.2322  49.8250 14.14263046928528
1 28353U 04021B   22155.48149602  .00000192  00000-0  12521-3 0    17\
2 28353  71.0003 235.4874 0006287 310.2322  49.8250 14.14263046928517
1 28353U 04021B   22155.90587169  .00000206  00000-0  13293-3 0    11\
2 28353  71.0004 234.5974 0006307 309.7565  50.3000 14.14263279928578
1 28353U 04021B   22156.89608141  .00000229  00000-0  14456-3 0    11\
2 28353  71.0004 232.5207 0006342 308.6712  51.3842 14.14263789928713
1 28353U 04021B   22157.17899840  .00000233  00000-0  14680-3 0  9654\
2 28353  71.0004 231.9273 0006347 308.3320  51.7231 14.14263948928764
1 28353U 04021B   22157.46191532  .00000243  00000-0  15215-3 0    16\
2 28353  71.0004 231.3340 0006360 307.9833  52.0714 14.14264118928795
1 28353U 04021B   22157.60337379  .00000249  00000-0  15511-3 0    18\
2 28353  71.0004 231.0373 0006366 307.8702  52.1844 14.14264212928811
1 28353U 04021B   22158.23993670  .00000260  00000-0  16098-3 0  9664\
2 28353  71.0004 229.7022 0006384 307.1953  52.8586 14.14264627928918
1 28353U 04021B   22158.45212433  .00000265  00000-0  16379-3 0    16\
2 28353  71.0004 229.2572 0006392 306.9533  53.1004 14.14264744928934
1 28353U 04021B   22158.59358274  .00000273  00000-0  16789-3 0    19\
2 28353  71.0003 228.9605 0006401 306.8443  53.2092 14.14264849928952
1 28353U 04021B   22159.44233290  .00000291  00000-0  17718-3 0  9678\
2 28353  71.0003 227.1805 0006437 305.9346  54.1179 14.14265420929083
1 28353U 04021B   22159.58379125  .00000298  00000-0  18075-3 0    14\
2 28353  71.0003 226.8838 0006446 305.8222  54.2301 14.14265528929095
1 28353U 04021B   22160.43254098  .00000313  00000-0  18901-3 0    17\
2 28353  71.0003 225.1037 0006477 304.8680  55.1833 14.14266132929215
1 28353U 04021B   22160.92764483  .00000327  00000-0  19593-3 0  9680\
2 28353  71.0002 224.0653 0006501 304.4089  55.6418 14.14266514929299
1 28353U 04021B   22161.42274852  .00000333  00000-0  19934-3 0    16\
2 28353  71.0002 223.0270 0006522 303.8319  56.2182 14.14266881929354
1 28353U 04021B   22162.20076835  .00000346  00000-0  20595-3 0  9696\
2 28353  71.0002 221.3952 0006561 303.0337  57.0154 14.14267502929479
1 28353U 04021B   22162.62514266  .00000353  00000-0  20971-3 0    10\
2 28353  71.0003 220.5052 0006592 302.5658  57.4827 14.14267822929528
1 28353U 04021B   22163.54461991  .00000360  00000-0  21326-3 0  9706\
2 28353  71.0003 218.5768 0006645 301.6008  58.4466 14.14268558929669
1 28353U 04021B   22163.54461991  .00000360  00000-0  21326-3 0    11\
2 28353  71.0003 218.5768 0006645 301.6008  58.4466 14.14268558929658
1 28353U 04021B   22163.89826487  .00000362  00000-0  21444-3 0    17\
2 28353  71.0004 217.8351 0006667 301.2535  58.7934 14.14268855929703
1 28353U 04021B   22164.46409657  .00000368  00000-0  21737-3 0    18\
2 28353  71.0004 216.6484 0006704 300.6714  59.3747 14.14269356929785
1 28353U 04021B   22165.17138600  .00000368  00000-0  21772-3 0  9719\
2 28353  71.0004 215.1651 0006743 299.9443  60.1009 14.14269976929898
1 28353U 04021B   22164.88847026  .00000363  00000-0  21513-3 0    17\
2 28353  71.0004 215.7584 0006731 300.2728  59.7728 14.14269698929846
1 28353U 04021B   22165.52503065  .00000358  00000-0  21244-3 0    16\
2 28353  71.0005 214.4235 0006786 299.6095  60.4351 14.14270187929930
1 28353U 04021B   22166.44450623  .00000336  00000-0  20105-3 0  9727\
2 28353  71.0006 212.4951 0006843 298.6523  61.3911 14.14270871930072
1 28353U 04021B   22166.44450623  .00000336  00000-0  20105-3 0    10\
2 28353  71.0006 212.4951 0006843 298.6523  61.3911 14.14270871930061
1 28353U 04021B   22166.86887940  .00000329  00000-0  19698-3 0    19\
2 28353  71.0006 211.6051 0006871 298.2640  61.7788 14.14271215930126
1 28353U 04021B   22170.47604766  .00000195  00000-0  12678-3 0    16\
2 28353  71.0004 204.0396 0007076 294.2975  65.7408 14.14273427930633
1 28353U 04021B   22170.47604766  .00000195  00000-0  12678-3 0  9734\
2 28353  71.0004 204.0396 0007076 294.2975  65.7408 14.14273427930644
1 28353U 04021B   22170.82969132  .00000179  00000-0  11844-3 0    12\
2 28353  71.0004 203.2979 0007099 293.9530  66.0848 14.14273594930681
1 28353U 04021B   22171.46624979  .00000162  00000-0  10963-3 0    13\
2 28353  71.0003 201.9627 0007133 293.1786  66.8585 14.14273907930773
1 28353U 04021B   22171.81989336  .00000145  00000-0  10108-3 0  9744\
2 28353  71.0003 201.2210 0007152 292.8254  67.2112 14.14274037930834
1 28353U 04021B   22171.81989336  .00000145  00000-0  10108-3 0    15\
2 28353  71.0003 201.2210 0007152 292.8254  67.2112 14.14274037930823
1 28353U 04021B   22172.45645173  .00000125  00000-0  90577-4 0    11\
2 28353  71.0003 199.8859 0007187 292.1243  67.9116 14.14274263930915
1 28353U 04021B   22173.02228126  .00000108  00000-0  81234-4 0  9751\
2 28353  71.0002 198.6991 0007217 291.5085  68.5268 14.14274467931001
1 28353U 04021B   22173.51738205  .00000098  00000-0  76395-4 0    19\
2 28353  71.0003 197.6608 0007253 291.0053  69.0293 14.14274642931061
1 28353U 04021B   22173.80029677  .00000090  00000-0  72197-4 0    15\
2 28353  71.0003 197.0674 0007276 290.7393  69.2949 14.14274724931102
1 28353U 04021B   22174.50758347  .00000077  00000-0  65244-4 0  9767\
2 28353  71.0003 195.5841 0007317 290.0130  70.0204 14.14274952931218
1 28353U 04021B   22175.42705605  .00000055  00000-0  53562-4 0    13\
2 28353  71.0004 193.6557 0007372 289.0421  70.9902 14.14275181931336
1 28353U 04021B   22175.78069930  .00000041  00000-0  46647-4 0  9779\
2 28353  71.0004 192.9139 0007389 288.7024  71.3295 14.14275246931395
1 28353U 04021B   22175.78069930  .00000041  00000-0  46647-4 0    17\
2 28353  71.0004 192.9139 0007389 288.7024  71.3295 14.14275246931384
1 28353U 04021B   22176.48798581  .00000024  00000-0  37631-4 0    10\
2 28353  71.0004 191.4305 0007429 287.9197  72.1115 14.14275367931485
1 28353U 04021B   22176.77090039  .00000014  00000-0  32474-4 0    14\
2 28353  71.0004 190.8371 0007445 287.6407  72.3902 14.14275406931525
1 28353U 04021B   22177.19527212  .00000011  00000-0  30889-4 0  9787\
2 28353  71.0004 189.9471 0007469 287.0895  72.9408 14.14275540931599
1 28353U 04021B   22177.47818670 -.00000001  00000-0  24161-4 0    12\
2 28353  71.0002 189.3536 0007485 286.7602  73.2699 14.14275521931622
1 28353U 04021B   22177.76110123 -.00000010  00000-0  19620-4 0    16\
2 28353  71.0002 188.7602 0007498 286.4748  73.5550 14.14275557931663
1 28353U 04021B   22178.46838762 -.00000032  00000-0  83202-5 0  9796\
2 28353  71.0002 187.2768 0007526 285.7239  74.3053 14.14275593931778
1 28353U 04021B   22178.46838762 -.00000032  00000-0  83202-5 0    12\
2 28353  71.0002 187.2768 0007526 285.7239  74.3053 14.14275593931767
1 28353U 04021B   22178.75130216 -.00000043  00000-0  24980-5 0    13\
2 28353  71.0002 186.6835 0007539 285.4473  74.5816 14.14275598931805
1 28353U 04021B   22179.45858852 -.00000067  00000-0 -99286-5 0    12\
2 28353  71.0001 185.2000 0007563 284.6546  75.3737 14.14275586931901
1 28353U 04021B   22180.23660366 -.00000096  00000-0 -25494-4 0  9808\
2 28353  71.0001 183.5683 0007592 283.9342  76.0935 14.14275497932020
1 28353U 04021B   22180.44878962 -.00000104  00000-0 -29354-4 0    17\
2 28353  71.0001 183.1233 0007598 283.7461  76.2816 14.14275470932046
1 28353U 04021B   22181.43899067 -.00000137  00000-0 -46504-4 0    18\
2 28353  71.0000 181.0466 0007628 282.6659  77.3610 14.14275331932186
1 28353U 04021B   22181.43899067 -.00000137  00000-0 -46504-4 0  9815\
2 28353  71.0000 181.0466 0007628 282.6659  77.3610 14.14275331932197
1 28353U 04021B   22181.72190529 -.00000146  00000-0 -51506-4 0    15\
2 28353  71.0000 180.4532 0007635 282.3900  77.6368 14.14275286932224
1 28353U 04021B   22182.42919190 -.00000160  00000-0 -58691-4 0    14\
2 28353  71.0000 178.9698 0007652 281.6012  78.4251 14.14275168932324
1 28353U 04021B   22182.71210656 -.00000169  00000-0 -63393-4 0    11\
2 28353  71.0000 178.3764 0007650 281.3095  78.7168 14.14275111932360
1 28353U 04021B   22183.41939326 -.00000177  00000-0 -67452-4 0    10\
2 28353  71.0000 176.8930 0007674 280.5448  79.4809 14.14274983932464
1 28353U 04021B   22183.70230800 -.00000182  00000-0 -70313-4 0    19\
2 28353  71.0000 176.2996 0007670 280.2951  79.7306 14.14274926932509
1 28353U 04021B   22184.40959485 -.00000187  00000-0 -72865-4 0    13\
2 28353  70.9999 174.8162 0007681 279.4804  80.5450 14.14274775932605
1 28353U 04021B   22184.69250965 -.00000195  00000-0 -76944-4 0    12\
2 28353  70.9999 174.2229 0007678 279.1712  80.8542 14.14274679932646
1 28353U 04021B   22185.39979664 -.00000192  00000-0 -75565-4 0    19\
2 28353  70.9999 172.7395 0007692 278.3737  81.6513 14.14274539932740
1 28353U 04021B   22186.38999867 -.00000200  00000-0 -79509-4 0    18\
2 28353  70.9999 170.6628 0007697 277.2767  82.7481 14.14274254932887
1 28353U 04021B   22186.88509987 -.00000209  00000-0 -84603-4 0  9854\
2 28353  70.9999 169.6244 0007672 276.6745  83.3504 14.14274067932965
1 28353U 04021B   22186.88509987 -.00000209  00000-0 -84603-4 0    13\
2 28353  70.9999 169.6244 0007672 276.6745  83.3504 14.14274067932954
1 28353U 04021B   22187.38020104 -.00000214  00000-0 -87196-4 0    14\
2 28353  71.0000 168.5860 0007680 276.1157  83.9090 14.14273884933023
1 28353U 04021B   22188.22894600 -.00000222  00000-0 -91343-4 0  9868\
2 28353  71.0000 166.8060 0007688 275.1439  84.8805 14.14273598933156
1 28353U 04021B   22188.37040355 -.00000225  00000-0 -92781-4 0    12\
2 28353  71.0000 166.5093 0007685 274.9958  85.0287 14.14273536933169
1 28353U 04021B   22188.65331859 -.00000225  00000-0 -92696-4 0    10\
2 28353  71.0000 165.9160 0007683 274.6842  85.3403 14.14273457933204
1 28353U 04021B   22189.28987751 -.00000229  00000-0 -94867-4 0  9877\
2 28353  71.0000 164.5809 0007674 273.9308  86.0937 14.14273240933309
1 28353U 04021B   22189.36060629 -.00000230  00000-0 -95204-4 0    17\
2 28353  71.0000 164.4326 0007673 273.8565  86.1679 14.14273216933302
1 28353U 04021B   22189.64352141 -.00000235  00000-0 -98314-4 0    11\
2 28353  71.0000 163.8392 0007670 273.5282  86.4963 14.14273101933344
1 28353U 04021B   22190.35080934 -.00000243  00000-0 -10231-3 0  9883\
2 28353  71.0001 162.3558 0007660 272.7069  87.3176 14.14272823933454
1 28353U 04021B   22190.35080934 -.00000243  00000-0 -10231-3 0    19\
2 28353  71.0001 162.3558 0007660 272.7069  87.3176 14.14272823933443
1 28353U 04021B   22190.63372455 -.00000250  00000-0 -10601-3 0    11\
2 28353  71.0001 161.7625 0007653 272.3450  87.6796 14.14272694933484
1 28353U 04021B   22191.34101274 -.00000256  00000-0 -10917-3 0    15\
2 28353  71.0001 160.2792 0007639 271.5222  88.5025 14.14272397933581
1 28353U 04021B   22191.62392804 -.00000259  00000-0 -11087-3 0  9894\
2 28353  71.0001 159.6857 0007638 271.2729  88.7518 14.14272280933639
1 28353U 04021B   22191.90684341 -.00000264  00000-0 -11341-3 0    19\
2 28353  71.0001 159.0924 0007624 270.9063  89.1186 14.14272156933661
1 28353U 04021B   22192.04830104 -.00000266  00000-0 -11437-3 0    13\
2 28353  71.0001 158.7956 0007624 270.7448  89.2800 14.14272101933683
1 28353U 04021B   22192.89704728 -.00000269  00000-0 -11584-3 0    14\
2 28353  71.0000 157.0155 0007606 269.7562  90.2688 14.14271745933803
1 28353U 04021B   22193.10923384 -.00000263  00000-0 -11250-3 0  9901\
2 28353  71.0000 156.5705 0007604 269.5028  90.5222 14.14271683933843
1 28353U 04021B   22193.10923384 -.00000263  00000-0 -11250-3 0    14\
2 28353  71.0000 156.5705 0007604 269.5028  90.5222 14.14271683933832
1 28353U 04021B   22193.88725146 -.00000259  00000-0 -11044-3 0    11\
2 28353  71.0001 154.9387 0007585 268.6112  91.4141 14.14271395933945
1 28353U 04021B   22194.31162486 -.00000256  00000-0 -10894-3 0  9919\
2 28353  71.0000 154.0484 0007572 268.3132  91.7123 14.14271197934010
1 28353U 04021B   22194.31162486 -.00000256  00000-0 -10894-3 0    11\
2 28353  71.0000 154.0484 0007572 268.3132  91.7123 14.14271197934009
1 28353U 04021B   22194.87745606 -.00000251  00000-0 -10635-3 0    11\
2 28353  71.0000 152.8617 0007554 267.6417  92.3841 14.14270992934085
1 28353U 04021B   22195.58474530 -.00000245  00000-0 -10320-3 0  9928\
2 28353  71.0000 151.3782 0007531 266.8981  93.1279 14.14270671934194
1 28353U 04021B   22196.57495041 -.00000219  00000-0 -89693-4 0    10\
2 28353  70.9999 149.3014 0007504 265.7433  94.2831 14.14270343934321
1 28353U 04021B   22196.85786621 -.00000213  00000-0 -86308-4 0  9932\
2 28353  70.9999 148.7080 0007492 265.3754  94.6513 14.14270261934370
1 28353U 04021B   22196.85786621 -.00000213  00000-0 -86308-4 0    12\
2 28353  70.9999 148.7080 0007492 265.3754  94.6513 14.14270261934369
1 28353U 04021B   22197.28224005 -.00000199  00000-0 -79067-4 0    10\
2 28353  71.0000 147.8179 0007471 264.9047  95.1222 14.14270100934422
1 28353U 04021B   22197.84807180 -.00000187  00000-0 -72958-4 0    12\
2 28353  71.0000 146.6311 0007444 264.2149  95.8125 14.14269928934507
1 28353U 04021B   22198.13098773 -.00000181  00000-0 -69639-4 0  9942\
2 28353  71.0000 146.0378 0007435 263.8398  96.1877 14.14269810934558
1 28353U 04021B   22198.55536164 -.00000166  00000-0 -61938-4 0    15\
2 28353  71.0000 145.1478 0007419 263.3693  96.6584 14.14269703934601
1 28353U 04021B   22199.54556753 -.00000133  00000-0 -44628-4 0  9954\
2 28353  71.0001 143.0710 0007384 262.1821  97.8463 14.14269493934750
1 28353U 04021B   22199.89921250 -.00000125  00000-0 -40708-4 0    14\
2 28353  71.0001 142.3293 0007370 261.7146  98.3141 14.14269434934796
1 28353U 04021B   22200.53577356 -.00000099  00000-0 -26794-4 0    11\
2 28353  71.0002 140.9942 0007345 261.0146  99.0145 14.14269348934883
1 28353U 04021B   22200.88941860 -.00000093  00000-0 -23792-4 0  9966\
2 28353  71.0002 140.2526 0007327 260.4966  99.5329 14.14269297934946
1 28353U 04021B   22201.52597970 -.00000070  00000-0 -11535-4 0    11\
2 28353  71.0002 138.9175 0007297 259.7466 100.2833 14.14269245935025
1 28353U 04021B   22201.87962475 -.00000064  00000-0 -85265-5 0    10\
2 28353  71.0003 138.1758 0007279 259.2474 100.7828 14.14269225935071
1 28353U 04021B   22202.09181181 -.00000059  00000-0 -57748-5 0  9975\
2 28353  71.0003 137.7308 0007272 258.9702 101.0602 14.14269188935117
1 28353U 04021B   22202.23326986 -.00000052  00000-0 -20580-5 0    18\
2 28353  71.0003 137.4341 0007261 258.8192 101.2115 14.14269191935127
1 28353U 04021B   22202.79910193 -.00000037  00000-0  53765-5 0    11\
2 28353  71.0003 136.2474 0007233 258.0855 101.9456 14.14269210935204
1 28353U 04021B   22203.22347599 -.00000019  00000-0  14731-4 0  9988\
2 28353  71.0003 135.3574 0007220 257.6099 102.4215 14.14269237935271
1 28353U 04021B   22203.22347599 -.00000019  00000-0  14731-4 0    13\
2 28353  71.0003 135.3574 0007220 257.6099 102.4215 14.14269237935260
1 28353U 04021B   22204.21368211  .00000004  00000-0  27121-4 0    17\
2 28353  71.0004 133.2807 0007182 256.3879 103.6443 14.14269293935400
1 28353U 04021B   22204.92097214  .00000017  00000-0  33702-4 0  9999\
2 28353  71.0004 131.7973 0007150 255.4876 104.5453 14.14269367935514
1 28353U 04021B   22204.92097214  .00000017  00000-0  33702-4 0    13\
2 28353  71.0004 131.7973 0007150 255.4876 104.5453 14.14269367935503
1 28353U 04021B   22205.48680418  .00000039  00000-0  45570-4 0    19\
2 28353  71.0005 130.6105 0007126 254.8710 105.1624 14.14269472935584
1 28353U 04021B   22205.84044914  .00000047  00000-0  49439-4 0    11\
2 28353  71.0004 129.8688 0007116 254.4237 105.6100 14.14269546935630
1 28353U 04021B   22206.19409413  .00000066  00000-0  59258-4 0    09\
2 28353  71.0005 129.1271 0007108 254.0456 105.9884 14.14269631935695
1 28353U 04021B   22206.19409413  .00000066  00000-0  59258-4 0    10\
2 28353  71.0005 129.1271 0007108 254.0456 105.9884 14.14269631935684
1 28353U 04021B   22207.18430002  .00000096  00000-0  75109-4 0    14\
2 28353  71.0005 127.0504 0007068 252.8644 107.1705 14.14269855935820
1 28353U 04021B   22207.82086084  .00000111  00000-0  83056-4 0    10\
2 28353  71.0005 125.7153 0007049 252.1380 107.8973 14.14270024935929
1 28353U 04021B   22207.89158981  .00000113  00000-0  84311-4 0    10\
2 28353  71.0005 125.5670 0007048 252.0541 107.9813 14.14270043935923
1 28353U 04021B   22208.17450572  .00000131  00000-0  93589-4 0    10\
2 28353  71.0006 124.9736 0007029 251.7120 108.3238 14.14270154935961
1 28353U 04021B   22208.81106634  .00000152  00000-0  10474-3 0    12\
2 28353  71.0006 123.6385 0007011 250.9858 109.0505 14.14270413936051
1 28353U 04021B   22209.16471112  .00000173  00000-0  11553-3 0    20\
2 28353  71.0006 122.8967 0007001 250.6146 109.4219 14.14270566936116
1 28353U 04021B   22209.44762689  .00000183  00000-0  12089-3 0    18\
2 28353  71.0006 122.3033 0006992 250.3147 109.7222 14.14270695936144
1 28353U 04021B   22209.73054262  .00000194  00000-0  12666-3 0    14\
2 28353  71.0006 121.7099 0006988 249.9916 110.0454 14.14270843936183
1 28353U 04021B   22210.50856084  .00000223  00000-0  14166-3 0    35\
2 28353  71.0007 120.0781 0006959 249.1222 110.9156 14.14271208936302
1 28353U 04021B   22210.50856084  .00000223  00000-0  14166-3 0    13\
2 28353  71.0007 120.0781 0006959 249.1222 110.9156 14.14271208936290
1 28353U 04021B   22211.49876547  .00000255  00000-0  15822-3 0    13\
2 28353  71.0007 118.0013 0006927 248.0456 111.9930 14.14271744936439
1 28353U 04021B   22212.13532538  .00000272  00000-0  16733-3 0    48\
2 28353  71.0008 116.6662 0006906 247.3106 112.7286 14.14272111936538
1 28353U 04021B   22212.48896968  .00000280  00000-0  17154-3 0    10\
2 28353  71.0008 115.9245 0006894 246.9551 113.0845 14.14272331936575
1 28353U 04021B   22213.12552927  .00000290  00000-0  17686-3 0    17\
2 28353  71.0009 114.5894 0006881 246.2683 113.7718 14.14272712936665
1 28353U 04021B   22214.18646144  .00000305  00000-0  18470-3 0    52\
2 28353  71.0010 112.3642 0006848 245.1156 114.9255 14.14273429936823
1 28353U 04021B   22214.46937657  .00000308  00000-0  18624-3 0    15\
2 28353  71.0011 111.7708 0006839 244.8428 115.1985 14.14273631936859
1 28353U 04021B   22215.17666426  .00000312  00000-0  18807-3 0    15\
2 28353  71.0012 110.2874 0006822 244.1036 115.9383 14.14274117936959
1 28353U 04021B   22215.45957925  .00000312  00000-0  18804-3 0    65\
2 28353  71.0012 109.6940 0006813 243.8279 116.2143 14.14274315937005
1 28353U 04021B   22215.45957925  .00000312  00000-0  18804-3 0    10\
2 28353  71.0012 109.6940 0006813 243.8279 116.2143 14.14274315936992
1 28353U 04021B   22216.16686654  .00000309  00000-0  18641-3 0    12\
2 28353  71.0012 108.2105 0006801 243.1387 116.9040 14.14274798937090
1 28353U 04021B   22216.66196745  .00000307  00000-0  18548-3 0    18\
2 28353  71.0012 107.1721 0006792 242.6822 117.3609 14.14275168937165
1 28353U 04021B   22217.15706824  .00000307  00000-0  18567-3 0    19\
2 28353  71.0013 106.1337 0006787 242.2677 117.7757 14.14275526937230
1 28353U 04021B   22218.14726951  .00000294  00000-0  17876-3 0    86\
2 28353  71.0013 104.0568 0006768 241.3750 118.6692 14.14276179937383
1 28353U 04021B   22218.14726951  .00000294  00000-0  17876-3 0    19\
2 28353  71.0013 104.0568 0006768 241.3750 118.6692 14.14276179937372
1 28353U 04021B   22218.71309855  .00000285  00000-0  17389-3 0    11\
2 28353  71.0013 102.8701 0006759 240.9029 119.1417 14.14276573937459
1 28353U 04021B   22219.42038474  .00000275  00000-0  16876-3 0    15\
2 28353  71.0013 101.3866 0006745 240.3778 119.6672 14.14276999937556
1 28353U 04021B   22219.84475625  .00000268  00000-0  16532-3 0    15\
2 28353  71.0013 100.4965 0006744 240.0041 120.0412 14.14277279937612
1 28353U 04021B   22220.41058488  .00000265  00000-0  16386-3 0    18\
2 28353  71.0013  99.3096 0006727 239.5335 120.5123 14.14277659937697
1 28353U 04021B   22220.90568477  .00000255  00000-0  15813-3 0    19\
2 28353  71.0013  98.2712 0006724 239.0762 120.9699 14.14277946937765
1 28353U 04021B   22221.11787043  .00000252  00000-0  15705-3 0   102\
2 28353  71.0013  97.8261 0006720 238.9342 121.1121 14.14278074937808
1 28353U 04021B   22221.40078459  .00000245  00000-0  15307-3 0    18\
2 28353  71.0013  97.2327 0006713 238.7195 121.3270 14.14278229937833
1 28353U 04021B   22221.61297020  .00000241  00000-0  15087-3 0    19\
2 28353  71.0013  96.7876 0006709 238.5102 121.5365 14.14278357937869
1 28353U 04021B   22222.10806985  .00000230  00000-0  14525-3 0    14\
2 28353  71.0013  95.7491 0006704 238.1046 121.9425 14.14278616937936
1 28353U 04021B   22223.09826889  .00000202  00000-0  13087-3 0   110\
2 28353  71.0013  93.6721 0006688 237.2546 122.7932 14.14279099938080
1 28353U 04021B   22223.09826889  .00000202  00000-0  13087-3 0    19\
2 28353  71.0013  93.6721 0006688 237.2546 122.7932 14.14279099938079
1 28353U 04021B   22224.58356676  .00000157  00000-0  10728-3 0    14\
2 28353  71.0013  90.5567 0006662 235.9950 124.0540 14.14279767938284
1 28353U 04021B   22224.72502365  .00000148  00000-0  10246-3 0   125\
2 28353  71.0013  90.2600 0006660 235.8716 124.1775 14.14279806938315
1 28353U 04021B   22224.79575209  .00000147  00000-0  10161-3 0    12\
2 28353  71.0013  90.1116 0006661 235.8243 124.2248 14.14279829938313
1 28353U 04021B   22225.07866595  .00000135  00000-0  95769-4 0    10\
2 28353  71.0013  89.5182 0006655 235.5809 124.4684 14.14279902938358
1 28353U 04021B   22225.85667875  .00000103  00000-0  78893-4 0    10\
2 28353  71.0013  87.8864 0006644 234.9648 125.0851 14.14280141938460
1 28353U 04021B   22226.06886404  .00000094  00000-0  74346-4 0    13\
2 28353  71.0013  87.4413 0006642 234.8075 125.2426 14.14280195938499
1 28353U 04021B   22226.84687669  .00000060  00000-0  56305-4 0   143\
2 28353  71.0013  85.8094 0006630 234.1035 125.9472 14.14280371938610
1 28353U 04021B   22226.84687669  .00000060  00000-0  56305-4 0    19\
2 28353  71.0013  85.8094 0006630 234.1035 125.9472 14.14280371938609
1 28353U 04021B   22227.05906197  .00000053  00000-0  52721-4 0    13\
2 28353  71.0013  85.3643 0006625 233.9184 126.1325 14.14280417938634
1 28353U 04021B   22227.83707453  .00000019  00000-0  34717-4 0    10\
2 28353  71.0013  83.7325 0006609 233.2659 126.7857 14.14280535938744
1 28353U 04021B   22228.04925974  .00000016  00000-0  33314-4 0   158\
2 28353  71.0013  83.2874 0006601 233.1215 126.9302 14.14280603938784
1 28353U 04021B   22228.54435859 -.00000001  00000-0  24321-4 0    19\
2 28353  71.0013  82.2489 0006590 232.7050 127.3472 14.14280681938840
1 28353U 04021B   22228.82727222 -.00000014  00000-0  17376-4 0    14\
2 28353  71.0013  81.6555 0006585 232.4595 127.5930 14.14280680938886
1 28353U 04021B   22229.03945750 -.00000024  00000-0  12289-4 0    15\
2 28353  71.0013  81.2104 0006578 232.3182 127.7344 14.14280671938910
1 28353U 04021B   22230.02965522 -.00000056  00000-0 -43726-5 0   168\
2 28353  71.0013  79.1334 0006557 231.4724 128.5811 14.14280697939063
1 28353U 04021B   22230.31256886 -.00000065  00000-0 -91260-5 0    16\
2 28353  71.0013  78.5400 0006548 231.2233 128.8305 14.14280697939097
1 28353U 04021B   22231.30276664 -.00000090  00000-0 -22232-4 0   179\
2 28353  71.0012  76.4630 0006522 230.3624 129.6923 14.14280652939247
1 28353U 04021B   22231.30276664 -.00000090  00000-0 -22232-4 0    12\
2 28353  71.0012  76.4630 0006522 230.3624 129.6923 14.14280652939236
1 28353U 04021B   22232.57587821 -.00000119  00000-0 -37474-4 0   186\
2 28353  71.0012  73.7926 0006489 229.1514 130.9046 14.14280517939422
1 28353U 04021B   22232.57587821 -.00000119  00000-0 -37474-4 0    18\
2 28353  71.0012  73.7926 0006489 229.1514 130.9046 14.14280517939411
1 28353U 04021B   22232.85879194 -.00000124  00000-0 -39797-4 0    12\
2 28353  71.0012  73.1992 0006484 228.8869 131.1694 14.14280453939457
1 28353U 04021B   22233.56607626 -.00000139  00000-0 -47698-4 0    15\
2 28353  71.0012  71.7156 0006461 228.1342 131.9229 14.14280344939559
1 28353U 04021B   22233.84899002 -.00000142  00000-0 -49142-4 0   196\
2 28353  71.0012  71.1222 0006456 227.8571 132.2004 14.14280281939602
1 28353U 04021B   22233.84899002 -.00000142  00000-0 -49142-4 0    17\
2 28353  71.0012  71.1222 0006456 227.8571 132.2004 14.14280281939590
1 28353U 04021B   22234.27336071 -.00000153  00000-0 -54896-4 0    11\
2 28353  71.0011  70.2319 0006435 227.5447 132.5131 14.14280161939650
1 28353U 04021B   22234.83918830 -.00000164  00000-0 -61010-4 0    10\
2 28353  71.0010  69.0451 0006425 226.9209 133.1376 14.14280013939733
1 28353U 04021B   22234.98064524 -.00000168  00000-0 -62937-4 0   202\
2 28353  71.0010  68.7484 0006419 226.7581 133.3006 14.14279967939760
1 28353U 04021B   22234.98064524 -.00000168  00000-0 -62937-4 0    11\
2 28353  71.0010  68.7484 0006419 226.7581 133.3006 14.14279967939759
1 28353U 04021B   22235.82938677 -.00000183  00000-0 -71085-4 0    15\
2 28353  71.0009  66.9681 0006382 225.8994 134.1604 14.14279742939870
1 28353U 04021B   22236.53667155 -.00000207  00000-0 -83194-4 0   217\
2 28353  71.0009  65.4845 0006358 225.1345 134.9261 14.14279478939987
1 28353U 04021B   22236.53667155 -.00000207  00000-0 -83194-4 0    15\
2 28353  71.0009  65.4845 0006358 225.1345 134.9261 14.14279478939976
1 28353U 04021B   22236.89031409 -.00000221  00000-0 -90607-4 0    14\
2 28353  70.9992  64.7427 0006319 224.0355 136.0264 14.14278880940029
1 28353U 04021B   22237.52687062 -.00000238  00000-0 -99659-4 0    11\
2 28353  70.9991  63.4075 0006281 223.3310 136.7318 14.14278618940110
1 28353U 04021B   22237.80978465 -.00000244  00000-0 -10252-3 0   223\
2 28353  70.9991  62.8141 0006273 223.0240 137.0392 14.14278504940162
1 28353U 04021B   22237.80978465 -.00000244  00000-0 -10252-3 0    10\
2 28353  70.9991  62.8141 0006273 223.0240 137.0392 14.14278504940151
1 28353U 04021B   22238.51706982 -.00000257  00000-0 -10955-3 0    16\
2 28353  70.9991  61.3305 0006243 222.1899 137.8743 14.14278223940251
1 28353U 04021B   22238.79998391 -.00000261  00000-0 -11173-3 0    11\
2 28353  70.9991  60.7371 0006239 221.8718 138.1927 14.14278107940291
1 28353U 04021B   22239.50726934 -.00000275  00000-0 -11914-3 0    11\
2 28353  70.9991  59.2535 0006212 221.0627 139.0028 14.14277780940397
1 28353U 04021B   22239.79018358 -.00000280  00000-0 -12153-3 0    18\
2 28353  70.9991  58.6601 0006199 220.7637 139.3022 14.14277643940435
1 28353U 04021B   22240.56819781 -.00000295  00000-0 -12968-3 0   249\
2 28353  70.9990  57.0281 0006179 219.7704 140.2966 14.14277259940556
1 28353U 04021B   22240.85111215 -.00000298  00000-0 -13112-3 0    18\
2 28353  70.9990  56.4347 0006173 219.4534 140.6139 14.14277121940581
1 28353U 04021B   22241.48766951 -.00000309  00000-0 -13689-3 0    13\
2 28353  70.9990  55.0995 0006150 218.6591 141.4091 14.14276794940675
1 28353U 04021B   22241.77058398 -.00000312  00000-0 -13861-3 0   256\
2 28353  70.9990  54.5061 0006132 218.3060 141.7627 14.14276642940727
1 28353U 04021B   22241.77058398 -.00000312  00000-0 -13861-3 0    10\
2 28353  70.9990  54.5061 0006132 218.3060 141.7627 14.14276642940716
1 28353U 04021B   22242.47787022 -.00000316  00000-0 -14049-3 0    14\
2 28353  70.9989  53.0225 0006090 217.3521 142.7178 14.14276314940813
1 28353U 04021B   22242.83151344 -.00000321  00000-0 -14284-3 0   260\
2 28353  70.9990  52.2807 0006075 216.9382 143.1323 14.14276118940870
1 28353U 04021B   22242.83151344 -.00000321  00000-0 -14284-3 0    13\
2 28353  70.9990  52.2807 0006075 216.9382 143.1323 14.14276118940869
1 28353U 04021B   22243.46807128 -.00000323  00000-0 -14404-3 0    17\
2 28353  70.9990  50.9455 0006045 216.1005 143.9710 14.14275822940953
1 28353U 04021B   22244.17535800 -.00000324  00000-0 -14491-3 0   276\
2 28353  70.9991  49.4620 0006013 215.1714 144.9012 14.14275471941061
1 28353U 04021B   22244.45827275 -.00000326  00000-0 -14590-3 0    11\
2 28353  70.9991  48.8686 0005999 214.7847 145.2884 14.14275317941093
1 28353U 04021B   22244.81191623 -.00000323  00000-0 -14402-3 0    11\
2 28353  70.9992  48.1267 0005976 214.4504 145.6232 14.14275172941140
1 28353U 04021B   22245.51920330 -.00000320  00000-0 -14271-3 0   284\
2 28353  70.9992  46.6431 0005938 213.4690 146.6058 14.14274847941256
1 28353U 04021B   22245.51920330 -.00000320  00000-0 -14271-3 0    15\
2 28353  70.9992  46.6431 0005938 213.4690 146.6058 14.14274847941245
1 28353U 04021B   22245.87284695 -.00000318  00000-0 -14148-3 0    11\
2 28353  70.9992  45.9014 0005922 212.9800 147.0953 14.14274675941297
1 28353U 04021B   22246.50940564 -.00000317  00000-0 -14099-3 0    10\
2 28353  70.9992  44.5662 0005897 211.9471 148.1294 14.14274349941383
1 28353U 04021B   22246.86304901 -.00000333  00000-0 -14959-3 0   291\
2 28353  71.0011  43.8243 0005887 211.9829 148.0937 14.14274138941446
1 28353U 04021B   22247.49960796 -.00000328  00000-0 -14670-3 0    15\
2 28353  71.0011  42.4891 0005857 210.9515 149.1263 14.14273816941523
1 28353U 04021B   22247.78252315 -.00000324  00000-0 -14490-3 0    14\
2 28353  71.0012  41.8957 0005835 210.6594 149.4188 14.14273635941562
1 28353U 04021B   22248.13616713 -.00000318  00000-0 -14175-3 0   305\
2 28353  71.0012  41.1539 0005812 210.1060 149.9729 14.14273472941621
1 28353U 04021B   22248.56053995 -.00000315  00000-0 -14011-3 0    13\
2 28353  71.0012  40.2638 0005797 209.4020 150.6777 14.14273254941675
1 28353U 04021B   22248.84345525 -.00000307  00000-0 -13567-3 0    13\
2 28353  71.0013  39.6704 0005780 208.9718 151.1084 14.14273114941719
1 28353U 04021B   22249.55074350 -.00000299  00000-0 -13139-3 0    12\
2 28353  71.0013  38.1870 0005751 207.8053 152.2763 14.14272787941817
1 28353U 04021B   22249.76293005 -.00000291  00000-0 -12759-3 0    14\
2 28353  71.0014  37.7419 0005737 207.4843 152.5976 14.14272683941846
1 28353U 04021B   22250.47021855 -.00000278  00000-0 -12085-3 0    13\
2 28353  71.0014  36.2584 0005700 206.2969 153.7864 14.14272399941943
1 28353U 04021B   22250.75313403 -.00000270  00000-0 -11647-3 0   326\
2 28353  71.0014  35.6650 0005687 205.8407 154.2432 14.14272266941991
1 28353U 04021B   22251.38969387 -.00000255  00000-0 -10840-3 0    17\
2 28353  71.0015  34.3299 0005654 204.7611 155.3241 14.14272052942079
1 28353U 04021B   22251.81406717 -.00000240  00000-0 -10048-3 0   337\
2 28353  71.0016  33.4398 0005627 204.0993 155.9866 14.14271909942143
1 28353U 04021B   22251.81406717 -.00000240  00000-0 -10048-3 0    12\
2 28353  71.0016  33.4398 0005627 204.0993 155.9866 14.14271909942132
1 28353U 04021B   22252.52135611 -.00000228  00000-0 -94551-4 0    11\
2 28353  71.0017  31.9564 0005594 202.9581 157.1292 14.14271656942231
1 28353U 04021B   22252.80427177 -.00000218  00000-0 -88984-4 0    15\
2 28353  71.0017  31.3631 0005580 202.5004 157.5874 14.14271557942275
1 28353U 04021B   22253.51156089 -.00000198  00000-0 -78899-4 0   342\
2 28353  71.0018  29.8796 0005546 201.3084 158.7808 14.14271365942386
1 28353U 04021B   22253.79447662 -.00000185  00000-0 -72038-4 0    11\
2 28353  71.0018  29.2863 0005530 200.8691 159.2207 14.14271285942410
1 28353U 04021B   22254.50176587 -.00000163  00000-0 -60497-4 0    18\
2 28353  71.0019  27.8028 0005498 199.7136 160.3775 14.14271142942517
1 28353U 04021B   22254.78468166 -.00000152  00000-0 -54547-4 0   359\
2 28353  71.0019  27.2094 0005485 199.3086 160.7830 14.14271058942567
1 28353U 04021B   22254.78468166 -.00000152  00000-0 -54547-4 0    12\
2 28353  71.0019  27.2094 0005485 199.3086 160.7830 14.14271058942556
1 28353U 04021B   22255.49197100 -.00000120  00000-0 -37741-4 0    10\
2 28353  71.0020  25.7260 0005450 198.1339 161.9590 14.14271013942654
1 28353U 04021B   22255.77488680 -.00000104  00000-0 -29505-4 0    18\
2 28353  71.0021  25.1326 0005432 197.7125 162.3809 14.14270979942692
1 28353U 04021B   22256.41144727 -.00000079  00000-0 -16441-4 0    17\
2 28353  71.0022  23.7975 0005404 196.6424 163.4521 14.14270959942787
1 28353U 04021B   22256.55290516 -.00000071  00000-0 -12028-4 0   367\
2 28353  71.0022  23.5008 0005398 196.4335 163.6613 14.14270949942810
1 28353U 04021B   22256.62363414 -.00000067  00000-0 -10366-4 0    13\
2 28353  71.0022  23.3525 0005389 196.2588 163.8362 14.14270942942816
1 28353U 04021B   22257.54311044 -.00000025  00000-0  11913-4 0    19\
2 28353  71.0024  21.4240 0005340 194.8227 165.2739 14.14270973942944
1 28353U 04021B   22258.53331563  .00000022  00000-0  36378-4 0    15\
2 28353  71.0025  19.3473 0005284 193.1864 166.9121 14.14271102943089
1 28353U 04021B   22258.53331563  .00000022  00000-0  36378-4 0   374\
2 28353  71.0025  19.3473 0005284 193.1864 166.9121 14.14271102943090
1 28353U 04021B   22259.59424963  .00000069  00000-0  60771-4 0   384\
2 28353  71.0026  17.1221 0005230 191.5892 168.5110 14.14271308943243
1 28353U 04021B   22259.45279177  .00000059  00000-0  55867-4 0    13\
2 28353  71.0026  17.4188 0005237 191.8136 168.2864 14.14271269943215
1 28353U 04021B   22259.59424963  .00000069  00000-0  60771-4 0    14\
2 28353  71.0026  17.1221 0005230 191.5892 168.5110 14.14271308943232
1 28353U 04021B   22260.58445457  .00000097  00000-0  75883-4 0    17\
2 28353  71.0027  15.0453 0005173 190.0389 170.0631 14.14271510943374
1 28353U 04021B   22260.72591241  .00000103  00000-0  79053-4 0   398\
2 28353  71.0028  14.7487 0005163 189.8011 170.3011 14.14271556943404
1 28353U 04021B   22260.72591241  .00000103  00000-0  79053-4 0    17\
2 28353  71.0028  14.7487 0005163 189.8011 170.3011 14.14271556943392
1 28353U 04021B   22261.50393029  .00000132  00000-0  93985-4 0    10\
2 28353  71.0029  13.1170 0005114 188.6766 171.4268 14.14271861943503
1 28353U 04021B   22261.71611701  .00000141  00000-0  98566-4 0    13\
2 28353  71.0029  12.6721 0005095 188.3917 171.7121 14.14271936943539
1 28353U 04021B   22262.56486360  .00000162  00000-0  10970-3 0   406\
2 28353  71.0030  10.8920 0005050 187.0649 173.0403 14.14272252943665
1 28353U 04021B   22262.70632137  .00000169  00000-0  11362-3 0    17\
2 28353  71.0030  10.5954 0005037 186.8437 173.2617 14.14272320943672
1 28353U 04021B   22263.55506769  .00000194  00000-0  12641-3 0    11\
2 28353  71.0031   8.8153 0004991 185.4750 174.6318 14.14272717943791
1 28353U 04021B   22264.26235612  .00000218  00000-0  13890-3 0   414\
2 28353  71.0032   7.3320 0004943 184.3367 175.7713 14.14273112943905
1 28353U 04021B   22264.26235612  .00000218  00000-0  13890-3 0    10\
2 28353  71.0032   7.3320 0004943 184.3367 175.7713 14.14273112943893
1 28353U 04021B   22265.53547481  .00000249  00000-0  15542-3 0   426\
2 28353  71.0034   4.6620 0004871 182.4532 177.6568 14.14273786944089
1 28353U 04021B   22265.53547481  .00000249  00000-0  15542-3 0    11\
2 28353  71.0034   4.6620 0004871 182.4532 177.6568 14.14273786944078
1 28353U 04021B   22265.67693239  .00000257  00000-0  15925-3 0    13\
2 28353  71.0034   4.3653 0004858 182.2261 177.8841 14.14273887944093
1 28353U 04021B   22266.52567770  .00000277  00000-0  17012-3 0    19\
2 28353  71.0035   2.5854 0004801 181.0055 179.1058 14.14274419944214
1 28353U 04021B   22266.66713522  .00000283  00000-0  17314-3 0   430\
2 28353  71.0035   2.2887 0004789 180.7736 179.3379 14.14274525944243
1 28353U 04021B   22266.66713522  .00000283  00000-0  17314-3 0    14\
2 28353  71.0035   2.2887 0004789 180.7736 179.3379 14.14274525944232
1 28353U 04021B   22267.51588005  .00000306  00000-0  18529-3 0    10\
2 28353  71.0036   0.5086 0004735 179.5920 180.5207 14.14275133944350
1 28353U 04021B   22267.65733749  .00000312  00000-0  18803-3 0    14\
2 28353  71.0036   0.2120 0004722 179.3311 180.7818 14.14275250944376
1 28353U 04021B   22268.50608189  .00000325  00000-0  19524-3 0   440\
2 28353  71.0037 358.4320 0004666 178.1390 181.9751 14.14275861944500
1 28353U 04021B   22268.50608189  .00000325  00000-0  19524-3 0    13\
2 28353  71.0037 358.4320 0004666 178.1390 181.9751 14.14275861944498
1 28353U 04021B   22268.64753925  .00000331  00000-0  19821-3 0    14\
2 28353  71.0037 358.1353 0004652 177.9252 182.1890 14.14275981944513
1 28353U 04021B   22269.49628315  .00000340  00000-0  20291-3 0    15\
2 28353  71.0037 356.3552 0004602 176.6825 183.4329 14.14276618944633
1 28353U 04021B   22270.48648381  .00000348  00000-0  20728-3 0   452\
2 28353  71.0038 354.2785 0004533 175.2974 184.8191 14.14277398944786
1 28353U 04021B   22271.47668386  .00000348  00000-0  20724-3 0    17\
2 28353  71.0038 352.2018 0004456 173.9432 186.1745 14.14278186944912
1 28353U 04021B   22272.18396924  .00000346  00000-0  20585-3 0   464\
2 28353  71.0038 350.7184 0004413 172.8039 187.3148 14.14278768945022
1 28353U 04021B   22272.46688334  .00000338  00000-0  20199-3 0    17\
2 28353  71.0038 350.1250 0004393 172.4897 187.6292 14.14278936945058
1 28353U 04021B   22273.45708221  .00000321  00000-0  19295-3 0   472\
2 28353  71.0038 348.0484 0004317 171.1968 188.9231 14.14279676945200
1 28353U 04021B   22273.45708221  .00000321  00000-0  19295-3 0    12\
2 28353  71.0038 348.0484 0004317 171.1968 188.9231 14.14279676945198
1 28353U 04021B   22274.51800898  .00000299  00000-0  18117-3 0   480\
2 28353  71.0038 345.8234 0004223 169.7329 190.3880 14.14280435945356
1 28353U 04021B   22274.51800898  .00000299  00000-0  18117-3 0    19\
2 28353  71.0038 345.8234 0004223 169.7329 190.3880 14.14280435945345
1 28353U 04021B   22274.65946580  .00000296  00000-0  17957-3 0    11\
2 28353  71.0037 345.5266 0004222 169.6902 190.4307 14.14280532945366
1 28353U 04021B   22275.57893512  .00000269  00000-0  16576-3 0    15\
2 28353  71.0036 343.5983 0004143 168.4965 191.6253 14.14281130945499
1 28353U 04021B   22275.64966351  .00000266  00000-0  16420-3 0   492\
2 28353  71.0036 343.4499 0004137 168.4377 191.6841 14.14281166945515
1 28353U 04021B   22275.64966351  .00000266  00000-0  16420-3 0    10\
2 28353  71.0036 343.4499 0004137 168.4377 191.6841 14.14281166945504
1 28353U 04021B   22276.49840398  .00000256  00000-0  15873-3 0    16\
2 28353  71.0036 341.6700 0004055 167.4159 192.7065 14.14281764945622
1 28353U 04021B   22276.99350244  .00000247  00000-0  15422-3 0   501\
2 28353  71.0035 340.6316 0004011 166.6334 193.4895 14.14282106945700
1 28353U 04021B   22277.55932914  .00000233  00000-0  14673-3 0    12\
2 28353  71.0034 339.4449 0003967 165.9295 194.1938 14.14282424945775
1 28353U 04021B   22278.26661231  .00000206  00000-0  13288-3 0   518\
2 28353  71.0033 337.9615 0003911 164.9197 195.2042 14.14282792945889
1 28353U 04021B   22278.47879726  .00000201  00000-0  12991-3 0    11\
2 28353  71.0033 337.5165 0003896 164.6843 195.4398 14.14282870945908
1 28353U 04021B   22279.53972159  .00000176  00000-0  11724-3 0    17\
2 28353  71.0032 335.2913 0003809 163.2651 196.8598 14.14283398946059
1 28353U 04021B   22279.89336296  .00000164  00000-0  11097-3 0   528\
2 28353  71.0031 334.5496 0003771 162.8304 197.2946 14.14283541946113
1 28353U 04021B   22279.61044988  .00000174  00000-0  11571-3 0    14\
2 28353  71.0032 335.1429 0003801 163.2156 196.9093 14.14283421946061
1 28353U 04021B   22280.45918903  .00000156  00000-0  10672-3 0    16\
2 28353  71.0031 333.3629 0003723 162.1063 198.0191 14.14283814946181
1 28353U 04021B   22280.88355854  .00000140  00000-0  97931-4 0    10\
2 28353  71.0030 332.4728 0003684 161.4371 198.6886 14.14283961946247
1 28353U 04021B   22281.16647151  .00000125  00000-0  90153-4 0   535\
2 28353  71.0029 331.8794 0003666 160.9878 199.1382 14.14284046946294
1 28353U 04021B   22281.52011271  .00000123  00000-0  89294-4 0    18\
2 28353  71.0029 331.1377 0003635 160.5521 199.5740 14.14284187946334
1 28353U 04021B   22281.59084095  .00000123  00000-0  89113-4 0    19\
2 28353  71.0029 330.9893 0003623 160.4777 199.6485 14.14284217946345
1 28353U 04021B   22282.22739493  .00000102  00000-0  78481-4 0   540\
2 28353  71.0028 329.6542 0003571 159.5416 200.5850 14.14284449946447
1 28353U 04021B   22282.51030782  .00000098  00000-0  76426-4 0    10\
2 28353  71.0028 329.0609 0003542 159.1684 200.9583 14.14284536946473
1 28353U 04021B   22282.86394886  .00000090  00000-0  71900-4 0    10\
2 28353  71.0028 328.3192 0003503 158.6556 201.4713 14.14284654946529
1 28353U 04021B   22283.50050273  .00000071  00000-0  62152-4 0   558\
2 28353  71.0027 326.9841 0003451 157.7745 202.3527 14.14284810946623
1 28353U 04021B   22283.50050273  .00000071  00000-0  62152-4 0    19\
2 28353  71.0027 326.9841 0003451 157.7745 202.3527 14.14284810946612
1 28353U 04021B   22284.41996931  .00000034  00000-0  42834-4 0    14\
2 28353  71.0025 325.0557 0003379 156.3659 203.7619 14.14284950946748
1 28353U 04021B   22284.56142567  .00000031  00000-0  41308-4 0   560\
2 28353  71.0025 324.7589 0003373 156.0585 204.0695 14.14284997946770
1 28353U 04021B   22284.56142567  .00000031  00000-0  41308-4 0    10\
2 28353  71.0025 324.7589 0003373 156.0585 204.0695 14.14284997946769
1 28353U 04021B   22285.55162035 -.00000007  00000-0  21149-4 0    17\
2 28353  71.0023 322.6821 0003298 154.4555 205.6730 14.14285078946902
1 28353U 04021B   22286.18817404 -.00000037  00000-0  55314-5 0   570\
2 28353  71.0021 321.3470 0003254 153.3354 206.7936 14.14285081947009
1 28353U 04021B   22286.47108683 -.00000046  00000-0  66436-6 0    11\
2 28353  71.0021 320.7536 0003236 152.8603 207.2689 14.14285059947035
1 28353U 04021B   22286.82472779 -.00000061  00000-0 -70393-5 0    14\
2 28353  71.0019 320.0118 0003204 152.0227 208.1068 14.14285037947082
1 28353U 04021B   22287.24909688 -.00000073  00000-0 -13399-4 0   582\
2 28353  71.0018 319.1217 0003173 151.3888 208.7409 14.14285040947157
1 28353U 04021B   22287.46128146 -.00000074  00000-0 -13580-4 0    19\
2 28353  71.0018 318.6767 0003155 151.0024 209.1274 14.14285048947175
1 28353U 04021B   22287.81492236 -.00000082  00000-0 -18014-4 0    18\
2 28353  71.0016 317.9348 0003125 150.3633 209.7667 14.14285053947229
1 28353U 04021B   22288.52220425 -.00000095  00000-0 -24646-4 0   591\
2 28353  71.0014 316.4513 0003076 149.0729 211.0575 14.14285033947335
1 28353U 04021B   22288.52220425 -.00000095  00000-0 -24646-4 0    18\
2 28353  71.0014 316.4513 0003076 149.0729 211.0575 14.14285033947324
1 28353U 04021B   22288.80511699 -.00000103  00000-0 -29068-4 0    18\
2 28353  71.0014 315.8579 0003055 148.4696 211.6610 14.14285007947363
1 28353U 04021B   22289.51239895 -.00000117  00000-0 -36189-4 0    19\
2 28353  71.0012 314.3744 0003020 147.2230 212.9080 14.14284925947466
1 28353U 04021B   22289.79531171 -.00000121  00000-0 -38287-4 0   602\
2 28353  71.0012 313.7809 0002999 146.6161 213.5151 14.14284910947517
1 28353U 04021B   22289.79531171 -.00000121  00000-0 -38287-4 0    17\
2 28353  71.0012 313.7809 0002999 146.6161 213.5151 14.14284910947506
1 28353U 04021B   22290.50259378 -.00000131  00000-0 -43824-4 0    18\
2 28353  71.0011 312.2973 0002928 144.7851 215.3465 14.14284812947608
1 28353U 04021B   22290.78550659 -.00000137  00000-0 -46887-4 0    12\
2 28353  71.0010 311.7039 0002918 144.3028 215.8290 14.14284760947642
1 28353U 04021B   22291.13914764 -.00000150  00000-0 -53572-4 0   613\
2 28353  71.0009 310.9621 0002906 143.5839 216.5481 14.14284670947703
1 28353U 04021B   22291.35133231 -.00000149  00000-0 -53144-4 0    16\
2 28353  71.0009 310.5170 0002902 143.1629 216.9693 14.14284625947728
1 28353U 04021B   22291.77570158 -.00000155  00000-0 -56184-4 0    19\
2 28353  71.0007 309.6268 0002891 142.3883 217.7442 14.14284550947787
1 28353U 04021B   22292.20007085 -.00000162  00000-0 -60105-4 0   625\
2 28353  71.0006 308.7367 0002878 141.6090 218.5238 14.14284467947850
1 28353U 04021B   22292.48298377 -.00000163  00000-0 -60580-4 0    12\
2 28353  71.0006 308.1433 0002861 140.8839 219.2490 14.14284410947881
1 28353U 04021B   22293.26099427 -.00000180  00000-0 -69143-4 0   635\
2 28353  71.0005 306.5113 0002831 139.2157 220.9178 14.14284202948005
1 28353U 04021B   22293.47317898 -.00000181  00000-0 -69758-4 0    18\
2 28353  71.0004 306.0663 0002822 138.6701 221.4635 14.14284157948022
1 28353U 04021B   22294.39264612 -.00000198  00000-0 -78844-4 0   648\
2 28353  71.0003 304.1376 0002787 136.4640 223.6702 14.14283890948166
1 28353U 04021B   22294.39264612 -.00000198  00000-0 -78844-4 0    19\
2 28353  71.0003 304.1376 0002787 136.4640 223.6702 14.14283890948155
1 28353U 04021B   22294.74628739 -.00000206  00000-0 -83144-4 0    11\
2 28353  71.0002 303.3958 0002773 135.5759 224.5586 14.14283774948204
1 28353U 04021B   22295.45356999 -.00000210  00000-0 -84904-4 0   656\
2 28353  71.0001 301.9123 0002742 133.7077 226.4273 14.14283585948316
1 28353U 04021B   22295.45356999 -.00000210  00000-0 -84904-4 0    16\
2 28353  71.0001 301.9123 0002742 133.7077 226.4273 14.14283585948305
1 28353U 04021B   22295.73648305 -.00000217  00000-0 -88498-4 0    11\
2 28353  71.0001 301.3188 0002735 132.9757 227.1595 14.14283487948348
1 28353U 04021B   22296.44376577 -.00000223  00000-0 -91714-4 0    11\
2 28353  70.9999 299.8353 0002728 131.3032 228.8325 14.14283281948440
1 28353U 04021B   22296.72667891 -.00000231  00000-0 -96237-4 0   669\
2 28353  70.9999 299.2419 0002733 130.6539 229.4821 14.14283162948498
1 28353U 04021B   22296.72667891 -.00000231  00000-0 -96237-4 0    18\
2 28353  70.9999 299.2419 0002733 130.6539 229.4821 14.14283162948487
1 28353U 04021B   22297.43396182 -.00000239  00000-0 -10030-3 0    13\
2 28353  70.9998 297.7583 0002727 129.0159 231.1206 14.14282913948585
1 28353U 04021B   22298.07051657 -.00000260  00000-0 -11133-3 0   670\
2 28353  70.9997 296.4231 0002725 127.4947 232.6423 14.14282624948682
1 28353U 04021B   22298.42415821 -.00000252  00000-0 -10691-3 0    13\
2 28353  70.9996 295.6814 0002707 126.0484 234.0889 14.14282515948726
1 28353U 04021B   22299.20216986 -.00000263  00000-0 -11252-3 0   680\
2 28353  70.9994 294.0492 0002691 124.0457 236.0921 14.14282175948843
1 28353U 04021B   22299.41435491 -.00000259  00000-0 -11054-3 0    19\
2 28353  70.9994 293.6041 0002689 123.3428 236.7952 14.14282107948863
1 28353U 04021B   22299.69726833 -.00000264  00000-0 -11325-3 0    19\
2 28353  70.9993 293.0105 0002679 122.4339 237.7043 14.14281966948906
1 28353U 04021B   22300.33382354 -.00000256  00000-0 -10889-3 0   698\
2 28353  70.9992 291.6752 0002676 120.9155 239.2231 14.14281749949000
1 28353U 04021B   22300.33382354 -.00000256  00000-0 -10889-3 0    14\
2 28353  70.9992 291.6752 0002676 120.9155 239.2231 14.14281749948997
1 28353U 04021B   22300.68746541 -.00000256  00000-0 -10912-3 0    11\
2 28353  70.9992 290.9333 0002671 119.8106 240.3282 14.14281598949040
1 28353U 04021B   22301.39474922 -.00000242  00000-0 -10179-3 0    11\
2 28353  70.9991 289.4496 0002670 118.0571 242.0821 14.14281359949142
1 28353U 04021B   22301.67766278 -.00000233  00000-0 -97111-4 0   708\
2 28353  70.9991 288.8561 0002671 117.1468 242.9926 14.14281289949196
1 28353U 04021B   22301.67766278 -.00000233  00000-0 -97111-4 0    12\
2 28353  70.9991 288.8561 0002671 117.1468 242.9926 14.14281289949185
1 28353U 04021B   22302.38494681 -.00000214  00000-0 -86920-4 0    12\
2 28353  70.9990 287.3724 0002679 115.3509 244.7891 14.14281072949285
1 28353U 04021B   22302.66786047 -.00000215  00000-0 -87822-4 0    16\
2 28353  70.9990 286.7789 0002683 114.3874 245.7528 14.14280938949321
1 28353U 04021B   22303.23368783 -.00000191  00000-0 -75073-4 0    11\
2 28353  70.9990 285.5919 0002686 112.8316 247.3090 14.14280810949400
1 28353U 04021B   22303.65805841 -.00000176  00000-0 -67265-4 0    15\
2 28353  70.9990 284.7017 0002694 111.6272 248.5138 14.14280713949461
1 28353U 04021B   22304.36534276 -.00000158  00000-0 -57989-4 0    17\
2 28353  70.9990 283.2181 0002704 110.0194 250.1219 14.14280511949561
1 28353U 04021B   22304.64825652 -.00000149  00000-0 -52958-4 0   717\
2 28353  70.9990 282.6246 0002709 109.2085 250.9330 14.14280463949614
1 28353U 04021B   22304.64825652 -.00000149  00000-0 -52958-4 0    10\
2 28353  70.9990 282.6246 0002709 109.2085 250.9330 14.14280463949603
1 28353U 04021B   22305.35554108 -.00000132  00000-0 -44100-4 0    16\
2 28353  70.9990 281.1408 0002730 107.1265 253.0156 14.14280273949708
1 28353U 04021B   22305.63845487 -.00000124  00000-0 -39897-4 0    18\
2 28353  70.9990 280.5474 0002734 106.3430 253.7993 14.14280235949741
1 28353U 04021B   22306.13355403 -.00000112  00000-0 -33859-4 0   725\
2 28353  70.9990 279.5088 0002743 105.2388 254.9038 14.14280150949828
1 28353U 04021B   22306.34573947 -.00000102  00000-0 -28610-4 0    13\
2 28353  70.9991 279.0637 0002758 104.5001 255.6427 14.14280119949841
1 28353U 04021B   22307.19448094 -.00000074  00000-0 -13965-4 0   735\
2 28353  70.9991 277.2833 0002774 102.3332 257.8101 14.14280071949974
1 28353U 04021B   22307.33593788 -.00000071  00000-0 -12499-4 0    11\
2 28353  70.9991 276.9866 0002777 101.9590 258.1844 14.14280054949980
1 28353U 04021B   22308.32613629 -.00000032  00000-0  83107-5 0   749\
2 28353  70.9992 274.9095 0002805  99.3282 260.8158 14.14280110950133
1 28353U 04021B   22308.32613629 -.00000032  00000-0  83107-5 0    19\
2 28353  70.9992 274.9095 0002805  99.3282 260.8158 14.14280110950122
1 28353U 04021B   22308.60905013 -.00000025  00000-0  11730-4 0    15\
2 28353  70.9992 274.3160 0002813  98.5478 261.5963 14.14280113950165
1 28353U 04021B   22309.31633471 -.00000012  00000-0  18383-4 0    17\
2 28353  70.9992 272.8324 0002826  96.9025 263.2419 14.14280107950263
1 28353U 04021B   22309.59924853 -.00000006  00000-0  21825-4 0   753\
2 28353  70.9992 272.2389 0002832  96.1860 263.9585 14.14280125950311
1 28353U 04021B   22309.59924853 -.00000006  00000-0  21825-4 0    12\
2 28353  70.9992 272.2389 0002832  96.1860 263.9585 14.14280125950300
1 28353U 04021B   22310.30653313  .00000009  00000-0  29469-4 0    17\
2 28353  70.9992 270.7553 0002852  94.3216 265.8232 14.14280150950402
1 28353U 04021B   22310.87236064  .00000022  00000-0  36665-4 0   762\
2 28353  70.9992 269.5684 0002859  93.0960 267.0490 14.14280255950497
1 28353U 04021B   22311.86255891  .00000070  00000-0  61320-4 0    18\
2 28353  70.9994 267.4914 0002887  90.5296 269.6157 14.14280524950629
1 28353U 04021B   22312.28692958  .00000070  00000-0  61726-4 0   777\
2 28353  70.9994 266.6012 0002896  89.4942 270.6512 14.14280521950695
1 28353U 04021B   22312.28692958  .00000070  00000-0  61726-4 0    14\
2 28353  70.9994 266.6012 0002896  89.4942 270.6512 14.14280521950684
1 28353U 04021B   22313.56004115  .00000139  00000-0  97563-4 0    12\
2 28353  70.9996 263.9309 0002922  86.1235 274.0221 14.14281061950869
1 28353U 04021B   22313.84295487  .00000146  00000-0  10112-3 0   783\
2 28353  70.9996 263.3375 0002944  85.5621 274.5837 14.14281139950912
1 28353U 04021B   22313.84295487  .00000146  00000-0  10112-3 0    19\
2 28353  70.9996 263.3375 0002944  85.5621 274.5837 14.14281139950901
1 28353U 04021B   22314.55023891  .00000170  00000-0  11403-3 0    17\
2 28353  70.9998 261.8539 0002959  83.7528 276.3931 14.14281392951008
1 28353U 04021B   22314.83315245  .00000182  00000-0  12038-3 0    13\
2 28353  70.9998 261.2605 0002962  83.0708 277.0751 14.14281540951040
1 28353U 04021B   22315.18679439  .00000196  00000-0  12742-3 0   792\
2 28353  70.9999 260.5187 0002969  82.1843 277.9617 14.14281677951103
1 28353U 04021B   22315.54043625  .00000211  00000-0  13529-3 0    11\
2 28353  70.9999 259.7769 0002983  81.1833 278.9627 14.14281873951147
1 28353U 04021B   22315.89407806  .00000222  00000-0  14102-3 0    14\
2 28353  71.0000 259.0352 0002993  80.4149 279.7311 14.14282069951198
1 28353U 04021B   22316.53063323  .00000247  00000-0  15400-3 0   804\
2 28353  71.0001 257.7000 0003005  78.7102 281.4358 14.14282410951290
1 28353U 04021B   22316.88427490  .00000251  00000-0  15647-3 0    12\
2 28353  71.0002 256.9583 0003014  77.9056 282.2404 14.14282600951334
1 28353U 04021B   22317.23791652  .00000273  00000-0  16789-3 0    18\
2 28353  71.0003 256.2165 0003018  76.9663 283.1796 14.14282848951384
1 28353U 04021B   22317.80374292  .00000291  00000-0  17698-3 0   816\
2 28353  71.0004 255.0298 0003031  75.4243 284.7216 14.14283251951475
1 28353U 04021B   22317.80374292  .00000291  00000-0  17698-3 0    18\
2 28353  71.0004 255.0298 0003031  75.4243 284.7216 14.14283251951464
1 28353U 04021B   22318.22811267  .00000303  00000-0  18338-3 0    19\
2 28353  71.0005 254.1396 0003043  74.3133 285.8325 14.14283516951527
1 28353U 04021B   22318.93539531  .00000307  00000-0  18581-3 0   821\
2 28353  71.0006 252.6561 0003054  72.5315 287.6140 14.14283967951636
1 28353U 04021B   22318.86466707  .00000307  00000-0  18549-3 0    12\
2 28353  71.0006 252.8045 0003055  72.7141 287.4315 14.14283925951619
1 28353U 04021B   22319.21830832  .00000318  00000-0  19121-3 0    15\
2 28353  71.0006 252.0627 0003063  71.7551 288.3904 14.14284175951667
1 28353U 04021B   22319.85486237  .00000321  00000-0  19315-3 0    10\
2 28353  71.0007 250.7276 0003080  70.1049 290.0405 14.14284625951753
1 28353U 04021B   22320.13777523  .00000330  00000-0  19770-3 0   839\
2 28353  71.0008 250.1342 0003081  69.3355 290.8098 14.14284832951805
1 28353U 04021B   22320.56214439  .00000336  00000-0  20070-3 0    19\
2 28353  71.0009 249.2442 0003096  68.1584 291.9867 14.14285171951851
1 28353U 04021B   22321.26942616  .00000343  00000-0  20463-3 0   847\
2 28353  71.0010 247.7608 0003114  66.1776 293.9673 14.14285712951962
1 28353U 04021B   22321.26942616  .00000343  00000-0  20463-3 0    16\
2 28353  71.0010 247.7608 0003114  66.1776 293.9673 14.14285712951951
1 28353U 04021B   22322.54253257  .00000340  00000-0  20266-3 0   854\
2 28353  71.0013 245.0906 0003141  62.7189 297.4252 14.14286650952142
1 28353U 04021B   22323.17908544  .00000340  00000-0  20294-3 0    19\
2 28353  71.0013 243.7556 0003157  60.9609 299.1829 14.14287135952229
1 28353U 04021B   22324.16927832  .00000334  00000-0  19946-3 0   868\
2 28353  71.0015 241.6788 0003176  58.1187 302.0244 14.14287864952376
1 28353U 04021B   22324.16927832  .00000334  00000-0  19946-3 0    15\
2 28353  71.0015 241.6788 0003176  58.1187 302.0244 14.14287864952365
1 28353U 04021B   22324.87655859  .00000323  00000-0  19407-3 0    10\
2 28353  71.0016 240.1955 0003197  56.1620 303.9806 14.14288389952467
1 28353U 04021B   22325.15947065  .00000332  00000-0  19857-3 0    14\
2 28353  71.0016 239.6021 0003207  55.3049 304.8375 14.14288635952502
1 28353U 04021B   22325.72529463  .00000322  00000-0  19348-3 0   873\
2 28353  71.0017 238.4155 0003227  53.8084 306.3336 14.14289034952599
1 28353U 04021B   22325.86675058  .00000316  00000-0  19046-3 0    14\
2 28353  71.0017 238.1188 0003228  53.3907 306.7512 14.14289114952603
1 28353U 04021B   22326.22039047  .00000317  00000-0  19093-3 0    10\
2 28353  71.0017 237.3772 0003243  52.2951 307.8464 14.14289369952652
1 28353U 04021B   22326.78621408  .00000306  00000-0  18478-3 0   888\
2 28353  71.0018 236.1905 0003263  50.7601 309.3811 14.14289769952742
1 28353U 04021B   22327.49349336  .00000301  00000-0  18251-3 0    13\
2 28353  71.0019 234.7071 0003289  48.7137 311.4268 14.14290275952834
1 28353U 04021B   22327.77640498  .00000291  00000-0  17741-3 0    18\
2 28353  71.0020 234.1137 0003290  48.0480 312.0922 14.14290458952870
1 28353U 04021B   22328.20077243  .00000285  00000-0  17422-3 0   894\
2 28353  71.0020 233.2237 0003307  46.7718 313.3679 14.14290710952941
1 28353U 04021B   22328.48368396  .00000280  00000-0  17141-3 0    13\
2 28353  71.0021 232.6303 0003323  46.0173 314.1223 14.14290903952976
1 28353U 04021B   22328.76659546  .00000269  00000-0  16550-3 0    14\
2 28353  71.0021 232.0370 0003333  45.3410 314.7984 14.14291071953014
1 28353U 04021B   22329.19096267  .00000256  00000-0  15880-3 0    18\
2 28353  71.0021 231.1470 0003342  44.1426 315.9963 14.14291286953073
1 28353U 04021B   22329.82751323  .00000240  00000-0  15052-3 0    13\
2 28353  71.0022 229.8119 0003365  42.3843 317.7539 14.14291697953161
1 28353U 04021B   22330.18115240  .00000231  00000-0  14577-3 0   905\
2 28353  71.0022 229.0703 0003384  41.2795 318.8582 14.14291885953223
1 28353U 04021B   22330.46406368  .00000218  00000-0  13895-3 0    19\
2 28353  71.0023 228.4770 0003395  40.5220 319.6154 14.14292017953253
1 28353U 04021B   22330.74697493  .00000206  00000-0  13266-3 0    10\
2 28353  71.0022 227.8837 0003404  39.8057 320.3315 14.14292164953294
1 28353U 04021B   22331.45425293  .00000175  00000-0  11653-3 0   918\
2 28353  71.0023 226.4003 0003438  37.8194 322.3170 14.14292457953401
1 28353U 04021B   22331.45425293  .00000175  00000-0  11653-3 0    19\
2 28353  71.0023 226.4003 0003438  37.8194 322.3170 14.14292457953399
1 28353U 04021B   22331.66643630  .00000168  00000-0  11266-3 0    11\
2 28353  71.0022 225.9553 0003445  37.2990 322.8371 14.14292560953425
1 28353U 04021B   22332.16153075  .00000149  00000-0  10265-3 0    13\
2 28353  71.0022 224.9170 0003462  35.9295 324.2059 14.14292758953496
1 28353U 04021B   22333.08099171  .00000106  00000-0  80160-4 0   926\
2 28353  71.0022 222.9887 0003505  33.4765 326.6578 14.14293055953631
1 28353U 04021B   22333.15171947  .00000105  00000-0  80053-4 0    16\
2 28353  71.0022 222.8403 0003509  33.3310 326.8033 14.14293096953636
1 28353U 04021B   22334.14190794  .00000065  00000-0  58658-4 0    18\
2 28353  71.0021 220.7637 0003554  30.7927 329.3403 14.14293374953779
1 28353U 04021B   22334.14190794  .00000065  00000-0  58658-4 0   939\
2 28353  71.0021 220.7637 0003554  30.7927 329.3403 14.14293374953780
1 28353U 04021B   22335.41500718  .00000017  00000-0  33752-4 0    15\
2 28353  71.0020 218.0937 0003619  27.3536 332.7777 14.14293627953954
1 28353U 04021B   22335.41500718  .00000017  00000-0  33752-4 0   947\
2 28353  71.0020 218.0937 0003619  27.3536 332.7777 14.14293627953965
1 28353U 04021B   22336.40519539 -.00000013  00000-0  18134-4 0    10\
2 28353  71.0018 216.0171 0003673  24.8588 335.2710 14.14293747954092
1 28353U 04021B   22337.39538361 -.00000039  00000-0  46128-5 0   959\
2 28353  71.0017 213.9404 0003730  22.5070 337.6215 14.14293796954248
1 28353U 04021B   22337.39538361 -.00000039  00000-0  46128-5 0    16\
2 28353  71.0017 213.9404 0003730  22.5070 337.6215 14.14293796954237
1 28353U 04021B   22337.81975001 -.00000053  00000-0 -29170-5 0    14\
2 28353  71.0016 213.0504 0003752  21.5455 338.5825 14.14293773954296
1 28353U 04021B   22338.10266095 -.00000055  00000-0 -39411-5 0    14\
2 28353  71.0016 212.4571 0003770  20.8873 339.2402 14.14293775954335
1 28353U 04021B   22338.59775514 -.00000069  00000-0 -11099-4 0   968\
2 28353  71.0016 211.4188 0003807  19.9212 340.2058 14.14293743954418
1 28353U 04021B   22338.80993827 -.00000071  00000-0 -12307-4 0    13\
2 28353  71.0015 210.9738 0003815  19.3861 340.7406 14.14293759954436
1 28353U 04021B   22339.37576014 -.00000080  00000-0 -16798-4 0    19\
2 28353  71.0015 209.7871 0003851  18.0732 342.0526 14.14293722954510
1 28353U 04021B   22339.80012659 -.00000094  00000-0 -24312-4 0   978\
2 28353  71.0015 208.8971 0003876  17.2874 342.8379 14.14293651954588
1 28353U 04021B   22339.80012659 -.00000094  00000-0 -24312-4 0    13\
2 28353  71.0015 208.8971 0003876  17.2874 342.8379 14.14293651954577
1 28353U 04021B   22340.36594854 -.00000101  00000-0 -28144-4 0    14\
2 28353  71.0014 207.7104 0003916  16.2110 343.9137 14.14293591954655
1 28353U 04021B   22340.64885949 -.00000109  00000-0 -31934-4 0    12\
2 28353  71.0013 207.1171 0003931  15.7020 344.4223 14.14293564954699
1 28353U 04021B   22340.93177060 -.00000122  00000-0 -38891-4 0   982\
2 28353  71.0013 206.5237 0003968  15.2520 344.8721 14.14293437954747
1 28353U 04021B   22341.78050360 -.00000137  00000-0 -46587-4 0    10\
2 28353  71.0012 204.7437 0004025  13.8271 346.2961 14.14293330954856
1 28353U 04021B   22342.34632563 -.00000147  00000-0 -51764-4 0    18\
2 28353  71.0011 203.5570 0004069  12.7805 347.3420 14.14293231954930
1 28353U 04021B   22342.34632563 -.00000147  00000-0 -51764-4 0   995\
2 28353  71.0011 203.5570 0004069  12.7805 347.3420 14.14293231954941
1 28353U 04021B   22343.05360315 -.00000158  00000-0 -57724-4 0    14\
2 28353  71.0010 202.0737 0004108  11.2761 348.8453 14.14293109955035
1 28353U 04021B   22343.83160849 -.00000177  00000-0 -67959-4 0  1002\
2 28353  71.0009 200.4420 0004154   9.8248 350.2955 14.14292935955151
1 28353U 04021B   22344.60961401 -.00000200  00000-0 -79909-4 0    16\
2 28353  71.0007 198.8103 0004202   8.3331 351.7860 14.14292715955256
1 28353U 04021B   22344.82179735 -.00000205  00000-0 -82406-4 0    12\
2 28353  71.0007 198.3653 0004213   7.9040 352.2148 14.14292638955287
1 28353U 04021B   22345.03398072 -.00000210  00000-0 -84791-4 0  1019\
2 28353  71.0007 197.9203 0004227   7.5334 352.5851 14.14292567955320
1 28353U 04021B   22345.88271429 -.00000237  00000-0 -99036-4 0    14\
2 28353  71.0006 196.1403 0004276   6.1920 353.9254 14.14292237955430
1 28353U 04021B   22346.51926461 -.00000254  00000-0 -10811-3 0  1022\
2 28353  71.0004 194.8052 0004315   5.2314 354.8853 14.14291983955537
1 28353U 04021B   22346.87290376 -.00000269  00000-0 -11567-3 0    13\
2 28353  71.0003 194.0634 0004329   4.5904 355.5257 14.14291767955576
1 28353U 04021B   22347.29727074 -.00000275  00000-0 -11922-3 0    12\
2 28353  71.0002 193.1733 0004357   3.9904 356.1252 14.14291605955639
1 28353U 04021B   22348.00454923 -.00000292  00000-0 -12807-3 0  1037\
2 28353  71.0000 191.6899 0004387   2.9405 357.1742 14.14291243955746
1 28353U 04021B   22348.28746066 -.00000297  00000-0 -13064-3 0    17\
2 28353  70.9999 191.0965 0004404   2.4898 357.6245 14.14291108955776
1 28353U 04021B   22348.85328366 -.00000306  00000-0 -13499-3 0    12\
2 28353  70.9998 189.9098 0004423   1.6965 358.4171 14.14290807955856
1 28353U 04021B   22349.27765101 -.00000310  00000-0 -13748-3 0  1047\
2 28353  70.9997 189.0198 0004438   1.1279 358.9852 14.14290577955929
1 28353U 04021B   22349.56056262 -.00000315  00000-0 -13971-3 0    19\
2 28353  70.9997 188.4264 0004448   0.7800 359.3328 14.14290431955957
1 28353U 04021B   22349.91420218 -.00000317  00000-0 -14079-3 0    16\
2 28353  70.9997 187.6847 0004466   0.2546 359.8578 14.14290216956007
1 28353U 04021B   22350.55075344 -.00000317  00000-0 -14096-3 0  9999\
2 28353  70.9996 186.3496 0004495 359.4737   0.6380 14.14289922956100
1 28353U 04021B   22350.55075344 -.00000317  00000-0 -14096-3 0    13\
2 28353  70.9996 186.3496 0004495 359.4737   0.6380 14.14289922956098
1 28353U 04021B   22350.55075344 -.00000317  00000-0 -14096-3 0  1058\
2 28353  70.9996 186.3496 0004495 359.4737   0.6380 14.14289922956100
1 28353U 04021B   22350.83366524 -.00000318  00000-0 -14168-3 0    18\
2 28353  70.9996 185.7562 0004514 359.0952   1.0161 14.14289733956139
1 28353U 04021B   22351.54094472 -.00000318  00000-0 -14146-3 0    13\
2 28353  70.9995 184.2725 0004562 358.2559   1.8546 14.14289383956237
1 28353U 04021B   22351.82385656 -.00000314  00000-0 -13956-3 0  1061\
2 28353  70.9995 183.6792 0004575 357.8580   2.2521 14.14289232956283
1 28353U 04021B   22351.82385656 -.00000314  00000-0 -13956-3 0    15\
2 28353  70.9995 183.6792 0004575 357.8580   2.2521 14.14289232956272
1 28353U 04021B   22352.53113633 -.00000311  00000-0 -13795-3 0    16\
2 28353  70.9994 182.1957 0004609 357.0716   3.0379 14.14288881956379
1 28353U 04021B   22352.81404830 -.00000309  00000-0 -13681-3 0    10\
2 28353  70.9995 181.6023 0004620 356.6721   3.4369 14.14288711956412
1 28353U 04021B   22352.95550433 -.00000310  00000-0 -13726-3 0  1075\
2 28353  70.9994 181.3056 0004628 356.5394   3.5696 14.14288624956447
1 28353U 04021B   22352.95550433 -.00000310  00000-0 -13726-3 0    18\
2 28353  70.9994 181.3056 0004628 356.5394   3.5696 14.14288624956436
1 28353U 04021B   22353.80424040 -.00000303  00000-0 -13347-3 0    18\
2 28353  70.9994 179.5255 0004665 355.5146   4.5933 14.14288206956555
1 28353U 04021B   22354.51152064 -.00000290  00000-0 -12705-3 0  1081\
2 28353  70.9994 178.0420 0004709 354.6993   5.4078 14.14287915956660
1 28353U 04021B   22354.51152064 -.00000290  00000-0 -12705-3 0    13\
2 28353  70.9994 178.0420 0004709 354.6993   5.4078 14.14287915956659
1 28353U 04021B   22355.50171339 -.00000294  00000-0 -12895-3 0    13\
2 28353  70.9993 175.9651 0004762 353.5127   6.5933 14.14287363956790
1 28353U 04021B   22355.78462562 -.00000289  00000-0 -12608-3 0  1099\
2 28353  70.9993 175.3717 0004764 353.2183   6.8874 14.14287237956841
1 28353U 04021B   22356.20899408 -.00000284  00000-0 -12377-3 0    19\
2 28353  70.9992 174.4816 0004784 352.8489   7.2564 14.14287046956890
1 28353U 04021B   22356.91627492 -.00000270  00000-0 -11627-3 0  1102\
2 28353  70.9992 172.9980 0004816 352.0172   8.0873 14.14286763957003
1 28353U 04021B   22356.77481874 -.00000277  00000-0 -12001-3 0    11\
2 28353  70.9992 173.2948 0004807 352.1374   7.9672 14.14286792956978
1 28353U 04021B   22357.48209974 -.00000266  00000-0 -11446-3 0    19\
2 28353  70.9991 171.8113 0004836 351.4024   8.7014 14.14286515957075
1 28353U 04021B   22357.76501216 -.00000260  00000-0 -11135-3 0    13\
2 28353  70.9991 171.2179 0004844 351.0468   9.0567 14.14286393957114
1 28353U 04021B   22358.40156526 -.00000244  00000-0 -10288-3 0  1117\
2 28353  70.9990 169.8828 0004868 350.4165   9.6863 14.14286179957218
1 28353U 04021B   22358.40156526 -.00000244  00000-0 -10288-3 0    15\
2 28353  70.9990 169.8828 0004868 350.4165   9.6863 14.14286179957207
1 28353U 04021B   22358.82593409 -.00000238  00000-0 -99525-4 0    11\
2 28353  70.9990 168.9927 0004885 349.9412  10.1612 14.14285988957266
1 28353U 04021B   22359.46248745 -.00000227  00000-0 -93974-4 0  1125\
2 28353  70.9989 167.6575 0004905 349.3283  10.7735 14.14285749957360
1 28353U 04021B   22359.46248745 -.00000227  00000-0 -93974-4 0    12\
2 28353  70.9989 167.6575 0004905 349.3283  10.7735 14.14285749957359
1 28353U 04021B   22359.74540009 -.00000223  00000-0 -92027-4 0    15\
2 28353  70.9989 167.0641 0004916 348.9338  11.1675 14.14285609957392
1 28353U 04021B   22360.45268178 -.00000201  00000-0 -80042-4 0    19\
2 28353  70.9987 165.5805 0004945 348.2511  11.8494 14.14285399957496
1 28353U 04021B   22360.87705085 -.00000179  00000-0 -68960-4 0    17\
2 28353  70.9987 164.6903 0004967 347.8229  12.2772 14.14285298957559
1 28353U 04021B   22361.44287631 -.00000165  00000-0 -61422-4 0    14\
2 28353  70.9986 163.5034 0004986 347.1687  12.9307 14.14285137957635
1 28353U 04021B   22361.72578908 -.00000154  00000-0 -55652-4 0    11\
2 28353  70.9986 162.9100 0004995 346.8290  13.2701 14.14285055957673
1 28353U 04021B   22362.43307105 -.00000123  00000-0 -39280-4 0  1149\
2 28353  70.9986 161.4265 0005022 346.1323  13.9660 14.14284951957788
1 28353U 04021B   22362.43307105 -.00000123  00000-0 -39280-4 0    14\
2 28353  70.9986 161.4265 0005022 346.1323  13.9660 14.14284951957777
1 28353U 04021B   22363.42326579 -.00000071  00000-0 -12100-4 0    14\
2 28353  70.9986 159.3495 0005056 345.1124  14.9849 14.14284917957911
1 28353U 04021B   22363.84763498 -.00000043  00000-0  25311-5 0  1158\
2 28353  70.9987 158.4594 0005076 344.6354  15.4613 14.14284935957985
1 28353U 04021B   22364.55491689 -.00000014  00000-0  17851-4 0    18\
2 28353  70.9987 156.9759 0005098 343.8256  16.2703 14.14284982958079
1 28353U 04021B   22365.12074249  .00000015  00000-0  32826-4 0  1167\
2 28353  70.9988 155.7891 0005135 343.1960  16.8992 14.14285038958160
1 28353U 04021B   22365.54511160  .00000029  00000-0  39947-4 0    10\
2 28353  70.9989 154.8990 0005146 342.6941  17.4005 14.14285096958218
1 28353U 04021B   22365.75729626  .00000041  00000-0  46166-4 0    16
2 28353  70.9989 154.4539 0005146 342.6917  17.4029 14.14285122958245
1 28353U 04021B   23001.46457799  .00000069  00000-0  61286-4 0  1179
2 28353  70.9990 152.9703 0005168 342.0108  18.0830 14.14285329958351
1 28353U 04021B   23001.46457799  .00000069  00000-0  61286-4 0    11
2 28353  70.9990 152.9703 0005168 342.0108  18.0830 14.14285329958340
1 28353U 04021B   23001.74749073  .00000080  00000-0  66908-4 0    10
2 28353  70.9991 152.3770 0005184 341.6652  18.4282 14.14285369958389
1 28353U 04021B   23002.38404419  .00000104  00000-0  79536-4 0    11
2 28353  70.9992 151.0419 0005218 340.9189  19.1737 14.14285592958472
1 28353U 04021B   23002.66695680  .00000114  00000-0  84439-4 0  1182
2 28353  70.9992 150.4485 0005230 340.5387  19.5535 14.14285674958525
1 28353U 04021B   23002.66695680  .00000114  00000-0  84439-4 0    13
2 28353  70.9992 150.4485 0005230 340.5387  19.5535 14.14285674958514
1 28353U 04021B   23003.79860701  .00000160  00000-0  10889-3 0  1194
2 28353  70.9995 148.0749 0005299 339.1791  20.9115 14.14286184958686
1 28353U 04021B   23003.09132569  .00000129  00000-0  92266-4 0    16
2 28353  70.9993 149.5584 0005257 340.1065  19.9852 14.14285843958572
1 28353U 04021B   23004.43515999  .00000184  00000-0  12122-3 0    10
2 28353  70.9995 146.7398 0005335 338.3790  21.7106 14.14286544958760
1 28353U 04021B   23004.64734433  .00000191  00000-0  12506-3 0    13
2 28353  70.9996 146.2947 0005345 338.0912  21.9981 14.14286631958793
1 28353U 04021B   23005.35462532  .00000212  00000-0  13572-3 0  1200
2 28353  70.9997 144.8112 0005382 337.3121  22.7762 14.14287003958900
1 28353U 04021B   23005.35462532  .00000212  00000-0  13572-3 0    18
2 28353  70.9997 144.8112 0005382 337.3121  22.7762 14.14287003958898
1 28353U 04021B   23005.63753766  .00000218  00000-0  13913-3 0    16
2 28353  70.9998 144.2178 0005393 336.9712  23.1167 14.14287134958932
1 28353U 04021B   23006.34481835  .00000245  00000-0  15306-3 0    18
2 28353  70.9999 142.7344 0005433 336.1731  23.9139 14.14287592959036
1 28353U 04021B   23007.12282693  .00000261  00000-0  16136-3 0  1219
2 28353  71.0001 141.1026 0005496 335.1654  24.9203 14.14288008959153
1 28353U 04021B   23007.12282693  .00000261  00000-0  16136-3 0    16
2 28353  71.0001 141.1026 0005496 335.1654  24.9203 14.14288008959142
1 28353U 04021B   23007.75937909  .00000291  00000-0  17729-3 0    14
2 28353  71.0002 139.7675 0005531 334.3698  25.7149 14.14288499959237
1 28353U 04021B   23008.60811503  .00000310  00000-0  18708-3 0  1224
2 28353  71.0004 137.9874 0005581 333.2677  26.8157 14.14289081959363
1 28353U 04021B   23008.60811503  .00000310  00000-0  18708-3 0    10
2 28353  71.0004 137.9874 0005581 333.2677  26.8157 14.14289081959352
1 28353U 04021B   23009.59830652  .00000335  00000-0  20017-3 0    18
2 28353  71.0006 135.9106 0005650 331.9912  28.0905 14.14289817959491
1 28353U 04021B   23009.73976237  .00000345  00000-0  20558-3 0  1230
2 28353  71.0006 135.6138 0005658 331.8822  28.1994 14.14289969959521
1 28353U 04021B   23009.73976237  .00000345  00000-0  20558-3 0    15
2 28353  71.0006 135.6138 0005658 331.8822  28.1994 14.14289969959510
1 28353U 04021B   23010.51776942  .00000354  00000-0  21038-3 0    18
2 28353  71.0008 133.9821 0005707 330.9108  29.1695 14.14290584959620
1 28353U 04021B   23011.57868750  .00000382  00000-0  22474-3 0  1246
2 28353  71.0010 131.7570 0005785 329.5713  30.5073 14.14291552959781
1 28353U 04021B   23011.57868750  .00000382  00000-0  22474-3 0    10
2 28353  71.0010 131.7570 0005785 329.5713  30.5073 14.14291552959770
1 28353U 04021B   23011.79087093  .00000390  00000-0  22919-3 0    10
2 28353  71.0010 131.3117 0005772 329.4350  30.6435 14.14291794959800
1 28353U 04021B   23012.78106031  .00000388  00000-0  22812-3 0  1250
2 28353  71.0012 129.2349 0005837 328.1590  31.9179 14.14292629959952
1 28353U 04021B   23012.78106031  .00000388  00000-0  22812-3 0    13
2 28353  71.0012 129.2349 0005837 328.1590  31.9179 14.14292629959941
1 28353U 04021B   23013.55906568  .00000391  00000-0  22931-3 0    18
2 28353  71.0014 127.6031 0005893 327.0105  33.0649 14.14293353960059
1 28353U 04021B   23014.26634292  .00000393  00000-0  23052-3 0  1264
2 28353  71.0015 126.1197 0005945 326.1486  33.9256 14.14294069960167
1 28353U 04021B   23014.54925375  .00000380  00000-0  22394-3 0    16
2 28353  71.0016 125.5264 0005973 325.7610  34.3126 14.14294260960198
1 28353U 04021B   23015.53944120  .00000360  00000-0  21316-3 0  1275
2 28353  71.0018 123.4497 0006050 324.5072  35.5647 14.14295110960344
1 28353U 04021B   23015.61016885  .00000359  00000-0  21258-3 0    16
2 28353  71.0018 123.3013 0006056 324.4200  35.6518 14.14295169960347
1 28353U 04021B   23015.75162418  .00000352  00000-0  20919-3 0    11
2 28353  71.0019 123.0046 0006074 324.1954  35.8761 14.14295261960361
1 28353U 04021B   23016.60035556  .00000340  00000-0  20265-3 0    19
2 28353  71.0020 121.2245 0006138 323.0789  36.9910 14.14296035960480
1 28353U 04021B   23016.81253836  .00000338  00000-0  20150-3 0  1285
2 28353  71.0020 120.7795 0006157 322.8287  37.2408 14.14296235960528
1 28353U 04021B   23016.81253836  .00000338  00000-0  20150-3 0    15
2 28353  71.0020 120.7795 0006157 322.8287  37.2408 14.14296235960517
1 28353U 04021B   23017.51981410  .00000310  00000-0  18698-3 0    13
2 28353  71.0021 119.2961 0006225 321.7672  38.3008 14.14296756960615
1 28353U 04021B   23018.36854463  .00000297  00000-0  18011-3 0  1298
2 28353  71.0021 117.5160 0006295 320.6725  39.3939 14.14297486960740
1 28353U 04021B   23018.58072727  .00000286  00000-0  17472-3 0    14
2 28353  71.0021 117.0710 0006308 320.3648  39.7012 14.14297579960763
1 28353U 04021B   23018.65145480  .00000284  00000-0  17338-3 0    18
2 28353  71.0021 116.9226 0006314 320.2815  39.7844 14.14297629960775
1 28353U 04021B   23019.50018496  .00000255  00000-0  15838-3 0  1303
2 28353  71.0022 115.1425 0006372 319.1902  40.8742 14.14298179960902
1 28353U 04021B   23019.50018496  .00000255  00000-0  15838-3 0    10
2 28353  71.0022 115.1425 0006372 319.1902  40.8742 14.14298179960890
1 28353U 04021B   23020.49036971  .00000223  00000-0  14152-3 0    11
2 28353  71.0021 113.0657 0006457 317.8887  42.1738 14.14298761961038
1 28353U 04021B   23020.70255208  .00000222  00000-0  14131-3 0  1311
2 28353  71.0021 112.6206 0006474 317.6234  42.4387 14.14298916961075
1 28353U 04021B   23022.18782834  .00000177  00000-0  11753-3 0  1322
2 28353  71.0021 109.5053 0006597 315.6243  44.4350 14.14299661961287
1 28353U 04021B   23023.53164921  .00000137  00000-0  96367-4 0  1335
2 28353  71.0022 106.6871 0006726 314.0620  45.9947 14.14300195961474
1 28353U 04021B   23024.66328743  .00000101  00000-0  77777-4 0  1340
2 28353  71.0021 104.3136 0006820 312.6787  47.3760 14.14300567961635
1 28353U 04021B   23025.58274331  .00000059  00000-0  55851-4 0    19
2 28353  71.0021 102.3852 0006887 311.5501  48.5030 14.14300740961752
1 28353U 04021B   23025.65347068  .00000056  00000-0  54143-4 0    15
2 28353  71.0021 102.2368 0006897 311.4563  48.5966 14.14300750961761
1 28353U 04021B   23025.93638013  .00000047  00000-0  49664-4 0  1359
2 28353  71.0021 101.6435 0006914 311.1424  48.9101 14.14300831961813
1 28353U 04021B   23026.57292647  .00000018  00000-0  34562-4 0    10
2 28353  71.0020 100.3084 0006950 310.3921  49.6594 14.14300887961894
1 28353U 04021B   23027.20947267 -.00000012  00000-0  18657-4 0  1367
2 28353  71.0020  98.9734 0007005 309.6251  50.4253 14.14300950961991
1 28353U 04021B   23027.56310947 -.00000021  00000-0  13697-4 0    15
2 28353  71.0020  98.2317 0007028 309.1950  50.8547 14.14300977962032
1 28353U 04021B   23027.63383683 -.00000023  00000-0  12709-4 0    15
2 28353  71.0020  98.0833 0007035 309.1060  50.9436 14.14300985962041
1 28353U 04021B   23028.55329254 -.00000066  00000-0 -97595-5 0  1376
2 28353  71.0019  96.1548 0007082 308.0226  52.0256 14.14300947962181
1 28353U 04021B   23028.55329254 -.00000066  00000-0 -97595-5 0    16
2 28353  71.0019  96.1548 0007082 308.0226  52.0256 14.14300947962170
1 28353U 04021B   23028.62401990 -.00000068  00000-0 -10660-4 0    11
2 28353  71.0019  96.0065 0007086 307.9420  52.1061 14.14300952962183
1 28353U 04021B   23029.61420301 -.00000101  00000-0 -28091-4 0  1384
2 28353  71.0017  93.9296 0007138 306.8020  53.2447 14.14300889962331
1 28353U 04021B   23029.89711247 -.00000112  00000-0 -33741-4 0    15
2 28353  71.0017  93.3362 0007153 306.4633  53.5830 14.14300854962366
1 28353U 04021B   23030.46293146 -.00000126  00000-0 -41209-4 0    16
2 28353  71.0016  92.1494 0007184 305.7815  54.2639 14.14300775962442
1 28353U 04021B   23030.88729572 -.00000137  00000-0 -46629-4 0  1394
2 28353  71.0015  91.2593 0007207 305.3319  54.7129 14.14300720962519
1 28353U 04021B   23030.88729572 -.00000137  00000-0 -46629-4 0    12
2 28353  71.0015  91.2593 0007207 305.3319  54.7129 14.14300720962508
1 28353U 04021B   23031.52384215 -.00000145  00000-0 -50858-4 0    13
2 28353  71.0014  89.9241 0007230 304.5349  55.5091 14.14300633962590
1 28353U 04021B   23032.23111600 -.00000159  00000-0 -58163-4 0  1404
2 28353  71.0012  88.4405 0007254 303.7275  56.3155 14.14300513962709
1 28353U 04021B   23032.51402560 -.00000159  00000-0 -58322-4 0    16
2 28353  71.0012  87.8471 0007265 303.4088  56.6339 14.14300452962738
1 28353U 04021B   23033.50420925 -.00000168  00000-0 -62822-4 0    11
2 28353  71.0011  85.7702 0007317 302.3206  57.7207 14.14300245962870
1 28353U 04021B   23033.85784627 -.00000171  00000-0 -64748-4 0  1419
2 28353  71.0011  85.0285 0007348 302.0181  58.0227 14.14300177962939
1 28353U 04021B   23034.35293816 -.00000174  00000-0 -65886-4 0    12
2 28353  71.0008  83.9897 0007321 301.2694  58.7711 14.14300081962997
1 28353U 04021B   23035.27239471 -.00000186  00000-0 -72302-4 0  1421
2 28353  71.0007  82.0611 0007345 300.2937  59.7458 14.14299842963133
1 28353U 04021B   23035.55530446 -.00000184  00000-0 -71251-4 0    12
2 28353  71.0006  81.4677 0007355 299.9936  60.0455 14.14299775963161
1 28353U 04021B   23035.83821421 -.00000192  00000-0 -75335-4 0    15
2 28353  71.0006  80.8742 0007370 299.7508  60.2881 14.14299676963207
1 28353U 04021B   23036.54548864 -.00000194  00000-0 -76474-4 0  1435
2 28353  71.0004  79.3906 0007383 298.9269  61.1113 14.14299503963318
1 28353U 04021B   23036.54548864 -.00000194  00000-0 -76474-4 0    18
2 28353  71.0004  79.3906 0007383 298.9269  61.1113 14.14299503963307
1 28353U 04021B   23036.82839845 -.00000202  00000-0 -80880-4 0    17
2 28353  71.0004  78.7972 0007391 298.6558  61.3821 14.14299397963343
1 28353U 04021B   23037.53567304 -.00000199  00000-0 -79235-4 0    11
2 28353  71.0003  77.3136 0007405 297.8405  62.1966 14.14299235963448
1 28353U 04021B   23037.81858289 -.00000199  00000-0 -79325-4 0  1445
2 28353  71.0002  76.7201 0007415 297.5978  62.4391 14.14299174963498
1 28353U 04021B   23037.81858289 -.00000199  00000-0 -79325-4 0    17
2 28353  71.0002  76.7201 0007415 297.5978  62.4391 14.14299174963487
1 28353U 04021B   23038.52585761 -.00000195  00000-0 -77276-4 0    17
2 28353  71.0002  75.2366 0007419 296.8028  63.2335 14.14299020963583
1 28353U 04021B   23039.30385985 -.00000195  00000-0 -76853-4 0  1459
2 28353  71.0000  73.6046 0007430 295.9505  64.0851 14.14298844963700
1 28353U 04021B   23039.51604237 -.00000191  00000-0 -75049-4 0    19
2 28353  71.0000  73.1595 0007440 295.7475  64.2879 14.14298785963727
1 28353U 04021B   23040.43549981 -.00000187  00000-0 -72819-4 0    13
2 28353  70.9999  71.2307 0007443 294.7080  65.3266 14.14298566963859
1 28353U 04021B   23040.43549981 -.00000187  00000-0 -72819-4 0  1463
2 28353  70.9999  71.2307 0007443 294.7080  65.3266 14.14298566963860
1 28353U 04021B   23041.07204740 -.00000175  00000-0 -66386-4 0    14
2 28353  70.9999  69.8955 0007432 293.9103  66.1240 14.14298472963943
1 28353U 04021B   23041.49641246 -.00000167  00000-0 -62218-4 0  1478
2 28353  70.9998  69.0057 0007395 293.1752  66.8591 14.14298401964014
1 28353U 04021B   23041.49641246 -.00000167  00000-0 -62218-4 0    17
2 28353  70.9998  69.0057 0007395 293.1752  66.8591 14.14298401964003
1 28353U 04021B   23042.20368761 -.00000157  00000-0 -57319-4 0    10
2 28353  70.9998  67.5221 0007390 292.3610  67.6728 14.14298297964103
1 28353U 04021B   23042.76950795 -.00000154  00000-0 -55646-4 0  1485
2 28353  70.9997  66.3351 0007405 291.8746  68.1588 14.14298120964198
1 28353U 04021B   23042.76950795 -.00000154  00000-0 -55646-4 0    13
2 28353  70.9997  66.3351 0007405 291.8746  68.1588 14.14298120964187
1 28353U 04021B   23043.33532835 -.00000135  00000-0 -45590-4 0    14
2 28353  70.9996  65.1479 0007434 291.5807  68.4522 14.14298045964267
1 28353U 04021B   23044.46696910 -.00000101  00000-0 -27940-4 0  1499
2 28353  70.9995  62.7739 0007412 290.3494  69.6831 14.14297942964433
1 28353U 04021B   23044.46696910 -.00000101  00000-0 -27940-4 0    16
2 28353  70.9995  62.7739 0007412 290.3494  69.6831 14.14297942964422
1 28353U 04021B   23045.31569980 -.00000078  00000-0 -15730-4 0    14
2 28353  70.9995  60.9934 0007394 289.3379  70.6943 14.14297864964540
1 28353U 04021B   23045.74006519 -.00000078  00000-0 -15987-4 0  1504
2 28353  70.9993  60.1031 0007382 288.9381  71.0941 14.14297765964614
1 28353U 04021B   23045.74006519 -.00000078  00000-0 -15987-4 0    19
2 28353  70.9993  60.1031 0007382 288.9381  71.0941 14.14297765964603
1 28353U 04021B   23046.44734091 -.00000061  00000-0 -69051-5 0    14
2 28353  70.9995  58.6194 0007382 288.1863  71.8455 14.14297687964706
1 28353U 04021B   23046.73025107 -.00000046  00000-0  95040-6 0    17
2 28353  70.9995  58.0259 0007373 287.8686  72.1632 14.14297760964748
1 28353U 04021B   23047.29607158 -.00000013  00000-0  17903-4 0  1511
2 28353  70.9995  56.8389 0007365 287.1340  72.8975 14.14297845964830
1 28353U 04021B   23047.43752671 -.00000006  00000-0  21696-4 0    18
2 28353  70.9995  56.5422 0007361 287.0282  73.0033 14.14297866964847
1 28353U 04021B   23047.72043691  .00000004  00000-0  26860-4 0    10
2 28353  70.9995  55.9487 0007354 286.7352  73.2963 14.14297911964886
1 28353U 04021B   23048.42771255 -.00000003  00000-0  23473-4 0  1526
2 28353  70.9996  54.4650 0007338 285.8843  74.1470 14.14297813964996
1 28353U 04021B   23048.42771255 -.00000003  00000-0  23473-4 0    19
2 28353  70.9996  54.4650 0007338 285.8843  74.1470 14.14297813964985
1 28353U 04021B   23048.71062280  .00000003  00000-0  26307-4 0    10
2 28353  70.9996  53.8715 0007334 285.6066  74.4247 14.14297832965023
1 28353U 04021B   23049.41789845  .00000012  00000-0  31299-4 0    17
2 28353  70.9996  52.3878 0007320 284.7802  75.2509 14.14297839965128
1 28353U 04021B   23049.70080867  .00000015  00000-0  32613-4 0  1539
2 28353  70.9996  51.7943 0007314 284.4877  75.5433 14.14297863965177
1 28353U 04021B   23050.40808428  .00000030  00000-0  40589-4 0    19
2 28353  70.9997  50.3107 0007301 283.6647  76.3662 14.14297935965260
1 28353U 04021B   23050.97390476  .00000025  00000-0  38206-4 0  1546
2 28353  70.9997  49.1238 0007284 283.0706  76.9603 14.14297943965351
1 28353U 04021B   23051.39827014  .00000049  00000-0  50809-4 0    16
2 28353  70.9998  48.2336 0007279 282.6100  77.4208 14.14298057965408
1 28353U 04021B   23052.24700070  .00000061  00000-0  56619-4 0  1552
2 28353  70.9999  46.4532 0007268 281.7048  78.3259 14.14298189965532
1 28353U 04021B   23052.38845581  .00000066  00000-0  59289-4 0    15
2 28353  71.0000  46.1565 0007266 281.5776  78.4530 14.14298226965540
1 28353U 04021B   23052.67136596  .00000068  00000-0  60398-4 0    11
2 28353  71.0000  45.5630 0007264 281.2581  78.7724 14.14298275965581
1 28353U 04021B   23053.37864135  .00000103  00000-0  79063-4 0  1566
2 28353  70.9999  44.0792 0007236 280.4259  79.6047 14.14298531965696
1 28353U 04021B   23053.37864135  .00000103  00000-0  79063-4 0    15
2 28353  70.9999  44.0792 0007236 280.4259  79.6047 14.14298531965685
1 28353U 04021B   23053.66155146  .00000104  00000-0  79381-4 0    16
2 28353  71.0000  43.4857 0007231 280.1553  79.8753 14.14298587965726
1 28353U 04021B   23054.36882665  .00000140  00000-0  98425-4 0    17
2 28353  71.0001  42.0020 0007223 279.3283  80.7022 14.14298894965827
1 28353U 04021B   23054.93464673  .00000170  00000-0  11384-3 0  1578
2 28353  71.0002  40.8151 0007214 278.6913  81.3392 14.14299187965914
1 28353U 04021B   23054.93464673  .00000170  00000-0  11384-3 0    16
2 28353  71.0002  40.8151 0007214 278.6913  81.3392 14.14299187965903
1 28353U 04021B   23055.35901170  .00000185  00000-0  12183-3 0    15
2 28353  71.0003  39.9249 0007214 278.2580  81.7724 14.14299355965963
1 28353U 04021B   23055.64192169  .00000192  00000-0  12546-3 0    18
2 28353  71.0003  39.3314 0007211 277.9826  82.0477 14.14299468966006
1 28353U 04021B   23056.20774156  .00000220  00000-0  14004-3 0  1589
2 28353  71.0004  38.1445 0007204 277.3515  82.6788 14.14299777966093
1 28353U 04021B   23056.20774156  .00000220  00000-0  14004-3 0    16
2 28353  71.0004  38.1445 0007204 277.3515  82.6788 14.14299777966082
1 28353U 04021B   23057.33938089  .00000286  00000-0  17435-3 0  1595
2 28353  71.0007  35.7707 0007194 276.2003  83.8300 14.14300539966258
1 28353U 04021B   23057.33938089  .00000286  00000-0  17435-3 0    11
2 28353  71.0007  35.7707 0007194 276.2003  83.8300 14.14300539966247
1 28353U 04021B   23058.32956476  .00000344  00000-0  20467-3 0    15
2 28353  71.0010  33.6936 0007188 275.1809  84.8492 14.14301327966381
1 28353U 04021B   23058.68320115  .00000454  00000-0  26225-3 0  1605
2 28353  71.0012  32.9519 0007174 274.8065  85.2238 14.14302304966443
1 28353U 04021B   23058.89538382  .00000369  00000-0  21818-3 0    17
2 28353  71.0012  32.5068 0007175 274.5870  85.4432 14.14301836966469
1 28353U 04021B   23059.31974806  .00000374  00000-0  22071-3 0    18
2 28353  71.0014  31.6167 0007177 274.1486  85.8816 14.14302097966529
1 28353U 04021B   23059.67338485  .00000380  00000-0  22367-3 0    19
2 28353  71.0015  30.8750 0007173 273.8475  86.1827 14.14302360966573
1 28353U 04021B   23059.95629422  .00000375  00000-0  22086-3 0  1613
2 28353  71.0016  30.2816 0007168 273.4972  86.5331 14.14302540966623
1 28353U 04021B   23060.87574925  .00000398  00000-0  23291-3 0    10
2 28353  71.0018  28.3530 0007165 272.6190  87.4112 14.14303349966744
1 28353U 04021B   23061.15865840  .00000399  00000-0  23383-3 0  1622
2 28353  71.0019  27.7597 0007168 272.3223  87.7079 14.14303565966798
1 28353U 04021B   23061.65374927  .00000415  00000-0  24203-3 0    11
2 28353  71.0021  26.7212 0007172 271.8849  88.1452 14.14304052966856
1 28353U 04021B   23062.29029431  .00000443  00000-0  25671-3 0  1639
2 28353  71.0023  25.3861 0007177 271.1878  88.8422 14.14304769966953
1 28353U 04021B   23062.29029431  .00000443  00000-0  25671-3 0    10
2 28353  71.0023  25.3861 0007177 271.1878  88.8422 14.14304769966942
1 28353U 04021B   23062.64393035  .00000442  00000-0  25608-3 0    12
2 28353  71.0024  24.6444 0007183 270.8721  89.1578 14.14305090966991
1 28353U 04021B   23063.35120208  .00000469  00000-0  27011-3 0  1640
2 28353  71.0026  23.1610 0007192 270.1924  89.8374 14.14305923967100
1 28353U 04021B   23063.35120208  .00000469  00000-0  27011-3 0    10
2 28353  71.0026  23.1610 0007192 270.1924  89.8374 14.14305923967098
1 28353U 04021B   23064.34138198  .00000476  00000-0  27376-3 0    19
2 28353  71.0029  21.0841 0007201 269.2254  90.8044 14.14306935967236
1 28353U 04021B   23064.90719863  .00000489  00000-0  28080-3 0  1653
2 28353  71.0030  19.8974 0007208 268.7132  91.3165 14.14307633967322
1 28353U 04021B   23064.90719863  .00000489  00000-0  28080-3 0    12
2 28353  71.0030  19.8974 0007208 268.7132  91.3165 14.14307633967311
1 28353U 04021B   23065.33156095  .00000492  00000-0  28245-3 0    19
2 28353  71.0032  19.0073 0007220 268.2909  91.7387 14.14308087967376
1 28353U 04021B   23066.25101227  .00000495  00000-0  28376-3 0  1668
2 28353  71.0034  17.0789 0007232 267.4579  92.5715 14.14309078967518
1 28353U 04021B   23066.25101227  .00000495  00000-0  28376-3 0    16
2 28353  71.0034  17.0789 0007232 267.4579  92.5715 14.14309078967507
1 28353U 04021B   23067.31191675  .00000484  00000-0  27802-3 0  1674
2 28353  71.0038  14.8537 0007239 266.4308  93.5986 14.14310200967660
1 28353U 04021B   23067.31191675  .00000484  00000-0  27802-3 0    11
2 28353  71.0038  14.8537 0007239 266.4308  93.5986 14.14310200967659
1 28353U 04021B   23068.93863502  .00000480  00000-0  27603-3 0    10
2 28353  71.0042  11.4419 0007259 264.8294  95.2000 14.14312094967888
1 28353U 04021B   23069.22154232  .00000478  00000-0  27494-3 0  1685
2 28353  71.0042  10.8484 0007277 264.6211  95.4081 14.14312387967932
1 28353U 04021B   23069.85808355  .00000449  00000-0  25955-3 0    10
2 28353  71.0044   9.5134 0007289 264.0847  95.9444 14.14312996968017
1 28353U 04021B   23070.28244417  .00000445  00000-0  25776-3 0  1694
2 28353  71.0045   8.6233 0007313 263.7290  96.3000 14.14313441968080
1 28353U 04021B   23070.28244417  .00000445  00000-0  25776-3 0    19
2 28353  71.0045   8.6233 0007313 263.7290  96.3000 14.14313441968079
1 28353U 04021B   23071.20189185  .00000400  00000-0  23420-3 0    17
2 28353  71.0047   6.6949 0007333 262.8712  97.1576 14.14314231968204
1 28353U 04021B   23071.27261862  .00000389  00000-0  22820-3 0    16
2 28353  71.0047   6.5466 0007341 262.7996  97.2292 14.14314230968215
1 28353U 04021B   23072.19206582  .00000341  00000-0  20326-3 0  1700
2 28353  71.0049   4.6182 0007365 261.9881  98.0405 14.14314924968351
1 28353U 04021B   23072.19206582  .00000341  00000-0  20326-3 0    13
2 28353  71.0049   4.6182 0007365 261.9881  98.0405 14.14314924968340
1 28353U 04021B   23072.89933250  .00000297  00000-0  18039-3 0    17
2 28353  71.0050   3.1349 0007371 261.2418  98.7870 14.14315421968444
1 28353U 04021B   23073.53587246  .00000277  00000-0  16958-3 0  1713
2 28353  71.0052   1.8000 0007390 260.7728  99.2558 14.14315866968547
1 28353U 04021B   23073.53587246  .00000277  00000-0  16958-3 0    15
2 28353  71.0052   1.8000 0007390 260.7728  99.2558 14.14315866968536
1 28353U 04021B   23074.24313890  .00000235  00000-0  14799-3 0    11
2 28353  71.0052   0.3166 0007384 260.0441  99.9848 14.14316222968638
1 28353U 04021B   23074.87967836  .00000195  00000-0  12686-3 0    13
2 28353  71.0052 358.9817 0007397 259.4598 100.5691 14.14316541968721
1 28353U 04021B   23075.23331141  .00000187  00000-0  12259-3 0  1724
2 28353  71.0052 358.2401 0007391 259.2259 100.8031 14.14316748968785
1 28353U 04021B   23075.23331141  .00000187  00000-0  12259-3 0    15
2 28353  71.0052 358.2401 0007391 259.2259 100.8031 14.14316748968774
1 28353U 04021B   23075.86985076  .00000147  00000-0  10189-3 0    12
2 28353  71.0051 356.9052 0007392 258.6321 101.3971 14.14316985968866
1 28353U 04021B   23076.50639002  .00000127  00000-0  91060-4 0  1735
2 28353  71.0051 355.5702 0007407 258.1199 101.9092 14.14317240968964
1 28353U 04021B   23076.50639002  .00000127  00000-0  91060-4 0    15
2 28353  71.0051 355.5702 0007407 258.1199 101.9092 14.14317240968953
1 28353U 04021B   23077.85019474  .00000072  00000-0  62475-4 0  1747
2 28353  71.0051 352.7519 0007428 256.8952 103.1341 14.14317655969157
1 28353U 04021B   23077.92092130  .00000070  00000-0  61744-4 0    10
2 28353  71.0051 352.6036 0007431 256.8315 103.1979 14.14317672969153
1 28353U 04021B   23078.48673376  .00000059  00000-0  55974-4 0    14
2 28353  71.0050 351.4169 0007439 256.3570 103.6724 14.14317831969231
1 28353U 04021B   23078.91109303  .00000044  00000-0  47743-4 0    15
2 28353  71.0049 350.5269 0007449 255.9262 104.1033 14.14317914969291
1 28353U 04021B   23079.19399930  .00000031  00000-0  41362-4 0  1752
2 28353  71.0049 349.9336 0007456 255.6702 104.3592 14.14317910969346
1 28353U 04021B   23079.47690549  .00000020  00000-0  35556-4 0    17
2 28353  71.0048 349.3402 0007456 255.4397 104.5899 14.14317939969377
1 28353U 04021B   23079.75981164  .00000014  00000-0  32012-4 0    11
2 28353  71.0048 348.7469 0007458 255.1371 104.8925 14.14318006969418
1 28353U 04021B   23080.18417098 -.00000001  00000-0  24578-4 0    15
2 28353  71.0047 347.8568 0007467 254.7358 105.2939 14.14317993969477
1 28353U 04021B   23080.82070988 -.00000022  00000-0  13287-4 0  1760
2 28353  71.0046 346.5218 0007471 254.1020 105.9279 14.14318024969570
1 28353U 04021B   23080.82070988 -.00000022  00000-0  13287-4 0    17
2 28353  71.0046 346.5218 0007471 254.1020 105.9279 14.14318024969569
1 28353U 04021B   23082.16451434 -.00000041  00000-0  33597-5 0  1777
2 28353  71.0045 343.7034 0007468 252.6870 107.3435 14.14318066969763
1 28353U 04021B   23081.88160814 -.00000048  00000-0 -24014-6 0    13
2 28353  71.0045 344.2968 0007478 253.0752 106.9551 14.14318012969710
1 28353U 04021B   23082.16451434 -.00000041  00000-0  33597-5 0    13
2 28353  71.0045 343.7034 0007468 252.6870 107.3435 14.14318066969752
1 28353U 04021B   23082.94250631 -.00000045  00000-0  14211-5 0    11
2 28353  71.0044 342.0718 0007452 251.8473 108.1838 14.14318148969864
1 28353U 04021B   23083.64977161 -.00000026  00000-0  11261-4 0  1788
2 28353  71.0042 340.5884 0007402 250.9850 109.0471 14.14318395969972
1 28353U 04021B   23083.50831848 -.00000019  00000-0  14715-4 0    18
2 28353  71.0043 340.8851 0007418 251.2015 108.8303 14.14318412969942
1 28353U 04021B   23083.93267779 -.00000047  00000-0  31193-6 0    13
2 28353  71.0042 339.9951 0007399 250.7056 109.3266 14.14318294970009
1 28353U 04021B   23084.85212277 -.00000063  00000-0 -82749-5 0  1795
2 28353  71.0040 338.0668 0007370 249.6981 110.3349 14.14318322970146
1 28353U 04021B   23084.92284932 -.00000064  00000-0 -85585-5 0    16
2 28353  71.0040 337.9185 0007370 249.6237 110.4093 14.14318312970148
1 28353U 04021B   23085.91302091 -.00000101  00000-0 -28043-4 0    10
2 28353  71.0038 335.8417 0007366 248.6865 111.3471 14.14318153970289
1 28353U 04021B   23086.12520060 -.00000115  00000-0 -35174-4 0  1808
2 28353  71.0037 335.3967 0007371 248.5192 111.5144 14.14318058970329
1 28353U 04021B   23086.62028658 -.00000134  00000-0 -45175-4 0    14
2 28353  71.0036 334.3583 0007336 248.1476 111.8867 14.14317953970387
1 28353U 04021B   23086.90319267 -.00000143  00000-0 -50078-4 0    12
2 28353  71.0035 333.7650 0007364 247.8527 112.1814 14.14317896970425
1 28353U 04021B   23087.68118486 -.00000163  00000-0 -60119-4 0  1816
2 28353  71.0032 332.1333 0007350 247.0192 113.0155 14.14317743970540
1 28353U 04021B   23087.11537238 -.00000147  00000-0 -51967-4 0    18
2 28353  71.0034 333.3199 0007364 247.6893 112.3449 14.14317846970456
1 28353U 04021B   23087.89336455 -.00000167  00000-0 -62503-4 0    11
2 28353  71.0031 331.6882 0007349 246.7783 113.2565 14.14317682970563
1 28353U 04021B   23088.10554432 -.00000160  00000-0 -58943-4 0    19
2 28353  71.0031 331.2432 0007336 246.5829 113.4522 14.14317681970592
1 28353U 04021B   23088.95426327 -.00000180  00000-0 -69361-4 0  1821
2 28353  71.0029 329.4631 0007312 245.5930 114.4429 14.14317444970724
1 28353U 04021B   23088.81281005 -.00000178  00000-0 -68086-4 0    18
2 28353  71.0029 329.7597 0007315 245.7790 114.2568 14.14317510970699
1 28353U 04021B   23089.80298228 -.00000180  00000-0 -69351-4 0    12
2 28353  71.0026 327.6830 0007284 244.5375 115.4994 14.14317304970837
1 28353U 04021B   23090.08588872 -.00000178  00000-0 -68299-4 0  1839
2 28353  71.0026 327.0897 0007277 244.1558 115.8814 14.14317223970885
1 28353U 04021B   23091.64187449 -.00000212  00000-0 -86225-4 0  1846
2 28353  71.0021 323.8256 0007190 242.4838 117.5554 14.14316612971106
1 28353U 04021B   23091.00533482 -.00000193  00000-0 -76021-4 0    17
2 28353  71.0023 325.1607 0007217 243.3404 116.6979 14.14316889971008
1 28353U 04021B   23091.92478099 -.00000206  00000-0 -82569-4 0    19
2 28353  71.0021 323.2322 0007177 242.0634 117.9762 14.14316561971130
1 28353U 04021B   23092.06623430 -.00000206  00000-0 -82700-4 0    13
2 28353  71.0021 322.9354 0007166 241.9124 118.1274 14.14316511971159
1 28353U 04021B   23092.84422746 -.00000223  00000-0 -91512-4 0  1859
2 28353  71.0018 321.3036 0007133 240.7967 119.2442 14.14316170971274
1 28353U 04021B   23092.91495410 -.00000220  00000-0 -89976-4 0    10
2 28353  71.0018 321.1553 0007130 240.6659 119.3752 14.14316161971275
1 28353U 04021B   23093.62222079 -.00000222  00000-0 -91320-4 0    16
2 28353  71.0016 319.6717 0007089 239.6779 120.3642 14.14315914971377
1 28353U 04021B   23093.90512747 -.00000221  00000-0 -90556-4 0    10
2 28353  71.0015 319.0783 0007087 239.3620 120.6804 14.14315799971412
1 28353U 04021B   23094.04658082 -.00000217  00000-0 -88367-4 0  1865
2 28353  71.0014 318.7816 0007080 239.2417 120.8009 14.14315768971448
1 28353U 04021B   23094.04658082 -.00000217  00000-0 -88367-4 0    11
2 28353  71.0014 318.7816 0007080 239.2417 120.8009 14.14315768971437
1 28353U 04021B   23094.89530110 -.00000221  00000-0 -90888-4 0    11
2 28353  71.0012 317.0013 0007041 238.0969 121.9469 14.14315429971551
1 28353U 04021B   23095.60256811 -.00000223  00000-0 -91752-4 0  1872
2 28353  71.0009 315.5177 0007010 237.2203 122.8245 14.14315178971664
1 28353U 04021B   23095.60256811 -.00000223  00000-0 -91752-4 0    17
2 28353  71.0009 315.5177 0007010 237.2203 122.8245 14.14315178971653
1 28353U 04021B   23095.88547495 -.00000221  00000-0 -90606-4 0    13
2 28353  71.0009 314.9243 0007002 236.8462 123.1989 14.14315066971692
1 28353U 04021B   23096.02692845 -.00000223  00000-0 -91539-4 0    18
2 28353  71.0008 314.6275 0006992 236.6323 123.4130 14.14314990971713
1 28353U 04021B   23096.87564915 -.00000221  00000-0 -90446-4 0  1887
2 28353  71.0005 312.8472 0006955 235.4116 124.6351 14.14314686971849
1 28353U 04021B   23096.87564915 -.00000221  00000-0 -90446-4 0    11
2 28353  71.0005 312.8472 0006955 235.4116 124.6351 14.14314686971838
1 28353U 04021B   23097.58291669 -.00000218  00000-0 -89059-4 0    17
2 28353  71.0003 311.3636 0006916 234.4050 125.6429 14.14314413971931
1 28353U 04021B   23098.00727726 -.00000216  00000-0 -88255-4 0  1895
2 28353  71.0002 310.4734 0006903 233.9065 126.1418 14.14314214972007
1 28353U 04021B   23098.00727726 -.00000216  00000-0 -88255-4 0    18
2 28353  71.0002 310.4734 0006903 233.9065 126.1418 14.14314214971994
1 28353U 04021B   23098.99745201 -.00000197  00000-0 -78336-4 0    11
2 28353  70.9999 308.3963 0006855 232.4987 127.5512 14.14313932972133
1 28353U 04021B   23099.84617341 -.00000174  00000-0 -65983-4 0  1907
2 28353  70.9997 306.6159 0006806 231.1701 128.8815 14.14313746972262
1 28353U 04021B   23099.84617341 -.00000174  00000-0 -65983-4 0    18
2 28353  70.9997 306.6159 0006806 231.1701 128.8815 14.14313746972251
1 28353U 04021B   23099.98762703 -.00000169  00000-0 -63265-4 0    11
2 28353  70.9997 306.3191 0006795 230.9931 129.0587 14.14313713972278
1 28353U 04021B   23100.83634862 -.00000144  00000-0 -50520-4 0    15
2 28353  70.9996 304.5388 0006758 229.7396 130.3136 14.14313536972396
1 28353U 04021B   23100.97780227 -.00000139  00000-0 -47841-4 0  1913
2 28353  70.9995 304.2420 0006748 229.5703 130.4832 14.14313497972422
1 28353U 04021B   23100.97780227 -.00000139  00000-0 -47841-4 0    13
2 28353  70.9995 304.2420 0006748 229.5703 130.4832 14.14313497972411
1 28353U 04021B   23101.89725084 -.00000106  00000-0 -30559-4 0    17
2 28353  70.9994 302.3132 0006708 228.2464 131.8085 14.14313359972541
1 28353U 04021B   23102.53379229 -.00000091  00000-0 -22842-4 0  1925
2 28353  70.9992 300.9777 0006675 227.2850 132.7711 14.14313242972647
1 28353U 04021B   23103.24106056 -.00000058  00000-0 -52166-5 0    15
2 28353  70.9991 299.4939 0006629 226.3712 133.6861 14.14313206972730
1 28353U 04021B   23103.87760202 -.00000033  00000-0  76277-5 0  1936
2 28353  70.9991 298.1586 0006602 225.4308 134.6275 14.14313179972836
1 28353U 04021B   23104.51414346 -.00000004  00000-0  22646-4 0    19
2 28353  70.9989 296.8232 0006563 224.5093 135.5502 14.14313237972910
1 28353U 04021B   23104.93850443  .00000014  00000-0  32259-4 0  1941
2 28353  70.9989 295.9330 0006546 223.9332 136.1270 14.14313251972981
1 28353U 04021B   23105.57504571  .00000049  00000-0  50734-4 0    13
2 28353  70.9989 294.5975 0006511 222.8780 137.1835 14.14313449973065
1 28353U 04021B   23105.85795295  .00000066  00000-0  59588-4 0    14
2 28353  70.9989 294.0040 0006500 222.5084 137.5536 14.14313508973108
1 28353U 04021B   23106.21158699  .00000085  00000-0  69160-4 0  1958
2 28353  70.9989 293.2621 0006479 221.9679 138.0947 14.14313615973169
1 28353U 04021B   23106.56522096  .00000097  00000-0  75770-4 0    15
2 28353  70.9989 292.5202 0006463 221.4765 138.5867 14.14313729973207
1 28353U 04021B   23106.84812817  .00000112  00000-0  83487-4 0    11
2 28353  70.9989 291.9267 0006448 221.1248 138.9388 14.14313799973240
1 28353U 04021B   23107.55539597  .00000138  00000-0  97044-4 0  1968
2 28353  70.9989 290.4429 0006408 220.1624 139.9025 14.14314075973356
1 28353U 04021B   23107.55539597  .00000138  00000-0  97044-4 0    13
2 28353  70.9989 290.4429 0006408 220.1624 139.9025 14.14314075973345
1 28353U 04021B   23107.90902984  .00000161  00000-0  10894-3 0    19
2 28353  70.9989 289.7010 0006392 219.6942 140.3713 14.14314241973390
1 28353U 04021B   23108.19193690  .00000170  00000-0  11361-3 0    17
2 28353  70.9989 289.1075 0006372 219.3294 140.7366 14.14314363973438
1 28353U 04021B   23108.89920442  .00000196  00000-0  12761-3 0  1976
2 28353  70.9990 287.6238 0006334 218.3798 141.6874 14.14314705973546
1 28353U 04021B   23108.75775093  .00000186  00000-0  12243-3 0    19
2 28353  70.9989 287.9206 0006349 218.5397 141.5273 14.14314611973510
1 28353U 04021B   23109.18211137  .00000212  00000-0  13593-3 0    10
2 28353  70.9990 287.0303 0006319 217.9990 142.0687 14.14314892973572
1 28353U 04021B   23109.74792518  .00000222  00000-0  14110-3 0    16
2 28353  70.9990 285.8433 0006300 217.2396 142.8290 14.14315153973653
1 28353U 04021B   23110.17228549  .00000233  00000-0  14660-3 0  1982
2 28353  70.9990 284.9530 0006270 216.7025 143.3669 14.14315376973721
1 28353U 04021B   23110.45519230  .00000240  00000-0  15034-3 0    10
2 28353  70.9990 284.3596 0006259 216.3318 143.7380 14.14315548973753
1 28353U 04021B   23110.73809906  .00000245  00000-0  15299-3 0    11
2 28353  70.9990 283.7661 0006248 215.9771 144.0932 14.14315692973796
1 28353U 04021B   23111.23318591  .00000255  00000-0  15824-3 0  1995
2 28353  70.9991 282.7275 0006218 215.4328 144.6382 14.14315959973877
1 28353U 04021B   23111.23318591  .00000255  00000-0  15824-3 0    17
2 28353  70.9991 282.7275 0006218 215.4328 144.6382 14.14315959973866
1 28353U 04021B   23111.72827256  .00000266  00000-0  16414-3 0    12
2 28353  70.9992 281.6889 0006202 214.8450 145.2267 14.14316269973930
1 28353U 04021B   23112.22335914  .00000286  00000-0  17428-3 0    11
2 28353  70.9992 280.6503 0006163 214.4078 145.6646 14.14316626974001
1 28353U 04021B   23112.71844559  .00000293  00000-0  17827-3 0  2007
2 28353  70.9993 279.6117 0006144 213.7959 146.2772 14.14316937974080
1 28353U 04021B   23112.71844559  .00000293  00000-0  17827-3 0    16
2 28353  70.9993 279.6117 0006144 213.7959 146.2772 14.14316937974079
1 28353U 04021B   23113.42571181  .00000313  00000-0  18882-3 0    18
2 28353  70.9994 278.1281 0006099 213.1079 146.9662 14.14317448974176
1 28353U 04021B   23113.70861818  .00000322  00000-0  19354-3 0    13
2 28353  70.9995 277.5347 0006089 212.7924 147.2821 14.14317657974214
1 28353U 04021B   23114.20370360  .00000478  00000-0  27503-3 0  2015
2 28353  70.9995 276.4960 0006051 212.3110 147.7643 14.14318997974298
1 28353U 04021B   23114.20370360  .00000478  00000-0  27503-3 0    13
2 28353  70.9995 276.4960 0006051 212.3110 147.7643 14.14318997974287
1 28353U 04021B   23115.47678179  .00000368  00000-0  21722-3 0    17
2 28353  70.9998 273.8253 0005987 210.8041 149.2730 14.14319172974469
1 28353U 04021B   23116.46695265  .00000378  00000-0  22282-3 0    15
2 28353  71.0000 271.7482 0005933 209.7353 150.3432 14.14319997974603
1 28353U 04021B   23116.67913206  .00000380  00000-0  22339-3 0    12
2 28353  71.0000 271.3031 0005925 209.4838 150.5951 14.14320149974637
1 28353U 04021B   23117.52784925  .00000380  00000-0  22344-3 0    17
2 28353  71.0002 269.5226 0005874 208.5830 151.4971 14.14320898974755
1 28353U 04021B   23118.16438686  .00000378  00000-0  22273-3 0  2041
2 28353  71.0003 268.1873 0005832 207.9738 152.1072 14.14321440974858
1 28353U 04021B   23118.51801875  .00000369  00000-0  21810-3 0    15
2 28353  71.0004 267.4455 0005818 207.5274 152.5541 14.14321722974894
1 28353U 04021B   23119.57891385  .00000351  00000-0  20824-3 0    12
2 28353  71.0005 265.2197 0005765 206.0439 154.0394 14.14322597975044
1 28353U 04021B   23119.79109291  .00000344  00000-0  20471-3 0  2050
2 28353  71.0006 264.7749 0005738 206.1335 153.9498 14.14322721975084
1 28353U 04021B   23120.56908217  .00000316  00000-0  19034-3 0    18
2 28353  71.0006 263.1424 0005727 204.8997 155.1849 14.14323271975180
1 28353U 04021B   23120.85198737  .00000306  00000-0  18490-3 0  2069
2 28353  71.0007 262.5490 0005709 204.5838 155.5013 14.14323433975231
1 28353U 04021B   23121.55924991  .00000286  00000-0  17420-3 0    18
2 28353  71.0008 261.0654 0005681 203.9663 156.1195 14.14323952975320
1 28353U 04021B   23121.84215492  .00000279  00000-0  17069-3 0    10
2 28353  71.0008 260.4719 0005667 203.6508 156.4354 14.14324139975366
1 28353U 04021B   23122.54941713  .00000254  00000-0  15761-3 0  2078
2 28353  71.0009 258.9883 0005638 203.0345 157.0525 14.14324602975476
1 28353U 04021B   23122.62014328  .00000253  00000-0  15743-3 0    11
2 28353  71.0009 258.8399 0005657 203.0328 157.0542 14.14324653975474
1 28353U 04021B   23122.83232191  .00000250  00000-0  15569-3 0    17
2 28353  71.0010 258.3949 0005638 202.7938 157.2935 14.14324812975503
1 28353U 04021B   23123.53958390  .00000224  00000-0  14207-3 0    10
2 28353  71.0013 256.9117 0005566 202.3265 157.7616 14.14325237975600
1 28353U 04021B   23123.82248857  .00000219  00000-0  13963-3 0  2083
2 28353  71.0012 256.3180 0005581 201.9561 158.1323 14.14325404975655
1 28353U 04021B   23124.60047636  .00000199  00000-0  12916-3 0    17
2 28353  71.0014 254.6862 0005531 201.4596 158.6295 14.14325851975753
1 28353U 04021B   23124.81265482  .00000199  00000-0  12915-3 0    10
2 28353  71.0014 254.2412 0005515 201.2748 158.8146 14.14325993975786
1 28353U 04021B   23125.37846392  .00000181  00000-0  11935-3 0  2099
2 28353  71.0015 253.0544 0005483 200.8454 159.2446 14.14326289975870
1 28353U 04021B   23125.80282069  .00000180  00000-0  11886-3 0    16
2 28353  71.0016 252.1644 0005456 200.5673 159.5230 14.14326537975928
1 28353U 04021B   23126.65153414  .00000178  00000-0  11800-3 0    14
2 28353  71.0018 250.3844 0005374 199.7451 160.3464 14.14327016976040
1 28353U 04021B   23127.07589065  .00000166  00000-0  11172-3 0  2107
2 28353  71.0018 249.4941 0005359 199.2498 160.8423 14.14327214976114
1 28353U 04021B   23127.57097333  .00000149  00000-0  10280-3 0    12
2 28353  71.0018 248.4556 0005340 198.7324 161.3602 14.14327362976172
1 28353U 04021B   23127.78315161  .00000143  00000-0  99755-4 0    16
2 28353  71.0018 248.0105 0005327 198.5351 161.5578 14.14327430976205
1 28353U 04021B   23128.56113847  .00000114  00000-0  84540-4 0  2117
2 28353  71.0020 246.3788 0005263 197.7292 162.3647 14.14327661976325
1 28353U 04021B   23128.77331672  .00000108  00000-0  81214-4 0    13
2 28353  71.0021 245.9339 0005240 197.6222 162.4719 14.14327714976342
1 28353U 04021B   23129.55130337  .00000085  00000-0  69084-4 0    10
2 28353  71.0022 244.3021 0005192 196.8914 163.2036 14.14327932976454
1 28353U 04021B   23130.54146808  .00000055  00000-0  53728-4 0    16
2 28353  71.0023 242.2253 0005128 196.0226 164.0735 14.14328156976595
1 28353U 04021B   23130.75364620  .00000053  00000-0  52423-4 0    12
2 28353  71.0023 241.7803 0005113 195.8147 164.2817 14.14328222976624
1 28353U 04021B   23131.46090656  .00000022  00000-0  36449-4 0    12
2 28353  71.0024 240.2969 0005073 195.1828 164.9143 14.14328307976720
1 28353U 04021B   23131.74381071  .00000014  00000-0  32260-4 0    15
2 28353  71.0024 239.7036 0005054 194.9218 165.1756 14.14328343976764
1 28353U 04021B   23132.02671481  .00000003  00000-0  26416-4 0    18
2 28353  71.0024 239.1102 0005034 194.6519 165.4458 14.14328378976806
1 28353U 04021B   23132.73397502 -.00000013  00000-0  18207-4 0  2142
2 28353  71.0024 237.6269 0004997 194.0431 166.0553 14.14328497976914
1 28353U 04021B   23132.73397502 -.00000013  00000-0  18207-4 0    16
2 28353  71.0024 237.6269 0004997 194.0431 166.0553 14.14328497976903
1 28353U 04021B   23133.58268735 -.00000048  00000-0 -47067-6 0    12
2 28353  71.0024 235.8469 0004938 193.1223 166.9771 14.14328490977027
1 28353U 04021B   23133.72413941 -.00000052  00000-0 -21452-5 0    13
2 28353  71.0024 235.5502 0004926 192.9300 167.1697 14.14328500977046
1 28353U 04021B   23134.28994761 -.00000071  00000-0 -12127-4 0  2155
2 28353  71.0024 234.3635 0004891 192.2687 167.8317 14.14328514977133
1 28353U 04021B   23134.57285178 -.00000087  00000-0 -20679-4 0    13
2 28353  71.0024 233.7702 0004870 191.9574 168.1434 14.14328430977163
1 28353U 04021B   23134.71430386 -.00000093  00000-0 -23587-4 0    10
2 28353  71.0024 233.4736 0004858 191.7887 168.3122 14.14328415977189
1 28353U 04021B   23135.56301623 -.00000115  00000-0 -35231-4 0  2167
2 28353  71.0023 231.6936 0004805 190.8086 169.2934 14.14328356977313
1 28353U 04021B   23135.56301623 -.00000115  00000-0 -35231-4 0    19
2 28353  71.0023 231.6936 0004805 190.8086 169.2934 14.14328356977302
1 28353U 04021B   23135.70446830 -.00000117  00000-0 -36299-4 0    12
2 28353  71.0023 231.3969 0004794 190.6316 169.4705 14.14328354977324
1 28353U 04021B   23136.55318076 -.00000138  00000-0 -47441-4 0    10
2 28353  71.0022 229.6169 0004746 189.7156 170.3876 14.14328232977441
1 28353U 04021B   23137.18971517 -.00000152  00000-0 -54510-4 0  2175
2 28353  71.0022 228.2819 0004706 188.8381 171.2659 14.14328139977540
1 28353U 04021B   23137.68479756 -.00000161  00000-0 -59391-4 0    11
2 28353  71.0021 227.2435 0004679 188.2007 171.9039 14.14328021977606
1 28353U 04021B   23138.53351032 -.00000178  00000-0 -68196-4 0  2183
2 28353  71.0020 225.4635 0004633 187.0903 173.0155 14.14327804977733
1 28353U 04021B   23138.53351032 -.00000178  00000-0 -68196-4 0    13
2 28353  71.0020 225.4635 0004633 187.0903 173.0155 14.14327804977722
1 28353U 04021B   23139.66512751 -.00000186  00000-0 -72202-4 0  2198
2 28353  71.0019 223.0902 0004569 185.5451 174.5622 14.14327559977890
1 28353U 04021B   23139.66512751 -.00000186  00000-0 -72202-4 0    17
2 28353  71.0019 223.0902 0004569 185.5451 174.5622 14.14327559977889
1 28353U 04021B   23140.65529260 -.00000182  00000-0 -70272-4 0    12
2 28353  71.0018 221.0135 0004547 184.2422 175.8662 14.14327388978029
1 28353U 04021B   23140.93819695 -.00000187  00000-0 -73133-4 0  2204
2 28353  71.0018 220.4201 0004533 183.8213 176.2876 14.14327307978072
1 28353U 04021B   23141.50400587 -.00000197  00000-0 -78134-4 0    18
2 28353  71.0017 219.2334 0004500 182.8663 177.2434 14.14327094978148
1 28353U 04021B   23141.92836250 -.00000202  00000-0 -80643-4 0    19
2 28353  71.0016 218.3434 0004481 182.1594 177.9510 14.14326981978205
1 28353U 04021B   23142.21126694 -.00000199  00000-0 -79374-4 0  2214
2 28353  71.0015 217.7501 0004469 181.6682 178.4426 14.14326943978255
1 28353U 04021B   23142.49417148 -.00000208  00000-0 -83930-4 0    11
2 28353  71.0015 217.1568 0004451 181.2279 178.8833 14.14326795978285
1 28353U 04021B   23142.63562368 -.00000203  00000-0 -81502-4 0    10
2 28353  71.0015 216.8600 0004446 180.8411 179.2705 14.14326800978308
1 28353U 04021B   23143.48433731 -.00000224  00000-0 -92342-4 0  2227
2 28353  71.0013 215.0800 0004400 179.3937 180.7191 14.14326450978436
1 28353U 04021B   23143.90869417 -.00000234  00000-0 -97402-4 0    16
2 28353  71.0012 214.1899 0004376 178.6069 181.5066 14.14326292978482
1 28353U 04021B   23144.54522956 -.00000245  00000-0 -10315-3 0  2236
2 28353  71.0011 212.8549 0004349 177.4656 182.6489 14.14326032978581
1 28353U 04021B   23144.61595572 -.00000246  00000-0 -10356-3 0    18
2 28353  71.0011 212.7066 0004346 177.3205 182.7941 14.14326009978588
1 28353U 04021B   23145.60612204 -.00000255  00000-0 -10824-3 0  2247
2 28353  71.0008 210.6297 0004293 175.6601 184.4559 14.14325656978737
1 28353U 04021B   23145.60612204 -.00000255  00000-0 -10824-3 0    10
2 28353  71.0008 210.6297 0004293 175.6601 184.4559 14.14325656978726
1 28353U 04021B   23146.52556250 -.00000264  00000-0 -11315-3 0    16
2 28353  71.0006 208.7013 0004261 173.9946 186.1228 14.14325269978852
1 28353U 04021B   23146.59628872 -.00000263  00000-0 -11279-3 0    11
2 28353  71.0006 208.5529 0004256 173.7802 186.3374 14.14325245978864
1 28353U 04021B   23147.16209838 -.00000262  00000-0 -11207-3 0  2250
2 28353  71.0004 207.3662 0004234 172.5041 187.6145 14.14325052978951
1 28353U 04021B   23147.86936068 -.00000263  00000-0 -11288-3 0    11
2 28353  71.0001 205.8827 0004190 171.3279 188.7916 14.14324713979047
1 28353U 04021B   23148.22299183 -.00000256  00000-0 -10901-3 0  2264
2 28353  71.0000 205.1409 0004176 170.6841 189.4360 14.14324616979106
1 28353U 04021B   23148.85952806 -.00000237  00000-0 -99110-4 0    11
2 28353  70.9998 203.8056 0004135 169.4107 190.7103 14.14324414979183
1 28353U 04021B   23149.42533811 -.00000224  00000-0 -92128-4 0  2274
2 28353  70.9997 202.6188 0004104 168.4504 191.6713 14.14324225979278
1 28353U 04021B   23149.56679068 -.00000224  00000-0 -92019-4 0    13
2 28353  70.9997 202.3220 0004099 168.0391 192.0829 14.14324158979284
1 28353U 04021B   23149.84969576 -.00000218  00000-0 -89103-4 0    13
2 28353  70.9997 201.7286 0004086 167.4390 192.6835 14.14324062979329
1 28353U 04021B   23150.48623227 -.00000201  00000-0 -80296-4 0    11
2 28353  70.9995 200.3935 0004067 166.2738 193.8495 14.14323855979419
1 28353U 04021B   23150.83986370 -.00000189  00000-0 -74155-4 0  2284
2 28353  70.9994 199.6518 0004052 165.4777 194.6462 14.14323773979471
1 28353U 04021B   23150.83986370 -.00000189  00000-0 -74155-4 0    13
2 28353  70.9994 199.6518 0004052 165.4777 194.6462 14.14323773979460
1 28353U 04021B   23151.54712668 -.00000158  00000-0 -57982-4 0    14
2 28353  70.9993 198.1682 0004023 163.9263 196.1987 14.14323629979566
1 28353U 04021B   23152.18366339 -.00000138  00000-0 -47068-4 0  2299
2 28353  70.9992 196.8331 0004002 162.5093 197.6167 14.14323526979667
1 28353U 04021B   23152.46656861 -.00000122  00000-0 -39059-4 0    14
2 28353  70.9991 196.2397 0003994 161.9118 198.2147 14.14323481979690
1 28353U 04021B   23152.82020016 -.00000109  00000-0 -32115-4 0    12
2 28353  70.9990 195.4978 0003978 161.0942 199.0329 14.14323439979743
1 28353U 04021B   23153.52746328 -.00000081  00000-0 -17629-4 0  2307
2 28353  70.9989 194.0143 0003962 159.5887 200.5394 14.14323370979859
1 28353U 04021B   23153.52746328 -.00000081  00000-0 -17629-4 0    13
2 28353  70.9989 194.0143 0003962 159.5887 200.5394 14.14323370979848
1 28353U 04021B   23154.51763170 -.00000055  00000-0 -37363-5 0    16
2 28353  70.9988 191.9373 0003930 157.3847 202.7449 14.14323275979989
1 28353U 04021B   23154.80053689 -.00000042  00000-0  31116-5 0    10
2 28353  70.9988 191.3439 0003926 156.7355 203.3946 14.14323315980029
1 28353U 04021B   23155.08344212 -.00000035  00000-0  68283-5 0  2318
2 28353  70.9987 190.7506 0003927 156.1587 203.9718 14.14323326980078
1 28353U 04021B   23155.50780003 -.00000024  00000-0  12453-4 0    17
2 28353  70.9987 189.8605 0003905 155.2812 204.8498 14.14323295980120
1 28353U 04021B   23155.79070526 -.00000018  00000-0  15740-4 0    15
2 28353  70.9986 189.2670 0003896 154.6364 205.4950 14.14323308980168
1 28353U 04021B   23156.21506308 -.00000008  00000-0  20487-4 0  2324
2 28353  70.9986 188.3769 0003893 153.7620 206.3701 14.14323340980237
1 28353U 04021B   23156.49796834  .00000006  00000-0  27856-4 0    17
2 28353  70.9985 187.7835 0003882 153.1197 207.0127 14.14323374980264
1 28353U 04021B   23157.48813655  .00000042  00000-0  46795-4 0  2338
2 28353  70.9984 185.7064 0003845 150.8043 209.3295 14.14323562980415
1 28353U 04021B   23158.33685194  .00000078  00000-0  65950-4 0    14
2 28353  70.9984 183.9263 0003821 149.2791 210.8556 14.14323817980524
1 28353U 04021B   23158.76120960  .00000097  00000-0  75452-4 0  2343
2 28353  70.9983 183.0361 0003801 148.2795 211.8557 14.14323967980599
1 28353U 04021B   23158.76120960  .00000097  00000-0  75452-4 0    15
2 28353  70.9983 183.0361 0003801 148.2795 211.8557 14.14323967980588
1 28353U 04021B   23159.46847236  .00000124  00000-0  89624-4 0    12
2 28353  70.9982 181.5525 0003790 146.7318 213.4043 14.14324187980687
1 28353U 04021B   23160.03428246  .00000142  00000-0  99395-4 0  2358
2 28353  70.9981 180.3657 0003774 145.4615 214.6753 14.14324399980773
1 28353U 04021B   23160.38791370  .00000163  00000-0  11024-3 0    13
2 28353  70.9981 179.6239 0003758 144.8138 215.3233 14.14324557980817
1 28353U 04021B   23160.74154492  .00000178  00000-0  11780-3 0    16
2 28353  70.9981 178.8821 0003743 143.9555 216.1820 14.14324723980863
1 28353U 04021B   23161.30735477  .00000202  00000-0  13037-3 0  2362
2 28353  70.9980 177.6952 0003728 142.8199 217.3182 14.14324998980957
1 28353U 04021B   23161.30735477  .00000202  00000-0  13037-3 0    12
2 28353  70.9980 177.6952 0003728 142.8199 217.3182 14.14324998980946
1 28353U 04021B   23161.73171211  .00000223  00000-0  14171-3 0    12
2 28353  70.9981 176.8050 0003707 141.7765 218.3621 14.14325234981002
1 28353U 04021B   23162.43897416  .00000260  00000-0  16082-3 0  2377
2 28353  70.9981 175.3214 0003682 140.1963 219.9430 14.14325660981113
1 28353U 04021B   23162.43897416  .00000260  00000-0  16082-3 0    16
2 28353  70.9981 175.3214 0003682 140.1963 219.9430 14.14325660981102
1 28353U 04021B   23162.79260508  .00000276  00000-0  16928-3 0    17
2 28353  70.9981 174.5795 0003670 139.3596 220.7800 14.14325893981150
1 28353U 04021B   23163.42914060  .00000301  00000-0  18212-3 0    14
2 28353  70.9981 173.2443 0003642 137.9871 222.1531 14.14326299981243
1 28353U 04021B   23163.78277136  .00000311  00000-0  18766-3 0  2386
2 28353  70.9981 172.5025 0003629 137.1476 222.9930 14.14326529981303
1 28353U 04021B   23163.78277136  .00000311  00000-0  18766-3 0    14
2 28353  70.9981 172.5025 0003629 137.1476 222.9930 14.14326529981291
1 28353U 04021B   23164.41930654  .00000331  00000-0  19791-3 0    17
2 28353  70.9982 171.1672 0003605 135.7638 224.3773 14.14326971981385
1 28353U 04021B   23164.77293707  .00000345  00000-0  20532-3 0    17
2 28353  70.9983 170.4254 0003594 134.9855 225.1559 14.14327267981439
1 28353U 04021B   23165.40947188  .00000366  00000-0  21644-3 0  2398
2 28353  70.9984 169.0902 0003568 133.5651 226.5768 14.14327780981532
1 28353U 04021B   23165.40947188  .00000366  00000-0  21644-3 0    15
2 28353  70.9984 169.0902 0003568 133.5651 226.5768 14.14327780981521
1 28353U 04021B   23165.76310221  .00000371  00000-0  21896-3 0    11
2 28353  70.9985 168.3484 0003554 132.7238 227.4184 14.14328057981571
1 28353U 04021B   23166.47036265  .00000385  00000-0  22616-3 0    19
2 28353  70.9986 166.8648 0003523 131.1679 228.9747 14.14328647981672
1 28353U 04021B   23166.75326672  .00000388  00000-0  22794-3 0  2409
2 28353  70.9987 166.2714 0003510 130.4704 229.6724 14.14328892981729
1 28353U 04021B   23166.75326672  .00000388  00000-0  22794-3 0    14
2 28353  70.9987 166.2714 0003510 130.4704 229.6724 14.14328892981718
1 28353U 04021B   23167.46052659  .00000408  00000-0  23843-3 0    13
2 28353  70.9988 164.7878 0003477 128.8473 231.2960 14.14329602981811
1 28353U 04021B   23167.74343045  .00000404  00000-0  23624-3 0    19
2 28353  70.9988 164.1944 0003471 128.1329 232.0106 14.14329832981856
1 28353U 04021B   23168.23851217  .00000398  00000-0  23303-3 0  2411
2 28353  70.9989 163.1559 0003469 127.0301 233.1139 14.14330218981930
1 28353U 04021B   23168.45069003  .00000397  00000-0  23248-3 0    10
2 28353  70.9989 162.7108 0003476 126.3952 233.7491 14.14330401981950
1 28353U 04021B   23168.94577144  .00000397  00000-0  23243-3 0    19
2 28353  70.9989 161.6723 0003458 125.2123 234.9324 14.14330863982028
1 28353U 04021B   23169.37012681  .00000394  00000-0  23111-3 0  2425
2 28353  70.9990 160.7821 0003421 124.2423 235.9024 14.14331212982095
1 28353U 04021B   23169.37012681  .00000394  00000-0  23111-3 0    18
2 28353  70.9990 160.7821 0003421 124.2423 235.9024 14.14331212982084
1 28353U 04021B   23169.72375622  .00000390  00000-0  22908-3 0    13
2 28353  70.9991 160.0404 0003413 123.2848 236.8601 14.14331526982131
1 28353U 04021B   23170.21883715  .00000390  00000-0  22896-3 0    12
2 28353  70.9992 159.0020 0003375 122.2195 237.9254 14.14331992982206
1 28353U 04021B   23170.71391795  .00000389  00000-0  22844-3 0  2438
2 28353  70.9992 157.9634 0003342 120.9173 239.2278 14.14332456982284
1 28353U 04021B   23170.71391795  .00000389  00000-0  22844-3 0    10
2 28353  70.9992 157.9634 0003342 120.9173 239.2278 14.14332456982273
1 28353U 04021B   23171.20899856  .00000388  00000-0  22787-3 0    11
2 28353  70.9993 156.9251 0003305 119.6431 240.5020 14.14332929982342
1 28353U 04021B   23172.19915937  .00000380  00000-0  22378-3 0  2446
2 28353  70.9995 154.8481 0003248 117.1607 242.9846 14.14333814982492
1 28353U 04021B   23172.41133664  .00000374  00000-0  22049-3 0    19
2 28353  70.9995 154.4031 0003213 116.5477 243.5975 14.14333963982517
1 28353U 04021B   23173.40149670  .00000360  00000-0  21316-3 0  2454
2 28353  70.9997 152.3262 0003149 113.9295 246.2157 14.14334799982665
1 28353U 04021B   23172.69423960  .00000368  00000-0  21744-3 0    14
2 28353  70.9996 153.8097 0003201 115.6819 244.4634 14.14334198982557
1 28353U 04021B   23174.67455880  .00000343  00000-0  20425-3 0  2469
2 28353  70.9999 149.6559 0003083 110.2895 249.8559 14.14335854982846
1 28353U 04021B   23176.15979669  .00000316  00000-0  19017-3 0  2476
2 28353  71.0002 146.5405 0003023 106.3758 253.7697 14.14336999983059
1 28353U 04021B   23177.36213131  .00000275  00000-0  16888-3 0  2483
2 28353  71.0005 144.0185 0002978 103.1370 257.0085 14.14337760983227
1 28353U 04021B   23178.63519069  .00000208  00000-0  13361-3 0  2493
2 28353  71.0008 141.3481 0002918  99.7004 260.4448 14.14338390983408
1 28353U 04021B   23180.19115135  .00000128  00000-0  92010-4 0  2505
2 28353  71.0011 138.0844 0002847  95.4771 264.6676 14.14339006983621
1 28353U 04021B   23182.59581688  .00000019  00000-0  35010-4 0  2529
2 28353  71.0015 133.0407 0002771  87.8480 272.2959 14.14339604983963
1 28353U 04021B   23184.15177672 -.00000029  00000-0  95575-5 0  2533
2 28353  71.0016 129.7772 0002748  83.2369 276.9065 14.14339752984189
1 28353U 04021B   23185.21265832 -.00000053  00000-0 -25809-5 0  2549
2 28353  71.0017 127.5520 0002727  79.9838 280.1591 14.14339799984336
1 28353U 04021B   23186.27354004 -.00000071  00000-0 -12441-4 0  2554
2 28353  71.0017 125.3269 0002719  76.7524 283.3901 14.14339770984485
1 28353U 04021B   23187.54659812 -.00000084  00000-0 -18864-4 0  2560
2 28353  71.0018 122.6567 0002721  72.9062 287.2358 14.14339723984662
1 28353U 04021B   23189.10255814 -.00000108  00000-0 -31557-4 0  2570
2 28353  71.0018 119.3933 0002733  68.8374 291.3040 14.14339536984885
1 28353U 04021B   23190.16344019 -.00000142  00000-0 -49450-4 0  2584
2 28353  71.0019 117.1682 0002749  65.8231 294.3178 14.14339255985030
1 28353U 04021B   23191.50722428 -.00000188  00000-0 -73206-4 0  2594
2 28353  71.0019 114.3498 0002781  62.3079 297.8325 14.14338873985220
1 28353U 04021B   23193.48753835 -.00000225  00000-0 -92887-4 0  2609
2 28353  71.0018 110.1962 0002844  57.5012 302.6385 14.14338308985507
1 28353U 04021B   23194.90204902 -.00000250  00000-0 -10580-3 0  2611
2 28353  71.0017 107.2294 0002891  54.4989 305.6403 14.14337785985706
1 28353U 04021B   23196.10438359 -.00000248  00000-0 -10505-3 0  2625
2 28353  71.0016 104.7075 0002961  52.4330 307.7061 14.14337371985872
1 28353U 04021B   23197.16526753 -.00000262  00000-0 -11208-3 0  2636
2 28353  71.0014 102.4822 0003009  50.1829 309.9557 14.14336831986029
1 28353U 04021B   23198.43832869 -.00000251  00000-0 -10631-3 0  2643
2 28353  71.0012  99.8116 0003087  47.2017 312.9365 14.14336319986206
1 28353U 04021B   23199.78211591 -.00000241  00000-0 -10123-3 0  2651
2 28353  71.0010  96.9929 0003152  45.2169 314.9210 14.14335798986394
1 28353U 04021B   23201.12590372 -.00000213  00000-0 -86327-4 0  2660
2 28353  71.0008  94.1742 0003221  42.6252 317.5120 14.14335315986580
1 28353U 04021B   23205.08654380 -.00000145  00000-0 -50814-4 0    12
2 28353  71.0003  85.8663 0003434  36.9584 323.1774 14.14334198987132
1 28353U 04021B   23205.79380122 -.00000130  00000-0 -42883-4 0  2697
2 28353  71.0003  84.3825 0003462  36.1704 323.9652 14.14334073987240
1 28353U 04021B   23207.06686479 -.00000077  00000-0 -15345-4 0    10
2 28353  71.0001  81.7120 0003529  34.6130 325.5221 14.14334004987410
1 28353U 04021B   23207.91557387 -.00000053  00000-0 -28119-5 0    17
2 28353  71.0000  79.9316 0003567  33.4162 326.7185 14.14333943987535
1 28353U 04021B   23208.05702541 -.00000045  00000-0  12265-5 0  2711
2 28353  71.0000  79.6348 0003575  33.2471 326.8875 14.14333941987565
1 28353U 04021B   23208.33992845 -.00000036  00000-0  59991-5 0    18
2 28353  70.9999  79.0414 0003595  32.7418 327.3927 14.14333943987594
1 28353U 04021B   23208.90573452 -.00000017  00000-0  15921-4 0    13
2 28353  70.9999  77.8544 0003620  31.8570 328.2770 14.14333937987670
1 28353U 04021B   23209.04718605 -.00000007  00000-0  21110-4 0    16
2 28353  70.9998  77.5576 0003633  31.6509 328.4831 14.14333968987691
1 28353U 04021B   23209.61299208  .00000015  00000-0  32490-4 0  2723
2 28353  70.9998  76.3707 0003664  30.7393 329.3943 14.14334038987782
1 28353U 04021B   23210.88605560  .00000074  00000-0  63795-4 0  2734
2 28353  70.9997  73.7000 0003740  28.4898 331.6428 14.14334249987965
1 28353U 04021B   23212.01766737  .00000123  00000-0  89388-4 0  2747
2 28353  70.9996  71.3260 0003806  26.7310 333.4008 14.14334561988129
1 28353U 04021B   23213.78580996  .00000192  00000-0  12544-3 0  2759
2 28353  70.9997  67.6167 0003902  23.8569 336.2734 14.14335284988372
1 28353U 04021B   23214.98814632  .00000237  00000-0  14855-3 0  2767
2 28353  70.9998  65.0944 0003977  21.7722 338.3569 14.14335910988542
1 28353U 04021B   23216.75628682  .00000275  00000-0  16852-3 0  2774
2 28353  71.0000  61.3852 0004081  18.6363 341.4908 14.14336950988792
1 28353U 04021B   23217.95862146  .00000311  00000-0  18725-3 0  2785
2 28353  71.0001  58.8628 0004153  16.5613 343.5645 14.14337831988969
1 28353U 04021B   23219.30240653  .00000316  00000-0  18997-3 0  2796
2 28353  71.0003  56.0436 0004254  14.0007 346.1233 14.14338667989152
1 28353U 04021B   23220.78764136  .00000337  00000-0  20088-3 0  2806
2 28353  71.0005  52.9278 0004340  11.2534 348.8684 14.14339799989362
1 28353U 04021B   23221.98997326  .00000341  00000-0  20312-3 0  2814
2 28353  71.0007  50.4048 0004361   9.4868 350.6336 14.14340715989538
1 28353U 04021B   23223.47520580  .00000335  00000-0  20004-3 0  2826
2 28353  71.0009  47.2889 0004455   6.9012 353.2170 14.14341844989746
1 28353U 04021B   23224.74826143  .00000299  00000-0  18125-3 0  2832
2 28353  71.0012  44.6183 0004538   4.4895 355.6267 14.14342617989924
1 28353U 04021B   23225.87986557  .00000268  00000-0  16495-3 0  2848
2 28353  71.0015  42.2444 0004625   2.1814 357.9328 14.14343343990083
1 28353U 04021B   23226.94074379  .00000242  00000-0  15154-3 0  2851
2 28353  71.0017  40.0189 0004696 359.9890   0.1231 14.14344049990233
1 28353U 04021B   23228.21379708  .00000201  00000-0  12975-3 0  2861
2 28353  71.0020  37.3485 0004807 357.4807   2.6290 14.14344772990415
1 28353U 04021B   23229.41612463  .00000156  00000-0  10629-3 0  2876
2 28353  71.0022  34.8264 0004896 355.1952   4.9122 14.14345340990587
1 28353U 04021B   23230.68917682  .00000113  00000-0  84139-4 0  2880
2 28353  71.0023  32.1560 0005009 352.9078   7.1972 14.14345865990769
1 28353U 04021B   23232.52802946  .00000049  00000-0  50672-4 0  2895
2 28353  71.0027  28.2987 0005167 349.6567  10.4448 14.14346364991023
1 28353U 04021B   23233.80108105  .00000015  00000-0  32494-4 0  2900
2 28353  71.0029  25.6282 0005273 347.3529  12.7460 14.14346561991203
1 28353U 04021B   23235.49848284 -.00000029  00000-0  97054-5 0  2917
2 28353  71.0031  22.0678 0005407 344.5119  15.5837 14.14346761991446
1 28353U 04021B   23236.48863392 -.00000055  00000-0 -36115-5 0    14
2 28353  71.0033  19.9911 0005498 342.7535  17.3400 14.14346770991575
1 28353U 04021B   23237.40805996 -.00000079  00000-0 -16394-4 0  2927
2 28353  71.0036  18.0628 0005588 341.4188  18.6730 14.14346740991716
1 28353U 04021B   23237.54951010 -.00000084  00000-0 -18955-4 0    10
2 28353  71.0036  17.7661 0005599 341.1697  18.9218 14.14346718991723
1 28353U 04021B   23237.83241040 -.00000084  00000-0 -19241-4 0    16
2 28353  71.0036  17.1725 0005608 340.7856  19.3053 14.14346725991765
1 28353U 04021B   23238.46893612 -.00000105  00000-0 -30038-4 0  2938
2 28353  71.0037  15.8374 0005653 339.8948  20.1950 14.14346665991862
1 28353U 04021B   23238.46893612 -.00000105  00000-0 -30038-4 0    15
2 28353  71.0037  15.8374 0005653 339.8948  20.1950 14.14346665991851
1 28353U 04021B   23238.82256151 -.00000110  00000-0 -32785-4 0    13
2 28353  71.0037  15.0957 0005678 339.2532  20.8359 14.14346628991905
1 28353U 04021B   23239.38836219 -.00000128  00000-0 -42055-4 0    14
2 28353  71.0038  13.9089 0005718 338.4561  21.6319 14.14346555991989
1 28353U 04021B   23239.74198765 -.00000135  00000-0 -45939-4 0  2947
2 28353  71.0038  13.1672 0005743 337.9486  22.1389 14.14346482992047
1 28353U 04021B   23239.81271275 -.00000139  00000-0 -48007-4 0    12
2 28353  71.0038  13.0188 0005747 337.8173  22.2699 14.14346457992041
1 28353U 04021B   23240.80286414 -.00000162  00000-0 -60019-4 0    17
2 28353  71.0039  10.9421 0005821 336.5906  23.4951 14.14346277992180
1 28353U 04021B   23241.08576458 -.00000172  00000-0 -64789-4 0  2952
2 28353  71.0039  10.3486 0005840 336.2347  23.8504 14.14346199992239
1 28353U 04021B   23241.79301579 -.00000190  00000-0 -74227-4 0    13
2 28353  71.0039   8.8653 0005878 335.2370  24.8470 14.14345983992326
1 28353U 04021B   23242.35881681 -.00000205  00000-0 -82287-4 0  2961
2 28353  71.0039   7.6787 0005915 334.5496  25.5334 14.14345820992411
1 28353U 04021B   23242.64171733 -.00000208  00000-0 -84056-4 0    16
2 28353  71.0040   7.0854 0005928 334.1496  25.9329 14.14345729992441
1 28353U 04021B   23243.27824360 -.00000217  00000-0 -88587-4 0    10
2 28353  71.0039   5.7503 0005964 333.3667  26.7148 14.14345549992534
1 28353U 04021B   23244.05622021 -.00000226  00000-0 -93189-4 0  2978
2 28353  71.0039   4.1185 0006009 332.2781  27.8021 14.14345305992654
1 28353U 04021B   23244.62202153 -.00000228  00000-0 -94382-4 0    12
2 28353  71.0039   2.9318 0006031 331.5198  28.5593 14.14345122992724
1 28353U 04021B   23244.76347180 -.00000224  00000-0 -92212-4 0    13
2 28353  71.0039   2.6350 0006038 331.3551  28.7239 14.14345122992746
1 28353U 04021B   23245.54144880 -.00000236  00000-0 -98615-4 0    18
2 28353  71.0039   1.0033 0006064 330.4312  29.6467 14.14344809992857
1 28353U 04021B   23245.68289909 -.00000231  00000-0 -95750-4 0  2985
2 28353  71.0038   0.7065 0006077 330.1733  29.9042 14.14344803992884
1 28353U 04021B   23245.75362418 -.00000211  00000-0 -85643-4 0    10
2 28353  71.0038   0.5582 0006083 330.0588  30.0185 14.14344915992885
1 28353U 04021B   23246.60232663 -.00000234  00000-0 -97310-4 0    12
2 28353  71.0038 358.7780 0006117 329.0398  31.0363 14.14344488993007
1 28353U 04021B   23247.02667791 -.00000242  00000-0 -10185-3 0  2995
2 28353  71.0037 357.8880 0006136 328.5815  31.4940 14.14344296993075
1 28353U 04021B   23247.59247974 -.00000254  00000-0 -10788-3 0    17
2 28353  71.0037 356.7013 0006151 327.9095  32.1652 14.14344008993148
1 28353U 04021B   23248.51190790 -.00000272  00000-0 -11745-3 0    17
2 28353  71.0037 354.7729 0006185 326.7431  33.3302 14.14343538993274
1 28353U 04021B   23248.51190790 -.00000272  00000-0 -11745-3 0  3009
2 28353  71.0037 354.7729 0006185 326.7431  33.3302 14.14343538993285
1 28353U 04021B   23249.50206148 -.00000265  00000-0 -11345-3 0    10
2 28353  71.0036 352.6961 0006229 325.6372  34.4346 14.14343213993415
1 28353U 04021B   23249.71423730 -.00000261  00000-0 -11178-3 0  3014
2 28353  71.0036 352.2511 0006234 325.4250  34.6466 14.14343144993453
1 28353U 04021B   23249.71423730 -.00000261  00000-0 -11178-3 0    11
2 28353  71.0036 352.2511 0006234 325.4250  34.6466 14.14343144993442
1 28353U 04021B   23250.35076479 -.00000260  00000-0 -11092-3 0    11
2 28353  71.0036 350.9161 0006246 324.7064  35.3644 14.14342931993535
1 28353U 04021B   23250.70439128 -.00000255  00000-0 -10822-3 0    18
2 28353  71.0035 350.1744 0006250 324.3727  35.6977 14.14342781993580
1 28353U 04021B   23251.41164432 -.00000252  00000-0 -10660-3 0  3021
2 28353  71.0034 348.6910 0006256 323.6427  36.4270 14.14342522993691
1 28353U 04021B   23251.55309500 -.00000253  00000-0 -10712-3 0    18
2 28353  71.0035 348.3944 0006265 323.4292  36.6401 14.14342423993704
1 28353U 04021B   23251.69454568 -.00000256  00000-0 -10884-3 0    11
2 28353  71.0034 348.0977 0006275 323.2271  36.8420 14.14342330993724
1 28353U 04021B   23252.54324959 -.00000238  00000-0 -99366-4 0    19
2 28353  71.0033 346.3176 0006299 322.2336  37.8343 14.14342060993840
1 28353U 04021B   23252.68470029 -.00000234  00000-0 -97225-4 0  3037
2 28353  71.0033 346.0209 0006315 322.1046  37.9631 14.14342020993870
1 28353U 04021B   23253.60412996 -.00000226  00000-0 -93287-4 0    19
2 28353  71.0032 344.0926 0006326 321.1132  38.9534 14.14341622993993
1 28353U 04021B   23253.95775677 -.00000219  00000-0 -89447-4 0  3046
2 28353  71.0031 343.3508 0006341 320.7153  39.3508 14.14341515994050
1 28353U 04021B   23254.59428516 -.00000202  00000-0 -80888-4 0    10
2 28353  71.0030 342.0158 0006359 319.9668  40.0985 14.14341307994132
1 28353U 04021B   23255.44298975 -.00000167  00000-0 -62408-4 0  3054
2 28353  71.0029 340.2357 0006359 319.0508  41.0136 14.14341160994265
1 28353U 04021B   23255.58444057 -.00000159  00000-0 -58217-4 0    10
2 28353  71.0029 339.9391 0006362 318.9220  41.1422 14.14341132994270
1 28353U 04021B   23255.65516597 -.00000158  00000-0 -57730-4 0    15
2 28353  71.0029 339.7907 0006364 318.8550  41.2092 14.14341112994281
1 28353U 04021B   23256.57459604 -.00000101  00000-0 -27931-4 0    10
2 28353  71.0027 337.8621 0006379 317.8885  42.1746 14.14341103994418
1 28353U 04021B   23256.64532145 -.00000099  00000-0 -26604-4 0  3060
2 28353  71.0027 337.7138 0006379 317.8231  42.2399 14.14341096994433
1 28353U 04021B   23256.92822307 -.00000093  00000-0 -23819-4 0    14
2 28353  71.0026 337.1204 0006388 317.5342  42.5285 14.14341034994462
1 28353U 04021B   23257.56475182 -.00000069  00000-0 -11359-4 0    19
2 28353  71.0025 335.7852 0006380 316.9732  43.0891 14.14340955994552
1 28353U 04021B   23257.63547725 -.00000069  00000-0 -10936-4 0    10
2 28353  71.0025 335.6369 0006382 316.8946  43.1676 14.14340937994565
1 28353U 04021B   23257.91837890 -.00000073  00000-0 -13494-4 0  3072
2 28353  71.0024 335.0435 0006388 316.6169  43.4450 14.14340841994616
1 28353U 04021B   23258.55490761 -.00000047  00000-0  47392-6 0    12
2 28353  71.0023 333.7084 0006392 315.9192  44.1420 14.14340825994698
1 28353U 04021B   23259.19143630 -.00000023  00000-0  13012-4 0  3087
2 28353  71.0021 332.3732 0006400 315.2870  44.7736 14.14340861994794
1 28353U 04021B   23259.54506340 -.00000014  00000-0  17672-4 0    13
2 28353  71.0021 331.6314 0006410 314.9397  45.1205 14.14340825994834
1 28353U 04021B   23260.53521903  .00000035  00000-0  43152-4 0    10
2 28353  71.0019 329.5545 0006429 313.9104  46.1487 14.14341015994978
1 28353U 04021B   23261.45464919  .00000068  00000-0  60530-4 0  3103
2 28353  71.0017 327.6260 0006440 312.9464  47.1118 14.14341190995113
1 28353U 04021B   23261.59609999  .00000075  00000-0  63924-4 0    12
2 28353  71.0017 327.3293 0006454 312.8900  47.1679 14.14341229995121
1 28353U 04021B   23261.87900153  .00000087  00000-0  70324-4 0    14
2 28353  71.0016 326.7358 0006462 312.6028  47.4548 14.14341316995162
1 28353U 04021B   23262.58625528  .00000112  00000-0  83650-4 0  3112
2 28353  71.0015 325.2523 0006473 311.8385  48.2184 14.14341531995274
1 28353U 04021B   23263.57641039  .00000153  00000-0  10463-3 0    19
2 28353  71.0013 323.1753 0006488 310.8535  49.2024 14.14341910995406
1 28353U 04021B   23264.49583987  .00000185  00000-0  12157-3 0  3120
2 28353  71.0012 321.2467 0006508 309.8798  50.1751 14.14342299995542
1 28353U 04021B   23264.56656523  .00000187  00000-0  12244-3 0    19
2 28353  71.0011 321.0983 0006510 309.8100  50.2449 14.14342324995546
1 28353U 04021B   23264.84946654  .00000198  00000-0  12820-3 0    19
2 28353  71.0011 320.5049 0006518 309.5475  50.5070 14.14342472995584
1 28353U 04021B   23265.55671971  .00000229  00000-0  14439-3 0  3134
2 28353  71.0010 319.0213 0006534 308.7677  51.2860 14.14342859995698
1 28353U 04021B   23265.83962090  .00000239  00000-0  15007-3 0    17
2 28353  71.0010 318.4279 0006542 308.5006  51.5529 14.14343032995729
1 28353U 04021B   23266.54687377  .00000266  00000-0  16405-3 0    11
2 28353  71.0008 316.9443 0006559 307.7140  52.3387 14.14343453995829
1 28353U 04021B   23266.82977484  .00000275  00000-0  16885-3 0  3142
2 28353  71.0008 316.3508 0006568 307.4450  52.6074 14.14343634995878
1 28353U 04021B   23267.53702733  .00000313  00000-0  18836-3 0    18
2 28353  71.0007 314.8671 0006578 306.6247  53.4270 14.14344175995965
1 28353U 04021B   23268.52718030  .00000362  00000-0  21402-3 0  3150
2 28353  71.0005 312.7899 0006604 305.5856  54.4650 14.14345020996117
1 28353U 04021B   23269.51733268  .00000398  00000-0  23279-3 0    15
2 28353  71.0005 310.7127 0006639 304.5581  55.4914 14.14345878996240
1 28353U 04021B   23270.15385885  .00000409  00000-0  23882-3 0  3167
2 28353  71.0003 309.3771 0006632 303.9160  56.1331 14.14346439996342
1 28353U 04021B   23270.50748452  .00000410  00000-0  23900-3 0    13
2 28353  71.0002 308.6353 0006645 303.5557  56.4931 14.14346662996380
1 28353U 04021B   23271.49763560  .00000422  00000-0  24526-3 0  3177
2 28353  71.0002 306.5581 0006686 302.5054  57.5421 14.14347556996532
1 28353U 04021B   23271.56836065  .00000421  00000-0  24498-3 0    13
2 28353  71.0002 306.4097 0006692 302.4280  57.6194 14.14347616996535
1 28353U 04021B   23272.55851095  .00000423  00000-0  24615-3 0    16
2 28353  71.0001 304.3325 0006752 301.3892  58.6569 14.14348533996670
1 28353U 04021B   23272.55851095  .00000423  00000-0  24615-3 0  3187
2 28353  71.0001 304.3325 0006752 301.3892  58.6569 14.14348533996681
1 28353U 04021B   23273.26576071  .00000418  00000-0  24339-3 0    10
2 28353  71.0001 302.8488 0006793 300.6143  59.4309 14.14349194996775
1 28353U 04021B   23274.18518484  .00000421  00000-0  24494-3 0  3194
2 28353  71.0000 300.9199 0006839 299.6495  60.3945 14.14350144996910
1 28353U 04021B   23274.53880937  .00000423  00000-0  24620-3 0    19
2 28353  71.0000 300.1783 0006858 299.3869  60.6568 14.14350514996953
1 28353U 04021B   23274.82170891  .00000420  00000-0  24442-3 0    11
2 28353  71.0000 299.5849 0006872 299.1178  60.9256 14.14350793996994
1 28353U 04021B   23275.52895752  .00000413  00000-0  24057-3 0  3207
2 28353  71.0000 298.1012 0006910 298.3726  61.6699 14.14351472997102
1 28353U 04021B   23275.81185685  .00000410  00000-0  23892-3 0    15
2 28353  71.0000 297.5077 0006930 298.1077  61.9344 14.14351750997137
1 28353U 04021B   23276.44838023  .00000396  00000-0  23170-3 0    18
2 28353  70.9999 296.1723 0006958 297.3892  62.6522 14.14352297997224
1 28353U 04021B   23276.80200419  .00000391  00000-0  22900-3 0  3210
2 28353  70.9999 295.4304 0006983 297.0473  62.9936 14.14352628997287
1 28353U 04021B   23277.50925182  .00000391  00000-0  22930-3 0    17
2 28353  70.9998 293.9466 0007015 296.2028  63.8372 14.14353329997375
1 28353U 04021B   23277.79215078  .00000386  00000-0  22649-3 0    15
2 28353  70.9998 293.3531 0007030 295.9178  64.1219 14.14353585997414
1 28353U 04021B   23278.21649911  .00000391  00000-0  22923-3 0  3227
2 28353  70.9998 292.4628 0007049 295.4091  64.6301 14.14354034997484
1 28353U 04021B   23278.49939795  .00000383  00000-0  22531-3 0    19
2 28353  70.9998 291.8693 0007068 295.1230  64.9158 14.14354263997513
1 28353U 04021B   23278.78229673  .00000374  00000-0  22037-3 0    19
2 28353  70.9998 291.2757 0007081 294.8156  65.2229 14.14354492997557
1 28353U 04021B   23279.48954352  .00000366  00000-0  21595-3 0  3232
2 28353  70.9998 289.7920 0007123 294.0774  65.9602 14.14355104997661
1 28353U 04021B   23279.48954352  .00000366  00000-0  21595-3 0    15
2 28353  70.9998 289.7920 0007123 294.0774  65.9602 14.14355104997650
1 28353U 04021B   23279.77244213  .00000355  00000-0  21058-3 0    17
2 28353  70.9998 289.1985 0007142 293.8060  66.2313 14.14355319997696
1 28353U 04021B   23280.47968851  .00000336  00000-0  20056-3 0    13
2 28353  70.9998 287.7148 0007191 293.1176  66.9188 14.14355850997794
1 28353U 04021B   23280.76258697  .00000327  00000-0  19582-3 0  3245
2 28353  70.9998 287.1213 0007209 292.8570  67.1791 14.14356061997849
1 28353U 04021B   23280.76258697  .00000327  00000-0  19582-3 0    17
2 28353  70.9998 287.1213 0007209 292.8570  67.1791 14.14356061997838
1 28353U 04021B   23281.46983293  .00000316  00000-0  18983-3 0    14
2 28353  70.9998 285.6375 0007249 292.0414  67.9938 14.14356614997939
1 28353U 04021B   23281.75273122  .00000305  00000-0  18435-3 0    19
2 28353  70.9999 285.0439 0007265 291.7267  68.3082 14.14356812997974
1 28353U 04021B   23282.24780317  .00000286  00000-0  17415-3 0  3257
2 28353  70.9998 284.0053 0007291 291.1745  68.8598 14.14357121998059
1 28353U 04021B   23282.45997684  .00000278  00000-0  17006-3 0    15
2 28353  70.9999 283.5601 0007304 290.9864  69.0477 14.14357251998072
1 28353U 04021B   23282.74287498  .00000269  00000-0  16550-3 0    15
2 28353  70.9998 282.9666 0007314 290.6363  69.3975 14.14357447998115
1 28353U 04021B   23283.45012019  .00000259  00000-0  16024-3 0  3264
2 28353  70.9999 281.4829 0007362 289.9955  70.0374 14.14357977998224
1 28353U 04021B   23283.45012019  .00000259  00000-0  16024-3 0    14
2 28353  70.9999 281.4829 0007362 289.9955  70.0374 14.14357977998213
1 28353U 04021B   23283.73301823  .00000254  00000-0  15754-3 0    13
2 28353  70.9999 280.8894 0007378 289.7551  70.2775 14.14358174998256
1 28353U 04021B   23284.44026318  .00000231  00000-0  14576-3 0    11
2 28353  71.0000 279.4058 0007422 289.0410  70.9908 14.14358584998355
1 28353U 04021B   23284.72316108  .00000222  00000-0  14109-3 0  3274
2 28353  71.0000 278.8123 0007439 288.7383  71.2931 14.14358749998403
1 28353U 04021B   23285.43040580  .00000191  00000-0  12446-3 0    17
2 28353  71.0000 277.3285 0007476 288.0086  72.0221 14.14359052998498
1 28353U 04021B   23285.71330362  .00000184  00000-0  12119-3 0    17
2 28353  71.0000 276.7351 0007491 287.7062  72.3242 14.14359213998532
1 28353U 04021B   23286.20837477  .00000155  00000-0  10609-3 0  3283
2 28353  71.0000 275.6965 0007516 287.1409  72.8890 14.14359360998614
1 28353U 04021B   23286.42054815  .00000145  00000-0  10061-3 0    13
2 28353  71.0000 275.2514 0007528 286.9292  73.1004 14.14359417998636
1 28353U 04021B   23286.70344581  .00000151  00000-0  10355-3 0    19
2 28353  71.0000 274.6579 0007542 286.6527  73.3767 14.14359644998678
1 28353U 04021B   23287.41069006  .00000128  00000-0  91530-4 0  3296
2 28353  71.0000 273.1742 0007575 285.8889  74.1398 14.14359914998783
1 28353U 04021B   23287.41069006  .00000128  00000-0  91530-4 0    13
2 28353  71.0000 273.1742 0007575 285.8889  74.1398 14.14359914998772
1 28353U 04021B   23288.40083200  .00000084  00000-0  68550-4 0    12
2 28353  71.0000 271.0970 0007613 284.8404  75.1875 14.14360119998913
1 28353U 04021B   23288.68372970  .00000066  00000-0  59472-4 0  3305
2 28353  71.0000 270.5035 0007626 284.5701  75.4575 14.14360134998962
1 28353U 04021B   23288.68372970  .00000066  00000-0  59472-4 0    10
2 28353  71.0000 270.5035 0007626 284.5701  75.4575 14.14360134998951
1 28353U 04021B   23289.39097382  .00000047  00000-0  49248-4 0    19
2 28353  71.0000 269.0198 0007656 283.7980  76.2290 14.14360272999055
1 28353U 04021B   23290.38111562  .00000016  00000-0  33134-4 0  3316
2 28353  71.0001 266.9426 0007691 282.7509  77.2754 14.14360364999206
1 28353U 04021B   23290.38111562  .00000016  00000-0  33134-4 0    10
2 28353  71.0001 266.9426 0007691 282.7509  77.2754 14.14360364999194
1 28353U 04021B   23291.22980860 -.00000006  00000-0  21875-4 0    18
2 28353  71.0001 265.1622 0007713 281.8250  78.2007 14.14360398999314
1 28353U 04021B   23291.65415505 -.00000008  00000-0  20725-4 0  3326
2 28353  71.0001 264.2720 0007724 281.4061  78.6194 14.14360463999382
1 28353U 04021B   23291.65415505 -.00000008  00000-0  20725-4 0    19
2 28353  71.0001 264.2720 0007724 281.4061  78.6194 14.14360463999371
1 28353U 04021B   23292.36139923 -.00000011  00000-0  19251-4 0    11
2 28353  71.0001 262.7883 0007723 280.7725  79.2528 14.14360512999476
1 28353U 04021B   23293.21009220 -.00000040  00000-0  42002-5 0  3333
2 28353  71.0002 261.0080 0007730 279.9167  80.1083 14.14360429999605
1 28353U 04021B   23293.35154106 -.00000044  00000-0  20348-5 0    17
2 28353  71.0002 260.7112 0007732 279.7816  80.2433 14.14360412999611
1 28353U 04021B   23293.91733640 -.00000060  00000-0 -64297-5 0    15
2 28353  71.0002 259.5243 0007727 279.2288  80.7960 14.14360371999696
1 28353U 04021B   23294.34168293 -.00000059  00000-0 -60982-5 0  3343
2 28353  71.0003 258.6341 0007727 278.7979  81.2268 14.14360364999764
1 28353U 04021B   23294.34168293 -.00000059  00000-0 -60982-5 0    14
2 28353  71.0003 258.6341 0007727 278.7979  81.2268 14.14360364999753
1 28353U 04021B   23294.90747824 -.00000101  00000-0 -27859-4 0    12
2 28353  71.0003 257.4472 0007748 278.0753  81.9490 14.14360170999839
1 28353U 04021B   23295.33182477 -.00000101  00000-0 -28029-4 0    17
2 28353  71.0002 256.5570 0007752 277.6064  82.4177 14.14360150999894
1 28353U 04021B   23295.61472241 -.00000122  00000-0 -38974-4 0  3352
2 28353  71.0003 255.9635 0007760 277.2264  82.7976 14.14360051999943
1 28353U 04021B   23295.89762007 -.00000115  00000-0 -34954-4 0    10
2 28353  71.0003 255.3700 0007758 276.8849  83.1391 14.14360114999970
1 28353U 04021B   23296.88776217 -.00000149  00000-0 -53008-4 0    16
2 28353  71.0003 253.2930 0007746 275.8549  84.1690 14.14359884   120
1 28353U 04021B   23297.17065995 -.00000154  00000-0 -55779-4 0  3367
2 28353  71.0003 252.6996 0007743 275.5607  84.4632 14.14359811   167
1 28353U 04021B   23297.59500663 -.00000178  00000-0 -68193-4 0    18
2 28353  71.0003 251.8094 0007747 275.0630  84.9608 14.14359651   229
1 28353U 04021B   23298.86804685 -.00000206  00000-0 -82811-4 0  3377
2 28353  71.0003 249.1390 0007734 273.5000  86.5238 14.14359336   405
1 28353U 04021B   23298.93877131 -.00000209  00000-0 -84091-4 0    14
2 28353  71.0003 248.9906 0007734 273.4118  86.6119 14.14359314   410
1 28353U 04021B   23299.29239372 -.00000206  00000-0 -82834-4 0    13
2 28353  71.0002 248.2488 0007730 273.0231  87.0006 14.14359225   461
1 28353U 04021B   23299.85818966 -.00000221  00000-0 -90328-4 0    11
2 28353  71.0002 247.0620 0007702 272.3818  87.6422 14.14359023   541
1 28353U 04021B   23300.21181209 -.00000211  00000-0 -85513-4 0  3389
2 28353  71.0002 246.3202 0007701 271.9253  88.0987 14.14358969   590
1 28353U 04021B   23300.56543468 -.00000231  00000-0 -95659-4 0    17
2 28353  71.0003 245.5784 0007688 271.6289  88.3952 14.14358757   643
1 28353U 04021B   23300.91905711 -.00000223  00000-0 -91796-4 0    18
2 28353  71.0002 244.8365 0007698 271.2315  88.7925 14.14358724   699
1 28353U 04021B   23301.27267981 -.00000220  00000-0 -90307-4 0  3396
2 28353  71.0003 244.0948 0007688 270.8125  89.2117 14.14358572   748
1 28353U 04021B   23301.55557787 -.00000214  00000-0 -87009-4 0    17
2 28353  71.0003 243.5013 0007682 270.4974  89.5268 14.14358524   788
1 28353U 04021B   23301.90920042 -.00000206  00000-0 -82753-4 0    16
2 28353  71.0003 242.7595 0007684 270.0746  89.9495 14.14358487   839
1 28353U 04021B   23302.54572128 -.00000184  00000-0 -71413-4 0    11
2 28353  71.0003 241.4241 0007669 269.4813  90.5430 14.14358356   925
1 28353U 04021B   23302.89934399 -.00000181  00000-0 -69436-4 0  3406
2 28353  71.0002 240.6823 0007656 269.0349  90.9896 14.14358275   972
1 28353U 04021B   23302.89934399 -.00000181  00000-0 -69436-4 0    10
2 28353  71.0002 240.6823 0007656 269.0349  90.9896 14.14358275   972
1 28353U 04021B   23303.88948786 -.00000169  00000-0 -63397-4 0    11
2 28353  71.0002 238.6053 0007611 267.8985  92.1266 14.14357972  1112
1 28353U 04021B   23304.17238615 -.00000167  00000-0 -62409-4 0  3415
2 28353  71.0003 238.0119 0007608 267.5237  92.5014 14.14357853  1150
1 28353U 04021B   23304.52600901 -.00000158  00000-0 -57736-4 0    15
2 28353  71.0003 237.2701 0007600 267.1483  92.8769 14.14357784  1208
1 28353U 04021B   23304.87963191 -.00000162  00000-0 -59829-4 0    16
2 28353  71.0004 236.5284 0007597 266.6400  93.3853 14.14357663  1256
1 28353U 04021B   23305.51615319 -.00000153  00000-0 -54957-4 0  3429
2 28353  71.0004 235.1932 0007567 265.9264  94.0994 14.14357491  1341
1 28353U 04021B   23305.51615319 -.00000153  00000-0 -54957-4 0    11
2 28353  71.0004 235.1932 0007567 265.9264  94.0994 14.14357491  1341
1 28353U 04021B   23305.94050072 -.00000148  00000-0 -52539-4 0    15
2 28353  71.0005 234.3031 0007549 265.3692  94.6568 14.14357406  1408
1 28353U 04021B   23306.50629748 -.00000126  00000-0 -41169-4 0    13
2 28353  71.0005 233.1163 0007522 264.7047  95.3217 14.14357354  1488
1 28353U 04021B   23306.85992048 -.00000125  00000-0 -40535-4 0  3431
2 28353  71.0005 232.3745 0007505 264.2332  95.7935 14.14357286  1539
1 28353U 04021B   23306.93064508 -.00000125  00000-0 -40331-4 0    16
2 28353  71.0005 232.2261 0007504 264.1497  95.8770 14.14357265  1547
1 28353U 04021B   23307.49644189 -.00000093  00000-0 -23439-4 0    11
2 28353  71.0005 231.0393 0007479 263.4893  96.5378 14.14357293  1625
1 28353U 04021B   23307.92078953 -.00000091  00000-0 -22434-4 0    11
2 28353  71.0005 230.1492 0007457 262.9252  97.1022 14.14357225  1688
1 28353U 04021B   23308.20368799 -.00000071  00000-0 -12006-4 0  3445
2 28353  71.0004 229.5558 0007445 262.5715  97.4561 14.14357249  1721
1 28353U 04021B   23308.20368799 -.00000071  00000-0 -12006-4 0    15
2 28353  71.0004 229.5558 0007445 262.5715  97.4561 14.14357249  1721
1 28353U 04021B   23308.91093391 -.00000047  00000-0  24849-6 0    18
2 28353  71.0005 228.0723 0007423 261.6937  98.3343 14.14357317  1827
1 28353U 04021B   23309.19383236 -.00000020  00000-0  14264-4 0    18
2 28353  71.0005 227.4789 0007416 261.3489  98.6793 14.14357396  1866
1 28353U 04021B   23309.83035378 -.00000019  00000-0  15115-4 0  3455
2 28353  71.0004 226.1437 0007389 260.5496  99.4791 14.14357367  1954
1 28353U 04021B   23309.90107811  .00000044  00000-0  47889-4 0    14
2 28353  71.0004 225.9954 0007387 260.4406  99.5881 14.14357770  1963
1 28353U 04021B   23310.46687490  .00000046  00000-0  48743-4 0    15
2 28353  71.0003 224.8086 0007367 259.8031 100.2260 14.14357738  2045
1 28353U 04021B   23310.89122247  .00000055  00000-0  53662-4 0    12
2 28353  71.0003 223.9184 0007353 259.2456 100.7839 14.14357787  2102
1 28353U 04021B   23311.17412083  .00000065  00000-0  58608-4 0  3462
2 28353  71.0003 223.3251 0007347 258.9454 101.0842 14.14357826  2144
1 28353U 04021B   23311.45701912  .00000078  00000-0  65454-4 0    14
2 28353  71.0003 222.7316 0007331 258.6117 101.4182 14.14357927  2182
1 28353U 04021B   23312.16426495  .00000084  00000-0  68631-4 0    10
2 28353  71.0002 221.2482 0007310 257.7729 102.2575 14.14357989  2289
1 28353U 04021B   23312.80078604  .00000093  00000-0  73638-4 0  3472
2 28353  71.0002 219.9130 0007286 256.9901 103.0408 14.14358148  2370
1 28353U 04021B   23312.94223518  .00000096  00000-0  75064-4 0    18
2 28353  71.0002 219.6163 0007285 256.8179 103.2131 14.14358163  2392
1 28353U 04021B   23313.15440889  .00000104  00000-0  78993-4 0    18
2 28353  71.0002 219.1713 0007280 256.6139 103.4171 14.14358220  2421
1 28353U 04021B   23313.93237901  .00000121  00000-0  87936-4 0    19
2 28353  71.0002 217.5394 0007250 255.6541 104.3776 14.14358450  2539
1 28353U 04021B   23314.14455264  .00000132  00000-0  93810-4 0  3481
2 28353  71.0001 217.0943 0007241 255.4212 104.6108 14.14358547  2568
1 28353U 04021B   23314.42745083  .00000150  00000-0  10337-3 0    11
2 28353  71.0001 216.5010 0007224 255.1318 104.9004 14.14358713  2600
1 28353U 04021B   23314.92252257  .00000149  00000-0  10260-3 0    15
2 28353  71.0001 215.4625 0007205 254.4818 105.5509 14.14358826  2675
1 28353U 04021B   23315.41759433  .00000178  00000-0  11777-3 0  3499
2 28353  71.0002 214.4240 0007177 253.9595 106.0737 14.14359090  2743
1 28353U 04021B   23315.41759433  .00000178  00000-0  11777-3 0    14
2 28353  71.0002 214.4240 0007177 253.9595 106.0737 14.14359090  2743
1 28353U 04021B   23315.91266597  .00000176  00000-0  11671-3 0    14
2 28353  71.0001 213.3856 0007159 253.3153 106.7183 14.14359211  2812
1 28353U 04021B   23316.40773758  .00000201  00000-0  13001-3 0    19
2 28353  71.0001 212.3471 0007142 252.7992 107.2349 14.14359472  2886
1 28353U 04021B   23316.83208452  .00000218  00000-0  13864-3 0  3502
2 28353  71.0001 211.4570 0007129 252.2654 107.7691 14.14359715  2943
1 28353U 04021B   23316.90280903  .00000215  00000-0  13728-3 0    10
2 28353  71.0002 211.3087 0007128 252.1927 107.8418 14.14359707  2957
1 28353U 04021B   23317.39788047  .00000236  00000-0  14835-3 0    19
2 28353  71.0002 210.2703 0007113 251.7012 108.3337 14.14359974  3025
1 28353U 04021B   23317.96367621  .00000253  00000-0  15718-3 0    13
2 28353  71.0002 209.0835 0007102 251.0091 109.0262 14.14360277  3107
1 28353U 04021B   23318.10512515  .00000259  00000-0  16003-3 0  3516
2 28353  71.0003 208.7867 0007095 250.8507 109.1848 14.14360353  3127
1 28353U 04021B   23318.45874744  .00000266  00000-0  16414-3 0    15
2 28353  71.0003 208.0450 0007080 250.4356 109.6002 14.14360544  3174
1 28353U 04021B   23318.95381850  .00000278  00000-0  17012-3 0    19
2 28353  71.0003 207.0065 0007067 249.8308 110.2054 14.14360836  3246
1 28353U 04021B   23319.09526737  .00000285  00000-0  17405-3 0    14
2 28353  71.0003 206.7098 0007061 249.7305 110.3058 14.14360936  3266
1 28353U 04021B   23319.94396024  .00000305  00000-0  18438-3 0    12
2 28353  71.0003 204.9296 0007040 248.7909 111.2461 14.14361505  3386
1 28353U 04021B   23320.08540904  .00000310  00000-0  18707-3 0  3521
2 28353  71.0003 204.6329 0007035 248.6933 111.3438 14.14361602  3406
1 28353U 04021B   23320.08540904  .00000310  00000-0  18707-3 0    12
2 28353  71.0003 204.6329 0007035 248.6933 111.3438 14.14361602  3406
1 28353U 04021B   23320.93410155  .00000313  00000-0  18824-3 0    13
2 28353  71.0003 202.8527 0007012 247.7281 112.3098 14.14362126  3525
1 28353U 04021B   23321.42917201  .00000321  00000-0  19287-3 0  3535
2 28353  71.0003 201.8142 0006994 247.2637 112.7747 14.14362489  3599
1 28353U 04021B   23321.42917201  .00000321  00000-0  19287-3 0    15
2 28353  71.0003 201.8142 0006994 247.2637 112.7747 14.14362489  3599
1 28353U 04021B   23321.92424231  .00000320  00000-0  19219-3 0    10
2 28353  71.0003 200.7758 0006986 246.7215 113.3172 14.14362818  3660
1 28353U 04021B   23322.06569096  .00000324  00000-0  19396-3 0    15
2 28353  71.0002 200.4790 0006979 246.6048 113.4341 14.14362921  3683
1 28353U 04021B   23322.63148542  .00000327  00000-0  19564-3 0  3548
2 28353  71.0001 199.2923 0006963 246.0434 113.9960 14.14363348  3766
1 28353U 04021B   23323.40945249  .00000331  00000-0  19789-3 0    16
2 28353  71.0001 197.6604 0006945 245.3559 114.6841 14.14363922  3870
1 28353U 04021B   23323.83379804  .00000327  00000-0  19555-3 0  3559
2 28353  71.0001 196.7704 0006934 244.9063 115.1340 14.14364214  3936
1 28353U 04021B   23323.90452230  .00000323  00000-0  19387-3 0    19
2 28353  71.0001 196.6220 0006933 244.8325 115.2079 14.14364234  3940
1 28353U 04021B   23324.54104046  .00000329  00000-0  19670-3 0    10
2 28353  71.0001 195.2869 0006915 244.3017 115.7391 14.14364732  4033
1 28353U 04021B   23324.89466150  .00000325  00000-0  19482-3 0    12
2 28353  71.0001 194.5451 0006913 243.9231 116.1180 14.14364972  4085
1 28353U 04021B   23325.03610995  .00000323  00000-0  19360-3 0  3563
2 28353  71.0001 194.2485 0006912 243.8735 116.1677 14.14365051  4109
1 28353U 04021B   23325.38973095  .00000326  00000-0  19498-3 0    16
2 28353  71.0002 193.5068 0006900 243.6104 116.4311 14.14365335  4152
1 28353U 04021B   23325.88480020  .00000333  00000-0  19866-3 0    19
2 28353  71.0001 192.4683 0006893 243.0750 116.9669 14.14365741  4224
1 28353U 04021B   23326.09697274  .00000328  00000-0  19641-3 0  3573
2 28353  71.0000 192.0233 0006887 242.9632 117.0787 14.14365868  4256
1 28353U 04021B   23326.09697274  .00000328  00000-0  19641-3 0    19
2 28353  71.0000 192.0233 0006887 242.9632 117.0787 14.14365868  4256
1 28353U 04021B   23326.87493832  .00000335  00000-0  19987-3 0    10
2 28353  71.0000 190.3915 0006873 242.3051 117.7374 14.14366497  4368
1 28353U 04021B   23327.08711057  .00000350  00000-0  20764-3 0    18
2 28353  71.0000 189.9463 0006866 242.0714 117.9713 14.14366782  4394
1 28353U 04021B   23327.79435159  .00000332  00000-0  19833-3 0  3582
2 28353  71.0000 188.4627 0006852 241.3657 118.6776 14.14367257  4499
1 28353U 04021B   23327.93579975  .00000336  00000-0  20032-3 0    15
2 28353  71.0000 188.1660 0006852 241.2538 118.7896 14.14367379  4512
1 28353U 04021B   23328.57231645  .00000334  00000-0  19920-3 0    17
2 28353  71.0000 186.8309 0006815 240.7049 119.3393 14.14367891  4605
1 28353U 04021B   23328.92593666  .00000330  00000-0  19726-3 0    10
2 28353  71.0001 186.0891 0006818 240.3679 119.6764 14.14368147  4657
1 28353U 04021B   23329.06738480  .00000323  00000-0  19347-3 0  3598
2 28353  71.0001 185.7924 0006814 240.2716 119.7729 14.14368212  4674
1 28353U 04021B   23329.06738480  .00000323  00000-0  19347-3 0    12
2 28353  71.0001 185.7924 0006814 240.2716 119.7729 14.14368212  4674
1 28353U 04021B   23329.91607274  .00000356  00000-0  21063-3 0    16
2 28353  71.0001 184.0121 0006793 239.5007 120.5445 14.14369167  4793
1 28353U 04021B   23330.55258879  .00000298  00000-0  18037-3 0    13
2 28353  71.0001 182.6769 0006766 238.9057 121.1402 14.14369368  4886
1 28353U 04021B   23330.83548461  .00000286  00000-0  17450-3 0  3606
2 28353  71.0001 182.0834 0006772 238.6457 121.4003 14.14369539  4926
1 28353U 04021B   23330.90620859  .00000279  00000-0  17072-3 0    10
2 28353  71.0001 181.9351 0006768 238.5644 121.4817 14.14369552  4939
1 28353U 04021B   23331.61344807  .00000252  00000-0  15660-3 0    17
2 28353  71.0001 180.4515 0006741 237.9369 122.1099 14.14370024  5031
1 28353U 04021B   23331.89634375  .00000242  00000-0  15155-3 0    17
2 28353  71.0002 179.8581 0006753 237.7142 122.3327 14.14370178  5077
1 28353U 04021B   23332.03779161  .00000234  00000-0  14716-3 0  3619
2 28353  71.0002 179.5615 0006751 237.7584 122.2885 14.14370253  5094
1 28353U 04021B   23332.60358290  .00000212  00000-0  13540-3 0    19
2 28353  71.0002 178.3747 0006745 237.2430 122.8042 14.14370594  5173
1 28353U 04021B   23332.88647844  .00000197  00000-0  12778-3 0    19
2 28353  71.0003 177.7808 0006764 237.2669 122.7802 14.14370705  5212
1 28353U 04021B   23333.59371729  .00000177  00000-0  11740-3 0    10
2 28353  71.0004 176.2974 0006751 236.6709 123.3767 14.14371140  5317
1 28353U 04021B   23333.80588886  .00000173  00000-0  11513-3 0  3622
2 28353  71.0004 175.8523 0006760 236.3363 123.7115 14.14371251  5342
1 28353U 04021B   23335.00819457  .00000117  00000-0  86037-4 0  3630
2 28353  71.0005 173.3307 0006733 235.6550 124.3936 14.14371716  5519
1 28353U 04021B   23335.92760443  .00000101  00000-0  77689-4 0    16
2 28353  71.0004 171.4020 0006726 234.5277 125.5218 14.14372132  5648
1 28353U 04021B   23336.56411902  .00000058  00000-0  55130-4 0  3640
2 28353  71.0004 170.0669 0006697 234.1794 125.8707 14.14372198  5737
1 28353U 04021B   23336.91773805  .00000052  00000-0  52048-4 0    19
2 28353  71.0002 169.3250 0006713 233.3142 126.7364 14.14372292  5788
1 28353U 04021B   23337.62497625  .00000029  00000-0  40290-4 0    11
2 28353  71.0002 167.8415 0006729 232.1805 127.8708 14.14372430  5883
1 28353U 04021B   23337.83714773  .00000024  00000-0  37449-4 0  3650
2 28353  71.0002 167.3965 0006734 231.8870 128.1646 14.14372438  5919
1 28353U 04021B   23338.54438611 -.00000003  00000-0  23084-4 0    18
2 28353  71.0001 165.9127 0006685 231.7569 128.2952 14.14372478  6018
1 28353U 04021B   23338.96872915 -.00000024  00000-0  12092-4 0  3667
2 28353  71.0001 165.0226 0006665 231.6640 128.3884 14.14372423  6077
1 28353U 04021B   23339.53451987 -.00000037  00000-0  53017-5 0    16
2 28353  71.0001 163.8356 0006594 232.0155 128.0372 14.14372471  6155
1 28353U 04021B   23340.45392962 -.00000062  00000-0 -75670-5 0  3679
2 28353  71.0001 161.9070 0006571 231.1471 128.9066 14.14372441  6283
1 28353U 04021B   23340.52465347 -.00000071  00000-0 -12276-4 0    12
2 28353  71.0001 161.7586 0006561 231.2503 128.8034 14.14372404  6293
1 28353U 04021B   23340.94899647 -.00000078  00000-0 -16037-4 0    18
2 28353  71.0001 160.8684 0006544 231.0258 129.0282 14.14372375  6350
1 28353U 04021B   23341.51478712 -.00000098  00000-0 -26299-4 0  3687
2 28353  71.0000 159.6816 0006527 230.4362 129.6184 14.14372313  6430
1 28353U 04021B   23341.51478712 -.00000098  00000-0 -26299-4 0    11
2 28353  71.0000 159.6816 0006527 230.4362 129.6184 14.14372313  6430
1 28353U 04021B   23342.50492084 -.00000126  00000-0 -41039-4 0    10
2 28353  71.0000 157.6046 0006508 229.2778 130.7780 14.14372158  6576
1 28353U 04021B   23343.49505477 -.00000156  00000-0 -56747-4 0  3692
2 28353  70.9999 155.5275 0006476 228.4870 131.5697 14.14371916  6713
1 28353U 04021B   23343.56577860 -.00000160  00000-0 -58889-4 0    12
2 28353  70.9999 155.3792 0006485 228.2199 131.8370 14.14371888  6727
1 28353U 04021B   23343.91939792 -.00000169  00000-0 -63650-4 0    18
2 28353  70.9999 154.6374 0006467 227.8650 132.1923 14.14371784  6770
1 28353U 04021B   23344.62663647 -.00000192  00000-0 -75545-4 0    12
2 28353  70.9998 153.1537 0006478 226.5927 133.4656 14.14371583  6874
1 28353U 04021B   23344.76808423 -.00000193  00000-0 -75825-4 0  3701
2 28353  70.9998 152.8570 0006482 226.4582 133.6002 14.14371537  6896
1 28353U 04021B   23344.90953198 -.00000199  00000-0 -78959-4 0    15
2 28353  70.9998 152.5603 0006476 226.2838 133.7749 14.14371487  6911
1 28353U 04021B   23345.61677081 -.00000226  00000-0 -93237-4 0    15
2 28353  70.9999 151.0769 0006455 225.0960 134.9638 14.14371229  7015
1 28353U 04021B   23345.82894251 -.00000227  00000-0 -93918-4 0  3715
2 28353  70.9999 150.6319 0006446 224.8411 135.2192 14.14371162  7047
1 28353U 04021B   23345.89966640 -.00000232  00000-0 -96317-4 0    16
2 28353  70.9999 150.4835 0006443 224.8017 135.2586 14.14371123  7052
1 28353U 04021B   23346.60690545 -.00000257  00000-0 -10934-3 0    11
2 28353  71.0000 149.0001 0006420 223.8226 136.2387 14.14370822  7158
1 28353U 04021B   23346.88980117 -.00000262  00000-0 -11223-3 0    16
2 28353  71.0000 148.4066 0006405 223.5577 136.5040 14.14370684  7190
1 28353U 04021B   23346.88980117 -.00000262  00000-0 -11223-3 0  3727
2 28353  71.0000 148.4066 0006405 223.5577 136.5040 14.14370684  7190
1 28353U 04021B   23347.59704045 -.00000285  00000-0 -12426-3 0    10
2 28353  71.0000 146.9231 0006376 222.7038 137.3590 14.14370353  7290
1 28353U 04021B   23347.87993625 -.00000288  00000-0 -12565-3 0    12
2 28353  71.0000 146.3297 0006359 222.3474 137.7158 14.14370223  7332
1 28353U 04021B   23348.51645178 -.00000299  00000-0 -13158-3 0  3734
2 28353  71.0000 144.9945 0006335 221.6519 138.4121 14.14369949  7423
1 28353U 04021B   23348.58717575 -.00000301  00000-0 -13242-3 0    18
2 28353  71.0000 144.8461 0006333 221.5523 138.5119 14.14369902  7435
1 28353U 04021B   23348.87007156 -.00000295  00000-0 -12923-3 0    14
2 28353  70.9999 144.2527 0006323 221.1183 138.9464 14.14369825  7479
1 28353U 04021B   23349.57731133 -.00000303  00000-0 -13334-3 0    18
2 28353  70.9999 142.7690 0006285 220.0928 139.9732 14.14369508  7573
1 28353U 04021B   23349.78948331 -.00000300  00000-0 -13165-3 0  3743
2 28353  70.9999 142.3238 0006275 219.7639 140.3024 14.14369413  7609
1 28353U 04021B   23349.86020733 -.00000301  00000-0 -13220-3 0    19
2 28353  70.9999 142.1757 0006271 219.8076 140.2587 14.14369366  7616
1 28353U 04021B   23350.56744730 -.00000299  00000-0 -13128-3 0    11
2 28353  70.9998 140.6922 0006250 218.8888 141.1785 14.14369069  7710
1 28353U 04021B   23350.85034340 -.00000297  00000-0 -13041-3 0    14
2 28353  70.9999 140.0987 0006232 218.5325 141.5353 14.14368923  7756
1 28353U 04021B   23350.85034340 -.00000297  00000-0 -13041-3 0  3758
2 28353  70.9999 140.0987 0006232 218.5325 141.5353 14.14368923  7756
1 28353U 04021B   23351.55758357 -.00000287  00000-0 -12488-3 0    16
2 28353  70.9998 138.6152 0006203 217.7784 142.2903 14.14368677  7856
1 28353U 04021B   23351.84047969 -.00000274  00000-0 -11843-3 0    18
2 28353  70.9999 138.0219 0006185 217.2857 142.7836 14.14368613  7894
1 28353U 04021B   23352.47699602 -.00000268  00000-0 -11539-3 0  3765
2 28353  70.9998 136.6864 0006161 216.4069 143.6635 14.14368376  7986
1 28353U 04021B   23352.61844410 -.00000265  00000-0 -11343-3 0    15
2 28353  70.9998 136.3896 0006154 216.2557 143.8149 14.14368321  8006
1 28353U 04021B   23352.83061628 -.00000259  00000-0 -11053-3 0    12
2 28353  70.9998 135.9445 0006140 215.9457 144.1253 14.14368250  8035
1 28353U 04021B   23353.60858097 -.00000247  00000-0 -10420-3 0    16
2 28353  70.9999 134.3127 0006101 214.8786 145.1938 14.14367984  8142
1 28353U 04021B   23353.82075324 -.00000244  00000-0 -10258-3 0  3776
2 28353  70.9999 133.8677 0006085 214.6228 145.4499 14.14367899  8179
1 28353U 04021B   23354.52799399 -.00000232  00000-0 -96490-4 0    13
2 28353  71.0000 132.3841 0006049 213.6929 146.3809 14.14367701  8276
1 28353U 04021B   23354.81089036 -.00000224  00000-0 -92038-4 0    10
2 28353  71.0000 131.7906 0006025 213.3480 146.7263 14.14367619  8315
1 28353U 04021B   23355.51813126 -.00000211  00000-0 -85227-4 0  3788
2 28353  71.0000 130.3071 0005988 212.4170 147.6585 14.14367457  8414
1 28353U 04021B   23355.58885537 -.00000208  00000-0 -83851-4 0    10
2 28353  71.0000 130.1587 0005984 212.3341 147.7415 14.14367431  8425
1 28353U 04021B   23355.80102770 -.00000202  00000-0 -80780-4 0    18
2 28353  71.0000 129.7135 0005964 212.1894 147.8865 14.14367373  8455
1 28353U 04021B   23356.57899280 -.00000176  00000-0 -66857-4 0    11
2 28353  71.0000 128.0817 0005926 211.1480 148.9292 14.14367290  8568
1 28353U 04021B   23356.79116510 -.00000165  00000-0 -61481-4 0  3797
2 28353  71.0001 127.6366 0005917 210.5507 149.5271 14.14367298  8591
1 28353U 04021B   23356.79116510 -.00000165  00000-0 -61481-4 0    19
2 28353  71.0001 127.6366 0005917 210.5507 149.5271 14.14367298  8591
1 28353U 04021B   23357.56913041 -.00000153  00000-0 -54817-4 0    11
2 28353  71.0001 126.0048 0005868 209.4128 150.6664 14.14367150  8701
1 28353U 04021B   23357.78130275 -.00000141  00000-0 -49026-4 0    18
2 28353  71.0001 125.5599 0005865 208.8952 151.1846 14.14367158  8730
1 28353U 04021B   23358.48854400 -.00000127  00000-0 -41394-4 0  3803
2 28353  71.0002 124.0763 0005816 207.9048 152.1763 14.14367081  8835
1 28353U 04021B   23358.55926812 -.00000125  00000-0 -40528-4 0    14
2 28353  71.0002 123.9279 0005808 207.8655 152.2157 14.14367065  8840
1 28353U 04021B   23358.77144050 -.00000109  00000-0 -31982-4 0    10
2 28353  71.0002 123.4827 0005769 207.7595 152.3220 14.14367107  8874
1 28353U 04021B   23359.62013010 -.00000089  00000-0 -21824-4 0    17
2 28353  71.0002 121.7024 0005743 206.1247 153.9586 14.14367019  8990
1 28353U 04021B   23359.76157843 -.00000092  00000-0 -23150-4 0  3814
2 28353  71.0002 121.4056 0005730 206.0743 154.0091 14.14366953  9011
1 28353U 04021B   23359.76157843 -.00000092  00000-0 -23150-4 0    13
2 28353  71.0002 121.4056 0005730 206.0743 154.0091 14.14366953  9011
1 28353U 04021B   23360.61026812 -.00000064  00000-0 -86143-5 0    11
2 28353  71.0002 119.6253 0005685 204.6649 155.4202 14.14366929  9132
1 28353U 04021B   23360.75171644 -.00000063  00000-0 -77905-5 0    15
2 28353  71.0001 119.3285 0005676 204.4489 155.6365 14.14366903  9159
1 28353U 04021B   23361.45895788 -.00000035  00000-0  68295-5 0  3827
2 28353  71.0001 117.8448 0005629 203.3653 156.7215 14.14366945  9255
1 28353U 04021B   23361.60040620 -.00000024  00000-0  12094-4 0    12
2 28353  71.0001 117.5480 0005625 203.1095 156.9775 14.14366950  9273
1 28353U 04021B   23361.74185450 -.00000020  00000-0  14507-4 0    15
2 28353  71.0001 117.2512 0005618 202.9142 157.1731 14.14366946  9290
1 28353U 04021B   23362.51982015 -.00000004  00000-0  22970-4 0  3831
2 28353  71.0001 115.6193 0005578 201.5927 158.4961 14.14366923  9405
1 28353U 04021B   23362.59054430  .00000000  00000-0  24956-4 0    18
2 28353  71.0001 115.4709 0005575 201.4755 158.6134 14.14366924  9417
1 28353U 04021B   23362.73199261  .00000006  00000-0  27987-4 0    19
2 28353  71.0001 115.1742 0005565 201.2661 158.8230 14.14366936  9438
1 28353U 04021B   23363.58068230  .00000037  00000-0  44136-4 0    13
2 28353  71.0002 113.3939 0005517 200.0574 160.0332 14.14367029  9559
1 28353U 04021B   23363.72213058  .00000044  00000-0  47892-4 0  3843
2 28353  71.0002 113.0972 0005508 199.8018 160.2891 14.14367062  9572
1 28353U 04021B   23363.72213058  .00000044  00000-0  47892-4 0    19
2 28353  71.0002 113.0972 0005508 199.8018 160.2891 14.14367062  9572
1 28353U 04021B   23364.57082023  .00000077  00000-0  64958-4 0    17
2 28353  71.0002 111.3168 0005466 198.4164 161.6762 14.14367220  9691
1 28353U 04021B   23364.71226850  .00000086  00000-0  69602-4 0    12
2 28353  71.0003 111.0201 0005454 198.1660 161.9268 14.14367272  9716
1 28353U 04021B   23365.49023383  .00000115  00000-0  84832-4 0  3854
2 28353  71.0003 109.3881 0005416 196.9369 163.1574 14.14367492  9820
1 28353U 04021B   23365.70240618  .00000124  00000-0  89733-4 0    10\
2 28353  71.0003 108.9431 0005402 196.6208 163.4738 14.14367558  9851
1 28353U 04021B   24001.55109546  .00000147  00000-0  10168-3 0    15\
2 28353  71.0004 107.1628 0005355 195.2929 164.8033 14.14367813  9973
1 28353U 04021B   24001.69254367  .00000154  00000-0  10550-3 0  3861\
2 28353  71.0004 106.8660 0005331 195.1548 164.9416 14.14367881  9998
1 28353U 04021B   24001.69254367  .00000154  00000-0  10550-3 0    15\
2 28353  71.0004 106.8660 0005331 195.1548 164.9416 14.14367881  9998
1 28353U 04021B   24002.61195671  .00000192  00000-0  12508-3 0    17\
2 28353  71.0005 104.9374 0005276 193.7807 166.3172 14.14368318 10128
1 28353U 04021B   24002.68268078  .00000194  00000-0  12629-3 0    12\
2 28353  71.0005 104.7890 0005272 193.6662 166.4319 14.14368353 10137
1 28353U 04021B   24003.46064541  .00000210  00000-0  13451-3 0  3878\
2 28353  71.0006 103.1571 0005229 192.4783 167.6210 14.14368707 10248
1 28353U 04021B   24003.60209352  .00000216  00000-0  13767-3 0    14\
2 28353  71.0006 102.8604 0005219 192.2775 167.8221 14.14368776 10261
1 28353U 04021B   24003.67281757  .00000218  00000-0  13889-3 0    17\
2 28353  71.0006 102.7120 0005213 192.1634 167.9363 14.14368818 10276
1 28353U 04021B   24004.59222995  .00000239  00000-0  14994-3 0    19\
2 28353  71.0008 100.7834 0005163 190.7611 169.3401 14.14369308 10400
1 28353U 04021B   24004.66295398  .00000241  00000-0  15075-3 0  3886\
2 28353  71.0008 100.6351 0005157 190.6428 169.4586 14.14369347 10410
1 28353U 04021B   24004.66295398  .00000241  00000-0  15075-3 0    18\
2 28353  71.0008 100.6351 0005157 190.6428 169.4586 14.14369347 10410
1 28353U 04021B   24005.58236598  .00000265  00000-0  16347-3 0    16\
2 28353  71.0009  98.7064 0005097 189.3230 170.7798 14.14369906 10543
1 28353U 04021B   24005.65308996  .00000269  00000-0  16532-3 0    16\
2 28353  71.0009  98.5580 0005103 189.1114 170.9916 14.14369962 10558
1 28353U 04021B   24006.50177755  .00000287  00000-0  17507-3 0  3890\
2 28353  71.0009  96.7776 0005061 187.8474 172.2570 14.14370514 10671
1 28353U 04021B   24006.50177755  .00000287  00000-0  17507-3 0    11\
2 28353  71.0009  96.7776 0005061 187.8474 172.2570 14.14370514 10671
1 28353U 04021B   24006.64322546  .00000294  00000-0  17830-3 0    13\
2 28353  71.0009  96.4809 0005059 187.5652 172.5395 14.14370619 10693
1 28353U 04021B   24007.56263655  .00000319  00000-0  19129-3 0    11\
2 28353  71.0010  94.5522 0005001 186.2928 173.8132 14.14371294 10823
1 28353U 04021B   24007.70408439  .00000322  00000-0  19299-3 0  3901\
2 28353  71.0009  94.2554 0004993 186.0814 174.0249 14.14371396 10841
1 28353U 04021B   24007.70408439  .00000322  00000-0  19299-3 0    10\
2 28353  71.0009  94.2554 0004993 186.0814 174.0249 14.14371396 10841
1 28353U 04021B   24008.55277108  .00000338  00000-0  20134-3 0    18\
2 28353  71.0010  92.4750 0004937 184.9153 175.1921 14.14372024 10963
1 28353U 04021B   24008.62349495  .00000340  00000-0  20257-3 0    14\
2 28353  71.0010  92.3266 0004930 184.8119 175.2957 14.14372088 10979
1 28353U 04021B   24009.18928580  .00000353  00000-0  20924-3 0  3911\
2 28353  71.0010  91.1396 0004891 184.0052 176.1032 14.14372568 11051
1 28353U 04021B   24009.61362879  .00000367  00000-0  21675-3 0    19\
2 28353  71.0010  90.2495 0004868 183.4569 176.6520 14.14372938 11116
1 28353U 04021B   24010.46231436  .00000383  00000-0  22493-3 0  3928\
2 28353  71.0011  88.4693 0004805 182.5460 177.5639 14.14373686 11232
1 28353U 04021B   24010.46231436  .00000383  00000-0  22493-3 0    15\
2 28353  71.0011  88.4693 0004805 182.5460 177.5639 14.14373686 11232
1 28353U 04021B   24011.59389439  .00000408  00000-0  23788-3 0    13\
2 28353  71.0012  86.0955 0004712 181.2762 178.8349 14.14374766 11395
1 28353U 04021B   24011.66461809  .00000410  00000-0  23913-3 0  3930\
2 28353  71.0012  85.9470 0004722 181.1122 178.9991 14.14374845 11409
1 28353U 04021B   24011.66461809  .00000410  00000-0  23913-3 0    16\
2 28353  71.0012  85.9470 0004722 181.1122 178.9991 14.14374845 11409
1 28353U 04021B   24012.58402626  .00000416  00000-0  24227-3 0    15\
2 28353  71.0014  84.0187 0004601 180.1136 179.9986 14.14375709 11535
1 28353U 04021B   24013.22053918  .00000405  00000-0  23669-3 0  3945\
2 28353  71.0014  82.6834 0004557 179.2252 180.8878 14.14376279 11620
1 28353U 04021B   24013.57415738  .00000412  00000-0  23999-3 0    14\
2 28353  71.0015  81.9417 0004523 178.7970 181.3164 14.14376631 11675
1 28353U 04021B   24014.56428778  .00000391  00000-0  22891-3 0  3954\
2 28353  71.0015  79.8645 0004438 177.6385 182.4759 14.14377490 11819
1 28353U 04021B   24014.63501128  .00000392  00000-0  22982-3 0    19\
2 28353  71.0015  79.7161 0004466 177.4428 182.6718 14.14377580 11826
1 28353U 04021B   24015.55441738  .00000366  00000-0  21602-3 0    10\
2 28353  71.0015  77.7874 0004392 176.3098 183.8058 14.14378367 11952
1 28353U 04021B   24015.62514090  .00000364  00000-0  21478-3 0  3966\
2 28353  71.0015  77.6390 0004386 176.2251 183.8905 14.14378427 11966
1 28353U 04021B   24015.62514090  .00000364  00000-0  21478-3 0    19\
2 28353  71.0015  77.6390 0004386 176.2251 183.8905 14.14378427 11966
1 28353U 04021B   24016.61526989  .00000324  00000-0  19420-3 0    19\
2 28353  71.0016  75.5618 0004308 175.0622 185.0544 14.14379194 12102
1 28353U 04021B   24017.18105766  .00000293  00000-0  17817-3 0  3979\
2 28353  71.0016  74.3750 0004257 174.3625 185.7546 14.14379586 12186
1 28353U 04021B   24017.60539843  .00000290  00000-0  17633-3 0    18\
2 28353  71.0016  73.4848 0004210 173.7979 186.3196 14.14379932 12248
1 28353U 04021B   24018.52480304  .00000248  00000-0  15430-3 0  3982\
2 28353  71.0016  71.5560 0004140 172.7028 187.4156 14.14380486 12372
1 28353U 04021B   24018.59552645  .00000245  00000-0  15289-3 0    17\
2 28353  71.0016  71.4076 0004132 172.6280 187.4904 14.14380531 12386
1 28353U 04021B   24019.58565397  .00000207  00000-0  13289-3 0    11\
2 28353  71.0015  69.3303 0004062 171.4397 188.6795 14.14381100 12522
1 28353U 04021B   24019.58565397  .00000207  00000-0  13289-3 0  3991\
2 28353  71.0015  69.3303 0004062 171.4397 188.6795 14.14381100 12522
1 28353U 04021B   24020.57578121  .00000178  00000-0  11802-3 0    17\
2 28353  71.0015  67.2531 0003971 170.2499 189.8701 14.14381623 12665
1 28353U 04021B   24021.14156804  .00000155  00000-0  10602-3 0  4006\
2 28353  71.0015  66.0662 0003922 169.4803 190.6402 14.14381873 12746
1 28353U 04021B   24021.28301475  .00000163  00000-0  11026-3 0    14\
2 28353  71.0015  65.7694 0003909 169.3465 190.7741 14.14381982 12765
1 28353U 04021B   24021.56590813  .00000154  00000-0  10545-3 0    16\
2 28353  71.0015  65.1760 0003886 168.9834 191.1374 14.14382089 12803
1 28353U 04021B   24022.48531145  .00000133  00000-0  94358-4 0  4017\
2 28353  71.0015  63.2470 0003792 167.7980 192.3235 14.14382463 12934
1 28353U 04021B   24022.27314146  .00000136  00000-0  95909-4 0    16\
2 28353  71.0015  63.6921 0003804 168.0638 192.0575 14.14382389 12905
1 28353U 04021B   24022.55603478  .00000129  00000-0  92080-4 0    15\
2 28353  71.0014  63.0986 0003784 167.7050 192.4165 14.14382476 12940
1 28353U 04021B   24023.26326794  .00000106  00000-0  80499-4 0    13\
2 28353  71.0014  61.6149 0003728 166.7431 193.3790 14.14382702 13043
1 28353U 04021B   24023.54616123  .00000108  00000-0  81308-4 0  4029\
2 28353  71.0014  61.0215 0003706 166.3679 193.7544 14.14382808 13089
1 28353U 04021B   24023.54616123  .00000108  00000-0  81308-4 0    14\
2 28353  71.0014  61.0215 0003706 166.3679 193.7544 14.14382808 13089
1 28353U 04021B   24024.53628743  .00000090  00000-0  71778-4 0    15\
2 28353  71.0014  58.9443 0003619 165.0249 195.0981 14.14383105 13226
1 28353U 04021B   24025.17279700  .00000055  00000-0  53393-4 0  4031\
2 28353  71.0014  57.6090 0003565 164.1094 196.0140 14.14383180 13319
1 28353U 04021B   24025.52641343  .00000054  00000-0  52824-4 0    17\
2 28353  71.0014  56.8671 0003538 163.5649 196.5589 14.14383282 13364
1 28353U 04021B   24026.44581609  .00000030  00000-0  40787-4 0  4043\
2 28353  71.0013  54.9383 0003481 162.1574 197.9671 14.14383429 13495
1 28353U 04021B   24026.51653939  .00000018  00000-0  34183-4 0    19\
2 28353  71.0013  54.7899 0003477 162.0479 198.0766 14.14383376 13503
1 28353U 04021B   24027.50666523 -.00000006  00000-0  21949-4 0  4054\
2 28353  71.0013  52.7127 0003431 160.5106 199.6148 14.14383484 13641
1 28353U 04021B   24027.50666523 -.00000006  00000-0  21949-4 0    16\
2 28353  71.0013  52.7127 0003431 160.5106 199.6148 14.14383484 13641
1 28353U 04021B   24028.49679113 -.00000055  00000-0 -40320-5 0    14\
2 28353  71.0013  50.6355 0003375 158.9432 201.1830 14.14383369 13785
1 28353U 04021B   24029.13330057 -.00000078  00000-0 -15796-4 0  4069\
2 28353  71.0012  49.3002 0003353 157.8844 202.2424 14.14383348 13877
1 28353U 04021B   24029.48691697 -.00000079  00000-0 -16362-4 0    19\
2 28353  71.0012  48.5585 0003341 157.2872 202.8399 14.14383352 13924
1 28353U 04021B   24030.19414978 -.00000105  00000-0 -30112-4 0  4073\
2 28353  71.0012  47.0747 0003285 156.0002 204.1274 14.14383254 14027
1 28353U 04021B   24030.47704297 -.00000108  00000-0 -31779-4 0    13\
2 28353  71.0012  46.4812 0003253 155.4348 204.6930 14.14383222 14067
1 28353U 04021B   24031.46716902 -.00000133  00000-0 -44802-4 0  4089\
2 28353  71.0012  44.4040 0003210 153.6347 206.4940 14.14383065 14202
1 28353U 04021B   24031.46716902 -.00000133  00000-0 -44802-4 0    18\
2 28353  71.0012  44.4040 0003210 153.6347 206.4940 14.14383065 14202
1 28353U 04021B   24031.96223214 -.00000147  00000-0 -51890-4 0    12\
2 28353  71.0011  43.3654 0003181 152.5302 207.5988 14.14382947 14275
1 28353U 04021B   24032.59874183 -.00000155  00000-0 -56025-4 0    13\
2 28353  71.0010  42.0299 0003179 151.3864 208.7433 14.14382835 14366
1 28353U 04021B   24032.59874183 -.00000155  00000-0 -56025-4 0  4095\
2 28353  71.0010  42.0299 0003179 151.3864 208.7433 14.14382835 14366
1 28353U 04021B   24033.44742164 -.00000171  00000-0 -64660-4 0    13\
2 28353  71.0010  40.2494 0003143 149.6957 210.4347 14.14382612 14487
1 28353U 04021B   24034.15465489 -.00000186  00000-0 -72166-4 0  4104\
2 28353  71.0010  38.7657 0003108 148.0099 212.1213 14.14382419 14588
1 28353U 04021B   24034.43754828 -.00000174  00000-0 -65792-4 0    13\
2 28353  71.0010  38.1722 0003092 147.3294 212.8020 14.14382400 14624
1 28353U 04021B   24035.42767509 -.00000176  00000-0 -66931-4 0  4116\
2 28353  71.0010  36.0950 0003046 144.9500 215.1824 14.14382168 14760
1 28353U 04021B   24035.42767509 -.00000176  00000-0 -66931-4 0    11\
2 28353  71.0010  36.0950 0003046 144.9500 215.1824 14.14382168 14760
1 28353U 04021B   24035.92273855 -.00000188  00000-0 -73272-4 0    11\
2 28353  71.0010  35.0564 0003029 143.7490 216.3838 14.14382005 14832
1 28353U 04021B   24036.41780218 -.00000179  00000-0 -68668-4 0    15\
2 28353  71.0010  34.0180 0002988 141.8663 218.2671 14.14381890 14904
1 28353U 04021B   24037.19575915 -.00000187  00000-0 -72623-4 0  4128\
2 28353  71.0011  32.3860 0002969 140.2618 219.8723 14.14381686 15014
1 28353U 04021B   24037.40792930 -.00000180  00000-0 -69277-4 0    18\
2 28353  71.0011  31.9409 0002964 139.8367 220.2974 14.14381656 15042
1 28353U 04021B   24038.39805663 -.00000173  00000-0 -65487-4 0  4133\
2 28353  71.0011  29.8638 0002946 137.3891 222.7460 14.14381445 15185
1 28353U 04021B   24038.39805663 -.00000173  00000-0 -65487-4 0    16\
2 28353  71.0011  29.8638 0002946 137.3891 222.7460 14.14381445 15185
1 28353U 04021B   24038.68095013 -.00000169  00000-0 -63628-4 0    18\
2 28353  71.0011  29.2702 0002949 137.0407 223.0946 14.14381408 15221
1 28353U 04021B   24039.38818421 -.00000151  00000-0 -54247-4 0    10\
2 28353  71.0011  27.7865 0002922 134.7984 225.3376 14.14381287 15327
1 28353U 04021B   24039.95397130 -.00000160  00000-0 -58623-4 0    14\
2 28353  71.0011  26.5995 0002883 133.6612 226.4750 14.14381164 15401
1 28353U 04021B   24040.16614153 -.00000159  00000-0 -58287-4 0  4148\
2 28353  71.0011  26.1545 0002881 133.1759 226.9605 14.14381096 15434
1 28353U 04021B   24040.37831184 -.00000158  00000-0 -57670-4 0    12\
2 28353  71.0011  25.7093 0002875 132.5698 227.5668 14.14381022 15463
1 28353U 04021B   24041.36843969 -.00000124  00000-0 -39938-4 0  4155\
2 28353  71.0011  23.6321 0002867 130.0393 230.0981 14.14380952 15604
1 28353U 04021B   24041.36843969 -.00000124  00000-0 -39938-4 0    16\
2 28353  71.0011  23.6321 0002867 130.0393 230.0981 14.14380952 15604
1 28353U 04021B   24041.93422705 -.00000106  00000-0 -30372-4 0    13\
2 28353  71.0011  22.4452 0002866 128.6145 231.5234 14.14380948 15683
1 28353U 04021B   24042.35856781 -.00000135  00000-0 -45674-4 0    18\
2 28353  71.0012  21.5550 0002861 127.7042 232.4340 14.14380613 15748
1 28353U 04021B   24042.92435528 -.00000129  00000-0 -42388-4 0    15\
2 28353  71.0012  20.3680 0002863 126.2539 233.8848 14.14380538 15829
1 28353U 04021B   24043.13652560 -.00000127  00000-0 -41438-4 0  4169\
2 28353  71.0012  19.9229 0002863 125.8565 234.2823 14.14380482 15855
1 28353U 04021B   24043.34869599 -.00000093  00000-0 -23703-4 0    11\
2 28353  71.0012  19.4778 0002864 125.2124 234.9267 14.14380596 15883
1 28353U 04021B   24043.91448351 -.00000098  00000-0 -26257-4 0    15\
2 28353  71.0013  18.2909 0002863 123.7332 236.4064 14.14380472 15964
1 28353U 04021B   24044.19737738 -.00000092  00000-0 -23392-4 0  4178\
2 28353  71.0013  17.6974 0002854 122.7047 237.4351 14.14380409 16007
1 28353U 04021B   24044.33882430 -.00000054  00000-0 -33254-5 0    10\
2 28353  71.0013  17.4006 0002852 122.3166 237.8233 14.14380576 16027
1 28353U 04021B   24044.90461181 -.00000007  00000-0  21205-4 0    18\
2 28353  71.0012  16.2135 0002867 120.7632 239.3773 14.14380763 16105
1 28353U 04021B   24045.32895254 -.00000011  00000-0  19322-4 0  4181\
2 28353  71.0013  15.3234 0002868 119.4990 240.6419 14.14380653 16165
1 28353U 04021B   24045.61184635  .00000004  00000-0  26933-4 0    12\
2 28353  71.0014  14.7299 0002874 118.6557 241.4854 14.14380696 16201
1 28353U 04021B   24045.89474012  .00000009  00000-0  29575-4 0    13\
2 28353  71.0014  14.1365 0002880 118.0034 242.1380 14.14380712 16245
1 28353U 04021B   24046.31908092  .00000007  00000-0  28736-4 0    17\
2 28353  71.0015  13.2463 0002881 116.7575 243.3842 14.14380610 16301
1 28353U 04021B   24046.60197468  .00000024  00000-0  37557-4 0  4199\
2 28353  71.0015  12.6529 0002876 115.9587 244.1832 14.14380690 16345
1 28353U 04021B   24046.95559189  .00000024  00000-0  37253-4 0    19\
2 28353  71.0016  11.9111 0002883 115.1523 244.9898 14.14380684 16393
1 28353U 04021B   24047.59210287  .00000038  00000-0  44952-4 0    12\
2 28353  71.0017  10.5757 0002892 113.3124 246.8302 14.14380731 16486
1 28353U 04021B   24047.94572003  .00000045  00000-0  48401-4 0    19\
2 28353  71.0017   9.8339 0002896 112.5150 247.6279 14.14380792 16532
1 28353U 04021B   24048.15789035  .00000054  00000-0  52964-4 0  4202\
2 28353  71.0018   9.3889 0002896 111.9728 248.1702 14.14380816 16569
1 28353U 04021B   24048.58223094  .00000079  00000-0  66143-4 0    13\
2 28353  71.0018   8.4987 0002902 110.7259 249.4175 14.14380979 16627
1 28353U 04021B   24048.93584804  .00000085  00000-0  69338-4 0    17\
2 28353  71.0018   7.7569 0002909 109.8365 250.3071 14.14381067 16679
1 28353U 04021B   24049.28946516  .00000112  00000-0  83578-4 0  4217\
2 28353  71.0019   7.0151 0002908 108.9442 251.1996 14.14381224 16721
1 28353U 04021B   24049.28946516  .00000112  00000-0  83578-4 0    11\
2 28353  71.0019   7.0151 0002908 108.9442 251.1996 14.14381224 16721
1 28353U 04021B   24049.92597594  .00000113  00000-0  83889-4 0    16\
2 28353  71.0020   5.6799 0002927 107.1225 253.0218 14.14381324 16815
1 28353U 04021B   24050.56248656  .00000141  00000-0  98691-4 0    18\
2 28353  71.0021   4.3446 0002932 105.4622 254.6825 14.14381570 16903
1 28353U 04021B   24050.84538013  .00000148  00000-0  10210-3 0  4222\
2 28353  71.0021   3.7512 0002939 104.8640 255.2808 14.14381680 16944
1 28353U 04021B   24050.91610351  .00000130  00000-0  92887-4 0    11\
2 28353  71.0021   3.6029 0002938 104.6825 255.4623 14.14381608 16956
1 28353U 04021B   24051.55261399  .00000164  00000-0  11071-3 0    18\
2 28353  71.0022   2.2677 0002944 102.8374 257.3077 14.14381918 17046
1 28353U 04021B   24051.97695419  .00000169  00000-0  11294-3 0    10\
2 28353  71.0023   1.3775 0002951 101.9005 258.2448 14.14382080 17105
1 28353U 04021B   24052.18912431  .00000181  00000-0  11955-3 0  4236\
2 28353  71.0023   0.9325 0002953 101.3252 258.8202 14.14382180 17139
1 28353U 04021B   24052.54274115  .00000178  00000-0  11800-3 0    13\
2 28353  71.0024   0.1907 0002958 100.2416 259.9040 14.14382271 17181
1 28353U 04021B   24052.89635789  .00000184  00000-0  12109-3 0    19\
2 28353  71.0024 359.4489 0002966  99.4446 260.7012 14.14382439 17238
1 28353U 04021B   24053.24997466  .00000204  00000-0  13128-3 0  4246\
2 28353  71.0025 358.7072 0002974  98.5084 261.6376 14.14382621 17287
1 28353U 04021B   24053.53286800  .00000214  00000-0  13651-3 0    14\
2 28353  71.0025 358.1137 0002977  97.6756 262.4705 14.14382781 17329
1 28353U 04021B   24053.95720795  .00000218  00000-0  13891-3 0    16\
2 28353  71.0026 357.2236 0002983  96.6730 263.4732 14.14382978 17383
1 28353U 04021B   24054.52299449  .00000256  00000-0  15879-3 0    17\
2 28353  71.0027 356.0368 0002986  95.0007 265.1457 14.14383384 17464
1 28353U 04021B   24054.87661096  .00000259  00000-0  16037-3 0  4256\
2 28353  71.0028 355.2950 0002989  94.2351 265.9113 14.14383574 17513
1 28353U 04021B   24054.94733423  .00000262  00000-0  16149-3 0    16\
2 28353  71.0028 355.1466 0002986  94.0826 266.0638 14.14383615 17527
1 28353U 04021B   24055.58384375  .00000310  00000-0  18676-3 0    16\
2 28353  71.0029 353.8115 0002993  92.4156 267.7309 14.14384153 17611
1 28353U 04021B   24056.22035307  .00000323  00000-0  19355-3 0  4266\
2 28353  71.0030 352.4763 0002995  90.8606 269.2859 14.14384541 17709
1 28353U 04021B   24056.57396921  .00000340  00000-0  20244-3 0    13\
2 28353  71.0031 351.7345 0002997  89.9084 270.2382 14.14384841 17750
1 28353U 04021B   24056.92758529  .00000350  00000-0  20767-3 0    19\
2 28353  71.0031 350.9928 0002993  89.0172 271.1294 14.14385121 17803
1 28353U 04021B   24057.21047820  .00000364  00000-0  21475-3 0    19\
2 28353  71.0031 350.3994 0003004  88.0676 272.0790 14.14385334 17843
1 28353U 04021B   24057.84698692  .00000375  00000-0  22077-3 0  4270\
2 28353  71.0032 349.0642 0003015  86.3931 273.7536 14.14385831 17934
1 28353U 04021B   24057.91771010  .00000374  00000-0  22002-3 0    19\
2 28353  71.0032 348.9159 0003015  86.2035 273.9432 14.14385865 17944
1 28353U 04021B   24058.55421857  .00000385  00000-0  22618-3 0    16\
2 28353  71.0033 347.5807 0003038  84.5197 275.6271 14.14386352 18038
1 28353U 04021B   24058.90783427  .00000384  00000-0  22539-3 0    10\
2 28353  71.0033 346.8389 0003044  83.6785 276.4684 14.14386619 18083
1 28353U 04021B   24059.12000365  .00000393  00000-0  23006-3 0  4281\
2 28353  71.0033 346.3939 0003045  83.0249 277.1219 14.14386806 18113
1 28353U 04021B   24059.54434233  .00000391  00000-0  22914-3 0    14\
2 28353  71.0034 345.5038 0003051  81.7062 278.4406 14.14387134 18173
1 28353U 04021B   24059.89795777  .00000389  00000-0  22780-3 0    13\
2 28353  71.0034 344.7621 0003056  80.8336 279.3132 14.14387424 18225
1 28353U 04021B   24060.18085012  .00000393  00000-0  23021-3 0  4299\
2 28353  71.0035 344.1687 0003055  80.0058 280.1409 14.14387650 18266
1 28353U 04021B   24060.53446543  .00000391  00000-0  22912-3 0    10\
2 28353  71.0035 343.4269 0003056  78.9389 281.2077 14.14387937 18315
1 28353U 04021B   24060.88808064  .00000387  00000-0  22724-3 0    14\
2 28353  71.0035 342.6852 0003059  78.0350 282.1115 14.14388239 18360
1 28353U 04021B   24061.52458786  .00000391  00000-0  22907-3 0    16\
2 28353  71.0035 341.3501 0003059  76.1273 284.0189 14.14388790 18454
1 28353U 04021B   24061.87820276  .00000384  00000-0  22562-3 0    10\
2 28353  71.0035 340.6083 0003047  75.2207 284.9253 14.14389097 18503
1 28353U 04021B   24062.16109476  .00000386  00000-0  22644-3 0    18\
2 28353  71.0035 340.0150 0003060  74.3103 285.8357 14.14389334 18545
1 28353U 04021B   24062.79760135  .00000378  00000-0  22243-3 0  4315\
2 28353  71.0035 338.6798 0003052  72.6181 287.5275 14.14389893 18632
1 28353U 04021B   24062.93904726  .00000372  00000-0  21921-3 0    16\
2 28353  71.0036 338.3831 0003049  72.1561 287.9893 14.14389971 18650
1 28353U 04021B   24063.22193901  .00000381  00000-0  22384-3 0    18\
2 28353  71.0036 337.7897 0003062  71.3289 288.8166 14.14390273 18692
1 28353U 04021B   24063.85844520  .00000366  00000-0  21589-3 0    16\
2 28353  71.0036 336.4546 0003070  69.4124 290.7327 14.14390795 18784
1 28353U 04021B   24064.21205959  .00000366  00000-0  21576-3 0  4328\
2 28353  71.0035 335.7128 0003063  68.5275 291.6174 14.14391110 18838
1 28353U 04021B   24064.49495109  .00000353  00000-0  20911-3 0    16\
2 28353  71.0035 335.1193 0003066  67.7100 292.4347 14.14391303 18874
1 28353U 04021B   24064.91928815  .00000342  00000-0  20342-3 0    14\
2 28353  71.0035 334.2291 0003057  66.9167 293.2278 14.14391642 18932
1 28353U 04021B   24065.20217967  .00000337  00000-0  20069-3 0    16\
2 28353  71.0036 333.6357 0003083  66.0838 294.0607 14.14391839 18971
1 28353U 04021B   24065.83868504  .00000324  00000-0  19398-3 0  4332\
2 28353  71.0035 332.3005 0003084  64.3463 295.7978 14.14392364 19066
1 28353U 04021B   24066.19229913  .00000319  00000-0  19130-3 0    16\
2 28353  71.0035 331.5588 0003084  63.2741 296.8697 14.14392611 19111
1 28353U 04021B   24067.11169532  .00000288  00000-0  17513-3 0  4347\
2 28353  71.0034 329.6301 0003099  60.7262 299.4170 14.14393214 19246
1 28353U 04021B   24067.46530919  .00000280  00000-0  17095-3 0    13\
2 28353  71.0035 328.8887 0003117  58.9860 301.1568 14.14393467 19298
1 28353U 04021B   24068.17253652  .00000265  00000-0  16320-3 0  4352\
2 28353  71.0034 327.4051 0003122  56.8607 303.2814 14.14393966 19399
1 28353U 04021B   24068.45542743  .00000255  00000-0  15811-3 0    17\
2 28353  71.0035 326.8119 0003131  55.5950 304.5468 14.14394138 19431
1 28353U 04021B   24069.44554532  .00000223  00000-0  14116-3 0  4360\
2 28353  71.0034 324.7350 0003161  52.4224 307.7185 14.14394694 19570
1 28353U 04021B   24069.44554532  .00000223  00000-0  14116-3 0    18\
2 28353  71.0034 324.7350 0003161  52.4224 307.7185 14.14394694 19570
1 28353U 04021B   24069.65771339  .00000204  00000-0  13135-3 0    16\
2 28353  71.0033 324.2900 0003160  51.7887 308.3519 14.14394740 19605
1 28353U 04021B   24070.43566283  .00000174  00000-0  11564-3 0    14\
2 28353  71.0032 322.6580 0003179  49.3927 310.7471 14.14395083 19715
1 28353U 04021B   24070.85999881  .00000149  00000-0  10292-3 0  4376\
2 28353  71.0032 321.7679 0003188  48.2751 311.8644 14.14395218 19777
1 28353U 04021B   24070.93072159  .00000146  00000-0  10117-3 0    15\
2 28353  71.0032 321.6196 0003207  48.3353 311.8044 14.14395216 19784
1 28353U 04021B   24071.42578018  .00000128  00000-0  91737-4 0    13\
2 28353  71.0032 320.5811 0003228  46.8758 313.2634 14.14395406 19851
1 28353U 04021B   24072.13300662  .00000102  00000-0  78020-4 0  4386\
2 28353  71.0031 319.0976 0003254  44.9088 315.2297 14.14395638 19954
1 28353U 04021B   24072.91095548  .00000071  00000-0  62091-4 0    18\
2 28353  71.0029 317.4656 0003267  42.7972 317.3404 14.14395854 20067
1 28353U 04021B   24073.40601383  .00000050  00000-0  51011-4 0  4395\
2 28353  71.0028 316.4271 0003286  41.4718 318.6654 14.14395954 20133
1 28353U 04021B   24073.40601383  .00000050  00000-0  51011-4 0    10\
2 28353  71.0028 316.4271 0003286  41.4718 318.6654 14.14395954 20133
1 28353U 04021B   24073.90107215  .00000034  00000-0  42654-4 0    15\
2 28353  71.0027 315.3886 0003302  40.1159 320.0206 14.14396059 20201
1 28353U 04021B   24074.11324001  .00000028  00000-0  39307-4 0    17\
2 28353  71.0026 314.9436 0003312  39.4918 320.6445 14.14396094 20234
1 28353U 04021B   24074.89118866 -.00000001  00000-0  24313-4 0  4402\
2 28353  71.0025 313.3116 0003336  37.3617 322.7736 14.14396202 20349
1 28353U 04021B   24074.89118866 -.00000001  00000-0  24313-4 0    15\
2 28353  71.0025 313.3116 0003336  37.3617 322.7736 14.14396202 20349
1 28353U 04021B   24075.95202770 -.00000029  00000-0  97882-5 0    13\
2 28353  71.0022 311.0862 0003375  34.7664 325.3678 14.14396319 20494
1 28353U 04021B   24076.09347300 -.00000038  00000-0  48496-5 0  4413\
2 28353  71.0022 310.7894 0003380  34.3579 325.7761 14.14396271 20519
1 28353U 04021B   24076.58853124 -.00000054  00000-0 -33598-5 0    11\
2 28353  71.0020 309.7509 0003404  33.0721 327.0614 14.14396275 20583
1 28353U 04021B   24076.94214434 -.00000069  00000-0 -11020-4 0    17\
2 28353  71.0020 309.0091 0003413  32.3356 327.7975 14.14396208 20637
1 28353U 04021B   24077.08358958 -.00000074  00000-0 -13769-4 0    11\
2 28353  71.0019 308.7123 0003416  31.8720 328.2609 14.14396183 20653
1 28353U 04021B   24077.86153832 -.00000102  00000-0 -28645-4 0  4421\
2 28353  71.0018 307.0801 0003437  30.1274 330.0046 14.14396065 20763
1 28353U 04021B   24077.93226094 -.00000103  00000-0 -28691-4 0    13\
2 28353  71.0018 306.9318 0003438  29.9381 330.1937 14.14396056 20771
1 28353U 04021B   24078.56876457 -.00000120  00000-0 -37886-4 0    12\
2 28353  71.0016 305.5964 0003462  28.5512 331.5799 14.14395954 20866
1 28353U 04021B   24078.92237766 -.00000123  00000-0 -39372-4 0    11\
2 28353  71.0016 304.8545 0003471  27.7699 332.3608 14.14395913 20919
1 28353U 04021B   24079.06382288 -.00000122  00000-0 -38832-4 0  4436\
2 28353  71.0015 304.5577 0003478  27.5051 332.6254 14.14395924 20931
1 28353U 04021B   24079.06382288 -.00000122  00000-0 -38832-4 0    16\
2 28353  71.0015 304.5577 0003478  27.5051 332.6254 14.14395924 20931
1 28353U 04021B   24080.05393972 -.00000135  00000-0 -45533-4 0    19\
2 28353  71.0013 302.4805 0003522  25.3341 334.7953 14.14395770 21072
1 28353U 04021B   24080.83188864 -.00000134  00000-0 -45056-4 0  4447\
2 28353  71.0011 300.8484 0003552  23.6848 336.4438 14.14395711 21185
1 28353U 04021B   24080.90261131 -.00000134  00000-0 -45095-4 0    16\
2 28353  71.0011 300.7000 0003557  23.5066 336.6218 14.14395690 21199
1 28353U 04021B   24081.60983773 -.00000140  00000-0 -48458-4 0    10\
2 28353  71.0009 299.2163 0003596  22.1350 337.9927 14.14395595 21298
1 28353U 04021B   24081.89272827 -.00000136  00000-0 -46236-4 0  4451\
2 28353  71.0008 298.6228 0003608  21.5645 338.5628 14.14395571 21330
1 28353U 04021B   24082.59995472 -.00000147  00000-0 -51782-4 0    19\
2 28353  71.0007 297.1393 0003635  20.6514 339.4754 14.14395469 21438
1 28353U 04021B   24082.88284529 -.00000153  00000-0 -55074-4 0    10\
2 28353  71.0006 296.5458 0003631  20.1663 339.9602 14.14395376 21476
1 28353U 04021B   24083.02429069 -.00000161  00000-0 -59018-4 0  4461\
2 28353  71.0006 296.2490 0003659  19.6759 340.4504 14.14395302 21497
1 28353U 04021B   24083.94368537 -.00000166  00000-0 -62017-4 0    19\
2 28353  71.0005 294.3205 0003799  17.5814 342.5439 14.14395182 21624
1 28353U 04021B   24084.29729869 -.00000161  00000-0 -59004-4 0  4478\
2 28353  71.0005 293.5786 0003827  17.0296 343.0953 14.14395180 21670
1 28353U 04021B   24084.58018926 -.00000133  00000-0 -44410-4 0    15\
2 28353  71.0004 292.9851 0003838  16.5819 343.5428 14.14395326 21711
1 28353U 04021B   24084.93380214  .00000005  00000-0  27590-4 0    12\
2 28353  71.0002 292.2431 0003876  15.8240 344.3003 14.14396133 21768
1 28353U 04021B   24085.57030646 -.00000121  00000-0 -38235-4 0  4488\
2 28353  71.0000 290.9080 0003855  15.1154 345.0083 14.14395265 21856
1 28353U 04021B   24085.92391985 -.00000143  00000-0 -49603-4 0    13\
2 28353  70.9999 290.1663 0003871  14.5229 345.6004 14.14395071 21904
1 28353U 04021B   24086.63114674 -.00000191  00000-0 -74958-4 0    14\
2 28353  70.9997 288.6825 0003901  13.4614 346.6611 14.14394691 22008
1 28353U 04021B   24086.84331486 -.00000205  00000-0 -82056-4 0  4499\
2 28353  70.9997 288.2375 0003910  13.1000 347.0223 14.14394540 22030
1 28353U 04021B   24086.91403755 -.00000204  00000-0 -81803-4 0    18\
2 28353  70.9997 288.0891 0003916  13.0247 347.0975 14.14394531 22044
1 28353U 04021B   24087.62126450 -.00000228  00000-0 -94130-4 0    14\
2 28353  70.9995 286.6054 0003948  12.0246 348.0969 14.14394274 22149
1 28353U 04021B   24087.90415537 -.00000223  00000-0 -91861-4 0    15\
2 28353  70.9993 286.0116 0003988  11.5090 348.6122 14.14394200 22185
1 28353U 04021B   24087.97487808 -.00000220  00000-0 -90252-4 0  4500\
2 28353  70.9993 285.8632 0003990  11.4755 348.6457 14.14394200 22197
1 28353U 04021B   24088.54065984 -.00000229  00000-0 -94547-4 0    13\
2 28353  70.9992 284.6761 0004021  10.6329 349.4877 14.14394014 22277
1 28353U 04021B   24088.89427353 -.00000226  00000-0 -92929-4 0    12\
2 28353  70.9991 283.9342 0004040  10.0952 350.0251 14.14393888 22328
1 28353U 04021B   24089.53077817 -.00000227  00000-0 -93727-4 0  4517\
2 28353  70.9990 282.5988 0004073   9.2700 350.8497 14.14393700 22418
1 28353U 04021B   24089.53077817 -.00000227  00000-0 -93727-4 0    18\
2 28353  70.9990 282.5988 0004073   9.2700 350.8497 14.14393700 22418
1 28353U 04021B   24089.95511476 -.00000222  00000-0 -91194-4 0    19\
2 28353  70.9989 281.7084 0004103   8.6942 351.4250 14.14393535 22475
1 28353U 04021B   24090.59161964 -.00000236  00000-0 -98613-4 0    12\
2 28353  70.9988 280.3728 0004150   7.8010 352.3176 14.14393232 22564
1 28353U 04021B   24090.87451074 -.00000204  00000-0 -81819-4 0  4522\
2 28353  70.9988 279.7793 0004161   7.3521 352.7662 14.14393261 22603
1 28353U 04021B   24090.94523354 -.00000204  00000-0 -81586-4 0    12\
2 28353  70.9988 279.6309 0004170   7.2591 352.8591 14.14393231 22611
1 28353U 04021B   24091.58173870 -.00000239  00000-0 -99996-4 0    19\
2 28353  70.9986 278.2955 0004185   6.5690 353.5486 14.14392778 22705
1 28353U 04021B   24091.93535277 -.00000233  00000-0 -96753-4 0    13\
2 28353  70.9988 277.5536 0004204   6.0692 354.0480 14.14392618 22751
1 28353U 04021B   24092.21824402 -.00000231  00000-0 -95731-4 0  4530\
2 28353  70.9988 276.9601 0004216   5.7170 354.3999 14.14392501 22790
1 28353U 04021B   24092.57185805 -.00000229  00000-0 -94608-4 0    14\
2 28353  70.9987 276.2181 0004221   5.2662 354.8503 14.14392382 22841
1 28353U 04021B   24093.49125484 -.00000206  00000-0 -82662-4 0  4547\
2 28353  70.9987 274.2889 0004275   4.2147 355.9010 14.14392084 22978
1 28353U 04021B   24093.56197766 -.00000205  00000-0 -82139-4 0    13\
2 28353  70.9987 274.1406 0004276   4.1221 355.9936 14.14392063 22980
1 28353U 04021B   24093.91559188 -.00000191  00000-0 -74934-4 0    10\
2 28353  70.9988 273.3986 0004292   3.6187 356.4966 14.14391949 23036
1 28353U 04021B   24094.55209749 -.00000180  00000-0 -69315-4 0    11\
2 28353  70.9987 272.0632 0004310   2.9424 357.1723 14.14391774 23121
1 28353U 04021B   24094.76426610 -.00000175  00000-0 -66442-4 0  4557\
2 28353  70.9987 271.6181 0004315   2.7413 357.3732 14.14391687 23154
1 28353U 04021B   24094.90571187 -.00000171  00000-0 -64573-4 0    19\
2 28353  70.9986 271.3214 0004321   2.6344 357.4800 14.14391631 23174
1 28353U 04021B   24095.61294054 -.00000167  00000-0 -62165-4 0    13\
2 28353  70.9986 269.8376 0004344   1.9351 358.1787 14.14391403 23270
1 28353U 04021B   24095.82510924 -.00000158  00000-0 -57516-4 0  4561\
2 28353  70.9986 269.3925 0004363   1.7663 358.3474 14.14391329 23306
1 28353U 04021B   24095.89583213 -.00000155  00000-0 -56235-4 0    19\
2 28353  70.9986 269.2441 0004367   1.7047 358.4089 14.14391315 23317
1 28353U 04021B   24096.60306096 -.00000151  00000-0 -53921-4 0    16\
2 28353  70.9986 267.7602 0004390   0.9535 359.1595 14.14391104 23415
1 28353U 04021B   24096.88595254 -.00000142  00000-0 -49534-4 0    17\
2 28353  70.9986 267.1667 0004406   0.6509 359.4618 14.14391035 23452
1 28353U 04021B   24097.23956700 -.00000137  00000-0 -46624-4 0  4570\
2 28353  70.9986 266.4248 0004422   0.2650 359.8474 14.14390960 23506
1 28353U 04021B   24097.45173568 -.00000132  00000-0 -44164-4 0    14\
2 28353  70.9986 265.9796 0004430   0.0853   0.0269 14.14390931 23538
1 28353U 04021B   24097.73462725 -.00000120  00000-0 -38005-4 0    15\
2 28353  70.9986 265.3861 0004439 359.7479   0.3640 14.14390893 23579
1 28353U 04021B   24098.44185627 -.00000101  00000-0 -27848-4 0  4585\
2 28353  70.9986 263.9022 0004476 358.9886   1.1226 14.14390820 23676
1 28353U 04021B   24098.44185627 -.00000101  00000-0 -27848-4 0    19\
2 28353  70.9986 263.9022 0004476 358.9886   1.1226 14.14390820 23676
1 28353U 04021B   24098.86619366 -.00000080  00000-0 -16810-4 0    10\
2 28353  70.9986 263.0119 0004490 358.5768   1.5340 14.14390823 23736
1 28353U 04021B   24099.43197682 -.00000054  00000-0 -31643-5 0    19\
2 28353  70.9986 261.8248 0004512 357.9559   2.1544 14.14390874 23819
1 28353U 04021B   24099.71486842 -.00000043  00000-0  23586-5 0  4590\
2 28353  70.9987 261.2313 0004523 357.5998   2.5102 14.14390863 23858
1 28353U 04021B   24099.71486842 -.00000043  00000-0  23586-5 0    13\
2 28353  70.9987 261.2313 0004523 357.5998   2.5102 14.14390863 23858
1 28353U 04021B   24100.42209745 -.00000016  00000-0  16664-4 0    17\
2 28353  70.9986 259.7474 0004557 356.8714   3.2379 14.14390915 23955
1 28353U 04021B   24100.84643486  .00000006  00000-0  28131-4 0  4606\
2 28353  70.9987 258.8572 0004580 356.3426   3.7662 14.14390962 24016
1 28353U 04021B   24101.41221801  .00000029  00000-0  39826-4 0    12\
2 28353  70.9987 257.6701 0004604 355.6893   4.4188 14.14391059 24091
1 28353U 04021B   24101.83655535  .00000052  00000-0  52138-4 0    10\
2 28353  70.9987 256.7798 0004629 355.1638   4.9439 14.14391149 24157
1 28353U 04021B   24102.11944689  .00000066  00000-0  59130-4 0  4617\
2 28353  70.9987 256.1862 0004648 354.8585   5.2489 14.14391226 24190
1 28353U 04021B   24102.61450702  .00000091  00000-0  72222-4 0    15\
2 28353  70.9988 255.1476 0004669 354.1410   5.9657 14.14391382 24269
1 28353U 04021B   24102.82667568  .00000102  00000-0  78317-4 0    12\
2 28353  70.9989 254.7025 0004683 353.8655   6.2409 14.14391439 24293
1 28353U 04021B   24103.53390432  .00000137  00000-0  96652-4 0  4625\
2 28353  70.9990 253.2186 0004719 352.9768   7.1287 14.14391720 24390
1 28353U 04021B   24103.60462719  .00000141  00000-0  98771-4 0    19\
2 28353  70.9990 253.0703 0004724 352.8322   7.2732 14.14391738 24401
1 28353U 04021B   24104.59474699  .00000197  00000-0  12758-3 0    19\
2 28353  70.9992 250.9929 0004770 351.5225   8.5816 14.14392232 24540
1 28353U 04021B   24104.80691550  .00000210  00000-0  13440-3 0  4637\
2 28353  70.9992 250.5478 0004784 351.2513   8.8525 14.14392345 24575
1 28353U 04021B   24104.80691550  .00000210  00000-0  13440-3 0    15\
2 28353  70.9992 250.5478 0004784 351.2513   8.8525 14.14392345 24575
1 28353U 04021B   24105.79703473  .00000273  00000-0  16765-3 0    14\
2 28353  70.9995 248.4705 0004833 349.8036  10.2987 14.14393046 24719
1 28353U 04021B   24106.50426250  .00000304  00000-0  18368-3 0  4648\
2 28353  70.9997 246.9868 0004888 348.9361  11.1653 14.14393563 24810
1 28353U 04021B   24106.57498527  .00000307  00000-0  18532-3 0    14\
2 28353  70.9998 246.8384 0004891 348.8054  11.2959 14.14393604 24822
1 28353U 04021B   24106.78715355  .00000318  00000-0  19091-3 0    11\
2 28353  70.9998 246.3933 0004907 348.4807  11.6202 14.14393757 24854
1 28353U 04021B   24107.56510337  .00000386  00000-0  22654-3 0  4659\
2 28353  71.0001 244.7613 0004957 347.4458  12.6540 14.14394668 24964
1 28353U 04021B   24107.77727142  .00000406  00000-0  23685-3 0    10\
2 28353  71.0001 244.3161 0004971 347.2413  12.8583 14.14394931 24998
1 28353U 04021B   24108.62594341  .00000434  00000-0  25167-3 0    16\
2 28353  71.0003 242.5357 0005023 346.0500  14.0482 14.14395755 25112
1 28353U 04021B   24108.76738869  .00000441  00000-0  25504-3 0  4664\
2 28353  71.0003 242.2390 0005038 345.8259  14.2721 14.14395908 25130
1 28353U 04021B   24108.76738869  .00000441  00000-0  25504-3 0    19\
2 28353  71.0003 242.2390 0005038 345.8259  14.2721 14.14395908 25130
1 28353U 04021B   24109.61606006  .00000459  00000-0  26439-3 0    18\
2 28353  71.0005 240.4586 0005090 344.5851  15.5115 14.14396760 25252
1 28353U 04021B   24109.75750527  .00000461  00000-0  26572-3 0    12\
2 28353  71.0006 240.1619 0005106 344.3142  15.7821 14.14396897 25275
1 28353U 04021B   24110.53545336  .00000480  00000-0  27533-3 0  4675\
2 28353  71.0007 238.5299 0005157 343.0611  17.0338 14.14397781 25387
1 28353U 04021B   24110.60617589  .00000484  00000-0  27757-3 0    19\
2 28353  71.0007 238.3815 0005159 342.9882  17.1066 14.14397870 25398
1 28353U 04021B   24110.74762084  .00000500  00000-0  28602-3 0    14\
2 28353  71.0008 238.0848 0005160 343.0310  17.0639 14.14398141 25412
1 28353U 04021B   24111.59629065  .00000515  00000-0  29364-3 0    11\
2 28353  71.0010 236.3045 0005224 341.8686  18.2249 14.14399178 25532
1 28353U 04021B   24111.73773557  .00000517  00000-0  29491-3 0  4683\
2 28353  71.0010 236.0078 0005237 341.7030  18.3903 14.14399356 25559
1 28353U 04021B   24111.73773557  .00000517  00000-0  29491-3 0    16\
2 28353  71.0010 236.0078 0005237 341.7030  18.3903 14.14399356 25559
1 28353U 04021B   24112.58640454  .00000541  00000-0  30739-3 0    13\
2 28353  71.0012 234.2275 0005298 340.5079  19.5839 14.14400516 25672
1 28353U 04021B   24112.72784931  .00000543  00000-0  30841-3 0    14\
2 28353  71.0012 233.9307 0005306 340.2861  19.8055 14.14400697 25695
1 28353U 04021B   24113.43507295  .00000540  00000-0  30666-3 0  4699\
2 28353  71.0013 232.4471 0005359 339.3329  20.7576 14.14401561 25799
1 28353U 04021B   24113.43507295  .00000540  00000-0  30666-3 0    11\
2 28353  71.0013 232.4471 0005359 339.3329  20.7576 14.14401561 25799
1 28353U 04021B   24113.71796230  .00000519  00000-0  29587-3 0    17\
2 28353  71.0013 231.8536 0005379 338.8367  21.2532 14.14401773 25830
1 28353U 04021B   24114.49590761  .00000495  00000-0  28327-3 0  4708\
2 28353  71.0015 230.2216 0005428 337.7061  22.3825 14.14402605 25948
1 28353U 04021B   24114.56662988  .00000494  00000-0  28289-3 0    13\
2 28353  71.0015 230.0732 0005427 337.5223  22.5661 14.14402673 25952
1 28353U 04021B   24114.77879681  .00000483  00000-0  27685-3 0    13\
2 28353  71.0015 229.6282 0005472 337.2486  22.8393 14.14402849 25987
1 28353U 04021B   24115.55674146  .00000476  00000-0  27343-3 0    12\
2 28353  71.0017 227.9964 0005543 336.0708  24.0156 14.14403762 26099
1 28353U 04021B   24115.76890815  .00000466  00000-0  26797-3 0  4710\
2 28353  71.0017 227.5513 0005566 335.7704  24.3155 14.14403949 26125
1 28353U 04021B   24115.76890815  .00000466  00000-0  26797-3 0    19\
2 28353  71.0017 227.5513 0005566 335.7704  24.3155 14.14403949 26125
1 28353U 04021B   24116.61757433  .00000436  00000-0  25245-3 0    16\
2 28353  71.0019 225.7710 0005638 334.3669  25.7173 14.14404799 26243
1 28353U 04021B   24116.75901863  .00000433  00000-0  25076-3 0    18\
2 28353  71.0020 225.4744 0005653 334.1799  25.9040 14.14404959 26263
1 28353U 04021B   24117.53696207  .00000405  00000-0  23650-3 0  4725\
2 28353  71.0021 223.8424 0005735 332.8919  27.1903 14.14405712 26373
1 28353U 04021B   24117.60768414  .00000415  00000-0  24178-3 0    18\
2 28353  71.0021 223.6940 0005754 332.9112  27.1709 14.14405863 26383
1 28353U 04021B   24117.74912830  .00000434  00000-0  25122-3 0    17\
2 28353  71.0021 223.3973 0005771 332.8879  27.1941 14.14406152 26407
1 28353U 04021B   24118.59779332  .00000374  00000-0  21989-3 0    19\
2 28353  71.0022 221.6171 0005821 331.7621  28.3185 14.14406766 26525
1 28353U 04021B   24118.73923743  .00000368  00000-0  21719-3 0  4739\
2 28353  71.0022 221.3204 0005823 331.6016  28.4788 14.14406897 26545
1 28353U 04021B   24118.73923743  .00000368  00000-0  21719-3 0    16\
2 28353  71.0022 221.3204 0005823 331.6016  28.4788 14.14406897 26545
1 28353U 04021B   24119.58790197  .00000296  00000-0  17934-3 0    19\
2 28353  71.0023 219.5400 0005864 330.3503  29.7286 14.14407364 26665
1 28353U 04021B   24119.72934603  .00000285  00000-0  17362-3 0    10\
2 28353  71.0023 219.2433 0005871 330.0477  30.0308 14.14407439 26688
1 28353U 04021B   24120.22440018  .00000250  00000-0  15536-3 0  4746\
2 28353  71.0023 218.2048 0005915 329.3531  30.7245 14.14407720 26758
1 28353U 04021B   24120.57801022  .00000226  00000-0  14278-3 0    11\
2 28353  71.0024 217.4630 0005936 328.8936  31.1834 14.14407893 26809
1 28353U 04021B   24120.71945421  .00000218  00000-0  13849-3 0    13\
2 28353  71.0024 217.1663 0005948 328.6899  31.3869 14.14407978 26827
1 28353U 04021B   24121.56811810  .00000167  00000-0  11198-3 0  4754\
2 28353  71.0024 215.3862 0006020 327.4892  32.5859 14.14408375 26947
1 28353U 04021B   24121.70956206  .00000159  00000-0  10763-3 0    12\
2 28353  71.0024 215.0895 0006031 327.2955  32.7793 14.14408435 26968
1 28353U 04021B   24122.55822578  .00000105  00000-0  79450-4 0    10\
2 28353  71.0025 213.3096 0006124 326.2679  33.8053 14.14408709 27087
1 28353U 04021B   24123.19472340  .00000080  00000-0  66532-4 0  4764\
2 28353  71.0024 211.9745 0006172 325.4203  34.6517 14.14408951 27171
1 28353U 04021B   24123.61905500  .00000064  00000-0  58320-4 0    12\
2 28353  71.0023 211.0843 0006198 324.8098  35.2614 14.14409096 27236
1 28353U 04021B   24124.53844018  .00000043  00000-0  47060-4 0  4773\
2 28353  71.0023 209.1558 0006265 323.6139  36.4556 14.14409401 27367
1 28353U 04021B   24124.60916213  .00000039  00000-0  45324-4 0    17\
2 28353  71.0023 209.0075 0006272 323.5294  36.5400 14.14409410 27379
1 28353U 04021B   24124.67988410  .00000034  00000-0  42769-4 0    17\
2 28353  71.0023 208.8591 0006279 323.4381  36.6312 14.14409406 27381
1 28353U 04021B   24125.66999131  .00000003  00000-0  26424-4 0  4783\
2 28353  71.0022 206.7823 0006355 322.0987  37.9687 14.14409520 27529
1 28353U 04021B   24126.58937651 -.00000020  00000-0  14564-4 0    18\
2 28353  71.0021 204.8538 0006425 320.8445  39.2212 14.14409578 27659
1 28353U 04021B   24126.66009845 -.00000020  00000-0  14514-4 0    17\
2 28353  71.0021 204.7055 0006433 320.7260  39.3395 14.14409588 27660
1 28353U 04021B   24127.22587390 -.00000031  00000-0  85019-5 0  4796\
2 28353  71.0020 203.5187 0006470 319.9817  40.0828 14.14409640 27749
1 28353U 04021B   24127.57948360 -.00000031  00000-0  89332-5 0    15\
2 28353  71.0020 202.7770 0006494 319.5176  40.5463 14.14409660 27795
1 28353U 04021B   24127.93309329 -.00000050  00000-0 -13627-5 0    17\
2 28353  71.0019 202.0352 0006522 319.0779  40.9853 14.14409598 27841
1 28353U 04021B   24128.49886868 -.00000043  00000-0  26597-5 0  4809\
2 28353  71.0018 200.8485 0006566 318.1598  41.9022 14.14409693 27924
1 28353U 04021B   24128.56959064 -.00000045  00000-0  11437-5 0    14\
2 28353  71.0019 200.7001 0006576 318.0528  42.0089 14.14409660 27931
1 28353U 04021B   24128.64031257 -.00000046  00000-0  70708-6 0    16\
2 28353  71.0019 200.5518 0006581 317.9632  42.0985 14.14409664 27942
1 28353U 04021B   24129.55969768 -.00000052  00000-0 -20372-5 0  4815\
2 28353  71.0018 198.6232 0006643 316.7366  43.3234 14.14409698 28074
1 28353U 04021B   24129.63041961 -.00000053  00000-0 -30105-5 0    14\
2 28353  71.0017 198.4748 0006650 316.6277  43.4321 14.14409693 28085
1 28353U 04021B   24130.62052677 -.00000071  00000-0 -12153-4 0    13\
2 28353  71.0016 196.3980 0006705 315.4220  44.6363 14.14409631 28222
1 28353U 04021B   24130.62052677 -.00000071  00000-0 -12153-4 0  4826\
2 28353  71.0016 196.3980 0006705 315.4220  44.6363 14.14409631 28222
1 28353U 04021B   24131.61063391 -.00000065  00000-0 -92698-5 0    14\
2 28353  71.0014 194.3211 0006751 314.2127  45.8440 14.14409682 28369
1 28353U 04021B   24132.17640957  .00000039  00000-0  45252-4 0  4831\
2 28353  71.0013 193.1343 0006773 313.5649  46.4911 14.14410208 28441
1 28353U 04021B   24132.88362732  .00000069  00000-0  61126-4 0    18\
2 28353  71.0012 191.6508 0006804 312.7224  47.3325 14.14410881 28548
1 28353U 04021B   24133.23723688  .00000056  00000-0  53933-4 0  4847\
2 28353  71.0011 190.9090 0006811 312.3200  47.7345 14.14410864 28595
1 28353U 04021B   24133.59084637  .00000015  00000-0  32746-4 0    19\
2 28353  71.0010 190.1672 0006828 311.8681  48.1858 14.14410684 28647
1 28353U 04021B   24133.87373386  .00000009  00000-0  29694-4 0    13\
2 28353  71.0009 189.5738 0006844 311.6113  48.4422 14.14410744 28687
1 28353U 04021B   24134.51023087 -.00000043  00000-0  23807-5 0  4851\
2 28353  71.0008 188.2386 0006858 310.9254  49.1274 14.14410583 28778
1 28353U 04021B   24134.51023087 -.00000043  00000-0  23807-5 0    15\
2 28353  71.0008 188.2386 0006858 310.9254  49.1274 14.14410583 28778
1 28353U 04021B   24134.86384027 -.00000067  00000-0 -10119-4 0    15\
2 28353  71.0007 187.4969 0006871 310.5509  49.5015 14.14410540 28825
1 28353U 04021B   24135.50033728 -.00000076  00000-0 -14595-4 0    18\
2 28353  71.0005 186.1617 0006889 309.8089  50.2426 14.14410577 28917
1 28353U 04021B   24135.85394666 -.00000096  00000-0 -25064-4 0    12\
2 28353  71.0004 185.4198 0006901 309.4408  50.6103 14.14410544 28963
1 28353U 04021B   24136.20755606 -.00000102  00000-0 -28200-4 0  4867\
2 28353  71.0003 184.6781 0006908 309.0052  51.0455 14.14410573 29013
1 28353U 04021B   24136.56116555 -.00000116  00000-0 -35794-4 0    14\
2 28353  71.0002 183.9362 0006926 308.5923  51.4578 14.14410497 29060
1 28353U 04021B   24136.84405303 -.00000120  00000-0 -37987-4 0    18\
2 28353  71.0002 183.3429 0006915 308.2607  51.7892 14.14410528 29104
1 28353U 04021B   24137.55127191 -.00000122  00000-0 -38967-4 0  4872\
2 28353  71.0001 181.8593 0006918 307.5166  52.5327 14.14410560 29202
1 28353U 04021B   24137.83415956 -.00000144  00000-0 -50544-4 0    13\
2 28353  71.0000 181.2659 0006924 307.2257  52.8233 14.14410424 29245
1 28353U 04021B   24138.47065676 -.00000154  00000-0 -55540-4 0    16\
2 28353  70.9998 179.9307 0006929 306.5103  53.5380 14.14410302 29336
1 28353U 04021B   24139.17787576 -.00000134  00000-0 -45016-4 0  4888\
2 28353  70.9996 178.4471 0006933 305.7320  54.3157 14.14410365 29438
1 28353U 04021B   24139.53148538 -.00000133  00000-0 -44694-4 0    18\
2 28353  70.9996 177.7053 0006941 305.3662  54.6811 14.14410272 29482
1 28353U 04021B   24139.81437305 -.00000131  00000-0 -43257-4 0    14\
2 28353  70.9995 177.1118 0006944 305.0904  54.9567 14.14410240 29527
1 28353U 04021B   24140.52159229 -.00000112  00000-0 -33427-4 0    17\
2 28353  70.9994 175.6281 0006955 304.3124  55.7339 14.14410199 29628
1 28353U 04021B   24141.51169928 -.00000112  00000-0 -33841-4 0    14\
2 28353  70.9992 173.5510 0006960 303.1382  56.9072 14.14410026 29768
1 28353U 04021B   24142.21891858 -.00000116  00000-0 -35675-4 0  4909\
2 28353  70.9991 172.0674 0006963 302.2849  57.7598 14.14409920 29867
1 28353U 04021B   24142.50180636 -.00000122  00000-0 -38585-4 0    14\
2 28353  70.9990 171.4740 0006962 301.9794  58.0651 14.14409829 29904
1 28353U 04021B   24143.49191345 -.00000108  00000-0 -31536-4 0  4918\
2 28353  70.9988 169.3968 0006978 300.8310  59.2126 14.14409789 30040
1 28353U 04021B   24143.49191345 -.00000108  00000-0 -31536-4 0    15\
2 28353  70.9988 169.3968 0006978 300.8310  59.2126 14.14409789 30040
1 28353U 04021B   24144.48202071 -.00000097  00000-0 -25710-4 0    18\
2 28353  70.9986 167.3194 0006987 299.9299  60.1129 14.14409730 30186
1 28353U 04021B   24145.18924016 -.00000084  00000-0 -19210-4 0  4924\
2 28353  70.9985 165.8358 0006976 299.1109  60.9315 14.14409741 30288
1 28353U 04021B   24145.47212797 -.00000073  00000-0 -13139-4 0    10\
2 28353  70.9985 165.2423 0006975 298.8840  61.1582 14.14409760 30327
1 28353U 04021B   24145.75501576 -.00000069  00000-0 -11372-4 0    19\
2 28353  70.9984 164.6488 0006973 298.5896  61.4524 14.14409760 30369
1 28353U 04021B   24146.46223536 -.00000064  00000-0 -87239-5 0  4931\
2 28353  70.9983 163.1651 0006966 297.8463  62.1953 14.14409692 30467
1 28353U 04021B   24146.46223536 -.00000064  00000-0 -87239-5 0    16\
2 28353  70.9983 163.1651 0006966 297.8463  62.1953 14.14409692 30467
1 28353U 04021B   24147.45234276 -.00000042  00000-0  31082-5 0    19\
2 28353  70.9981 161.0879 0006960 296.7778  63.2632 14.14409714 30602
1 28353U 04021B   24147.73523062 -.00000041  00000-0  33548-5 0  4948\
2 28353  70.9981 160.4944 0006957 296.5029  63.5380 14.14409690 30641
1 28353U 04021B   24147.73523062 -.00000041  00000-0  33548-5 0    12\
2 28353  70.9981 160.4944 0006957 296.5029  63.5380 14.14409690 30641
1 28353U 04021B   24148.44245023 -.00000020  00000-0  14611-4 0    15\
2 28353  70.9980 159.0106 0006958 295.7590  64.2814 14.14409739 30744
1 28353U 04021B   24148.72533807 -.00000023  00000-0  13047-4 0    11\
2 28353  70.9980 158.4174 0006950 295.4402  64.6001 14.14409711 30789
1 28353U 04021B   24149.22039171  .00000003  00000-0  26273-4 0  4951\
2 28353  70.9980 157.3788 0006949 294.8750  65.1650 14.14409838 30859
1 28353U 04021B   24149.43255760  .00000013  00000-0  31671-4 0    10\
2 28353  70.9979 156.9337 0006948 294.6694  65.3705 14.14409871 30889
1 28353U 04021B   24150.42266491  .00000052  00000-0  52295-4 0  4960\
2 28353  70.9979 154.8564 0006933 293.5592  66.4802 14.14410065 31021
1 28353U 04021B   24150.42266491  .00000052  00000-0  52295-4 0    12\
2 28353  70.9979 154.8564 0006933 293.5592  66.4802 14.14410065 31021
1 28353U 04021B   24150.42266492  .00000064  00000-0  58307-4 0    16\
2 28353  70.9979 154.8564 0006933 293.5590  66.4804 14.14410124 31027
1 28353U 04021B   24151.41277205  .00000132  00000-0  93561-4 0    17\
2 28353  70.9978 152.7790 0006919 292.4487  67.5902 14.14410546 31165
1 28353U 04021B   24152.19071318  .00000182  00000-0  11972-3 0  4979\
2 28353  70.9978 151.1468 0006921 291.6437  68.3947 14.14410926 31271
1 28353U 04021B   24152.40287893  .00000200  00000-0  12908-3 0    12\
2 28353  70.9979 150.7017 0006902 291.3709  68.6677 14.14411056 31307
1 28353U 04021B   24152.40287887  .00000214  00000-0  13637-3 0    10\
2 28353  70.9979 150.7017 0006901 291.3767  68.6619 14.14411145 31305
1 28353U 04021B   24153.39298565  .00000218  00000-0  13848-3 0  4982\
2 28353  70.9980 148.6245 0006870 290.2809  69.7574 14.14411360 31442
1 28353U 04021B   24153.39298565  .00000218  00000-0  13848-3 0    12\
2 28353  70.9980 148.6245 0006870 290.2809  69.7574 14.14411360 31442
1 28353U 04021B   24154.38309199  .00000255  00000-0  15792-3 0    19\
2 28353  70.9981 146.5473 0006875 289.3034  70.7344 14.14411863 31587
1 28353U 04021B   24155.23175405  .00000310  00000-0  18693-3 0  4991\
2 28353  70.9984 144.7669 0006927 288.5045  71.5325 14.14412530 31702
1 28353U 04021B   24155.37319771  .00000317  00000-0  19016-3 0    18\
2 28353  70.9984 144.4701 0006927 288.3748  71.6621 14.14412631 31728
1 28353U 04021B   24155.65608503  .00000332  00000-0  19843-3 0    18\
2 28353  70.9983 143.8761 0006933 288.3092  71.7275 14.14412858 31766
1 28353U 04021B   24156.36330290  .00000367  00000-0  21663-3 0  5007\
2 28353  70.9985 142.3924 0006944 287.5277  72.5087 14.14413472 31865
1 28353U 04021B   24156.36330290  .00000367  00000-0  21663-3 0    13\
2 28353  70.9985 142.3924 0006944 287.5277  72.5087 14.14413472 31865
1 28353U 04021B   24156.92907708  .00000383  00000-0  22474-3 0    18\
2 28353  70.9985 141.2054 0006928 286.9275  73.1088 14.14413939 31945
1 28353U 04021B   24157.35340765  .00000376  00000-0  22109-3 0    17\
2 28353  70.9986 140.3151 0006936 286.4898  73.5462 14.14414154 32007
1 28353U 04021B   24157.70701629  .00000396  00000-0  23143-3 0  5012\
2 28353  70.9987 139.5732 0006937 286.1641  73.8717 14.14414527 32052
1 28353U 04021B   24157.91918144  .00000395  00000-0  23126-3 0    12\
2 28353  70.9987 139.1281 0006935 285.9159  74.1198 14.14414703 32082
1 28353U 04021B   24158.34351170  .00000403  00000-0  23522-3 0    10\
2 28353  70.9988 138.2379 0006947 285.4504  74.5851 14.14415037 32141
1 28353U 04021B   24159.33361515  .00000422  00000-0  24539-3 0  5020\
2 28353  70.9990 136.1607 0006970 284.4510  75.5839 14.14415928 32288
1 28353U 04021B   24159.33361515  .00000422  00000-0  24539-3 0    14\
2 28353  70.9990 136.1607 0006970 284.4510  75.5839 14.14415928 32288
1 28353U 04021B   24159.68722331  .00000443  00000-0  25602-3 0    14\
2 28353  70.9991 135.4188 0006980 284.1346  75.9000 14.14416350 32330
1 28353U 04021B   24160.39443941  .00000456  00000-0  26266-3 0    12\
2 28353  70.9992 133.9350 0006985 283.3599  76.6744 14.14417053 32436
1 28353U 04021B   24160.67732574  .00000454  00000-0  26166-3 0  5030\
2 28353  70.9993 133.3415 0006995 283.1145  76.9196 14.14417305 32477
1 28353U 04021B   24160.96021204  .00000450  00000-0  25961-3 0    14\
2 28353  70.9993 132.7481 0006997 282.8123  77.2217 14.14417564 32517
1 28353U 04021B   24161.31381988  .00000471  00000-0  27063-3 0    10\
2 28353  70.9994 132.0062 0007013 282.4540  77.5797 14.14417960 32566
1 28353U 04021B   24161.95031359  .00000476  00000-0  27350-3 0    18\
2 28353  70.9995 130.6708 0007027 281.8053  78.2280 14.14418641 32657
1 28353U 04021B   24162.23319967  .00000475  00000-0  27270-3 0  5042\
2 28353  70.9996 130.0774 0007037 281.5132  78.5200 14.14418867 32690
1 28353U 04021B   24162.37464266  .00000475  00000-0  27294-3 0    18\
2 28353  70.9996 129.7806 0007041 281.3944  78.6388 14.14419015 32712
1 28353U 04021B   24162.94041444  .00000474  00000-0  27239-3 0    18\
2 28353  70.9997 128.5936 0007053 280.8292  79.2036 14.14419602 32794
1 28353U 04021B   24163.29402177  .00000467  00000-0  26843-3 0    13\
2 28353  70.9998 127.8517 0007061 280.4424  79.5902 14.14419879 32841
1 28353U 04021B   24164.21340031  .00000443  00000-0  25587-3 0  5053\
2 28353  71.0000 125.9230 0007097 279.5856  80.4464 14.14420670 32974
1 28353U 04021B   24164.28412170  .00000442  00000-0  25574-3 0    10\
2 28353  71.0000 125.7746 0007099 279.5294  80.5026 14.14420744 32980
1 28353U 04021B   24164.92061412  .00000415  00000-0  24152-3 0    11\
2 28353  71.0001 124.4393 0007117 278.9245  81.1071 14.14421276 33074
1 28353U 04021B   24165.34494231  .00000405  00000-0  23626-3 0  5061\
2 28353  71.0002 123.5490 0007132 278.4904  81.5410 14.14421615 33132
1 28353U 04021B   24165.34494231  .00000405  00000-0  23626-3 0    11\
2 28353  71.0002 123.5490 0007132 278.4904  81.5410 14.14421615 33132
1 28353U 04021B   24165.91071296  .00000378  00000-0  22230-3 0    15\
2 28353  71.0004 122.3621 0007151 277.9708  82.0603 14.14422073 33212
1 28353U 04021B   24166.33504085  .00000372  00000-0  21913-3 0    10\
2 28353  71.0005 121.4719 0007168 277.5421  82.4886 14.14422438 33275
1 28353U 04021B   24166.90081112  .00000353  00000-0  20935-3 0    16\
2 28353  71.0006 120.2850 0007190 277.0470  82.9834 14.14422933 33350
1 28353U 04021B   24167.32513868  .00000348  00000-0  20675-3 0    16\
2 28353  71.0007 119.3948 0007206 276.5980  83.4322 14.14423311 33412
1 28353U 04021B   24167.89090860  .00000331  00000-0  19777-3 0  5085\
2 28353  71.0009 118.2080 0007227 276.1294  83.9005 14.14423804 33494
1 28353U 04021B   24168.31523601  .00000320  00000-0  19170-3 0    10\
2 28353  71.0010 117.3178 0007240 275.7360  84.2936 14.14424109 33551
1 28353U 04021B   24168.95172687  .00000287  00000-0  17441-3 0    15\
2 28353  71.0011 115.9825 0007258 275.1131  84.9163 14.14424530 33641
1 28353U 04021B   24169.94182352  .00000223  00000-0  14130-3 0    17\
2 28353  71.0013 113.9054 0007289 274.1641  85.8648 14.14425006 33786
1 28353U 04021B   24170.29542940  .00000205  00000-0  13194-3 0  5104\
2 28353  71.0013 113.1636 0007290 273.7661  86.2628 14.14425160 33833
1 28353U 04021B   24170.57831401  .00000186  00000-0  12216-3 0    15\
2 28353  71.0014 112.5701 0007302 273.5322  86.4965 14.14425282 33871
1 28353U 04021B   24170.86119864  .00000173  00000-0  11533-3 0    16\
2 28353  71.0014 111.9768 0007310 273.2989  86.7297 14.14425426 33918
1 28353U 04021B   24171.56841012  .00000135  00000-0  95068-4 0    15\
2 28353  71.0015 110.4932 0007340 272.6895  87.3388 14.14425670 34019
1 28353U 04021B   24171.85129466  .00000116  00000-0  85641-4 0  5110\
2 28353  71.0015 109.8997 0007346 272.3801  87.6480 14.14425758 34059
1 28353U 04021B   24171.92201578  .00000113  00000-0  83743-4 0    15\
2 28353  71.0016 109.7514 0007350 272.3079  87.7202 14.14425782 34067
1 28353U 04021B   24172.27562145  .00000108  00000-0  81478-4 0    11\
2 28353  71.0016 109.0096 0007366 272.0006  88.0273 14.14425937 34119
1 28353U 04021B   24172.98283262  .00000085  00000-0  69376-4 0  5123\
2 28353  71.0017 107.5259 0007389 271.3034  88.7242 14.14426198 34216
1 28353U 04021B   24172.84139042  .00000090  00000-0  71987-4 0    14\
2 28353  71.0017 107.8227 0007376 271.4630  88.5647 14.14426160 34196
1 28353U 04021B   24173.26571711  .00000083  00000-0  68223-4 0    15\
2 28353  71.0017 106.9325 0007401 271.0437  88.9837 14.14426294 34255
1 28353U 04021B   24173.90220711  .00000066  00000-0  59078-4 0    16\
2 28353  71.0017 105.5972 0007418 270.4336  89.5936 14.14426489 34340
1 28353U 04021B   24174.18509159  .00000055  00000-0  53389-4 0  5138\
2 28353  71.0018 105.0038 0007437 270.2102  89.8168 14.14426500 34387
1 28353U 04021B   24174.25581270  .00000051  00000-0  51522-4 0    15\
2 28353  71.0018 104.8554 0007439 270.1171  89.9098 14.14426507 34395
1 28353U 04021B   24174.89230261  .00000037  00000-0  43956-4 0    12\
2 28353  71.0018 103.5201 0007451 269.4520  90.5748 14.14426660 34483
1 28353U 04021B   24175.24590818  .00000027  00000-0  38883-4 0  5140\
2 28353  71.0019 102.7784 0007463 269.1267  90.9000 14.14426679 34530
1 28353U 04021B   24175.24590818  .00000027  00000-0  38883-4 0    11\
2 28353  71.0019 102.7784 0007463 269.1267  90.9000 14.14426679 34530
1 28353U 04021B   24175.95311910  .00000007  00000-0  28592-4 0    17\
2 28353  71.0019 101.2948 0007483 268.4273  91.5993 14.14426785 34634
1 28353U 04021B   24176.23600350  .00000006  00000-0  28123-4 0    17\
2 28353  71.0019 100.7013 0007490 268.1538  91.8727 14.14426829 34671
1 28353U 04021B   24176.87249333 -.00000012  00000-0  18349-4 0  5154\
2 28353  71.0020  99.3661 0007501 267.5359  92.4905 14.14426885 34769
1 28353U 04021B   24176.94321442 -.00000013  00000-0  17824-4 0    12\
2 28353  71.0020  99.2177 0007505 267.4596  92.5667 14.14426886 34774
1 28353U 04021B   24177.22609879 -.00000013  00000-0  18115-4 0    11\
2 28353  71.0020  98.6243 0007512 267.1634  92.8629 14.14426925 34819
1 28353U 04021B   24177.93330963 -.00000029  00000-0  99050-5 0    19\
2 28353  71.0020  97.1408 0007526 266.4697  93.5565 14.14426992 34914
1 28353U 04021B   24178.21619403 -.00000029  00000-0  98496-5 0  5164\
2 28353  71.0021  96.5473 0007533 266.1997  93.8264 14.14427010 34953
1 28353U 04021B   24178.21619403 -.00000029  00000-0  98496-5 0    13\
2 28353  71.0021  96.5473 0007533 266.1997  93.8264 14.14427010 34953
1 28353U 04021B   24179.48917362 -.00000047  00000-0  40027-6 0  5178\
2 28353  71.0022  93.8771 0007549 265.0545  94.9716 14.14427091 35133
1 28353U 04021B   24179.91350012 -.00000063  00000-0 -80059-5 0    14\
2 28353  71.0022  92.9870 0007552 264.5687  95.4574 14.14427066 35194
1 28353U 04021B   24180.47926877 -.00000051  00000-0 -19544-5 0    13\
2 28353  71.0022  91.8001 0007551 263.9864  96.0398 14.14427188 35272
1 28353U 04021B   24180.90359533 -.00000077  00000-0 -15560-4 0  5184\
2 28353  71.0022  90.9100 0007545 263.5047  96.5216 14.14427088 35334
1 28353U 04021B   24181.46936408 -.00000079  00000-0 -16275-4 0    11\
2 28353  71.0021  89.7231 0007540 262.9588  97.0677 14.14427104 35417
1 28353U 04021B   24181.96441177 -.00000101  00000-0 -27816-4 0    19\
2 28353  71.0021  88.6846 0007533 262.3749  97.6517 14.14426996 35486
1 28353U 04021B   24182.17657507 -.00000111  00000-0 -33032-4 0  5191\
2 28353  71.0021  88.2396 0007529 262.1635  97.8633 14.14426944 35517
1 28353U 04021B   24182.45945944 -.00000121  00000-0 -38248-4 0    18\
2 28353  71.0021  87.6461 0007526 261.8745  98.1523 14.14426902 35558
1 28353U 04021B   24182.88378604 -.00000135  00000-0 -45615-4 0    19\
2 28353  71.0020  86.7560 0007517 261.3402  98.6869 14.14426834 35611
1 28353U 04021B   24183.44955497 -.00000154  00000-0 -55376-4 0  5205\
2 28353  71.0020  85.5691 0007507 260.7507  99.2766 14.14426684 35695
1 28353U 04021B   24183.44955497 -.00000154  00000-0 -55376-4 0    19\
2 28353  71.0020  85.5691 0007507 260.7507  99.2766 14.14426684 35695
1 28353U 04021B   24183.94460273 -.00000167  00000-0 -62542-4 0    14\
2 28353  71.0020  84.5306 0007507 260.1700  99.8575 14.14426571 35763
1 28353U 04021B   24184.43965065 -.00000182  00000-0 -70128-4 0    14\
2 28353  71.0019  83.4920 0007500 259.6984 100.3293 14.14426415 35831
1 28353U 04021B   24184.86397739 -.00000194  00000-0 -76273-4 0  5215\
2 28353  71.0018  82.6019 0007500 259.2140 100.8138 14.14426301 35893
1 28353U 04021B   24184.93469853 -.00000194  00000-0 -76155-4 0    12\
2 28353  71.0018  82.4535 0007501 259.1440 100.8838 14.14426276 35907
1 28353U 04021B   24185.92479452 -.00000216  00000-0 -87626-4 0    18\
2 28353  71.0017  80.3764 0007487 258.0559 101.9724 14.14425952 36041
1 28353U 04021B   24186.13695801 -.00000215  00000-0 -87327-4 0  5225\
2 28353  71.0016  79.9313 0007477 257.8251 102.2034 14.14425897 36078
1 28353U 04021B   24186.41984264 -.00000223  00000-0 -91500-4 0    19\
2 28353  71.0016  79.3378 0007468 257.5504 102.4783 14.14425795 36116
1 28353U 04021B   24186.91489076 -.00000223  00000-0 -91584-4 0    17\
2 28353  71.0015  78.2993 0007460 256.9299 103.0991 14.14425662 36180
1 28353U 04021B   24187.40993901 -.00000225  00000-0 -92467-4 0  5231\
2 28353  71.0014  77.2607 0007442 256.4111 103.6183 14.14425504 36250
1 28353U 04021B   24187.40993901 -.00000225  00000-0 -92467-4 0    12\
2 28353  71.0014  77.2607 0007442 256.4111 103.6183 14.14425504 36250
1 28353U 04021B   24187.90498726 -.00000219  00000-0 -89579-4 0    15\
2 28353  71.0014  76.2221 0007433 255.7774 104.2522 14.14425383 36325
1 28353U 04021B   24188.11715087 -.00000219  00000-0 -89399-4 0    11\
2 28353  71.0014  75.7770 0007424 255.5390 104.4908 14.14425306 36358
1 28353U 04021B   24188.82436282 -.00000232  00000-0 -96041-4 0  5243\
2 28353  71.0012  74.2933 0007404 254.7134 105.3170 14.14425026 36457
1 28353U 04021B   24188.89508404 -.00000231  00000-0 -95524-4 0    10\
2 28353  71.0012  74.1449 0007403 254.6313 105.3992 14.14424995 36462
1 28353U 04021B   24189.39013259 -.00000236  00000-0 -98233-4 0    10\
2 28353  71.0011  73.1062 0007385 254.1179 105.9129 14.14424780 36533
1 28353U 04021B   24189.88518114 -.00000228  00000-0 -94126-4 0  5253\
2 28353  71.0010  72.0677 0007373 253.4963 106.5349 14.14424645 36601
1 28353U 04021B   24190.38022979 -.00000234  00000-0 -97147-4 0    11\
2 28353  71.0010  71.0291 0007348 252.8896 107.1422 14.14424441 36672
1 28353U 04021B   24190.94599976 -.00000229  00000-0 -94495-4 0    16\
2 28353  71.0009  69.8421 0007329 252.1826 107.8497 14.14424247 36757
1 28353U 04021B   24191.08744228 -.00000227  00000-0 -93674-4 0  5262\
2 28353  71.0009  69.5454 0007321 252.0180 108.0145 14.14424201 36779
1 28353U 04021B   24191.37032731 -.00000232  00000-0 -96247-4 0    16\
2 28353  71.0008  68.9518 0007303 251.6901 108.3427 14.14424079 36812
1 28353U 04021B   24191.93609742 -.00000226  00000-0 -93156-4 0    19\
2 28353  71.0008  67.7649 0007289 250.9899 109.0434 14.14423885 36893
1 28353U 04021B   24192.36042507 -.00000222  00000-0 -90836-4 0  5278\
2 28353  71.0007  66.8747 0007266 250.4391 109.5947 14.14423755 36955
1 28353U 04021B   24192.36042507 -.00000222  00000-0 -90836-4 0    15\
2 28353  71.0007  66.8747 0007266 250.4391 109.5947 14.14423755 36955
1 28353U 04021B   24192.92619536 -.00000219  00000-0 -89354-4 0    18\
2 28353  71.0007  65.6877 0007243 249.6959 110.3385 14.14423546 37035
1 28353U 04021B   24193.06763792 -.00000214  00000-0 -86706-4 0    11\
2 28353  71.0007  65.3910 0007235 249.4972 110.5373 14.14423524 37051
1 28353U 04021B   24193.63340834 -.00000208  00000-0 -83950-4 0  5287\
2 28353  71.0006  64.2040 0007202 248.6528 111.3826 14.14423353 37135
1 28353U 04021B   24193.91629356 -.00000199  00000-0 -78909-4 0    10\
2 28353  71.0006  63.6105 0007190 248.2320 111.8037 14.14423278 37171
1 28353U 04021B   24194.62350662 -.00000172  00000-0 -64995-4 0    11\
2 28353  71.0005  62.1268 0007156 247.2869 112.7497 14.14423196 37273
1 28353U 04021B   24194.90639190 -.00000167  00000-0 -62553-4 0  5295\
2 28353  71.0005  61.5333 0007146 246.8689 113.1681 14.14423102 37315
1 28353U 04021B   24194.90639190 -.00000167  00000-0 -62553-4 0    10\
2 28353  71.0005  61.5333 0007146 246.8689 113.1681 14.14423102 37315
1 28353U 04021B   24195.61360516 -.00000143  00000-0 -49548-4 0    15\
2 28353  71.0004  60.0495 0007115 245.9492 114.0886 14.14422996 37413
1 28353U 04021B   24195.89649053 -.00000127  00000-0 -41434-4 0    19\
2 28353  71.0005  59.4560 0007097 245.6170 114.4212 14.14422960 37450
1 28353U 04021B   24196.03793324 -.00000124  00000-0 -39647-4 0  5304\
2 28353  71.0005  59.1592 0007092 245.4629 114.5754 14.14422919 37472
1 28353U 04021B   24196.60370396 -.00000111  00000-0 -32981-4 0    10\
2 28353  71.0004  57.9722 0007068 244.7714 115.2676 14.14422812 37554
1 28353U 04021B   24196.88658933 -.00000099  00000-0 -26793-4 0    15\
2 28353  71.0004  57.3787 0007058 244.4096 115.6297 14.14422772 37590
1 28353U 04021B   24197.31091743 -.00000076  00000-0 -14808-4 0  5311\
2 28353  71.0004  56.4884 0007027 243.7639 116.2762 14.14422778 37656
1 28353U 04021B   24197.59380284 -.00000067  00000-0 -10099-4 0    12\
2 28353  71.0003  55.8949 0007015 243.2779 116.7626 14.14422759 37694
1 28353U 04021B   24197.87668823 -.00000069  00000-0 -11006-4 0    12\
2 28353  71.0004  55.3014 0007006 242.9545 117.0862 14.14422658 37739
1 28353U 04021B   24198.58390162 -.00000027  00000-0  10560-4 0    16\
2 28353  71.0003  53.8175 0006970 242.1150 117.9267 14.14422772 37838
1 28353U 04021B   24198.86678700 -.00000011  00000-0  18983-4 0  5323\
2 28353  71.0003  53.2240 0006960 241.7450 118.2970 14.14422793 37874
1 28353U 04021B   24198.93750834 -.00000006  00000-0  21770-4 0    13\
2 28353  71.0003  53.0756 0006954 241.6361 118.4061 14.14422810 37881
1 28353U 04021B   24199.57400040  .00000063  00000-0  57581-4 0    16\
2 28353  71.0002  51.7401 0006922 240.8051 119.2380 14.14423123 37975
1 28353U 04021B   24199.92760708  .00000078  00000-0  65326-4 0    17\
2 28353  71.0002  50.9982 0006908 240.3485 119.6949 14.14423155 38027
1 28353U 04021B   24199.99832843  .00000080  00000-0  66712-4 0  5337\
2 28353  71.0002  50.8498 0006904 240.2640 119.7796 14.14423166 38030
1 28353U 04021B   24200.56409907  .00000111  00000-0  82952-4 0    13\
2 28353  71.0002  49.6627 0006877 239.5542 120.4901 14.14423340 38111
1 28353U 04021B   24200.91770569  .00000134  00000-0  94806-4 0    13\
2 28353  71.0002  48.9208 0006864 239.1179 120.9269 14.14423453 38168
1 28353U 04021B   24201.62491886  .00000124  00000-0  89652-4 0    16\
2 28353  71.0001  47.4369 0006829 238.2073 121.8384 14.14423489 38261
1 28353U 04021B   24201.83708279  .00000138  00000-0  97004-4 0  5342\
2 28353  71.0002  46.9918 0006822 238.0831 121.9628 14.14423566 38290
1 28353U 04021B   24201.90780409  .00000141  00000-0  98547-4 0    11\
2 28353  71.0002  46.8434 0006820 237.9901 122.0559 14.14423592 38302
1 28353U 04021B   24202.61501698  .00000178  00000-0  11798-3 0    13\
2 28353  71.0002  45.3596 0006790 237.0796 122.9674 14.14423969 38400
1 28353U 04021B   24202.89790216  .00000192  00000-0  12496-3 0  5353\
2 28353  71.0002  44.7660 0006778 236.7638 123.2835 14.14424074 38447
1 28353U 04021B   24203.60511482  .00000220  00000-0  13960-3 0    16\
2 28353  71.0003  43.2822 0006743 235.8757 124.1726 14.14424469 38544
1 28353U 04021B   24203.88799985  .00000241  00000-0  15049-3 0    15\
2 28353  71.0004  42.6886 0006738 235.6511 124.3974 14.14424637 38586
1 28353U 04021B   24204.02944234  .00000249  00000-0  15468-3 0  5367\
2 28353  71.0004  42.3919 0006733 235.3787 124.6701 14.14424743 38609
1 28353U 04021B   24204.02944234  .00000249  00000-0  15468-3 0    14\
2 28353  71.0004  42.3919 0006733 235.3787 124.6701 14.14424743 38609
1 28353U 04021B   24204.94881833  .00000282  00000-0  17223-3 0    18\
2 28353  71.0005  40.4629 0006694 234.1969 125.8532 14.14425321 38734
1 28353U 04021B   24205.51458804  .00000300  00000-0  18140-3 0  5374\
2 28353  71.0005  39.2758 0006681 233.2042 126.8468 14.14425702 38812
1 28353U 04021B   24205.51458804  .00000300  00000-0  18140-3 0    10\
2 28353  71.0005  39.2758 0006681 233.2042 126.8468 14.14425702 38812
1 28353U 04021B   24205.93891519  .00000315  00000-0  18923-3 0    15\
2 28353  71.0006  38.3855 0006672 232.6433 127.4082 14.14425989 38870
1 28353U 04021B   24206.50468466  .00000313  00000-0  18841-3 0    17\
2 28353  71.0006  37.1984 0006655 231.8266 128.2257 14.14426289 38952
1 28353U 04021B   24206.92901165  .00000322  00000-0  19278-3 0    16\
2 28353  71.0007  36.3082 0006649 231.2873 128.7655 14.14426549 39018
1 28353U 04021B   24206.92901165  .00000322  00000-0  19278-3 0  5381\
2 28353  71.0007  36.3082 0006649 231.2873 128.7655 14.14426549 39018
1 28353U 04021B   24207.91910759  .00000314  00000-0  18865-3 0    17\
2 28353  71.0008  34.2308 0006619 230.0735 129.9806 14.14427088 39153
1 28353U 04021B   24207.98982870  .00000316  00000-0  18989-3 0  5392\
2 28353  71.0008  34.0824 0006616 229.9888 130.0654 14.14427153 39165
1 28353U 04021B   24208.55559772  .00000323  00000-0  19367-3 0    10\
2 28353  71.0009  32.8950 0006525 229.9392 130.1158 14.14427528 39246
1 28353U 04021B   24208.90920323  .00000334  00000-0  19905-3 0    13\
2 28353  71.0010  32.1530 0006507 229.5606 130.4950 14.14427776 39292
1 28353U 04021B   24209.47497183  .00000339  00000-0  20170-3 0  5408\
2 28353  71.0010  30.9659 0006484 228.9328 131.1235 14.14428196 39378
1 28353U 04021B   24209.26280862  .00000338  00000-0  20108-3 0    11\
2 28353  71.0010  31.4110 0006491 229.2037 130.8523 14.14428035 39340
1 28353U 04021B   24209.89929814  .00000354  00000-0  20951-3 0    11\
2 28353  71.0010  30.0756 0006468 228.5138 131.5430 14.14428554 39430
1 28353U 04021B   24210.53578743  .00000359  00000-0  21245-3 0  5416\
2 28353  71.0012  28.7401 0006443 227.8245 132.2331 14.14429061 39529
1 28353U 04021B   24210.88939258  .00000373  00000-0  21976-3 0    14\
2 28353  71.0012  27.9981 0006421 227.4231 132.6350 14.14429356 39577
1 28353U 04021B   24211.52588148  .00000377  00000-0  22182-3 0    18\
2 28353  71.0013  26.6627 0006399 226.7636 133.2952 14.14429888 39661
1 28353U 04021B   24211.87948635  .00000383  00000-0  22494-3 0  5420\
2 28353  71.0011  25.9207 0006382 226.4335 133.6258 14.14430163 39717
1 28353U 04021B   24211.87948635  .00000383  00000-0  22494-3 0    10\
2 28353  71.0011  25.9207 0006382 226.4335 133.6258 14.14430163 39717
1 28353U 04021B   24212.44525384  .00000393  00000-0  22986-3 0    13\
2 28353  71.0012  24.7336 0006366 225.8363 134.2237 14.14430708 39791
1 28353U 04021B   24212.94030029  .00000396  00000-0  23171-3 0    15\
2 28353  71.0013  23.6950 0006346 225.4866 134.5739 14.14431134 39866
1 28353U 04021B   24212.94030029  .00000396  00000-0  23171-3 0  5436\
2 28353  71.0013  23.6950 0006346 225.4866 134.5739 14.14431134 39866
1 28353U 04021B   24213.57678835  .00000371  00000-0  21863-3 0    17\
2 28353  71.0015  22.3595 0006330 224.8062 135.2549 14.14431564 39957
1 28353U 04021B   24213.93039274  .00000376  00000-0  22082-3 0    14\
2 28353  71.0016  21.6176 0006325 224.4728 135.5887 14.14431872 40002
1 28353U 04021B   24214.21327612  .00000379  00000-0  22248-3 0  5441\
2 28353  71.0016  21.0241 0006308 224.2485 135.8133 14.14432161 40041
1 28353U 04021B   24214.56688041  .00000356  00000-0  21048-3 0    15\
2 28353  71.0017  20.2821 0006305 223.8236 136.2387 14.14432346 40099
1 28353U 04021B   24214.92048450  .00000356  00000-0  21065-3 0    18\
2 28353  71.0018  19.5403 0006287 223.5979 136.4648 14.14432668 40142
1 28353U 04021B   24215.55697173  .00000353  00000-0  20917-3 0  5455\
2 28353  71.0019  18.2047 0006275 222.8310 137.2324 14.14433239 40236
1 28353U 04021B   24215.62769252  .00000352  00000-0  20850-3 0    13\
2 28353  71.0019  18.0563 0006275 222.7769 137.2865 14.14433288 40249
1 28353U 04021B   24215.91057567  .00000336  00000-0  20020-3 0    15\
2 28353  71.0020  17.4628 0006267 222.5296 137.5342 14.14433451 40289
1 28353U 04021B   24216.61778330  .00000313  00000-0  18831-3 0    13\
2 28353  71.0022  15.9791 0006244 221.9183 138.1461 14.14433977 40381
1 28353U 04021B   24216.82994552  .00000313  00000-0  18801-3 0  5463\
2 28353  71.0022  15.5340 0006235 221.8160 138.2486 14.14434160 40418
1 28353U 04021B   24216.90066626  .00000311  00000-0  18726-3 0    14\
2 28353  71.0023  15.3856 0006231 221.7493 138.3154 14.14434217 40420
1 28353U 04021B   24217.60787351  .00000296  00000-0  17922-3 0    16\
2 28353  71.0024  13.9020 0006198 221.2429 138.8226 14.14434768 40521
1 28353U 04021B   24217.89075603  .00000346  00000-0  20521-3 0  5477\
2 28353  71.0024  13.3085 0006182 221.0102 139.0556 14.14435365 40562
1 28353U 04021B   24218.88084583  .00000257  00000-0  15871-3 0    12\
2 28353  71.0027  11.2314 0006142 220.1830 139.8839 14.14435652 40708
1 28353U 04021B   24219.16372846  .00000249  00000-0  15482-3 0  5481\
2 28353  71.0027  10.6378 0006130 219.9517 140.1155 14.14435848 40743
1 28353U 04021B   24219.58805234  .00000226  00000-0  14295-3 0    19\
2 28353  71.0028   9.7476 0006119 219.5844 140.4832 14.14436069 40806
1 28353U 04021B   24219.87093492  .00000215  00000-0  13727-3 0    13\
2 28353  71.0029   9.1541 0006119 219.3563 140.7115 14.14436207 40845
1 28353U 04021B   24220.50742056  .00000207  00000-0  13295-3 0  5490\
2 28353  71.0031   7.8190 0006082 218.9828 141.0857 14.14436650 40930
1 28353U 04021B   24220.50742056  .00000207  00000-0  13295-3 0    13\
2 28353  71.0031   7.8190 0006082 218.9828 141.0857 14.14436650 40930
1 28353U 04021B   24220.86102361  .00000198  00000-0  12828-3 0    11\
2 28353  71.0031   7.0772 0006072 218.7164 141.3524 14.14436838 40985
1 28353U 04021B   24221.56822957  .00000213  00000-0  13621-3 0    19\
2 28353  71.0032   5.5935 0006050 218.1192 141.9503 14.14437406 41088
1 28353U 04021B   24221.85111192  .00000206  00000-0  13250-3 0  5502\
2 28353  71.0033   5.0001 0006033 217.9229 142.1469 14.14437547 41122
1 28353U 04021B   24221.85111192  .00000206  00000-0  13250-3 0    13\
2 28353  71.0033   5.0001 0006033 217.9229 142.1469 14.14437547 41122
1 28353U 04021B   24222.55831762  .00000202  00000-0  13009-3 0    11\
2 28353  71.0034   3.5164 0006015 217.2515 142.8191 14.14437966 41222
1 28353U 04021B   24222.84119978  .00000231  00000-0  14548-3 0    12\
2 28353  71.0035   2.9230 0006005 217.1342 142.9366 14.14438305 41263
1 28353U 04021B   24223.54840512  .00000186  00000-0  12211-3 0  5519\
2 28353  71.0036   1.4394 0005986 216.5491 143.5223 14.14438524 41367
1 28353U 04021B   24223.61912567  .00000184  00000-0  12079-3 0    17\
2 28353  71.0037   1.2910 0005986 216.5015 143.5700 14.14438537 41377
1 28353U 04021B   24223.83128718  .00000202  00000-0  13047-3 0    15\
2 28353  71.0037   0.8459 0005978 216.3187 143.7530 14.14438779 41404
1 28353U 04021B   24224.82137403  .00000275  00000-0  16831-3 0  5521\
2 28353  71.0039 358.7689 0005930 215.4991 144.5737 14.14439828 41546
1 28353U 04021B   24224.82137403  .00000275  00000-0  16831-3 0    10\
2 28353  71.0039 358.7689 0005930 215.4991 144.5737 14.14439828 41546
1 28353U 04021B   24225.38713788  .00000194  00000-0  12587-3 0    12\
2 28353  71.0039 357.5821 0005899 214.9702 145.1034 14.14439762 41622
1 28353U 04021B   24225.67001924  .00000288  00000-0  17536-3 0    19\
2 28353  71.0040 356.9887 0005888 214.7477 145.3262 14.14440576 41668
1 28353U 04021B   24226.09434131  .00000364  00000-0  21488-3 0  5534\
2 28353  71.0041 356.0985 0005864 214.4099 145.6644 14.14441451 41727
1 28353U 04021B   24226.44794425  .00000143  00000-0  99200-4 0    19\
2 28353  71.0041 355.3568 0005853 214.0421 146.0326 14.14440283 41778
1 28353U 04021B   24226.87226657  .00000196  00000-0  12703-3 0    13\
2 28353  71.0041 354.4666 0005827 213.6787 146.3966 14.14440899 41831
1 28353U 04021B   24227.22586845  .00000196  00000-0  12703-3 0  5544\
2 28353  71.0041 353.7249 0005809 213.3393 146.7364 14.14441185 41880
1 28353U 04021B   24227.57947053  .00000144  00000-0  10009-3 0    11\
2 28353  71.0042 352.9832 0005796 212.9920 147.0841 14.14441108 41931
1 28353U 04021B   24227.79163174  .00000146  00000-0  10079-3 0    18\
2 28353  71.0041 352.5381 0005787 212.8003 147.2761 14.14441235 41963
1 28353U 04021B   24228.64027620  .00000102  00000-0  78295-4 0    15\
2 28353  71.0042 350.7579 0005750 211.9698 148.1076 14.14441557 42083
1 28353U 04021B   24228.78171694  .00000101  00000-0  77439-4 0  5553\
2 28353  71.0041 350.4611 0005741 211.8193 148.2583 14.14441634 42108
1 28353U 04021B   24228.78171694  .00000101  00000-0  77439-4 0    19\
2 28353  71.0041 350.4611 0005741 211.8193 148.2583 14.14441634 42108
1 28353U 04021B   24229.41820012  .00000091  00000-0  72181-4 0    12\
2 28353  71.0041 349.1260 0005710 211.1791 148.8994 14.14441979 42199
1 28353U 04021B   24229.77180185  .00000091  00000-0  72573-4 0    16\
2 28353  71.0041 348.3842 0005694 210.8453 149.2336 14.14442164 42246
1 28353U 04021B   24229.91324262  .00000094  00000-0  73769-4 0  5564\
2 28353  71.0041 348.0875 0005680 210.6991 149.3800 14.14442234 42266
1 28353U 04021B   24230.33756478  .00000065  00000-0  58860-4 0    18\
2 28353  71.0040 347.1974 0005652 210.1118 149.9680 14.14442273 42322
1 28353U 04021B   24230.69116642  .00000037  00000-0  43956-4 0    19\
2 28353  71.0040 346.4556 0005638 209.7751 150.3051 14.14442278 42379
1 28353U 04021B   24231.53981039 -.00000000  00000-0  24813-4 0  5571\
2 28353  71.0038 344.6753 0005612 208.9151 151.1661 14.14442405 42493
1 28353U 04021B   24231.75197138 -.00000007  00000-0  21369-4 0    18\
2 28353  71.0038 344.2302 0005616 208.8241 151.2572 14.14442422 42527
1 28353U 04021B   24232.38845438 -.00000035  00000-0  64799-5 0    17\
2 28353  71.0037 342.8950 0005595 208.1552 151.9269 14.14442446 42619
1 28353U 04021B   24233.23709837 -.00000034  00000-0  71785-5 0  5583\
2 28353  71.0037 341.1148 0005539 207.1194 152.9640 14.14442618 42737
1 28353U 04021B   24233.59070007 -.00000042  00000-0  27263-5 0    16\
2 28353  71.0036 340.3729 0005518 206.6108 153.4731 14.14442603 42784
1 28353U 04021B   24234.51006449 -.00000043  00000-0  22146-5 0  5592\
2 28353  71.0035 338.4442 0005458 205.2283 154.8574 14.14442695 42911
1 28353U 04021B   24234.58078483 -.00000043  00000-0  23330-5 0    14\
2 28353  71.0035 338.2959 0005454 205.1375 154.9483 14.14442694 42929
1 28353U 04021B   24234.72222553 -.00000048  00000-0  51496-7 0    10\
2 28353  71.0035 337.9991 0005440 205.0097 155.0763 14.14442679 42944
1 28353U 04021B   24235.57086962 -.00000081  00000-0 -17460-4 0    14\
2 28353  71.0033 336.2188 0005399 203.8168 156.2705 14.14442533 43062
1 28353U 04021B   24235.71231028 -.00000083  00000-0 -18228-4 0  5600\
2 28353  71.0033 335.9221 0005394 203.6520 156.4355 14.14442537 43080
1 28353U 04021B   24235.71231028 -.00000083  00000-0 -18228-4 0    10\
2 28353  71.0033 335.9221 0005394 203.6520 156.4355 14.14442537 43080
1 28353U 04021B   24236.56095448 -.00000122  00000-0 -38609-4 0    17\
2 28353  71.0033 334.1419 0005345 202.4070 157.6820 14.14442317 43203
1 28353U 04021B   24236.98527660 -.00000135  00000-0 -45585-4 0  5615\
2 28353  71.0032 333.2517 0005315 201.8592 158.2305 14.14442234 43269
1 28353U 04021B   24237.62175985 -.00000143  00000-0 -49634-4 0    13\
2 28353  71.0031 331.9165 0005285 200.8845 159.2062 14.14442130 43354
1 28353U 04021B   24237.69248022 -.00000144  00000-0 -50319-4 0    16\
2 28353  71.0031 331.7682 0005280 200.7696 159.3213 14.14442119 43361
1 28353U 04021B   24238.18752282 -.00000157  00000-0 -56882-4 0  5626\
2 28353  71.0030 330.7297 0005255 199.9910 160.1007 14.14441995 43431
1 28353U 04021B   24238.61184510 -.00000166  00000-0 -61743-4 0    17\
2 28353  71.0029 329.8396 0005233 199.2853 160.8073 14.14441868 43498
1 28353U 04021B   24238.68256548 -.00000166  00000-0 -61754-4 0    17\
2 28353  71.0029 329.6912 0005228 199.1714 160.9213 14.14441858 43507
1 28353U 04021B   24239.53121011 -.00000166  00000-0 -61960-4 0  5630\
2 28353  71.0028 327.9110 0005185 197.7145 162.3797 14.14441697 43628
1 28353U 04021B   24239.53121011 -.00000166  00000-0 -61960-4 0    17\
2 28353  71.0028 327.9110 0005185 197.7145 162.3797 14.14441697 43628
1 28353U 04021B   24240.52129565 -.00000157  00000-0 -57221-4 0    15\
2 28353  71.0025 325.8339 0005131 196.0614 164.0346 14.14441543 43763
1 28353U 04021B   24240.94561806 -.00000150  00000-0 -53364-4 0    16\
2 28353  71.0024 324.9438 0005103 195.3352 164.7617 14.14441497 43825
1 28353U 04021B   24240.94561806 -.00000150  00000-0 -53364-4 0  5640\
2 28353  71.0024 324.9438 0005103 195.3352 164.7617 14.14441497 43825
1 28353U 04021B   24241.51138128 -.00000117  00000-0 -36171-4 0    17\
2 28353  71.0023 323.7570 0005085 194.3581 165.7398 14.14441551 43907
1 28353U 04021B   24241.93570383 -.00000121  00000-0 -38176-4 0    18\
2 28353  71.0022 322.8668 0005057 193.6091 166.4896 14.14441416 43968
1 28353U 04021B   24242.50146718 -.00000090  00000-0 -22004-4 0    11\
2 28353  71.0021 321.6799 0005040 192.6002 167.4995 14.14441435 44044
1 28353U 04021B   24243.49155317 -.00000078  00000-0 -15707-4 0    13\
2 28353  71.0019 319.6028 0004989 190.8775 169.2241 14.14441263 44189
1 28353U 04021B   24243.91587571 -.00000056  00000-0 -42606-5 0    16\
2 28353  71.0018 318.7126 0004960 190.1693 169.9329 14.14441303 44244
1 28353U 04021B   24244.41091820  .00000019  00000-0  34744-4 0    19\
2 28353  71.0017 317.6740 0004944 189.3107 170.7925 14.14441765 44317
1 28353U 04021B   24244.90596160 -.00000024  00000-0  12421-4 0    15\
2 28353  71.0016 316.6355 0004914 188.3496 171.7545 14.14441333 44381
1 28353U 04021B   24245.18884328 -.00000007  00000-0  20949-4 0  5674\
2 28353  71.0015 316.0420 0004907 187.8323 172.2723 14.14441403 44429
1 28353U 04021B   24245.61316568  .00000029  00000-0  40119-4 0    15\
2 28353  71.0015 315.1520 0004900 187.4367 172.6684 14.14441563 44480
1 28353U 04021B   24245.89604733  .00000029  00000-0  40032-4 0    13\
2 28353  71.0014 314.5585 0004883 186.9264 173.1792 14.14441554 44524
1 28353U 04021B   24246.53253115  .00000073  00000-0  62786-4 0  5686\
2 28353  71.0013 313.2232 0004862 185.8218 174.2849 14.14441725 44617
1 28353U 04021B   24246.60325157  .00000076  00000-0  64269-4 0    13\
2 28353  71.0013 313.0749 0004860 185.7248 174.3820 14.14441737 44622
1 28353U 04021B   24246.88613310  .00000093  00000-0  73393-4 0    11\
2 28353  71.0012 312.4813 0004837 185.2024 174.9049 14.14441868 44665
1 28353U 04021B   24247.59333715  .00000136  00000-0  95588-4 0    16\
2 28353  71.0010 310.9976 0004812 183.9646 176.1439 14.14442108 44760
1 28353U 04021B   24247.59333715  .00000136  00000-0  95588-4 0  5695\
2 28353  71.0010 310.9976 0004812 183.9646 176.1439 14.14442108 44760
1 28353U 04021B   24248.58342247  .00000188  00000-0  12311-3 0    15\
2 28353  71.0008 308.9204 0004767 182.1578 177.9525 14.14442540 44903
1 28353U 04021B   24249.14918547  .00000178  00000-0  11748-3 0  5703\
2 28353  71.0006 307.7334 0004740 181.1691 178.9421 14.14442595 44982
1 28353U 04021B   24249.57350766  .00000189  00000-0  12351-3 0    15\
2 28353  71.0005 306.8432 0004722 180.3536 179.7584 14.14442733 45040
1 28353U 04021B   24250.20999065  .00000209  00000-0  13414-3 0  5714\
2 28353  71.0004 305.5078 0004692 179.2261 180.8869 14.14443078 45131
1 28353U 04021B   24250.56359232  .00000231  00000-0  14552-3 0    16\
2 28353  71.0004 304.7659 0004672 178.6617 181.4518 14.14443281 45182
1 28353U 04021B   24251.48295632  .00000303  00000-0  18296-3 0  5723\
2 28353  71.0002 302.8370 0004629 176.8957 183.2195 14.14444023 45319
1 28353U 04021B   24251.55367661  .00000308  00000-0  18574-3 0    14\
2 28353  71.0002 302.6886 0004621 176.7436 183.3717 14.14444088 45325
1 28353U 04021B   24252.54376035  .00000325  00000-0  19454-3 0  5730\
2 28353  71.0000 300.6113 0004551 175.2131 184.9036 14.14444684 45460
1 28353U 04021B   24253.53384366  .00000381  00000-0  22377-3 0    12\
2 28353  70.9998 298.5340 0004487 173.5263 186.5918 14.14445537 45607
1 28353U 04021B   24254.17032543  .00000397  00000-0  23216-3 0  5745\
2 28353  70.9997 297.1986 0004452 172.3570 187.7621 14.14446068 45690
1 28353U 04021B   24254.52392632  .00000412  00000-0  23967-3 0    18\
2 28353  70.9996 296.4565 0004434 171.7541 188.3655 14.14446355 45744
1 28353U 04021B   24255.51400851  .00000442  00000-0  25533-3 0  5751\
2 28353  70.9995 294.3792 0004369 169.9928 190.1282 14.14447195 45882
1 28353U 04021B   24255.51400851  .00000442  00000-0  25533-3 0    15\
2 28353  70.9995 294.3792 0004369 169.9928 190.1282 14.14447195 45882
1 28353U 04021B   24256.50408934  .00000589  00000-0  33227-3 0    16\
2 28353  70.9995 292.3018 0004309 168.2785 191.8438 14.14448939 46023
1 28353U 04021B   24257.14057015  .00000521  00000-0  29680-3 0  5768\
2 28353  70.9994 290.9662 0004272 167.1905 192.9326 14.14449049 46113
1 28353U 04021B   24258.48424972  .00000573  00000-0  32353-3 0  5775\
2 28353  70.9993 288.1467 0004201 164.8053 195.3197 14.14450684 46305
1 28353U 04021B   24258.48424972  .00000573  00000-0  32353-3 0    17\
2 28353  70.9993 288.1467 0004201 164.8053 195.3197 14.14450684 46305
1 28353U 04021B   24258.90856943  .00000550  00000-0  31185-3 0    18\
2 28353  70.9993 287.2562 0004193 164.0220 196.1035 14.14450981 46365
1 28353U 04021B   24259.82792802  .00000574  00000-0  32446-3 0  5789\
2 28353  70.9992 285.3270 0004138 162.3978 197.7288 14.14452128 46495
1 28353U 04021B   24259.82792802  .00000574  00000-0  32446-3 0    10\
2 28353  70.9992 285.3270 0004138 162.3978 197.7288 14.14452128 46495
1 28353U 04021B   24260.46440670  .00000554  00000-0  31392-3 0    12\
2 28353  70.9992 283.9915 0004090 161.3136 198.8137 14.14452727 46587
1 28353U 04021B   24261.17160392  .00000665  00000-0  37178-3 0  5792\
2 28353  70.9992 282.5076 0004035 160.1644 199.9636 14.14454421 46680
1 28353U 04021B   24261.52520259  .00000677  00000-0  37794-3 0    10\
2 28353  70.9992 281.7657 0004014 159.5435 200.5848 14.14454949 46738
1 28353U 04021B   24262.51527967  .00000478  00000-0  27434-3 0  5804\
2 28353  70.9992 279.6883 0003927 157.7655 202.3638 14.14454829 46870
1 28353U 04021B   24263.36391579  .00000478  00000-0  27422-3 0    11\
2 28353  70.9992 277.9076 0003858 156.4759 203.6541 14.14455821 46992
1 28353U 04021B   24263.43463544  .00000477  00000-0  27385-3 0    18\
2 28353  70.9991 277.7592 0003852 156.3352 203.7948 14.14455902 47009
1 28353U 04021B   24264.42471018  .00000448  00000-0  25857-3 0    13\
2 28353  70.9991 275.6817 0003757 154.6885 205.4422 14.14456869 47146
1 28353U 04021B   24265.20262557  .00000426  00000-0  24689-3 0  5828\
2 28353  70.9990 274.0494 0003689 153.3673 206.7639 14.14457607 47251
1 28353U 04021B   24265.48550381  .00000406  00000-0  23643-3 0    16\
2 28353  70.9990 273.4558 0003657 152.9006 207.2308 14.14457789 47299
1 28353U 04021B   24266.47557721  .00000366  00000-0  21551-3 0  5837\
2 28353  70.9990 271.3783 0003572 151.2215 208.9105 14.14458597 47433
1 28353U 04021B   24266.47557721  .00000366  00000-0  21551-3 0    12\
2 28353  70.9990 271.3783 0003572 151.2215 208.9105 14.14458597 47433
1 28353U 04021B   24266.75845522  .00000359  00000-0  21214-3 0    10\
2 28353  70.9990 270.7848 0003550 150.7016 209.4306 14.14458846 47477
1 28353U 04021B   24267.46564997  .00000386  00000-0  22604-3 0    17\
2 28353  70.9990 269.3008 0003500 149.6675 210.4650 14.14459666 47578
1 28353U 04021B   24267.74852779  .00000369  00000-0  21739-3 0  5841\
2 28353  70.9990 268.7072 0003477 149.1569 210.9758 14.14459849 47614
1 28353U 04021B   24267.74852779  .00000369  00000-0  21739-3 0    15\
2 28353  70.9990 268.7072 0003477 149.1569 210.9758 14.14459849 47614
1 28353U 04021B   24268.45572240  .00000341  00000-0  20249-3 0    11\
2 28353  70.9990 267.2233 0003421 147.9605 212.1725 14.14460256 47716
1 28353U 04021B   24268.73860005  .00000337  00000-0  20053-3 0    19\
2 28353  70.9991 266.6297 0003399 147.4407 212.6925 14.14460496 47756
1 28353U 04021B   24269.16291647  .00000327  00000-0  19565-3 0  5859\
2 28353  70.9991 265.7394 0003367 146.7050 213.4284 14.14460821 47811
1 28353U 04021B   24269.44579403  .00000329  00000-0  19665-3 0    15\
2 28353  70.9992 265.1458 0003344 146.2118 213.9218 14.14461067 47851
1 28353U 04021B   24269.72867156  .00000334  00000-0  19925-3 0    16\
2 28353  70.9992 264.5522 0003322 145.6876 214.4461 14.14461334 47893
1 28353U 04021B   24270.43586517  .00000327  00000-0  19551-3 0  5860\
2 28353  70.9993 263.0683 0003267 144.3867 215.7473 14.14461887 47991
1 28353U 04021B   24270.71874261  .00000311  00000-0  18692-3 0    17\
2 28353  70.9993 262.4747 0003243 143.8082 216.3261 14.14462014 48033
1 28353U 04021B   24271.42593592  .00000286  00000-0  17424-3 0    14\
2 28353  70.9994 260.9908 0003189 142.5780 217.5565 14.14462432 48131
1 28353U 04021B   24272.06240955  .00000270  00000-0  16588-3 0  5879\
2 28353  70.9994 259.6553 0003142 141.3952 218.7395 14.14462894 48225
1 28353U 04021B   24272.41600609  .00000262  00000-0  16144-3 0    14\
2 28353  70.9995 258.9134 0003115 140.7015 219.4333 14.14463073 48271
1 28353U 04021B   24272.69888312  .00000251  00000-0  15563-3 0    15\
2 28353  70.9995 258.3198 0003090 140.0819 220.0531 14.14463259 48311
1 28353U 04021B   24273.19391794  .00000240  00000-0  15026-3 0  5886\
2 28353  70.9996 257.2811 0003058 139.1658 220.9694 14.14463582 48381
1 28353U 04021B   24273.40607578  .00000230  00000-0  14456-3 0    15\
2 28353  70.9996 256.8360 0003033 138.6612 221.4740 14.14463659 48419
1 28353U 04021B   24273.90111037  .00000232  00000-0  14594-3 0    15\
2 28353  70.9996 255.7974 0002994 137.6248 222.5106 14.14464076 48486
1 28353U 04021B   24274.25470649  .00000236  00000-0  14798-3 0  5892\
2 28353  70.9997 255.0555 0002967 136.9028 223.2327 14.14464346 48532
1 28353U 04021B   24274.39614488  .00000239  00000-0  14926-3 0    13\
2 28353  70.9997 254.7586 0002961 136.6293 223.5063 14.14464470 48557
1 28353U 04021B   24275.38621379  .00000208  00000-0  13326-3 0  5902\
2 28353  70.9998 252.6813 0002894 134.5876 225.5483 14.14464961 48695
1 28353U 04021B   24275.38621379  .00000208  00000-0  13326-3 0    19\
2 28353  70.9998 252.6813 0002894 134.5876 225.5483 14.14464961 48695
1 28353U 04021B   24276.37628206  .00000334  00000-0  19924-3 0    15\
2 28353  70.9998 250.6039 0002818 132.5156 227.6205 14.14466306 48834
1 28353U 04021B   24276.65915865  .00000337  00000-0  20047-3 0  5911\
2 28353  70.9998 250.0103 0002799 131.8000 228.3362 14.14466508 48878
1 28353U 04021B   24276.65915865  .00000337  00000-0  20047-3 0    17\
2 28353  70.9998 250.0103 0002799 131.8000 228.3362 14.14466508 48878
1 28353U 04021B   24277.36635040  .00000350  00000-0  20743-3 0    18\
2 28353  70.9999 248.5266 0002746 130.2253 229.9110 14.14466898 48977
1 28353U 04021B   24277.64922680  .00000349  00000-0  20709-3 0    18\
2 28353  70.9999 247.9330 0002734 129.4602 230.6763 14.14467105 49018
1 28353U 04021B   24278.21497978  .00000306  00000-0  18436-3 0  5921\
2 28353  71.0000 246.7460 0002702 128.0288 232.1078 14.14467194 49096
1 28353U 04021B   24278.35641804  .00000301  00000-0  18175-3 0    15\
2 28353  71.0000 246.4492 0002685 127.4935 232.6432 14.14467239 49112
1 28353U 04021B   24278.92217059  .00000350  00000-0  20724-3 0    16\
2 28353  71.0000 245.2622 0002664 126.1800 233.9569 14.14467921 49199
1 28353U 04021B   24279.34648516  .00000342  00000-0  20320-3 0  5938\
2 28353  71.0001 244.3719 0002638 125.3265 234.8105 14.14468075 49258
1 28353U 04021B   24279.34648516  .00000342  00000-0  20320-3 0    12\
2 28353  71.0001 244.3719 0002638 125.3265 234.8105 14.14468075 49258
1 28353U 04021B   24279.62936151  .00000320  00000-0  19154-3 0    17\
2 28353  71.0001 243.7784 0002627 124.4253 235.7118 14.14468111 49297
1 28353U 04021B   24280.33655212  .00000239  00000-0  14939-3 0    18\
2 28353  71.0002 242.2946 0002590 122.7487 237.3885 14.14468075 49390
1 28353U 04021B   24280.83158540  .00000238  00000-0  14897-3 0  5944\
2 28353  71.0002 241.2560 0002568 121.3052 238.8322 14.14468376 49463
1 28353U 04021B   24280.83158540  .00000238  00000-0  14897-3 0    17\
2 28353  71.0002 241.2560 0002568 121.3052 238.8322 14.14468376 49463
1 28353U 04021B   24281.25589959  .00000243  00000-0  15159-3 0    14\
2 28353  71.0002 240.3656 0002556 120.2530 239.8846 14.14468627 49523
1 28353U 04021B   24281.89237101  .00000159  00000-0  10754-3 0  5953\
2 28353  71.0003 239.0303 0002560 117.9625 242.1757 14.14468502 49611
1 28353U 04021B   24282.31668278  .00000628  00000-0  35240-3 0    14\
2 28353  71.0003 238.1399 0002565 116.5104 243.6282 14.14471936 49678
1 28353U 04021B   24282.88243709  .00000096  00000-0  74751-4 0    14\
2 28353  71.0003 236.9528 0002594 115.1088 245.0303 14.14468704 49754
1 28353U 04021B   24283.16531302  .00000165  00000-0  11069-3 0  5963\
2 28353  71.0003 236.3593 0002604 113.9139 246.2257 14.14469211 49794
1 28353U 04021B   24283.30675097  .00000162  00000-0  10939-3 0    12\
2 28353  71.0003 236.0625 0002609 113.3602 246.7795 14.14469288 49810
1 28353U 04021B   24283.87250279  .00000126  00000-0  90731-4 0    14\
2 28353  71.0003 234.8756 0002604 112.0069 248.1330 14.14469399 49891
1 28353U 04021B   24284.29681667  .00000161  00000-0  10903-3 0    11\
2 28353  71.0003 233.9853 0002604 110.7586 249.3815 14.14469756 49953
1 28353U 04021B   24284.86256728  .00000349  00000-0  20682-3 0    13\
2 28353  71.0003 232.7984 0002620 108.9911 251.1495 14.14471386 50032
1 28353U 04021B   24285.28687752  .00001490  00000-0  80186-3 0  5989\
2 28353  71.0003 231.9081 0002624 108.0107 252.1302 14.14478679 50099
1 28353U 04021B   24285.56975739  .00000158  00000-0  10733-3 0    15\
2 28353  71.0003 231.3146 0002640 106.7779 253.3633 14.14470489 50139
1 28353U 04021B   24285.85263335  .00000118  00000-0  86302-4 0  5993\
2 28353  71.0003 230.7211 0002647 106.0782 254.0632 14.14470348 50174
1 28353U 04021B   24285.85263335  .00000118  00000-0  86302-4 0    11\
2 28353  71.0003 230.7211 0002647 106.0782 254.0632 14.14470348 50174
1 28353U 04021B   24286.27694690  .00000079  00000-0  65981-4 0    16\
2 28353  71.0003 229.8309 0002644 104.9117 255.2298 14.14470319 50233
1 28353U 04021B   24286.84269817  .00000080  00000-0  66627-4 0    18\
2 28353  71.0003 228.6439 0002636 103.4828 256.6588 14.14470596 50311
1 28353U 04021B   24287.26701177  .00000031  00000-0  40832-4 0    11\
2 28353  71.0004 227.7536 0002607 102.4403 257.7011 14.14470435 50377
1 28353U 04021B   24287.54988755 -.00000024  00000-0  12570-4 0    12\
2 28353  71.0003 227.1600 0002602 101.5146 258.6269 14.14470215 50417
1 28353U 04021B   24288.53995260 -.00000074  00000-0 -13653-4 0  6016\
2 28353  71.0004 225.0832 0002612  99.2956 260.8461 14.14470147 50553
1 28353U 04021B   24288.53995260 -.00000074  00000-0 -13653-4 0    10\
2 28353  71.0004 225.0832 0002612  99.2956 260.8461 14.14470147 50553
1 28353U 04021B   24289.53001783 -.00000084  00000-0 -18986-4 0    14\
2 28353  71.0003 223.0060 0002630  96.6730 263.4692 14.14470140 50697
1 28353U 04021B   24289.81289361 -.00000086  00000-0 -19843-4 0  6027\
2 28353  71.0003 222.4125 0002637  96.0572 264.0851 14.14470142 50738
1 28353U 04021B   24289.81289361 -.00000086  00000-0 -19843-4 0    10\
2 28353  71.0003 222.4125 0002637  96.0572 264.0851 14.14470142 50738
1 28353U 04021B   24290.23720761  .00000029  00000-0  40201-4 0    19\
2 28353  71.0003 221.5223 0002641  95.0154 265.1269 14.14470617 50795
1 28353U 04021B   24290.80295927  .00000013  00000-0  31607-4 0    16\
2 28353  71.0002 220.3353 0002657  93.6094 266.5332 14.14470500 50875
1 28353U 04021B   24291.15655416  .00000042  00000-0  46851-4 0  6035\
2 28353  71.0003 219.5935 0002667  92.5275 267.6153 14.14470576 50924
1 28353U 04021B   24291.51014903  .00000073  00000-0  62989-4 0    11\
2 28353  71.0002 218.8516 0002684  91.6423 268.5007 14.14470681 50974
1 28353U 04021B   24291.79302484  .00000072  00000-0  62458-4 0    15\
2 28353  71.0002 218.2581 0002691  91.2234 268.9197 14.14470664 51015
1 28353U 04021B   24292.21733850  .00000089  00000-0  71046-4 0  6048\
2 28353  71.0002 217.3680 0002700  90.1923 269.9508 14.14470701 51074
1 28353U 04021B   24292.21733850  .00000089  00000-0  71046-4 0    19\
2 28353  71.0002 217.3680 0002700  90.1923 269.9508 14.14470701 51074
1 28353U 04021B   24292.71237121  .00000074  00000-0  63552-4 0    11\
2 28353  71.0003 216.3294 0002718  89.0423 271.1010 14.14470578 51149
1 28353U 04021B   24293.49027988  .00000122  00000-0  88528-4 0    19\
2 28353  71.0003 214.6974 0002755  87.0205 273.1232 14.14470723 51254
1 28353U 04021B   24293.77315562  .00000131  00000-0  92935-4 0  6055\
2 28353  71.0003 214.1039 0002764  86.5820 273.5618 14.14470794 51292
1 28353U 04021B   24293.91459374  .00000058  00000-0  54983-4 0    10\
2 28353  71.0003 213.8071 0002749  86.2789 273.8648 14.14470321 51313
1 28353U 04021B   24294.19746952  .00000092  00000-0  73042-4 0    17\
2 28353  71.0003 213.2137 0002785  85.6517 274.4923 14.14470506 51354
1 28353U 04021B   24294.76322163  .00000075  00000-0  64197-4 0    16\
2 28353  71.0003 212.0268 0002798  84.4070 275.7372 14.14470285 51436
1 28353U 04021B   24295.18753568  .00000027  00000-0  38670-4 0  6065\
2 28353  71.0004 211.1366 0002806  83.4165 276.7277 14.14469908 51491
1 28353U 04021B   24295.18753568  .00000027  00000-0  38670-4 0    14\
2 28353  71.0004 211.1366 0002806  83.4165 276.7277 14.14469908 51491
1 28353U 04021B   24296.17760132  .00000025  00000-0  37913-4 0    16\
2 28353  71.0004 209.0594 0002839  81.1803 278.9641 14.14469864 51636
1 28353U 04021B   24296.81407194  .00000043  00000-0  47235-4 0  6073\
2 28353  71.0004 207.7241 0002862  79.8278 280.3167 14.14470018 51729
1 28353U 04021B   24296.95550983  .00000051  00000-0  51477-4 0    13\
2 28353  71.0004 207.4274 0002865  79.4922 280.6523 14.14470064 51749
1 28353U 04021B   24297.45054253  .00000067  00000-0  59711-4 0    14\
2 28353  71.0004 206.3888 0002885  78.3920 281.7526 14.14470182 51810
1 28353U 04021B   24297.94557505  .00000093  00000-0  73577-4 0    11\
2 28353  71.0004 205.3502 0002895  77.4191 282.7255 14.14470414 51888
1 28353U 04021B   24298.15773196  .00000112  00000-0  83033-4 0  6084\
2 28353  71.0004 204.9051 0002905  76.7230 283.4216 14.14470512 51918
1 28353U 04021B   24298.44060772  .00000114  00000-0  84354-4 0    11\
2 28353  71.0004 204.3116 0002916  76.0608 284.0839 14.14470575 51959
1 28353U 04021B   24298.86492130  .00000134  00000-0  94740-4 0    16\
2 28353  71.0004 203.4215 0002933  75.3382 284.8066 14.14470773 52017
1 28353U 04021B   24299.85498606  .00000178  00000-0  11771-3 0  6094\
2 28353  71.0003 201.3444 0002965  72.7945 287.3501 14.14471263 52150
1 28353U 04021B   24299.92570497  .00000181  00000-0  11943-3 0    12\
2 28353  71.0003 201.1961 0002965  72.6281 287.5165 14.14471287 52169
1 28353U 04021B   24300.42073727  .00000205  00000-0  13176-3 0    11\
2 28353  71.0003 200.1575 0002988  71.4520 288.6927 14.14471540 52235
1 28353U 04021B   24300.91576927  .00000247  00000-0  15357-3 0    14\
2 28353  71.0003 199.1191 0002999  70.3301 289.8144 14.14471977 52309
1 28353U 04021B   24301.12792585  .00000296  00000-0  17914-3 0  6109\
2 28353  71.0003 198.6739 0003010  69.6801 290.4644 14.14472322 52333
1 28353U 04021B   24301.12792585  .00000296  00000-0  17914-3 0    13\
2 28353  71.0003 198.6739 0003010  69.6801 290.4644 14.14472322 52333
1 28353U 04021B   24301.97655187  .00000354  00000-0  20928-3 0    16\
2 28353  71.0002 196.8936 0003039  67.6560 292.4884 14.14473044 52455
1 28353U 04021B   24302.40086477  .00000386  00000-0  22597-3 0  6111\
2 28353  71.0002 196.0034 0003066  66.5979 293.5465 14.14473433 52514
1 28353U 04021B   24302.40086477  .00000386  00000-0  22597-3 0    14\
2 28353  71.0002 196.0034 0003066  66.5979 293.5465 14.14473433 52514
1 28353U 04021B   24303.39092746  .00000434  00000-0  25100-3 0    16\
2 28353  71.0002 193.9261 0003094  64.1547 295.9894 14.14474364 52659
1 28353U 04021B   24303.95667730  .00000472  00000-0  27105-3 0    18\
2 28353  71.0003 192.7392 0003111  62.9814 297.1626 14.14474999 52735
1 28353U 04021B   24304.16883347  .00000487  00000-0  27890-3 0  6121\
2 28353  71.0004 192.2942 0003121  62.2033 297.9406 14.14475241 52767
1 28353U 04021B   24304.45170831  .00000489  00000-0  27990-3 0    15\
2 28353  71.0004 191.7007 0003137  61.7362 298.4077 14.14475476 52804
1 28353U 04021B   24305.15889502  .00000519  00000-0  29531-3 0    12\
2 28353  71.0004 190.2172 0003160  59.8952 300.2483 14.14476249 52903
1 28353U 04021B   24305.79536254  .00000537  00000-0  30509-3 0  6131\
2 28353  71.0004 188.8818 0003173  58.3247 301.8185 14.14477003 52992
1 28353U 04021B   24305.86608115  .00000538  00000-0  30520-3 0    10\
2 28353  71.0005 188.7334 0003172  58.1660 301.9771 14.14477064 53003
1 28353U 04021B   24306.43182975  .00000579  00000-0  32660-3 0    17\
2 28353  71.0005 187.5466 0003200  56.7201 303.4228 14.14477895 53087
1 28353U 04021B   24306.92685959  .00000572  00000-0  32309-3 0    14\
2 28353  71.0006 186.5079 0003215  55.5650 304.5776 14.14478404 53153
1 28353U 04021B   24307.42188925  .00000576  00000-0  32515-3 0    14\
2 28353  71.0007 185.4695 0003237  54.0987 306.0435 14.14478975 53227
1 28353U 04021B   24307.91691840  .00000604  00000-0  33973-3 0  6155\
2 28353  71.0007 184.4308 0003250  52.9870 307.1549 14.14479773 53292
1 28353U 04021B   24307.91691840  .00000604  00000-0  33973-3 0    14\
2 28353  71.0007 184.4308 0003250  52.9870 307.1549 14.14479773 53292
1 28353U 04021B   24308.41194730  .00000618  00000-0  34711-3 0    12\
2 28353  71.0006 183.3921 0003273  51.7553 308.3863 14.14480515 53366
1 28353U 04021B   24308.90697598  .00000641  00000-0  35913-3 0    17\
2 28353  71.0007 182.3533 0003282  50.7123 309.4290 14.14481298 53430
1 28353U 04021B   24309.11913111  .00000636  00000-0  35625-3 0  6169\
2 28353  71.0006 181.9081 0003285  50.0226 310.1184 14.14481540 53466
1 28353U 04021B   24309.40200449  .00000640  00000-0  35840-3 0    16\
2 28353  71.0006 181.3147 0003300  49.2460 310.8948 14.14481955 53501
1 28353U 04021B   24309.89703280  .00000586  00000-0  33042-3 0    11\
2 28353  71.0006 180.2762 0003317  48.0335 312.1069 14.14482339 53571
1 28353U 04021B   24310.39206087  .00000581  00000-0  32785-3 0  6172\
2 28353  71.0006 179.2377 0003338  46.6252 313.5148 14.14482990 53640
1 28353U 04021B   24310.39206087  .00000581  00000-0  32785-3 0    19\
2 28353  71.0006 179.2377 0003338  46.6252 313.5148 14.14482990 53640
1 28353U 04021B   24311.38211637  .00000567  00000-0  32055-3 0    10\
2 28353  71.0006 177.1607 0003394  44.2705 315.8688 14.14484260 53783
1 28353U 04021B   24311.73570740  .00000551  00000-0  31198-3 0  6186\
2 28353  71.0006 176.4188 0003408  43.5519 316.5871 14.14484658 53839
1 28353U 04021B   24311.87714378  .00000527  00000-0  29983-3 0    16\
2 28353  71.0006 176.1221 0003414  43.2003 316.9386 14.14484711 53853
1 28353U 04021B   24312.37217105  .00000516  00000-0  29365-3 0    10\
2 28353  71.0005 175.0835 0003431  41.6554 318.4830 14.14485269 53921
1 28353U 04021B   24313.07935236  .00000485  00000-0  27776-3 0  6194\
2 28353  71.0004 173.5998 0003456  39.6386 320.4989 14.14486020 54026
1 28353U 04021B   24313.85725151  .00000462  00000-0  26594-3 0    10\
2 28353  71.0003 171.9677 0003490  37.8665 322.2702 14.14486830 54133
1 28353U 04021B   24314.35227777  .00000474  00000-0  27189-3 0  6208\
2 28353  71.0001 170.9290 0003515  36.4312 323.7049 14.14487521 54209
1 28353U 04021B   24314.56443176  .00000505  00000-0  28821-3 0    16\
2 28353  71.0001 170.4839 0003535  36.0714 324.0646 14.14488001 54231
1 28353U 04021B   24314.84730380  .00000491  00000-0  28088-3 0    12\
2 28353  71.0000 169.8904 0003545  35.3264 324.8092 14.14488264 54276
1 28353U 04021B   24315.55448422  .00000406  00000-0  23644-3 0  6211\
2 28353  70.9999 168.4068 0003613  33.8394 326.2958 14.14488526 54379
1 28353U 04021B   24315.83735607  .00000403  00000-0  23469-3 0    10\
2 28353  70.9998 167.8134 0003637  33.1774 326.9575 14.14488840 54412
1 28353U 04021B   24316.33238184  .00000386  00000-0  22617-3 0    18\
2 28353  70.9998 166.7748 0003664  31.6743 328.4599 14.14489266 54483
1 28353U 04021B   24316.82740741  .00000357  00000-0  21115-3 0  6228\
2 28353  70.9998 165.7361 0003685  30.4676 329.6660 14.14489626 54558
1 28353U 04021B   24317.32243297  .00000321  00000-0  19224-3 0    18\
2 28353  70.9998 164.6975 0003721  29.2095 330.9234 14.14489895 54627
1 28353U 04021B   24317.95889412  .00000277  00000-0  16921-3 0    13\
2 28353  70.9997 163.3621 0003748  27.6430 332.4891 14.14490234 54719
1 28353U 04021B   24318.10032995  .00000259  00000-0  15981-3 0  6232\
2 28353  70.9996 163.0653 0003750  27.1948 332.9370 14.14490254 54733
1 28353U 04021B   24318.52463738  .00000248  00000-0  15432-3 0    10\
2 28353  70.9997 162.1751 0003782  26.2497 333.8816 14.14490533 54798
1 28353U 04021B   24318.80750881  .00000229  00000-0  14428-3 0    12\
2 28353  70.9996 161.5816 0003787  25.4186 334.7122 14.14490669 54838
1 28353U 04021B   24319.58540538  .00000180  00000-0  11873-3 0    11\
2 28353  70.9996 159.9495 0003843  23.7043 336.4256 14.14491000 54947
1 28353U 04021B   24319.58540538  .00000180  00000-0  11873-3 0  6242\
2 28353  70.9996 159.9495 0003843  23.7043 336.4256 14.14491000 54947
1 28353U 04021B   24320.50473741  .00000122  00000-0  88672-4 0    14\
2 28353  70.9996 158.0206 0003900  21.4927 338.6359 14.14491289 55079
1 28353U 04021B   24320.85832657  .00000105  00000-0  79581-4 0  6259\
2 28353  70.9996 157.2787 0003907  20.6897 339.4383 14.14491387 55129
1 28353U 04021B   24320.92904437  .00000108  00000-0  81045-4 0    12\
2 28353  70.9995 157.1303 0003913  20.5564 339.5715 14.14491453 55133
1 28353U 04021B   24321.28263360  .00000076  00000-0  64442-4 0    11\
2 28353  70.9996 156.3885 0003945  19.6083 340.5190 14.14491457 55188
1 28353U 04021B   24321.91909417  .00000028  00000-0  39363-4 0  6265\
2 28353  70.9996 155.0530 0003973  18.3707 341.7558 14.14491467 55273
1 28353U 04021B   24322.83842610 -.00000013  00000-0  18101-4 0    17\
2 28353  70.9996 153.1242 0004044  16.3987 343.7265 14.14491543 55407
1 28353U 04021B   24323.54560446 -.00000052  00000-0 -22777-5 0  6273\
2 28353  70.9996 151.6404 0004092  14.9507 345.1735 14.14491526 55505
1 28353U 04021B   24323.82847580 -.00000064  00000-0 -87088-5 0    16\
2 28353  70.9996 151.0469 0004104  14.2988 345.8250 14.14491490 55543
1 28353U 04021B   24324.25278287 -.00000083  00000-0 -18496-4 0    13\
2 28353  70.9996 150.1567 0004137  13.3582 346.7649 14.14491447 55609
1 28353U 04021B   24324.95996126 -.00000097  00000-0 -25582-4 0  6283\
2 28353  70.9995 148.6729 0004177  11.9447 348.1773 14.14491435 55700
1 28353U 04021B   24325.52570382 -.00000097  00000-0 -25821-4 0    10\
2 28353  70.9994 147.4858 0004214  10.8288 349.2924 14.14491520 55785
1 28353U 04021B   24327.43508548 -.00000091  00000-0 -22403-4 0  6290\
2 28353  70.9993 143.4796 0004335   7.2314 352.8870 14.14491553 56052
1 28353U 04021B   24327.43508548 -.00000091  00000-0 -22403-4 0    14\
2 28353  70.9993 143.4796 0004335   7.2314 352.8870 14.14491553 56052
1 28353U 04021B   24327.57652123 -.00000095  00000-0 -24539-4 0    14\
2 28353  70.9992 143.1828 0004344   6.9801 353.1381 14.14491512 56079
1 28353U 04021B   24328.49585337 -.00000114  00000-0 -34772-4 0  6308\
2 28353  70.9993 141.2539 0004402   5.3008 354.8160 14.14491328 56208
1 28353U 04021B   24328.49585337 -.00000114  00000-0 -34772-4 0    10\
2 28353  70.9993 141.2539 0004402   5.3008 354.8160 14.14491328 56208
1 28353U 04021B   24328.92016050 -.00000119  00000-0 -37388-4 0    10\
2 28353  70.9993 140.3636 0004428   4.5440 355.5721 14.14491248 56263
1 28353U 04021B   24329.48590329 -.00000127  00000-0 -41153-4 0    12\
2 28353  70.9992 139.1765 0004463   3.5229 356.5924 14.14491198 56343
1 28353U 04021B   24330.05164607 -.00000132  00000-0 -44107-4 0  6310\
2 28353  70.9992 137.9894 0004519   1.7084 358.4053 14.14491096 56423
1 28353U 04021B   24330.54667106 -.00000131  00000-0 -43589-4 0    19\
2 28353  70.9992 136.9507 0004549   0.9450 359.1680 14.14491087 56495
1 28353U 04021B   24330.61738883 -.00000116  00000-0 -35809-4 0    17\
2 28353  70.9992 136.8023 0004551   0.5946 359.5181 14.14491165 56505
1 28353U 04021B   24331.89031038 -.00000125  00000-0 -40317-4 0    16\
2 28353  70.9992 134.1314 0004605 359.6852   0.4267 14.14491080 56685
1 28353U 04021B   24331.96102820 -.00000124  00000-0 -39627-4 0  6323\
2 28353  70.9992 133.9831 0004611 359.5755   0.5363 14.14491102 56698
1 28353U 04021B   24332.45605325 -.00000116  00000-0 -35690-4 0    13\
2 28353  70.9992 132.9443 0004621 358.9581   1.1531 14.14491118 56766
1 28353U 04021B   24333.16323188 -.00000133  00000-0 -44427-4 0  6334\
2 28353  70.9993 131.4604 0004681 357.9455   2.1647 14.14490997 56869
1 28353U 04021B   24333.51682115 -.00000101  00000-0 -27962-4 0    10\
2 28353  70.9993 130.7185 0004685 357.3665   2.7431 14.14491167 56919
1 28353U 04021B   24333.72897479 -.00000102  00000-0 -28361-4 0    19\
2 28353  70.9993 130.2734 0004700 357.0850   3.0244 14.14491125 56948
1 28353U 04021B   24334.50687129 -.00000137  00000-0 -46528-4 0    18\
2 28353  70.9992 128.6411 0004738 356.0580   4.0504 14.14490927 57052
1 28353U 04021B   24334.71902494 -.00000138  00000-0 -46993-4 0  6345\
2 28353  70.9993 128.1960 0004749 355.7365   4.3716 14.14490878 57082
1 28353U 04021B   24334.71902494 -.00000138  00000-0 -46993-4 0    13\
2 28353  70.9993 128.1960 0004749 355.7365   4.3716 14.14490878 57082
1 28353U 04021B   24335.49692157 -.00000145  00000-0 -50971-4 0    10\
2 28353  70.9992 126.5638 0004779 354.8753   5.2319 14.14490797 57190
1 28353U 04021B   24335.85051104 -.00000149  00000-0 -52951-4 0    15\
2 28353  70.9993 125.8220 0004800 354.4801   5.6268 14.14490711 57244
1 28353U 04021B   24336.13338261 -.00000155  00000-0 -55972-4 0  6355\
2 28353  70.9993 125.2284 0004819 354.0547   6.0517 14.14490639 57286
1 28353U 04021B   24336.48697210 -.00000139  00000-0 -47528-4 0    12\
2 28353  70.9993 124.4865 0004828 353.6563   6.4498 14.14490681 57330
1 28353U 04021B   24336.84056162 -.00000144  00000-0 -50347-4 0    16\
2 28353  70.9993 123.7447 0004849 353.2254   6.8801 14.14490572 57380
1 28353U 04021B   24337.47702273 -.00000137  00000-0 -46497-4 0  6364\
2 28353  70.9992 122.4093 0004876 352.3907   7.7140 14.14490518 57473
1 28353U 04021B   24337.47702273 -.00000137  00000-0 -46497-4 0    10\
2 28353  70.9992 122.4093 0004876 352.3907   7.7140 14.14490518 57473
1 28353U 04021B   24338.60850930 -.00000138  00000-0 -46992-4 0    11\
2 28353  70.9992 120.0352 0004917 351.0706   9.0328 14.14490284 57635
1 28353U 04021B   24338.82066313 -.00000133  00000-0 -44284-4 0  6371\
2 28353  70.9992 119.5901 0004926 350.8650   9.2382 14.14490244 57664
1 28353U 04021B   24338.82066313 -.00000133  00000-0 -44284-4 0    16\
2 28353  70.9992 119.5901 0004926 350.8650   9.2382 14.14490244 57664
1 28353U 04021B   24339.59856030 -.00000123  00000-0 -39128-4 0    14\
2 28353  70.9992 117.9578 0004957 350.0138  10.0885 14.14490140 57778
1 28353U 04021B   24339.81071413 -.00000116  00000-0 -35519-4 0    15\
2 28353  70.9991 117.5127 0004970 349.7792  10.3228 14.14490114 57808
1 28353U 04021B   24340.09358582 -.00000099  00000-0 -26758-4 0  6383\
2 28353  70.9991 116.9191 0004978 349.5978  10.5041 14.14490164 57848
1 28353U 04021B   24340.58861137 -.00000090  00000-0 -22264-4 0    15\
2 28353  70.9991 115.8804 0004991 349.0575  11.0438 14.14490106 57910
1 28353U 04021B   24340.80076524 -.00000084  00000-0 -18951-4 0    19\
2 28353  70.9992 115.4354 0004999 348.8673  11.2338 14.14490080 57946
1 28353U 04021B   24341.50794460 -.00000067  00000-0 -10295-4 0  6394\
2 28353  70.9992 113.9515 0005023 348.0767  12.0235 14.14490057 58044
1 28353U 04021B   24341.64938050 -.00000062  00000-0 -73238-5 0    19\
2 28353  70.9992 113.6549 0005022 347.9012  12.1989 14.14490042 58061
1 28353U 04021B   24341.79081639 -.00000055  00000-0 -39297-5 0    16\
2 28353  70.9992 113.3581 0005029 347.7834  12.3165 14.14490049 58088
1 28353U 04021B   24342.56871366 -.00000015  00000-0  17220-4 0    12\
2 28353  70.9993 111.7259 0005057 346.9915  13.1076 14.14490183 58196
1 28353U 04021B   24342.78086750 -.00000007  00000-0  20988-4 0  6406\
2 28353  70.9993 111.2808 0005065 346.7404  13.3584 14.14490183 58221
1 28353U 04021B   24342.85158542 -.00000009  00000-0  20074-4 0    12\
2 28353  70.9993 111.1324 0005069 346.6723  13.4265 14.14490175 58239
1 28353U 04021B   24343.55876478  .00000014  00000-0  31989-4 0    17\
2 28353  70.9994 109.6486 0005090 345.9473  14.1507 14.14490248 58338
1 28353U 04021B   24343.77091862  .00000023  00000-0  36848-4 0    16\
2 28353  70.9994 109.2034 0005102 345.7802  14.3176 14.14490272 58365
1 28353U 04021B   24344.05379031  .00000035  00000-0  42950-4 0  6419\
2 28353  70.9994 108.6098 0005115 345.5138  14.5836 14.14490342 58400
1 28353U 04021B   24344.61953377  .00000049  00000-0  50125-4 0    10\
2 28353  70.9995 107.4228 0005131 344.9048  15.1920 14.14490405 58483
1 28353U 04021B   24344.76096965  .00000054  00000-0  52751-4 0    10\
2 28353  70.9995 107.1260 0005143 344.7564  15.3402 14.14490427 58504
1 28353U 04021B   24345.46814882  .00000070  00000-0  61277-4 0  6426\
2 28353  70.9996 105.6423 0005167 343.9865  16.1094 14.14490585 58602
1 28353U 04021B   24345.60958470  .00000062  00000-0  57165-4 0    15\
2 28353  70.9997 105.3455 0005172 343.8082  16.2874 14.14490525 58624
1 28353U 04021B   24345.82173846  .00000060  00000-0  56178-4 0    16\
2 28353  70.9997 104.9004 0005187 343.5866  16.5088 14.14490529 58659
1 28353U 04021B   24346.59963552  .00000080  00000-0  66742-4 0    12\
2 28353  70.9998 103.2682 0005212 342.7080  17.3864 14.14490708 58764
1 28353U 04021B   24346.59963553  .00000081  00000-0  67173-4 0  6435\
2 28353  70.9998 103.2682 0005213 342.7132  17.3812 14.14490706 58764
1 28353U 04021B   24346.81178925  .00000081  00000-0  66882-4 0    15\
2 28353  70.9998 102.8231 0005224 342.5021  17.5921 14.14490731 58790
1 28353U 04021B   24347.58968618  .00000095  00000-0  74557-4 0    19\
2 28353  70.9999 101.1909 0005251 341.6162  18.4770 14.14490917 58902
1 28353U 04021B   24347.80183987  .00000103  00000-0  78715-4 0    12\
2 28353  70.9999 100.7458 0005264 341.4239  18.6690 14.14490997 58937
1 28353U 04021B   24347.80183987  .00000103  00000-0  78715-4 0  6445\
2 28353  70.9999 100.7458 0005264 341.4239  18.6690 14.14490997 58937
1 28353U 04021B   24348.57973665  .00000139  00000-0  97343-4 0    14\
2 28353  71.0000  99.1136 0005291 340.5378  19.5541 14.14491323 59042
1 28353U 04021B   24348.86260815  .00000152  00000-0  10407-3 0  6456\
2 28353  71.0001  98.5201 0005307 340.3001  19.7915 14.14491466 59087
1 28353U 04021B   24349.56978685  .00000187  00000-0  12232-3 0    17\
2 28353  71.0002  97.0363 0005333 339.4446  20.6461 14.14491811 59184
1 28353U 04021B   24349.78194044  .00000201  00000-0  12971-3 0    17\
2 28353  71.0002  96.5912 0005347 339.2602  20.8303 14.14491939 59217
1 28353U 04021B   24349.99409396  .00000214  00000-0  13627-3 0  6467\
2 28353  71.0002  96.1460 0005364 338.9667  21.1234 14.14492074 59248
1 28353U 04021B   24349.99409396  .00000214  00000-0  13627-3 0    12\
2 28353  71.0002  96.1460 0005364 338.9667  21.1234 14.14492074 59248
1 28353U 04021B   24350.84270798  .00000255  00000-0  15768-3 0    13\
2 28353  71.0003  94.3654 0005406 337.9435  22.1453 14.14492568 59368
1 28353U 04021B   24351.47916832  .00000277  00000-0  16941-3 0  6473\
2 28353  71.0004  93.0300 0005436 337.1202  22.9678 14.14492926 59455
1 28353U 04021B   24351.54988613  .00000286  00000-0  17383-3 0    12\
2 28353  71.0004  92.8816 0005438 337.0323  23.0555 14.14492994 59461
1 28353U 04021B   24351.83275731  .00000307  00000-0  18481-3 0    18\
2 28353  71.0004  92.2880 0005452 336.7827  23.3049 14.14493230 59507
1 28353U 04021B   24352.53993505  .00000335  00000-0  19952-3 0    17\
2 28353  71.0005  90.8043 0005485 335.8599  24.2266 14.14493721 59602
1 28353U 04021B   24352.75208836  .00000342  00000-0  20286-3 0  6484\
2 28353  71.0006  90.3591 0005498 335.6032  24.4829 14.14493863 59637
1 28353U 04021B   24352.82280611  .00000352  00000-0  20834-3 0    16\
2 28353  71.0006  90.2107 0005500 335.5664  24.5197 14.14493968 59649
1 28353U 04021B   24353.38854801  .00000362  00000-0  21360-3 0    12\
2 28353  71.0007  89.0237 0005526 334.8602  25.2251 14.14494364 59721
1 28353U 04021B   24353.81285436  .00000380  00000-0  22280-3 0  6492\
2 28353  71.0008  88.1335 0005553 334.3444  25.7402 14.14494704 59787
1 28353U 04021B   24354.23716055  .00000380  00000-0  22295-3 0    13\
2 28353  71.0008  87.2432 0005574 333.8276  26.2563 14.14495008 59844
1 28353U 04021B   24354.52003129  .00000381  00000-0  22321-3 0    17\
2 28353  71.0009  86.6497 0005592 333.4241  26.6594 14.14495190 59881
1 28353U 04021B   24354.66146666  .00000386  00000-0  22589-3 0    17\
2 28353  71.0009  86.3530 0005602 333.2805  26.8027 14.14495313 59905
1 28353U 04021B   24355.51007837  .00000401  00000-0  23381-3 0  6507\
2 28353  71.0010  84.5725 0005658 332.1289  27.9529 14.14496080 60024
1 28353U 04021B   24355.72223127  .00000403  00000-0  23500-3 0    17\
2 28353  71.0010  84.1274 0005681 331.8476  28.2338 14.14496254 60057
1 28353U 04021B   24356.42940720  .00000416  00000-0  24159-3 0    15\
2 28353  71.0011  82.6436 0005728 330.8996  29.1807 14.14496956 60150
1 28353U 04021B   24356.71227749  .00000424  00000-0  24580-3 0  6514\
2 28353  71.0012  82.0501 0005741 330.6055  29.4744 14.14497253 60195
1 28353U 04021B   24356.71227749  .00000424  00000-0  24580-3 0    13\
2 28353  71.0012  82.0501 0005741 330.6055  29.4744 14.14497253 60195
1 28353U 04021B   24357.56088795  .00000430  00000-0  24904-3 0    10\
2 28353  71.0014  80.2697 0005794 329.5330  30.5455 14.14498105 60317
1 28353U 04021B   24357.70232300  .00000428  00000-0  24801-3 0    12\
2 28353  71.0014  79.9730 0005818 329.3086  30.7695 14.14498226 60337
1 28353U 04021B   24358.40949787  .00000435  00000-0  25162-3 0  6525\
2 28353  71.0015  78.4892 0005860 328.4033  31.6736 14.14498989 60433
1 28353U 04021B   24358.40949787  .00000435  00000-0  25162-3 0    13\
2 28353  71.0015  78.4892 0005860 328.4033  31.6736 14.14498989 60433
1 28353U 04021B   24359.47025959  .00000434  00000-0  25084-3 0  6532\
2 28353  71.0016  76.2636 0005936 327.0509  33.0242 14.14500045 60584
1 28353U 04021B   24359.54097702  .00000433  00000-0  25066-3 0    11\
2 28353  71.0016  76.1153 0005943 326.9694  33.1056 14.14500106 60591
1 28353U 04021B   24359.68241186  .00000431  00000-0  24955-3 0    17\
2 28353  71.0017  75.8186 0005949 326.8610  33.2139 14.14500251 60614
1 28353U 04021B   24360.53102044  .00000434  00000-0  25083-3 0  6542\
2 28353  71.0018  74.0380 0006017 325.7146  34.3587 14.14501140 60731
1 28353U 04021B   24360.60173781  .00000433  00000-0  25042-3 0    16\
2 28353  71.0018  73.8896 0006023 325.6401  34.4331 14.14501211 60748
1 28353U 04021B   24361.23819390  .00000413  00000-0  24031-3 0    14\
2 28353  71.0018  72.5543 0006072 324.8495  35.2226 14.14501786 60830
1 28353U 04021B   24361.52106315  .00000421  00000-0  24450-3 0    16\
2 28353  71.0019  71.9608 0006094 324.4257  35.6458 14.14502104 60872
1 28353U 04021B   24361.73321507  .00000416  00000-0  24175-3 0  6554\
2 28353  71.0019  71.5156 0006124 324.1400  35.9311 14.14502297 60905
1 28353U 04021B   24361.73321507  .00000416  00000-0  24175-3 0    19\
2 28353  71.0019  71.5156 0006124 324.1400  35.9311 14.14502297 60905
1 28353U 04021B   24362.51110518  .00000393  00000-0  22968-3 0    16\
2 28353  71.0019  69.8835 0006199 323.1048  36.9647 14.14502960 61011
1 28353U 04021B   24362.93540869  .00000379  00000-0  22235-3 0  6565\
2 28353  71.0019  68.9932 0006237 322.5318  37.5369 14.14503320 61070
1 28353U 04021B   24362.72325695  .00000385  00000-0  22556-3 0    17\
2 28353  71.0019  69.4383 0006221 322.7923  37.2767 14.14503137 61045
1 28353U 04021B   24363.43042933  .00000371  00000-0  21807-3 0    10\
2 28353  71.0019  67.9545 0006277 321.8296  38.2381 14.14503763 61141
1 28353U 04021B   24364.42047013  .00000339  00000-0  20168-3 0  6574\
2 28353  71.0019  65.8772 0006353 320.5619  39.5040 14.14504563 61280
1 28353U 04021B   24364.42047013  .00000339  00000-0  20168-3 0    17\
2 28353  71.0019  65.8772 0006353 320.5619  39.5040 14.14504563 61280
1 28353U 04021B   24364.91549021  .00000343  00000-0  20347-3 0    11\
2 28353  71.0019  64.8384 0006393 319.9330  40.1320 14.14505078 61353
1 28353U 04021B   24365.41051025  .00000352  00000-0  20821-3 0    16\
2 28353  71.0019  63.7998 0006427 319.2482  40.8158 14.14505579 61421
1 28353U 04021B   24365.90553005  .00000321  00000-0  19197-3 0    15\
2 28353  71.0019  62.7611 0006467 318.6405  41.4227 14.14505892 61493
1 28353U 04021B   24366.40054977  .00000317  00000-0  19019-3 0    13\
2 28353  71.0019  61.7224 0006508 317.9603  42.1019 14.14506319 61560
1 28353U 04021B   25001.10772062  .00000304  00000-0  18326-3 0  6594
2 28353  71.0019  60.2386 0006560 317.0735  42.9874 14.14506873 61661
1 28353U 04021B   25001.60273984  .00000298  00000-0  17987-3 0    13
2 28353  71.0019  59.2000 0006616 316.4537  43.6063 14.14507312 61732
1 28353U 04021B   25001.67345684  .00000299  00000-0  18056-3 0    16
2 28353  71.0019  59.0517 0006613 316.4082  43.6517 14.14507403 61741
1 28353U 04021B   25002.45134397  .00000307  00000-0  18474-3 0    14
2 28353  71.0019  57.4195 0006669 315.4255  44.6330 14.14508155 61858
1 28353U 04021B   25002.87564609  .00000222  00000-0  14060-3 0    16
2 28353  71.0019  56.5292 0006714 314.9324  45.1253 14.14508037 61914
1 28353U 04021B   25003.51209912  .00000181  00000-0  11921-3 0    18
2 28353  71.0019  55.1939 0006754 314.1692  45.8874 14.14508285 62003
1 28353U 04021B   25004.14855175  .00000125  00000-0  89921-4 0  6612
2 28353  71.0019  53.8583 0006821 313.3296  46.7257 14.14508492 62093
1 28353U 04021B   25003.86568386  .00000140  00000-0  98025-4 0    15
2 28353  71.0019  54.4518 0006801 313.6600  46.3958 14.14508364 62056
1 28353U 04021B   25004.50213658  .00000129  00000-0  92171-4 0    19
2 28353  71.0019  53.1164 0006848 312.8661  47.1886 14.14508732 62146
1 28353U 04021B   25004.85572129  .00000131  00000-0  93252-4 0    12
2 28353  71.0019  52.3745 0006873 312.4695  47.5845 14.14509009 62195
1 28353U 04021B   25005.49217382  .00000097  00000-0  75203-4 0  6620
2 28353  71.0019  51.0390 0006912 311.6839  48.3691 14.14509206 62289
1 28353U 04021B   25005.49217382  .00000097  00000-0  75203-4 0    17
2 28353  71.0019  51.0390 0006912 311.6839  48.3691 14.14509206 62289
1 28353U 04021B   25006.55292784  .00000044  00000-0  47518-4 0  6638
2 28353  71.0018  48.8132 0006977 310.4144  49.6369 14.14509481 62431
1 28353U 04021B   25006.83579558  .00000030  00000-0  40222-4 0    12
2 28353  71.0018  48.2197 0006996 310.0927  49.9581 14.14509531 62471
1 28353U 04021B   25007.47224794  .00000003  00000-0  26430-4 0    17
2 28353  71.0017  46.8842 0007037 309.3094  50.7404 14.14509619 62565
1 28353U 04021B   25008.17941716 -.00000023  00000-0  12648-4 0  6649
2 28353  71.0017  45.4003 0007075 308.5012  51.5476 14.14509722 62666
1 28353U 04021B   25008.53300182 -.00000043  00000-0  24106-5 0    15
2 28353  71.0016  44.6583 0007096 308.0696  51.9786 14.14509675 62716
1 28353U 04021B   25008.81586953 -.00000055  00000-0 -37140-5 0    14
2 28353  71.0016  44.0648 0007110 307.7506  52.2972 14.14509673 62758
1 28353U 04021B   25009.38160497 -.00000065  00000-0 -90679-5 0    15
2 28353  71.0016  42.8777 0007135 307.0525  52.9944 14.14509696 62838
1 28353U 04021B   25009.38160497 -.00000065  00000-0 -90679-5 0  6651
2 28353  71.0016  42.8777 0007135 307.0525  52.9944 14.14509696 62838
1 28353U 04021B   25010.51307582 -.00000090  00000-0 -21902-4 0  6667
2 28353  71.0015  40.5034 0007186 305.7504  54.2949 14.14509692 62999
1 28353U 04021B   25010.79594354 -.00000099  00000-0 -26708-4 0    13
2 28353  71.0015  39.9098 0007195 305.4369  54.6081 14.14509669 63038
1 28353U 04021B   25011.50311293 -.00000116  00000-0 -35683-4 0    14
2 28353  71.0014  38.4259 0007221 304.6019  55.4421 14.14509583 63136
1 28353U 04021B   25011.78598066 -.00000117  00000-0 -36057-4 0    16
2 28353  71.0013  37.8324 0007234 304.3149  55.7288 14.14509592 63174
1 28353U 04021B   25012.49315012 -.00000132  00000-0 -44006-4 0    13
2 28353  71.0013  36.3485 0007253 303.4755  56.5674 14.14509479 63273
1 28353U 04021B   25013.05888569 -.00000148  00000-0 -52069-4 0  6682
2 28353  71.0012  35.1614 0007269 302.8415  57.2007 14.14509391 63356
1 28353U 04021B   25013.34175350 -.00000141  00000-0 -48739-4 0    14
2 28353  71.0012  34.5678 0007277 302.4646  57.5772 14.14509383 63397
1 28353U 04021B   25013.76605521 -.00000159  00000-0 -58035-4 0    17
2 28353  71.0012  33.6774 0007291 302.0737  57.9677 14.14509268 63454
1 28353U 04021B   25014.19035698 -.00000160  00000-0 -58416-4 0  6692
2 28353  71.0011  32.7871 0007298 301.5732  58.4677 14.14509227 63515
1 28353U 04021B   25014.47322487 -.00000162  00000-0 -59445-4 0    13
2 28353  71.0011  32.1935 0007305 301.2564  58.7842 14.14509163 63559
1 28353U 04021B   25015.46326252 -.00000183  00000-0 -70648-4 0  6700
2 28353  71.0011  30.1161 0007321 300.1633  59.8763 14.14508908 63696
1 28353U 04021B   25015.46326252 -.00000183  00000-0 -70648-4 0    18
2 28353  71.0011  30.1161 0007321 300.1633  59.8763 14.14508908 63696
1 28353U 04021B   25016.45330033 -.00000189  00000-0 -73582-4 0    16
2 28353  71.0010  28.0386 0007332 299.0991  60.9397 14.14508706 63833
1 28353U 04021B   25017.16047032 -.00000196  00000-0 -77326-4 0  6710
2 28353  71.0010  26.5547 0007335 298.2871  61.7511 14.14508540 63930
1 28353U 04021B   25017.30190435 -.00000190  00000-0 -73989-4 0    14
2 28353  71.0010  26.2580 0007336 298.0982  61.9399 14.14508523 63955
1 28353U 04021B   25017.72620639 -.00000189  00000-0 -73735-4 0    11
2 28353  71.0010  25.3675 0007338 297.7294  62.3084 14.14508440 64016
1 28353U 04021B   25018.43337658 -.00000172  00000-0 -64748-4 0  6726
2 28353  71.0010  23.8836 0007338 296.9285  63.1087 14.14508349 64110
1 28353U 04021B   25018.43337658 -.00000172  00000-0 -64748-4 0    12
2 28353  71.0010  23.8836 0007338 296.9285  63.1087 14.14508349 64110
1 28353U 04021B   25018.71624468 -.00000174  00000-0 -65831-4 0    17
2 28353  71.0010  23.2900 0007340 296.6410  63.3961 14.14508272 64158
1 28353U 04021B   25011.78598066 -.00000117  00000-0 -36057-4 0  6674
2 28353  71.0013  37.8324 0007234 304.3149  55.7288 14.14509592 63174
1 28353U 04021B   25019.42341506 -.00000158  00000-0 -57325-4 0    16
2 28353  71.0010  21.8061 0007336 295.8514  64.1852 14.14508149 64253
1 28353U 04021B   25020.13058540 -.00000126  00000-0 -40897-4 0  6735
2 28353  71.0009  20.3222 0007331 295.0420  64.9940 14.14508164 64351
1 28353U 04021B   25020.41345360 -.00000109  00000-0 -32147-4 0    10
2 28353  71.0009  19.7286 0007329 294.7497  65.2862 14.14508163 64390
1 28353U 04021B   25021.19134114 -.00000097  00000-0 -25456-4 0  6746
2 28353  71.0010  18.0962 0007319 293.8706  66.1649 14.14508053 64501
1 28353U 04021B   25021.40349232 -.00000089  00000-0 -21422-4 0    13
2 28353  71.0010  17.6511 0007316 293.6390  66.3964 14.14508038 64538
1 28353U 04021B   25021.68636053 -.00000082  00000-0 -17686-4 0    13
2 28353  71.0009  17.0574 0007314 293.3782  66.6571 14.14508019 64579
1 28353U 04021B   25023.24213591 -.00000032  00000-0  79318-5 0  6757
2 28353  71.0010  13.7928 0007293 291.6657  68.3689 14.14507973 64796
1 28353U 04021B   25023.94930648 -.00000012  00000-0  18755-4 0    11
2 28353  71.0010  12.3088 0007277 290.9356  69.0987 14.14508030 64893
1 28353U 04021B   25024.37360885  .00000032  00000-0  41661-4 0  6760
2 28353  71.0010  11.4185 0007274 290.4311  69.6030 14.14508198 64951
1 28353U 04021B   25025.43436470  .00000050  00000-0  51060-4 0    18
2 28353  71.0010   9.1926 0007257 289.2683  70.7654 14.14508246 65104
1 28353U 04021B   25025.43436470  .00000050  00000-0  51060-4 0  6777
2 28353  71.0010   9.1926 0007257 289.2683  70.7654 14.14508246 65104
1 28353U 04021B   25026.35368641  .00000062  00000-0  57235-4 0    17
2 28353  71.0011   7.2635 0007244 288.2482  71.7852 14.14508299 65236
1 28353U 04021B   25026.91942276  .00000061  00000-0  56717-4 0    14
2 28353  71.0011   6.0764 0007233 287.6400  72.3932 14.14508351 65311
1 28353U 04021B   25027.13157389  .00000066  00000-0  59283-4 0  6788
2 28353  71.0011   5.6312 0007231 287.3896  72.6435 14.14508374 65348
1 28353U 04021B   25027.34372507  .00000084  00000-0  68763-4 0    15
2 28353  71.0011   5.1861 0007227 287.1667  72.8664 14.14508463 65379
1 28353U 04021B   25027.90946134  .00000098  00000-0  75815-4 0    11
2 28353  71.0012   3.9990 0007215 286.5913  73.4417 14.14508621 65451
1 28353U 04021B   25028.26304647  .00000114  00000-0  84303-4 0  6790
2 28353  71.0012   3.2570 0007217 286.1694  73.8633 14.14508732 65505
1 28353U 04021B   25029.32380171  .00000163  00000-0  11003-3 0  6806
2 28353  71.0012   1.0312 0007203 285.0365  74.9960 14.14509188 65650
1 28353U 04021B   25029.32380171  .00000163  00000-0  11003-3 0    13
2 28353  71.0012   1.0312 0007203 285.0365  74.9960 14.14509188 65650
1 28353U 04021B   25029.88953770  .00000173  00000-0  11499-3 0    15
2 28353  71.0013 359.8441 0007194 284.4377  75.5946 14.14509396 65734
1 28353U 04021B   25030.59670768  .00000212  00000-0  13506-3 0    13
2 28353  71.0013 358.3603 0007192 283.7459  76.2863 14.14509750 65830
1 28353U 04021B   25030.59670768  .00000212  00000-0  13506-3 0  6817
2 28353  71.0013 358.3603 0007192 283.7459  76.2863 14.14509750 65830
1 28353U 04021B   25031.58674522  .00000258  00000-0  15913-3 0    19
2 28353  71.0015 356.2829 0007182 282.6672  77.3647 14.14510330 65976
1 28353U 04021B   25032.22319772  .00000295  00000-0  17829-3 0  6828
2 28353  71.0016 354.9474 0007177 281.9381  78.0936 14.14510769 66067
1 28353U 04021B   25032.29391467  .00000297  00000-0  17968-3 0    17
2 28353  71.0016 354.7991 0007179 281.8805  78.1512 14.14510810 66070
1 28353U 04021B   25033.28395140  .00000346  00000-0  20487-3 0  6830
2 28353  71.0017 352.7217 0007173 280.8515  79.1800 14.14511564 66215
1 28353U 04021B   25033.28395140  .00000346  00000-0  20487-3 0    14
2 28353  71.0017 352.7217 0007173 280.8515  79.1800 14.14511564 66215
1 28353U 04021B   25033.84968646  .00000354  00000-0  20954-3 0    11
2 28353  71.0017 351.5346 0007170 280.2676  79.7638 14.14511947 66292
1 28353U 04021B   25034.27398767  .00000377  00000-0  22129-3 0    11
2 28353  71.0018 350.6443 0007170 279.8377  80.1935 14.14512298 66356
1 28353U 04021B   25035.19330651  .00000384  00000-0  22492-3 0  6849
2 28353  71.0020 348.7152 0007161 278.8694  81.1618 14.14512953 66486
1 28353U 04021B   25035.26402332  .00000407  00000-0  23705-3 0    10
2 28353  71.0020 348.5669 0007160 278.8049  81.2262 14.14513131 66496
1 28353U 04021B   25036.25405833  .00000429  00000-0  24858-3 0  6851
2 28353  71.0022 346.4895 0007159 277.7632  82.2678 14.14514002 66636
1 28353U 04021B   25036.60764209  .00000439  00000-0  25356-3 0    12
2 28353  71.0022 345.7476 0007161 277.4299  82.6009 14.14514352 66687
1 28353U 04021B   25036.96122572  .00000445  00000-0  25679-3 0    17
2 28353  71.0023 345.0057 0007164 276.9635  83.0672 14.14514710 66732
1 28353U 04021B   25037.88054290  .00000440  00000-0  25425-3 0  6863
2 28353  71.0025 343.0769 0007175 276.0421  83.9883 14.14515500 66863
1 28353U 04021B   25037.95125954  .00000444  00000-0  25606-3 0    13
2 28353  71.0025 342.9285 0007178 276.0027  84.0278 14.14515592 66871
1 28353U 04021B   25038.94129271  .00000428  00000-0  24770-3 0    12
2 28353  71.0026 340.8513 0007196 275.0577  84.9723 14.14516430 67015
1 28353U 04021B   25039.15344259  .00000432  00000-0  24972-3 0  6870
2 28353  71.0027 340.4062 0007204 274.8585  85.1715 14.14516631 67047
1 28353U 04021B   25039.57774227  .00000438  00000-0  25279-3 0    15
2 28353  71.0027 339.5160 0007211 274.4911  85.5388 14.14517067 67103
1 28353U 04021B   25039.93132519  .00000417  00000-0  24211-3 0    19
2 28353  71.0028 338.7741 0007215 274.1024  85.9273 14.14517318 67157
1 28353U 04021B   25040.21419158  .00000424  00000-0  24586-3 0  6883
2 28353  71.0028 338.1806 0007226 273.8648  86.1648 14.14517582 67199
1 28353U 04021B   25040.56777438  .00000423  00000-0  24515-3 0    19
2 28353  71.0029 337.4388 0007237 273.5450  86.4845 14.14517921 67242
1 28353U 04021B   25040.92135701  .00000426  00000-0  24701-3 0    10
2 28353  71.0029 336.6969 0007244 273.1638  86.8655 14.14518317 67298
1 28353U 04021B   25041.27493971  .00000431  00000-0  24929-3 0  6895
2 28353  71.0030 335.9552 0007254 272.9283  87.1009 14.14518653 67340
1 28353U 04021B   25041.27493971  .00000431  00000-0  24929-3 0    13
2 28353  71.0030 335.9552 0007254 272.9283  87.1009 14.14518653 67340
1 28353U 04021B   25041.91138823  .00000402  00000-0  23444-3 0    15
2 28353  71.0030 334.6199 0007272 272.4124  87.6166 14.14519139 67431
1 28353U 04021B   25042.26497067  .00000403  00000-0  23465-3 0    16
2 28353  71.0031 333.8781 0007283 272.1686  87.8602 14.14519458 67488
1 28353U 04021B   25042.83070235  .00000380  00000-0  22281-3 0  6906
2 28353  71.0031 332.6912 0007290 271.6626  88.3661 14.14519900 67569
1 28353U 04021B   25042.90141880  .00000374  00000-0  21959-3 0    19
2 28353  71.0031 332.5428 0007293 271.5943  88.4344 14.14519930 67577
1 28353U 04021B   25043.53786671  .00000366  00000-0  21525-3 0    12
2 28353  71.0032 331.2075 0007299 271.0945  88.9341 14.14520471 67669
1 28353U 04021B   25043.89144876  .00000351  00000-0  20792-3 0  6910
2 28353  71.0032 330.4656 0007305 270.7165  89.3120 14.14520738 67715
1 28353U 04021B   25043.96216515  .00000350  00000-0  20721-3 0    14
2 28353  71.0032 330.3173 0007310 270.6451  89.3834 14.14520789 67720
1 28353U 04021B   25044.52789625  .00000340  00000-0  20207-3 0    12
2 28353  71.0032 329.1303 0007328 270.1704  89.8579 14.14521249 67808
1 28353U 04021B   25044.95219446  .00000329  00000-0  19626-3 0    18
2 28353  71.0032 328.2401 0007337 269.7406  90.2875 14.14521578 67866
1 28353U 04021B   25045.16434356  .00000324  00000-0  19373-3 0  6921
2 28353  71.0032 327.7950 0007340 269.5873  90.4408 14.14521725 67890
1 28353U 04021B   25045.51792528  .00000305  00000-0  18356-3 0    11
2 28353  71.0032 327.0531 0007350 269.2547  90.7733 14.14521940 67943
1 28353U 04021B   25045.94222323  .00000299  00000-0  18045-3 0    16
2 28353  71.0032 326.1629 0007359 268.8312  91.1967 14.14522288 68003
1 28353U 04021B   25046.50795369  .00000278  00000-0  16961-3 0    16
2 28353  71.0032 324.9759 0007377 268.3036  91.7241 14.14522663 68087
1 28353U 04021B   25046.79081888  .00000266  00000-0  16318-3 0  6931
2 28353  71.0032 324.3824 0007378 268.0240  92.0038 14.14522847 68126
1 28353U 04021B   25046.93225139  .00000270  00000-0  16555-3 0    17
2 28353  71.0032 324.0857 0007397 267.8340  92.1936 14.14522985 68141
1 28353U 04021B   25047.49798166  .00000242  00000-0  15089-3 0    14
2 28353  71.0032 322.8987 0007399 267.3668  92.6607 14.14523282 68221
1 28353U 04021B   25047.85156291  .00000227  00000-0  14327-3 0  6946
2 28353  71.0031 322.1568 0007410 266.9865  93.0410 14.14523504 68275
1 28353U 04021B   25047.92227914  .00000233  00000-0  14638-3 0    19
2 28353  71.0031 322.0085 0007417 266.9025  93.1248 14.14523587 68285
1 28353U 04021B   25048.48800912  .00000226  00000-0  14255-3 0    13
2 28353  71.0031 320.8215 0007413 266.3617  93.6657 14.14523968 68364
1 28353U 04021B   25048.91230649  .00000199  00000-0  12875-3 0    10
2 28353  71.0031 319.9313 0007421 265.9392  94.0882 14.14524149 68420
1 28353U 04021B   25049.19517143  .00000192  00000-0  12483-3 0  6955
2 28353  71.0030 319.3378 0007431 265.6929  94.3344 14.14524282 68466
1 28353U 04021B   25049.47803629  .00000178  00000-0  11775-3 0    11
2 28353  71.0030 318.7443 0007436 265.4444  94.5829 14.14524411 68506
1 28353U 04021B   25049.90233354  .00000146  00000-0  10106-3 0    13
2 28353  71.0029 317.8541 0007447 265.0074  95.0198 14.14524518 68569
1 28353U 04021B   25050.46806316  .00000137  00000-0  96152-4 0  6966
2 28353  71.0029 316.6673 0007472 264.6344  95.3926 14.14524811 68642
1 28353U 04021B   25050.46806316  .00000137  00000-0  96152-4 0    16
2 28353  71.0029 316.6673 0007472 264.6344  95.3926 14.14524811 68642
1 28353U 04021B   25050.96307650  .00000103  00000-0  78704-4 0    14
2 28353  71.0028 315.6287 0007487 264.1350  95.8919 14.14524899 68710
1 28353U 04021B   25051.45808975  .00000095  00000-0  74056-4 0    11
2 28353  71.0028 314.5901 0007492 263.7161  96.3108 14.14525129 68782
1 28353U 04021B   25051.95310302  .00000058  00000-0  55263-4 0  6977
2 28353  71.0028 313.5516 0007504 263.2012  96.8256 14.14525159 68857
1 28353U 04021B   25052.44811621  .00000052  00000-0  51709-4 0    16
2 28353  71.0027 312.5130 0007511 262.7689  97.2579 14.14525341 68923
1 28353U 04021B   25052.87241317  .00000029  00000-0  40078-4 0    13
2 28353  71.0027 311.6228 0007519 262.3270  97.6998 14.14525403 68985
1 28353U 04021B   25053.08456168  .00000026  00000-0  38385-4 0  6986
2 28353  71.0027 311.1777 0007523 262.1387  97.8882 14.14525445 69016
1 28353U 04021B   25053.65029102  .00000014  00000-0  31898-4 0    10
2 28353  71.0025 309.9908 0007525 261.6075  98.4195 14.14525565 69090
1 28353U 04021B   25054.14530414  .00000002  00000-0  25842-4 0  6990
2 28353  71.0024 308.9521 0007528 261.1017  98.9253 14.14525635 69169
1 28353U 04021B   25054.92318189 -.00000014  00000-0  17498-4 0    18
2 28353  71.0022 307.3200 0007538 260.3352  99.6919 14.14525723 69275
1 28353U 04021B   25055.41819497 -.00000018  00000-0  15473-4 0  7002
2 28353  71.0021 306.2814 0007543 259.8659 100.1612 14.14525800 69344
1 28353U 04021B   25055.63034345 -.00000025  00000-0  11896-4 0    14
2 28353  71.0021 305.8363 0007543 259.6289 100.3983 14.14525800 69371
1 28353U 04021B   25055.70105958 -.00000028  00000-0  10203-4 0    15
2 28353  71.0021 305.6879 0007544 259.5532 100.4740 14.14525808 69383
1 28353U 04021B   25056.40822109 -.00000030  00000-0  90425-5 0    15
2 28353  71.0019 304.2041 0007549 258.8653 101.1620 14.14525888 69481
1 28353U 04021B   25056.90323409 -.00000038  00000-0  48751-5 0  7019
2 28353  71.0018 303.1655 0007555 258.3157 101.7118 14.14525917 69559
1 28353U 04021B   25056.97395028 -.00000042  00000-0  30552-5 0    10
2 28353  71.0018 303.0171 0007557 258.2370 101.7904 14.14525888 69560
1 28353U 04021B   25057.39824718 -.00000043  00000-0  26192-5 0    16
2 28353  71.0017 302.1267 0007554 257.8247 102.2029 14.14525933 69622
1 28353U 04021B   25057.68111182 -.00000055  00000-0 -38438-5 0    12
2 28353  71.0016 301.5332 0007545 257.4890 102.5389 14.14525900 69667
1 28353U 04021B   25058.10540876 -.00000057  00000-0 -47484-5 0  7027
2 28353  71.0015 300.6430 0007537 257.0730 102.9550 14.14525905 69721
1 28353U 04021B   25058.38827333 -.00000059  00000-0 -56473-5 0    15
2 28353  71.0014 300.0494 0007542 256.7677 103.2604 14.14525919 69769
1 28353U 04021B   25059.59044791 -.00000096  00000-0 -25401-4 0  7034
2 28353  71.0011 297.5270 0007522 255.4191 104.6097 14.14525802 69934
1 28353U 04021B   25060.58047422 -.00000132  00000-0 -43747-4 0    14
2 28353  71.0009 295.4496 0007484 254.2771 105.7526 14.14525622 70072
1 28353U 04021B   25060.86333884 -.00000143  00000-0 -49737-4 0  7042
2 28353  71.0008 294.8561 0007490 253.9542 106.0755 14.14525550 70119
1 28353U 04021B   25060.93405503 -.00000145  00000-0 -50806-4 0    19
2 28353  71.0008 294.7077 0007490 253.8799 106.1499 14.14525525 70122
1 28353U 04021B   25061.07548738 -.00000149  00000-0 -52826-4 0    11
2 28353  71.0008 294.4110 0007483 253.7155 106.3144 14.14525504 70142
1 28353U 04021B   25062.06551392 -.00000196  00000-0 -77256-4 0  7058
2 28353  71.0005 292.3336 0007472 252.5799 107.4507 14.14525146 70287
1 28353U 04021B   25061.92408152 -.00000190  00000-0 -74173-4 0    15
2 28353  71.0005 292.6304 0007476 252.7312 107.2993 14.14525203 70261
1 28353U 04021B   25062.06551392 -.00000196  00000-0 -77256-4 0    17
2 28353  71.0005 292.3336 0007472 252.5799 107.4507 14.14525146 70287
1 28353U 04021B   25062.91410827 -.00000219  00000-0 -89443-4 0    15
2 28353  71.0003 290.5530 0007451 251.5676 108.4636 14.14524883 70406
1 28353U 04021B   25063.33840558 -.00000221  00000-0 -90325-4 0  7066
2 28353  71.0001 289.6626 0007440 251.1187 108.9129 14.14524770 70463
1 28353U 04021B   25063.33840558 -.00000221  00000-0 -90325-4 0    14
2 28353  71.0001 289.6626 0007440 251.1187 108.9129 14.14524770 70463
1 28353U 04021B   25063.90413532 -.00000239  00000-0 -99856-4 0    12
2 28353  70.9999 288.4755 0007426 250.4176 109.6145 14.14524521 70540
1 28353U 04021B   25064.61129772 -.00000249  00000-0 -10465-3 0    10
2 28353  70.9996 286.9916 0007388 249.5326 110.5003 14.14524268 70645
1 28353U 04021B   25064.82344646 -.00000251  00000-0 -10605-3 0  7074
2 28353  70.9996 286.5464 0007384 249.2317 110.8014 14.14524165 70676
1 28353U 04021B   25064.89416274 -.00000253  00000-0 -10689-3 0    19
2 28353  70.9995 286.3981 0007381 249.1427 110.8905 14.14524117 70682
1 28353U 04021B   25065.60132544 -.00000260  00000-0 -11038-3 0    11
2 28353  70.9993 284.9142 0007347 248.2274 111.8066 14.14523810 70784
1 28353U 04021B   25065.74275797 -.00000262  00000-0 -11150-3 0    11
2 28353  70.9993 284.6174 0007349 248.0301 112.0041 14.14523732 70809
1 28353U 04021B   25066.30848829 -.00000253  00000-0 -10689-3 0  7086
2 28353  70.9991 283.4301 0007323 247.3455 112.6893 14.14523509 70881
1 28353U 04021B   25066.30848829 -.00000253  00000-0 -10689-3 0    12
2 28353  70.9991 283.4301 0007323 247.3455 112.6893 14.14523509 70881
1 28353U 04021B   25066.80350239 -.00000255  00000-0 -10794-3 0    19
2 28353  70.9990 282.3913 0007305 246.6876 113.3478 14.14523270 70956
1 28353U 04021B   25067.58138190 -.00000241  00000-0 -10069-3 0  7090
2 28353  70.9988 280.7588 0007253 245.6105 114.4261 14.14522988 71069
1 28353U 04021B   25067.01565134 -.00000253  00000-0 -10704-3 0    14
2 28353  70.9990 281.9461 0007287 246.3838 113.6520 14.14523179 70985
1 28353U 04021B   25067.93496350 -.00000228  00000-0 -94152-4 0    10
2 28353  70.9987 280.0167 0007236 245.1346 114.9024 14.14522878 71113
1 28353U 04021B   25068.57141050 -.00000212  00000-0 -85608-4 0    14
2 28353  70.9986 278.6810 0007195 244.1805 115.8576 14.14522707 71206
1 28353U 04021B   25068.78355953 -.00000209  00000-0 -84015-4 0  7100
2 28353  70.9985 278.2357 0007188 243.9634 116.0749 14.14522609 71235
1 28353U 04021B   25068.92499222 -.00000202  00000-0 -80189-4 0    18
2 28353  70.9985 277.9388 0007176 243.7627 116.2758 14.14522579 71252
1 28353U 04021B   25069.56143942 -.00000192  00000-0 -74958-4 0    19
2 28353  70.9983 276.6032 0007137 242.7316 117.3080 14.14522376 71348
1 28353U 04021B   25069.84430484 -.00000182  00000-0 -69968-4 0  7112
2 28353  70.9983 276.0096 0007131 242.4156 117.6242 14.14522288 71384
1 28353U 04021B   25069.84430484 -.00000182  00000-0 -69968-4 0    14
2 28353  70.9983 276.0096 0007131 242.4156 117.6242 14.14522288 71384
1 28353U 04021B   25070.55146861 -.00000173  00000-0 -65378-4 0    18
2 28353  70.9981 274.5254 0007097 241.7190 118.3216 14.14522037 71484
1 28353U 04021B   25070.83433411 -.00000168  00000-0 -62561-4 0    14
2 28353  70.9981 273.9318 0007089 241.4106 118.6304 14.14521938 71528
1 28353U 04021B   25070.97576690 -.00000166  00000-0 -61549-4 0  7128
2 28353  70.9981 273.6350 0007078 241.2018 118.8394 14.14521892 71541
1 28353U 04021B   25071.61221431 -.00000150  00000-0 -53181-4 0    17
2 28353  70.9980 272.2994 0007046 240.3339 119.7082 14.14521785 71635
1 28353U 04021B   25071.89507980 -.00000132  00000-0 -43860-4 0    16
2 28353  70.9979 271.7057 0007034 239.8500 120.1926 14.14521778 71676
1 28353U 04021B   25072.53152728 -.00000107  00000-0 -30701-4 0  7136
2 28353  70.9978 270.3700 0006995 238.9439 121.0997 14.14521752 71761
1 28353U 04021B   25072.60224366 -.00000107  00000-0 -30670-4 0    17
2 28353  70.9978 270.2216 0006991 238.8936 121.1501 14.14521737 71775
1 28353U 04021B   25072.95582561 -.00000090  00000-0 -22209-4 0    19
2 28353  70.9978 269.4796 0006974 238.3867 121.6575 14.14521716 71826
1 28353U 04021B   25073.59227308 -.00000060  00000-0 -64706-5 0    11
2 28353  70.9977 268.1439 0006945 237.4641 122.5811 14.14521775 71911
1 28353U 04021B   25073.87513869 -.00000051  00000-0 -17031-5 0  7142
2 28353  70.9977 267.5503 0006926 237.1477 122.8979 14.14521733 71955
1 28353U 04021B   25073.94585509 -.00000047  00000-0  32956-6 0    17
2 28353  70.9977 267.4018 0006921 237.0486 122.9971 14.14521743 71964
1 28353U 04021B   25074.58230253 -.00000018  00000-0  15287-4 0    15
2 28353  70.9976 266.0663 0006899 236.2072 123.8393 14.14521840 72057
1 28353U 04021B   25074.93588444  .00000000  00000-0  24905-4 0    19
2 28353  70.9976 265.3243 0006883 235.7699 124.2772 14.14521890 72102
1 28353U 04021B   25074.93588444  .00000000  00000-0  24905-4 0  7151
2 28353  70.9976 265.3243 0006883 235.7699 124.2772 14.14521890 72102
1 28353U 04021B   25075.57233183  .00000033  00000-0  42256-4 0    12
2 28353  70.9975 263.9887 0006858 234.9985 125.0494 14.14522060 72199
1 28353U 04021B   25075.92591384  .00000041  00000-0  45996-4 0    14
2 28353  70.9977 263.2467 0006840 234.6192 125.4292 14.14522039 72248
1 28353U 04021B   25076.20877931  .00000065  00000-0  58462-4 0  7162
2 28353  70.9977 262.6531 0006826 234.2714 125.7774 14.14522184 72286
1 28353U 04021B   25076.63307739  .00000083  00000-0  67908-4 0    15
2 28353  70.9977 261.7627 0006823 233.7141 126.3352 14.14522340 72347
1 28353U 04021B   25076.91594289  .00000103  00000-0  78468-4 0    10
2 28353  70.9977 261.1691 0006808 233.3762 126.6734 14.14522440 72382
1 28353U 04021B   25077.48167373  .00000140  00000-0  97902-4 0  7172
2 28353  70.9977 259.9819 0006782 232.6205 127.4300 14.14522718 72469
1 28353U 04021B   25077.55238999  .00000144  00000-0  99955-4 0    13
2 28353  70.9977 259.8334 0006768 232.6141 127.4366 14.14522777 72471
1 28353U 04021B   25077.90597169  .00000175  00000-0  11578-3 0    17
2 28353  70.9977 259.0914 0006752 232.1429 127.9083 14.14522981 72528
1 28353U 04021B   25078.54241851  .00000222  00000-0  14056-3 0  7184
2 28353  70.9977 257.7558 0006727 231.3115 128.7406 14.14523441 72612
1 28353U 04021B   25078.89600014  .00000238  00000-0  14881-3 0    10
2 28353  70.9979 257.0138 0006713 230.9398 129.1128 14.14523592 72662
1 28353U 04021B   25079.53244681  .00000259  00000-0  15998-3 0    19
2 28353  70.9979 255.6782 0006688 230.1593 129.8942 14.14523950 72750
1 28353U 04021B   25079.81531191  .00000289  00000-0  17522-3 0  7199
2 28353  70.9981 255.0847 0006684 229.9076 130.1461 14.14524195 72794
1 28353U 04021B   25080.59319082  .00000306  00000-0  18434-3 0    16
2 28353  70.9982 253.4522 0006651 228.9407 131.1141 14.14524664 72908
1 28353U 04021B   25080.87605577  .00000338  00000-0  20078-3 0    16
2 28353  70.9983 252.8586 0006643 228.6952 131.3600 14.14524961 72941
1 28353U 04021B   25081.15892058  .00000379  00000-0  22248-3 0  7204
2 28353  70.9983 252.2650 0006616 228.4103 131.6453 14.14525382 72984
1 28353U 04021B   25081.58321784  .00000375  00000-0  22026-3 0    16
2 28353  70.9984 251.3746 0006599 227.9204 132.1357 14.14525639 73049
1 28353U 04021B   25081.86608251  .00000404  00000-0  23535-3 0    13
2 28353  70.9984 250.7809 0006582 227.6158 132.4408 14.14525988 73080
1 28353U 04021B   25082.21966336  .00000442  00000-0  25497-3 0  7214
2 28353  70.9985 250.0389 0006564 227.1924 132.8647 14.14526454 73137
1 28353U 04021B   25082.57324410  .00000434  00000-0  25070-3 0    13
2 28353  70.9986 249.2969 0006551 226.8012 133.2564 14.14526705 73189
1 28353U 04021B   25082.85610858  .00000452  00000-0  26049-3 0    15
2 28353  70.9987 248.7032 0006530 226.4709 133.5871 14.14527040 73223
1 28353U 04021B   25083.49255351  .00000466  00000-0  26760-3 0  7224
2 28353  70.9988 247.3675 0006498 225.7200 134.3390 14.14527703 73314
1 28353U 04021B   25083.70470179  .00000467  00000-0  26801-3 0    12
2 28353  70.9989 246.9223 0006491 225.4669 134.5924 14.14527876 73347
1 28353U 04021B   25084.48257841  .00000478  00000-0  27386-3 0    18
2 28353  70.9991 245.2899 0006454 224.5531 135.5073 14.14528705 73458
1 28353U 04021B   25084.90687456  .00000474  00000-0  27192-3 0    15
2 28353  70.9992 244.3994 0006435 223.9822 136.0789 14.14529087 73511
1 28353U 04021B   25085.18973857  .00000495  00000-0  28249-3 0  7237
2 28353  70.9992 243.8057 0006421 223.6832 136.3783 14.14529481 73557
1 28353U 04021B   25085.54331854  .00000471  00000-0  27016-3 0    16
2 28353  70.9993 243.0637 0006412 223.1823 136.8797 14.14529725 73606
1 28353U 04021B   25085.82618243  .00000482  00000-0  27571-3 0    15
2 28353  70.9994 242.4701 0006401 222.8503 137.2121 14.14530059 73643
1 28353U 04021B   25086.53334188  .00000459  00000-0  26395-3 0    14
2 28353  70.9995 240.9862 0006370 222.1537 137.9096 14.14530704 73746
1 28353U 04021B   25086.67477373  .00000459  00000-0  26386-3 0  7245
2 28353  70.9995 240.6894 0006367 222.0238 138.0396 14.14530841 73760
1 28353U 04021B   25086.81620560  .00000456  00000-0  26235-3 0    17
2 28353  70.9995 240.3926 0006371 221.8918 138.1717 14.14530954 73785
1 28353U 04021B   25087.45264870  .00000435  00000-0  25121-3 0    16
2 28353  70.9996 239.0571 0006343 221.2786 138.7858 14.14531528 73873
1 28353U 04021B   25087.87694390  .00000428  00000-0  24795-3 0  7257
2 28353  70.9996 238.1667 0006336 220.8987 139.1661 14.14531922 73931
1 28353U 04021B   25087.87694390  .00000428  00000-0  24795-3 0    14
2 28353  70.9996 238.1667 0006336 220.8987 139.1661 14.14531922 73931
1 28353U 04021B   25088.30123899  .00000423  00000-0  24493-3 0    14
2 28353  70.9997 237.2764 0006317 220.4917 139.5736 14.14532342 73998
1 28353U 04021B   25088.86696554  .00000409  00000-0  23793-3 0    14
2 28353  70.9997 236.0891 0006311 219.9563 140.1096 14.14532848 74078
1 28353U 04021B   25089.50340767  .00000397  00000-0  23154-3 0  7269
2 28353  70.9999 234.7536 0006289 219.3684 140.6982 14.14533455 74167
1 28353U 04021B   25089.57412345  .00000397  00000-0  23174-3 0    16
2 28353  70.9999 234.6052 0006289 219.3199 140.7467 14.14533519 74171
1 28353U 04021B   25089.85698649  .00000395  00000-0  23053-3 0    14
2 28353  71.0000 234.0116 0006285 219.0222 141.0447 14.14533795 74214
1 28353U 04021B   25090.56414397  .00000377  00000-0  22136-3 0  7276
2 28353  71.0001 232.5277 0006259 218.3581 141.7097 14.14534411 74312
1 28353U 04021B   25090.63485978  .00000374  00000-0  21980-3 0    15
2 28353  71.0001 232.3793 0006246 218.2488 141.8192 14.14534442 74326
1 28353U 04021B   25090.84700697  .00000369  00000-0  21693-3 0    11
2 28353  71.0002 231.9341 0006248 218.1567 141.9114 14.14534600 74354
1 28353U 04021B   25091.55416401  .00000348  00000-0  20610-3 0    12
2 28353  71.0004 230.4502 0006226 217.4824 142.5865 14.14535179 74456
1 28353U 04021B   25091.83702683  .00000334  00000-0  19892-3 0  7284
2 28353  71.0006 229.8566 0006229 217.3175 142.7515 14.14535331 74499
1 28353U 04021B   25092.61489916  .00000324  00000-0  19358-3 0    12
2 28353  71.0009 228.2245 0006161 216.5321 143.5382 14.14536016 74603
1 28353U 04021B   25092.75633045  .00000324  00000-0  19340-3 0    12
2 28353  71.0009 227.9277 0006147 216.4079 143.6626 14.14536140 74629
1 28353U 04021B   25093.53420233  .00000302  00000-0  18216-3 0  7296
2 28353  71.0011 226.2954 0006116 215.7219 144.3494 14.14536731 74739
1 28353U 04021B   25093.60491795  .00000301  00000-0  18163-3 0    18
2 28353  71.0011 226.1470 0006118 215.6294 144.4421 14.14536773 74743
1 28353U 04021B   25093.81706475  .00000305  00000-0  18390-3 0    11
2 28353  71.0012 225.7019 0006101 215.4513 144.6205 14.14536985 74772
1 28353U 04021B   25094.59493617  .00000274  00000-0  16764-3 0    16
2 28353  71.0013 224.0696 0006074 214.7099 145.3627 14.14537497 74883
1 28353U 04021B   25094.73636731  .00000272  00000-0  16651-3 0  7300
2 28353  71.0014 223.7729 0006063 214.6068 145.4661 14.14537604 74902
1 28353U 04021B   25094.73636731  .00000272  00000-0  16651-3 0    11
2 28353  71.0014 223.7729 0006063 214.6068 145.4661 14.14537604 74902
1 28353U 04021B   25095.79710054  .00000229  00000-0  14393-3 0  7312
2 28353  71.0016 221.5472 0006010 213.6928 146.3813 14.14538257 75052
1 28353U 04021B   25095.79710054  .00000229  00000-0  14393-3 0    12
2 28353  71.0016 221.5472 0006010 213.6928 146.3813 14.14538257 75052
1 28353U 04021B   25096.78711788  .00000172  00000-0  11440-3 0    14
2 28353  71.0017 219.4700 0005969 212.8092 147.2660 14.14538693 75197
1 28353U 04021B   25097.56498839  .00000130  00000-0  92302-4 0  7322
2 28353  71.0018 217.8379 0005926 212.2056 147.8705 14.14539002 75303
1 28353U 04021B   25097.77713494  .00000122  00000-0  88359-4 0    19
2 28353  71.0020 217.3932 0005879 212.3981 147.6781 14.14539099 75332
1 28353U 04021B   25098.62572065  .00000090  00000-0  71719-4 0    17
2 28353  71.0020 215.6128 0005837 211.7153 148.3619 14.14539439 75457
1 28353U 04021B   25098.76715157  .00000092  00000-0  72503-4 0  7339
2 28353  71.0020 215.3160 0005830 211.6505 148.4268 14.14539523 75470
1 28353U 04021B   25098.76715157  .00000092  00000-0  72503-4 0    17
2 28353  71.0020 215.3160 0005830 211.6505 148.4268 14.14539523 75470
1 28353U 04021B   25099.47430618  .00000073  00000-0  62659-4 0    12
2 28353  71.0020 213.8323 0005795 210.9616 149.1165 14.14539809 75571
1 28353U 04021B   25099.68645261  .00000066  00000-0  59368-4 0    12
2 28353  71.0020 213.3872 0005785 210.7883 149.2901 14.14539846 75602
1 28353U 04021B   25100.25217627  .00000054  00000-0  52807-4 0  7340
2 28353  71.0021 212.2003 0005757 210.2735 149.8056 14.14540025 75683
1 28353U 04021B   25100.53503804  .00000056  00000-0  54177-4 0    17
2 28353  71.0021 211.6068 0005743 209.9781 150.1013 14.14540152 75722
1 28353U 04021B   25100.74718442  .00000039  00000-0  45329-4 0    16
2 28353  71.0021 211.1617 0005739 209.8957 150.1838 14.14540119 75757
1 28353U 04021B   25101.38362345  .00000022  00000-0  36280-4 0  7356
2 28353  71.0021 209.8264 0005716 209.3652 150.7150 14.14540241 75840
1 28353U 04021B   25101.73720070  .00000008  00000-0  29014-4 0    15
2 28353  71.0021 209.0846 0005704 209.1032 150.9773 14.14540239 75890
1 28353U 04021B   25102.58578608 -.00000018  00000-0  15516-4 0    11
2 28353  71.0021 207.3042 0005673 208.3153 151.7662 14.14540272 76017
1 28353U 04021B   25102.65650149 -.00000013  00000-0  17887-4 0  7363
2 28353  71.0021 207.1558 0005661 208.1573 151.9243 14.14540327 76027
1 28353U 04021B   25102.86864781 -.00000019  00000-0  15156-4 0    13
2 28353  71.0021 206.7107 0005647 207.9375 152.1445 14.14540354 76053
1 28353U 04021B   25103.57580226 -.00000034  00000-0  69309-5 0    18
2 28353  71.0021 205.2270 0005614 207.1164 152.9666 14.14540366 76157
1 28353U 04021B   25104.21224125 -.00000040  00000-0  42111-5 0  7378
2 28353  71.0020 203.8917 0005581 206.4887 153.5950 14.14540423 76242
1 28353U 04021B   25104.70724935 -.00000050  00000-0 -11405-5 0    14
2 28353  71.0020 202.8531 0005560 205.9384 154.1461 14.14540409 76312
1 28353U 04021B   25105.55583472 -.00000071  00000-0 -12311-4 0  7383
2 28353  71.0020 201.0727 0005517 204.9526 155.1331 14.14540344 76437
1 28353U 04021B   25105.55583472 -.00000071  00000-0 -12311-4 0    16
2 28353  71.0020 201.0727 0005517 204.9526 155.1331 14.14540344 76437
1 28353U 04021B   25105.69726559 -.00000070  00000-0 -11898-4 0    14
2 28353  71.0020 200.7760 0005504 204.7169 155.3691 14.14540371 76450
1 28353U 04021B   25106.61656638 -.00000098  00000-0 -26086-4 0    12
2 28353  71.0020 198.8472 0005457 203.6052 156.4821 14.14540269 76580
1 28353U 04021B   25106.68728181 -.00000098  00000-0 -26179-4 0  7393
2 28353  71.0020 198.6989 0005452 203.5029 156.5845 14.14540278 76597
1 28353U 04021B   25106.68728181 -.00000098  00000-0 -26179-4 0    15
2 28353  71.0020 198.6989 0005452 203.5029 156.5845 14.14540278 76597
1 28353U 04021B   25107.60658270 -.00000132  00000-0 -43810-4 0    19
2 28353  71.0019 196.7702 0005406 202.3330 157.7558 14.14540093 76722
1 28353U 04021B   25107.81872910 -.00000143  00000-0 -49839-4 0  7400
2 28353  71.0018 196.3250 0005392 202.1158 157.9733 14.14540023 76758
1 28353U 04021B   25107.81872910 -.00000143  00000-0 -49839-4 0    10
2 28353  71.0018 196.3250 0005392 202.1158 157.9733 14.14540023 76758
1 28353U 04021B   25109.23303839 -.00000180  00000-0 -68840-4 0  7412
2 28353  71.0015 193.3575 0005316 200.0988 159.9926 14.14539741 76959
1 28353U 04021B   25109.58661578 -.00000187  00000-0 -72362-4 0    17
2 28353  71.0015 192.6157 0005290 199.5916 160.5003 14.14539650 77001
1 28353U 04021B   25110.50591710 -.00000207  00000-0 -83029-4 0  7428
2 28353  71.0013 190.6869 0005245 198.2658 161.8277 14.14539396 77134
1 28353U 04021B   25110.64734808 -.00000205  00000-0 -82042-4 0    10
2 28353  71.0013 190.3901 0005212 198.1199 161.9738 14.14539400 77152
1 28353U 04021B   25111.49593410 -.00000209  00000-0 -84066-4 0    18
2 28353  71.0012 188.6096 0005159 196.8799 163.2153 14.14539203 77277
1 28353U 04021B   25111.63736511 -.00000208  00000-0 -83410-4 0  7439
2 28353  71.0011 188.3128 0005149 196.6307 163.4647 14.14539182 77299
1 28353U 04021B   25111.63736511 -.00000208  00000-0 -83410-4 0    16
2 28353  71.0011 188.3128 0005149 196.6307 163.4647 14.14539182 77299
1 28353U 04021B   25112.48595131 -.00000218  00000-0 -88694-4 0    11
2 28353  71.0009 186.5321 0005145 195.1053 164.9917 14.14538886 77419
1 28353U 04021B   25112.76881342 -.00000220  00000-0 -89611-4 0  7441
2 28353  71.0008 185.9386 0005119 194.6065 165.4910 14.14538813 77453
1 28353U 04021B   25112.76881342 -.00000220  00000-0 -89611-4 0    17
2 28353  71.0008 185.9386 0005119 194.6065 165.4910 14.14538813 77453
1 28353U 04021B   25113.68811558 -.00000215  00000-0 -87440-4 0    13
2 28353  71.0006 184.0099 0005039 193.3605 166.7385 14.14538510 77587
1 28353U 04021B   25114.18312445 -.00000216  00000-0 -87709-4 0  7454
2 28353  71.0005 182.9713 0005016 192.5681 167.5317 14.14538350 77650
1 28353U 04021B   25114.60741784 -.00000200  00000-0 -79334-4 0    16
2 28353  71.0004 182.0810 0004987 191.8719 168.2286 14.14538265 77713
1 28353U 04021B   25115.52672029 -.00000180  00000-0 -68700-4 0  7461
2 28353  71.0002 180.1522 0004947 190.3624 169.7397 14.14538034 77842
1 28353U 04021B   25115.66815146 -.00000176  00000-0 -67050-4 0    11
2 28353  71.0001 179.8554 0004941 190.0714 170.0310 14.14538004 77861
1 28353U 04021B   25116.87031638 -.00000138  00000-0 -47226-4 0  7479
2 28353  71.0000 177.3333 0004901 187.9944 172.1101 14.14537824 78034
1 28353U 04021B   25116.87031638 -.00000138  00000-0 -47226-4 0    12
2 28353  71.0000 177.3333 0004901 187.9944 172.1101 14.14537824 78034
1 28353U 04021B   25117.50675676 -.00000114  00000-0 -34765-4 0    17
2 28353  70.9998 175.9979 0004876 186.9408 173.1647 14.14537745 78121
1 28353U 04021B   25117.86033473 -.00000102  00000-0 -28386-4 0    18
2 28353  70.9998 175.2559 0004852 186.3140 173.7922 14.14537730 78170
1 28353U 04021B   25118.21391274 -.00000100  00000-0 -27450-4 0  7481
2 28353  70.9997 174.5141 0004842 185.6320 174.4749 14.14537667 78229
1 28353U 04021B   25118.49677517 -.00000093  00000-0 -23877-4 0    10
2 28353  70.9997 173.9205 0004828 185.1440 174.9634 14.14537605 78269
1 28353U 04021B   25121.53754626 -.00000014  00000-0  17547-4 0  7494
2 28353  70.9991 167.5402 0004701 179.5875 180.5252 14.14537572 78699
1 28353U 04021B   25121.53754626 -.00000014  00000-0  17547-4 0 56825
2 28353  70.9991 167.5402 0004701 179.5875 180.5252 14.14537572 78699
1 28353U 04021B   25122.52756471  .00000022  00000-0  36393-4 0    13
2 28353  70.9989 165.4628 0004659 177.6235 182.4910 14.14537713 78839
1 28353U 04021B   25122.81042709  .00000033  00000-0  42133-4 0  7509
2 28353  70.9988 164.8692 0004644 177.0540 183.0610 14.14537783 78874
1 28353U 04021B   25122.81042709  .00000033  00000-0  42133-4 0    18
2 28353  70.9988 164.8692 0004644 177.0540 183.0610 14.14537783 78874
1 28353U 04021B   25123.58829864  .00000065  00000-0  58528-4 0    18
2 28353  70.9987 163.2369 0004620 175.5344 184.5820 14.14537947 78989
1 28353U 04021B   25123.80044542  .00000068  00000-0  60473-4 0    10
2 28353  70.9986 162.7918 0004608 175.1097 185.0072 14.14537974 79019
1 28353U 04021B   25124.15402333  .00000083  00000-0  67881-4 0  7514
2 28353  70.9985 162.0498 0004597 174.4546 185.6628 14.14538090 79060
1 28353U 04021B   25124.57831682  .00000102  00000-0  77904-4 0    10
2 28353  70.9984 161.1595 0004574 173.7151 186.4030 14.14538199 79129
1 28353U 04021B   25124.64903239  .00000104  00000-0  78870-4 0    11
2 28353  70.9984 161.0111 0004568 173.5820 186.5362 14.14538221 79132
1 28353U 04021B   25125.42690363  .00000144  00000-0  99748-4 0  7523
2 28353  70.9983 159.3788 0004531 172.1548 187.9646 14.14538522 79249
1 28353U 04021B   25125.78048143  .00000158  00000-0  10735-3 0    15
2 28353  70.9982 158.6368 0004510 171.4726 188.6474 14.14538660 79296
1 28353U 04021B   25126.48763689  .00000197  00000-0  12736-3 0  7532
2 28353  70.9981 157.1528 0004477 170.2048 189.9163 14.14539001 79393
1 28353U 04021B   25126.48763689  .00000197  00000-0  12736-3 0    18
2 28353  70.9981 157.1528 0004477 170.2048 189.9163 14.14539001 79393
1 28353U 04021B   25127.76051622  .00000254  00000-0  15726-3 0  7548
2 28353  70.9980 154.4817 0004404 167.9151 192.2078 14.14539705 79574
1 28353U 04021B   25127.76051622  .00000254  00000-0  15726-3 0    13
2 28353  70.9980 154.4817 0004404 167.9151 192.2078 14.14539705 79574
1 28353U 04021B   25128.46767103  .00000289  00000-0  17537-3 0    19
2 28353  70.9980 152.9978 0004364 166.8426 193.2811 14.14540181 79670
1 28353U 04021B   25129.45768736  .00000329  00000-0  19616-3 0  7553
2 28353  70.9980 150.9202 0004304 165.0384 195.0867 14.14540892 79812
1 28353U 04021B   25129.24554105  .00000315  00000-0  18863-3 0    15
2 28353  70.9980 151.3654 0004320 165.4594 194.6654 14.14540708 79784
1 28353U 04021B   25129.45768736  .00000329  00000-0  19616-3 0    17
2 28353  70.9980 150.9202 0004304 165.0384 195.0867 14.14540892 79812
1 28353U 04021B   25130.44770318  .00000349  00000-0  20640-3 0    18
2 28353  70.9980 148.8426 0004242 163.2856 196.8407 14.14541581 79951
1 28353U 04021B   25131.01342622  .00000358  00000-0  21118-3 0  7563
2 28353  70.9980 147.6555 0004205 162.2773 197.8497 14.14542031 80039
1 28353U 04021B   25131.43771837  .00000368  00000-0  21636-3 0    12
2 28353  70.9981 146.7651 0004174 161.5806 198.5468 14.14542372 80091
1 28353U 04021B   25131.93272574  .00000371  00000-0  21788-3 0    13
2 28353  70.9981 145.7263 0004137 160.7141 199.4139 14.14542766 80161
1 28353U 04021B   25132.14487163  .00000378  00000-0  22159-3 0  7577
2 28353  70.9981 145.2811 0004124 160.3643 199.7639 14.14542996 80190
1 28353U 04021B   25132.42773285  .00000388  00000-0  22702-3 0    18
2 28353  70.9982 144.6876 0004101 159.8575 200.2710 14.14543268 80233
1 28353U 04021B   25133.20560097  .00000386  00000-0  22586-3 0  7587
2 28353  70.9982 143.0553 0004047 158.5348 201.5944 14.14543905 80344
1 28353U 04021B   25133.48846201  .00000390  00000-0  22791-3 0    15
2 28353  70.9983 142.4617 0004027 157.9994 202.1302 14.14544160 80380
1 28353U 04021B   25134.47847520  .00000378  00000-0  22184-3 0  7592
2 28353  70.9984 140.3841 0003959 156.2663 203.8642 14.14544968 80522
1 28353U 04021B   25135.46848776  .00000370  00000-0  21739-3 0    13
2 28353  70.9985 138.3066 0003890 154.5135 205.6179 14.14545813 80668
1 28353U 04021B   25135.68063321  .00000365  00000-0  21481-3 0  7657
2 28353  70.9985 137.8614 0003870 154.0666 206.0651 14.14545995 80697
1 28353U 04021B   25136.38778461  .00000357  00000-0  21048-3 0    16
2 28353  70.9986 136.3776 0003816 152.8235 207.3088 14.14546567 80794
1 28353U 04021B   25136.95350548  .00000345  00000-0  20467-3 0    12
2 28353  70.9987 135.1904 0003772 151.7998 208.3329 14.14547022 80875
1 28353U 04021B   25137.23636584  .00000367  00000-0  21601-3 0  7664
2 28353  70.9988 134.5970 0003744 151.3102 208.8227 14.14547377 80914
1 28353U 04021B   25137.44851109  .00000366  00000-0  21555-3 0    18
2 28353  70.9988 134.1517 0003731 150.7797 209.3534 14.14547564 80944
1 28353U 04021B   25138.50923686  .00000337  00000-0  20014-3 0  7672
2 28353  70.9988 131.9257 0003658 148.7937 211.3403 14.14548343 81092
1 28353U 04021B   25138.50923686  .00000337  00000-0  20014-3 0    13
2 28353  70.9988 131.9257 0003658 148.7937 211.3403 14.14548343 81092
1 28353U 04021B   25139.42853211  .00000307  00000-0  18482-3 0    14
2 28353  70.9989 129.9966 0003590 146.9504 213.1844 14.14548947 81226
1 28353U 04021B   25139.71139206  .00000289  00000-0  17537-3 0  7686
2 28353  70.9990 129.4030 0003565 146.3906 213.7443 14.14549092 81264
1 28353U 04021B   25140.41854177  .00000274  00000-0  16744-3 0    19
2 28353  70.9991 127.9189 0003512 145.3170 214.8182 14.14549572 81363
1 28353U 04021B   25140.70140157  .00000257  00000-0  15850-3 0    15
2 28353  70.9991 127.3254 0003487 144.7070 215.4284 14.14549721 81404
1 28353U 04021B   25141.19640616  .00000240  00000-0  14969-3 0  7697
2 28353  70.9992 126.2866 0003450 143.8563 216.2794 14.14550016 81470
1 28353U 04021B   25141.40855096  .00000234  00000-0  14670-3 0    12
2 28353  70.9992 125.8414 0003434 143.3953 216.7405 14.14550147 81507
1 28353U 04021B   25142.39855972  .00000205  00000-0  13147-3 0  7703
2 28353  70.9993 123.7638 0003361 141.7426 218.3936 14.14550709 81645
1 28353U 04021B   25142.39855972  .00000205  00000-0  13147-3 0    10
2 28353  70.9993 123.7638 0003361 141.7426 218.3936 14.14550709 81645
1 28353U 04021B   25143.38856815  .00000149  00000-0  10220-3 0    13
2 28353  70.9995 121.6863 0003281 139.9841 220.1524 14.14551071 81787
1 28353U 04021B   25143.88357221  .00000128  00000-0  91623-4 0  7713
2 28353  70.9996 120.6476 0003247 139.0444 221.0923 14.14551289 81851
1 28353U 04021B   25143.88357221  .00000128  00000-0  91623-4 0    19
2 28353  70.9996 120.6476 0003247 139.0444 221.0923 14.14551289 81851
1 28353U 04021B   25144.44929112  .00000104  00000-0  79041-4 0    10
2 28353  70.9997 119.4605 0003196 137.8270 222.3098 14.14551483 81930
1 28353U 04021B   25145.22715450  .00000068  00000-0  60326-4 0  7725
2 28353  70.9999 117.8283 0003139 136.2280 223.9091 14.14551688 82047
1 28353U 04021B   25145.43929906  .00000061  00000-0  56673-4 0    19
2 28353  70.9999 117.3831 0003117 135.7605 224.3767 14.14551754 82074
1 28353U 04021B   25145.65144360  .00000051  00000-0  51497-4 0    14
2 28353  70.9999 116.9380 0003101 135.2903 224.8470 14.14551795 82102
1 28353U 04021B   25147.91431868 -.00000042  00000-0  26963-5 0  7735
2 28353  71.0002 112.1897 0002973 129.9345 230.2039 14.14551999 82429
1 28353U 04021B   25147.91431868 -.00000042  00000-0  26963-5 0    19
2 28353  71.0002 112.1897 0002973 129.9345 230.2039 14.14551999 82429
1 28353U 04021B   25148.19717803 -.00000044  00000-0  17752-5 0    14
2 28353  71.0003 111.5962 0002953 129.3489 230.7896 14.14552022 82465
1 28353U 04021B   25148.62146708 -.00000054  00000-0 -33339-5 0    13
2 28353  71.0003 110.7058 0002930 128.1960 231.9427 14.14552048 82526
1 28353U 04021B   25149.18718580 -.00000064  00000-0 -84348-5 0  7742
2 28353  71.0003 109.5188 0002903 126.8853 233.2536 14.14552058 82608
1 28353U 04021B   25149.18718580 -.00000064  00000-0 -84348-5 0    15
2 28353  71.0003 109.5188 0002903 126.8853 233.2536 14.14552058 82608
1 28353U 04021B   25149.96504894 -.00000076  00000-0 -14539-4 0    19
2 28353  71.0004 107.8865 0002860 125.0231 235.1160 14.14552104 82713
1 28353U 04021B   25150.24790834 -.00000071  00000-0 -12000-4 0  7757
2 28353  71.0004 107.2930 0002842 124.3383 235.8009 14.14552112 82752
1 28353U 04021B   25150.60148257 -.00000083  00000-0 -18620-4 0    12
2 28353  71.0004 106.5511 0002827 123.4030 236.7363 14.14552059 82800
1 28353U 04021B   25150.95505677 -.00000093  00000-0 -23885-4 0    13
2 28353  71.0005 105.8092 0002814 122.5865 237.5529 14.14552030 82856
1 28353U 04021B   25151.30863111 -.00000100  00000-0 -27501-4 0  7760
2 28353  71.0005 105.0673 0002799 121.7866 238.3529 14.14551939 82909
1 28353U 04021B   25151.30863111 -.00000100  00000-0 -27501-4 0    11
2 28353  71.0005 105.0673 0002799 121.7866 238.3529 14.14551939 82909
1 28353U 04021B   25151.94506470 -.00000117  00000-0 -36188-4 0    12
2 28353  71.0005 103.7318 0002766 120.2665 239.8732 14.14551869 82998
1 28353U 04021B   25152.58149791 -.00000025  00000-0  11628-4 0    11
2 28353  71.0006 102.3963 0002729 118.7030 241.4367 14.14552455 83083
1 28353U 04021B   25152.86435781 -.00000125  00000-0 -40125-4 0  7775
2 28353  71.0006 101.8028 0002724 117.9502 242.1896 14.14551782 83121
1 28353U 04021B   25152.93507267 -.00000130  00000-0 -42701-4 0    10
2 28353  71.0006 101.6545 0002721 117.7864 242.3534 14.14551751 83137
1 28353U 04021B   25154.20794020 -.00000149  00000-0 -52987-4 0  7785
2 28353  71.0006  98.9836 0002686 114.6240 245.5163 14.14551529 83318
1 28353U 04021B   25154.56151447 -.00000145  00000-0 -50781-4 0    19
2 28353  71.0006  98.2417 0002690 113.7143 246.4262 14.14551550 83362
1 28353U 04021B   25155.55152291 -.00000194  00000-0 -76372-4 0  7797
2 28353  71.0007  96.1644 0002668 111.0514 249.0894 14.14551128 83507
1 28353U 04021B   25155.90509729 -.00000203  00000-0 -80910-4 0    10
2 28353  71.0007  95.4225 0002662 110.2099 249.9310 14.14551059 83557
1 28353U 04021B   25156.54153144 -.00000227  00000-0 -93593-4 0    14
2 28353  71.0008  94.0871 0002656 108.4742 251.6669 14.14550782 83646
1 28353U 04021B   25157.53154023 -.00000252  00000-0 -10632-3 0    11
2 28353  71.0009  92.0098 0002649 105.8593 254.2822 14.14550424 83781
1 28353U 04021B   25158.09725967 -.00000264  00000-0 -11294-3 0  7817
2 28353  71.0009  90.8229 0002650 104.5135 255.6281 14.14550188 83863
1 28353U 04021B   25158.52154930 -.00000267  00000-0 -11416-3 0    15
2 28353  71.0009  89.9326 0002651 103.3126 256.8292 14.14550055 83923
1 28353U 04021B   25158.80440916 -.00000276  00000-0 -11870-3 0    12
2 28353  71.0009  89.3391 0002658 102.5594 257.5826 14.14549914 83963
1 28353U 04021B   25159.15798394 -.00000274  00000-0 -11802-3 0  7826
2 28353  71.0010  88.5972 0002659 101.6211 258.5210 14.14549776 84019
1 28353U 04021B   25159.22869891 -.00000274  00000-0 -11794-3 0    19
2 28353  71.0010  88.4488 0002661 101.4234 258.7187 14.14549752 84026
1 28353U 04021B   25159.51155881 -.00000278  00000-0 -11974-3 0    12
2 28353  71.0010  87.8553 0002668 100.6515 259.4908 14.14549621 84060
1 28353U 04021B   25160.92585863 -.00000279  00000-0 -12053-3 0    16
2 28353  71.0009  84.8875 0002686  96.8729 263.2699 14.14549001 84269
1 28353U 04021B   25161.49157880 -.00000270  00000-0 -11588-3 0    16
2 28353  71.0009  83.7004 0002694  95.1516 264.9913 14.14548757 84349
1 28353U 04021B   25161.84515396 -.00000268  00000-0 -11465-3 0    16
2 28353  71.0009  82.9585 0002710  94.2842 265.8590 14.14548614 84393
1 28353U 04021B   25162.19872921 -.00000251  00000-0 -10610-3 0  7846
2 28353  71.0009  82.2165 0002739  93.3976 266.7460 14.14548499 84442
1 28353U 04021B   25162.48158940 -.00000252  00000-0 -10642-3 0    14
2 28353  71.0008  81.6229 0002739  92.5505 267.5931 14.14548354 84480
1 28353U 04021B   25162.83516460 -.00000242  00000-0 -10102-3 0    18
2 28353  71.0008  80.8810 0002749  91.6525 268.4912 14.14548270 84532
1 28353U 04021B   25163.47160019 -.00000219  00000-0 -89222-4 0  7857
2 28353  71.0007  79.5454 0002773  89.9709 270.1731 14.14548058 84624
1 28353U 04021B   25163.82517551 -.00000211  00000-0 -85273-4 0    18
2 28353  71.0007  78.8035 0002787  89.2647 270.8795 14.14547954 84676
1 28353U 04021B   25164.81518662 -.00000168  00000-0 -62724-4 0  7869
2 28353  71.0006  76.7261 0002833  86.8732 273.2714 14.14547756 84817
1 28353U 04021B   25164.81518662 -.00000168  00000-0 -62724-4 0    19
2 28353  71.0006  76.7261 0002833  86.8732 273.2714 14.14547756 84817
1 28353U 04021B   25165.45162256 -.00000156  00000-0 -56339-4 0    16
2 28353  71.0006  75.3908 0002865  85.6893 274.4556 14.14547508 84902
1 28353U 04021B   25165.80519807 -.00000153  00000-0 -54959-4 0    16
2 28353  71.0006  74.6488 0002881  84.9723 275.1728 14.14547399 84951
1 28353U 04021B   25166.15877362 -.00000139  00000-0 -47543-4 0  7874
2 28353  71.0006  73.9069 0002893  84.1249 276.0203 14.14547309 85002
1 28353U 04021B   25166.44163405 -.00000133  00000-0 -44716-4 0    14
2 28353  71.0006  73.3135 0002902  83.4264 276.7188 14.14547245 85042
1 28353U 04021B   25167.43164561 -.00000102  00000-0 -28422-4 0  7882
2 28353  71.0006  71.2361 0002947  81.2780 278.8676 14.14547110 85189
1 28353U 04021B   25167.43164561 -.00000102  00000-0 -28422-4 0    10
2 28353  71.0006  71.2361 0002947  81.2780 278.8676 14.14547110 85189
1 28353U 04021B   25168.42165722 -.00000066  00000-0 -93916-5 0    10
2 28353  71.0007  69.1588 0002986  79.0491 281.0967 14.14547067 85320
1 28353U 04021B   25169.12880835 -.00000040  00000-0  39292-5 0  7898
2 28353  71.0007  67.6749 0003005  77.4972 282.6487 14.14547066 85425
1 28353U 04021B   25169.12880835 -.00000040  00000-0  39292-5 0    15
2 28353  71.0007  67.6749 0003005  77.4972 282.6487 14.14547066 85425
1 28353U 04021B   25169.69452926 -.00000023  00000-0  12840-4 0    13
2 28353  71.0006  66.4878 0003028  76.2421 283.9039 14.14547100 85500
1 28353U 04021B   25170.40168042  .00000007  00000-0  28281-4 0  7909
2 28353  71.0006  65.0039 0003055  74.6412 285.5047 14.14547159 85608
1 28353U 04021B   25170.40168042  .00000007  00000-0  28281-4 0    14
2 28353  71.0006  65.0039 0003055  74.6412 285.5047 14.14547159 85608
1 28353U 04021B   25170.68454088  .00000013  00000-0  31396-4 0    10
2 28353  71.0006  64.4104 0003063  74.0675 286.0785 14.14547175 85645
1 28353U 04021B   25171.39169199  .00000041  00000-0  46280-4 0    14
2 28353  71.0006  62.9265 0003087  72.2487 287.8972 14.14547269 85745
1 28353U 04021B   25171.67455245  .00000045  00000-0  48380-4 0  7918
2 28353  71.0006  62.3330 0003098  71.6932 288.4527 14.14547288 85780
1 28353U 04021B   25171.67455245  .00000045  00000-0  48380-4 0    12
2 28353  71.0006  62.3330 0003098  71.6932 288.4527 14.14547288 85780
1 28353U 04021B   25172.38170349  .00000077  00000-0  65077-4 0    17
2 28353  71.0006  60.8490 0003125  69.9971 290.1487 14.14547437 85886
1 28353U 04021B   25172.66456387  .00000088  00000-0  70585-4 0    19
2 28353  71.0006  60.2555 0003133  69.4500 290.6958 14.14547517 85926
1 28353U 04021B   25173.08885441  .00000110  00000-0  81973-4 0  7929
2 28353  71.0006  59.3651 0003145  68.3141 291.8316 14.14547639 85986
1 28353U 04021B   25173.37171475  .00000122  00000-0  88303-4 0    16
2 28353  71.0006  58.7715 0003158  67.6458 292.4999 14.14547736 86025
1 28353U 04021B   25174.36172579  .00000168  00000-0  11254-3 0  7930
2 28353  71.0006  56.6939 0003198  65.4822 294.6633 14.14548122 86169
1 28353U 04021B   25174.36172579  .00000168  00000-0  11254-3 0    12
2 28353  71.0006  56.6939 0003198  65.4822 294.6633 14.14548122 86169
1 28353U 04021B   25174.92744621  .00000192  00000-0  12482-3 0    18
2 28353  71.0006  55.5068 0003213  64.3042 295.8412 14.14548374 86246
1 28353U 04021B   25175.35173649  .00000213  00000-0  13590-3 0    17
2 28353  71.0007  54.6164 0003234  63.1863 296.9589 14.14548590 86309
1 28353U 04021B   25175.70531161  .00000225  00000-0  14181-3 0  7942
2 28353  71.0006  53.8744 0003241  62.2626 297.8825 14.14548780 86357
1 28353U 04021B   25175.70531161  .00000225  00000-0  14181-3 0    13
2 28353  71.0006  53.8744 0003241  62.2626 297.8825 14.14548780 86357
1 28353U 04021B   25176.41246183  .00000250  00000-0  15519-3 0    13
2 28353  71.0007  52.3904 0003267  60.5060 299.6388 14.14549127 86452
1 28353U 04021B   25177.04889679  .00000271  00000-0  16588-3 0  8003
2 28353  71.0008  51.0549 0003286  58.9515 301.1930 14.14549493 86549
1 28353U 04021B   25177.40247167  .00000281  00000-0  17090-3 0    16
2 28353  71.0008  50.3129 0003300  57.9795 302.1647 14.14549716 86590
1 28353U 04021B   25177.75604647  .00000284  00000-0  17257-3 0    12
2 28353  71.0008  49.5710 0003310  57.1751 302.9689 14.14549931 86640
1 28353U 04021B   25178.39248101  .00000299  00000-0  18067-3 0  8016
2 28353  71.0009  48.2354 0003335  55.4620 304.6817 14.14550337 86738
1 28353U 04021B   25178.39248101  .00000299  00000-0  18067-3 0    18
2 28353  71.0009  48.2354 0003335  55.4620 304.6817 14.14550337 86738
1 28353U 04021B   25178.88748545  .00000305  00000-0  18357-3 0    19
2 28353  71.0009  47.1967 0003345  54.3120 305.8313 14.14550668 86809
1 28353U 04021B   25179.59463448  .00000311  00000-0  18654-3 0    11
2 28353  71.0010  45.7128 0003374  52.5601 307.5828 14.14551157 86905
1 28353U 04021B   25179.87749399  .00000311  00000-0  18662-3 0  8022
2 28353  71.0010  45.1192 0003380  51.8672 308.2754 14.14551337 86947
1 28353U 04021B   25179.94820888  .00000313  00000-0  18786-3 0    13
2 28353  71.0011  44.9708 0003384  51.6467 308.4959 14.14551389 86959
1 28353U 04021B   25180.08963862  .00000314  00000-0  18853-3 0    16
2 28353  71.0011  44.6740 0003391  51.3098 308.8327 14.14551497 86972
1 28353U 04021B   25180.93821679  .00000314  00000-0  18811-3 0    13
2 28353  71.0012  42.8933 0003419  49.1580 310.9838 14.14552099 87093
1 28353U 04021B   25181.07964644  .00000315  00000-0  18870-3 0  8035
2 28353  71.0012  42.5965 0003426  48.8499 311.2919 14.14552214 87114
1 28353U 04021B   25181.07964644  .00000315  00000-0  18870-3 0    15
2 28353  71.0012  42.5965 0003426  48.8499 311.2919 14.14552214 87114
1 28353U 04021B   25181.92822413  .00000312  00000-0  18745-3 0    14
2 28353  71.0012  40.8157 0003453  46.7481 313.3929 14.14552838 87235
1 28353U 04021B   25182.06965370  .00000312  00000-0  18750-3 0    16
2 28353  71.0013  40.5189 0003460  46.4743 313.6667 14.14552956 87259
1 28353U 04021B   25182.84751616  .00000301  00000-0  18162-3 0  8044
2 28353  71.0013  38.8865 0003483  44.5300 315.6102 14.14553488 87362
1 28353U 04021B   25182.84751616  .00000301  00000-0  18162-3 0    13
2 28353  71.0013  38.8865 0003483  44.5300 315.6102 14.14553488 87362
1 28353U 04021B   25183.62537831  .00000288  00000-0  17487-3 0    14
2 28353  71.0014  37.2541 0003516  42.6560 317.4834 14.14554036 87475
1 28353U 04021B   25183.83752251  .00000282  00000-0  17167-3 0    11
2 28353  71.0014  36.8089 0003518  42.0803 318.0589 14.14554135 87501
1 28353U 04021B   25184.04966664  .00000278  00000-0  16980-3 0  8059
2 28353  71.0014  36.3636 0003525  41.7350 318.4041 14.14554281 87537
1 28353U 04021B   25184.61538430  .00000261  00000-0  16089-3 0    18
2 28353  71.0014  35.1765 0003552  40.0975 320.0408 14.14554621 87615
1 28353U 04021B   25184.89824302  .00000259  00000-0  15964-3 0    12
2 28353  71.0015  34.5828 0003556  39.4654 320.6727 14.14554798 87658
1 28353U 04021B   25185.67610437  .00000238  00000-0  14859-3 0  8063
2 28353  71.0015  32.9504 0003590  37.5198 322.6174 14.14555278 87765
1 28353U 04021B   25185.60538972  .00000240  00000-0  14997-3 0    12
2 28353  71.0015  33.0988 0003588  37.7199 322.4174 14.14555241 87750
1 28353U 04021B   25185.88824834  .00000234  00000-0  14681-3 0    10
2 28353  71.0015  32.5051 0003595  36.8946 323.2423 14.14555382 87799
1 28353U 04021B   25186.59539479  .00000206  00000-0  13204-3 0    16
2 28353  71.0015  31.0211 0003629  35.1756 324.9606 14.14555733 87892
1 28353U 04021B   25186.73682403  .00000203  00000-0  13052-3 0  8070
2 28353  71.0016  30.7243 0003631  34.7755 325.3604 14.14555805 87917
1 28353U 04021B   25186.73682403  .00000203  00000-0  13052-3 0    16
2 28353  71.0016  30.7243 0003631  34.7755 325.3604 14.14555805 87917
1 28353U 04021B   25187.58539945  .00000174  00000-0  11518-3 0    14
2 28353  71.0016  28.9435 0003669  32.7329 327.4020 14.14556202 88036
1 28353U 04021B   25187.86825787  .00000166  00000-0  11148-3 0  8082
2 28353  71.0016  28.3499 0003681  31.9644 328.1701 14.14556316 88079
1 28353U 04021B   25187.93897246  .00000165  00000-0  11080-3 0    18
2 28353  71.0016  28.2015 0003686  31.7863 328.3481 14.14556358 88082
1 28353U 04021B   25188.57540377  .00000140  00000-0  97707-4 0    13
2 28353  71.0016  26.8660 0003720  30.2239 329.9097 14.14556627 88171
1 28353U 04021B   25188.92897670  .00000127  00000-0  91026-4 0    16
2 28353  71.0017  26.1240 0003742  29.1879 330.9452 14.14556730 88228
1 28353U 04021B   25188.99969125  .00000126  00000-0  90415-4 0  8094
2 28353  71.0017  25.9756 0003739  29.1250 331.0080 14.14556774 88234
1 28353U 04021B   25189.56540782  .00000098  00000-0  75992-4 0    17
2 28353  71.0017  24.7883 0003764  27.8052 332.3271 14.14556941 88316
1 28353U 04021B   25189.84826608  .00000088  00000-0  70615-4 0    18
2 28353  71.0017  24.1948 0003778  26.9787 333.1531 14.14557002 88353
1 28353U 04021B   25190.83826993  .00000043  00000-0  47207-4 0  8106
2 28353  71.0018  22.1174 0003847  24.5602 335.5703 14.14557207 88499
1 28353U 04021B   25190.90898448  .00000042  00000-0  46466-4 0    15
2 28353  71.0018  21.9690 0003852  24.3890 335.7414 14.14557230 88501
1 28353U 04021B   25191.61612994  .00000009  00000-0  29421-4 0    19
2 28353  71.0018  20.4851 0003893  22.7182 337.4112 14.14557349 88601
1 28353U 04021B   25191.82827360  .00000001  00000-0  25410-4 0    13
2 28353  71.0019  20.0399 0003904  22.1641 337.9649 14.14557350 88637
1 28353U 04021B   25192.81827720 -.00000038  00000-0  51742-5 0  8111
2 28353  71.0019  17.9625 0003963  19.8905 340.2371 14.14557428 88775
1 28353U 04021B   25192.81827720 -.00000038  00000-0  51742-5 0    12
2 28353  71.0019  17.9625 0003963  19.8905 340.2371 14.14557428 88775
1 28353U 04021B   25193.52542271 -.00000071  00000-0 -12107-4 0    15
2 28353  71.0020  16.4786 0004012  18.3439 341.7828 14.14557398 88871
1 28353U 04021B   25193.73756627 -.00000073  00000-0 -13090-4 0    14
2 28353  71.0020  16.0334 0004020  17.8248 342.3015 14.14557421 88903
1 28353U 04021B   25193.94970992 -.00000078  00000-0 -16024-4 0  8125
2 28353  71.0020  15.5882 0004036  17.3372 342.7888 14.14557419 88937
1 28353U 04021B   25194.51542630 -.00000099  00000-0 -26715-4 0    14
2 28353  71.0020  14.4011 0004074  16.1616 343.9636 14.14557387 89017
1 28353U 04021B   25194.93971362 -.00000112  00000-0 -33481-4 0    12
2 28353  71.0020  13.5107 0004097  15.1895 344.9349 14.14557319 89079
1 28353U 04021B   25195.22257182 -.00000120  00000-0 -37654-4 0  8138
2 28353  71.0020  12.9171 0004118  14.5743 345.5497 14.14557292 89118
1 28353U 04021B   25195.50543006 -.00000131  00000-0 -43361-4 0    15
2 28353  71.0020  12.3235 0004132  14.0529 346.0707 14.14557246 89159
1 28353U 04021B   25195.92971745 -.00000143  00000-0 -49513-4 0    14
2 28353  71.0020  11.4332 0004156  13.1275 346.9954 14.14557143 89217
1 28353U 04021B   25196.56614851 -.00000159  00000-0 -58214-4 0  8144
2 28353  71.0020  10.0976 0004193  11.9627 348.1594 14.14557047 89301
1 28353U 04021B   25196.56614851 -.00000159  00000-0 -58214-4 0    12
2 28353  71.0020  10.0976 0004193  11.9627 348.1594 14.14557047 89301
1 28353U 04021B   25196.91972139 -.00000165  00000-0 -61089-4 0    18
2 28353  71.0020   9.3556 0004216  11.2268 348.8947 14.14556955 89357
1 28353U 04021B   25197.62686716 -.00000184  00000-0 -70864-4 0    12
2 28353  71.0020   7.8717 0004259   9.9027 350.2179 14.14556782 89456
1 28353U 04021B   25197.83901094 -.00000186  00000-0 -71955-4 0  8151
2 28353  71.0020   7.4265 0004271   9.4994 350.6209 14.14556716 89480
1 28353U 04021B   25197.90972553 -.00000187  00000-0 -72711-4 0    16
2 28353  71.0020   7.2781 0004276   9.3696 350.7505 14.14556696 89492
1 28353U 04021B   25198.47544225 -.00000200  00000-0 -79384-4 0    19
2 28353  71.0020   6.0909 0004310   8.3821 351.7372 14.14556552 89572
1 28353U 04021B   25198.82901524 -.00000204  00000-0 -81323-4 0    17
2 28353  71.0021   5.3490 0004331   7.7167 352.4021 14.14556443 89623
1 28353U 04021B   25199.46544667 -.00000216  00000-0 -87761-4 0  8168
2 28353  71.0020   4.0135 0004366   6.6488 353.4691 14.14556262 89719
1 28353U 04021B   25199.46544667 -.00000216  00000-0 -87761-4 0    14
2 28353  71.0020   4.0135 0004366   6.6488 353.4691 14.14556262 89719
1 28353U 04021B   25199.74830510 -.00000218  00000-0 -88596-4 0    19
2 28353  71.0021   3.4199 0004381   6.1373 353.9802 14.14556175 89754
1 28353U 04021B   25200.52616591 -.00000234  00000-0 -97138-4 0  8174
2 28353  71.0021   1.7876 0004426   4.9243 355.1922 14.14555925 89860
1 28353U 04021B   25200.52616591 -.00000234  00000-0 -97138-4 0    19
2 28353  71.0021   1.7876 0004426   4.9243 355.1922 14.14555925 89860
1 28353U 04021B   25200.80902443 -.00000235  00000-0 -97619-4 0    19
2 28353  71.0022   1.1941 0004439   4.3963 355.7198 14.14555824 89909
1 28353U 04021B   25201.51617083 -.00000254  00000-0 -10762-3 0    15
2 28353  71.0022 359.7102 0004480   3.3539 356.7612 14.14555547 90001
1 28353U 04021B   25201.86974412 -.00000260  00000-0 -11066-3 0  8186
2 28353  71.0022 358.9683 0004498   2.7690 357.3456 14.14555380 90059
1 28353U 04021B   25201.86974412 -.00000260  00000-0 -11066-3 0    10
2 28353  71.0022 358.9683 0004498   2.7690 357.3456 14.14555380 90059
1 28353U 04021B   25202.57689071 -.00000277  00000-0 -11932-3 0    13
2 28353  71.0022 357.4844 0004529   1.6792 358.4345 14.14555086 90151
1 28353U 04021B   25202.85974944 -.00000280  00000-0 -12092-3 0    12
2 28353  71.0022 356.8909 0004543   1.2145 358.8987 14.14554949 90197
1 28353U 04021B   25203.14260814 -.00000282  00000-0 -12182-3 0  8198
2 28353  71.0022 356.2974 0004558   0.9112 359.2018 14.14554855 90230
1 28353U 04021B   25203.56689626 -.00000290  00000-0 -12611-3 0    19
2 28353  71.0022 355.4071 0004581   0.3066 359.8058 14.14554666 90293
1 28353U 04021B   25204.55690217 -.00000305  00000-0 -13416-3 0  8207
2 28353  71.0023 353.3298 0004617 358.8695   1.2416 14.14554185 90439
1 28353U 04021B   25204.62761690 -.00000305  00000-0 -13395-3 0    16
2 28353  71.0023 353.1814 0004620 358.7544   1.3566 14.14554145 90441
1 28353U 04021B   25204.83976110 -.00000305  00000-0 -13398-3 0    17
2 28353  71.0023 352.7363 0004632 358.4943   1.6164 14.14554045 90477
1 28353U 04021B   25205.54690839 -.00000313  00000-0 -13808-3 0    12
2 28353  71.0023 351.2524 0004658 357.4471   2.6627 14.14553718 90575
1 28353U 04021B   25205.82976741 -.00000307  00000-0 -13496-3 0  8218
2 28353  71.0023 350.6589 0004670 357.0692   3.0402 14.14553599 90612
1 28353U 04021B   25206.53691499 -.00000308  00000-0 -13562-3 0    16
2 28353  71.0023 349.1751 0004697 356.1310   3.9776 14.14553277 90719
1 28353U 04021B   25206.74905933 -.00000301  00000-0 -13196-3 0    16
2 28353  71.0023 348.7300 0004707 355.8765   4.2317 14.14553189 90746
1 28353U 04021B   25207.52692200 -.00000296  00000-0 -12932-3 0  8224
2 28353  71.0023 347.0977 0004745 354.9995   5.1079 14.14552846 90851
1 28353U 04021B   25207.80978125 -.00000287  00000-0 -12485-3 0    10
2 28353  71.0023 346.5040 0004772 354.7136   5.3935 14.14552723 90892
1 28353U 04021B   25208.58764418 -.00000277  00000-0 -11926-3 0    12
2 28353  71.0023 344.8718 0004799 353.7097   6.3964 14.14552390 91006
1 28353U 04021B   25208.79978872 -.00000267  00000-0 -11405-3 0  8239
2 28353  71.0023 344.4266 0004823 353.6540   6.4520 14.14552320 91035
1 28353U 04021B   25208.79978872 -.00000267  00000-0 -11405-3 0    17
2 28353  71.0023 344.4266 0004823 353.6540   6.4520 14.14552320 91035
1 28353U 04021B   25209.57765197 -.00000257  00000-0 -10889-3 0    12
2 28353  71.0022 342.7943 0004857 352.6740   7.4311 14.14551971 91147
1 28353U 04021B   25210.07265606 -.00000253  00000-0 -10719-3 0  8240
2 28353  71.0022 341.7555 0004902 352.0577   8.0467 14.14551711 91217
1 28353U 04021B   25210.56766009 -.00000243  00000-0 -10168-3 0    11
2 28353  71.0022 340.7168 0004915 351.3751   8.7286 14.14551525 91282
1 28353U 04021B   25210.77980472 -.00000233  00000-0 -96561-4 0    17
2 28353  71.0022 340.2717 0004922 351.1357   8.9678 14.14551462 91316
1 28353U 04021B   25211.55766843 -.00000213  00000-0 -86235-4 0  8257
2 28353  71.0022 338.6395 0004948 350.2453   9.8573 14.14551197 91425
1 28353U 04021B   25211.62838334 -.00000211  00000-0 -84953-4 0    19
2 28353  71.0022 338.4912 0004949 350.1673   9.9352 14.14551169 91438
1 28353U 04021B   25211.76981313 -.00000203  00000-0 -80713-4 0    11
2 28353  71.0022 338.1944 0004958 350.0763  10.0261 14.14551145 91457
1 28353U 04021B   25212.61839188 -.00000172  00000-0 -64561-4 0    16
2 28353  71.0022 336.4139 0004982 349.1420  10.9594 14.14550955 91579
1 28353U 04021B   25212.75982169 -.00000162  00000-0 -59667-4 0  8264
2 28353  71.0022 336.1171 0004991 349.0187  11.0826 14.14550946 91593
1 28353U 04021B   25212.75982169 -.00000162  00000-0 -59667-4 0    19
2 28353  71.0022 336.1171 0004991 349.0187  11.0826 14.14550946 91593
1 28353U 04021B   25213.46697078 -.00000142  00000-0 -48918-4 0    15
2 28353  71.0022 334.6333 0005013 348.2776  11.8228 14.14550807 91698
1 28353U 04021B   25214.45697965 -.00000110  00000-0 -32416-4 0  8277
2 28353  71.0022 332.5560 0005049 347.2791  12.8203 14.14550652 91830
1 28353U 04021B   25214.45697965 -.00000110  00000-0 -32416-4 0    11
2 28353  71.0022 332.5560 0005049 347.2791  12.8203 14.14550652 91830
1 28353U 04021B   25215.51770356 -.00000073  00000-0 -12981-4 0  8285
2 28353  71.0022 330.3304 0005091 346.1557  13.9425 14.14550556 91984
1 28353U 04021B   25215.51770356 -.00000073  00000-0 -12981-4 0    18
2 28353  71.0022 330.3304 0005091 346.1557  13.9425 14.14550556 91984
1 28353U 04021B   25215.58841847 -.00000068  00000-0 -10478-4 0    12
2 28353  71.0022 330.1819 0005095 346.0103  14.0877 14.14550559 91990
1 28353U 04021B   25216.50771256 -.00000036  00000-0  62513-5 0    13
2 28353  71.0021 328.2531 0005127 344.9145  15.1823 14.14550545 92121
1 28353U 04021B   25216.71985732 -.00000020  00000-0  14230-4 0  8295
2 28353  71.0021 327.8079 0005140 344.8181  15.2786 14.14550594 92153
1 28353U 04021B   25216.71985732 -.00000020  00000-0  14230-4 0    17
2 28353  71.0021 327.8079 0005140 344.8181  15.2786 14.14550594 92153
1 28353U 04021B   25217.56843642  .00000011  00000-0  30293-4 0    10
2 28353  71.0021 326.0273 0005168 343.8526  16.2431 14.14550655 92271
1 28353U 04021B   25218.69987519  .00000059  00000-0  55334-4 0 62762
2 28353  71.0020 323.6532 0005222 342.6660  17.4283 14.14550828 92436
1 28353U 04021B   25219.54845410  .00000099  00000-0  76134-4 0 62822
2 28353  71.0020 321.8726 0005258 341.6856  18.4076 14.14551063 92552
1 28353U 04021B   25219.54845410  .00000099  00000-0  76134-4 0    15
2 28353  71.0020 321.8726 0005258 341.6856  18.4076 14.14551063 92552
1 28353U 04021B   25219.54845410  .00000099  00000-0  76134-4 0  8338
2 28353  71.0020 321.8726 0005258 341.6856  18.4076 14.14551063 92552
1 28353U 04021B   25220.60917749  .00000152  00000-0  10381-3 0    10
2 28353  71.0020 319.6469 0005313 340.3497  19.7420 14.14551450 92704
1 28353U 04021B   25220.67989237  .00000156  00000-0  10626-3 0  8348
2 28353  71.0020 319.4985 0005315 340.3329  19.7587 14.14551492 92712
1 28353U 04021B   25220.67989237  .00000156  00000-0  10626-3 0    14
2 28353  71.0020 319.4985 0005315 340.3329  19.7587 14.14551492 92712
1 28353U 04021B   25221.59918561  .00000212  00000-0  13514-3 0    10
2 28353  71.0020 317.5694 0005355 339.2158  20.8746 14.14551988 92843
1 28353U 04021B   25221.95275982  .00000233  00000-0  14619-3 0  8358
2 28353  71.0019 316.8274 0005378 338.8227  21.2672 14.14552218 92899
1 28353U 04021B   25222.58919337  .00000254  00000-0  15711-3 0    19
2 28353  71.0020 315.4920 0005408 338.0231  22.0659 14.14552530 92986
1 28353U 04021B   25223.22562668  .00000278  00000-0  16958-3 0  8368
2 28353  71.0019 314.1565 0005433 337.3045  22.7836 14.14552944 93072
1 28353U 04021B   25223.22562668  .00000278  00000-0  16958-3 0    12
2 28353  71.0019 314.1565 0005433 337.3045  22.7836 14.14552944 93072
1 28353U 04021B   25223.57920067  .00000291  00000-0  17615-3 0    17
2 28353  71.0019 313.4146 0005454 336.8517  23.2359 14.14553153 93125
1 28353U 04021B   25223.64991546  .00000294  00000-0  17781-3 0    12
2 28353  71.0019 313.2662 0005459 336.7853  23.3022 14.14553208 93133
1 28353U 04021B   25224.42777791  .00000311  00000-0  18684-3 0  8373
2 28353  71.0019 311.6340 0005498 335.8424  24.2440 14.14553736 93247
1 28353U 04021B   25224.56920745  .00000315  00000-0  18859-3 0    18
2 28353  71.0019 311.3372 0005506 335.6816  24.4046 14.14553816 93267
1 28353U 04021B   25224.63992220  .00000316  00000-0  18958-3 0    14
2 28353  71.0019 311.1888 0005511 335.6102  24.4759 14.14553870 93273
1 28353U 04021B   25225.55921372  .00000326  00000-0  19434-3 0    17
2 28353  71.0019 309.2598 0005565 334.4498  25.6348 14.14554487 93400
1 28353U 04021B   25225.62992843  .00000327  00000-0  19500-3 0    11
2 28353  71.0019 309.1115 0005570 334.3749  25.7096 14.14554543 93413
1 28353U 04021B   25226.47850459  .00000342  00000-0  20269-3 0    12
2 28353  71.0019 307.3309 0005617 333.1768  26.9063 14.14555248 93531
1 28353U 04021B   25226.61993394  .00000344  00000-0  20397-3 0    18
2 28353  71.0019 307.0341 0005630 333.0294  27.0535 14.14555358 93552
1 28353U 04021B   25227.46850966  .00000344  00000-0  20370-3 0    10
2 28353  71.0018 305.2535 0005677 331.9042  28.1773 14.14556012 93672
1 28353U 04021B   25225.55921372  .00000326  00000-0  19434-3 0  8385
2 28353  71.0019 309.2598 0005565 334.4498  25.6348 14.14554487 93400
1 28353U 04021B   25226.61993394  .00000344  00000-0  20397-3 0  8397
2 28353  71.0019 307.0341 0005630 333.0294  27.0535 14.14555358 93552
1 28353U 04021B   25228.38779954  .00000337  00000-0  20008-3 0  8400
2 28353  71.0017 303.3245 0005745 330.6353  29.4446 14.14556715 93801
1 28353U 04021B   25228.59994332  .00000339  00000-0  20124-3 0    12
2 28353  71.0017 302.8793 0005761 330.3855  29.6940 14.14556881 93833
1 28353U 04021B   25229.51923264  .00000330  00000-0  19646-3 0  8411
2 28353  71.0016 300.9504 0005833 329.1587  30.9192 14.14557571 93964
1 28353U 04021B   25229.58994719  .00000329  00000-0  19603-3 0    10
2 28353  71.0016 300.8020 0005839 329.0636  31.0142 14.14557624 93973
1 28353U 04021B   25230.57995047  .00000315  00000-0  18898-3 0    16
2 28353  71.0015 298.7246 0005919 327.7082  32.3677 14.14558348 94114
1 28353U 04021B   25230.65066497  .00000313  00000-0  18778-3 0  8421
2 28353  71.0015 298.5762 0005927 327.5728  32.5029 14.14558390 94120
1 28353U 04021B   25230.65066497  .00000313  00000-0  18778-3 0    18
2 28353  71.0015 298.5762 0005927 327.5728  32.5029 14.14558390 94120
1 28353U 04021B   25231.56995321  .00000296  00000-0  17880-3 0    19
2 28353  71.0014 296.6472 0006007 326.3154  33.7586 14.14559030 94253
1 28353U 04021B   25231.64066766  .00000294  00000-0  17774-3 0    10
2 28353  71.0014 296.4987 0006003 326.1896  33.8843 14.14559078 94269
1 28353U 04021B   25232.27709763  .00000279  00000-0  17015-3 0  8436
2 28353  71.0013 295.1631 0006047 325.2765  34.7962 14.14559528 94355
1 28353U 04021B   25232.55995535  .00000276  00000-0  16874-3 0    16
2 28353  71.0013 294.5696 0006070 324.8664  35.2057 14.14559715 94391
1 28353U 04021B   25232.91352744  .00000268  00000-0  16435-3 0    19
2 28353  71.0012 293.8276 0006103 324.4062  35.6652 14.14559946 94448
1 28353U 04021B   25234.46924395  .00000223  00000-0  14076-3 0 63769
2 28353  71.0010 290.5630 0006222 322.2896  37.7790 14.14560856 94669
1 28353U 04021B   25235.24710185  .00000191  00000-0  12444-3 0 63813
2 28353  71.0010 288.9307 0006288 321.3177  38.7494 14.14561253 94771
1 28353U 04021B   25235.88353093  .00000161  00000-0  10864-3 0 63871
2 28353  71.0008 287.5950 0006332 320.4266  39.6393 14.14561477 94862
1 28353U 04021B   25236.59067419  .00000132  00000-0  93399-4 0 63945
2 28353  71.0007 286.1112 0006392 319.4958  40.5688 14.14561739 94968
1 28353U 04021B   25237.50996015  .00000097  00000-0  75056-4 0 64008
2 28353  71.0005 284.1821 0006470 318.2916  41.7713 14.14562065 95099
1 28353U 04021B   25238.57067454  .00000060  00000-0  56218-4 0 64045
2 28353  71.0004 281.9565 0006579 317.0429  43.0179 14.14562389 95241
1 28353U 04021B   25238.85353167  .00000049  00000-0  50149-4 0 64050
2 28353  71.0004 281.3629 0006603 316.7235  43.3368 14.14562456 95287
1 28353U 04021B   25239.13638876  .00000043  00000-0  47201-4 0 64076
2 28353  71.0003 280.7693 0006623 316.3152  43.7445 14.14562555 95321
1 28353U 04021B   25239.56067442  .00000033  00000-0  42223-4 0 64100
2 28353  71.0002 279.8790 0006663 315.7466  44.3123 14.14562642 95385
1 28353U 04021B   25239.84353150  .00000028  00000-0  39389-4 0 64119
2 28353  71.0002 279.2854 0006690 315.3957  44.6627 14.14562719 95423
1 28353U 04021B   25240.55067421  .00000009  00000-0  29390-4 0 64156
2 28353  71.0001 277.8015 0006745 314.4704  45.5866 14.14562825 95520
1 28353U 04021B   25241.25781679 -.00000005  00000-0  22442-4 0 64206
2 28353  71.0000 276.3176 0006800 313.5545  46.5012 14.14562962 95623
1 28353U 04021B   25241.82353096 -.00000020  00000-0  14275-4 0 64254
2 28353  70.9998 275.1304 0006848 312.8523  47.2024 14.14562977 95703
1 28353U 04021B   25242.10638804 -.00000032  00000-0  82938-5 0 64276
2 28353  70.9998 274.5368 0006863 312.5089  47.5453 14.14562975 95748
1 28353U 04021B   25242.81353070 -.00000036  00000-0  60207-5 0 64339
2 28353  70.9997 273.0528 0006921 311.6188  48.4341 14.14563030 95844
1 28353U 04021B   25243.23781629 -.00000046  00000-0  90659-6 0 64371
2 28353  70.9996 272.1625 0006942 311.0867  48.9656 14.14563031 95904
1 28353U 04021B   25243.52067340 -.00000041  00000-0  34905-5 0 64400
2 28353  70.9996 271.5689 0006963 310.7648  49.2870 14.14563061 95942
1 28353U 04021B   25243.80353044 -.00000041  00000-0  35948-5 0 64419
2 28353  70.9995 270.9753 0006978 310.4367  49.6146 14.14563098 95981
1 28353U 04021B   25244.22781604 -.00000038  00000-0  52922-5 0 64454
2 28353  70.9995 270.0849 0007001 309.8917  50.1589 14.14563145 96048
1 28353U 04021B   25244.51067314 -.00000035  00000-0  67899-5 0 64491
2 28353  70.9995 269.4913 0007018 309.5820  50.4682 14.14563163 96081
1 28353U 04021B   25244.79353016 -.00000038  00000-0  48834-5 0 64501
2 28353  70.9995 268.8977 0007030 309.2682  50.7816 14.14563179 96125
1 28353U 04021B   25245.50067282 -.00000039  00000-0  43213-5 0 64538
2 28353  70.9993 267.4137 0007057 308.3876  51.6612 14.14563196 96224
1 28353U 04021B   25245.78352986 -.00000045  00000-0  13521-5 0 64543
2 28353  70.9993 266.8201 0007068 308.0730  51.9754 14.14563189 96263
1 28353U 04021B   25246.06638695 -.00000065  00000-0 -88565-5 0 64564
2 28353  70.9993 266.2265 0007072 307.7484  52.2997 14.14563107 96302
1 28353U 04021B   25246.77352966 -.00000076  00000-0 -14954-4 0 64579
2 28353  70.9992 264.7425 0007100 306.9290  53.1181 14.14563035 96406
1 28353U 04021B   25247.19781530 -.00000107  00000-0 -30755-4 0 64605
2 28353  70.9991 263.8521 0007113 306.3995  53.6470 14.14562881 96462
1 28353U 04021B   25247.48067246 -.00000101  00000-0 -27688-4 0 64636
2 28353  70.9991 263.2585 0007128 306.0709  53.9753 14.14562875 96507
1 28353U 04021B   25248.25852948 -.00000132  00000-0 -43795-4 0 64689
2 28353  70.9990 261.6261 0007151 305.1689  54.8763 14.14562708 96610
1 28353U 04021B   25248.47067233 -.00000136  00000-0 -45955-4 0 64727
2 28353  70.9989 261.1808 0007156 304.9396  55.1054 14.14562672 96647
1 28353U 04021B   25249.24852949 -.00000161  00000-0 -59149-4 0 64761
2 28353  70.9988 259.5484 0007174 304.0218  56.0223 14.14562490 96759
1 28353U 04021B   25249.74352955 -.00000167  00000-0 -62025-4 0 64806
2 28353  70.9987 258.5096 0007183 303.5271  56.5165 14.14562423 96823
1 28353U 04021B   25250.23852964 -.00000193  00000-0 -75740-4 0 64837
2 28353  70.9987 257.4708 0007191 302.9291  57.1139 14.14562227 96892
1 28353U 04021B   25250.45067254 -.00000192  00000-0 -75269-4 0 64869
2 28353  70.9986 257.0256 0007193 302.7196  57.3232 14.14562209 96929
1 28353U 04021B   25251.22852999 -.00000215  00000-0 -87127-4 0 64900
2 28353  70.9985 255.3931 0007203 301.8447  58.1974 14.14561972 97031
1 28353U 04021B   25251.44067302 -.00000217  00000-0 -88156-4 0 64938
2 28353  70.9985 254.9478 0007216 301.7954  58.2466 14.14561896 97063
1 28353U 04021B   25251.72353033 -.00000223  00000-0 -91043-4 0 64945
2 28353  70.9984 254.3542 0007217 301.4535  58.5881 14.14561813 97109
1 28353U 04021B   25252.28924503 -.00000240  00000-0 -10028-3 0 64990
2 28353  70.9984 253.1670 0007226 300.7902  59.2509 14.14561571 97182
1 28353U 04021B   25252.43067375 -.00000242  00000-0 -10107-3 0 65016
2 28353  70.9983 252.8702 0007226 300.6670  59.3740 14.14561522 97201
1 28353U 04021B   25252.99638861 -.00000257  00000-0 -10875-3 0 65020
2 28353  70.9982 251.6829 0007231 300.0623  59.9782 14.14561288 97284
1 28353U 04021B   25253.42067485 -.00000251  00000-0 -10581-3 0 65047
2 28353  70.9982 250.7924 0007234 299.7116  60.3286 14.14561150 97344
1 28353U 04021B   25253.70353234 -.00000253  00000-0 -10670-3 0 65050
2 28353  70.9982 250.1987 0007240 299.3878  60.6521 14.14561052 97385
1 28353U 04021B   25254.26924745 -.00000254  00000-0 -10724-3 0 65076
2 28353  70.9981 249.0115 0007237 298.7675  61.2720 14.14560820 97467
1 28353U 04021B   25255.25924914 -.00000241  00000-0 -10076-3 0 65092
2 28353  70.9980 246.9338 0007232 297.6992  62.3396 14.14560475 97607
1 28353U 04021B   25255.96639341 -.00000230  00000-0 -94855-4 0 65116
2 28353  70.9980 245.4497 0007219 297.0026  63.0359 14.14560241 97703
1 28353U 04021B   25256.24925116 -.00000218  00000-0 -88809-4 0 65125
2 28353  70.9980 244.8561 0007219 296.6666  63.3716 14.14560156 97742
1 28353U 04021B   25256.95639553 -.00000194  00000-0 -76222-4 0 65152
2 28353  70.9980 243.3719 0007214 295.9968  64.0411 14.14560016 97849
1 28353U 04021B   25257.23925336 -.00000184  00000-0 -70802-4 0 65169
2 28353  70.9980 242.7783 0007209 295.6934  64.3443 14.14559928 97889
1 28353U 04021B   25257.38068228 -.00000176  00000-0 -66594-4 0 65178
2 28353  70.9980 242.4814 0007209 295.5874  64.4503 14.14559909 97903
1 28353U 04021B   25258.22925549 -.00000104  00000-0 -29199-4 0 65205
2 28353  70.9981 240.7006 0007200 294.5824  65.4548 14.14560058 98024
1 28353U 04021B   25258.37068441 -.00000096  00000-0 -24909-4 0 65215
2 28353  70.9981 240.4038 0007197 294.4814  65.5557 14.14560054 98048
1 28353U 04021B   25258.65354252 -.00000128  00000-0 -41741-4 0 65224
2 28353  70.9981 239.8101 0007198 294.1831  65.8539 14.14559712 98084
1 28353U 04021B   25259.21925833 -.00000107  00000-0 -31121-4 0    10
2 28353  70.9981 238.6228 0007181 293.5498  66.4870 14.14559624 98161
1 28353U 04021B   25259.99711763 -.00000093  00000-0 -23770-4 0    15
2 28353  70.9980 236.9902 0007156 292.7333  67.3033 14.14559488 98272
1 28353U 04021B   25260.91640595 -.00000062  00000-0 -74271-5 0    12
2 28353  70.9981 235.0610 0007138 291.7822  68.2541 14.14559432 98409
1 28353U 04021B   25261.05783487 -.00000058  00000-0 -55986-5 0    13
2 28353  70.9982 234.7642 0007142 291.5853  68.4508 14.14559433 98426
1 28353U 04021B   25261.90640869 -.00000024  00000-0  12327-4 0    16
2 28353  70.9982 232.9834 0007133 290.6455  69.3903 14.14559483 98544
1 28353U 04021B   25262.18926664 -.00000013  00000-0  17976-4 0    10
2 28353  70.9983 232.3898 0007132 290.3283  69.7073 14.14559486 98583
1 28353U 04021B   25262.33069565 -.00000009  00000-0  20326-4 0    13
2 28353  70.9983 232.0930 0007137 290.1758  69.8596 14.14559475 98609
1 28353U 04021B   25262.96712596  .00000013  00000-0  31776-4 0    16
2 28353  70.9983 230.7573 0007131 289.4386  70.5965 14.14559565 98697
1 28353U 04021B   25263.95712869  .00000068  00000-0  60097-4 0    17
2 28353  70.9984 228.6797 0007125 288.3438  71.6910 14.14559811 98833
1 28353U 04021B   25264.23998669  .00000086  00000-0  69741-4 0    18
2 28353  70.9985 228.0862 0007125 288.0653  71.9693 14.14559858 98873
1 28353U 04021B   25264.59355901  .00000101  00000-0  77283-4 0    11
2 28353  70.9986 227.3441 0007122 287.7446  72.2898 14.14559967 98920
1 28353U 04021B   25265.22998923  .00000142  00000-0  98620-4 0    12
2 28353  70.9987 226.0086 0007122 287.0638  72.9704 14.14560208 99012
1 28353U 04021B   25265.30070369  .00000145  00000-0  10055-3 0    14
2 28353  70.9987 225.8602 0007120 286.9978  73.0364 14.14560238 99024
1 28353U 04021B   25266.21999146  .00000213  00000-0  13558-3 0    15
2 28353  70.9989 223.9311 0007126 286.0180  74.0157 14.14560739 99155
1 28353U 04021B   25266.92713569  .00000238  00000-0  14881-3 0  5669
2 28353  70.9990 222.4471 0007126 285.2918  74.7416 14.14561078 99251
1 28353U 04021B   25267.28070783  .00000255  00000-0  15734-3 0  5716
2 28353  70.9991 221.7051 0007132 284.9930  75.0403 14.14561223 99303
1 28353U 04021B   25267.56356545  .00000263  00000-0  16188-3 0  5724
2 28353  70.9992 221.1116 0007132 284.7184  75.3148 14.14561366 99340
1 28353U 04021B   25268.27070931  .00000312  00000-0  18712-3 0  5770
2 28353  70.9994 219.6277 0007140 283.9574  76.0754 14.14561891 99440
1 28353U 04021B   25268.90713858  .00000332  00000-0  19758-3 0  5797
2 28353  70.9996 218.2921 0007138 283.2942  76.7385 14.14562322 99539
1 28353U 04021B   25269.18999604  .00000347  00000-0  20571-3 0    14
2 28353  70.9997 217.6986 0007139 283.0094  77.0231 14.14562508 99575
1 28353U 04021B   25269.89713929  .00000363  00000-0  21404-3 0    10
2 28353  70.9999 216.2148 0007137 282.2517  77.7806 14.14563037 99675
1 28353U 04021B   25270.25071081  .00000385  00000-0  22531-3 0    14
2 28353  71.0000 215.4728 0007147 281.8610  78.1711 14.14563352 99721
1 28353U 04021B   25271.24071048  .00000421  00000-0  24411-3 0    17
2 28353  71.0003 213.3954 0007167 280.8840  79.1476 14.14564284 99867
1 28353U 04021B   25271.94785275  .00000426  00000-0  24670-3 0    10
2 28353  71.0005 211.9116 0007172 280.1400  79.8913 14.14564905 99968
1 28353U 04021B   25271.94785275  .00000426  00000-0  24670-3 0  6016
2 28353  71.0005 211.9116 0007172 280.1400  79.8913 14.14564905 99968
1 28353U 04021B   25273.07927957  .00000439  00000-0  25317-3 0  9721
2 28353  71.0007 209.5374 0007180 279.0183  81.0126 14.14565979100127
1 28353U 04021B   25273.07927958  .00000439  00000-0  25317-3 0  6077
2 28353  71.0007 209.5374 0007180 279.0183  81.0126 14.14565979100127
1 28353U 04021B   25273.29142198  .00000447  00000-0  25739-3 0  9739
2 28353  71.0008 209.0922 0007186 278.7521  81.2788 14.14566229100158
1 28353U 04021B   25273.57427839  .00000459  00000-0  26373-3 0  6115
2 28353  71.0009 208.4987 0007190 278.4878  81.5429 14.14566603100195
1 28353U 04021B   25273.85713488  .00000451  00000-0  25949-3 0  9746
2 28353  71.0009 207.9052 0007170 278.2343  81.7966 14.14566854100236
1 28353U 04021B   25274.06927727  .00000448  00000-0  25820-3 0  9758
2 28353  71.0009 207.4601 0007163 278.1281  81.9028 14.14567021100264
1 28353U 04021B   25274.21070539  .00000473  00000-0  27092-3 0  6179
2 28353  71.0010 207.1633 0007157 278.0058  82.0252 14.14567319100285
1 28353U 04021B   25274.21070538  .00000473  00000-0  27092-3 0  9766
2 28353  71.0010 207.1633 0007157 278.0058  82.0252 14.14567319100285
1 28353U 04021B   25274.84713199  .00000465  00000-0  26660-3 0  9774
2 28353  71.0010 205.8279 0007137 277.2710  82.7601 14.14567949100374
1 28353U 04021B   25274.91784604  .00000463  00000-0  26556-3 0  6208
2 28353  71.0010 205.6795 0007137 277.2023  82.8288 14.14568013100388
1 28353U 04021B   25275.12998811  .00000460  00000-0  26448-3 0  9782
2 28353  71.0009 205.2344 0007143 277.0317  82.9993 14.14568221100412
1 28353U 04021B   25275.20070215  .00000459  00000-0  26383-3 0  6244
2 28353  71.0009 205.0860 0007143 276.9824  83.0486 14.14568293100423
1 28353U 04021B   25275.20070214  .00000459  00000-0  26383-3 0  9796
2 28353  71.0009 205.0860 0007143 276.9824  83.0486 14.14568293100423
1 28353U 04021B   25275.90784219  .00000441  00000-0  25436-3 0  6268
2 28353  71.0010 203.6022 0007151 276.2906  83.7402 14.14568993100525
1 28353U 04021B   25276.26141208  .00000449  00000-0  25840-3 0  6305
2 28353  71.0010 202.8603 0007154 275.9775  84.0532 14.14569407100578
1 28353U 04021B   25277.81711850  .00000381  00000-0  22306-3 0  9822
2 28353  71.0011 199.5959 0007202 274.5163  85.5136 14.14570752100790
1 28353U 04021B   25278.17068795  .00000362  00000-0  21333-3 0  9834
2 28353  71.0011 198.8541 0007237 274.2384  85.7911 14.14570986100847
1 28353U 04021B   25278.24140184  .00000360  00000-0  21238-3 0  9848
2 28353  71.0011 198.7057 0007240 274.1820  85.8474 14.14571048100852
1 28353U 04021B   25279.16068200  .00000319  00000-0  19062-3 0  9866
2 28353  71.0012 196.7768 0007281 273.3127  86.7162 14.14571723100984
1 28353U 04021B   25279.23139584  .00000316  00000-0  18952-3 0  9873
2 28353  71.0012 196.6284 0007282 273.2453  86.7836 14.14571782100992
1 28353U 04021B   25279.23139585  .00000316  00000-0  18952-3 0  6499
2 28353  71.0012 196.6284 0007282 273.2453  86.7836 14.14571782100992
1 28353U 04021B   25280.00924790  .00000287  00000-0  17416-3 0  6521
2 28353  71.0012 194.9962 0007307 272.4876  87.5409 14.14572332101105
1 28353U 04021B   25280.22138936  .00000278  00000-0  16976-3 0  6557
2 28353  71.0012 194.5511 0007319 272.3522  87.6762 14.14572459101137
1 28353U 04021B   25280.50424456  .00000270  00000-0  16513-3 0  6563
2 28353  71.0013 193.9576 0007327 272.1069  87.9215 14.14572658101176
1 28353U 04021B   25281.14066866  .00000243  00000-0  15137-3 0  9914
2 28353  71.0014 192.6222 0007347 271.4925  88.5355 14.14573019101260
1 28353U 04021B   25281.21138245  .00000240  00000-0  14961-3 0  6607
2 28353  71.0014 192.4739 0007352 271.4586  88.5694 14.14573056101278
1 28353U 04021B   25281.49423753  .00000229  00000-0  14413-3 0  9925
2 28353  71.0015 191.8804 0007358 271.2289  88.7990 14.14573222101310
1 28353U 04021B   25281.49423754  .00000229  00000-0  14413-3 0    17
2 28353  71.0015 191.8804 0007358 271.2290  88.7990 14.14573222101312
1 28353U 04021B   25281.98923389  .00000203  00000-0  13040-3 0  6631
2 28353  71.0015 190.8417 0007370 270.6276  89.4002 14.14573432101384
1 28353U 04021B   25282.13066144  .00000198  00000-0  12774-3 0  9938
2 28353  71.0015 190.5450 0007372 270.5566  89.4712 14.14573494101400
1 28353U 04021B   25282.20137519  .00000195  00000-0  12616-3 0  6660
2 28353  71.0015 190.3966 0007374 270.4800  89.5478 14.14573529101412
1 28353U 04021B   25282.48423019  .00000184  00000-0  12050-3 0  6674
2 28353  71.0016 189.8031 0007379 270.2201  89.8076 14.14573671101456
1 28353U 04021B   25282.48423019  .00000184  00000-0  12050-3 0  9947
2 28353  71.0016 189.8031 0007379 270.2201  89.8076 14.14573671101456
1 28353U 04021B   25282.97922635  .00000160  00000-0  10824-3 0  6688
2 28353  71.0016 188.7645 0007393 269.7291  90.2984 14.14573870101526
1 28353U 04021B   25283.12065384  .00000155  00000-0  10524-3 0  9959
2 28353  71.0016 188.4678 0007394 269.6438  90.3838 14.14573925101544
1 28353U 04021B   25283.19136758  .00000158  00000-0  10721-3 0  6713
2 28353  71.0016 188.3194 0007396 269.5819  90.4456 14.14573989101558
1 28353U 04021B   25283.19136757  .00000158  00000-0  10721-3 0  9962
2 28353  71.0016 188.3194 0007396 269.5819  90.4456 14.14573989101558
1 28353U 04021B   25283.96921853  .00000120  00000-0  87050-4 0  6726
2 28353  71.0017 186.6873 0007417 268.8606  91.1667 14.14574251101661
1 28353U 04021B   25284.18135970  .00000115  00000-0  84503-4 0  9972
2 28353  71.0017 186.2422 0007422 268.6927  91.3345 14.14574333101696
1 28353U 04021B   25284.18135971  .00000115  00000-0  84503-4 0  6756
2 28353  71.0017 186.2422 0007422 268.6927  91.3345 14.14574333101696
1 28353U 04021B   25284.46421454  .00000100  00000-0  76985-4 0  6761
2 28353  71.0017 185.6487 0007426 268.4139  91.6133 14.14574418101734
1 28353U 04021B   25285.17135157  .00000075  00000-0  64019-4 0  6791
2 28353  71.0017 184.1649 0007445 267.7150  92.3120 14.14574637101832
1 28353U 04021B   25286.16134330  .00000037  00000-0  44035-4 0  6821
2 28353  71.0017 182.0878 0007455 266.8062  93.2207 14.14574868101973
1 28353U 04021B   25286.44419803  .00000023  00000-0  36890-4 0  6839
2 28353  71.0017 181.4943 0007466 266.5276  93.4993 14.14574912102015
1 28353U 04021B   25287.15133490 -.00000002  00000-0  24027-4 0  6863
2 28353  71.0015 180.0105 0007480 265.7904  94.2364 14.14575005102119
1 28353U 04021B   25287.64633079 -.00000025  00000-0  11668-4 0  6889
2 28353  71.0014 178.9720 0007466 265.3323  94.6946 14.14575013102188
1 28353U 04021B   25288.14132661 -.00000041  00000-0  37266-5 0  6900
2 28353  71.0013 177.9333 0007480 264.8598  95.1671 14.14575025102252
1 28353U 04021B   25289.13131824 -.00000069  00000-0 -11357-4 0    75
2 28353  71.0011 175.8561 0007495 263.8767  96.1501 14.14575013102398
1 28353U 04021B   25289.41417301 -.00000080  00000-0 -16610-4 0  6934
2 28353  71.0011 175.2626 0007505 263.5993  96.4275 14.14574984102436
1 28353U 04021B   25290.12130990 -.00000081  00000-0 -17374-4 0    89
2 28353  71.0010 173.7788 0007514 262.8492  97.1776 14.14575022102532
1 28353U 04021B   25290.12130990 -.00000081  00000-0 -17374-4 0  6951
2 28353  71.0010 173.7788 0007514 262.8492  97.1776 14.14575022102532
1 28353U 04021B   25290.68701948 -.00000103  00000-0 -28926-4 0    98
2 28353  71.0008 172.5918 0007521 262.2584  97.7684 14.14574916102619
1 28353U 04021B   25290.82844686 -.00000102  00000-0 -28532-4 0   105
2 28353  71.0008 172.2951 0007519 262.0935  97.9334 14.14574920102639
1 28353U 04021B   25290.96987429 -.00000100  00000-0 -27345-4 0  7019
2 28353  71.0009 171.9984 0007519 261.9865  98.0405 14.14574921102656
1 28353U 04021B   25291.11130171 -.00000104  00000-0 -29207-4 0   118
2 28353  71.0009 171.7016 0007524 261.8614  98.1655 14.14574890102672
1 28353U 04021B   25291.11130172 -.00000104  00000-0 -29207-4 0  7026
2 28353  71.0009 171.7017 0007524 261.8614  98.1655 14.14574890102673
1 28353U 04021B   25291.95986625 -.00000118  00000-0 -36693-4 0  7099
2 28353  71.0008 169.9212 0007529 260.9345  99.0926 14.14574746102798
1 28353U 04021B   25292.10129366 -.00000117  00000-0 -36316-4 0  7112
2 28353  71.0008 169.6244 0007527 260.8004  99.2267 14.14574749102815
1 28353U 04021B   25292.94985825 -.00000130  00000-0 -42628-4 0  7156
2 28353  71.0006 167.8439 0007523 259.8693 100.1581 14.14574598102933
1 28353U 04021B   25293.02057196 -.00000129  00000-0 -42181-4 0   174
2 28353  71.0005 167.6955 0007518 259.7938 100.2337 14.14574601102944
1 28353U 04021B   25293.02057196 -.00000129  00000-0 -42181-4 0  7160
2 28353  71.0005 167.6955 0007518 259.7938 100.2337 14.14574601102944
1 28353U 04021B   25293.65699551 -.00000147  00000-0 -51454-4 0  7192
2 28353  71.0004 166.3600 0007513 259.0881 100.9396 14.14574436103030
1 28353U 04021B   25293.93985041 -.00000149  00000-0 -52689-4 0  7233
2 28353  71.0003 165.7665 0007517 258.7833 101.2444 14.14574368103076
1 28353U 04021B   25294.64698773 -.00000164  00000-0 -60330-4 0  7278
2 28353  71.0002 164.2827 0007501 258.0204 102.0078 14.14574228103175
1 28353U 04021B   25294.78841517 -.00000166  00000-0 -61638-4 0   221
2 28353  71.0002 163.9859 0007504 257.8582 102.1700 14.14574193103191
1 28353U 04021B   25294.92984269 -.00000172  00000-0 -64575-4 0  7316
2 28353  71.0002 163.6892 0007503 257.7053 102.3230 14.14574124103213
1 28353U 04021B   25295.07127016 -.00000172  00000-0 -64961-4 0   235
2 28353  71.0002 163.3925 0007498 257.5587 102.4697 14.14574103103237
1 28353U 04021B   25295.35412514 -.00000182  00000-0 -69658-4 0   246
2 28353  71.0001 162.7989 0007496 257.2583 102.7702 14.14574016103277
1 28353U 04021B   25295.07127017 -.00000172  00000-0 -64961-4 0  7334
2 28353  71.0002 163.3925 0007498 257.5587 102.4697 14.14574103103237
1 28353U 04021B   25295.63698017 -.00000187  00000-0 -72340-4 0   259
2 28353  71.0001 162.2054 0007480 256.8867 103.1421 14.14573945103316
1 28353U 04021B   25295.63698018 -.00000187  00000-0 -72340-4 0  7358
2 28353  71.0001 162.2054 0007480 256.8867 103.1421 14.14573945103316
1 28353U 04021B   25296.06126272 -.00000199  00000-0 -78895-4 0   261
2 28353  71.0000 161.3151 0007472 256.4149 103.6141 14.14573786103376
1 28353U 04021B   25296.34411776 -.00000206  00000-0 -82199-4 0  7389
2 28353  70.9999 160.7215 0007469 256.1197 103.9095 14.14573700103413
1 28353U 04021B   25296.34411775 -.00000206  00000-0 -82199-4 0   279
2 28353  70.9999 160.7215 0007469 256.1197 103.9095 14.14573700103413
1 28353U 04021B   25296.90982792 -.00000220  00000-0 -89891-4 0  7395
2 28353  70.9998 159.5345 0007456 255.4236 104.6059 14.14573489103494
1 28353U 04021B   25297.05125546 -.00000221  00000-0 -90103-4 0  7410
2 28353  70.9997 159.2377 0007449 255.2632 104.7665 14.14573463103514
1 28353U 04021B   25297.33411053 -.00000224  00000-0 -92028-4 0   292
2 28353  70.9996 158.6441 0007447 254.9832 105.0467 14.14573387103557
1 28353U 04021B   25297.82910703 -.00000238  00000-0 -99292-4 0   309
2 28353  70.9996 157.6054 0007437 254.3633 105.6669 14.14573186103623
1 28353U 04021B   25297.97053463 -.00000239  00000-0 -99772-4 0  7453
2 28353  70.9995 157.3087 0007430 254.2025 105.8278 14.14573134103645
1 28353U 04021B   25298.04124841 -.00000240  00000-0 -99907-4 0   311
2 28353  70.9995 157.1603 0007428 254.1325 105.8979 14.14573117103656
1 28353U 04021B   25298.04124842 -.00000240  00000-0 -99907-4 0  7465
2 28353  70.9995 157.1603 0007428 254.1325 105.8979 14.14573117103656
1 28353U 04021B   25298.32410361 -.00000245  00000-0 -10245-3 0   320
2 28353  70.9994 156.5667 0007417 253.8105 106.2201 14.14573015103692
1 28353U 04021B   25298.81910029 -.00000260  00000-0 -11034-3 0   335
2 28353  70.9993 155.5279 0007403 253.1741 106.8569 14.14572770103761
1 28353U 04021B   25298.96052791 -.00000255  00000-0 -10765-3 0  7537
2 28353  70.9993 155.2312 0007398 253.0705 106.9606 14.14572749103789
1 28353U 04021B   25299.03124174 -.00000254  00000-0 -10736-3 0   340
2 28353  70.9992 155.0828 0007392 252.9786 107.0527 14.14572728103791
1 28353U 04021B   25299.03124174 -.00000254  00000-0 -10736-3 0  7549
2 28353  70.9992 155.0828 0007392 252.9786 107.0527 14.14572728103791
1 28353U 04021B   25299.31409708 -.00000259  00000-0 -11014-3 0   356
2 28353  70.9991 154.4892 0007381 252.6469 107.3846 14.14572587103832
1 28353U 04021B   25299.87980778 -.00000268  00000-0 -11447-3 0   370
2 28353  70.9990 153.3021 0007365 251.9395 108.0926 14.14572318103913
1 28353U 04021B   25299.95052164 -.00000266  00000-0 -11370-3 0  7592
2 28353  70.9990 153.1536 0007359 251.9196 108.1125 14.14572295103921
1 28353U 04021B   25300.02123549 -.00000265  00000-0 -11327-3 0   380
2 28353  70.9990 153.0052 0007356 251.8434 108.1888 14.14572272103936
1 28353U 04021B   25300.02123549 -.00000265  00000-0 -11327-3 0  7602
2 28353  70.9990 153.0052 0007356 251.8434 108.1888 14.14572272103936
1 28353U 04021B   25300.30409093 -.00000268  00000-0 -11448-3 0   390
2 28353  70.9989 152.4116 0007344 251.5040 108.5284 14.14572134103970
1 28353U 04021B   25300.86980184 -.00000269  00000-0 -11511-3 0   400
2 28353  70.9988 151.2245 0007325 250.7490 109.2840 14.14571866104055
1 28353U 04021B   25300.94051573 -.00000268  00000-0 -11461-3 0  7635
2 28353  70.9988 151.0761 0007321 250.6661 109.3671 14.14571839104065
1 28353U 04021B   25301.57694073 -.00000266  00000-0 -11360-3 0  7662
2 28353  70.9986 149.7406 0007292 249.8382 110.1957 14.14571548104154
1 28353U 04021B   25301.85979635 -.00000269  00000-0 -11502-3 0  7675
2 28353  70.9985 149.1470 0007282 249.4902 110.5439 14.14571366104192
1 28353U 04021B   25302.84979120 -.00000251  00000-0 -10588-3 0  7702
2 28353  70.9982 147.0694 0007218 248.1689 111.8666 14.14570946104336
1 28353U 04021B   25303.27407481 -.00000243  00000-0 -10160-3 0  7725
2 28353  70.9981 146.1788 0007195 247.7081 112.3279 14.14570768104398
1 28353U 04021B   25303.91050028 -.00000220  00000-0 -89741-4 0  7735
2 28353  70.9979 144.8432 0007156 246.7574 113.2795 14.14570565104487
1 28353U 04021B   25303.98121425 -.00000219  00000-0 -88945-4 0  7746
2 28353  70.9979 144.6948 0007157 246.7163 113.3207 14.14570527104490
1 28353U 04021B   25304.61763987 -.00000205  00000-0 -81725-4 0   491
2 28353  70.9978 143.3592 0007122 245.8244 114.2134 14.14570308104588
1 28353U 04021B   25304.82978175 -.00000190  00000-0 -74125-4 0   502
2 28353  70.9977 142.9139 0007109 245.5249 114.5132 14.14570267104615
1 28353U 04021B   25305.53692154 -.00000172  00000-0 -64922-4 0  7838
2 28353  70.9975 141.4298 0007068 244.5886 115.4506 14.14570039104716
1 28353U 04021B   25306.24406134 -.00000147  00000-0 -51911-4 0   567
2 28353  70.9973 139.9457 0007034 243.7100 116.3300 14.14569861104810
1 28353U 04021B   25306.24406135 -.00000147  00000-0 -51911-4 0  7879
2 28353  70.9973 139.9457 0007034 243.7100 116.3300 14.14569861104810
1 28353U 04021B   25307.79976919 -.00000096  00000-0 -25101-4 0   599
2 28353  70.9972 136.6809 0006962 241.5415 118.5007 14.14569609105031
1 28353U 04021B   25307.94119723 -.00000090  00000-0 -22073-4 0  7921
2 28353  70.9972 136.3841 0006960 241.4660 118.5762 14.14569580105051
1 28353U 04021B   25307.94119722 -.00000090  00000-0 -22073-4 0   608
2 28353  70.9972 136.3841 0006960 241.4660 118.5762 14.14569580105051
1 28353U 04021B   25308.22405323 -.00000083  00000-0 -18536-4 0  7939
2 28353  70.9972 135.7904 0006948 241.1595 118.8830 14.14569543105096
1 28353U 04021B   25308.50690926 -.00000077  00000-0 -15385-4 0   615
2 28353  70.9972 135.1969 0006935 240.7098 119.3332 14.14569516105138
1 28353U 04021B   25308.50690926 -.00000077  00000-0 -15385-4 0    19
2 28353  70.9972 135.1969 0006935 240.7098 119.3332 14.14569516105138
1 28353U 04021B   25308.78976525 -.00000067  00000-0 -10298-4 0   625
2 28353  70.9971 134.6032 0006927 240.2934 119.7499 14.14569487105176
1 28353U 04021B   25308.93119330 -.00000063  00000-0 -77991-5 0  7969
2 28353  70.9971 134.3065 0006925 240.2326 119.8108 14.14569468105191
1 28353U 04021B   25309.49690533 -.00000044  00000-0  19263-5 0  7977
2 28353  70.9970 133.1193 0006899 239.4608 120.5833 14.14569481105270
1 28353U 04021B   25310.20404538 -.00000013  00000-0  17911-4 0  7980
2 28353  70.9970 131.6352 0006863 238.6006 121.4445 14.14569531105370
1 28353U 04021B   25310.48690138 -.00000004  00000-0  22528-4 0   650
2 28353  70.9970 131.0415 0006851 238.1988 121.8468 14.14569565105416
1 28353U 04021B   25310.91118540  .00000010  00000-0  30143-4 0  8005
2 28353  70.9970 130.1511 0006832 237.6848 122.3614 14.14569582105475
1 28353U 04021B   25310.91118539  .00000010  00000-0  30143-4 0   678
2 28353  70.9970 130.1511 0006832 237.6847 122.3614 14.14569582105474
1 28353U 04021B   25311.83046721  .00000058  00000-0  54835-4 0   680
2 28353  70.9968 128.2217 0006794 236.5093 123.5380 14.14569834105608
1 28353U 04021B   25311.90118117  .00000062  00000-0  56854-4 0   696
2 28353  70.9968 128.0732 0006787 236.4312 123.6163 14.14569870105614
1 28353U 04021B   25312.46689301  .00000085  00000-0  68944-4 0   706
2 28353  70.9968 126.8859 0006762 235.7232 124.3251 14.14570038105698
1 28353U 04021B   25311.90118117  .00000062  00000-0  56854-4 0  8043
2 28353  70.9968 128.0732 0006787 236.4312 123.6163 14.14569870105614
1 28353U 04021B   25312.74974889  .00000099  00000-0  76300-4 0   716
2 28353  70.9968 126.2923 0006757 235.3583 124.6903 14.14570128105735
1 28353U 04021B   25314.72973967  .00000200  00000-0  12899-3 0  8121
2 28353  70.9970 122.1370 0006671 233.0245 127.0267 14.14571002106018
1 28353U 04021B   25315.15402322  .00000218  00000-0  13854-3 0  8133
2 28353  70.9972 121.2465 0006644 232.5413 127.5105 14.14571223106073
1 28353U 04021B   25316.21473181  .00000293  00000-0  17757-3 0  8153
2 28353  70.9976 119.0207 0006605 231.3813 128.6719 14.14572010106229
1 28353U 04021B   25316.85115662  .00000307  00000-0  18476-3 0   821
2 28353  70.9977 117.6850 0006582 230.6456 129.4084 14.14572381106312
1 28353U 04021B   25316.85115663  .00000307  00000-0  18476-3 0  8189
2 28353  70.9977 117.6850 0006582 230.6456 129.4084 14.14572381106312
1 28353U 04021B   25317.48758103  .00000343  00000-0  20319-3 0  8203
2 28353  70.9978 116.3494 0006564 230.0742 129.9804 14.14572996106402
1 28353U 04021B   25317.69972230  .00000357  00000-0  21059-3 0   844
2 28353  70.9979 115.9043 0006595 229.9890 130.0654 14.14573215106437
1 28353U 04021B   25317.69972231  .00000357  00000-0  21059-3 0  8214
2 28353  70.9979 115.9043 0006595 229.9890 130.0654 14.14573215106437
1 28353U 04021B   25318.68971529  .00000366  00000-0  21551-3 0   863
2 28353  70.9982 113.8266 0006575 229.1183 130.9370 14.14573965106571
1 28353U 04021B   25318.83114275  .00000385  00000-0  22511-3 0   876
2 28353  70.9977 113.5298 0006497 228.5994 131.4571 14.14574246106597
1 28353U 04021B   25319.46756638  .00000392  00000-0  22896-3 0   897
2 28353  70.9981 112.1943 0006477 228.0070 132.0501 14.14574842106684
1 28353U 04021B   25319.82113492  .00000397  00000-0  23155-3 0   908
2 28353  70.9982 111.4522 0006460 227.6400 132.4176 14.14575147106731
1 28353U 04021B   25320.45755803  .00000395  00000-0  23035-3 0   935
2 28353  70.9986 110.1167 0006438 227.0621 132.9962 14.14575765106824
1 28353U 04021B   25320.17470338  .00000388  00000-0  22687-3 0  8281
2 28353  70.9985 110.7103 0006446 227.3365 132.7215 14.14575438106787
1 28353U 04021B   25320.66969906  .00000392  00000-0  22870-3 0   943
2 28353  70.9987 109.6715 0006434 226.8645 133.1940 14.14575918106858
1 28353U 04021B   25320.45755804  .00000395  00000-0  23035-3 0  8293
2 28353  70.9986 110.1167 0006438 227.0621 132.9962 14.14575765106824
1 28353U 04021B   25321.44754905  .00000384  00000-0  22471-3 0   961
2 28353  70.9987 108.0391 0006388 226.0561 134.0035 14.14576667106967
1 28353U 04021B   25321.16469452  .00000390  00000-0  22756-3 0  8310
2 28353  70.9987 108.6326 0006405 226.3668 133.6923 14.14576408106922
1 28353U 04021B   25321.80111719  .00000372  00000-0  21839-3 0   976
2 28353  70.9989 107.2971 0006394 225.9118 134.1479 14.14576894107019
1 28353U 04021B   25321.65968993  .00000376  00000-0  22046-3 0  8336
2 28353  70.9988 107.5939 0006382 225.8657 134.1941 14.14576807106993
1 28353U 04021B   25321.87183080  .00000362  00000-0  21331-3 0   980
2 28353  70.9990 107.1487 0006392 225.8713 134.1884 14.14576910107020
1 28353U 04021B   25322.43753955  .00000349  00000-0  20643-3 0   998
2 28353  70.9992 105.9616 0006363 225.2135 134.8471 14.14577409107104
1 28353U 04021B   25321.87183080  .00000362  00000-0  21331-3 0  8359
2 28353  70.9990 107.1487 0006392 225.8713 134.1884 14.14576910107020
1 28353U 04021B   25322.79110750  .00000336  00000-0  19947-3 0  1001
2 28353  70.9992 105.2196 0006351 224.9515 135.1094 14.14577621107151
1 28353U 04021B   25322.79110750  .00000336  00000-0  19947-3 0  8378
2 28353  70.9992 105.2196 0006351 224.9515 135.1094 14.14577621107151
1 28353U 04021B   25323.14467532  .00000319  00000-0  19101-3 0  8385
2 28353  70.9994 104.4777 0006335 224.6490 135.4123 14.14577866107203
1 28353U 04021B   25323.63967011  .00000308  00000-0  18509-3 0  8419
2 28353  70.9995 103.4389 0006327 224.1920 135.8698 14.14578249107270
1 28353U 04021B   25323.78109720  .00000304  00000-0  18304-3 0  1041
2 28353  70.9996 103.1421 0006324 224.1291 135.9328 14.14578338107295
1 28353U 04021B   25323.78109720  .00000304  00000-0  18304-3 0  8420
2 28353  70.9996 103.1421 0006324 224.1291 135.9328 14.14578338107295
1 28353U 04021B   25324.13466484  .00000289  00000-0  17502-3 0  8435
2 28353  70.9997 102.4001 0006309 223.8545 136.2078 14.14578560107342
1 28353U 04021B   25324.62965944  .00000276  00000-0  16851-3 0  1068
2 28353  70.9998 101.3614 0006292 223.3480 136.7148 14.14578901107415
1 28353U 04021B   25324.62965945  .00000276  00000-0  16851-3 0  8471
2 28353  70.9998 101.3614 0006292 223.3480 136.7148 14.14578901107415
1 28353U 04021B   25325.47822134  .00000247  00000-0  15346-3 0  1083
2 28353  71.0000  99.5807 0006254 222.7426 137.3211 14.14579438107531
1 28353U 04021B   25325.83178867  .00000240  00000-0  14956-3 0  1090
2 28353  71.0001  98.8387 0006243 222.3367 137.7274 14.14579664107584
1 28353U 04021B   25326.46820977  .00000222  00000-0  14022-3 0  1113
2 28353  71.0003  97.5031 0006218 221.7326 138.3322 14.14580061107672
1 28353U 04021B   25326.53892323  .00000215  00000-0  13662-3 0  8551
2 28353  71.0003  97.3547 0006219 221.6937 138.3712 14.14580061107684
1 28353U 04021B   25326.75106355  .00000213  00000-0  13591-3 0  1123
2 28353  71.0004  96.9096 0006211 221.6655 138.3995 14.14580190107718
1 28353U 04021B   25326.82177700  .00000215  00000-0  13653-3 0  1135
2 28353  71.0006  96.7613 0006194 221.5798 138.4854 14.14580262107726
1 28353U 04021B   25327.31677102  .00000201  00000-0  12929-3 0  1142
2 28353  71.0006  95.7226 0006173 221.1590 138.9067 14.14580542107797
1 28353U 04021B   25326.82177701  .00000215  00000-0  13653-3 0  8593
2 28353  71.0006  96.7613 0006195 221.5798 138.4854 14.14580262107727
1 28353U 04021B   25327.74105150  .00000188  00000-0  12241-3 0  1150
2 28353  71.0008  94.8323 0006166 220.7725 139.2936 14.14580745107855
1 28353U 04021B   25327.81176487  .00000191  00000-0  12424-3 0  1167
2 28353  71.0009  94.6839 0006164 220.6966 139.3696 14.14580824107863
1 28353U 04021B   25328.44818557  .00000162  00000-0  10908-3 0  1172
2 28353  71.0009  93.3483 0006139 220.0730 139.9940 14.14581065107955
1 28353U 04021B   25328.23604539  .00000174  00000-0  11530-3 0  8657
2 28353  71.0008  93.7935 0006145 220.2745 139.7923 14.14580983107929
1 28353U 04021B   25328.73103920  .00000155  00000-0  10541-3 0  1181
2 28353  71.0009  92.7547 0006128 219.8295 140.2378 14.14581156107994
1 28353U 04021B   25328.80175259  .00000158  00000-0  10705-3 0  8703
2 28353  71.0009  92.6063 0006124 219.8072 140.2602 14.14581221108001
1 28353U 04021B   25329.08460613  .00000148  00000-0  10164-3 0  1199
2 28353  71.0010  92.0128 0006103 219.6760 140.3917 14.14581334108047
1 28353U 04021B   25329.43817304  .00000134  00000-0  94733-4 0  1203
2 28353  71.0011  91.2709 0006090 219.3616 140.7065 14.14581474108094
1 28353U 04021B   25329.29674631  .00000143  00000-0  99138-4 0  8729
2 28353  71.0010  91.5677 0006094 219.4801 140.5878 14.14581428108078
1 28353U 04021B   25329.72102660  .00000125  00000-0  90000-4 0  1211
2 28353  71.0012  90.6775 0006069 219.1958 140.8726 14.14581554108133
1 28353U 04021B   25330.07459345  .00000109  00000-0  81658-4 0  1239
2 28353  71.0013  89.9355 0006069 219.0071 141.0614 14.14581647108181
1 28353U 04021B   25329.72102660  .00000125  00000-0  90000-4 0  8780
2 28353  71.0012  90.6775 0006069 219.1958 140.8726 14.14581554108133
1 28353U 04021B   25330.49887360  .00000094  00000-0  73795-4 0  1244
2 28353  71.0014  89.0452 0006055 218.6528 141.4162 14.14581790108246
1 28353U 04021B   25330.35744691  .00000099  00000-0  76517-4 0  8807
2 28353  71.0013  89.3420 0006058 218.7647 141.3041 14.14581751108229
1 28353U 04021B   25330.78172703  .00000095  00000-0  74314-4 0  1254
2 28353  71.0014  88.4516 0006037 218.3616 141.7078 14.14581927108280
1 28353U 04021B   25330.85244038  .00000086  00000-0  69738-4 0  8872
2 28353  71.0014  88.3031 0006040 218.3465 141.7229 14.14581915108293
1 28353U 04021B   25330.85244037  .00000086  00000-0  69738-4 0  1267
2 28353  71.0014  88.3031 0006040 218.3465 141.7228 14.14581915108292
1 28353U 04021B   25331.77171383  .00000057  00000-0  54563-4 0  8931
2 28353  71.0017  86.3741 0006008 217.5801 142.4902 14.14582173108429
1 28353U 04021B   25332.05456716  .00000049  00000-0  50069-4 0  1312
2 28353  71.0017  85.7806 0005993 217.3324 142.7383 14.14582258108468
1 28353U 04021B   25332.62027386  .00000018  00000-0  33929-4 0  9008
2 28353  71.0018  84.5935 0005979 216.8736 143.1976 14.14582293108545
1 28353U 04021B   25332.76170052  .00000013  00000-0  31666-4 0  1331
2 28353  71.0019  84.2967 0005970 216.7191 143.3523 14.14582327108563
1 28353U 04021B   25333.04455382  .00000005  00000-0  27396-4 0  1342
2 28353  71.0019  83.7032 0005955 216.4818 143.5900 14.14582393108605
1 28353U 04021B   25333.32740712 -.00000005  00000-0  22050-4 0  9045
2 28353  71.0020  83.1097 0005945 216.1867 143.8854 14.14582443108643
1 28353U 04021B   25333.75168715 -.00000027  00000-0  10710-4 0  1360
2 28353  71.0020  82.2194 0005936 216.0424 144.0298 14.14582399108701
1 28353U 04021B   25334.03454045 -.00000032  00000-0  82654-5 0  1370
2 28353  71.0021  81.6259 0005921 215.7694 144.3032 14.14582461108749
1 28353U 04021B   25334.45882042 -.00000053  00000-0 -29479-5 0  1389
2 28353  71.0021  80.7356 0005908 215.3715 144.7016 14.14582451108804
1 28353U 04021B   25334.60024711 -.00000057  00000-0 -48334-5 0  9155
2 28353  71.0021  80.4389 0005902 215.2659 144.8074 14.14582440108822
1 28353U 04021B   25334.74167375 -.00000061  00000-0 -68877-5 0  1391
2 28353  71.0021  80.1421 0005893 215.1116 144.9619 14.14582454108845
1 28353U 04021B   25334.74167376 -.00000061  00000-0 -68877-5 0  9176
2 28353  71.0021  80.1421 0005893 215.1116 144.9619 14.14582454108845
1 28353U 04021B   25335.30738033 -.00000070  00000-0 -11653-4 0  9194
2 28353  71.0022  78.9550 0005874 214.6880 145.3860 14.14582528108929
1 28353U 04021B   25335.44880698 -.00000078  00000-0 -15862-4 0  1404
2 28353  71.0022  78.6583 0005871 214.6381 145.4360 14.14582498108949
1 28353U 04021B   25335.73166036 -.00000094  00000-0 -24078-4 0  1417
2 28353  71.0022  78.0647 0005861 214.4121 145.6622 14.14582420108985
1 28353U 04021B   25335.59023368 -.00000086  00000-0 -20190-4 0  9220
2 28353  71.0022  78.3615 0005867 214.5215 145.5528 14.14582444108962
1 28353U 04021B   25336.01451367 -.00000097  00000-0 -25905-4 0  1427
2 28353  71.0022  77.4712 0005845 214.1828 145.8919 14.14582435109027
1 28353U 04021B   25336.29736698 -.00000090  00000-0 -22238-4 0  9270
2 28353  71.0022  76.8777 0005837 213.9349 146.1401 14.14582511109066
1 28353U 04021B   25336.50950697 -.00000096  00000-0 -24987-4 0  1430
2 28353  71.0022  76.4325 0005831 213.7759 146.2993 14.14582479109091
1 28353U 04021B   25336.72164697 -.00000099  00000-0 -26645-4 0  1448
2 28353  71.0022  75.9874 0005818 213.5670 146.5085 14.14582478109127
1 28353U 04021B   25336.65093363 -.00000098  00000-0 -26305-4 0  9328
2 28353  71.0022  76.1358 0005822 213.6125 146.4629 14.14582477109119
1 28353U 04021B   25337.00450028 -.00000099  00000-0 -26936-4 0  1450
2 28353  71.0023  75.3939 0005798 213.2054 146.8705 14.14582506109162
1 28353U 04021B   25337.35806696 -.00000097  00000-0 -25718-4 0  9378
2 28353  71.0022  74.6519 0005788 212.7794 147.2970 14.14582539109212
1 28353U 04021B   25337.49949362 -.00000098  00000-0 -26194-4 0  1463
2 28353  71.0022  74.3552 0005784 212.6539 147.4226 14.14582518109233
1 28353U 04021B   25337.64092030 -.00000099  00000-0 -26853-4 0  1475
2 28353  71.0022  74.0584 0005775 212.4894 147.5874 14.14582511109252
1 28353U 04021B   25337.64092031 -.00000099  00000-0 -26853-4 0  9418
2 28353  71.0022  74.0584 0005775 212.4894 147.5874 14.14582511109252
1 28353U 04021B   25338.27734019 -.00000067  00000-0 -10227-4 0  9443
2 28353  71.0023  72.7230 0005739 211.8406 148.2370 14.14582744109345
1 28353U 04021B   25338.63090690 -.00000081  00000-0 -17495-4 0  9498
2 28353  71.0023  71.9811 0005725 211.4928 148.5853 14.14582638109397
1 28353U 04021B   25338.70162024 -.00000086  00000-0 -19722-4 0  1499
2 28353  71.0023  71.8327 0005721 211.3906 148.6875 14.14582617109403
1 28353U 04021B   25338.70162025 -.00000086  00000-0 -19722-4 0  9500
2 28353  71.0023  71.8327 0005721 211.3906 148.6875 14.14582617109403
1 28353U 04021B   25339.26732700 -.00000098  00000-0 -26277-4 0  9523
2 28353  71.0023  70.6456 0005692 210.6772 149.4019 14.14582552109488
1 28353U 04021B   25339.69160713 -.00000111  00000-0 -33035-4 0  9581
2 28353  71.0023  69.7553 0005675 210.2545 149.8250 14.14582423109545
1 28353U 04021B   25340.25731396 -.00000122  00000-0 -38495-4 0  9606
2 28353  71.0022  68.5683 0005647 209.5359 150.5445 14.14582342109622
1 28353U 04021B   25340.61088072 -.00000128  00000-0 -41715-4 0  9618
2 28353  71.0022  67.8264 0005631 209.1181 150.9628 14.14582258109679
1 28353U 04021B   25340.68159409 -.00000130  00000-0 -42978-4 0  9624
2 28353  71.0022  67.6780 0005627 209.1025 150.9784 14.14582233109689
1 28353U 04021B   25341.24730095 -.00000138  00000-0 -47028-4 0  9655
2 28353  71.0022  66.4909 0005591 208.2159 151.8662 14.14582171109762
1 28353U 04021B   25341.95443463 -.00000163  00000-0 -60089-4 0  9697
2 28353  71.0023  65.0071 0005550 207.3356 152.7475 14.14581938109865
1 28353U 04021B   25342.30800148 -.00000151  00000-0 -53813-4 0  9711
2 28353  71.0022  64.2652 0005538 206.8169 153.2668 14.14581970109914
1 28353U 04021B   25342.59085497 -.00000150  00000-0 -53177-4 0  9750
2 28353  71.0022  63.6717 0005525 206.4197 153.6645 14.14581919109958
1 28353U 04021B   25342.66156836 -.00000152  00000-0 -54178-4 0  1581
2 28353  71.0022  63.5233 0005520 206.3747 153.7095 14.14581897109961
1 28353U 04021B   25342.94442188 -.00000185  00000-0 -71438-4 0  9773
2 28353  71.0022  62.9298 0005501 205.9959 154.0888 14.14581684110009
1 28353U 04021B   25343.15656201 -.00000187  00000-0 -72651-4 0  1592
2 28353  71.0021  62.4847 0005492 205.7666 154.3184 14.14581640110032
1 28353U 04021B   25343.29798873 -.00000170  00000-0 -63571-4 0  9804
2 28353  71.0021  62.1879 0005487 205.6103 154.4748 14.14581731110053
1 28353U 04021B   25343.51012891 -.00000172  00000-0 -64529-4 0  1604
2 28353  71.0021  61.7427 0005473 205.3188 154.7667 14.14581661110080
1 28353U 04021B   25343.51012892 -.00000172  00000-0 -64529-4 0  9838
2 28353  71.0021  61.7427 0005473 205.3188 154.7667 14.14581661110080
1 28353U 04021B   25343.65155564 -.00000171  00000-0 -64394-4 0  1614
2 28353  71.0021  61.4459 0005464 205.0720 155.0138 14.14581661110101
1 28353U 04021B   25344.14654939 -.00000195  00000-0 -76829-4 0  1622
2 28353  71.0020  60.4073 0005437 204.3522 155.7344 14.14581454110176
1 28353U 04021B   25344.28797618 -.00000192  00000-0 -75345-4 0  9873
2 28353  71.0020  60.1105 0005432 203.9687 156.1184 14.14581462110199
1 28353U 04021B   25344.50011641 -.00000195  00000-0 -76597-4 0  1632
2 28353  71.0020  59.6653 0005416 203.8079 156.2794 14.14581374110220
1 28353U 04021B   25344.64154320 -.00000193  00000-0 -75850-4 0  9917
2 28353  71.0020  59.3686 0005406 203.5369 156.5506 14.14581368110240
1 28353U 04021B   25344.64154319 -.00000193  00000-0 -75850-4 0  1647
2 28353  71.0020  59.3686 0005406 203.5369 156.5506 14.14581368110240
1 28353U 04021B   25344.92439686 -.00000208  00000-0 -83252-4 0  9922
2 28353  71.0019  58.7749 0005387 203.1702 156.9178 14.14581221110287
1 28353U 04021B   25345.20725051 -.00000214  00000-0 -86529-4 0  1657
2 28353  71.0018  58.1814 0005375 202.6927 157.3958 14.14581129110326
1 28353U 04021B   25345.27796386 -.00000203  00000-0 -80763-4 0  9945
2 28353  71.0018  58.0330 0005373 202.5935 157.4951 14.14581194110331
1 28353U 04021B   25345.49010411 -.00000201  00000-0 -79902-4 0  9971
2 28353  71.0018  57.5879 0005361 202.3481 157.7409 14.14581129110366
1 28353U 04021B   25345.49010416 -.00000209  00000-0 -83847-4 0  9988
2 28353  71.0018  57.5879 0005361 202.3452 157.7437 14.14581075110365
1 28353U 04021B   25346.26795184 -.00000220  00000-0 -89864-4 0    19
2 28353  71.0017  55.9556 0005322 201.0710 159.0194 14.14580832110475
1 28353U 04021B   25346.90437286 -.00000225  00000-0 -92530-4 0    59
2 28353  71.0016  54.6200 0005277 200.1767 159.9147 14.14580585110569
1 28353U 04021B   25347.32865353 -.00000226  00000-0 -92716-4 0    86
2 28353  71.0016  53.7297 0005258 199.4645 160.6278 14.14580466110628
1 28353U 04021B   25347.61150746 -.00000231  00000-0 -95668-4 0   121
2 28353  71.0015  53.1362 0005240 199.0394 161.0534 14.14580299110660
1 28353U 04021B   25347.89436129 -.00000231  00000-0 -95415-4 0   134
2 28353  71.0015  52.5425 0005220 198.5208 161.5726 14.14580219110704
1 28353U 04021B   25348.31864209 -.00000231  00000-0 -95587-4 0   169
2 28353  71.0014  51.6522 0005204 197.8549 162.2391 14.14580079110769
1 28353U 04021B   25348.88435003 -.00000235  00000-0 -97720-4 0   207
2 28353  71.0014  50.4650 0005167 196.9290 163.1661 14.14579811110840
1 28353U 04021B   25349.30863098 -.00000230  00000-0 -94982-4 0   239
2 28353  71.0013  49.5747 0005151 196.2042 163.8917 14.14579682110900
1 28353U 04021B   25349.87433903 -.00000217  00000-0 -87950-4 0   264
2 28353  71.0012  48.3875 0005118 195.2966 164.8002 14.14579506110984
1 28353U 04021B   25350.29862010 -.00000208  00000-0 -83261-4 0   291
2 28353  71.0012  47.4972 0005101 194.5520 165.5457 14.14579392111045
1 28353U 04021B   25350.58147421 -.00000197  00000-0 -77522-4 0   330
2 28353  71.0012  46.9036 0005084 194.0956 166.0026 14.14579313111083
1 28353U 04021B   25351.28860947 -.00000181  00000-0 -69337-4 0   364
2 28353  71.0011  45.4196 0005052 192.7999 167.2996 14.14579139111186
1 28353U 04021B   25351.57146365 -.00000168  00000-0 -62637-4 0   403
2 28353  71.0011  44.8260 0005037 192.3087 167.7913 14.14579068111228
1 28353U 04021B   25351.85431778 -.00000158  00000-0 -57667-4 0   416
2 28353  71.0010  44.2324 0005018 191.8105 168.2900 14.14579023111263
1 28353U 04021B   25352.27859901 -.00000144  00000-0 -50100-4 0   448
2 28353  71.0009  43.3421 0005005 190.9907 169.1107 14.14578965111325
1 28353U 04021B   25352.56145324 -.00000130  00000-0 -42743-4 0   480
2 28353  71.0009  42.7484 0004982 190.4524 169.6495 14.14578914111363
1 28353U 04021B   25353.19787514 -.00000109  00000-0 -31724-4 0   509
2 28353  71.0008  41.4129 0004951 189.3497 170.7534 14.14578850111452
1 28353U 04021B   25353.41001581 -.00000098  00000-0 -25995-4 0   518
2 28353  71.0008  40.9677 0004941 189.0180 171.0854 14.14578815111482
1 28353U 04021B   25353.41001580 -.00000098  00000-0 -25995-4 0  1877
2 28353  71.0008  40.9677 0004941 189.0180 171.0854 14.14578815111482
1 28353U 04021B   25354.11715135 -.00000071  00000-0 -12354-4 0  1880
2 28353  71.0007  39.4837 0004904 187.7562 172.3485 14.14578776111581
1 28353U 04021B   25354.11715136 -.00000071  00000-0 -12354-4 0   521
2 28353  71.0007  39.4837 0004904 187.7562 172.3485 14.14578776111581
1 28353U 04021B   25354.47071918 -.00000055  00000-0 -37438-5 0  1897
2 28353  71.0007  38.7417 0004883 187.1380 172.9673 14.14578746111633
1 28353U 04021B   25354.54143276 -.00000056  00000-0 -42676-5 0   566
2 28353  71.0006  38.5933 0004875 187.0676 173.0379 14.14578718111646
1 28353U 04021B   25354.82428698 -.00000046  00000-0  10169-5 0  1900
2 28353  71.0006  37.9997 0004857 186.5608 173.5452 14.14578715111686
1 28353U 04021B   25354.82428699 -.00000046  00000-0  10169-5 0   573
2 28353  71.0006  37.9997 0004857 186.5608 173.5452 14.14578715111686
1 28353U 04021B   25355.10714119 -.00000033  00000-0  77655-5 0  1918
2 28353  71.0006  37.4061 0004843 186.0827 174.0238 14.14578748111725
1 28353U 04021B   25355.10714120 -.00000033  00000-0  77655-5 0   582
2 28353  71.0006  37.4061 0004843 186.0827 174.0238 14.14578748111725
1 28353U 04021B   25355.46070899 -.00000013  00000-0  18028-4 0  1924
2 28353  71.0005  36.6642 0004829 185.5025 174.6045 14.14578770111770
1 28353U 04021B   25355.53142257 -.00000012  00000-0  18646-4 0   610
2 28353  71.0005  36.5158 0004820 185.4426 174.6645 14.14578762111784
1 28353U 04021B   25355.53142257 -.00000012  00000-0  18646-4 0  1936
2 28353  71.0005  36.5158 0004820 185.4426 174.6645 14.14578762111784
1 28353U 04021B   25356.16784449  .00000016  00000-0  32902-4 0  1946
2 28353  71.0005  35.1802 0004782 184.3737 175.7344 14.14578866111878
1 28353U 04021B   25356.16784450  .00000016  00000-0  32902-4 0   633
2 28353  71.0005  35.1802 0004782 184.3737 175.7344 14.14578866111878
1 28353U 04021B   25356.45069871  .00000034  00000-0  42451-4 0   649
2 28353  71.0005  34.5866 0004765 183.9080 176.2006 14.14578916111910
1 28353U 04021B   25356.80426644  .00000043  00000-0  47054-4 0  1963
2 28353  71.0005  33.8446 0004738 183.2909 176.8183 14.14578955111969
1 28353U 04021B   25356.80426644  .00000043  00000-0  47054-4 0   658
2 28353  71.0005  33.8446 0004738 183.2909 176.8183 14.14578955111969
1 28353U 04021B   25357.15783414  .00000056  00000-0  53992-4 0  1976
2 28353  71.0004  33.1026 0004725 182.6515 177.4583 14.14579040112011
1 28353U 04021B   25357.22854769  .00000057  00000-0  54539-4 0   682
2 28353  71.0005  32.9543 0004720 182.5719 177.5380 14.14579041112021
1 28353U 04021B   25357.79425595  .00000086  00000-0  69516-4 0  1993
2 28353  71.0004  31.7670 0004689 181.4738 178.6371 14.14579213112103
1 28353U 04021B   25357.79425595  .00000086  00000-0  69516-4 0   712
2 28353  71.0004  31.7670 0004689 181.4738 178.6371 14.14579213112103
1 28353U 04021B   25358.14782353  .00000101  00000-0  77349-4 0  2005
2 28353  71.0004  31.0250 0004669 180.9284 179.1831 14.14579347112158
1 28353U 04021B   25358.14782354  .00000101  00000-0  77349-4 0   723
2 28353  71.0004  31.0250 0004669 180.9284 179.1831 14.14579347112158
1 28353U 04021B   25358.78424522  .00000132  00000-0  93308-4 0  2025
2 28353  71.0004  29.6893 0004635 179.7709 180.3416 14.14579573112249
1 28353U 04021B   25358.78424522  .00000132  00000-0  93308-4 0   753
2 28353  71.0004  29.6893 0004635 179.7709 180.3416 14.14579573112249
1 28353U 04021B   25359.13781272  .00000147  00000-0  10104-3 0  2032
2 28353  71.0004  28.9473 0004620 179.1704 180.9426 14.14579740112296
1 28353U 04021B   25359.13781272  .00000147  00000-0  10104-3 0   771
2 28353  71.0004  28.9473 0004620 179.1704 180.9426 14.14579740112296
1 28353U 04021B   25359.42066674  .00000162  00000-0  10931-3 0   792
2 28353  71.0004  28.3537 0004604 178.7045 181.4090 14.14579851112337
1 28353U 04021B   25359.42066674  .00000162  00000-0  10931-3 0  2042
2 28353  71.0004  28.3537 0004604 178.7045 181.4090 14.14579851112337
1 28353U 04021B   25360.12780159  .00000189  00000-0  12311-3 0  2056
2 28353  71.0004  26.8697 0004568 177.4810 182.6336 14.14580204112433
1 28353U 04021B   25360.19851507  .00000197  00000-0  12754-3 0   822
2 28353  71.0004  26.7213 0004563 177.3920 182.7227 14.14580264112449
1 28353U 04021B   25360.48136901  .00000212  00000-0  13503-3 0   852
2 28353  71.0004  26.1276 0004538 176.8054 183.3098 14.14580389112481
1 28353U 04021B   25360.48136900  .00000212  00000-0  13503-3 0  2066
2 28353  71.0004  26.1276 0004538 176.8054 183.3098 14.14580389112481
1 28353U 04021B   25361.18850352  .00000245  00000-0  15228-3 0  2071
2 28353  71.0004  24.6435 0004499 175.6367 184.4795 14.14580852112583
1 28353U 04021B   25361.25921700  .00000247  00000-0  15352-3 0   893
2 28353  71.0004  24.4951 0004493 175.5428 184.5735 14.14580872112593
1 28353U 04021B   25361.47135733  .00000261  00000-0  16077-3 0  2084
2 28353  71.0004  24.0498 0004485 175.0893 185.0275 14.14581022112624
1 28353U 04021B   25361.75421108  .00000270  00000-0  16524-3 0  2097
2 28353  71.0003  23.4561 0004479 174.5183 185.5990 14.14581186112660
1 28353U 04021B   25361.75421108  .00000270  00000-0  16524-3 0   927
2 28353  71.0003  23.4561 0004479 174.5183 185.5990 14.14581186112660
1 28353U 04021B   25362.17849156  .00000289  00000-0  17504-3 0  2102
2 28353  71.0004  22.5656 0004462 173.8119 186.3060 14.14581500112723
1 28353U 04021B   25362.31991843  .00000295  00000-0  17854-3 0   977
2 28353  71.0004  22.2688 0004442 173.5951 186.5229 14.14581575112747
1 28353U 04021B   25362.46134523  .00000306  00000-0  18417-3 0  2114
2 28353  71.0004  21.9719 0004435 173.2516 186.8666 14.14581697112769
1 28353U 04021B   25362.46134524  .00000306  00000-0  18417-3 0   988
2 28353  71.0004  21.9719 0004435 173.2516 186.8666 14.14581697112769
1 28353U 04021B   25362.81491222  .00000315  00000-0  18888-3 0  2128
2 28353  71.0005  21.2298 0004414 172.6220 187.4968 14.14581930112815
1 28353U 04021B   25362.81491223  .00000315  00000-0  18888-3 0   992
2 28353  71.0005  21.2298 0004414 172.6221 187.4968 14.14581931112817
1 28353U 04021B   25363.30990582  .00000344  00000-0  20388-3 0  1035
2 28353  71.0005  20.1910 0004379 171.8976 188.2218 14.14582374112880
1 28353U 04021B   25363.38061919  .00000346  00000-0  20510-3 0  2148
2 28353  71.0005  20.0426 0004373 171.7790 188.3404 14.14582422112891
1 28353U 04021B   25363.38061920  .00000346  00000-0  20510-3 0  1048
2 28353  71.0005  20.0426 0004373 171.7790 188.3404 14.14582422112891
1 28353U 04021B   25363.80489931  .00000361  00000-0  21280-3 0  2156
2 28353  71.0006  19.1521 0004340 171.0367 189.0833 14.14582770112951
1 28353U 04021B   25364.15846594  .00000376  00000-0  22070-3 0  2162
2 28353  71.0006  18.4101 0004321 170.4967 189.6238 14.14583112113008
1 28353U 04021B   25364.29989261  .00000390  00000-0  22774-3 0  1106
2 28353  71.0007  18.1133 0004306 170.2799 189.8408 14.14583259113020
1 28353U 04021B   25364.44131927  .00000397  00000-0  23150-3 0  1129
2 28353  71.0007  17.8165 0004291 170.0212 190.0997 14.14583382113048
1 28353U 04021B   25365.14845212  .00000419  00000-0  24310-3 0  2187
2 28353  71.0009  16.3324 0004241 168.9386 191.1830 14.14584077113145
1 28353U 04021B   25365.28987874  .00000426  00000-0  24664-3 0  1171
2 28353  71.0009  16.0356 0004224 168.7673 191.3544 14.14584185113161
1 28353U 04021B   25365.50201851  .00000433  00000-0  24988-3 0  2190
2 28353  71.0010  15.5903 0004224 168.3881 191.7339 14.14584397113196
1 28353U 04021B   25365.50201851  .00000433  00000-0  24988-3 0  1201
2 28353  71.0010  15.5903 0004224 168.3881 191.7339 14.14584397113196
