1 40404U 95015R   21365.95322321  .00000181  00000-0  11306-3 0    14\
2 40404  98.8198   9.3361 0006606 116.9495 243.2354 14.16426208353998
1 40404U 95015R   22003.56689381  .00000164  00000-0  10480-3 0    16\
2 40404  98.8200  11.9252 0006651 110.1378 250.0513 14.16427375354367
1 40404U 95015R   22003.56689381  .00000164  00000-0  10480-3 0  8924\
2 40404  98.8200  11.9252 0006651 110.1378 250.0513 14.16427375357449
1 40404U 95015R   21363.97530885  .00000248  00000-0  14670-3 0  8907\
2 40404  98.8198   7.3769 0006577 122.1764 238.0048 14.16425353356796
1 40404U 95015R   21365.45874481  .00000195  00000-0  12049-3 0  8915\
2 40404  98.8199   8.8463 0006606 118.3052 241.8789 14.16425994357004
1 40404U 95015R   22004.55584984  .00000146  00000-0  95786-4 0    12\
2 40404  98.8199  12.9048 0006690 108.0268 252.1636 14.16427673354501
1 40404U 95015R   22004.83840863  .00000140  00000-0  92558-4 0    12\
2 40404  98.8199  13.1847 0006695 107.3563 252.8344 14.16427744354542
1 40404U 95015R   22004.97968801  .00000139  00000-0  91848-4 0  8938\
2 40404  98.8199  13.3246 0006695 106.9971 253.1938 14.16427805357640
1 40404U 95015R   22005.54480546  .00000131  00000-0  88145-4 0    16\
2 40404  98.8200  13.8845 0006708 105.8649 254.3265 14.16428024354645
1 40404U 95015R   22005.89800379  .00000127  00000-0  86038-4 0    18\
2 40404  98.8200  14.2344 0006708 104.9795 255.2122 14.16428153354696
1 40404U 95015R   22006.46312112  .00000115  00000-0  79971-4 0  8940\
2 40404  98.8200  14.7942 0006713 103.6033 256.5889 14.16428341357856
1 40404U 95015R   22006.53376075  .00000113  00000-0  78807-4 0    11\
2 40404  98.8200  14.8642 0006713 103.4513 256.7410 14.16428362354789
1 40404U 95015R   22006.88695900  .00000104  00000-0  74630-4 0    10\
2 40404  98.8200  15.2141 0006713 102.6164 257.5761 14.16428448354830
1 40404U 95015R   22007.52271583  .00000103  00000-0  73905-4 0    12\
2 40404  98.8201  15.8439 0006714 100.9409 259.2521 14.16428684354926
1 40404U 95015R   22007.80527440  .00000101  00000-0  73051-4 0  8950\
2 40404  98.8201  16.1238 0006714 100.2124 259.9808 14.16428744358043
1 40404U 95015R   22007.87591404  .00000094  00000-0  69309-4 0    19\
2 40404  98.8201  16.1938 0006716 100.0128 260.1805 14.16428732354970
1 40404U 95015R   22008.58231040  .00000112  00000-0  78440-4 0    12\
2 40404  98.8201  16.8936 0006719  98.2571 261.9365 14.16429027355078
1 40404U 95015R   22008.79422931  .00000118  00000-0  81535-4 0    11\
2 40404  98.8201  17.1036 0006723  97.5753 262.6184 14.16429098355101
1 40404U 95015R   22009.00614814  .00000123  00000-0  83835-4 0  8962\
2 40404  98.8201  17.3135 0006720  97.0755 263.1183 14.16429200358212
1 40404U 95015R   22009.57126512  .00000137  00000-0  90950-4 0    16\
2 40404  98.8202  17.8734 0006728  95.6879 264.5063 14.16429411355215
1 40404U 95015R   22009.92446316  .00000137  00000-0  91276-4 0    14\
2 40404  98.8202  18.2233 0006729  94.7928 265.4015 14.16429503355264
1 40404U 95015R   22010.48957998  .00000158  00000-0  10174-3 0  8973\
2 40404  98.8202  18.7831 0006736  93.4628 266.7317 14.16429784358425
1 40404U 95015R   22010.48957998  .00000158  00000-0  10174-3 0    10\
2 40404  98.8202  18.7831 0006736  93.4628 266.7317 14.16429784355343
1 40404U 95015R   22010.77213838  .00000153  00000-0  99196-4 0    17\
2 40404  98.8202  19.0630 0006737  92.7995 267.3950 14.16429813355381
1 40404U 95015R   22011.47853407  .00000163  00000-0  10427-3 0    17\
2 40404  98.8201  19.7629 0006740  91.1596 269.0350 14.16430166355486
1 40404U 95015R   22011.90237138  .00000165  00000-0  10513-3 0    10\
2 40404  98.8201  20.1828 0006737  90.1049 270.0897 14.16430344355544
1 40404U 95015R   22011.97301094  .00000164  00000-0  10470-3 0  8985\
2 40404  98.8201  20.2527 0006737  89.9389 270.2557 14.16430372358633
1 40404U 95015R   22012.46748774  .00000159  00000-0  10225-3 0    18\
2 40404  98.8201  20.7426 0006735  88.7585 271.4360 14.16430573355623
1 40404U 95015R   22013.24452243  .00000167  00000-0  10594-3 0  8991\
2 40404  98.8202  21.5124 0006724  86.9108 273.2835 14.16430969358817
1 40404U 95015R   22013.24452243  .00000167  00000-0  10594-3 0    16\
2 40404  98.8202  21.5124 0006724  86.9108 273.2835 14.16430969355735
1 40404U 95015R   22013.73899898  .00000162  00000-0  10390-3 0    10\
2 40404  98.8201  22.0023 0006722  85.6433 274.5509 14.16431172355800
1 40404U 95015R   22014.30411496  .00000171  00000-0  10831-3 0  9006\
2 40404  98.8202  22.5621 0006716  84.2555 275.9385 14.16431463358963
1 40404U 95015R   22014.58667289  .00000179  00000-0  11207-3 0    17\
2 40404  98.8201  22.8420 0006714  83.5880 276.6059 14.16431636355924
1 40404U 95015R   22015.57562549  .00000207  00000-0  12641-3 0    15\
2 40404  98.8201  23.8218 0006710  81.1122 279.0812 14.16432194356069
1 40404U 95015R   22015.57562549  .00000207  00000-0  12641-3 0  9014\
2 40404  98.8201  23.8218 0006710  81.1122 279.0812 14.16432194359141
1 40404U 95015R   22015.92882271  .00000215  00000-0  13031-3 0    14\
2 40404  98.8201  24.1717 0006708  80.2361 279.9571 14.16432397356111
1 40404U 95015R   22016.49393819  .00000236  00000-0  14079-3 0    18\
2 40404  98.8201  24.7315 0006709  78.8542 281.3386 14.16432781356192
1 40404U 95015R   22016.56457760  .00000240  00000-0  14305-3 0    19\
2 40404  98.8201  24.8015 0006709  78.6862 281.5066 14.16432840356208
1 40404U 95015R   22016.98841411  .00000244  00000-0  14465-3 0  9026\
2 40404  98.8201  25.2214 0006706  77.6499 282.5426 14.16433069359349
1 40404U 95015R   22017.55352937  .00000230  00000-0  13770-3 0    13\
2 40404  98.8201  25.7812 0006704  76.2953 283.8967 14.16433290356343
1 40404U 95015R   22017.83608692  .00000238  00000-0  14177-3 0    16\
2 40404  98.8201  26.0611 0006703  75.6130 284.5788 14.16433476356382
1 40404U 95015R   22018.47184121  .00000228  00000-0  13700-3 0  9034\
2 40404  98.8201  26.6909 0006694  74.1137 286.0775 14.16433839359556
1 40404U 95015R   22018.54248062  .00000221  00000-0  13340-3 0    19\
2 40404  98.8201  26.7609 0006692  73.9502 286.2409 14.16433827356487
1 40404U 95015R   22018.75439869  .00000216  00000-0  13084-3 0    18\
2 40404  98.8201  26.9709 0006687  73.4520 286.7388 14.16433907356513
1 40404U 95015R   22019.53143132  .00000227  00000-0  13622-3 0  9042\
2 40404  98.8202  27.7407 0006673  71.5818 288.6081 14.16434487359701
1 40404U 95015R   22019.88462799  .00000211  00000-0  12822-3 0    15\
2 40404  98.8202  28.0905 0006666  70.6600 289.5295 14.16434580356673
1 40404U 95015R   22020.52038187  .00000178  00000-0  11163-3 0    17\
2 40404  98.8203  28.7204 0006658  69.0931 291.0956 14.16434751356765
1 40404U 95015R   22020.87357840  .00000167  00000-0  10609-3 0    17\
2 40404  98.8203  29.0703 0006651  68.1837 292.0044 14.16434853356819
1 40404U 95015R   22020.94421770  .00000166  00000-0  10578-3 0  9056\
2 40404  98.8203  29.1403 0006650  67.9990 292.1890 14.16434888359904
1 40404U 95015R   22021.50933209  .00000167  00000-0  10623-3 0    13\
2 40404  98.8204  29.7002 0006640  66.6310 293.5562 14.16435153356901
1 40404U 95015R   22021.72124997  .00000168  00000-0  10647-3 0    10\
2 40404  98.8204  29.9101 0006638  66.0699 294.1170 14.16435226356930
1 40404U 95015R   22022.28636421  .00000175  00000-0  11008-3 0  9066\
2 40404  98.8204  30.4700 0006630  64.7037 295.4823 14.16435506360097
1 40404U 95015R   22022.56892132  .00000172  00000-0  10851-3 0    18\
2 40404  98.8205  30.7499 0006627  64.0050 296.1806 14.16435611357058
1 40404U 95015R   22022.92211763  .00000170  00000-0  10757-3 0    16\
2 40404  98.8205  31.0998 0006621  63.1242 297.0608 14.16435743357105
1 40404U 95015R   22023.48723166  .00000180  00000-0  11288-3 0  9079\
2 40404  98.8205  31.6597 0006608  61.7744 298.4096 14.16436053360264
1 40404U 95015R   22023.55787092  .00000177  00000-0  11097-3 0    14\
2 40404  98.8205  31.7297 0006607  61.5968 298.5871 14.16436056357190
1 40404U 95015R   22023.91106712  .00000171  00000-0  10794-3 0    15\
2 40404  98.8205  32.0796 0006596  60.7249 299.4583 14.16436170357241
1 40404U 95015R   22024.54682012  .00000172  00000-0  10854-3 0    15\
2 40404  98.8205  32.7095 0006580  59.1835 300.9986 14.16436496357332
1 40404U 95015R   22024.54682012  .00000172  00000-0  10854-3 0  9081\
2 40404  98.8205  32.7095 0006580  59.1835 300.9986 14.16436496360415
1 40404U 95015R   22024.90001617  .00000163  00000-0  10435-3 0    16\
2 40404  98.8205  33.0594 0006569  58.2987 301.8827 14.16436610357382
1 40404U 95015R   22025.53576878  .00000182  00000-0  11371-3 0    13\
2 40404  98.8206  33.6893 0006546  56.6936 303.4864 14.16437080357473
1 40404U 95015R   22025.95960382  .00000184  00000-0  11449-3 0  9091\
2 40404  98.8206  34.1092 0006530  55.6227 304.5564 14.16437298360615
1 40404U 95015R   22026.52471715  .00000174  00000-0  10945-3 0    14\
2 40404  98.8206  34.6691 0006515  54.2209 305.9570 14.16437531357611
1 40404U 95015R   22026.94855209  .00000170  00000-0  10758-3 0    12\
2 40404  98.8206  35.0890 0006498  53.1271 307.0498 14.16437691357679
1 40404U 95015R   22027.01919125  .00000168  00000-0  10670-3 0  9108\
2 40404  98.8206  35.1589 0006494  52.9534 307.2233 14.16437712360767
1 40404U 95015R   22027.58430442  .00000167  00000-0  10638-3 0    14\
2 40404  98.8207  35.7188 0006470  51.5916 308.5838 14.16437947357763
1 40404U 95015R   22027.93750015  .00000174  00000-0  10983-3 0    15\
2 40404  98.8207  36.0687 0006475  50.5320 309.6426 14.16438110357818
1 40404U 95015R   22028.29069584  .00000180  00000-0  11254-3 0  9118\
2 40404  98.8207  36.4187 0006469  49.6587 310.5151 14.16438263360947
1 40404U 95015R   22028.57325235  .00000176  00000-0  11063-3 0    10\
2 40404  98.8207  36.6986 0006459  48.9489 311.2242 14.16438362357909
1 40404U 95015R   22028.92644793  .00000177  00000-0  11097-3 0    10\
2 40404  98.8207  37.0486 0006450  48.0552 312.1171 14.16438504357956
1 40404U 95015R   22029.56219976  .00000208  00000-0  12687-3 0    13\
2 40404  98.8207  37.6784 0006432  46.5075 313.6633 14.16438983358047
1 40404U 95015R   22029.56219976  .00000208  00000-0  12687-3 0  9124\
2 40404  98.8207  37.6784 0006432  46.5075 313.6633 14.16438983361120
1 40404U 95015R   22030.55114678  .00000228  00000-0  13684-3 0    17\
2 40404  98.8207  38.6582 0006400  44.0342 316.1341 14.16439594358187
1 40404U 95015R   22030.76306393  .00000226  00000-0  13591-3 0  9134\
2 40404  98.8207  38.8682 0006390  43.5005 316.6672 14.16439684361296
1 40404U 95015R   22030.90434204  .00000222  00000-0  13389-3 0    12\
2 40404  98.8207  39.0082 0006386  43.1352 317.0321 14.16439744358232
1 40404U 95015R   22031.54009315  .00000266  00000-0  15616-3 0    17\
2 40404  98.8207  39.6381 0006359  41.5266 318.6390 14.16440417358328
1 40404U 95015R   22031.89328813  .00000256  00000-0  15084-3 0    10\
2 40404  98.8207  39.9880 0006341  40.6095 319.5551 14.16440585358376
1 40404U 95015R   22031.96392713  .00000255  00000-0  15062-3 0  9146\
2 40404  98.8207  40.0580 0006338  40.4180 319.7464 14.16440634361469
1 40404U 95015R   22032.52903917  .00000254  00000-0  15014-3 0    16\
2 40404  98.8208  40.6179 0006317  39.0355 321.1274 14.16440961358460
1 40404U 95015R   22032.74095609  .00000253  00000-0  14938-3 0    13\
2 40404  98.8208  40.8279 0006309  38.4824 321.6799 14.16441072358492
1 40404U 95015R   22033.23542900  .00000232  00000-0  13868-3 0  9151\
2 40404  98.8208  41.3178 0006299  37.2079 322.9531 14.16441226361643
1 40404U 95015R   22033.58862387  .00000217  00000-0  13109-3 0    10\
2 40404  98.8208  41.6677 0006285  36.2721 323.8879 14.16441336358618
1 40404U 95015R   22033.72990179  .00000216  00000-0  13079-3 0    12\
2 40404  98.8208  41.8077 0006280  35.9040 324.2555 14.16441395358632
1 40404U 95015R   22034.50693030  .00000201  00000-0  12319-3 0  9160\
2 40404  98.8209  42.5776 0006247  33.8651 326.2921 14.16441711361821
1 40404U 95015R   22034.50693030  .00000201  00000-0  12319-3 0    15\
2 40404  98.8209  42.5776 0006247  33.8651 326.2921 14.16441711358748
1 40404U 95015R   22035.28395849  .00000262  00000-0  15404-3 0    13\
2 40404  98.8210  43.3474 0006219  31.8690 328.2859 14.16442424358850
1 40404U 95015R   22035.77843083  .00000256  00000-0  15095-3 0  9170\
2 40404  98.8210  43.8374 0006195  30.6118 329.5416 14.16442653362008
1 40404U 95015R   22035.77843083  .00000256  00000-0  15095-3 0    14\
2 40404  98.8210  43.8374 0006195  30.6118 329.5416 14.16442653358924
1 40404U 95015R   22036.55545852  .00000285  00000-0  16542-3 0    14\
2 40404  98.8211  44.6072 0006160  28.6329 331.5183 14.16443288359034
1 40404U 95015R   22036.97929160  .00000286  00000-0  16586-3 0  9184\
2 40404  98.8211  45.0272 0006142  27.4654 332.6844 14.16443577362175
1 40404U 95015R   22037.47376350  .00000278  00000-0  16208-3 0    12\
2 40404  98.8211  45.5171 0006113  26.2012 333.9471 14.16443871359163
1 40404U 95015R   22037.89759646  .00000275  00000-0  16034-3 0    15\
2 40404  98.8211  45.9370 0006092  25.0181 335.1288 14.16444119359221
1 40404U 95015R   22038.53334574  .00000259  00000-0  15247-3 0  9191\
2 40404  98.8211  46.5669 0006062  23.3168 336.8280 14.16444480362395
1 40404U 95015R   22038.53334574  .00000259  00000-0  15247-3 0    13\
2 40404  98.8211  46.5669 0006062  23.3168 336.8280 14.16444480359313
1 40404U 95015R   22038.74526208  .00000258  00000-0  15190-3 0    19\
2 40404  98.8211  46.7769 0006054  22.6699 337.4741 14.16444608359342
1 40404U 95015R   22039.45164989  .00000266  00000-0  15600-3 0    17\
2 40404  98.8211  47.4768 0006022  20.7995 339.3424 14.16445133359446
1 40404U 95015R   22039.80484369  .00000258  00000-0  15209-3 0  9209\
2 40404  98.8212  47.8268 0006001  19.9181 340.2226 14.16445301362576
1 40404U 95015R   22039.80484369  .00000258  00000-0  15209-3 0    19\
2 40404  98.8212  47.8268 0006001  19.9181 340.2226 14.16445301359493
1 40404U 95015R   22040.51123116  .00000288  00000-0  16683-3 0    19\
2 40404  98.8212  48.5267 0005966  17.9803 342.1581 14.16445905359594
1 40404U 95015R   22040.93506364  .00000240  00000-0  14269-3 0  9212\
2 40404  98.8212  48.9467 0005952  16.8312 343.3059 14.16445869362730
1 40404U 95015R   22041.57081217  .00000285  00000-0  16573-3 0    16\
2 40404  98.8212  49.5767 0005928  15.1729 344.9622 14.16446467359742
1 40404U 95015R   22041.92400565  .00000311  00000-0  17866-3 0    12\
2 40404  98.8212  49.9267 0005912  14.2488 345.8851 14.16446819359796
1 40404U 95015R   22041.99464435  .00000310  00000-0  17788-3 0  9229\
2 40404  98.8212  49.9967 0005914  14.0030 346.1307 14.16446853362888
1 40404U 95015R   22042.48911511  .00000316  00000-0  18114-3 0    14\
2 40404  98.8212  50.4866 0005892  12.7033 347.4288 14.16447215359876
1 40404U 95015R   22042.91294719  .00000313  00000-0  17983-3 0    16\
2 40404  98.8212  50.9066 0005869  11.5548 348.5760 14.16447437359935
1 40404U 95015R   22043.47805633  .00000317  00000-0  18158-3 0  9233\
2 40404  98.8212  51.4665 0005831  10.0355 350.0934 14.16447867363095
1 40404U 95015R   22043.54869503  .00000301  00000-0  17336-3 0    14\
2 40404  98.8212  51.5365 0005828   9.8363 350.2924 14.16447806360028
1 40404U 95015R   22044.53763559  .00000280  00000-0  16279-3 0    19\
2 40404  98.8212  52.5165 0005771   7.0673 353.0582 14.16448426360163
1 40404U 95015R   22044.74955137  .00000274  00000-0  16016-3 0  9243\
2 40404  98.8212  52.7265 0005759   6.4570 353.6678 14.16448535363279
1 40404U 95015R   22045.59721431  .00000246  00000-0  14608-3 0    15\
2 40404  98.8212  53.5664 0005711   4.0691 356.0529 14.16449002360311
1 40404U 95015R   22046.02104566  .00000242  00000-0  14393-3 0  9250\
2 40404  98.8213  53.9865 0005695   2.8418 357.2788 14.16449268363455
1 40404U 95015R   22046.58615406  .00000221  00000-0  13343-3 0    17\
2 40404  98.8213  54.5464 0005669   1.2973 358.8215 14.16449521360458
1 40404U 95015R   22046.72743114  .00000219  00000-0  13240-3 0    14\
2 40404  98.8214  54.6864 0005665   0.9095 359.2088 14.16449583360474
1 40404U 95015R   22047.50445500  .00000226  00000-0  13566-3 0  9264\
2 40404  98.8214  55.4564 0005623 358.7254   1.3905 14.16450081363667
1 40404U 95015R   22047.50445500  .00000226  00000-0  13566-3 0    18\
2 40404  98.8214  55.4564 0005623 358.7254   1.3905 14.16450081360585
1 40404U 95015R   22047.92828600  .00000236  00000-0  14069-3 0    10\
2 40404  98.8214  55.8764 0005603 357.4998   2.6147 14.16450392360644
1 40404U 95015R   22048.56403255  .00000219  00000-0  13244-3 0    11\
2 40404  98.8214  56.5063 0005564 355.7106   4.4020 14.16450660360730
1 40404U 95015R   22048.84658652  .00000217  00000-0  13154-3 0  9270\
2 40404  98.8215  56.7864 0005548 354.9012   5.2104 14.16450793363856
1 40404U 95015R   22048.91722501  .00000207  00000-0  12623-3 0    15\
2 40404  98.8215  56.8563 0005545 354.6903   5.4212 14.16450778360780
1 40404U 95015R   22049.55297131  .00000213  00000-0  12929-3 0    18\
2 40404  98.8215  57.4863 0005507 352.8433   7.2662 14.16451172360874
1 40404U 95015R   22049.90616356  .00000212  00000-0  12867-3 0    11\
2 40404  98.8216  57.8364 0005491 351.7865   8.3218 14.16451374360923
1 40404U 95015R   22049.97680205  .00000209  00000-0  12707-3 0  9289\
2 40404  98.8216  57.9064 0005484 351.5857   8.5224 14.16451392364015
1 40404U 95015R   22050.54190961  .00000213  00000-0  12921-3 0    14\
2 40404  98.8216  58.4664 0005450 349.9377  10.1687 14.16451752361017
1 40404U 95015R   22050.82446334  .00000209  00000-0  12723-3 0    18\
2 40404  98.8216  58.7464 0005435 349.0784  11.0271 14.16451877361055
1 40404U 95015R   22051.46020908  .00000207  00000-0  12615-3 0  9291\
2 40404  98.8217  59.3763 0005399 347.1851  12.9185 14.16452265364226
1 40404U 95015R   22051.53084749  .00000204  00000-0  12468-3 0    16\
2 40404  98.8217  59.4463 0005396 346.9907  13.1127 14.16452290361156
1 40404U 95015R   22051.74276271  .00000201  00000-0  12353-3 0    12\
2 40404  98.8217  59.6563 0005385 346.3441  13.7587 14.16452377361189
1 40404U 95015R   22052.51978521  .00000182  00000-0  11380-3 0  9303\
2 40404  98.8217  60.4263 0005342 344.0285  16.0720 14.16452662364376
1 40404U 95015R   22052.94361555  .00000192  00000-0  11901-3 0    12\
2 40404  98.8218  60.8463 0005325 342.7275  17.3717 14.16452906361354
1 40404U 95015R   22053.57936099  .00000193  00000-0  11907-3 0    10\
2 40404  98.8218  61.4763 0005292 340.8039  19.2935 14.16453185361447
1 40404U 95015R   22053.79127612  .00000195  00000-0  12040-3 0  9310\
2 40404  98.8218  61.6863 0005281 340.1838  19.9130 14.16453272364554
1 40404U 95015R   22053.79127612  .00000195  00000-0  12040-3 0    18\
2 40404  98.8218  61.6863 0005281 340.1838  19.9130 14.16453272361472
1 40404U 95015R   22054.49765984  .00000198  00000-0  12171-3 0    14\
2 40404  98.8218  62.3863 0005246 338.0486  22.0462 14.16453585361577
1 40404U 95015R   22055.55723499  .00000220  00000-0  13279-3 0    13\
2 40404  98.8218  63.4364 0005196 334.8738  25.2182 14.16454195361722
1 40404U 95015R   22055.62787332  .00000218  00000-0  13198-3 0  9327\
2 40404  98.8218  63.5063 0005187 334.6334  25.4585 14.16454208364816
1 40404U 95015R   22055.91042660  .00000214  00000-0  12967-3 0    13\
2 40404  98.8218  63.7864 0005183 333.7309  26.3602 14.16454332361775
1 40404U 95015R   22056.47553311  .00000215  00000-0  13049-3 0    18\
2 40404  98.8218  64.3463 0005139 331.9717  28.1179 14.16454642361853
1 40404U 95015R   22056.75808628  .00000221  00000-0  13348-3 0  9336\
2 40404  98.8218  64.6263 0005126 331.0608  29.0281 14.16454815364972
1 40404U 95015R   22056.75808628  .00000221  00000-0  13348-3 0    12\
2 40404  98.8218  64.6263 0005126 331.0608  29.0281 14.16454815361890
1 40404U 95015R   22057.53510741  .00000211  00000-0  12851-3 0    12\
2 40404  98.8218  65.3964 0005089 328.6001  31.4869 14.16455214362000
1 40404U 95015R   22057.88829872  .00000192  00000-0  11861-3 0    16\
2 40404  98.8217  65.7464 0005077 327.3936  32.6924 14.16455297362059
1 40404U 95015R   22057.95893696  .00000192  00000-0  11901-3 0  9349\
2 40404  98.8217  65.8164 0005075 327.1431  32.9427 14.16455350365147
1 40404U 95015R   22058.52404295  .00000217  00000-0  13132-3 0    17\
2 40404  98.8218  66.3764 0005049 325.3405  34.7440 14.16455811362146
1 40404U 95015R   22058.73595767  .00000216  00000-0  13088-3 0    14\
2 40404  98.8218  66.5865 0005049 324.6853  35.3987 14.16455906362170
1 40404U 95015R   22059.44234011  .00000213  00000-0  12939-3 0  9352\
2 40404  98.8218  67.2865 0005017 322.4326  37.6497 14.16456244365354
1 40404U 95015R   22059.58361651  .00000221  00000-0  13312-3 0    17\
2 40404  98.8218  67.4264 0005002 321.9871  38.0949 14.16456368362296
1 40404U 95015R   22059.93680764  .00000211  00000-0  12814-3 0    10\
2 40404  98.8218  67.7765 0004985 320.8599  39.2214 14.16456476362343
1 40404U 95015R   22060.50191338  .00000214  00000-0  12981-3 0  9364\
2 40404  98.8218  68.3366 0004964 319.0737  41.0063 14.16456764365502
1 40404U 95015R   22060.57255158  .00000219  00000-0  13246-3 0    15\
2 40404  98.8218  68.4066 0004956 318.8207  41.2593 14.16456820362432
1 40404U 95015R   22060.92574260  .00000211  00000-0  12847-3 0    10\
2 40404  98.8218  68.7566 0004946 317.6708  42.4083 14.16456936362482
1 40404U 95015R   22061.56148634  .00000204  00000-0  12478-3 0    15\
2 40404  98.8218  69.3868 0004923 315.6554  44.4226 14.16457215362578
1 40404U 95015R   22061.56148634  .00000204  00000-0  12478-3 0  9373\
2 40404  98.8218  69.3868 0004923 315.6554  44.4226 14.16457215365650
1 40404U 95015R   22062.55042071  .00000237  00000-0  14143-3 0    10\
2 40404  98.8219  70.3668 0004875 312.4222  47.6540 14.16457917362711
1 40404U 95015R   22062.97424956  .00000221  00000-0  13325-3 0  9385\
2 40404  98.8219  70.7869 0004862 310.9760  49.0993 14.16458073365854
1 40404U 95015R   22063.53935456  .00000209  00000-0  12719-3 0    13\
2 40404  98.8220  71.3469 0004842 309.0803  50.9940 14.16458366362859
1 40404U 95015R   22063.75126892  .00000206  00000-0  12594-3 0    11\
2 40404  98.8220  71.5570 0004835 308.3555  51.7185 14.16458458362887
1 40404U 95015R   22064.24573553  .00000256  00000-0  15108-3 0    15\
2 40404  98.8220  72.0470 0004828 306.6502  53.4228 14.16459057362958
1 40404U 95015R   22064.52828793  .00000253  00000-0  14922-3 0  9395\
2 40404  98.8221  72.3270 0004823 305.6975  54.3749 14.16459213366077
1 40404U 95015R   22064.52828793  .00000253  00000-0  14922-3 0    15\
2 40404  98.8221  72.3270 0004823 305.6975  54.3749 14.16459213362994
1 40404U 95015R   22064.74020219  .00000252  00000-0  14917-3 0    19\
2 40404  98.8221  72.5370 0004819 304.9835  55.0886 14.16459317363029
1 40404U 95015R   22065.58785897  .00000276  00000-0  16099-3 0    11\
2 40404  98.8222  73.3771 0004791 302.0730  57.9979 14.16459967363144
1 40404U 95015R   22065.72913509  .00000278  00000-0  16194-3 0  9400\
2 40404  98.8222  73.5172 0004789 301.6110  58.4596 14.16460042366246
1 40404U 95015R   22066.29423955  .00000276  00000-0  16098-3 0    13\
2 40404  98.8223  74.0773 0004779 299.7286  60.3413 14.16460326363242
1 40404U 95015R   22066.78870587  .00000281  00000-0  16334-3 0  9416\
2 40404  98.8224  74.5673 0004763 298.0337  62.0355 14.16460593366398
1 40404U 95015R   22066.92998195  .00000284  00000-0  16502-3 0    15\
2 40404  98.8224  74.7074 0004760 297.5503  62.5187 14.16460690363338
1 40404U 95015R   22067.56572411  .00000292  00000-0  16900-3 0    16\
2 40404  98.8224  75.3374 0004741 295.3988  64.6695 14.16461099363421
1 40404U 95015R   22067.98955213  .00000284  00000-0  16507-3 0  9425\
2 40404  98.8224  75.7575 0004733 293.9388  66.1290 14.16461303366561
1 40404U 95015R   22068.55465606  .00000301  00000-0  17345-3 0    18\
2 40404  98.8224  76.3176 0004712 291.9753  68.0920 14.16461746363565
1 40404U 95015R   22068.90784589  .00000280  00000-0  16295-3 0    10\
2 40404  98.8224  76.6677 0004709 290.7393  69.3277 14.16461861363610
1 40404U 95015R   22069.54358746  .00000292  00000-0  16878-3 0    13\
2 40404  98.8224  77.2977 0004695 288.4644  71.6020 14.16462370363705
1 40404U 95015R   22069.75550128  .00000290  00000-0  16781-3 0  9430\
2 40404  98.8223  77.5078 0004692 287.7086  72.3576 14.16462489366818
1 40404U 95015R   22069.75550128  .00000290  00000-0  16781-3 0    15\
2 40404  98.8223  77.5078 0004692 287.7086  72.3576 14.16462489363736
1 40404U 95015R   22069.96741502  .00000302  00000-0  17385-3 0    11\
2 40404  98.8223  77.7178 0004692 286.9897  73.0762 14.16462725363761
1 40404U 95015R   22070.88570768  .00000312  00000-0  17909-3 0    11\
2 40404  98.8223  78.6279 0004681 283.7215  76.3437 14.16463479363896
1 40404U 95015R   22070.95634557  .00000311  00000-0  17845-3 0  9440\
2 40404  98.8223  78.6979 0004683 283.5109  76.5543 14.16463526366981
1 40404U 95015R   22071.59208647  .00000318  00000-0  18219-3 0    15\
2 40404  98.8223  79.3280 0004664 281.1702  78.8948 14.16464023363991
1 40404U 95015R   22071.94527582  .00000284  00000-0  16496-3 0    13\
2 40404  98.8223  79.6781 0004663 279.9638  80.1010 14.16464066364042
1 40404U 95015R   22072.01591368  .00000283  00000-0  16472-3 0  9455\
2 40404  98.8223  79.7481 0004663 279.7091  80.3556 14.16464116367137
1 40404U 95015R   22072.51037861  .00000335  00000-0  19067-3 0    17\
2 40404  98.8223  80.2381 0004655 277.9948  82.0698 14.16464724364122
1 40404U 95015R   22072.93420543  .00000356  00000-0  20128-3 0    19\
2 40404  98.8222  80.6582 0004655 276.5739  83.4905 14.16465163364181
1 40404U 95015R   22073.42867000  .00000376  00000-0  21126-3 0  9466\
2 40404  98.8222  81.1483 0004649 274.8782  85.1862 14.16465656367337
1 40404U 95015R   22073.56994571  .00000356  00000-0  20108-3 0    14\
2 40404  98.8222  81.2883 0004644 274.2894  85.7749 14.16465614364279
1 40404U 95015R   22073.78185909  .00000357  00000-0  20190-3 0    17\
2 40404  98.8222  81.4983 0004645 273.5967  86.4676 14.16465762364301
1 40404U 95015R   22073.99377239  .00000358  00000-0  20208-3 0    10\
2 40404  98.8222  81.7084 0004648 272.9266  87.1376 14.16465948364338
1 40404U 95015R   22074.77078779  .00000340  00000-0  19319-3 0  9475\
2 40404  98.8222  82.4785 0004639 270.1038  89.9605 14.16466447367525
1 40404U 95015R   22074.77078779  .00000340  00000-0  19319-3 0    16\
2 40404  98.8222  82.4785 0004639 270.1038  89.9605 14.16466447364443
1 40404U 95015R   22075.54780282  .00000324  00000-0  18513-3 0    18\
2 40404  98.8221  83.2486 0004641 267.3395  92.7248 14.16467029364550
1 40404U 95015R   22075.97162899  .00000317  00000-0  18162-3 0  9485\
2 40404  98.8222  83.6687 0004640 265.6855  94.3789 14.16467366367699
1 40404U 95015R   22076.53673048  .00000302  00000-0  17406-3 0    15\
2 40404  98.8223  84.2288 0004644 263.6725  96.3921 14.16467779364697
1 40404U 95015R   22077.24310724  .00000272  00000-0  15889-3 0  9493\
2 40404  98.8223  84.9289 0004643 260.7925  99.2724 14.16468161367876
1 40404U 95015R   22077.52565787  .00000261  00000-0  15356-3 0    11\
2 40404  98.8223  85.2090 0004650 259.8623 100.2026 14.16468332364833
1 40404U 95015R   22078.51458498  .00000233  00000-0  13950-3 0  9501\
2 40404  98.8224  86.1892 0004666 256.7565 103.3089 14.16468817368051
1 40404U 95015R   22078.51458498  .00000233  00000-0  13950-3 0    18\
2 40404  98.8224  86.1892 0004666 256.7565 103.3089 14.16468817364978
1 40404U 95015R   22079.50351180  .00000232  00000-0  13879-3 0    17\
2 40404  98.8225  87.1694 0004679 253.2549 106.8112 14.16469363365117
1 40404U 95015R   22079.78606227  .00000230  00000-0  13793-3 0  9519\
2 40404  98.8225  87.4495 0004682 252.2815 107.7849 14.16469482368233
1 40404U 95015R   22079.78606227  .00000230  00000-0  13793-3 0    15\
2 40404  98.8225  87.4495 0004682 252.2815 107.7849 14.16469482365151
1 40404U 95015R   22080.56307611  .00000224  00000-0  13477-3 0    10\
2 40404  98.8225  88.2196 0004694 249.4402 110.6269 14.16469811365268
1 40404U 95015R   22080.91626404  .00000226  00000-0  13560-3 0    18\
2 40404  98.8225  88.5697 0004703 248.3352 111.7322 14.16470005365315
1 40404U 95015R   22080.98690164  .00000225  00000-0  13538-3 0  9528\
2 40404  98.8225  88.6397 0004704 248.0683 111.9991 14.16470042368406
1 40404U 95015R   22081.48136475  .00000234  00000-0  13987-3 0    17\
2 40404  98.8225  89.1298 0004709 246.1637 113.9044 14.16470357365390
1 40404U 95015R   22081.90519016  .00000228  00000-0  13674-3 0    16\
2 40404  98.8225  89.5499 0004717 244.5021 115.5665 14.16470543365456
1 40404U 95015R   22082.47029059  .00000236  00000-0  14065-3 0  9532\
2 40404  98.8225  90.1100 0004732 242.4706 117.5988 14.16470923368610
1 40404U 95015R   22082.47029059  .00000236  00000-0  14065-3 0    16\
2 40404  98.8225  90.1100 0004732 242.4706 117.5988 14.16470923365538
1 40404U 95015R   22082.82347828  .00000236  00000-0  14074-3 0    12\
2 40404  98.8224  90.4601 0004745 241.2179 118.8519 14.16471108365586
1 40404U 95015R   22083.45921598  .00000233  00000-0  13937-3 0    18\
2 40404  98.8225  91.0902 0004766 239.0644 121.0062 14.16471493365679
1 40404U 95015R   22083.95367847  .00000246  00000-0  14584-3 0  9544\
2 40404  98.8224  91.5803 0004783 237.4721 122.5991 14.16471854368828
1 40404U 95015R   22083.95367847  .00000246  00000-0  14584-3 0    17\
2 40404  98.8224  91.5803 0004783 237.4721 122.5991 14.16471854365746
1 40404U 95015R   22084.58941591  .00000251  00000-0  14850-3 0    13\
2 40404  98.8224  92.2104 0004804 235.1388 124.9334 14.16472244365837
1 40404U 95015R   22085.01324079  .00000258  00000-0  15179-3 0  9558\
2 40404  98.8224  92.6305 0004817 233.7121 126.3609 14.16472511368973
1 40404U 95015R   22084.94260333  .00000255  00000-0  15027-3 0    12\
2 40404  98.8224  92.5605 0004817 233.9387 126.1341 14.16472448365888
1 40404U 95015R   22085.50770312  .00000271  00000-0  15825-3 0    12\
2 40404  98.8223  93.1206 0004837 231.7866 128.2873 14.16472839365967
1 40404U 95015R   22085.79025297  .00000265  00000-0  15517-3 0    19\
2 40404  98.8224  93.4007 0004831 231.2537 128.8206 14.16472928366005
1 40404U 95015R   22086.49662734  .00000290  00000-0  16807-3 0  9560\
2 40404  98.8223  94.1009 0004870 228.6872 131.3883 14.16473501369189
1 40404U 95015R   22086.56726477  .00000291  00000-0  16864-3 0    18\
2 40404  98.8223  94.1709 0004872 228.4465 131.6291 14.16473545366118
1 40404U 95015R   22086.92045182  .00000310  00000-0  17813-3 0    12\
2 40404  98.8223  94.5210 0004885 227.2888 132.7875 14.16473869366163
1 40404U 95015R   22087.48555099  .00000312  00000-0  17906-3 0    12\
2 40404  98.8223  95.0811 0004913 225.2990 134.7785 14.16474278366246
1 40404U 95015R   22087.98001264  .00000329  00000-0  18778-3 0  9573\
2 40404  98.8223  95.5712 0004939 223.6294 136.4491 14.16474711369392
1 40404U 95015R   22088.47447411  .00000343  00000-0  19481-3 0    14\
2 40404  98.8223  96.0614 0004962 221.9218 138.1577 14.16475179366381
1 40404U 95015R   22088.89829793  .00000383  00000-0  21467-3 0    18\
2 40404  98.8222  96.4815 0004984 220.5777 139.5026 14.16475768366441
1 40404U 95015R   22089.60467097  .00000429  00000-0  23804-3 0  9582\
2 40404  98.8222  97.1816 0005018 218.1819 141.9000 14.16476617369625
1 40404U 95015R   22088.96893527  .00000379  00000-0  21268-3 0    16\
2 40404  98.8222  96.5515 0004984 220.3647 139.7157 14.16475805366453
1 40404U 95015R   22089.60467097  .00000429  00000-0  23804-3 0    11\
2 40404  98.8222  97.1816 0005018 218.1819 141.9000 14.16476617366543
1 40404U 95015R   22090.45231830  .00000427  00000-0  23691-3 0    12\
2 40404  98.8222  98.0217 0005051 215.4309 144.6530 14.16477316366667
1 40404U 95015R   22090.59359279  .00000426  00000-0  23607-3 0    11\
2 40404  98.8222  98.1618 0005055 215.0511 145.0331 14.16477422366682
1 40404U 95015R   22090.94677891  .00000444  00000-0  24523-3 0  9593\
2 40404  98.8222  98.5118 0005070 213.9541 146.1309 14.16477841369818
1 40404U 95015R   22091.58251384  .00000427  00000-0  23660-3 0    19\
2 40404  98.8222  99.1419 0005136 211.4841 148.6026 14.16478302366822
1 40404U 95015R   22092.50079710  .00000461  00000-0  25368-3 0  9602\
2 40404  98.8222 100.0522 0005170 208.7703 151.3187 14.16479322370033
1 40404U 95015R   22092.85398283  .00000452  00000-0  24940-3 0    10\
2 40404  98.8222 100.4023 0005195 207.5521 152.5378 14.16479587367006
1 40404U 95015R   22093.77226525  .00000450  00000-0  24822-3 0  9613\
2 40404  98.8223 101.3125 0005252 204.6802 155.4122 14.16480470370213
1 40404U 95015R   22093.91353937  .00000452  00000-0  24951-3 0    17\
2 40404  98.8222 101.4526 0005260 204.2774 155.8153 14.16480644367151
1 40404U 95015R   22094.54927288  .00000454  00000-0  25050-3 0    16\
2 40404  98.8223 102.0828 0005292 202.3010 157.7934 14.16481343367246
1 40404U 95015R   22094.76118393  .00000453  00000-0  24991-3 0    11\
2 40404  98.8223 102.2928 0005300 201.6557 158.4394 14.16481566367275
1 40404U 95015R   22094.97309503  .00000438  00000-0  24229-3 0  9622\
2 40404  98.8223 102.5028 0005309 201.0521 159.0436 14.16481714370388
1 40404U 95015R   22095.53819109  .00000444  00000-0  24546-3 0    16\
2 40404  98.8222 103.0630 0005340 199.2850 160.8123 14.16482368367385
1 40404U 95015R   22095.82073897  .00000436  00000-0  24130-3 0    14\
2 40404  98.8222 103.3431 0005354 198.4074 161.6907 14.16482628367424
1 40404U 95015R   22096.52710857  .00000420  00000-0  23346-3 0  9634\
2 40404  98.8223 104.0433 0005392 196.3168 163.7833 14.16483316370608
1 40404U 95015R   22096.52710857  .00000420  00000-0  23346-3 0    17\
2 40404  98.8223 104.0433 0005392 196.3168 163.7833 14.16483316367525
1 40404U 95015R   22096.95093016  .00000406  00000-0  22633-3 0    17\
2 40404  98.8222 104.4633 0005408 195.0681 165.0333 14.16483670367583
1 40404U 95015R   22097.51602544  .00000408  00000-0  22705-3 0    14\
2 40404  98.8222 105.0235 0005432 193.3656 166.7375 14.16484253367669
1 40404U 95015R   22097.72793614  .00000404  00000-0  22536-3 0  9642\
2 40404  98.8222 105.2336 0005436 192.7788 167.3250 14.16484411370777
1 40404U 95015R   22097.72793614  .00000404  00000-0  22536-3 0    14\
2 40404  98.8222 105.2336 0005436 192.7788 167.3250 14.16484411367694
1 40404U 95015R   22098.57557871  .00000387  00000-0  21657-3 0    14\
2 40404  98.8222 106.0738 0005478 190.2646 169.8417 14.16485088367818
1 40404U 95015R   22098.78748934  .00000382  00000-0  21432-3 0  9654\
2 40404  98.8222 106.2838 0005488 189.6379 170.4691 14.16485221370924
1 40404U 95015R   22098.78748934  .00000382  00000-0  21432-3 0    15\
2 40404  98.8222 106.2838 0005488 189.6379 170.4691 14.16485221367841
1 40404U 95015R   22099.56449454  .00000391  00000-0  21874-3 0    17\
2 40404  98.8222 107.0540 0005531 187.3172 172.7922 14.16485971367951
1 40404U 95015R   22099.91767860  .00000384  00000-0  21523-3 0    13\
2 40404  98.8221 107.4041 0005552 186.2673 173.8433 14.16486243368006
1 40404U 95015R   22099.98831542  .00000381  00000-0  21378-3 0  9664\
2 40404  98.8221 107.4741 0005554 186.0542 174.0566 14.16486290371093
1 40404U 95015R   22100.55340962  .00000398  00000-0  22224-3 0    10\
2 40404  98.8220 108.0342 0005590 184.3512 175.7615 14.16486936368090
1 40404U 95015R   22100.76531991  .00000393  00000-0  21970-3 0    19\
2 40404  98.8220 108.2443 0005599 183.7738 176.3395 14.16487094368128
1 40404U 95015R   22101.47168740  .00000371  00000-0  20870-3 0  9671\
2 40404  98.8220 108.9444 0005645 181.7213 178.3943 14.16487660371308
1 40404U 95015R   22101.54232410  .00000370  00000-0  20790-3 0    14\
2 40404  98.8220 109.0144 0005662 181.5079 178.6079 14.16487724368236
1 40404U 95015R   22101.75423424  .00000362  00000-0  20416-3 0    10\
2 40404  98.8220 109.2245 0005684 180.9301 179.1864 14.16487878368266
1 40404U 95015R   22102.53123788  .00000360  00000-0  20306-3 0  9685\
2 40404  98.8220 109.9947 0005732 178.7449 181.3741 14.16488631371456
1 40404U 95015R   22102.53123788  .00000360  00000-0  20306-3 0    13\
2 40404  98.8220 109.9947 0005732 178.7449 181.3741 14.16488631368373
1 40404U 95015R   22102.74314790  .00000353  00000-0  19957-3 0    13\
2 40404  98.8220 110.2048 0005739 178.1647 181.9549 14.16488775368406
1 40404U 95015R   22103.30824123  .00000350  00000-0  19784-3 0    17\
2 40404  98.8220 110.7650 0005770 176.6178 183.5036 14.16489255368488
1 40404U 95015R   22103.73206117  .00000327  00000-0  18671-3 0  9692\
2 40404  98.8220 111.1850 0005788 175.4324 184.6904 14.16489478371627
1 40404U 95015R   22103.73206117  .00000327  00000-0  18671-3 0    19\
2 40404  98.8220 111.1850 0005788 175.4324 184.6904 14.16489478368544
1 40404U 95015R   22104.57970073  .00000322  00000-0  18390-3 0    14\
2 40404  98.8220 112.0252 0005850 173.0436 187.0820 14.16490127368668
1 40404U 95015R   22104.72097395  .00000321  00000-0  18348-3 0    10\
2 40404  98.8220 112.1653 0005858 172.6504 187.4757 14.16490217368688
1 40404U 95015R   22105.00352027  .00000325  00000-0  18561-3 0  9704\
2 40404  98.8220 112.4454 0005881 171.8738 188.2532 14.16490494371801
1 40404U 95015R   22105.56861294  .00000323  00000-0  18435-3 0    19\
2 40404  98.8220 113.0055 0005924 170.2916 189.8374 14.16490922368807
1 40404U 95015R   22105.92179572  .00000336  00000-0  19120-3 0    16\
2 40404  98.8220 113.3557 0005941 169.3316 190.7985 14.16491274368854
1 40404U 95015R   22106.48688813  .00000325  00000-0  18542-3 0  9712\
2 40404  98.8220 113.9158 0005983 167.7244 192.4077 14.16491666372014
1 40404U 95015R   22106.55752465  .00000326  00000-0  18593-3 0    16\
2 40404  98.8220 113.9858 0005991 167.5685 192.5638 14.16491730368940
1 40404U 95015R   22106.84007072  .00000330  00000-0  18817-3 0    19\
2 40404  98.8220 114.2659 0006008 166.8028 193.3305 14.16491975368981
1 40404U 95015R   22107.54643575  .00000331  00000-0  18848-3 0    16\
2 40404  98.8220 114.9661 0006049 164.8728 195.2628 14.16492583369088
1 40404U 95015R   22107.82898164  .00000328  00000-0  18711-3 0  9725\
2 40404  98.8220 115.2462 0006065 164.1199 196.0166 14.16492796372204
1 40404U 95015R   22107.89961810  .00000328  00000-0  18707-3 0    19\
2 40404  98.8219 115.3163 0006068 163.9481 196.1887 14.16492864369130
1 40404U 95015R   22108.46470980  .00000325  00000-0  18546-3 0    14\
2 40404  98.8219 115.8765 0006096 162.4042 197.7345 14.16493333369218
1 40404U 95015R   22108.74725556  .00000319  00000-0  18256-3 0    18\
2 40404  98.8219 116.1566 0006112 161.7070 198.4325 14.16493522369253
1 40404U 95015R   22108.95916484  .00000327  00000-0  18640-3 0  9737\
2 40404  98.8219 116.3666 0006121 161.1451 198.9951 14.16493754372366
1 40404U 95015R   22109.52425615  .00000324  00000-0  18514-3 0    11\
2 40404  98.8218 116.9268 0006153 159.6267 200.5153 14.16494222369362
1 40404U 95015R   22110.01871094  .00000344  00000-0  19482-3 0  9749\
2 40404  98.8218 117.4169 0006176 158.3239 201.8198 14.16494701372514
1 40404U 95015R   22110.44252921  .00000332  00000-0  18909-3 0    19\
2 40404  98.8218 117.8370 0006203 157.1845 202.9606 14.16494978369498
1 40404U 95015R   22110.86634746  .00000340  00000-0  19297-3 0    14\
2 40404  98.8218 118.2571 0006227 156.0987 204.0477 14.16495304369557
1 40404U 95015R   22111.43143829  .00000366  00000-0  20598-3 0    19\
2 40404  98.8218 118.8173 0006262 154.5890 205.5593 14.16495855369631
1 40404U 95015R   22112.49098306  .00000396  00000-0  22126-3 0  9768\
2 40404  98.8217 119.8675 0006322 151.7978 208.3539 14.16496800372862
1 40404U 95015R   22112.49098306  .00000396  00000-0  22126-3 0    17\
2 40404  98.8217 119.8675 0006322 151.7978 208.3539 14.16496800369789
1 40404U 95015R   22113.47989074  .00000406  00000-0  22614-3 0    11\
2 40404  98.8216 120.8478 0006381 149.2776 210.8773 14.16497688369923
1 40404U 95015R   22114.46879775  .00000391  00000-0  21860-3 0  9774\
2 40404  98.8215 121.8280 0006429 146.7377 213.4203 14.16498509373145
1 40404U 95015R   22114.46879775  .00000391  00000-0  21860-3 0    12\
2 40404  98.8215 121.8280 0006429 146.7377 213.4203 14.16498509370063
1 40404U 95015R   22115.45770394  .00000374  00000-0  20999-3 0    12\
2 40404  98.8215 122.8082 0006468 144.2462 215.9147 14.16499383370206
1 40404U 95015R   22115.95215682  .00000364  00000-0  20500-3 0  9781\
2 40404  98.8214 123.2984 0006487 143.0414 217.1208 14.16499784373352
1 40404U 95015R   22116.44660950  .00000367  00000-0  20671-3 0    17\
2 40404  98.8214 123.7885 0006513 141.7663 218.3974 14.16500291370343
1 40404U 95015R   22116.87042593  .00000432  00000-0  23899-3 0    19\
2 40404  98.8213 124.2087 0006533 140.7107 219.4542 14.16501022370409
1 40404U 95015R   22117.01169800  .00000436  00000-0  24106-3 0  9797\
2 40404  98.8213 124.3487 0006543 140.3649 219.8004 14.16501206373507
1 40404U 95015R   22117.43551433  .00000422  00000-0  23436-3 0    16\
2 40404  98.8213 124.7688 0006563 139.2667 220.8999 14.16501528370489
1 40404U 95015R   22118.28314631  .00000511  00000-0  27858-3 0  9804\
2 40404  98.8212 125.6089 0006626 137.2767 222.8923 14.16502852373687
1 40404U 95015R   22118.56569027  .00000493  00000-0  26971-3 0    14\
2 40404  98.8212 125.8890 0006638 136.5961 223.5737 14.16503043370647
1 40404U 95015R   22119.48395738  .00000494  00000-0  27018-3 0  9813\
2 40404  98.8212 126.7992 0006685 134.3277 225.8446 14.16504075373852
1 40404U 95015R   22119.55459328  .00000494  00000-0  27003-3 0    14\
2 40404  98.8212 126.8692 0006690 134.1491 226.0234 14.16504152370785
1 40404U 95015R   22119.76650092  .00000501  00000-0  27364-3 0    17\
2 40404  98.8212 127.0793 0006699 133.6427 226.5303 14.16504427370813
1 40404U 95015R   22120.47285961  .00000473  00000-0  25983-3 0    19\
2 40404  98.8211 127.7794 0006733 131.8861 228.2889 14.16505128370919
1 40404U 95015R   22120.96731053  .00000437  00000-0  24182-3 0  9829\
2 40404  98.8211 128.2695 0006752 130.7009 229.4752 14.16505479374069
1 40404U 95015R   22121.46176111  .00000450  00000-0  24835-3 0    15\
2 40404  98.8210 128.7595 0006781 129.5681 230.6093 14.16506153371054
1 40404U 95015R   22121.74430432  .00000437  00000-0  24155-3 0    15\
2 40404  98.8210 129.0396 0006786 128.8488 231.3293 14.16506363371096
1 40404U 95015R   22122.45066200  .00000407  00000-0  22664-3 0  9831\
2 40404  98.8210 129.7397 0006808 127.0838 233.0960 14.16506994374272
1 40404U 95015R   22122.45066200  .00000407  00000-0  22664-3 0    12\
2 40404  98.8210 129.7397 0006808 127.0838 233.0960 14.16506994371190
1 40404U 95015R   22122.80384076  .00000372  00000-0  20908-3 0    15\
2 40404  98.8210 130.0898 0006829 126.3659 233.8146 14.16507140371241
1 40404U 95015R   22123.29829094  .00000350  00000-0  19809-3 0    17\
2 40404  98.8211 130.5799 0006847 125.1816 235.0001 14.16507487371315
1 40404U 95015R   22123.72210523  .00000334  00000-0  18968-3 0  9843\
2 40404  98.8211 131.0000 0006864 124.1715 236.0111 14.16507788374457
1 40404U 95015R   22123.72210523  .00000334  00000-0  18968-3 0    13\
2 40404  98.8211 131.0000 0006864 124.1715 236.0111 14.16507788371375
1 40404U 95015R   22124.49909783  .00000332  00000-0  18899-3 0    12\
2 40404  98.8211 131.7702 0006881 122.1358 238.0485 14.16508486371485
1 40404U 95015R   22124.99354752  .00000358  00000-0  20210-3 0  9856\
2 40404  98.8210 132.2603 0006894 120.9274 239.2579 14.16509028374637
1 40404U 95015R   22125.48799681  .00000408  00000-0  22718-3 0    15\
2 40404  98.8210 132.7504 0006912 119.7102 240.4761 14.16509795371623
1 40404U 95015R   22125.84117475  .00000468  00000-0  25739-3 0    12\
2 40404  98.8210 133.1005 0006922 118.8855 241.3015 14.16510454371671
1 40404U 95015R   22126.47689524  .00000428  00000-0  23708-3 0  9863\
2 40404  98.8211 133.7306 0006940 117.3127 242.8754 14.16510785374843
1 40404U 95015R   22126.47689524  .00000428  00000-0  23708-3 0    11\
2 40404  98.8211 133.7306 0006940 117.3127 242.8754 14.16510785371761
1 40404U 95015R   22127.46579331  .00000360  00000-0  20281-3 0    13\
2 40404  98.8209 134.7108 0006978 115.1131 245.0768 14.16511223371905
1 40404U 95015R   22127.74833544  .00000354  00000-0  20014-3 0  9873\
2 40404  98.8209 134.9908 0006984 114.4432 245.7471 14.16511421375023
1 40404U 95015R   22127.88960666  .00000318  00000-0  18182-3 0    14\
2 40404  98.8209 135.1309 0006984 114.0630 246.1276 14.16511302371962
1 40404U 95015R   22128.52532637  .00000309  00000-0  17741-3 0    19\
2 40404  98.8209 135.7609 0006999 112.5312 247.6603 14.16511771372058
1 40404U 95015R   22128.94913940  .00000306  00000-0  17594-3 0  9882\
2 40404  98.8209 136.1810 0007004 111.5218 248.6703 14.16512059375199
1 40404U 95015R   22128.80786841  .00000308  00000-0  17670-3 0    18\
2 40404  98.8209 136.0410 0007003 111.8469 248.3451 14.16511951372097
1 40404U 95015R   22129.51422337  .00000292  00000-0  16885-3 0    13\
2 40404  98.8208 136.7411 0007023 110.2208 249.9722 14.16512379372194
1 40404U 95015R   22129.86740076  .00000294  00000-0  17000-3 0    16\
2 40404  98.8208 137.0912 0007030 109.3831 250.8104 14.16512610372242
1 40404U 95015R   22130.29121358  .00000285  00000-0  16511-3 0  9892\
2 40404  98.8208 137.5113 0007040 108.3302 251.8639 14.16512828375386
1 40404U 95015R   22130.57375545  .00000292  00000-0  16899-3 0    14\
2 40404  98.8207 137.7913 0007048 107.6957 252.4987 14.16513041372345
1 40404U 95015R   22130.92693262  .00000299  00000-0  17215-3 0    12\
2 40404  98.8207 138.1414 0007052 106.8359 253.3589 14.16513312372392
1 40404U 95015R   22131.49201612  .00000294  00000-0  16954-3 0  9900\
2 40404  98.8206 138.7015 0007074 105.4859 254.7096 14.16513648375559
1 40404U 95015R   22131.49201612  .00000294  00000-0  16954-3 0    13\
2 40404  98.8206 138.7015 0007074 105.4859 254.7096 14.16513648372477
1 40404U 95015R   22131.84519309  .00000298  00000-0  17168-3 0    19\
2 40404  98.8206 139.0516 0007081 104.6986 255.4973 14.16513915372522
1 40404U 95015R   22132.55154683  .00000329  00000-0  18728-3 0  9914\
2 40404  98.8206 139.7518 0007088 103.0336 257.1630 14.16514633375700
1 40404U 95015R   22132.55154683  .00000329  00000-0  18728-3 0    16\
2 40404  98.8206 139.7518 0007088 103.0336 257.1630 14.16514633372628
1 40404U 95015R   22133.46980623  .00000338  00000-0  19205-3 0    19\
2 40404  98.8205 140.6620 0007100 100.9677 259.2296 14.16515423372754
1 40404U 95015R   22133.96425331  .00000336  00000-0  19079-3 0  9920\
2 40404  98.8205 141.1520 0007100  99.7957 260.4019 14.16515823375906
1 40404U 95015R   22134.24679447  .00000356  00000-0  20088-3 0    16\
2 40404  98.8205 141.4321 0007104  99.1071 261.0908 14.16516152372865
1 40404U 95015R   22134.88251174  .00000372  00000-0  20872-3 0    18\
2 40404  98.8205 142.0622 0007106  97.6073 262.5908 14.16516802372951
1 40404U 95015R   22135.51822860  .00000420  00000-0  23315-3 0  9934\
2 40404  98.8204 142.6924 0007113  96.0612 264.1373 14.16517680376123
1 40404U 95015R   22135.51822860  .00000420  00000-0  23315-3 0    14\
2 40404  98.8204 142.6924 0007113  96.0612 264.1373 14.16517680373041
1 40404U 95015R   22135.94203985  .00000423  00000-0  23463-3 0    19\
2 40404  98.8205 143.1124 0007113  95.0905 265.1081 14.16518035373103
1 40404U 95015R   22136.43648621  .00000399  00000-0  22266-3 0    16\
2 40404  98.8205 143.6025 0007120  93.8831 266.3157 14.16518316373176
1 40404U 95015R   22137.00156758  .00000485  00000-0  26585-3 0  9940\
2 40404  98.8204 144.1626 0007119  92.4477 267.7512 14.16519212376334
1 40404U 95015R   22137.28410797  .00000462  00000-0  25388-3 0    10\
2 40404  98.8204 144.4427 0007123  91.8542 268.3448 14.16519381373291
1 40404U 95015R   22137.91982376  .00000491  00000-0  26885-3 0    12\
2 40404  98.8203 145.0728 0007126  90.4824 269.7167 14.16520186373380
1 40404U 95015R   22138.48490418  .00000540  00000-0  29314-3 0  9953\
2 40404  98.8203 145.6329 0007129  89.0707 271.1284 14.16521067376547
1 40404U 95015R   22138.48490418  .00000540  00000-0  29314-3 0    11\
2 40404  98.8203 145.6329 0007129  89.0707 271.1284 14.16521067373465
1 40404U 95015R   22139.47379406  .00000609  00000-0  32790-3 0    12\
2 40404  98.8202 146.6130 0007130  87.0375 273.1615 14.16522611373608
1 40404U 95015R   22139.75633382  .00000609  00000-0  32786-3 0  9967\
2 40404  98.8201 146.8931 0007125  86.3757 273.8232 14.16522951376723
1 40404U 95015R   22139.75633382  .00000609  00000-0  32786-3 0    14\
2 40404  98.8201 146.8931 0007125  86.3757 273.8232 14.16522951373641
1 40404U 95015R   22140.46268335  .00000563  00000-0  30488-3 0    12\
2 40404  98.8201 147.5932 0007122  84.7341 275.4646 14.16523510373748
1 40404U 95015R   22140.95712755  .00000555  00000-0  30071-3 0  9979\
2 40404  98.8200 148.0833 0007112  83.4998 276.6985 14.16524065376890
1 40404U 95015R   22140.74522292  .00000560  00000-0  30334-3 0    15\
2 40404  98.8200 147.8733 0007116  84.0131 276.1854 14.16523822373781
1 40404U 95015R   22141.23966696  .00000582  00000-0  31450-3 0    14\
2 40404  98.8200 148.3634 0007111  82.8298 277.3685 14.16524564373859
1 40404U 95015R   22141.52220636  .00000577  00000-0  31165-3 0    10\
2 40404  98.8199 148.6433 0007123  82.2038 277.9945 14.16524888373893
1 40404U 95015R   22141.87538044  .00000573  00000-0  30960-3 0    11\
2 40404  98.8199 148.9935 0007117  81.2639 278.9341 14.16525292373949
1 40404U 95015R   22141.94601523  .00000573  00000-0  30983-3 0    17\
2 40404  98.8198 149.0635 0007114  81.1025 279.0954 14.16525393373957
1 40404U 95015R   22143.00553693  .00000561  00000-0  30358-3 0  9988\
2 40404  98.8196 150.1137 0007107  78.7053 281.4920 14.16526580377188
1 40404U 95015R   22143.28807594  .00000544  00000-0  29512-3 0    16\
2 40404  98.8197 150.3937 0007110  77.9297 282.2673 14.16526805374141
1 40404U 95015R   22143.57061476  .00000578  00000-0  31209-3 0    12\
2 40404  98.8196 150.6737 0007108  77.2359 282.9609 14.16527353374189
1 40404U 95015R   22144.48886585  .00000525  00000-0  28574-3 0  9998\
2 40404  98.8194 151.5838 0007100  75.1894 285.0066 14.16528130377393
1 40404U 95015R   22144.55950050  .00000523  00000-0  28483-3 0    16\
2 40404  98.8194 151.6538 0007101  75.0793 285.1167 14.16528201374321
1 40404U 95015R   22144.91267373  .00000523  00000-0  28466-3 0    16\
2 40404  98.8193 152.0039 0007087  74.3352 285.8603 14.16528617374375
1 40404U 95015R   22144.98330834  .00000523  00000-0  28459-3 0    18\
2 40404  98.8193 152.0739 0007084  74.1861 286.0094 14.16528714374388
1 40404U 95015R   22145.90155821  .00000498  00000-0  27216-3 0    13\
2 40404  98.8194 152.9841 0007054  71.7600 288.4341 14.16529703374518
1 40404U 95015R   22145.97219269  .00000499  00000-0  27241-3 0    05\
2 40404  98.8194 153.0541 0007048  71.5368 288.6572 14.16529824377604
1 40404U 95015R   22146.53726947  .00000433  00000-0  23963-3 0    10\
2 40404  98.8193 153.6141 0007046  70.4740 289.7195 14.16530077374607
1 40404U 95015R   22146.81980762  .00000416  00000-0  23108-3 0    10\
2 40404  98.8196 153.8941 0007022  69.8704 290.3225 14.16530319374641
1 40404U 95015R   22147.52615280  .00000392  00000-0  21875-3 0    11\
2 40404  98.8195 154.5942 0007007  68.2189 291.9730 14.16530979377825
1 40404U 95015R   22147.59678730  .00000389  00000-0  21728-3 0    10\
2 40404  98.8195 154.6642 0007004  68.0514 292.1404 14.16531032374751
1 40404U 95015R   22147.73805629  .00000384  00000-0  21472-3 0    16\
2 40404  98.8195 154.8042 0007000  67.7183 292.4733 14.16531142374773
1 40404U 95015R   22148.30313202  .00000381  00000-0  21363-3 0    17\
2 40404  98.8195 155.3642 0006984  66.3925 293.7982 14.16531734374850
1 40404U 95015R   22148.58566981  .00000374  00000-0  20995-3 0    24\
2 40404  98.8194 155.6443 0006977  65.7129 294.4773 14.16531995377973
1 40404U 95015R   22148.86820775  .00000330  00000-0  18790-3 0    10\
2 40404  98.8195 155.9243 0006964  65.0872 295.1025 14.16531976374939
1 40404U 95015R   22149.50391767  .00000328  00000-0  18677-3 0    17\
2 40404  98.8195 156.5543 0006950  63.5808 296.6079 14.16532537375026
1 40404U 95015R   22149.92772415  .00000321  00000-0  18326-3 0    10\
2 40404  98.8194 156.9744 0006940  62.5989 297.5890 14.16532855375080
1 40404U 95015R   22149.92772415  .00000321  00000-0  18326-3 0    32\
2 40404  98.8194 156.9744 0006940  62.5989 297.5890 14.16532855378162
1 40404U 95015R   22150.49279937  .00000301  00000-0  17304-3 0    18\
2 40404  98.8195 157.5344 0006926  61.2096 298.9773 14.16533218375161
1 40404U 95015R   22150.77533689  .00000295  00000-0  17046-3 0    11\
2 40404  98.8194 157.8145 0006913  60.5794 299.6069 14.16533402375201
1 40404U 95015R   22151.48168059  .00000285  00000-0  16521-3 0    44\
2 40404  98.8194 158.5145 0006895  58.8969 301.2881 14.16533929378380
1 40404U 95015R   22151.76421798  .00000277  00000-0  16109-3 0    17\
2 40404  98.8194 158.7945 0006882  58.1762 302.0081 14.16534089375342
1 40404U 95015R   22152.75309849  .00000246  00000-0  14548-3 0    54\
2 40404  98.8194 159.7746 0006843  55.8239 304.3583 14.16534703378564
1 40404U 95015R   22152.75309849  .00000246  00000-0  14548-3 0    10\
2 40404  98.8194 159.7746 0006843  55.8239 304.3583 14.16534703375482
1 40404U 95015R   22153.45944148  .00000217  00000-0  13114-3 0    11\
2 40404  98.8194 160.4747 0006815  54.1179 306.0627 14.16535081375585
1 40404U 95015R   22153.74197860  .00000212  00000-0  12859-3 0    14\
2 40404  98.8193 160.7547 0006804  53.4128 306.7672 14.16535230375627
1 40404U 95015R   22154.44832131  .00000202  00000-0  12363-3 0    63\
2 40404  98.8194 161.4548 0006774  51.7048 308.4734 14.16535642378803
1 40404U 95015R   22154.44832131  .00000202  00000-0  12363-3 0    18\
2 40404  98.8194 161.4548 0006774  51.7048 308.4734 14.16535642375721
1 40404U 95015R   22155.43720089  .00000201  00000-0  12288-3 0    11\
2 40404  98.8193 162.4348 0006733  49.3485 310.8274 14.16536155375863
1 40404U 95015R   22156.00227481  .00000204  00000-0  12440-3 0    72\
2 40404  98.8193 162.9949 0006710  47.9451 312.2293 14.16536433379025
1 40404U 95015R   22156.92051972  .00000217  00000-0  13118-3 0    14\
2 40404  98.8193 163.9049 0006670  45.7276 314.4445 14.16536932376072
1 40404U 95015R   22157.48559326  .00000223  00000-0  13395-3 0    83\
2 40404  98.8193 164.4650 0006648  44.3741 315.7965 14.16537278379239
1 40404U 95015R   22157.48559326  .00000223  00000-0  13395-3 0    16\
2 40404  98.8193 164.4650 0006648  44.3741 315.7965 14.16537278376157
1 40404U 95015R   22158.47447161  .00000223  00000-0  13421-3 0    19\
2 40404  98.8193 165.4451 0006602  41.9272 318.2407 14.16537844376292
1 40404U 95015R   22158.75700823  .00000221  00000-0  13308-3 0    97\
2 40404  98.8193 165.7251 0006587  41.2677 318.8994 14.16537968379418
1 40404U 95015R   22158.75700823  .00000221  00000-0  13308-3 0    19\
2 40404  98.8193 165.7251 0006587  41.2677 318.8994 14.16537968376336
1 40404U 95015R   22159.46334948  .00000226  00000-0  13538-3 0    19\
2 40404  98.8192 166.4252 0006547  39.4823 320.6828 14.16538453376430
1 40404U 95015R   22159.74588595  .00000223  00000-0  13413-3 0    18\
2 40404  98.8192 166.7052 0006532  38.7545 321.4097 14.16538584376474
1 40404U 95015R   22159.95778826  .00000219  00000-0  13212-3 0   101\
2 40404  98.8192 166.9152 0006520  38.1977 321.9658 14.16538701379581
1 40404U 95015R   22160.45222697  .00000223  00000-0  13419-3 0    12\
2 40404  98.8192 167.4052 0006494  36.9773 323.1848 14.16539010376571
1 40404U 95015R   22160.73476331  .00000224  00000-0  13461-3 0    17\
2 40404  98.8191 167.6852 0006477  36.2479 323.9133 14.16539155376617
1 40404U 95015R   22161.72364040  .00000237  00000-0  14134-3 0   113\
2 40404  98.8191 168.6653 0006428  33.7202 326.4380 14.16539725379831
1 40404U 95015R   22161.72364040  .00000237  00000-0  14134-3 0    12\
2 40404  98.8191 168.6653 0006428  33.7202 326.4380 14.16539725376759
1 40404U 95015R   22162.78315121  .00000256  00000-0  15053-3 0   129\
2 40404  98.8191 169.7155 0006381  31.0352 329.1198 14.16540344379987
1 40404U 95015R   22162.78315121  .00000256  00000-0  15053-3 0    17\
2 40404  98.8191 169.7155 0006381  31.0352 329.1198 14.16540344376906
1 40404U 95015R   22163.56012536  .00000269  00000-0  15734-3 0    18\
2 40404  98.8191 170.4855 0006335  29.0521 331.1005 14.16540890377015
1 40404U 95015R   22163.77202735  .00000271  00000-0  15802-3 0    12\
2 40404  98.8191 170.6955 0006323  28.5284 331.6235 14.16541012377045
1 40404U 95015R   22163.98392929  .00000290  00000-0  16748-3 0   134\
2 40404  98.8191 170.9056 0006312  27.9412 332.2100 14.16541263380156
1 40404U 95015R   22164.47836700  .00000303  00000-0  17443-3 0    14\
2 40404  98.8191 171.3956 0006279  26.7295 333.4202 14.16541709377144
1 40404U 95015R   22164.90217075  .00000298  00000-0  17176-3 0    16\
2 40404  98.8191 171.8156 0006254  25.6115 334.5368 14.16541951377204
1 40404U 95015R   22165.46724218  .00000348  00000-0  19698-3 0   141\
2 40404  98.8190 172.3757 0006213  24.2186 335.9279 14.16542656380364
1 40404U 95015R   22165.46724218  .00000348  00000-0  19698-3 0    17\
2 40404  98.8190 172.3757 0006213  24.2186 335.9279 14.16542656377281
1 40404U 95015R   22165.89104561  .00000361  00000-0  20315-3 0    10\
2 40404  98.8189 172.7957 0006185  23.0667 337.0784 14.16543027377348
1 40404U 95015R   22166.45611674  .00000339  00000-0  19248-3 0    19\
2 40404  98.8190 173.3558 0006155  21.5611 338.5822 14.16543347377426
1 40404U 95015R   22166.73865222  .00000338  00000-0  19162-3 0   159\
2 40404  98.8190 173.6358 0006140  20.8182 339.3241 14.16543533380544
1 40404U 95015R   22166.73865222  .00000338  00000-0  19162-3 0    14\
2 40404  98.8190 173.6358 0006140  20.8182 339.3241 14.16543533377461
1 40404U 95015R   22166.95055381  .00000357  00000-0  20152-3 0    17\
2 40404  98.8190 173.8458 0006129  20.2281 339.9135 14.16543802377495
1 40404U 95015R   22170.48224407  .00000330  00000-0  18786-3 0    18\
2 40404  98.8188 177.3461 0005904  10.9205 349.2096 14.16546176377999
1 40404U 95015R   22170.76477896  .00000320  00000-0  18300-3 0    12\
2 40404  98.8188 177.6261 0005884  10.1365 349.9927 14.16546333378037
1 40404U 95015R   22171.25921499  .00000317  00000-0  18140-3 0    18\
2 40404  98.8188 178.1161 0005850   8.7813 351.3463 14.16546704378108
1 40404U 95015R   22171.82428438  .00000315  00000-0  18012-3 0   179\
2 40404  98.8188 178.6762 0005813   7.1805 352.9452 14.16547184381262
1 40404U 95015R   22171.82428438  .00000315  00000-0  18012-3 0    12\
2 40404  98.8188 178.6762 0005813   7.1805 352.9452 14.16547184378189
1 40404U 95015R   22172.45998734  .00000306  00000-0  17588-3 0    10\
2 40404  98.8188 179.3062 0005765   5.4002 354.7233 14.16547682378276
1 40404U 95015R   22172.74252191  .00000298  00000-0  17148-3 0    14\
2 40404  98.8188 179.5863 0005754   4.5604 355.5622 14.16547844378319
1 40404U 95015R   22173.02505646  .00000293  00000-0  16917-3 0   188\
2 40404  98.8188 179.8663 0005737   3.7394 356.3822 14.16548050381436
1 40404U 95015R   22173.51949184  .00000298  00000-0  17188-3 0    19\
2 40404  98.8188 180.3563 0005705   2.3744 357.7456 14.16548455378423
1 40404U 95015R   22173.73139269  .00000297  00000-0  17138-3 0    12\
2 40404  98.8188 180.5663 0005698   1.7706 358.3488 14.16548583378455
1 40404U 95015R   22174.29646151  .00000298  00000-0  17189-3 0   193\
2 40404  98.8188 181.1263 0005661   0.1883 359.9292 14.16548990381611
1 40404U 95015R   22174.43772874  .00000284  00000-0  16475-3 0    14\
2 40404  98.8188 181.2663 0005651 359.7989   0.3182 14.16549012378555
1 40404U 95015R   22175.28533173  .00000284  00000-0  16462-3 0    11\
2 40404  98.8188 182.1064 0005598 357.3879   2.7265 14.16549553378673
1 40404U 95015R   22175.49723246  .00000269  00000-0  15695-3 0   207\
2 40404  98.8188 182.3164 0005584 356.7899   3.3239 14.16549618381782
1 40404U 95015R   22175.49723246  .00000269  00000-0  15695-3 0    16\
2 40404  98.8188 182.3164 0005584 356.7899   3.3239 14.16549618378700
1 40404U 95015R   22176.55673564  .00000264  00000-0  15471-3 0    18\
2 40404  98.8187 183.3664 0005513 353.7347   6.3758 14.16550303378850
1 40404U 95015R   22176.83926970  .00000268  00000-0  15656-3 0   212\
2 40404  98.8187 183.6464 0005493 352.8977   7.2118 14.16550508381971
1 40404U 95015R   22177.54560473  .00000252  00000-0  14883-3 0    15\
2 40404  98.8187 184.3465 0005437 350.8244   9.2830 14.16550946378990
1 40404U 95015R   22177.89877213  .00000253  00000-0  14891-3 0    16\
2 40404  98.8187 184.6965 0005414 349.7431  10.3632 14.16551192379042
1 40404U 95015R   22177.96940560  .00000252  00000-0  14874-3 0   223\
2 40404  98.8187 184.7665 0005408 349.5140  10.5920 14.16551248382136
1 40404U 95015R   22178.53447335  .00000228  00000-0  13637-3 0    15\
2 40404  98.8187 185.3265 0005368 347.8278  12.2766 14.16551522379135
1 40404U 95015R   22178.88764070  .00000205  00000-0  12521-3 0    17\
2 40404  98.8187 185.6765 0005344 346.7082  13.3950 14.16551605379182
1 40404U 95015R   22179.45270833  .00000191  00000-0  11806-3 0   233\
2 40404  98.8187 186.2365 0005308 345.0135  15.0881 14.16551886382341
1 40404U 95015R   22179.45270833  .00000191  00000-0  11806-3 0    19\
2 40404  98.8187 186.2365 0005308 345.0135  15.0881 14.16551886379268
1 40404U 95015R   22180.51221004  .00000166  00000-0  10525-3 0   248\
2 40404  98.8186 187.2865 0005232 341.8964  18.2023 14.16552270382493
1 40404U 95015R   22180.79474382  .00000161  00000-0  10294-3 0    10\
2 40404  98.8186 187.5665 0005214 341.0280  19.0699 14.16552338379452
1 40404U 95015R   22181.57171150  .00000150  00000-0  97659-4 0    13\
2 40404  98.8187 188.3365 0005160 338.6387  21.4571 14.16552633379565
1 40404U 95015R   22181.78361175  .00000149  00000-0  97087-4 0    17\
2 40404  98.8187 188.5465 0005145 337.9853  22.1100 14.16552701379596
1 40404U 95015R   22182.56057923  .00000151  00000-0  97759-4 0    16\
2 40404  98.8187 189.3165 0005099 335.5942  24.4990 14.16553058379704
1 40404U 95015R   22183.54944651  .00000166  00000-0  10538-3 0    13\
2 40404  98.8187 190.2966 0005041 332.4464  27.6443 14.16553629379843
1 40404U 95015R   22183.76134664  .00000160  00000-0  10259-3 0    16\
2 40404  98.8187 190.5066 0005023 331.7181  28.3720 14.16553673379873
1 40404U 95015R   22184.53831353  .00000157  00000-0  10094-3 0    14\
2 40404  98.8187 191.2766 0004977 329.1645  30.9236 14.16554063379988
1 40404U 95015R   22184.75021358  .00000153  00000-0  98923-4 0    18\
2 40404  98.8187 191.4866 0004965 328.4480  31.6396 14.16554120380012
1 40404U 95015R   22185.24464689  .00000167  00000-0  10587-3 0    15\
2 40404  98.8187 191.9766 0004939 326.8041  33.2822 14.16554443380089
1 40404U 95015R   22186.51604673  .00000172  00000-0  10854-3 0    18\
2 40404  98.8188 193.2368 0004895 322.7359  37.3475 14.16555018380269
1 40404U 95015R   22186.86921325  .00000179  00000-0  11184-3 0    16\
2 40404  98.8188 193.5868 0004878 321.5680  38.5146 14.16555185380311
1 40404U 95015R   22187.50491300  .00000192  00000-0  11877-3 0   297\
2 40404  98.8188 194.2169 0004845 319.4905  40.5908 14.16555504383488
1 40404U 95015R   22187.50491300  .00000192  00000-0  11877-3 0    17\
2 40404  98.8188 194.2169 0004845 319.4905  40.5908 14.16555504380407
1 40404U 95015R   22188.56441228  .00000215  00000-0  12990-3 0    11\
2 40404  98.8188 195.2669 0004786 315.9180  44.1612 14.16556042380559
1 40404U 95015R   22188.77631199  .00000247  00000-0  14600-3 0    17\
2 40404  98.8188 195.4769 0004773 315.1881  44.8907 14.16556319380582
1 40404U 95015R   22189.55327755  .00000239  00000-0  14233-3 0    17\
2 40404  98.8189 196.2470 0004741 312.5511  47.5263 14.16556743380695
1 40404U 95015R   22189.97707686  .00000243  00000-0  14388-3 0   317\
2 40404  98.8189 196.6671 0004727 311.0855  48.9911 14.16557002383834
1 40404U 95015R   22190.25960972  .00000243  00000-0  14414-3 0    16\
2 40404  98.8189 196.9471 0004712 310.1157  49.9604 14.16557162380793
1 40404U 95015R   22190.75404206  .00000241  00000-0  14321-3 0    19\
2 40404  98.8189 197.4371 0004694 308.3432  51.7320 14.16557465380862
1 40404U 95015R   22191.46037380  .00000258  00000-0  15189-3 0    14\
2 40404  98.8189 198.1372 0004664 305.8296  54.2445 14.16558031380965
1 40404U 95015R   22191.81353959  .00000260  00000-0  15250-3 0    18\
2 40404  98.8190 198.4872 0004655 304.6052  55.4683 14.16558242381010
1 40404U 95015R   22191.95480589  .00000259  00000-0  15211-3 0    18\
2 40404  98.8190 198.6273 0004652 304.1057  55.9675 14.16558337381037
1 40404U 95015R   22193.43810155  .00000310  00000-0  17768-3 0    16\
2 40404  98.8191 200.0974 0004600 298.8648  61.2064 14.16559539381242
1 40404U 95015R   22193.79126699  .00000335  00000-0  19027-3 0    15\
2 40404  98.8191 200.4474 0004593 297.6505  62.4203 14.16559891381295
1 40404U 95015R   22194.00316623  .00000337  00000-0  19144-3 0   346\
2 40404  98.8191 200.6575 0004586 296.8800  63.1905 14.16560061384404
1 40404U 95015R   22194.28569870  .00000317  00000-0  18129-3 0    14\
2 40404  98.8191 200.9375 0004575 295.9391  64.1312 14.16560086381360
1 40404U 95015R   22194.78013026  .00000318  00000-0  18199-3 0    14\
2 40404  98.8191 201.4276 0004559 294.1118  65.9579 14.16560391381437
1 40404U 95015R   22195.27456180  .00000295  00000-0  17004-3 0   356\
2 40404  98.8191 201.9176 0004539 292.2992  67.7701 14.16560560384582
1 40404U 95015R   22195.27456180  .00000295  00000-0  17004-3 0    19\
2 40404  98.8191 201.9176 0004539 292.2992  67.7701 14.16560560381501
1 40404U 95015R   22195.76899304  .00000298  00000-0  17176-3 0    15\
2 40404  98.8191 202.4076 0004526 290.4701  69.5987 14.16560929381572
1 40404U 95015R   22196.26342421  .00000297  00000-0  17136-3 0    19\
2 40404  98.8191 202.8977 0004515 288.6991  71.3693 14.16561278381645
1 40404U 95015R   22196.75785528  .00000280  00000-0  16244-3 0   361\
2 40404  98.8190 203.3877 0004506 286.8226  73.2454 14.16561531384797
1 40404U 95015R   22196.89912124  .00000284  00000-0  16445-3 0    19\
2 40404  98.8190 203.5277 0004506 286.3233  73.7445 14.16561669381734
1 40404U 95015R   22197.25228618  .00000287  00000-0  16619-3 0    14\
2 40404  98.8190 203.8778 0004498 285.0229  75.0447 14.16561943381781
1 40404U 95015R   22197.88798286  .00000276  00000-0  16050-3 0    13\
2 40404  98.8190 204.5079 0004491 282.6314  77.4358 14.16562364381879
1 40404U 95015R   22197.95861582  .00000274  00000-0  15945-3 0   370\
2 40404  98.8190 204.5779 0004491 282.3808  77.6863 14.16562407384965
1 40404U 95015R   22198.52367937  .00000274  00000-0  15983-3 0    12\
2 40404  98.8190 205.1379 0004481 280.2384  79.8284 14.16562834381965
1 40404U 95015R   22199.01810990  .00000272  00000-0  15851-3 0   381\
2 40404  98.8190 205.6280 0004479 278.4610  81.6057 14.16563146385116
1 40404U 95015R   22199.01810990  .00000272  00000-0  15851-3 0    11\
2 40404  98.8190 205.6280 0004479 278.4610  81.6057 14.16563146382034
1 40404U 95015R   22200.28950228  .00000304  00000-0  17449-3 0   394\
2 40404  98.8191 206.8881 0004468 273.9092  86.1572 14.16564109385290
1 40404U 95015R   22200.28950228  .00000304  00000-0  17449-3 0    13\
2 40404  98.8191 206.8881 0004468 273.9092  86.1572 14.16564109382219
1 40404U 95015R   22200.78393242  .00000321  00000-0  18327-3 0    10\
2 40404  98.8192 207.3782 0004465 272.0119  88.0544 14.16564521382288
1 40404U 95015R   22201.56089392  .00000327  00000-0  18622-3 0    19\
2 40404  98.8191 208.1482 0004455 269.0253  91.0411 14.16565080382397
1 40404U 95015R   22201.77279244  .00000326  00000-0  18597-3 0    19\
2 40404  98.8191 208.3583 0004456 268.2002  91.8662 14.16565211382421
1 40404U 95015R   22202.47912068  .00000310  00000-0  17794-3 0    16\
2 40404  98.8192 209.0583 0004457 265.5612  94.5052 14.16565666382526
1 40404U 95015R   22202.54975347  .00000311  00000-0  17814-3 0   411\
2 40404  98.8192 209.1284 0004458 265.3029  94.7636 14.16565724385614
1 40404U 95015R   22202.76165177  .00000320  00000-0  18281-3 0    12\
2 40404  98.8192 209.3384 0004462 264.5066  95.5599 14.16565949382561
1 40404U 95015R   22203.25608130  .00000333  00000-0  18925-3 0    17\
2 40404  98.8192 209.8284 0004464 262.6425  97.4242 14.16566403382635
1 40404U 95015R   22203.46797967  .00000312  00000-0  17867-3 0    18\
2 40404  98.8193 210.0384 0004466 261.8284  98.2383 14.16566460382668
1 40404U 95015R   22204.45683819  .00000270  00000-0  15761-3 0   427\
2 40404  98.8193 211.0186 0004479 258.1649 101.9023 14.16567009385887
1 40404U 95015R   22204.45683819  .00000270  00000-0  15761-3 0    12\
2 40404  98.8193 211.0186 0004479 258.1649 101.9023 14.16567009382806
1 40404U 95015R   22204.88063466  .00000242  00000-0  14348-3 0    18\
2 40404  98.8193 211.4387 0004486 256.7460 103.3214 14.16567130382865
1 40404U 95015R   22205.44569649  .00000231  00000-0  13784-3 0    16\
2 40404  98.8194 211.9987 0004493 254.6876 105.3802 14.16567458382940
1 40404U 95015R   22205.72822736  .00000228  00000-0  13643-3 0    16\
2 40404  98.8194 212.2788 0004493 253.7629 106.3051 14.16567601382980
1 40404U 95015R   22206.43455447  .00000227  00000-0  13592-3 0    18\
2 40404  98.8194 212.9789 0004502 251.1786 108.8900 14.16568028383081
1 40404U 95015R   22206.78771804  .00000208  00000-0  12631-3 0   443\
2 40404  98.8194 213.3289 0004508 249.9349 110.1340 14.16568082386219
1 40404U 95015R   22206.78771804  .00000208  00000-0  12631-3 0    16\
2 40404  98.8194 213.3289 0004508 249.9349 110.1340 14.16568082383137
1 40404U 95015R   22207.49404487  .00000206  00000-0  12546-3 0    18\
2 40404  98.8195 214.0290 0004516 247.5784 112.4912 14.16568503383233
1 40404U 95015R   22207.98847356  .00000204  00000-0  12432-3 0   458\
2 40404  98.8194 214.5190 0004531 245.7731 114.2970 14.16568758386380
1 40404U 95015R   22208.48290218  .00000196  00000-0  12033-3 0    12\
2 40404  98.8195 215.0091 0004541 243.9167 116.1540 14.16569007383379
1 40404U 95015R   22208.76543276  .00000190  00000-0  11770-3 0    19\
2 40404  98.8195 215.2892 0004555 242.8435 117.2275 14.16569120383419
1 40404U 95015R   22209.47175910  .00000180  00000-0  11267-3 0    14\
2 40404  98.8195 215.9893 0004584 240.1284 119.9435 14.16569502383514
1 40404U 95015R   22209.82492220  .00000172  00000-0  10836-3 0   460\
2 40404  98.8195 216.3393 0004602 238.8204 121.2519 14.16569637386646
1 40404U 95015R   22209.82492220  .00000172  00000-0  10836-3 0    11\
2 40404  98.8195 216.3393 0004602 238.8204 121.2519 14.16569637383564
1 40404U 95015R   22210.46061574  .00000150  00000-0  97372-4 0    14\
2 40404  98.8195 216.9694 0004626 236.6280 123.4452 14.16569877383656
1 40404U 95015R   22210.74314616  .00000146  00000-0  95580-4 0    17\
2 40404  98.8195 217.2495 0004638 235.6212 124.4524 14.16569980383696
1 40404U 95015R   22210.95504397  .00000143  00000-0  94073-4 0   470\
2 40404  98.8195 217.4595 0004647 234.9041 125.1698 14.16570073386802
1 40404U 95015R   22211.44947217  .00000133  00000-0  88791-4 0    16\
2 40404  98.8196 217.9495 0004668 233.0807 126.9940 14.16570249383799
1 40404U 95015R   22211.73200256  .00000130  00000-0  87533-4 0    13\
2 40404  98.8196 218.2296 0004678 232.1432 127.9319 14.16570328383831
1 40404U 95015R   22212.43832853  .00000123  00000-0  83730-4 0   483\
2 40404  98.8197 218.9297 0004704 229.7063 130.3701 14.16570546387011
1 40404U 95015R   22212.43832853  .00000123  00000-0  83730-4 0    12\
2 40404  98.8197 218.9297 0004704 229.7063 130.3701 14.16570546383938
1 40404U 95015R   22212.72085888  .00000124  00000-0  84471-4 0    16\
2 40404  98.8197 219.2097 0004715 228.7722 131.3046 14.16570629383972
1 40404U 95015R   22213.49781732  .00000133  00000-0  89091-4 0   497\
2 40404  98.8197 219.9798 0004744 226.0741 134.0042 14.16570938387165
1 40404U 95015R   22213.49781732  .00000133  00000-0  89091-4 0    15\
2 40404  98.8197 219.9798 0004744 226.0741 134.0042 14.16570938384083
1 40404U 95015R   22213.78034760  .00000137  00000-0  90764-4 0    12\
2 40404  98.8197 220.2599 0004757 225.1105 134.9684 14.16571033384128
1 40404U 95015R   22214.48667325  .00000146  00000-0  95571-4 0    10\
2 40404  98.8198 220.9600 0004788 222.6430 137.4373 14.16571356384228
1 40404U 95015R   22214.98110109  .00000145  00000-0  94752-4 0   501\
2 40404  98.8198 221.4500 0004814 220.9913 139.0900 14.16571528387374
1 40404U 95015R   22215.47552891  .00000145  00000-0  95153-4 0    16\
2 40404  98.8198 221.9401 0004845 219.1585 140.9239 14.16571736384361
1 40404U 95015R   22215.54616144  .00000145  00000-0  95103-4 0    11\
2 40404  98.8198 222.0101 0004849 218.9285 141.1541 14.16571763384378
1 40404U 95015R   22216.46438427  .00000132  00000-0  88357-4 0   513\
2 40404  98.8198 222.9203 0004902 215.8449 144.2396 14.16572073387581
1 40404U 95015R   22216.53501675  .00000136  00000-0  90347-4 0    18\
2 40404  98.8198 222.9903 0004908 215.6049 144.4798 14.16572132384512
1 40404U 95015R   22217.45323941  .00000137  00000-0  90729-4 0    13\
2 40404  98.8199 223.9004 0004957 212.5758 147.5111 14.16572478384643
1 40404U 95015R   22218.01829936  .00000148  00000-0  96195-4 0   522\
2 40404  98.8199 224.4605 0004989 210.7217 149.3666 14.16572739387807
1 40404U 95015R   22218.44209434  .00000158  00000-0  10153-3 0    18\
2 40404  98.8200 224.8806 0005015 209.3149 150.7744 14.16572931384787
1 40404U 95015R   22218.86588925  .00000168  00000-0  10628-3 0    17\
2 40404  98.8201 225.3007 0005044 207.9335 152.1569 14.16573100384847
1 40404U 95015R   22219.28968415  .00000182  00000-0  11336-3 0   530\
2 40404  98.8202 225.7209 0005055 206.6239 153.4676 14.16573304387984
1 40404U 95015R   22219.28968415  .00000182  00000-0  11336-3 0    13\
2 40404  98.8202 225.7209 0005055 206.6239 153.4676 14.16573304384903
1 40404U 95015R   22220.49043574  .00000251  00000-0  14826-3 0    12\
2 40404  98.8202 226.9111 0005122 202.7357 157.3591 14.16574204385079
1 40404U 95015R   22220.84359788  .00000247  00000-0  14619-3 0    13\
2 40404  98.8203 227.2612 0005149 201.5947 158.5011 14.16574333385120
1 40404U 95015R   22221.47928955  .00000249  00000-0  14722-3 0    18\
2 40404  98.8203 227.8914 0005182 199.6176 160.4800 14.16574711385217
1 40404U 95015R   22222.46814290  .00000238  00000-0  14174-3 0   552\
2 40404  98.8204 228.8716 0005249 196.5703 163.5301 14.16575242388432
1 40404U 95015R   22222.46814290  .00000238  00000-0  14174-3 0    13\
2 40404  98.8204 228.8716 0005249 196.5703 163.5301 14.16575242385350
1 40404U 95015R   22222.82130466  .00000230  00000-0  13729-3 0    16\
2 40404  98.8204 229.2217 0005267 195.5655 164.5358 14.16575404385405
1 40404U 95015R   22223.52762813  .00000212  00000-0  12860-3 0    16\
2 40404  98.8205 229.9218 0005310 193.4838 166.6196 14.16575760385502
1 40404U 95015R   22223.52762813  .00000212  00000-0  12860-3 0   566\
2 40404  98.8205 229.9218 0005310 193.4838 166.6196 14.16575760388583
1 40404U 95015R   22224.51648058  .00000215  00000-0  13002-3 0    12\
2 40404  98.8206 230.9021 0005369 190.5404 169.5659 14.16576379385646
1 40404U 95015R   22224.72837752  .00000213  00000-0  12914-3 0   576\
2 40404  98.8206 231.1122 0005376 189.9335 170.1734 14.16576466388758
1 40404U 95015R   22224.72837752  .00000213  00000-0  12914-3 0    15\
2 40404  98.8206 231.1122 0005376 189.9335 170.1734 14.16576466385676
1 40404U 95015R   22225.50533276  .00000223  00000-0  13424-3 0    14\
2 40404  98.8206 231.8823 0005423 187.6129 172.4963 14.16576973385784
1 40404U 95015R   22225.99975874  .00000224  00000-0  13461-3 0   585\
2 40404  98.8206 232.3725 0005449 186.1752 173.9356 14.16577231388935
1 40404U 95015R   22226.49418458  .00000227  00000-0  13578-3 0    11\
2 40404  98.8206 232.8626 0005478 184.6951 175.4173 14.16577537385925
1 40404U 95015R   22226.56481683  .00000226  00000-0  13576-3 0    16\
2 40404  98.8206 232.9326 0005487 184.4605 175.6521 14.16577574385938
1 40404U 95015R   22227.48303599  .00000238  00000-0  14158-3 0   590\
2 40404  98.8207 233.8428 0005545 181.7948 178.3207 14.16578174389142
1 40404U 95015R   22227.48303599  .00000238  00000-0  14158-3 0    17\
2 40404  98.8207 233.8428 0005545 181.7948 178.3207 14.16578174386060
1 40404U 95015R   22228.47188691  .00000255  00000-0  15004-3 0    11\
2 40404  98.8207 234.8231 0005621 178.9795 181.1392 14.16578879386201
1 40404U 95015R   22229.46073741  .00000264  00000-0  15453-3 0   603\
2 40404  98.8208 235.8034 0005682 176.2449 183.8769 14.16579539389426
1 40404U 95015R   22229.46073741  .00000264  00000-0  15453-3 0    18\
2 40404  98.8208 235.8034 0005682 176.2449 183.8769 14.16579539386344
1 40404U 95015R   22230.44958760  .00000277  00000-0  16084-3 0    16\
2 40404  98.8208 236.7836 0005761 173.4548 186.6702 14.16580171386488
1 40404U 95015R   22230.87338046  .00000269  00000-0  15686-3 0   616\
2 40404  98.8208 237.2038 0005784 172.3230 187.8034 14.16580332389628
1 40404U 95015R   22230.87338046  .00000269  00000-0  15686-3 0    10\
2 40404  98.8208 237.2038 0005784 172.3230 187.8034 14.16580332386546
1 40404U 95015R   22231.29717337  .00000253  00000-0  14915-3 0    18\
2 40404  98.8209 237.6239 0005788 171.1833 188.9443 14.16580422386607
1 40404U 95015R   22232.56855151  .00000232  00000-0  13851-3 0    11\
2 40404  98.8210 238.8842 0005864 167.6649 192.4670 14.16580913386788
1 40404U 95015R   22232.56855151  .00000232  00000-0  13851-3 0   628\
2 40404  98.8210 238.8842 0005864 167.6649 192.4670 14.16580913389860
1 40404U 95015R   22233.48676879  .00000228  00000-0  13649-3 0    11\
2 40404  98.8211 239.7944 0005934 165.1283 195.0067 14.16581326386910
1 40404U 95015R   22233.98119321  .00000226  00000-0  13545-3 0   631\
2 40404  98.8211 240.2845 0005963 163.7780 196.3586 14.16581590390069
1 40404U 95015R   22234.26372144  .00000210  00000-0  12740-3 0    18\
2 40404  98.8211 240.5647 0006001 163.0359 197.1017 14.16581656387024
1 40404U 95015R   22234.75814575  .00000188  00000-0  11620-3 0    11\
2 40404  98.8211 241.0548 0006035 161.7074 198.4318 14.16581823387097
1 40404U 95015R   22235.46446601  .00000152  00000-0  98510-4 0   645\
2 40404  98.8212 241.7550 0006077 159.8389 200.3026 14.16582070390279
1 40404U 95015R   22235.81762609  .00000161  00000-0  10299-3 0    11\
2 40404  98.8211 242.1051 0006091 158.9768 201.1658 14.16582288387240
1 40404U 95015R   22236.45331410  .00000148  00000-0  96310-4 0    18\
2 40404  98.8212 242.7353 0006129 157.3318 202.8128 14.16582577387339
1 40404U 95015R   22236.73584206  .00000148  00000-0  96358-4 0   654\
2 40404  98.8212 243.0154 0006141 156.6042 203.5413 14.16582699390459
1 40404U 95015R   22236.73584206  .00000148  00000-0  96358-4 0    14\
2 40404  98.8212 243.0154 0006141 156.6042 203.5413 14.16582699387376
1 40404U 95015R   22237.44216194  .00000147  00000-0  95933-4 0    18\
2 40404  98.8212 243.7156 0006170 154.7638 205.3838 14.16583020387478
1 40404U 95015R   22237.72468988  .00000148  00000-0  96452-4 0    17\
2 40404  98.8212 243.9957 0006180 154.0221 206.1265 14.16583116387515
1 40404U 95015R   22237.93658582  .00000154  00000-0  99254-4 0   662\
2 40404  98.8212 244.2058 0006191 153.4574 206.6918 14.16583235390625
1 40404U 95015R   22237.93658582  .00000154  00000-0  99254-4 0    11\
2 40404  98.8212 244.2058 0006191 153.4574 206.6918 14.16583235387542
1 40404U 95015R   22238.78416951  .00000165  00000-0  10502-3 0    17\
2 40404  98.8213 245.0460 0006241 151.2198 208.9322 14.16583586387669
1 40404U 95015R   22239.49048902  .00000184  00000-0  11432-3 0    17\
2 40404  98.8212 245.7462 0006286 149.3610 210.7933 14.16583985387766
1 40404U 95015R   22239.91428062  .00000196  00000-0  12054-3 0    17\
2 40404  98.8212 246.1663 0006308 148.2967 211.8588 14.16584222387822
1 40404U 95015R   22240.54996792  .00000201  00000-0  12308-3 0    17\
2 40404  98.8213 246.7965 0006342 146.6797 213.4778 14.16584547387914
1 40404U 95015R   22240.83249556  .00000202  00000-0  12356-3 0   685\
2 40404  98.8213 247.0766 0006347 145.9418 214.2164 14.16584669391035
1 40404U 95015R   22240.90312747  .00000201  00000-0  12303-3 0    14\
2 40404  98.8213 247.1466 0006351 145.7661 214.3923 14.16584699387960
1 40404U 95015R   22241.46818267  .00000190  00000-0  11748-3 0    13\
2 40404  98.8214 247.7067 0006379 144.2858 215.8744 14.16584922388042
1 40404U 95015R   22241.82134203  .00000287  00000-0  16604-3 0    17\
2 40404  98.8214 248.0568 0006397 143.4458 216.7154 14.16585602388095
1 40404U 95015R   22242.45702895  .00000168  00000-0  10617-3 0   695\
2 40404  98.8214 248.6870 0006439 141.9477 218.2153 14.16585270391268
1 40404U 95015R   22242.45702895  .00000168  00000-0  10617-3 0    11\
2 40404  98.8214 248.6870 0006439 141.9477 218.2153 14.16585270388185
1 40404U 95015R   22243.44587495  .00000163  00000-0  10375-3 0    14\
2 40404  98.8214 249.6673 0006499 139.4876 220.6783 14.16585677388321
1 40404U 95015R   22243.94029787  .00000163  00000-0  10408-3 0   707\
2 40404  98.8214 250.1575 0006518 138.2559 221.9113 14.16585860391471
1 40404U 95015R   22244.50535255  .00000222  00000-0  13323-3 0    11\
2 40404  98.8216 250.7177 0006542 136.8669 223.3019 14.16586392388478
1 40404U 95015R   22244.99977545  .00000171  00000-0  10778-3 0   717\
2 40404  98.8216 251.2078 0006568 135.6585 224.5117 14.16586267391620
1 40404U 95015R   22245.49419809  .00000216  00000-0  13042-3 0    17\
2 40404  98.8216 251.6980 0006604 134.4540 225.7175 14.16586730388612
1 40404U 95015R   22246.48304324  .00000232  00000-0  13836-3 0   729\
2 40404  98.8217 252.6783 0006633 131.8959 228.2782 14.16587243391832
1 40404U 95015R   22246.55367500  .00000232  00000-0  13858-3 0    18\
2 40404  98.8217 252.7483 0006637 131.7314 228.4429 14.16587279388765
1 40404U 95015R   22247.54251950  .00000258  00000-0  15126-3 0    17\
2 40404  98.8217 253.7286 0006681 129.2751 230.9017 14.16587954388900
1 40404U 95015R   22247.54251950  .00000258  00000-0  15126-3 0   736\
2 40404  98.8217 253.7286 0006681 129.2751 230.9017 14.16587954391982
1 40404U 95015R   22248.46073169  .00000264  00000-0  15445-3 0    14\
2 40404  98.8218 254.6389 0006714 127.0929 233.0859 14.16588568389030
1 40404U 95015R   22248.88452182  .00000262  00000-0  15342-3 0    10\
2 40404  98.8218 255.0591 0006728 126.0994 234.0804 14.16588802389094
1 40404U 95015R   22248.95515349  .00000262  00000-0  15334-3 0   744\
2 40404  98.8218 255.1291 0006727 125.9354 234.2445 14.16588850392189
1 40404U 95015R   22249.52020688  .00000263  00000-0  15398-3 0    16\
2 40404  98.8219 255.6893 0006747 124.5243 235.6569 14.16589204389189
1 40404U 95015R   22249.59083855  .00000261  00000-0  15294-3 0    11\
2 40404  98.8219 255.7593 0006749 124.3532 235.8282 14.16589224389195
1 40404U 95015R   22250.43841840  .00000265  00000-0  15485-3 0   759\
2 40404  98.8220 256.5997 0006768 122.1969 237.9862 14.16589726392395
1 40404U 95015R   22250.43841840  .00000265  00000-0  15485-3 0    18\
2 40404  98.8220 256.5997 0006768 122.1969 237.9862 14.16589726389313
1 40404U 95015R   22250.72094491  .00000267  00000-0  15614-3 0    18\
2 40404  98.8220 256.8798 0006774 121.4759 238.7078 14.16589891389356
1 40404U 95015R   22251.42726105  .00000289  00000-0  16713-3 0    15\
2 40404  98.8220 257.5800 0006797 119.6953 240.4898 14.16590458389450
1 40404U 95015R   22251.56852424  .00000289  00000-0  16721-3 0   765\
2 40404  98.8220 257.7201 0006799 119.3485 240.8369 14.16590549392559
1 40404U 95015R   22251.56852424  .00000289  00000-0  16721-3 0    13\
2 40404  98.8220 257.7201 0006799 119.3485 240.8369 14.16590549389476
1 40404U 95015R   22252.48673465  .00000291  00000-0  16804-3 0    16\
2 40404  98.8221 258.6304 0006824 117.1151 243.0720 14.16591213389606
1 40404U 95015R   22252.55736620  .00000290  00000-0  16767-3 0    14\
2 40404  98.8221 258.7004 0006825 116.9446 243.2426 14.16591257389613
1 40404U 95015R   22252.98115539  .00000288  00000-0  16630-3 0   770\
2 40404  98.8220 259.1206 0006840 116.0612 244.1267 14.16591565392758
1 40404U 95015R   22253.54620757  .00000281  00000-0  16292-3 0    10\
2 40404  98.8221 259.6808 0006856 114.7251 245.4638 14.16591966389750
1 40404U 95015R   22254.46441686  .00000271  00000-0  15797-3 0   786\
2 40404  98.8221 260.5912 0006880 112.6796 247.5107 14.16592642392968
1 40404U 95015R   22254.53504834  .00000268  00000-0  15655-3 0    14\
2 40404  98.8221 260.6612 0006878 112.4938 247.6965 14.16592675389896
1 40404U 95015R   22254.88820556  .00000279  00000-0  16189-3 0    19\
2 40404  98.8221 261.0113 0006884 111.6942 248.4966 14.16593010389940
1 40404U 95015R   22255.45325709  .00000303  00000-0  17382-3 0    17\
2 40404  98.8221 261.5715 0006896 110.3590 249.8326 14.16593573390021
1 40404U 95015R   22255.80641424  .00000299  00000-0  17187-3 0   793\
2 40404  98.8221 261.9217 0006899 109.5242 250.6678 14.16593775393150
1 40404U 95015R   22255.80641424  .00000299  00000-0  17187-3 0    18\
2 40404  98.8221 261.9217 0006899 109.5242 250.6678 14.16593775390078
1 40404U 95015R   22256.44209698  .00000299  00000-0  17187-3 0    12\
2 40404  98.8222 262.5519 0006911 107.9970 252.1958 14.16594217390166
1 40404U 95015R   22256.72462256  .00000315  00000-0  17993-3 0    18\
2 40404  98.8222 262.8320 0006913 107.2732 252.9199 14.16594472390203
1 40404U 95015R   22257.50156773  .00000334  00000-0  18949-3 0   809\
2 40404  98.8222 263.6023 0006929 105.3944 254.7996 14.16595104393394
1 40404U 95015R   22257.50156773  .00000334  00000-0  18949-3 0    12\
2 40404  98.8222 263.6023 0006929 105.3944 254.7996 14.16595104390313
1 40404U 95015R   22257.57219908  .00000335  00000-0  19019-3 0    19\
2 40404  98.8222 263.6723 0006931 105.2276 254.9665 14.16595158390325
1 40404U 95015R   22258.49040638  .00000363  00000-0  20411-3 0    12\
2 40404  98.8222 264.5826 0006944 103.0589 257.1361 14.16595994390456
1 40404U 95015R   22258.56103769  .00000364  00000-0  20452-3 0   819\
2 40404  98.8222 264.6526 0006945 102.8955 257.2995 14.16596049393548
1 40404U 95015R   22258.56103769  .00000364  00000-0  20452-3 0    11\
2 40404  98.8222 264.6526 0006945 102.8955 257.2995 14.16596049390466
1 40404U 95015R   22259.47924447  .00000365  00000-0  20513-3 0    15\
2 40404  98.8223 265.5630 0006955 100.6492 259.5466 14.16596783390593
1 40404U 95015R   22259.97366322  .00000346  00000-0  19557-3 0   826\
2 40404  98.8223 266.0531 0006956  99.4949 260.7012 14.16597092393747
1 40404U 95015R   22260.53871314  .00000318  00000-0  18143-3 0    12\
2 40404  98.8223 266.6134 0006962  98.1911 262.0053 14.16597405390749
1 40404U 95015R   22260.89186918  .00000310  00000-0  17768-3 0    14\
2 40404  98.8223 266.9635 0006957  97.3019 262.8946 14.16597653390791
1 40404U 95015R   22261.45691869  .00000310  00000-0  17741-3 0   834\
2 40404  98.8224 267.5237 0006958  95.9469 264.2499 14.16598142393955
1 40404U 95015R   22261.52754987  .00000309  00000-0  17700-3 0    16\
2 40404  98.8224 267.5937 0006957  95.7689 264.4279 14.16598194390887
1 40404U 95015R   22262.02196811  .00000302  00000-0  17366-3 0    19\
2 40404  98.8224 268.0839 0006956  94.5044 265.6925 14.16598524390951
1 40404U 95015R   22263.01080424  .00000306  00000-0  17557-3 0   848\
2 40404  98.8224 269.0642 0006960  92.1138 268.0833 14.16599245394171
1 40404U 95015R   22263.29332885  .00000305  00000-0  17527-3 0    14\
2 40404  98.8225 269.3444 0006961  91.3739 268.8232 14.16599403391134
1 40404U 95015R   22265.55352400  .00000329  00000-0  18715-3 0   858\
2 40404  98.8222 271.5850 0006971  86.1860 274.0111 14.16601000394534
1 40404U 95015R   22265.55352400  .00000329  00000-0  18715-3 0    16\
2 40404  98.8222 271.5850 0006971  86.1860 274.0111 14.16601000391452
1 40404U 95015R   22265.76541713  .00000330  00000-0  18751-3 0    18\
2 40404  98.8223 271.7952 0006959  85.6616 274.5354 14.16601138391486
1 40404U 95015R   22266.54235836  .00000312  00000-0  17830-3 0    18\
2 40404  98.8223 272.5655 0006953  83.8308 276.3658 14.16601642391596
1 40404U 95015R   22267.46056120  .00000310  00000-0  17742-3 0   860\
2 40404  98.8224 273.4759 0006949  81.7256 278.4706 14.16602318394801
1 40404U 95015R   22267.53119215  .00000308  00000-0  17631-3 0    14\
2 40404  98.8223 273.5458 0006933  81.6265 278.5695 14.16602361391734
1 40404U 95015R   22267.95497788  .00000312  00000-0  17857-3 0    19\
2 40404  98.8223 273.9659 0006925  80.5888 279.6069 14.16602692391791
1 40404U 95015R   22269.29696585  .00000278  00000-0  16155-3 0   879\
2 40404  98.8224 275.2965 0006916  77.2570 282.9377 14.16603336395067
1 40404U 95015R   22269.29696585  .00000278  00000-0  16155-3 0    15\
2 40404  98.8224 275.2965 0006916  77.2570 282.9377 14.16603336391984
1 40404U 95015R   22270.49769090  .00000323  00000-0  18407-3 0   889\
2 40404  98.8224 276.4869 0006909  74.1918 286.0018 14.16604404395230
1 40404U 95015R   22271.48652274  .00000339  00000-0  19197-3 0    13\
2 40404  98.8225 277.4673 0006898  71.8088 288.3836 14.16605192392295
1 40404U 95015R   22271.98093839  .00000343  00000-0  19420-3 0   894\
2 40404  98.8225 277.9574 0006884  70.6309 289.5609 14.16605592395443
1 40404U 95015R   22272.47535389  .00000384  00000-0  21461-3 0    17\
2 40404  98.8225 278.4476 0006882  69.5210 290.6702 14.16606219392436
1 40404U 95015R   22272.89913832  .00000388  00000-0  21661-3 0    12\
2 40404  98.8225 278.8678 0006870  68.4584 291.7322 14.16606613392497
1 40404U 95015R   22273.46418429  .00000432  00000-0  23844-3 0   901\
2 40404  98.8224 279.4279 0006857  67.0793 293.1105 14.16607323395657
1 40404U 95015R   22273.46418429  .00000432  00000-0  23844-3 0    13\
2 40404  98.8224 279.4279 0006857  67.0793 293.1105 14.16607323392575
1 40404U 95015R   22273.74670713  .00000419  00000-0  23223-3 0    16\
2 40404  98.8224 279.7080 0006852  66.3764 293.8129 14.16607490392616
1 40404U 95015R   22274.45301420  .00000414  00000-0  22966-3 0    19\
2 40404  98.8224 280.4082 0006835  64.6370 295.5512 14.16608040392710
1 40404U 95015R   22275.01805946  .00000429  00000-0  23706-3 0   912\
2 40404  98.8225 280.9684 0006817  63.2763 296.9108 14.16608602395875
1 40404U 95015R   22275.51247413  .00000428  00000-0  23675-3 0    11\
2 40404  98.8224 281.4586 0006805  62.0193 298.1670 14.16608958392860
1 40404U 95015R   22275.72436593  .00000449  00000-0  24703-3 0    19\
2 40404  98.8225 281.6688 0006796  61.6034 298.5825 14.16609238392895
1 40404U 95015R   22276.43067194  .00000518  00000-0  28196-3 0   922\
2 40404  98.8225 282.3691 0006774  60.0476 300.1370 14.16610224396072
1 40404U 95015R   22276.43067194  .00000518  00000-0  28196-3 0    12\
2 40404  98.8225 282.3691 0006774  60.0476 300.1370 14.16610224392999
1 40404U 95015R   22276.78382480  .00000536  00000-0  29094-3 0    16\
2 40404  98.8225 282.7192 0006763  59.1859 300.9981 14.16610616393049
1 40404U 95015R   22277.49013021  .00000569  00000-0  30743-3 0   937\
2 40404  98.8226 283.4194 0006741  57.4746 302.7079 14.16611487396220
1 40404U 95015R   22277.56076071  .00000571  00000-0  30819-3 0    15\
2 40404  98.8225 283.4894 0006739  57.2965 302.8858 14.16611566393157
1 40404U 95015R   22278.47895698  .00000570  00000-0  30801-3 0    10\
2 40404  98.8226 284.3997 0006705  55.0580 305.1224 14.16612550393285
1 40404U 95015R   22278.97336992  .00000572  00000-0  30857-3 0   947\
2 40404  98.8226 284.8899 0006682  53.7995 306.3797 14.16613141396435
1 40404U 95015R   22279.46778260  .00000601  00000-0  32313-3 0    10\
2 40404  98.8225 285.3800 0006666  52.5741 307.6039 14.16613930393425
1 40404U 95015R   22280.45660708  .00000613  00000-0  32940-3 0   950\
2 40404  98.8225 286.3603 0006628  50.0283 310.1472 14.16615332396644
1 40404U 95015R   22281.44543087  .00000618  00000-0  33205-3 0    17\
2 40404  98.8223 287.3407 0006600  47.5529 312.6202 14.16616637393700
1 40404U 95015R   22281.72795173  .00000618  00000-0  33181-3 0   960\
2 40404  98.8223 287.6208 0006592  46.8338 313.3386 14.16616997396828
1 40404U 95015R   22281.72795173  .00000618  00000-0  33181-3 0    16\
2 40404  98.8223 287.6208 0006592  46.8338 313.3386 14.16616997393746
1 40404U 95015R   22281.93984228  .00000658  00000-0  35205-3 0    13\
2 40404  98.8223 287.8308 0006585  46.2833 313.8886 14.16617518393778
1 40404U 95015R   22282.78740421  .00000643  00000-0  34442-3 0   973\
2 40404  98.8223 288.6712 0006543  44.1447 316.0248 14.16618573396972
1 40404U 95015R   22282.78740421  .00000643  00000-0  34442-3 0    18\
2 40404  98.8223 288.6712 0006543  44.1447 316.0248 14.16618573393890
1 40404U 95015R   22283.49370529  .00000655  00000-0  35035-3 0    17\
2 40404  98.8224 289.3714 0006514  42.3545 317.8131 14.16619629393992
1 40404U 95015R   22283.98811567  .00000637  00000-0  34120-3 0   983\
2 40404  98.8223 289.8616 0006493  41.0786 319.0876 14.16620242397140
1 40404U 95015R   22283.98811567  .00000637  00000-0  34120-3 0    17\
2 40404  98.8223 289.8616 0006493  41.0786 319.0876 14.16620242394068
1 40404U 95015R   22285.47134543  .00000600  00000-0  32284-3 0   991\
2 40404  98.8223 291.3320 0006421  37.3821 322.7799 14.16622224397359
1 40404U 95015R   22285.47134543  .00000600  00000-0  32284-3 0    14\
2 40404  98.8223 291.3320 0006421  37.3821 322.7799 14.16622224394277
1 40404U 95015R   22286.46016427  .00000522  00000-0  28355-3 0    11\
2 40404  98.8222 292.3123 0006372  34.7866 325.3724 14.16623165394411
1 40404U 95015R   22286.74268371  .00000507  00000-0  27638-3 0  1005\
2 40404  98.8223 292.5924 0006358  34.1103 326.0479 14.16623471397536
1 40404U 95015R   22286.74268371  .00000507  00000-0  27638-3 0    15\
2 40404  98.8223 292.5924 0006358  34.1103 326.0479 14.16623471394454
1 40404U 95015R   22287.44898204  .00000525  00000-0  28512-3 0    19\
2 40404  98.8223 293.2926 0006322  32.2627 327.8932 14.16624525394550
1 40404U 95015R   22288.01402062  .00000507  00000-0  27630-3 0  1017\
2 40404  98.8223 293.8528 0006318  30.8357 329.3188 14.16625105397719
1 40404U 95015R   22288.50842915  .00000495  00000-0  27033-3 0    18\
2 40404  98.8224 294.3429 0006300  29.5823 330.5706 14.16625616394703
1 40404U 95015R   22289.49724561  .00000472  00000-0  25883-3 0  1021\
2 40404  98.8224 295.3232 0006247  27.0843 333.0657 14.16626604397929
1 40404U 95015R   22289.56787533  .00000471  00000-0  25835-3 0    11\
2 40404  98.8224 295.3933 0006243  26.9064 333.2433 14.16626672394854
1 40404U 95015R   22290.48606133  .00000459  00000-0  25201-3 0    13\
2 40404  98.8224 296.3036 0006189  24.5275 335.6193 14.16627621394984
1 40404U 95015R   22290.83920962  .00000464  00000-0  25460-3 0    14\
2 40404  98.8225 296.6538 0006164  23.6370 336.5086 14.16628015395030
1 40404U 95015R   22290.98046891  .00000460  00000-0  25275-3 0  1033\
2 40404  98.8225 296.7938 0006156  23.2513 336.8939 14.16628158398133
1 40404U 95015R   22290.98046891  .00000460  00000-0  25275-3 0    10\
2 40404  98.8225 296.7938 0006156  23.2513 336.8939 14.16628158395051
1 40404U 95015R   22292.46369057  .00000420  00000-0  23260-3 0  1049\
2 40404  98.8225 298.2642 0006072  19.3301 340.8103 14.16629589395268
1 40404U 95015R   22293.45250418  .00000382  00000-0  21375-3 0    17\
2 40404  98.8224 299.2445 0006019  16.5863 343.5507 14.16630403395403
1 40404U 95015R   22293.94691072  .00000381  00000-0  21315-3 0  1054\
2 40404  98.8224 299.7346 0005995  15.1887 344.9467 14.16630875398553
1 40404U 95015R   22294.44131736  .00000357  00000-0  20114-3 0    10\
2 40404  98.8225 300.2248 0005981  13.7752 346.3584 14.16631150395542
1 40404U 95015R   22294.72383532  .00000356  00000-0  20040-3 0    11\
2 40404  98.8224 300.5049 0005966  12.9611 347.1716 14.16631357395580
1 40404U 95015R   22295.00635322  .00000355  00000-0  19982-3 0  1068\
2 40404  98.8224 300.7850 0005952  12.1737 347.9580 14.16631599398700
1 40404U 95015R   22295.50075941  .00000386  00000-0  21533-3 0    11\
2 40404  98.8223 301.2751 0005928  10.9110 349.2191 14.16632195395690
1 40404U 95015R   22295.99516536  .00000407  00000-0  22625-3 0    11\
2 40404  98.8223 301.7652 0005903   9.5243 350.6042 14.16632753395768
1 40404U 95015R   22296.56020067  .00000399  00000-0  22186-3 0  1073\
2 40404  98.8222 302.3253 0005872   7.9752 352.1514 14.16633194398925
1 40404U 95015R   22296.56020067  .00000399  00000-0  22186-3 0    16\
2 40404  98.8222 302.3253 0005872   7.9752 352.1514 14.16633194395843
1 40404U 95015R   22296.98397690  .00000402  00000-0  22356-3 0    15\
2 40404  98.8222 302.7454 0005846   6.7165 353.4086 14.16633608395901
1 40404U 95015R   22297.97278787  .00000374  00000-0  20947-3 0  1080\
2 40404  98.8221 303.7257 0005790   3.9347 356.1872 14.16634365399123
1 40404U 95015R   22298.46719313  .00000337  00000-0  19108-3 0    18\
2 40404  98.8221 304.2158 0005766   2.5208 357.5994 14.16634641396116
1 40404U 95015R   22298.82033960  .00000329  00000-0  18709-3 0    12\
2 40404  98.8221 304.5659 0005744   1.4611 358.6579 14.16634912396164
1 40404U 95015R   22299.24411542  .00000320  00000-0  18235-3 0  1099\
2 40404  98.8221 304.9860 0005724   0.2646 359.8530 14.16635214399300
1 40404U 95015R   22299.24411542  .00000320  00000-0  18235-3 0    10\
2 40404  98.8221 304.9860 0005724   0.2646 359.8530 14.16635214396228
1 40404U 95015R   22299.59726179  .00000316  00000-0  18030-3 0    11\
2 40404  98.8222 305.3361 0005710 359.1810   0.9353 14.16635507396271
1 40404U 95015R   22300.44481286  .00000336  00000-0  19074-3 0  1107\
2 40404  98.8222 306.1763 0005672 356.6954   3.4182 14.16636308399477
1 40404U 95015R   22300.44481286  .00000336  00000-0  19074-3 0    16\
2 40404  98.8222 306.1763 0005672 356.6954   3.4182 14.16636308396395
1 40404U 95015R   22301.50425109  .00000388  00000-0  21675-3 0  1115\
2 40404  98.8221 307.2266 0005607 353.7024   6.4079 14.16637419399629
1 40404U 95015R   22301.57488028  .00000390  00000-0  21751-3 0    17\
2 40404  98.8221 307.2966 0005604 353.5050   6.6051 14.16637479396557
1 40404U 95015R   22301.78676785  .00000398  00000-0  22161-3 0    13\
2 40404  98.8221 307.5066 0005593 352.9090   7.2004 14.16637672396588
1 40404U 95015R   22301.99865538  .00000403  00000-0  22384-3 0    16\
2 40404  98.8221 307.7167 0005590 352.2707   7.8381 14.16637882396618
1 40404U 95015R   22302.49305939  .00000400  00000-0  22237-3 0    10\
2 40404  98.8221 308.2067 0005555 350.9179   9.1894 14.16638322396683
1 40404U 95015R   22302.98746321  .00000476  00000-0  26038-3 0    14\
2 40404  98.8220 308.6968 0005521 349.4360  10.6697 14.16639173396755
1 40404U 95015R   22303.83501230  .00000489  00000-0  26727-3 0    16\
2 40404  98.8220 309.5370 0005473 346.9379  13.1652 14.16640042396879
1 40404U 95015R   22304.47067372  .00000496  00000-0  27074-3 0    15\
2 40404  98.8220 310.1672 0005425 344.9359  15.1653 14.16640741396964
1 40404U 95015R   22304.47067372  .00000496  00000-0  27074-3 0  1128\
2 40404  98.8220 310.1672 0005425 344.9359  15.1653 14.16640741400049
1 40404U 95015R   22305.74199555  .00000492  00000-0  26863-3 0  1130\
2 40404  98.8220 311.4275 0005371 340.9473  19.1499 14.16642060400223
1 40404U 95015R   22305.45947961  .00000510  00000-0  27752-3 0    15\
2 40404  98.8220 311.1474 0005370 341.9131  18.1852 14.16641900397108
1 40404U 95015R   22305.74199555  .00000492  00000-0  26863-3 0    16\
2 40404  98.8220 311.4275 0005371 340.9473  19.1499 14.16642060397149
1 40404U 95015R   22306.44828502  .00000499  00000-0  27200-3 0    18\
2 40404  98.8221 312.1277 0005337 338.7874  21.3078 14.16642850397248
1 40404U 95015R   22306.80142958  .00000508  00000-0  27650-3 0  1147\
2 40404  98.8220 312.4778 0005331 337.6849  22.4093 14.16643253400376
1 40404U 95015R   22307.43708957  .00000535  00000-0  29000-3 0    10\
2 40404  98.8220 313.1079 0005304 335.7386  24.3538 14.16644086397389
1 40404U 95015R   22308.00212022  .00000545  00000-0  29505-3 0  1154\
2 40404  98.8220 313.6680 0005280 333.9870  26.1038 14.16644801400546
1 40404U 95015R   22308.49652192  .00000602  00000-0  32364-3 0    18\
2 40404  98.8219 314.1581 0005253 332.5125  27.5770 14.16645672397537
1 40404U 95015R   22309.48532452  .00000580  00000-0  31280-3 0    15\
2 40404  98.8218 315.1382 0005245 329.4453  30.6415 14.16646774397676
1 40404U 95015R   22309.48532452  .00000580  00000-0  31280-3 0  1162\
2 40404  98.8218 315.1382 0005245 329.4453  30.6415 14.16646774400750
1 40404U 95015R   22310.47412609  .00000543  00000-0  29403-3 0    10\
2 40404  98.8218 316.1184 0005209 326.2551  33.8291 14.16647899397813
1 40404U 95015R   22311.46292688  .00000526  00000-0  28542-3 0  1175\
2 40404  98.8217 317.0986 0005174 323.0487  37.0330 14.16649121401036
1 40404U 95015R   22311.46292688  .00000526  00000-0  28542-3 0    17\
2 40404  98.8217 317.0986 0005174 323.0487  37.0330 14.16649121397951
1 40404U 95015R   22312.23984079  .00000492  00000-0  26848-3 0    14\
2 40404  98.8216 317.8687 0005150 320.4960  39.5838 14.16650058398061
1 40404U 95015R   22312.94612582  .00000551  00000-0  29839-3 0  1187\
2 40404  98.8215 318.5688 0005138 318.2622  41.8160 14.16651351401241
1 40404U 95015R   22313.58178189  .00000566  00000-0  30590-3 0    11\
2 40404  98.8216 319.1990 0005059 316.0963  43.9809 14.16652332398250
1 40404U 95015R   22314.49995169  .00000520  00000-0  28270-3 0    19\
2 40404  98.8216 320.1091 0005036 313.1648  46.9105 14.16653185398380
1 40404U 95015R   22314.57058010  .00000519  00000-0  28214-3 0  1199\
2 40404  98.8216 320.1792 0005028 312.9136  47.1616 14.16653260401477
1 40404U 95015R   22314.57058010  .00000519  00000-0  28214-3 0    19\
2 40404  98.8216 320.1792 0005028 312.9136  47.1616 14.16653260398393
1 40404U 95015R   22315.48874908  .00000496  00000-0  27059-3 0    12\
2 40404  98.8216 321.0893 0004988 309.9087  50.1648 14.16654266398521
1 40404U 95015R   22315.55937743  .00000494  00000-0  26971-3 0    17\
2 40404  98.8217 321.1593 0004983 309.6658  50.4076 14.16654337398534
1 40404U 95015R   22315.98314742  .00000492  00000-0  26882-3 0  1203\
2 40404  98.8216 321.5794 0004967 308.2177  51.8550 14.16654855401670
1 40404U 95015R   22316.47754563  .00000480  00000-0  26261-3 0    13\
2 40404  98.8216 322.0695 0004944 306.5269  53.5450 14.16655404398667
1 40404U 95015R   22316.90131538  .00000447  00000-0  24601-3 0    11\
2 40404  98.8216 322.4895 0004933 305.0796  54.9915 14.16655721398720
1 40404U 95015R   22317.46634146  .00000446  00000-0  24575-3 0  1218\
2 40404  98.8216 323.0496 0004911 303.1150  56.9552 14.16656421401882
1 40404U 95015R   22317.74885450  .00000434  00000-0  23929-3 0    11\
2 40404  98.8216 323.3297 0004917 302.1896  57.8801 14.16656638398844
1 40404U 95015R   22318.45513677  .00000413  00000-0  22912-3 0    17\
2 40404  98.8216 324.0297 0004897 299.7631  60.3056 14.16657320398948
1 40404U 95015R   22318.59639317  .00000411  00000-0  22803-3 0  1223\
2 40404  98.8216 324.1697 0004897 299.2917  60.7768 14.16657452402042
1 40404U 95015R   22318.59639317  .00000411  00000-0  22803-3 0    19\
2 40404  98.8216 324.1697 0004897 299.2917  60.7768 14.16657452398967
1 40404U 95015R   22319.51455976  .00000400  00000-0  22238-3 0    19\
2 40404  98.8216 325.0799 0004865 296.1536  63.9138 14.16658251399097
1 40404U 95015R   22320.00895699  .00000370  00000-0  20756-3 0  1239\
2 40404  98.8216 325.5700 0004849 294.4224  65.6444 14.16658511402241
1 40404U 95015R   22320.43272593  .00000384  00000-0  21444-3 0    13\
2 40404  98.8216 325.9900 0004833 292.9558  67.1106 14.16658950399225
1 40404U 95015R   22321.49214788  .00000389  00000-0  21682-3 0    11\
2 40404  98.8216 327.0402 0004822 289.3543  70.7110 14.16659862399371
1 40404U 95015R   22321.49214788  .00000389  00000-0  21682-3 0  1247\
2 40404  98.8216 327.0402 0004822 289.3543  70.7110 14.16659862402455
1 40404U 95015R   22321.98654445  .00000358  00000-0  20160-3 0    19\
2 40404  98.8216 327.5303 0004804 287.6011  72.4639 14.16660149399440
1 40404U 95015R   22323.25784941  .00000401  00000-0  22310-3 0  1251\
2 40404  98.8214 328.7904 0004784 283.1489  76.9151 14.16661510402700
1 40404U 95015R   22323.46973346  .00000379  00000-0  21218-3 0    16\
2 40404  98.8214 329.0004 0004784 282.3845  77.6794 14.16661607399659
1 40404U 95015R   22323.75224561  .00000372  00000-0  20853-3 0    13\
2 40404  98.8214 329.2805 0004814 281.6623  78.4010 14.16661764399698
1 40404U 95015R   22324.45852557  .00000364  00000-0  20439-3 0  1262\
2 40404  98.8213 329.9806 0004813 279.2634  80.7996 14.16662355402870
1 40404U 95015R   22324.52915354  .00000353  00000-0  19889-3 0    12\
2 40404  98.8213 330.0506 0004814 279.0220  81.0410 14.16662358399806
1 40404U 95015R   22324.88229337  .00000329  00000-0  18668-3 0    17\
2 40404  98.8213 330.4006 0004821 277.9328  82.1299 14.16662521399853
1 40404U 95015R   22325.44731703  .00000357  00000-0  20070-3 0    16\
2 40404  98.8212 330.9606 0004816 275.9195  84.1430 14.16663140399933
1 40404U 95015R   22325.87108470  .00000344  00000-0  19449-3 0    16\
2 40404  98.8211 331.3807 0004813 274.4312  85.6313 14.16663389399999
1 40404U 95015R   22325.87108470  .00000344  00000-0  19449-3 0  1275\
2 40404  98.8211 331.3807 0004813 274.4312  85.6313 14.16663389403074
1 40404U 95015R   22326.50673622  .00000333  00000-0  18897-3 0    17\
2 40404  98.8211 332.0107 0004802 272.1337  87.9287 14.16663771400083
1 40404U 95015R   22326.57736420  .00000331  00000-0  18808-3 0    10\
2 40404  98.8211 332.0807 0004801 271.8997  88.1628 14.16663792400093
1 40404U 95015R   22327.00113166  .00000306  00000-0  17536-3 0  1284\
2 40404  98.8210 332.5007 0004802 270.4653  89.5971 14.16663967403233
1 40404U 95015R   22327.00113166  .00000306  00000-0  17536-3 0    14\
2 40404  98.8210 332.5007 0004802 270.4653  89.5971 14.16663967400151
1 40404U 95015R   22327.77803847  .00000311  00000-0  17779-3 0    15\
2 40404  98.8210 333.2707 0004808 267.7614  92.3009 14.16664549400261
1 40404U 95015R   22328.48431711  .00000331  00000-0  18779-3 0  1295\
2 40404  98.8209 333.9709 0004809 265.5712  94.4913 14.16665220403441
1 40404U 95015R   22328.55494495  .00000331  00000-0  18769-3 0    19\
2 40404  98.8209 334.0409 0004809 265.2933  94.7692 14.16665276400379
1 40404U 95015R   22328.97871197  .00000307  00000-0  17570-3 0    15\
2 40404  98.8209 334.4609 0004822 264.0281  96.0344 14.16665472400437
1 40404U 95015R   22329.54373441  .00000329  00000-0  18685-3 0  1303\
2 40404  98.8209 335.0209 0004820 262.0996  97.9631 14.16666100403597
1 40404U 95015R   22329.54373441  .00000329  00000-0  18685-3 0    10\
2 40404  98.8209 335.0209 0004820 262.0996  97.9631 14.16666100400516
1 40404U 95015R   22330.46189568  .00000307  00000-0  17579-3 0    15\
2 40404  98.8208 335.9310 0004832 258.8141 101.2490 14.16666724400643
1 40404U 95015R   22330.53252346  .00000306  00000-0  17516-3 0    18\
2 40404  98.8208 336.0010 0004836 258.6439 101.4192 14.16666766400652
1 40404U 95015R   22330.95629004  .00000296  00000-0  17035-3 0  1311\
2 40404  98.8208 336.4210 0004845 257.2215 102.8418 14.16667032403796
1 40404U 95015R   22330.95629004  .00000296  00000-0  17035-3 0    17\
2 40404  98.8208 336.4210 0004845 257.2215 102.8418 14.16667032400715
1 40404U 95015R   22331.80382306  .00000289  00000-0  16679-3 0    18\
2 40404  98.8209 337.2610 0004864 254.2426 105.8212 14.16667570400836
1 40404U 95015R   22332.01570626  .00000299  00000-0  17200-3 0  1323\
2 40404  98.8209 337.4710 0004871 253.4873 106.5766 14.16667776403949
1 40404U 95015R   22332.58072812  .00000286  00000-0  16549-3 0    15\
2 40404  98.8209 338.0310 0004877 251.5439 108.5205 14.16668062400941
1 40404U 95015R   22333.42826069  .00000304  00000-0  17442-3 0  1330\
2 40404  98.8209 338.8710 0004886 248.6797 111.3856 14.16668674404146
1 40404U 95015R   22333.42826069  .00000304  00000-0  17442-3 0    14\
2 40404  98.8209 338.8710 0004886 248.6797 111.3856 14.16668674401064
1 40404U 95015R   22334.48767589  .00000312  00000-0  17816-3 0    16\
2 40404  98.8209 339.9210 0004901 245.1237 114.9428 14.16669419401219
1 40404U 95015R   22334.48767589  .00000312  00000-0  17816-3 0  1343\
2 40404  98.8209 339.9210 0004901 245.1237 114.9428 14.16669419404290
1 40404U 95015R   22335.47646276  .00000322  00000-0  18325-3 0    12\
2 40404  98.8209 340.9010 0004921 241.8536 118.2142 14.16670219401351
1 40404U 95015R   22335.75897304  .00000326  00000-0  18518-3 0  1359\
2 40404  98.8209 341.1810 0004935 240.8582 119.2099 14.16670479404473
1 40404U 95015R   22335.75897304  .00000326  00000-0  18518-3 0    11\
2 40404  98.8209 341.1810 0004935 240.8582 119.2099 14.16670479401391
1 40404U 95015R   22336.46524881  .00000320  00000-0  18262-3 0    17\
2 40404  98.8209 341.8810 0004968 238.1183 121.9508 14.16671071401496
1 40404U 95015R   22337.52466200  .00000316  00000-0  18023-3 0    15\
2 40404  98.8208 342.9310 0004999 234.5413 125.5295 14.16671910401644
1 40404U 95015R   22337.52466200  .00000316  00000-0  18023-3 0  1364\
2 40404  98.8208 342.9310 0004999 234.5413 125.5295 14.16671910404726
1 40404U 95015R   22337.73654457  .00000317  00000-0  18100-3 0    18\
2 40404  98.8209 343.1411 0005001 234.0162 126.0549 14.16672070401670
1 40404U 95015R   22338.30156479  .00000316  00000-0  18057-3 0    13\
2 40404  98.8208 343.7011 0005010 232.2783 127.7938 14.16672465401757
1 40404U 95015R   22338.72532979  .00000317  00000-0  18070-3 0  1378\
2 40404  98.8208 344.1212 0005025 230.9113 129.1615 14.16672772404890
1 40404U 95015R   22339.57285940  .00000364  00000-0  20419-3 0    17\
2 40404  98.8207 344.9612 0005048 228.1670 131.9074 14.16673696401931
1 40404U 95015R   22339.99662404  .00000367  00000-0  20596-3 0  1387\
2 40404  98.8206 345.3812 0005064 226.7331 133.3421 14.16674061405071
1 40404U 95015R   22340.27913388  .00000377  00000-0  21104-3 0    16\
2 40404  98.8206 345.6612 0005072 225.7903 134.2855 14.16674301402036
1 40404U 95015R   22341.26791744  .00000393  00000-0  21910-3 0  1391\
2 40404  98.8207 346.6413 0005109 222.7012 137.3765 14.16675242405252
1 40404U 95015R   22341.26791744  .00000393  00000-0  21910-3 0    19\
2 40404  98.8207 346.6413 0005109 222.7012 137.3765 14.16675242402170
1 40404U 95015R   22342.46858210  .00000420  00000-0  23260-3 0    15\
2 40404  98.8206 347.8313 0005159 218.8831 141.1972 14.16676586402345
1 40404U 95015R   22342.75109130  .00000402  00000-0  22329-3 0  1406\
2 40404  98.8206 348.1113 0005168 217.9620 142.1190 14.16676748405462
1 40404U 95015R   22342.75109130  .00000402  00000-0  22329-3 0    12\
2 40404  98.8206 348.1113 0005168 217.9620 142.1190 14.16676748402380
1 40404U 95015R   22342.96297309  .00000402  00000-0  22324-3 0    16\
2 40404  98.8205 348.3213 0005177 217.3175 142.7640 14.16676991402411
1 40404U 95015R   22344.44614531  .00000392  00000-0  21817-3 0  1410\
2 40404  98.8206 349.7913 0005240 212.5446 147.5406 14.16678394405700
1 40404U 95015R   22344.58739966  .00000394  00000-0  21932-3 0    10\
2 40404  98.8205 349.9312 0005248 212.0724 148.0131 14.16678557402648
1 40404U 95015R   22345.50555308  .00000414  00000-0  22940-3 0    12\
2 40404  98.8206 350.8412 0005291 209.0890 150.9990 14.16679543402774
1 40404U 95015R   22345.57618025  .00000414  00000-0  22942-3 0  1423\
2 40404  98.8206 350.9112 0005297 208.8374 151.2508 14.16679602405860
1 40404U 95015R   22345.57618025  .00000414  00000-0  22942-3 0    17\
2 40404  98.8206 350.9112 0005297 208.8374 151.2508 14.16679602402788
1 40404U 95015R   22346.49433315  .00000415  00000-0  22982-3 0    11\
2 40404  98.8206 351.8212 0005348 205.8817 154.2090 14.16680475402919
1 40404U 95015R   22346.84746876  .00000414  00000-0  22935-3 0    16\
2 40404  98.8205 352.1711 0005354 204.9465 155.1451 14.16680783402960
1 40404U 95015R   22346.84746876  .00000414  00000-0  22935-3 0  1433\
2 40404  98.8205 352.1711 0005354 204.9465 155.1451 14.16680783406043
1 40404U 95015R   22348.47189107  .00000425  00000-0  23502-3 0    18\
2 40404  98.8205 353.7811 0005437 199.9378 160.1585 14.16682552403192
1 40404U 95015R   22348.54251797  .00000428  00000-0  23615-3 0  1447\
2 40404  98.8205 353.8511 0005449 199.7236 160.3729 14.16682668406287
1 40404U 95015R   22349.53129559  .00000448  00000-0  24649-3 0    19\
2 40404  98.8206 354.8311 0005493 196.8426 163.2567 14.16683861403347
1 40404U 95015R   22349.74317642  .00000447  00000-0  24600-3 0  1459\
2 40404  98.8205 355.0411 0005490 196.3046 163.7952 14.16684066406456
1 40404U 95015R   22349.74317642  .00000447  00000-0  24600-3 0    10\
2 40404  98.8205 355.0411 0005490 196.3046 163.7952 14.16684066403374
1 40404U 95015R   22350.30819190  .00000461  00000-0  25299-3 0    10\
2 40404  98.8205 355.6011 0005515 194.6367 165.4649 14.16684717403455
1 40404U 95015R   22350.87320709  .00000439  00000-0  24206-3 0    17\
2 40404  98.8205 356.1611 0005535 193.0259 167.0773 14.16685183403535
1 40404U 95015R   22350.94383398  .00000439  00000-0  24203-3 0  1465\
2 40404  98.8205 356.2311 0005538 192.8245 167.2789 14.16685255406620
1 40404U 95015R   22351.50884903  .00000457  00000-0  25066-3 0    14\
2 40404  98.8205 356.7910 0005556 191.0124 169.0930 14.16685911403621
1 40404U 95015R   22351.79135647  .00000457  00000-0  25073-3 0    17\
2 40404  98.8205 357.0710 0005574 190.2156 169.8906 14.16686158403668
1 40404U 95015R   22352.00323699  .00000463  00000-0  25408-3 0  1478\
2 40404  98.8204 357.2810 0005577 189.6564 170.4504 14.16686415406771
1 40404U 95015R   22352.28574436  .00000480  00000-0  26225-3 0    11\
2 40404  98.8204 357.5610 0005598 188.7710 171.3368 14.16686762403734
1 40404U 95015R   22352.78013199  .00000473  00000-0  25867-3 0    13\
2 40404  98.8203 358.0510 0005620 187.2758 172.8336 14.16687232403802
1 40404U 95015R   22352.99201234  .00000473  00000-0  25899-3 0    10\
2 40404  98.8203 358.2610 0005626 186.6925 173.4175 14.16687475403830
1 40404U 95015R   22353.76890658  .00000488  00000-0  26632-3 0  1484\
2 40404  98.8202 359.0310 0005675 184.3856 175.7270 14.16688408407020
1 40404U 95015R   22354.26329366  .00000519  00000-0  28203-3 0    12\
2 40404  98.8202 359.5210 0005694 182.9838 177.1303 14.16689123404013
1 40404U 95015R   22354.96956047  .00000443  00000-0  24389-3 0  1491\
2 40404  98.8201   0.2210 0005728 181.0588 179.0575 14.16689541407190
1 40404U 95015R   22355.46394693  .00000469  00000-0  25663-3 0    11\
2 40404  98.8202   0.7109 0005737 179.7551 180.3627 14.16690279404186
1 40404U 95015R   22356.24083984  .00000433  00000-0  23879-3 0  1509\
2 40404  98.8203   1.4809 0005788 177.6068 182.5135 14.16690897407376
1 40404U 95015R   22356.24083984  .00000433  00000-0  23879-3 0    14\
2 40404  98.8203   1.4809 0005788 177.6068 182.5135 14.16690897404294
1 40404U 95015R   22356.87647914  .00000437  00000-0  24087-3 0    18\
2 40404  98.8202   2.1109 0005806 175.8480 184.2743 14.16691584404381
1 40404U 95015R   22357.22961200  .00000406  00000-0  22525-3 0    16\
2 40404  98.8202   2.4609 0005833 174.8552 185.2683 14.16691768404432
1 40404U 95015R   22357.72399796  .00000381  00000-0  21303-3 0  1517\
2 40404  98.8202   2.9508 0005858 173.4512 186.6740 14.16692084407583
1 40404U 95015R   22357.72399796  .00000381  00000-0  21303-3 0    11\
2 40404  98.8202   2.9508 0005858 173.4512 186.6740 14.16692084404502
1 40404U 95015R   22358.21838375  .00000399  00000-0  22203-3 0    16\
2 40404  98.8202   3.4408 0005884 172.0638 188.0631 14.16692635404574
1 40404U 95015R   22358.71276938  .00000387  00000-0  21566-3 0    10\
2 40404  98.8202   3.9308 0005894 170.6239 189.5046 14.16693015404647
1 40404U 95015R   22358.99527543  .00000376  00000-0  21006-3 0  1525\
2 40404  98.8202   4.2108 0005905 169.8490 190.2805 14.16693215407761
1 40404U 95015R   22359.27778142  .00000374  00000-0  20938-3 0    14\
2 40404  98.8202   4.4908 0005925 169.0346 191.0958 14.16693451404728
1 40404U 95015R   22359.56028732  .00000360  00000-0  20213-3 0    10\
2 40404  98.8202   4.7708 0005941 168.2475 191.8839 14.16693648404769
1 40404U 95015R   22360.26655196  .00000381  00000-0  21292-3 0  1538\
2 40404  98.8202   5.4707 0005974 166.2910 193.8428 14.16694368407943
1 40404U 95015R   22360.26655196  .00000381  00000-0  21292-3 0    10\
2 40404  98.8202   5.4707 0005974 166.2910 193.8428 14.16694368404861
1 40404U 95015R   22360.76093687  .00000369  00000-0  20694-3 0    17\
2 40404  98.8202   5.9607 0005994 164.9737 195.1616 14.16694780404939
1 40404U 95015R   22361.46720068  .00000390  00000-0  21743-3 0    15\
2 40404  98.8203   6.6607 0006018 163.0305 197.1071 14.16695616405035
1 40404U 95015R   22361.82033245  .00000386  00000-0  21521-3 0  1547\
2 40404  98.8203   7.0107 0006042 162.1193 198.0195 14.16695921408160
1 40404U 95015R   22361.82033245  .00000386  00000-0  21521-3 0    18\
2 40404  98.8203   7.0107 0006042 162.1193 198.0195 14.16695921405088
1 40404U 95015R   22361.96158525  .00000374  00000-0  20927-3 0    18\
2 40404  98.8203   7.1507 0006048 161.7602 198.3791 14.16695969405109
1 40404U 95015R   22363.30348558  .00000386  00000-0  21523-3 0  1551\
2 40404  98.8204   8.4806 0006109 158.1361 202.0075 14.16697169408370
1 40404U 95015R   22363.30348558  .00000386  00000-0  21523-3 0    11\
2 40404  98.8204   8.4806 0006109 158.1361 202.0075 14.16697169405298
1 40404U 95015R   22364.50413190  .00000451  00000-0  24765-3 0    13\
2 40404  98.8204   9.6706 0006169 154.9117 205.2358 14.16698637405468
1 40404U 95015R   22364.57475813  .00000452  00000-0  24839-3 0  1564\
2 40404  98.8204   9.7406 0006171 154.7177 205.4301 14.16698705408552
1 40404U 95015R   22365.49289867  .00000496  00000-0  27053-3 0    16\
2 40404  98.8205  10.6505 0006203 152.2282 207.9225 14.16699848405604
1 40404U 95015R   22365.84602950  .00000499  00000-0  27189-3 0    10
2 40404  98.8205  11.0006 0006202 151.2304 208.9213 14.16700203405659
1 40404U 95015R   23001.48166455  .00000496  00000-0  27035-3 0    10
2 40404  98.8205  11.6306 0006237 149.6432 210.5105 14.16700934405749
1 40404U 95015R   23001.83479508  .00000511  00000-0  27761-3 0  1582
2 40404  98.8204  11.9806 0006253 148.7302 211.4245 14.16701376408873
1 40404U 95015R   23001.83479508  .00000511  00000-0  27761-3 0    19
2 40404  98.8204  11.9806 0006253 148.7302 211.4245 14.16701376405791
1 40404U 95015R   23002.47042966  .00000513  00000-0  27883-3 0    11
2 40404  98.8204  12.6106 0006281 147.0857 213.0709 14.16702152405886
1 40404U 95015R   23002.96481203  .00000524  00000-0  28411-3 0  1590
2 40404  98.8204  13.1005 0006297 145.8315 214.3265 14.16702724409039
1 40404U 95015R   23004.02420196  .00000439  00000-0  24191-3 0  1601
2 40404  98.8203  14.1505 0006338 143.1197 217.0414 14.16703475409185
1 40404U 95015R   23004.30670576  .00000505  00000-0  27481-3 0    14
2 40404  98.8203  14.4305 0006347 142.3447 217.8173 14.16704135406142
1 40404U 95015R   23004.87171307  .00000498  00000-0  27112-3 0    16
2 40404  98.8203  14.9905 0006368 140.8903 219.2732 14.16704765406221
1 40404U 95015R   23005.29546865  .00000487  00000-0  26568-3 0  1617
2 40404  98.8203  15.4105 0006371 139.6668 220.4980 14.16705126409366
1 40404U 95015R   23005.29546865  .00000487  00000-0  26568-3 0    10
2 40404  98.8203  15.4105 0006371 139.6668 220.4980 14.16705126406284
1 40404U 95015R   23005.78984983  .00000483  00000-0  26400-3 0    12
2 40404  98.8203  15.9005 0006403 138.4957 221.6705 14.16705640406359
1 40404U 95015R   23006.70798566  .00000498  00000-0  27100-3 0  1627
2 40404  98.8203  16.8105 0006440 136.0950 224.0737 14.16706755409564
1 40404U 95015R   23006.70798566  .00000498  00000-0  27100-3 0    19
2 40404  98.8203  16.8105 0006440 136.0950 224.0737 14.16706755406482
1 40404U 95015R   23007.27299194  .00000564  00000-0  30425-3 0    13
2 40404  98.8202  17.3704 0006474 134.6505 225.5198 14.16707772406565
1 40404U 95015R   23007.76737213  .00000564  00000-0  30409-3 0  1637
2 40404  98.8202  17.8604 0006492 133.3897 226.7819 14.16708385409713
1 40404U 95015R   23007.76737213  .00000564  00000-0  30409-3 0    18
2 40404  98.8202  17.8604 0006492 133.3897 226.7819 14.16708385406631
1 40404U 95015R   23008.26175217  .00000534  00000-0  28915-3 0    10
2 40404  98.8203  18.3504 0006507 132.1531 228.0197 14.16708840406704
1 40404U 95015R   23010.23926980  .00000550  00000-0  29715-3 0  1648
2 40404  98.8204  20.3104 0006561 127.1072 233.0702 14.16711474410067
1 40404U 95015R   23010.23926980  .00000550  00000-0  29715-3 0    18
2 40404  98.8204  20.3104 0006561 127.1072 233.0702 14.16711474406983
1 40404U 95015R   23010.73364864  .00000513  00000-0  27860-3 0    18
2 40404  98.8204  20.8005 0006576 125.8854 234.2931 14.16711899407054
1 40404U 95015R   23011.51052914  .00000593  00000-0  31873-3 0    12
2 40404  98.8205  21.5704 0006602 123.9525 236.2277 14.16713333407165
1 40404U 95015R   23011.72240557  .00000595  00000-0  31957-3 0  1653
2 40404  98.8205  21.7805 0006612 123.4331 236.7476 14.16713585410271
1 40404U 95015R   23011.72240557  .00000595  00000-0  31957-3 0    12
2 40404  98.8205  21.7805 0006612 123.4331 236.7476 14.16713585407198
1 40404U 95015R   23012.99366321  .00000694  00000-0  36927-3 0  1664
2 40404  98.8206  23.0405 0006644 120.2178 239.9655 14.16715736410456
1 40404U 95015R   23012.92303784  .00000694  00000-0  36920-3 0    12
2 40404  98.8206  22.9705 0006641 120.3805 239.8027 14.16715635407368
1 40404U 95015R   23013.55866594  .00000691  00000-0  36764-3 0    18
2 40404  98.8206  23.6005 0006662 118.8427 241.3417 14.16716519407457
1 40404U 95015R   23014.47679430  .00000743  00000-0  39384-3 0  1673
2 40404  98.8205  24.5105 0006685 116.5904 243.5956 14.16718251410661
1 40404U 95015R   23015.60679694  .00000783  00000-0  41364-3 0    13
2 40404  98.8205  25.6305 0006704 113.8883 246.2994 14.16720349407741
1 40404U 95015R   23015.60679694  .00000783  00000-0  41364-3 0  1687
2 40404  98.8205  25.6305 0006704 113.8883 246.2994 14.16720349410824
1 40404U 95015R   23015.88929694  .00000977  00000-0  51092-3 0    15
2 40404  98.8205  25.9105 0006707 113.1771 247.0111 14.16721979407788
1 40404U 95015R   23016.59554729  .00000891  00000-0  46758-3 0    15
2 40404  98.8205  26.6106 0006722 111.5424 248.6467 14.16722816407884
1 40404U 95015R   23016.73679727  .00000890  00000-0  46700-3 0  1698
2 40404  98.8205  26.7506 0006723 111.1800 249.0093 14.16723061410982
1 40404U 95015R   23016.73679727  .00000890  00000-0  46700-3 0    13
2 40404  98.8205  26.7506 0006723 111.1800 249.0093 14.16723061407900
1 40404U 95015R   23016.94867217  .00000924  00000-0  48419-3 0    16
2 40404  98.8205  26.9606 0006725 110.6470 249.5426 14.16723653407937
1 40404U 95015R   23018.00804632  .00000820  00000-0  43218-3 0  1701
2 40404  98.8205  28.0106 0006745 108.0765 252.1144 14.16724944411166
1 40404U 95015R   23018.50241988  .00000972  00000-0  50791-3 0    10
2 40404  98.8205  28.5006 0006754 106.8179 253.3736 14.16726793408154
1 40404U 95015R   23018.92616866  .00000987  00000-0  51575-3 0    14
2 40404  98.8205  28.9206 0006760 105.7567 254.4353 14.16727671408216
1 40404U 95015R   23019.27929266  .00000966  00000-0  50496-3 0  1710
2 40404  98.8205  29.2706 0006772 104.8472 255.3453 14.16728173411340
1 40404U 95015R   23019.27929266  .00000966  00000-0  50496-3 0    12
2 40404  98.8205  29.2706 0006772 104.8472 255.3453 14.16728173408267
1 40404U 95015R   23020.47991185  .00000939  00000-0  49170-3 0  1721
2 40404  98.8206  30.4607 0006787 101.8579 258.3356 14.16730528411517
1 40404U 95015R   23020.47991185  .00000939  00000-0  49170-3 0    12
2 40404  98.8206  30.4607 0006787 101.8579 258.3356 14.16730528408434
1 40404U 95015R   23021.53927984  .00000941  00000-0  49277-3 0  1737
2 40404  98.8206  31.5107 0006797  99.2873 260.9070 14.16732782411664
1 40404U 95015R   23022.81051970  .00000862  00000-0  45285-3 0  1740
2 40404  98.8206  32.7708 0006806  96.2770 263.9179 14.16734840411848
1 40404U 95015R   23024.01113315  .00000849  00000-0  44642-3 0  1758
2 40404  98.8207  33.9609 0006808  93.2000 266.9953 14.16737042412017
1 40404U 95015R   23025.01074392  .00000891  00000-0  46741-3 0  1760
2 40404  98.8176  34.9485 0006195  93.0666 322.5506 14.16739262412165
1 40404U 95015R   23025.56486603  .00000785  00000-0  41452-3 0    15
2 40404  98.8208  35.5011 0006822  89.3741 270.8214 14.16739400409152
1 40404U 95015R   23026.48297961  .00000750  00000-0  39687-3 0  1777
2 40404  98.8208  36.4111 0006825  87.1887 273.0068 14.16740770412364
1 40404U 95015R   23026.48297961  .00000750  00000-0  39687-3 0    13
2 40404  98.8208  36.4111 0006825  87.1887 273.0068 14.16740770409281
1 40404U 95015R   23027.54234024  .00000654  00000-0  34910-3 0    19
2 40404  98.8208  37.4612 0006824  84.7463 275.4490 14.16742014409435
1 40404U 95015R   23027.82483619  .00000641  00000-0  34240-3 0  1783
2 40404  98.8208  37.7412 0006815  84.0751 276.1200 14.16742379412557
1 40404U 95015R   23027.89546019  .00000634  00000-0  33919-3 0    13
2 40404  98.8208  37.8113 0006813  83.8649 276.3301 14.16742452409481
1 40404U 95015R   23028.53107587  .00000562  00000-0  30284-3 0    10
2 40404  98.8209  38.4413 0006807  82.3537 277.8410 14.16743038409573
1 40404U 95015R   23028.81357163  .00000549  00000-0  29649-3 0    16
2 40404  98.8209  38.7214 0006802  81.6345 278.5601 14.16743349409619
1 40404U 95015R   23028.95481948  .00000540  00000-0  29215-3 0  1796
2 40404  98.8209  38.8614 0006799  81.2770 278.9174 14.16743506412716
1 40404U 95015R   23029.59043466  .00000511  00000-0  27733-3 0    11
2 40404  98.8209  39.4914 0006806  79.6249 280.5693 14.16744198409727
1 40404U 95015R   23030.01417806  .00000482  00000-0  26326-3 0  1805
2 40404  98.8209  39.9115 0006805  78.5001 281.6937 14.16744539412869
1 40404U 95015R   23030.50854513  .00000475  00000-0  25963-3 0    19
2 40404  98.8209  40.4016 0006805  77.2984 282.8951 14.16745078409855
1 40404U 95015R   23030.93228823  .00000462  00000-0  25307-3 0    13
2 40404  98.8209  40.8218 0006792  76.2567 283.9363 14.16745453409917
1 40404U 95015R   23031.28540728  .00000485  00000-0  26474-3 0  1813
2 40404  98.8209  41.1718 0006790  75.4456 284.7471 14.16745980413045
1 40404U 95015R   23031.49727862  .00000490  00000-0  26688-3 0    16
2 40404  98.8209  41.3818 0006787  74.9783 285.2142 14.16746279409993
1 40404U 95015R   23031.77977376  .00000486  00000-0  26526-3 0    10
2 40404  98.8209  41.6619 0006783  74.2968 285.8954 14.16746560410036
1 40404U 95015R   23032.48601135  .00000475  00000-0  25938-3 0  1820
2 40404  98.8209  42.3619 0006777  72.6176 287.5739 14.16747317413214
1 40404U 95015R   23032.48601135  .00000475  00000-0  25938-3 0    10
2 40404  98.8209  42.3619 0006777  72.6176 287.5739 14.16747317410132
1 40404U 95015R   23033.54536662  .00000493  00000-0  26864-3 0    19
2 40404  98.8209  43.4122 0006751  70.0442 290.1458 14.16748702410286
1 40404U 95015R   23033.54536662  .00000493  00000-0  26864-3 0  1830
2 40404  98.8209  43.4122 0006751  70.0442 290.1458 14.16748702413368
1 40404U 95015R   23033.96910852  .00000474  00000-0  25926-3 0    19
2 40404  98.8208  43.8322 0006738  69.0125 291.1770 14.16749091410349
1 40404U 95015R   23034.95783884  .00000535  00000-0  28930-3 0  1840
2 40404  98.8209  44.8123 0006719  66.5723 293.6158 14.16750618413566
1 40404U 95015R   23035.59345077  .00000527  00000-0  28561-3 0    18
2 40404  98.8209  45.4424 0006706  65.0621 295.1250 14.16751337410571
1 40404U 95015R   23036.01719196  .00000503  00000-0  27361-3 0  1857
2 40404  98.8209  45.8624 0006696  64.0068 296.1796 14.16751674413718
1 40404U 95015R   23036.51155639  .00000546  00000-0  29480-3 0    16
2 40404  98.8209  46.3525 0006687  62.8452 297.3403 14.16752475410701
1 40404U 95015R   23036.93529719  .00000540  00000-0  29177-3 0    13
2 40404  98.8210  46.7726 0006678  61.7799 298.4049 14.16752915410765
1 40404U 95015R   23037.57090792  .00000655  00000-0  34954-3 0    14
2 40404  98.8210  47.4027 0006671  60.1448 300.0388 14.16754326410858
1 40404U 95015R   23037.78277817  .00000657  00000-0  35061-3 0  1868
2 40404  98.8210  47.6127 0006671  59.5438 300.6395 14.16754565413966
1 40404U 95015R   23037.92402490  .00000669  00000-0  35664-3 0    19
2 40404  98.8210  47.7527 0006665  59.1995 300.9835 14.16754826410901
1 40404U 95015R   23038.55963479  .00000736  00000-0  38983-3 0    10
2 40404  98.8211  48.3828 0006645  57.7405 302.4413 14.16756090410994
1 40404U 95015R   23038.98337444  .00000782  00000-0  41315-3 0  1873
2 40404  98.8210  48.8029 0006629  56.6596 303.5212 14.16756966414133
1 40404U 95015R   23039.47773709  .00000787  00000-0  41564-3 0    12
2 40404  98.8211  49.2930 0006615  55.4728 304.7070 14.16757764411127
1 40404U 95015R   23039.61898329  .00000864  00000-0  45403-3 0    16
2 40404  98.8211  49.4330 0006610  55.1205 305.0590 14.16758449411149
1 40404U 95015R   23040.46646078  .00000946  00000-0  49466-3 0    17
2 40404  98.8211  50.2731 0006581  52.9887 307.1888 14.16760408411266
1 40404U 95015R   23040.74895297  .00001025  00000-0  53409-3 0  1884
2 40404  98.8212  50.5533 0006577  52.3029 307.8741 14.16761352414387
1 40404U 95015R   23040.74895297  .00001025  00000-0  53409-3 0    18
2 40404  98.8212  50.5533 0006577  52.3029 307.8741 14.16761352411306
1 40404U 95015R   23040.96082199  .00001087  00000-0  56530-3 0    17
2 40404  98.8212  50.7633 0006570  51.7535 308.4230 14.16762128411332
1 40404U 95015R   23041.45518292  .00001114  00000-0  57857-3 0    14
2 40404  98.8211  51.2533 0006563  50.5721 309.6034 14.16763251411403
1 40404U 95015R   23041.87892047  .00001148  00000-0  59567-3 0  1897
2 40404  98.8211  51.6734 0006550  49.4820 310.6925 14.16764299414545
1 40404U 95015R   23041.87892047  .00001148  00000-0  59567-3 0    10
2 40404  98.8211  51.6734 0006550  49.4820 310.6925 14.16764299411463
1 40404U 95015R   23042.72639457  .00001161  00000-0  60246-3 0    10
2 40404  98.8213  52.5137 0006532  47.3668 312.8056 14.16766216411582
1 40404U 95015R   23043.00888574  .00001205  00000-0  62441-3 0  1905
2 40404  98.8213  52.7937 0006524  46.6190 313.5527 14.16767075414707
1 40404U 95015R   23043.00888574  .00001205  00000-0  62441-3 0    16
2 40404  98.8213  52.7937 0006524  46.6190 313.5527 14.16767075411625
1 40404U 95015R   23044.28009400  .00001293  00000-0  66793-3 0  1911
2 40404  98.8213  54.0540 0006494  43.4146 316.7539 14.16770495414881
1 40404U 95015R   23044.28009400  .00001293  00000-0  66793-3 0    11
2 40404  98.8213  54.0540 0006494  43.4146 316.7539 14.16770495411800
1 40404U 95015R   23044.77445215  .00001280  00000-0  66167-3 0    14
2 40404  98.8214  54.5442 0006459  42.1734 317.9936 14.16771570411873
1 40404U 95015R   23045.76316661  .00001251  00000-0  64698-3 0  1922
2 40404  98.8213  55.5244 0006421  39.6643 320.5000 14.16773938415092
1 40404U 95015R   23045.76316661  .00001251  00000-0  64698-3 0    11
2 40404  98.8213  55.5244 0006421  39.6643 320.5000 14.16773938412011
1 40404U 95015R   23046.46939018  .00001229  00000-0  63604-3 0    17
2 40404  98.8214  56.2247 0006388  37.8934 322.2689 14.16775649412112
1 40404U 95015R   23046.75187882  .00001263  00000-0  65332-3 0    11
2 40404  98.8213  56.5047 0006344  37.2330 322.9283 14.16776690412156
1 40404U 95015R   23046.96374558  .00001333  00000-0  68788-3 0  1930
2 40404  98.8213  56.7148 0006340  36.5711 323.5895 14.16777611415266
1 40404U 95015R   23047.52872317  .00001301  00000-0  67198-3 0    16
2 40404  98.8213  57.2749 0006316  35.1874 324.9717 14.16778916412261
1 40404U 95015R   23047.74058956  .00001302  00000-0  67263-3 0    19
2 40404  98.8214  57.4850 0006308  34.6578 325.5006 14.16779467412296
1 40404U 95015R   23048.30556672  .00001120  00000-0  58171-3 0  1949
2 40404  98.8214  58.0452 0006287  33.1748 326.9819 14.16779844415457
1 40404U 95015R   23048.30556672  .00001120  00000-0  58171-3 0    16
2 40404  98.8214  58.0452 0006287  33.1748 326.9819 14.16779844412375
1 40404U 95015R   23048.72929900  .00001098  00000-0  57074-3 0    15
2 40404  98.8213  58.4652 0006273  32.0831 328.0724 14.16780785412437
1 40404U 95015R   23049.29427553  .00001006  00000-0  52490-3 0    11
2 40404  98.8213  59.0254 0006260  30.5809 329.5729 14.16781500412512
1 40404U 95015R   23049.78862927  .00000958  00000-0  50074-3 0  1958
2 40404  98.8215  59.5156 0006218  29.3025 330.8497 14.16782373415664
1 40404U 95015R   23050.56547068  .00000862  00000-0  45275-3 0    19
2 40404  98.8214  60.2858 0006192  27.2558 332.8940 14.16783481412696
1 40404U 95015R   23051.27168956  .00000840  00000-0  44180-3 0  1968
2 40404  98.8214  60.9859 0006150  25.5771 334.5707 14.16784726415872
1 40404U 95015R   23051.55417673  .00000778  00000-0  41051-3 0    11
2 40404  98.8214  61.2660 0006134  24.8497 335.2972 14.16785019412836
1 40404U 95015R   23052.26039467  .00000732  00000-0  38799-3 0    16
2 40404  98.8215  61.9663 0006090  23.2236 336.9213 14.16786100412931
1 40404U 95015R   23052.75474676  .00000693  00000-0  36829-3 0  1979
2 40404  98.8216  62.4564 0006058  21.9093 338.2340 14.16786826416089
1 40404U 95015R   23052.75474676  .00000693  00000-0  36829-3 0    13
2 40404  98.8216  62.4564 0006058  21.9093 338.2340 14.16786826413008
1 40404U 95015R   23053.46096383  .00000702  00000-0  37253-3 0    10
2 40404  98.8217  63.1566 0006026  20.0599 340.0812 14.16788071413105
1 40404U 95015R   23053.74345047  .00000644  00000-0  34405-3 0    16
2 40404  98.8217  63.4367 0006012  19.2758 340.8643 14.16788216413144
1 40404U 95015R   23053.95531527  .00000648  00000-0  34581-3 0  1985
2 40404  98.8217  63.6468 0006003  18.6804 341.4590 14.16788621416256
1 40404U 95015R   23053.95531527  .00000648  00000-0  34581-3 0    18
2 40404  98.8217  63.6468 0006003  18.6804 341.4590 14.16788621413174
1 40404U 95015R   23055.01463937  .00000718  00000-0  38090-3 0  1991
2 40404  98.8218  64.6971 0005950  15.7587 344.3771 14.16790553416400
1 40404U 95015R   23055.50899043  .00000649  00000-0  34626-3 0    12
2 40404  98.8219  65.1873 0005923  14.4025 345.7317 14.16790834413399
1 40404U 95015R   23055.79147661  .00000651  00000-0  34748-3 0    13
2 40404  98.8219  65.4675 0005909  13.6330 346.5003 14.16791205413435
1 40404U 95015R   23056.49769168  .00000683  00000-0  36310-3 0  2006
2 40404  98.8219  66.1677 0005873  11.7335 348.3975 14.16792349416610
1 40404U 95015R   23056.49769168  .00000683  00000-0  36310-3 0    15
2 40404  98.8219  66.1677 0005873  11.7335 348.3975 14.16792349413538
1 40404U 95015R   23056.78017756  .00000661  00000-0  35225-3 0    16
2 40404  98.8219  66.4478 0005857  10.9784 349.1517 14.16792605413571
1 40404U 95015R   23057.48639149  .00000776  00000-0  40980-3 0    11
2 40404  98.8219  67.1480 0005817   8.9948 351.1330 14.16794357413670
1 40404U 95015R   23057.76887705  .00000762  00000-0  40266-3 0  2019
2 40404  98.8219  67.4281 0005798   8.2417 351.8851 14.16794669416791
1 40404U 95015R   23057.76887705  .00000762  00000-0  40266-3 0    17
2 40404  98.8219  67.4281 0005798   8.2417 351.8851 14.16794669413710
1 40404U 95015R   23058.47508991  .00000886  00000-0  46462-3 0    14
2 40404  98.8219  68.1284 0005755   6.2822 353.8423 14.16796593413818
1 40404U 95015R   23058.75757180  .00001401  00000-0  72153-3 0    11
2 40404  98.8219  68.4085 0005742   5.4530 354.6705 14.16800757413857
1 40404U 95015R   23059.53440786  .00000885  00000-0  46393-3 0  2024
2 40404  98.8219  69.1788 0005698   3.3150 356.8061 14.16798553417044
1 40404U 95015R   23059.53440786  .00000885  00000-0  46393-3 0    11
2 40404  98.8219  69.1788 0005698   3.3150 356.8061 14.16798553413961
1 40404U 95015R   23059.74627133  .00000883  00000-0  46290-3 0    11
2 40404  98.8219  69.3889 0005687   2.7161 357.4043 14.16798904413998
1 40404U 95015R   23060.73496663  .00000829  00000-0  43627-3 0  2039
2 40404  98.8219  70.3693 0005632 359.8318   0.2853 14.16800442417215
1 40404U 95015R   23060.73496663  .00000829  00000-0  43627-3 0    15
2 40404  98.8219  70.3693 0005632 359.8318   0.2853 14.16800442414133
1 40404U 95015R   23061.58241874  .00000860  00000-0  45157-3 0    16
2 40404  98.8218  71.2096 0005585 357.4390   2.6755 14.16802189414250
1 40404U 95015R   23062.28862761  .00000984  00000-0  51337-3 0  2047
2 40404  98.8218  71.9098 0005543 355.5694   4.5431 14.16804326417439
1 40404U 95015R   23062.50049020  .00000978  00000-0  51037-3 0    12
2 40404  98.8218  72.1199 0005533 354.9812   5.1306 14.16804746414383
1 40404U 95015R   23063.41855997  .00001106  00000-0  57448-3 0  2053
2 40404  98.8218  73.0303 0005480 352.2611   7.8478 14.16807543417592
1 40404U 95015R   23063.41855997  .00001106  00000-0  57448-3 0    17
2 40404  98.8218  73.0303 0005480 352.2611   7.8478 14.16807543414511
1 40404U 95015R   23063.48918076  .00001092  00000-0  56751-3 0    12
2 40404  98.8218  73.1003 0005477 352.0385   8.0702 14.16807607414526
1 40404U 95015R   23064.47786987  .00001166  00000-0  60409-3 0  2060
2 40404  98.8217  74.0808 0005423 349.0424  11.0631 14.16810292417745
1 40404U 95015R   23064.47786987  .00001166  00000-0  60409-3 0    13
2 40404  98.8217  74.0808 0005423 349.0424  11.0631 14.16810292414663
1 40404U 95015R   23064.83097263  .00001241  00000-0  64158-3 0    14
2 40404  98.8217  74.4309 0005408 347.9140  12.1904 14.16811524414718
1 40404U 95015R   23065.74903873  .00001168  00000-0  60535-3 0  2079
2 40404  98.8218  75.3413 0005356 345.0951  15.0065 14.16813408417925
1 40404U 95015R   23066.94958363  .00001357  00000-0  69941-3 0    18
2 40404  98.8218  76.5318 0005292 341.4201  18.6779 14.16817668415010
1 40404U 95015R   23066.94958363  .00001357  00000-0  69941-3 0  2087
2 40404  98.8218  76.5318 0005292 341.4201  18.6779 14.16817668418091
1 40404U 95015R   23067.51454510  .00001487  00000-0  76446-3 0    19
2 40404  98.8219  77.0920 0005261 339.6977  20.3988 14.16819892415092
1 40404U 95015R   23068.07950437  .00001901  00000-0  97092-3 0  2091
2 40404  98.8219  77.6523 0005232 337.9155  22.1793 14.16824124418253
1 40404U 95015R   23068.92694582  .00001444  00000-0  74271-3 0    17
2 40404  98.8220  78.4927 0005196 335.3495  24.7431 14.16823630415299
1 40404U 95015R   23069.42128506  .00001425  00000-0  73345-3 0  2103
2 40404  98.8221  78.9829 0005161 333.8406  26.2507 14.16824991418445
1 40404U 95015R   23069.77438441  .00001338  00000-0  68977-3 0    19
2 40404  98.8220  79.3331 0005125 332.6745  27.4159 14.16825493415418
1 40404U 95015R   23070.26872258  .00001410  00000-0  72594-3 0    14
2 40404  98.8221  79.8233 0005104 331.1516  28.9376 14.16827410415487
1 40404U 95015R   23070.97491964  .00001239  00000-0  64036-3 0  2117
2 40404  98.8221  80.5237 0005070 328.8637  31.2236 14.16828541418660
1 40404U 95015R   23070.97491964  .00001239  00000-0  64036-3 0    14
2 40404  98.8221  80.5237 0005070 328.8637  31.2236 14.16828541415588
1 40404U 95015R   23072.45793004  .00001156  00000-0  59925-3 0  2122
2 40404  98.8221  81.9944 0005004 324.0297  36.0540 14.16832389418876
1 40404U 95015R   23072.45793004  .00001156  00000-0  59925-3 0    18
2 40404  98.8221  81.9944 0005004 324.0297  36.0540 14.16832389415794
1 40404U 95015R   23073.51722092  .00001159  00000-0  60052-3 0  2136
2 40404  98.8220  83.0449 0004957 320.6218  39.4595 14.16835255419029
1 40404U 95015R   23073.51722092  .00001159  00000-0  60052-3 0    11
2 40404  98.8220  83.0449 0004957 320.6218  39.4595 14.16835255415946
1 40404U 95015R   23074.50589066  .00001151  00000-0  59630-3 0    15
2 40404  98.8219  84.0253 0004909 317.4423  42.6371 14.16837771416086
1 40404U 95015R   23074.78836757  .00001081  00000-0  56139-3 0  2146
2 40404  98.8219  84.3055 0004898 316.4875  43.5912 14.16838053419208
1 40404U 95015R   23074.85898675  .00001077  00000-0  55946-3 0    15
2 40404  98.8219  84.3755 0004874 316.1108  43.9679 14.16838215416138
1 40404U 95015R   23075.49455925  .00001025  00000-0  53388-3 0    14
2 40404  98.8219  85.0059 0004851 314.1071  45.9704 14.16839448416225
1 40404U 95015R   23075.84765478  .00000992  00000-0  51704-3 0  2159
2 40404  98.8219  85.3560 0004828 312.8543  47.2225 14.16840077419358
1 40404U 95015R   23075.84765478  .00000992  00000-0  51704-3 0    12
2 40404  98.8219  85.3560 0004828 312.8543  47.2225 14.16840077416276
1 40404U 95015R   23076.48322648  .00000959  00000-0  50052-3 0    19
2 40404  98.8219  85.9863 0004800 310.7021  49.3736 14.16841320416368
1 40404U 95015R   23076.83632145  .00000944  00000-0  49310-3 0    13
2 40404  98.8218  86.3365 0004794 309.5530  50.5220 14.16842037416416
1 40404U 95015R   23076.97755941  .00000936  00000-0  48944-3 0  2169
2 40404  98.8218  86.4766 0004793 309.0731  51.0017 14.16842321419519
1 40404U 95015R   23077.75436793  .00000870  00000-0  45622-3 0    16
2 40404  98.8218  87.2470 0004756 306.3060  53.7675 14.16843620416546
1 40404U 95015R   23078.53117541  .00000875  00000-0  45892-3 0  2173
2 40404  98.8219  88.0173 0004733 303.5871  56.4851 14.16845336419736
1 40404U 95015R   23078.53117541  .00000875  00000-0  45892-3 0    14
2 40404  98.8219  88.0173 0004733 303.5871  56.4851 14.16845336416654
1 40404U 95015R   23078.74303192  .00000867  00000-0  45495-3 0    16
2 40404  98.8218  88.2274 0004723 302.8157  57.2562 14.16845704416685
1 40404U 95015R   23079.51983863  .00000814  00000-0  42854-3 0    19
2 40404  98.8219  88.9978 0004704 300.1077  59.9630 14.16846956416792
1 40404U 95015R   23079.73169488  .00000812  00000-0  42730-3 0  2183
2 40404  98.8219  89.2080 0004692 299.3072  60.7633 14.16847329419904
1 40404U 95015R   23079.73169488  .00000812  00000-0  42730-3 0    13
2 40404  98.8219  89.2080 0004692 299.3072  60.7633 14.16847329416822
1 40404U 95015R   23080.50850066  .00000789  00000-0  41595-3 0    10
2 40404  98.8219  89.9784 0004666 296.4926  63.5769 14.16848664416933
1 40404U 95015R   23080.79097545  .00000782  00000-0  41224-3 0  2199
2 40404  98.8219  90.2586 0004649 295.2781  64.7911 14.16849071420058
1 40404U 95015R   23080.93221260  .00000798  00000-0  42028-3 0    17
2 40404  98.8219  90.3986 0004659 294.8421  65.2269 14.16849452416993
1 40404U 95015R   23081.99149195  .00000827  00000-0  43484-3 0  2203
2 40404  98.8217  91.4491 0004623 291.6732  68.3949 14.16851393420222
1 40404U 95015R   23081.92087335  .00000830  00000-0  43615-3 0    10
2 40404  98.8218  91.3791 0004630 292.0082  68.0600 14.16851288417136
1 40404U 95015R   23082.55644017  .00000908  00000-0  47529-3 0    10
2 40404  98.8218  92.0094 0004610 289.5661  70.5015 14.16852836417220
1 40404U 95015R   23083.26261783  .00002498  00000-0  12677-2 0  2219
2 40404  98.8218  92.7097 0004597 287.0417  73.0254 14.16864737420406
1 40404U 95015R   23083.47447887  .00001145  00000-0  59355-3 0  2227
2 40404  98.8219  92.9198 0004593 286.1990  73.8679 14.16856163420439
1 40404U 95015R   23083.54509720  .00001147  00000-0  59422-3 0    12
2 40404  98.8218  92.9898 0004592 285.9422  74.1246 14.16856327417365
1 40404U 95015R   23083.75695219  .00001148  00000-0  59465-3 0    12
2 40404  98.8219  93.2000 0004593 285.1387  74.9279 14.16856764417390
1 40404U 95015R   23084.53375377  .00001062  00000-0  55180-3 0  2230
2 40404  98.8219  93.9704 0004594 282.3902  77.6758 14.16857862420588
1 40404U 95015R   23084.88684500  .00001037  00000-0  53966-3 0    15
2 40404  98.8219  94.3206 0004590 281.1600  78.9058 14.16858457417559
1 40404U 95015R   23085.59302699  .00001002  00000-0  52197-3 0  2244
2 40404  98.8219  95.0209 0004579 278.5823  81.4832 14.16859727420738
1 40404U 95015R   23085.94611771  .00000969  00000-0  50567-3 0    10
2 40404  98.8219  95.3711 0004578 277.3360  82.7294 14.16860276417701
1 40404U 95015R   23086.58168052  .00000919  00000-0  48075-3 0    16
2 40404  98.8219  96.0014 0004561 274.9557  85.1097 14.16861339417796
1 40404U 95015R   23086.93477066  .00000936  00000-0  48886-3 0    12
2 40404  98.8219  96.3516 0004563 273.7197  86.3455 14.16862164417849
1 40404U 95015R   23087.00538869  .00000935  00000-0  48836-3 0  2252
2 40404  98.8219  96.4217 0004563 273.4799  86.5853 14.16862308420931
1 40404U 95015R   23087.57033277  .00000945  00000-0  49327-3 0    16
2 40404  98.8218  96.9820 0004563 271.6457  88.4195 14.16863477417930
1 40404U 95015R   23087.78218648  .00000975  00000-0  50859-3 0    11
2 40404  98.8218  97.1921 0004563 270.8510  89.2141 14.16864107417960
1 40404U 95015R   23088.48836563  .00001069  00000-0  55540-3 0  2267
2 40404  98.8217  97.8924 0004560 268.2214  91.8438 14.16866059421149
1 40404U 95015R   23088.84145476  .00001057  00000-0  54912-3 0    13
2 40404  98.8217  98.2426 0004564 266.8067  93.2585 14.16866746418110
1 40404U 95015R   23089.54763276  .00001057  00000-0  54919-3 0  2272
2 40404  98.8217  98.9430 0004565 264.0778  95.9876 14.16868217421292
1 40404U 95015R   23089.54763276  .00001057  00000-0  54919-3 0    12
2 40404  98.8217  98.9430 0004565 264.0778  95.9876 14.16868217418210
1 40404U 95015R   23090.81875131  .00001038  00000-0  53979-3 0  2283
2 40404  98.8216 100.2037 0004585 259.6054 100.4604 14.16870678421475
1 40404U 95015R   23091.45430997  .00000931  00000-0  48655-3 0    16
2 40404  98.8216 100.8340 0004594 257.2993 102.7668 14.16871347418480
1 40404U 95015R   23091.73678028  .00000931  00000-0  48648-3 0    18
2 40404  98.8216 101.1142 0004598 256.3616 103.7047 14.16871873418521
1 40404U 95015R   23092.44295553  .00000904  00000-0  47290-3 0  2299
2 40404  98.8215 101.8146 0004608 253.8380 106.2287 14.16873127421705
1 40404U 95015R   23092.58419050  .00000903  00000-0  47266-3 0    14
2 40404  98.8215 101.9546 0004610 253.3405 106.7264 14.16873393418640
1 40404U 95015R   23092.93727802  .00000854  00000-0  44809-3 0    15
2 40404  98.8215 102.3049 0004619 252.0954 107.9717 14.16873749418693
1 40404U 95015R   23093.50221740  .00000836  00000-0  43892-3 0  2304
2 40404  98.8215 102.8652 0004629 250.0558 110.0118 14.16874762421855
1 40404U 95015R   23093.50221740  .00000836  00000-0  43892-3 0    10
2 40404  98.8215 102.8652 0004629 250.0558 110.0118 14.16874762418772
1 40404U 95015R   23093.78468688  .00000861  00000-0  45149-3 0    19
2 40404  98.8215 103.1453 0004634 249.0394 111.0284 14.16875445418816
1 40404U 95015R   23094.49086042  .00000818  00000-0  43007-3 0    11
2 40404  98.8214 103.8456 0004644 246.4903 113.5784 14.16876577418913
1 40404U 95015R   23094.98518152  .00000806  00000-0  42384-3 0  2316
2 40404  98.8214 104.3359 0004660 244.7498 115.3194 14.16877427422060
1 40404U 95015R   23095.55011954  .00000760  00000-0  40115-3 0    12
2 40404  98.8214 104.8962 0004675 242.6859 117.3839 14.16878261419060
1 40404U 95015R   23095.76197121  .00000750  00000-0  39614-3 0    17
2 40404  98.8214 105.1063 0004682 241.9351 118.1350 14.16878579419095
1 40404U 95015R   23096.25629158  .00000712  00000-0  37709-3 0  2329
2 40404  98.8214 105.5966 0004698 240.1597 119.9110 14.16879280422245
1 40404U 95015R   23096.46814313  .00000691  00000-0  36671-3 0    18
2 40404  98.8214 105.8067 0004706 239.4430 120.6280 14.16879553419197
1 40404U 95015R   23096.96246311  .00000681  00000-0  36169-3 0    11
2 40404  98.8214 106.2969 0004723 237.8201 122.2515 14.16880353419267
1 40404U 95015R   23097.45678278  .00000686  00000-0  36417-3 0  2335
2 40404  98.8215 106.7872 0004740 236.0743 123.9981 14.16881255422415
1 40404U 95015R   23097.45678278  .00000686  00000-0  36417-3 0    18
2 40404  98.8215 106.7872 0004740 236.0743 123.9981 14.16881255419332
1 40404U 95015R   23098.51603879  .00000658  00000-0  35013-3 0    11
2 40404  98.8215 107.8378 0004781 232.4563 127.6178 14.16882737419481
1 40404U 95015R   23098.58665580  .00000657  00000-0  34964-3 0  2346
2 40404  98.8215 107.9079 0004784 232.1837 127.8905 14.16882835422577
1 40404U 95015R   23098.93974090  .00000656  00000-0  34933-3 0    11
2 40404  98.8214 108.2580 0004792 231.1063 128.9685 14.16883337419544
1 40404U 95015R   23099.78714471  .00000669  00000-0  35592-3 0  2355
2 40404  98.8214 109.0985 0004825 228.2065 131.8698 14.16884590422743
1 40404U 95015R   23099.78714471  .00000669  00000-0  35592-3 0    16
2 40404  98.8214 109.0985 0004825 228.2065 131.8698 14.16884590419660
1 40404U 95015R   23100.49331388  .00000699  00000-0  37052-3 0    15
2 40404  98.8213 109.7989 0004851 225.6747 134.4030 14.16885800419762
1 40404U 95015R   23100.77578140  .00000681  00000-0  36159-3 0    13
2 40404  98.8213 110.0791 0004866 224.7141 135.3642 14.16886099419807
1 40404U 95015R   23100.98763199  .00000678  00000-0  36012-3 0  2360
2 40404  98.8213 110.2892 0004876 224.0132 136.0655 14.16886407422916
1 40404U 95015R   23101.48194985  .00000697  00000-0  36965-3 0    15
2 40404  98.8213 110.7794 0004901 222.2613 137.8184 14.16887251419904
1 40404U 95015R   23101.90565068  .00000680  00000-0  36092-3 0    19
2 40404  98.8212 111.1996 0004924 220.8901 139.1904 14.16887774419962
1 40404U 95015R   23102.47058477  .00000647  00000-0  34474-3 0  2379
2 40404  98.8212 111.7599 0004955 218.9516 141.1302 14.16888482423126
1 40404U 95015R   23103.03551841  .00000677  00000-0  35973-3 0    12
2 40404  98.8211 112.3202 0004986 217.1791 142.9039 14.16889529420129
1 40404U 95015R   23103.74168513  .00000668  00000-0  35515-3 0  2384
2 40404  98.8211 113.0206 0005020 214.8609 145.2238 14.16890536423303
1 40404U 95015R   23103.95353494  .00000672  00000-0  35724-3 0    16
2 40404  98.8210 113.2308 0005032 214.1924 145.8927 14.16890917420258
1 40404U 95015R   23104.94216682  .00000792  00000-0  41705-3 0  2395
2 40404  98.8210 114.2113 0005090 210.9994 149.0881 14.16893154423476
1 40404U 95015R   23105.50709903  .00000834  00000-0  43774-3 0    13
2 40404  98.8210 114.7716 0005121 209.1267 150.9622 14.16894241420477
1 40404U 95015R   23105.78956484  .00000842  00000-0  44177-3 0    18
2 40404  98.8209 115.0517 0005136 208.2228 151.8668 14.16894752420513
1 40404U 95015R   23106.49572910  .00000900  00000-0  47068-3 0  2407
2 40404  98.8209 115.7521 0005181 205.9545 154.1370 14.16896268423693
1 40404U 95015R   23106.56634548  .00000901  00000-0  47130-3 0    17
2 40404  98.8209 115.8222 0005186 205.7352 154.3565 14.16896395420620
1 40404U 95015R   23106.77819451  .00000914  00000-0  47795-3 0    19
2 40404  98.8209 116.0323 0005183 205.2124 154.8798 14.16896851420657
1 40404U 95015R   23107.55497389  .00000950  00000-0  49576-3 0    17
2 40404  98.8208 116.8027 0005232 202.6891 157.4052 14.16898533420765
1 40404U 95015R   23107.76682253  .00000985  00000-0  51320-3 0  2410
2 40404  98.8207 117.0129 0005244 202.0035 158.0915 14.16899159423872
1 40404U 95015R   23107.90805497  .00000987  00000-0  51428-3 0    18
2 40404  98.8207 117.1529 0005252 201.5801 158.5152 14.16899470420816
1 40404U 95015R   23107.97867119  .00000987  00000-0  51402-3 0    16
2 40404  98.8207 117.2230 0005257 201.3745 158.7211 14.16899615420826
1 40404U 95015R   23108.82606524  .00000961  00000-0  50110-3 0  2426
2 40404  98.8207 118.0635 0005313 198.6989 161.3991 14.16901203424023
1 40404U 95015R   23109.24976180  .00001029  00000-0  53482-3 0    15
2 40404  98.8206 118.4837 0005345 197.4383 162.6608 14.16902467421007
1 40404U 95015R   23109.81469018  .00000966  00000-0  50365-3 0    11
2 40404  98.8206 119.0440 0005378 195.7857 164.3151 14.16903325421081
1 40404U 95015R   23109.95592220  .00000962  00000-0  50135-3 0  2437
2 40404  98.8206 119.1841 0005384 195.3926 164.7085 14.16903604424181
1 40404U 95015R   23110.45023450  .00000868  00000-0  45457-3 0    16
2 40404  98.8207 119.6743 0005422 193.8560 166.2466 14.16904019421175
1 40404U 95015R   23110.59146639  .00000851  00000-0  44612-3 0    10
2 40404  98.8206 119.8144 0005418 193.4360 166.6671 14.16904218421195
1 40404U 95015R   23110.94454625  .00000833  00000-0  43744-3 0    11
2 40404  98.8206 120.1645 0005437 192.3977 167.7064 14.16904777421243
1 40404U 95015R   23111.50947358  .00000826  00000-0  43369-3 0  2448
2 40404  98.8206 120.7248 0005462 190.7062 169.3996 14.16905825424401
1 40404U 95015R   23111.58008947  .00000824  00000-0  43280-3 0    19
2 40404  98.8206 120.7949 0005466 190.4974 169.6087 14.16905941421334
1 40404U 95015R   23112.70994309  .00000771  00000-0  40609-3 0    13
2 40404  98.8205 121.9154 0005549 187.0819 173.0277 14.16907680421495
1 40404U 95015R   23112.99240638  .00000802  00000-0  42191-3 0    16
2 40404  98.8205 122.1956 0005570 186.2685 173.8421 14.16908317421536
1 40404U 95015R   23113.76917937  .00000834  00000-0  43771-3 0    15
2 40404  98.8204 122.9660 0005646 184.0067 176.1063 14.16909919421648
1 40404U 95015R   23113.76917937  .00000834  00000-0  43771-3 0  2466
2 40404  98.8204 122.9660 0005646 184.0067 176.1063 14.16909919424720
1 40404U 95015R   23114.47533296  .00001430  00000-0  73469-3 0    16
2 40404  98.8204 123.6663 0005682 181.9952 178.1201 14.16915354421745
1 40404U 95015R   23114.96964454  .00000859  00000-0  45019-3 0  2470
2 40404  98.8204 124.1566 0005714 180.6348 179.4820 14.16912499424891
1 40404U 95015R   23115.25210694  .00000821  00000-0  43144-3 0    17
2 40404  98.8204 124.4367 0005739 179.8067 180.3111 14.16912779421856
1 40404U 95015R   23116.24072433  .00000706  00000-0  37396-3 0    18
2 40404  98.8203 125.4172 0005805 177.0673 183.0537 14.16913903421994
1 40404U 95015R   23118.00610973  .00000666  00000-0  35381-3 0  2492
2 40404  98.8201 127.1681 0005893 172.0746 188.0522 14.16916663425325
1 40404U 95015R   23118.50041730  .00000633  00000-0  33732-3 0    14
2 40404  98.8201 127.6584 0005936 170.7237 189.4048 14.16917221422315
1 40404U 95015R   23119.48903135  .00000592  00000-0  31712-3 0  2504
2 40404  98.8200 128.6388 0006006 167.9807 192.1512 14.16918554425531
1 40404U 95015R   23119.55964660  .00000590  00000-0  31591-3 0    19
2 40404  98.8200 128.7088 0006009 167.7825 192.3496 14.16918645422463
1 40404U 95015R   23120.47764448  .00000574  00000-0  30815-3 0    14
2 40404  98.8199 129.6192 0006076 165.3417 194.7935 14.16919939422596
1 40404U 95015R   23120.68949004  .00000567  00000-0  30462-3 0  2517
2 40404  98.8199 129.8293 0006087 164.7737 195.3622 14.16920181425707
1 40404U 95015R   23121.53687200  .00000547  00000-0  29450-3 0    15
2 40404  98.8199 130.6696 0006124 162.4407 197.6980 14.16921213422745
1 40404U 95015R   23121.81933245  .00000554  00000-0  29832-3 0  2529
2 40404  98.8199 130.9498 0006147 161.7293 198.4104 14.16921618425860
1 40404U 95015R   23121.81933245  .00000554  00000-0  29832-3 0    11
2 40404  98.8199 130.9498 0006147 161.7293 198.4104 14.16921618422788
1 40404U 95015R   23122.45486822  .00000571  00000-0  30671-3 0    18
2 40404  98.8199 131.5801 0006179 160.0316 200.1102 14.16922570422873
1 40404U 95015R   23123.01978879  .00000548  00000-0  29515-3 0  2537
2 40404  98.8198 132.1403 0006205 158.5178 201.6258 14.16923121426038
1 40404U 95015R   23123.51409413  .00000544  00000-0  29319-3 0    14
2 40404  98.8198 132.6305 0006244 157.1634 202.9819 14.16923673423024
1 40404U 95015R   23123.93778413  .00000537  00000-0  28975-3 0    18
2 40404  98.8198 133.0507 0006263 156.0378 204.1089 14.16924141423087
1 40404U 95015R   23124.50270385  .00000575  00000-0  30835-3 0  2547
2 40404  98.8198 133.6110 0006307 154.5741 205.5745 14.16925052426246
1 40404U 95015R   23124.57331876  .00000579  00000-0  31062-3 0    14
2 40404  98.8197 133.6810 0006303 154.3017 205.8472 14.16925174423176
1 40404U 95015R   23124.78516365  .00000586  00000-0  31402-3 0    11
2 40404  98.8197 133.8912 0006325 153.8455 206.3040 14.16925424423204
1 40404U 95015R   23125.84438701  .00000621  00000-0  33144-3 0  2552
2 40404  98.8196 134.9417 0006395 151.1427 209.0103 14.16926981426439
1 40404U 95015R   23125.84438701  .00000621  00000-0  33144-3 0    11
2 40404  98.8196 134.9417 0006395 151.1427 209.0103 14.16926981423357
1 40404U 95015R   23126.47992026  .00000792  00000-0  41662-3 0    19
2 40404  98.8196 135.5721 0006422 149.5632 210.5916 14.16928822423447
1 40404U 95015R   23126.97422372  .00000741  00000-0  39130-3 0  2569
2 40404  98.8196 136.0623 0006453 148.3877 211.7686 14.16929245426592
1 40404U 95015R   23127.53914178  .00000725  00000-0  38326-3 0    18
2 40404  98.8195 136.6225 0006488 146.9523 213.2058 14.16929933423596
1 40404U 95015R   23127.75098589  .00000726  00000-0  38382-3 0    14
2 40404  98.8195 136.8326 0006498 146.4309 213.7278 14.16930233423626
1 40404U 95015R   23128.45713267  .00000704  00000-0  37262-3 0  2574
2 40404  98.8195 137.5330 0006534 144.6571 215.5038 14.16931153426800
1 40404U 95015R   23128.95143506  .00000674  00000-0  35767-3 0    13
2 40404  98.8194 138.0232 0006558 143.4325 216.7298 14.16931711423792
1 40404U 95015R   23129.51635200  .00000672  00000-0  35697-3 0  2587
2 40404  98.8194 138.5834 0006588 141.9932 218.1708 14.16932463426953
1 40404U 95015R   23129.58696658  .00000672  00000-0  35701-3 0    10
2 40404  98.8194 138.6535 0006591 141.8128 218.3514 14.16932557423882
1 40404U 95015R   23130.01065404  .00000674  00000-0  35781-3 0    19
2 40404  98.8194 139.0737 0006613 140.7319 219.4336 14.16933130423945
1 40404U 95015R   23130.57557006  .00000748  00000-0  39483-3 0    19
2 40404  98.8193 139.6339 0006644 139.3087 220.8585 14.16934380424028
1 40404U 95015R   23131.28171493  .00000743  00000-0  39207-3 0    19
2 40404  98.8193 140.3342 0006682 137.5349 222.6344 14.16935331424125
1 40404U 95015R   23131.77601580  .00000747  00000-0  39422-3 0  2608
2 40404  98.8192 140.8245 0006707 136.2994 223.8712 14.16936125427274
1 40404U 95015R   23131.77601580  .00000747  00000-0  39422-3 0    11
2 40404  98.8192 140.8245 0006707 136.2994 223.8712 14.16936125424192
1 40404U 95015R   23131.98785915  .00000738  00000-0  38946-3 0    19
2 40404  98.8192 141.0345 0006715 135.7777 224.3935 14.16936357424222
1 40404U 95015R   23132.83523093  .00000776  00000-0  40875-3 0  2615
2 40404  98.8191 141.8749 0006754 133.7417 226.4317 14.16938018427427
1 40404U 95015R   23132.83523093  .00000776  00000-0  40875-3 0    17
2 40404  98.8191 141.8749 0006754 133.7417 226.4317 14.16938018424345
1 40404U 95015R   23133.54137391  .00000661  00000-0  35106-3 0    12
2 40404  98.8191 142.5753 0006779 132.0534 228.1218 14.16938508424441
1 40404U 95015R   23133.82383089  .00000646  00000-0  34392-3 0    19
2 40404  98.8190 142.8554 0006787 131.3616 228.8143 14.16938863424486
1 40404U 95015R   23133.96505934  .00000640  00000-0  34094-3 0  2621
2 40404  98.8190 142.9954 0006790 131.0243 229.1520 14.16939067427582
1 40404U 95015R   23134.52997299  .00000601  00000-0  32141-3 0    12
2 40404  98.8190 143.5556 0006821 129.6955 230.4822 14.16939751424582
1 40404U 95015R   23134.74181553  .00000593  00000-0  31719-3 0    14
2 40404  98.8189 143.7658 0006824 129.1523 231.0259 14.16940010424619
1 40404U 95015R   23135.30672865  .00000592  00000-0  31689-3 0  2633
2 40404  98.8189 144.3259 0006846 127.7437 232.4358 14.16940887427772
1 40404U 95015R   23135.30672865  .00000592  00000-0  31689-3 0    13
2 40404  98.8189 144.3259 0006846 127.7437 232.4358 14.16940887424690
1 40404U 95015R   23136.01286971  .00000568  00000-0  30489-3 0    11
2 40404  98.8188 145.0263 0006873 126.0017 234.1795 14.16941798424795
1 40404U 95015R   23136.78962462  .00000536  00000-0  28912-3 0  2645
2 40404  98.8188 145.7966 0006903 124.1089 236.0741 14.16942627427982
1 40404U 95015R   23137.84883487  .00000501  00000-0  27174-3 0    12
2 40404  98.8187 146.8470 0006938 121.5120 238.6733 14.16943828425057
1 40404U 95015R   23137.99006282  .00000497  00000-0  26949-3 0  2653
2 40404  98.8187 146.9871 0006943 121.1897 238.9959 14.16943994428157
1 40404U 95015R   23138.55497447  .00000465  00000-0  25364-3 0    16
2 40404  98.8187 147.5473 0006961 119.8469 240.3398 14.16944565425157
1 40404U 95015R   23139.26111367  .00000470  00000-0  25613-3 0  2665
2 40404  98.8186 148.2475 0006985 118.2614 241.9266 14.16945459428334
1 40404U 95015R   23139.89663852  .00000461  00000-0  25181-3 0    12
2 40404  98.8185 148.8777 0007008 116.8742 243.3150 14.16946211425340
1 40404U 95015R   23141.02645927  .00000549  00000-0  29535-3 0  2671
2 40404  98.8185 149.9982 0007034 114.2156 245.9754 14.16948159428580
1 40404U 95015R   23141.23830063  .00000567  00000-0  30453-3 0    18
2 40404  98.8185 150.2082 0007041 113.7553 246.4361 14.16948484425532
1 40404U 95015R   23141.73259697  .00000558  00000-0  29967-3 0    19
2 40404  98.8185 150.6985 0007047 112.5280 247.6641 14.16948989425600
1 40404U 95015R   23141.94443808  .00000575  00000-0  30811-3 0    10
2 40404  98.8185 150.9085 0007050 112.0176 248.1748 14.16949362425630
1 40404U 95015R   23142.57996139  .00000607  00000-0  32448-3 0  2689
2 40404  98.8184 151.5387 0007076 110.5560 249.6374 14.16950292428806
1 40404U 95015R   23142.79180244  .00000606  00000-0  32372-3 0    15
2 40404  98.8184 151.7488 0007082 110.0979 250.0958 14.16950516425750
1 40404U 95015R   23143.78039335  .00000600  00000-0  32082-3 0  2697
2 40404  98.8184 152.7292 0007105 107.8120 252.3830 14.16951695428972
1 40404U 95015R   23143.78039335  .00000600  00000-0  32082-3 0    11
2 40404  98.8184 152.7292 0007105 107.8120 252.3830 14.16951695425890
1 40404U 95015R   23144.55714275  .00000564  00000-0  30298-3 0    16
2 40404  98.8184 153.4995 0007123 106.0312 254.1647 14.16952503426001
1 40404U 95015R   23145.96941282  .00000502  00000-0  27215-3 0  2707
2 40404  98.8182 154.8999 0007137 102.7450 257.4522 14.16954031429288
1 40404U 95015R   23146.46370703  .00000473  00000-0  25742-3 0    19
2 40404  98.8182 155.3901 0007145 101.5985 258.5992 14.16954496426270
1 40404U 95015R   23146.60493389  .00000468  00000-0  25521-3 0    10
2 40404  98.8182 155.5302 0007146 101.2664 258.9314 14.16954639426292
1 40404U 95015R   23147.24045469  .00000432  00000-0  23735-3 0  2718
2 40404  98.8181 156.1603 0007158  99.7841 260.4142 14.16955170429463
1 40404U 95015R   23147.94658860  .00000435  00000-0  23848-3 0    19
2 40404  98.8181 156.8606 0007162  98.0488 262.1499 14.16955933426487
1 40404U 95015R   23148.01720197  .00000434  00000-0  23824-3 0    14
2 40404  98.8181 156.9306 0007163  97.8910 262.3078 14.16956008426493
1 40404U 95015R   23148.51149541  .00000486  00000-0  26378-3 0  2721
2 40404  98.8180 157.4208 0007174  96.7733 263.4258 14.16956801429645
1 40404U 95015R   23148.93517541  .00000494  00000-0  26799-3 0    12
2 40404  98.8179 157.8409 0007176  95.7583 264.4410 14.16957252426621
1 40404U 95015R   23149.57069526  .00000466  00000-0  25396-3 0    19
2 40404  98.8179 158.4712 0007184  94.1627 266.0368 14.16957713426718
1 40404U 95015R   23149.57069526  .00000466  00000-0  25396-3 0  2730
2 40404  98.8179 158.4712 0007184  94.1627 266.0368 14.16957713429799
1 40404U 95015R   23150.27682806  .00000453  00000-0  24750-3 0    19
2 40404  98.8179 159.1714 0007191  92.5914 267.6084 14.16958314426818
1 40404U 95015R   23150.84173386  .00000464  00000-0  25320-3 0  2748
2 40404  98.8179 159.7316 0007186  91.3190 268.8807 14.16958979429972
1 40404U 95015R   23151.54786566  .00000490  00000-0  26592-3 0    15
2 40404  98.8178 160.4318 0007187  89.6467 270.5531 14.16959937426998
1 40404U 95015R   23151.75970514  .00000486  00000-0  26398-3 0    15
2 40404  98.8179 160.6419 0007178  89.1913 271.0084 14.16960133427028
1 40404U 95015R   23151.97154456  .00000484  00000-0  26279-3 0  2757
2 40404  98.8178 160.8520 0007175  88.6775 271.5222 14.16960376430133
1 40404U 95015R   23151.97154456  .00000484  00000-0  26279-3 0    14
2 40404  98.8178 160.8520 0007175  88.6775 271.5222 14.16960376427050
1 40404U 95015R   23152.46583639  .00000500  00000-0  27080-3 0    18
2 40404  98.8179 161.3422 0007169  87.5440 272.6555 14.16961047427123
1 40404U 95015R   23153.45441961  .00000516  00000-0  27865-3 0  2761
2 40404  98.8179 162.3225 0007161  85.1952 275.0039 14.16962216430340
1 40404U 95015R   23154.51361518  .00000488  00000-0  26514-3 0  2777
2 40404  98.8179 163.3726 0007155  82.9245 277.2743 14.16963178430490
1 40404U 95015R   23154.93729316  .00000494  00000-0  26807-3 0    14
2 40404  98.8178 163.7928 0007151  81.8177 278.3809 14.16963636427473
1 40404U 95015R   23155.57280988  .00000474  00000-0  25812-3 0    15
2 40404  98.8178 164.4230 0007148  80.3768 279.8214 14.16964201427568
1 40404U 95015R   23155.57280988  .00000474  00000-0  25812-3 0  2781
2 40404  98.8178 164.4230 0007148  80.3768 279.8214 14.16964201430641
1 40404U 95015R   23156.56139066  .00000483  00000-0  26245-3 0    16
2 40404  98.8178 165.4033 0007138  78.0929 282.1046 14.16965346427709
1 40404U 95015R   23156.98506781  .00000487  00000-0  26438-3 0  2799
2 40404  98.8177 165.8235 0007129  77.0816 283.1154 14.16965866430847
1 40404U 95015R   23157.47935761  .00000493  00000-0  26757-3 0    12
2 40404  98.8178 166.3137 0007121  75.8693 284.3273 14.16966514427837
1 40404U 95015R   23157.54997041  .00000493  00000-0  26739-3 0    19
2 40404  98.8177 166.3837 0007118  75.7383 284.4582 14.16966598427841
1 40404U 95015R   23158.46793661  .00000520  00000-0  28071-3 0    15
2 40404  98.8177 167.2942 0007100  73.2777 286.9176 14.16967851427972
1 40404U 95015R   23158.75038758  .00000515  00000-0  27817-3 0  2806
2 40404  98.8177 167.5743 0007095  72.5506 287.6443 14.16968151431096
1 40404U 95015R   23158.75038758  .00000515  00000-0  27817-3 0    17
2 40404  98.8177 167.5743 0007095  72.5506 287.6443 14.16968151428014
1 40404U 95015R   23159.52712745  .00000515  00000-0  27837-3 0    10
2 40404  98.8177 168.3444 0007086  70.6709 289.5231 14.16969095428121
1 40404U 95015R   23159.95080347  .00000530  00000-0  28561-3 0  2815
2 40404  98.8176 168.7646 0007075  69.6057 290.5877 14.16969671431267
1 40404U 95015R   23160.30386686  .00000525  00000-0  28319-3 0    16
2 40404  98.8176 169.1147 0007063  68.9392 291.2538 14.16970011428234
1 40404U 95015R   23161.00999319  .00000545  00000-0  29317-3 0  2829
2 40404  98.8175 169.8147 0007062  67.1125 293.0795 14.16970910431411
1 40404U 95015R   23161.50428136  .00000544  00000-0  29274-3 0    18
2 40404  98.8175 170.3050 0007039  66.1482 294.0430 14.16971465428408
1 40404U 95015R   23161.78673161  .00000560  00000-0  30096-3 0    10
2 40404  98.8174 170.5851 0007028  65.5800 294.6107 14.16971865428448
1 40404U 95015R   23162.28101937  .00000591  00000-0  31630-3 0  2834
2 40404  98.8175 171.0753 0007013  64.4356 295.7542 14.16972631431591
1 40404U 95015R   23162.28101937  .00000591  00000-0  31630-3 0    12
2 40404  98.8175 171.0753 0007013  64.4356 295.7542 14.16972631428519
1 40404U 95015R   23162.56346944  .00000591  00000-0  31633-3 0    15
2 40404  98.8175 171.3554 0007004  63.7859 296.4035 14.16972981428558
1 40404U 95015R   23163.48143171  .00000556  00000-0  29864-3 0    18
2 40404  98.8175 172.2657 0006969  61.6538 298.5339 14.16973907428685
1 40404U 95015R   23163.76388148  .00000547  00000-0  29448-3 0  2845
2 40404  98.8175 172.5458 0006958  61.0221 299.1650 14.16974188431801
1 40404U 95015R   23163.76388148  .00000547  00000-0  29448-3 0    12
2 40404  98.8175 172.5458 0006958  61.0221 299.1650 14.16974188428728
1 40404U 95015R   23164.47000556  .00000517  00000-0  27944-3 0    11
2 40404  98.8175 173.2460 0006927  59.4475 300.7382 14.16974934428828
1 40404U 95015R   23164.75245508  .00000510  00000-0  27580-3 0    19
2 40404  98.8175 173.5261 0006921  58.7629 301.4223 14.16975222428864
1 40404U 95015R   23165.45857867  .00000507  00000-0  27450-3 0  2850
2 40404  98.8175 174.2263 0006895  57.0806 303.1031 14.16976059432043
1 40404U 95015R   23165.45857867  .00000507  00000-0  27450-3 0    16
2 40404  98.8175 174.2263 0006895  57.0806 303.1031 14.16976059428969
1 40404U 95015R   23165.88225267  .00000481  00000-0  26122-3 0    12
2 40404  98.8173 174.6464 0006882  55.9273 304.2554 14.16976376429027
1 40404U 95015R   23166.51776336  .00000494  00000-0  26783-3 0    18
2 40404  98.8173 175.2766 0006859  54.4378 305.7435 14.16977168429117
1 40404U 95015R   23166.51776336  .00000494  00000-0  26783-3 0  2863
2 40404  98.8173 175.2766 0006859  54.4378 305.7435 14.16977168432199
1 40404U 95015R   23167.50633454  .00000554  00000-0  29780-3 0    18
2 40404  98.8173 176.2569 0006823  52.0276 308.1514 14.16978676429256
1 40404U 95015R   23168.00061992  .00000527  00000-0  28433-3 0  2876
2 40404  98.8173 176.7470 0006806  50.8465 309.3313 14.16979097432408
1 40404U 95015R   23168.49490516  .00000518  00000-0  28001-3 0    12
2 40404  98.8173 177.2371 0006784  49.6987 310.4779 14.16979618429396
1 40404U 95015R   23169.27163851  .00000533  00000-0  28749-3 0  2881
2 40404  98.8172 178.0073 0006750  47.8125 312.3622 14.16980632432581
1 40404U 95015R   23169.27163851  .00000533  00000-0  28749-3 0    14
2 40404  98.8172 178.0073 0006750  47.8125 312.3622 14.16980632429509
1 40404U 95015R   23169.76592308  .00000518  00000-0  27972-3 0    11
2 40404  98.8172 178.4975 0006721  46.6205 313.5528 14.16981162429572
1 40404U 95015R   23170.26020732  .00000534  00000-0  28760-3 0    19
2 40404  98.8172 178.9876 0006696  45.4196 314.7524 14.16981905429646
1 40404U 95015R   23170.96632732  .00000519  00000-0  28037-3 0  2893
2 40404  98.8171 179.6878 0006653  43.6853 316.4847 14.16982762432821
1 40404U 95015R   23171.46061108  .00000520  00000-0  28085-3 0    19
2 40404  98.8172 180.1779 0006627  42.4950 317.6736 14.16983416429817
1 40404U 95015R   23172.02550658  .00000515  00000-0  27807-3 0  2900
2 40404  98.8171 180.7380 0006598  41.0575 319.1095 14.16984081432970
1 40404U 95015R   23172.51978996  .00000524  00000-0  28264-3 0    11
2 40404  98.8172 181.2282 0006572  39.8427 320.3229 14.16984728429967
1 40404U 95015R   23173.57896781  .00000577  00000-0  30931-3 0  2912
2 40404  98.8171 182.2784 0006521  37.2684 322.8942 14.16986285433194
1 40404U 95015R   23172.73162562  .00000521  00000-0  28135-3 0    13
2 40404  98.8171 181.4383 0006567  39.2657 320.8993 14.16984947429992
1 40404U 95015R   23174.99120338  .00000615  00000-0  32810-3 0  2929
2 40404  98.8170 183.6788 0006451  33.6880 326.4703 14.16988207433395
1 40404U 95015R   23176.75649477  .00000619  00000-0  33012-3 0  2935
2 40404  98.8171 185.4294 0006332  29.1793 330.9734 14.16990633433647
1 40404U 95015R   23178.23933714  .00000581  00000-0  31092-3 0  2945
2 40404  98.8172 186.8997 0006249  25.2219 334.9260 14.16992504433850
1 40404U 95015R   23179.51034345  .00000526  00000-0  28372-3 0  2956
2 40404  98.8172 188.1601 0006181  21.8350 338.3086 14.16993881434034
1 40404U 95015R   23182.26418591  .00000446  00000-0  24396-3 0  2976
2 40404  98.8172 190.8909 0006007  14.5028 345.6317 14.16996854434427
1 40404U 95015R   23183.95885525  .00000429  00000-0  23567-3 0  2989
2 40404  98.8173 192.5715 0005883   9.7597 350.3691 14.16998721434669
1 40404U 95015R   23185.44168947  .00000440  00000-0  24104-3 0  2999
2 40404  98.8173 194.0419 0005787   5.6792 354.4447 14.17000274434877
1 40404U 95015R   23186.50085614  .00000431  00000-0  23649-3 0  3002
2 40404  98.8173 195.0922 0005726   2.8607 357.2599 14.17001165435021
1 40404U 95015R   23187.77185497  .00000477  00000-0  25957-3 0  3017
2 40404  98.8173 196.3527 0005630 359.1312   0.9852 14.17002590435208
1 40404U 95015R   23188.97224158  .00000497  00000-0  26946-3 0  3020
2 40404  98.8173 197.5431 0005550 355.5839   4.5285 14.17003925435371
1 40404U 95015R   23190.03140567  .00000464  00000-0  25269-3 0  3033
2 40404  98.8173 198.5935 0005482 352.4724   7.6367 14.17004747435529
1 40404U 95015R   23191.44362335  .00000405  00000-0  22365-3 0  3048
2 40404  98.8174 199.9940 0005391 348.3163  11.7885 14.17005714435729
1 40404U 95015R   23192.78522886  .00000446  00000-0  24382-3 0  3052
2 40404  98.8174 201.3244 0005311 344.2970  15.8038 14.17007133435910
1 40404U 95015R   23194.55049697  .00000520  00000-0  28070-3 0  3065
2 40404  98.8174 203.0750 0005188 338.8249  21.2710 14.17009395436169
1 40404U 95015R   23195.96270938  .00000555  00000-0  29826-3 0  3074
2 40404  98.8173 204.4754 0005095 334.2587  25.8334 14.17011241436366
1 40404U 95015R   23197.72797331  .00000506  00000-0  27374-3 0  3084
2 40404  98.8173 206.2260 0005000 328.7118  31.3758 14.17012853436612
1 40404U 95015R   23198.78713028  .00000551  00000-0  29633-3 0  3093
2 40404  98.8174 207.2763 0004939 325.2504  34.8347 14.17014297436765
1 40404U 95015R   23200.55238966  .00000565  00000-0  30299-3 0  3102
2 40404  98.8174 209.0269 0004842 319.3390  40.7422 14.17016557437016
1 40404U 95015R   23201.96459494  .00000595  00000-0  31816-3 0  3119
2 40404  98.8174 210.4274 0004808 314.7195  45.3587 14.17018591437217
1 40404U 95015R   23205.49510190  .00000527  00000-0  28409-3 0  3133
2 40404  98.8178 213.9286 0004624 301.9269  58.1455 14.17022401434632
1 40404U 95015R   23206.48364199  .00000548  00000-0  29476-3 0    11
2 40404  98.8178 214.9089 0004574 298.0202  62.0509 14.17023705434778
1 40404U 95015R   23207.47218102  .00000586  00000-0  31359-3 0    18
2 40404  98.8179 215.8894 0004564 294.7355  65.3344 14.17025207434912
1 40404U 95015R   23208.24888991  .00000550  00000-0  29576-3 0  3150
2 40404  98.8179 216.6597 0004558 292.1929  67.8762 14.17025950438104
1 40404U 95015R   23208.46071950  .00000526  00000-0  28357-3 0    14
2 40404  98.8179 216.8698 0004550 291.3454  68.7234 14.17026100435057
1 40404U 95015R   23208.81376871  .00000519  00000-0  28012-3 0    13
2 40404  98.8180 217.2199 0004543 289.9977  70.0708 14.17026483435107
1 40404U 95015R   23209.23742777  .00000493  00000-0  26726-3 0    13
2 40404  98.8180 217.6401 0004534 288.4586  71.6096 14.17026826435161
1 40404U 95015R   23210.01413557  .00000499  00000-0  26999-3 0  3169
2 40404  98.8181 218.4104 0004525 285.8214  74.2461 14.17027756438352
1 40404U 95015R   23211.77937858  .00000555  00000-0  29794-3 0  3178
2 40404  98.8183 220.1611 0004492 279.3274  80.7392 14.17030124438600
1 40404U 95015R   23212.97974205  .00000580  00000-0  31048-3 0  3182
2 40404  98.8182 221.3516 0004479 274.6052  85.4611 14.17031836438778
1 40404U 95015R   23214.25071393  .00000549  00000-0  29527-3 0  3196
2 40404  98.8183 222.6122 0004480 269.6713  90.3948 14.17033307438959
1 40404U 95015R   23215.52168448  .00000599  00000-0  31979-3 0  3206
2 40404  98.8184 223.8727 0004488 264.8989  95.1673 14.17035157439138
1 40404U 95015R   23217.00448169  .00000601  00000-0  32077-3 0  3217
2 40404  98.8184 225.3434 0004499 259.4822 100.5846 14.17036981439340
1 40404U 95015R   23218.76971400  .00000597  00000-0  31911-3 0  3221
2 40404  98.8184 227.0943 0004516 253.3500 106.7179 14.17039194439593
1 40404U 95015R   23219.97007039  .00000590  00000-0  31527-3 0  3230
2 40404  98.8185 228.2848 0004545 249.1795 110.8893 14.17040735439763
1 40404U 95015R   23221.24103459  .00000569  00000-0  30486-3 0  3246
2 40404  98.8187 229.5455 0004593 244.3847 115.6854 14.17042250439945
1 40404U 95015R   23222.51199766  .00000499  00000-0  27026-3 0  3252
2 40404  98.8188 230.8061 0004627 239.8589 120.2128 14.17043397440125
1 40404U 95015R   23223.57113268  .00000513  00000-0  27701-3 0  3260
2 40404  98.8188 231.8566 0004667 235.9575 124.1157 14.17044656440272
1 40404U 95015R   23224.77148453  .00000540  00000-0  29056-3 0  3273
2 40404  98.8189 233.0472 0004714 231.7252 128.3499 14.17046187440447
1 40404U 95015R   23225.83061752  .00000524  00000-0  28261-3 0  3287
2 40404  98.8189 234.0977 0004768 228.1548 131.9220 14.17047383440592
1 40404U 95015R   23227.03096710  .00000523  00000-0  28217-3 0  3294
2 40404  98.8189 235.2883 0004823 224.1818 135.8972 14.17048837440760
1 40404U 95015R   23228.51375052  .00000541  00000-0  29111-3 0  3303
2 40404  98.8190 236.7590 0004893 219.1476 140.9345 14.17050592440979
1 40404U 95015R   23229.78470630  .00000569  00000-0  30474-3 0  3316
2 40404  98.8190 238.0197 0004950 214.9647 145.1203 14.17052148441154
1 40404U 95015R   23230.98505219  .00000544  00000-0  29251-3 0  3327
2 40404  98.8190 239.2102 0005024 210.9640 149.1239 14.17053452441326
1 40404U 95015R   23232.46783073  .00000529  00000-0  28474-3 0  3338
2 40404  98.8190 240.6809 0005121 206.0900 154.0017 14.17055207441531
1 40404U 95015R   23233.52695722  .00000510  00000-0  27565-3 0  3340
2 40404  98.8192 241.7314 0005187 202.8272 157.2673 14.17056369441683
1 40404U 95015R   23235.00973294  .00000523  00000-0  28214-3 0  3355
2 40404  98.8193 243.2022 0005273 198.2707 161.8279 14.17058080441892
1 40404U 95015R   23236.84554825  .00000537  00000-0  28911-3 0    12
2 40404  98.8194 245.0232 0005380 192.6517 167.4523 14.17060152439076
1 40404U 95015R   23236.98676469  .00000538  00000-0  28916-3 0  3363
2 40404  98.8194 245.1633 0005388 192.2499 167.8545 14.17060326442171
1 40404U 95015R   23237.55163042  .00000513  00000-0  27712-3 0    10
2 40404  98.8195 245.7236 0005419 190.5505 169.5556 14.17060818439174
1 40404U 95015R   23238.46953645  .00000521  00000-0  28094-3 0    10
2 40404  98.8196 246.6341 0005471 187.8933 172.2156 14.17061936439308
1 40404U 95015R   23238.46953645  .00000521  00000-0  28094-3 0  3372
2 40404  98.8196 246.6341 0005471 187.8933 172.2156 14.17061936442380
1 40404U 95015R   23239.24622559  .00000531  00000-0  28593-3 0    19
2 40404  98.8196 247.4046 0005525 185.6655 174.4458 14.17062885439411
1 40404U 95015R   23239.59926598  .00000512  00000-0  27631-3 0  3381
2 40404  98.8196 247.7548 0005548 184.6473 175.4651 14.17063194442541
1 40404U 95015R   23239.59926598  .00000512  00000-0  27631-3 0    18
2 40404  98.8196 247.7548 0005548 184.6473 175.4651 14.17063194439468
1 40404U 95015R   23240.72899478  .00000487  00000-0  26383-3 0  3399
2 40404  98.8197 248.8754 0005614 181.3627 178.7533 14.17064243442701
1 40404U 95015R   23240.72899478  .00000487  00000-0  26383-3 0    15
2 40404  98.8197 248.8754 0005614 181.3627 178.7533 14.17064243439628
1 40404U 95015R   23241.85872266  .00000507  00000-0  27378-3 0    14
2 40404  98.8197 249.9960 0005695 178.0740 182.0458 14.17065521439788
1 40404U 95015R   23241.99993855  .00000509  00000-0  27486-3 0  3405
2 40404  98.8197 250.1361 0005700 177.6880 182.4322 14.17065698442888
1 40404U 95015R   23242.56480210  .00000501  00000-0  27117-3 0    12
2 40404  98.8198 250.6964 0005737 176.0369 184.0852 14.17066259439884
1 40404U 95015R   23243.48270468  .00000504  00000-0  27264-3 0  3419
2 40404  98.8198 251.6069 0005802 173.4992 186.6259 14.17067323443097
1 40404U 95015R   23243.48270468  .00000504  00000-0  27264-3 0    12
2 40404  98.8198 251.6069 0005802 173.4992 186.6259 14.17067323440016
1 40404U 95015R   23244.47121435  .00000527  00000-0  28400-3 0    19
2 40404  98.8198 252.5875 0005869 170.8295 189.2987 14.17068592440152
1 40404U 95015R   23244.75364553  .00000525  00000-0  28295-3 0  3428
2 40404  98.8198 252.8677 0005886 170.0824 190.0468 14.17068892443277
1 40404U 95015R   23244.75364553  .00000525  00000-0  28295-3 0    10
2 40404  98.8198 252.8677 0005886 170.0824 190.0468 14.17068892440195
1 40404U 95015R   23245.45972330  .00000518  00000-0  27948-3 0    12
2 40404  98.8198 253.5681 0005930 168.1600 191.9715 14.17069665440293
1 40404U 95015R   23245.81276107  .00000684  00000-0  36209-3 0    15
2 40404  98.8198 253.9183 0005946 167.2283 192.9043 14.17071214440342
1 40404U 95015R   23245.81276107  .00000684  00000-0  36209-3 0  3434
2 40404  98.8198 253.9183 0005946 167.2283 192.9043 14.17071214443424
1 40404U 95015R   23246.44823133  .00000555  00000-0  29761-3 0    14
2 40404  98.8198 254.5486 0005980 165.4402 194.6945 14.17070990440436
1 40404U 95015R   23247.01309286  .00000530  00000-0  28548-3 0  3441
2 40404  98.8199 255.1090 0005998 163.8744 196.2623 14.17071447443594
1 40404U 95015R   23247.01309286  .00000530  00000-0  28548-3 0    11
2 40404  98.8199 255.1090 0005998 163.8744 196.2623 14.17071447440513
1 40404U 95015R   23248.49585355  .00000487  00000-0  26384-3 0  3455
2 40404  98.8199 256.5799 0006081 159.8696 200.2719 14.17072690443807
1 40404U 95015R   23248.77828379  .00000510  00000-0  27528-3 0    19
2 40404  98.8200 256.8601 0006099 159.2028 200.9396 14.17073126440762
1 40404U 95015R   23249.83739704  .00000559  00000-0  29984-3 0    11
2 40404  98.8200 257.9107 0006157 156.4328 203.7129 14.17074569440916
1 40404U 95015R   23249.97861204  .00000559  00000-0  29979-3 0  3463
2 40404  98.8200 258.0508 0006166 156.0927 204.0535 14.17074749444014
1 40404U 95015R   23250.47286466  .00000512  00000-0  27635-3 0    15
2 40404  98.8201 258.5411 0006200 154.8235 205.3243 14.17075028441007
1 40404U 95015R   23251.81440624  .00000528  00000-0  28408-3 0    18
2 40404  98.8202 259.8718 0006274 151.3778 208.7742 14.17076557441196
1 40404U 95015R   23251.95562101  .00000531  00000-0  28584-3 0  3470
2 40404  98.8201 260.0119 0006282 151.0359 209.1165 14.17076751444299
1 40404U 95015R   23252.30865802  .00000504  00000-0  27219-3 0    15
2 40404  98.8201 260.3621 0006312 150.1650 209.9886 14.17076965441267
1 40404U 95015R   23253.43837580  .00000567  00000-0  30346-3 0  3480
2 40404  98.8202 261.4828 0006362 147.2425 212.9145 14.17078455444509
1 40404U 95015R   23253.50898314  .00000575  00000-0  30768-3 0    13
2 40404  98.8202 261.5528 0006365 147.0656 213.0916 14.17078571441430
1 40404U 95015R   23254.49748528  .00000622  00000-0  33107-3 0    16
2 40404  98.8202 262.5334 0006408 144.5400 215.6202 14.17079872441579
1 40404U 95015R   23254.49748528  .00000622  00000-0  33107-3 0  3491
2 40404  98.8202 262.5334 0006408 144.5400 215.6202 14.17079872444651
1 40404U 95015R   23255.48598635  .00000647  00000-0  34330-3 0    14
2 40404  98.8202 263.5140 0006461 142.0631 218.0999 14.17081198441713
1 40404U 95015R   23255.98023595  .00000746  00000-0  39252-3 0  3502
2 40404  98.8202 264.0043 0006478 140.8670 219.2974 14.17082517444869
1 40404U 95015R   23256.54509284  .00000730  00000-0  38471-3 0    17
2 40404  98.8202 264.5646 0006509 139.4778 220.6882 14.17083226441860
1 40404U 95015R   23256.75691406  .00000731  00000-0  38492-3 0    12
2 40404  98.8201 264.7748 0006516 138.9474 221.2192 14.17083515441894
1 40404U 95015R   23257.46298468  .00000719  00000-0  37897-3 0    16
2 40404  98.8201 265.4752 0006545 137.1792 222.9893 14.17084432441999
1 40404U 95015R   23257.46298468  .00000719  00000-0  37897-3 0  3514
2 40404  98.8201 265.4752 0006545 137.1792 222.9893 14.17084432445072
1 40404U 95015R   23258.45148252  .00000644  00000-0  34205-3 0    18
2 40404  98.8202 266.4557 0006584 134.7938 225.3773 14.17085429442130
1 40404U 95015R   23259.01633792  .00000619  00000-0  32926-3 0  3528
2 40404  98.8202 267.0161 0006605 133.4218 226.7507 14.17086096445290
1 40404U 95015R   23259.58119324  .00000633  00000-0  33624-3 0    13
2 40404  98.8202 267.5764 0006630 132.0460 228.1280 14.17086907442298
1 40404U 95015R   23260.49908189  .00000732  00000-0  38539-3 0    10
2 40404  98.8202 268.4870 0006657 129.7111 230.4651 14.17088815442424
1 40404U 95015R   23260.56968868  .00000731  00000-0  38481-3 0  3533
2 40404  98.8202 268.5570 0006659 129.6093 230.5670 14.17088904445516
1 40404U 95015R   23261.55818398  .00000674  00000-0  35675-3 0    13
2 40404  98.8202 269.5376 0006678 126.9702 233.2084 14.17089871442575
1 40404U 95015R   23261.84061078  .00000703  00000-0  37121-3 0    11
2 40404  98.8203 269.8177 0006685 126.3446 233.8346 14.17090443442614
1 40404U 95015R   23261.98182420  .00000697  00000-0  36800-3 0  3547
2 40404  98.8203 269.9578 0006688 126.0474 234.1321 14.17090613445711
1 40404U 95015R   23263.46456317  .00000699  00000-0  36935-3 0    11
2 40404  98.8204 271.4286 0006746 122.5178 237.6649 14.17092959442840
1 40404U 95015R   23263.46456317  .00000699  00000-0  36935-3 0  3553
2 40404  98.8204 271.4286 0006746 122.5178 237.6649 14.17092959445922
1 40404U 95015R   23264.52366109  .00000699  00000-0  36891-3 0    19
2 40404  98.8204 272.4792 0006779 119.9287 240.2562 14.17094560442990
1 40404U 95015R   23264.52366109  .00000699  00000-0  36891-3 0  3562
2 40404  98.8204 272.4792 0006779 119.9287 240.2562 14.17094560446073
1 40404U 95015R   23265.58275767  .00000770  00000-0  40438-3 0    17
2 40404  98.8206 273.5297 0006804 117.4014 242.7853 14.17096553443146
1 40404U 95015R   23265.58275767  .00000770  00000-0  40438-3 0  3571
2 40404  98.8206 273.5297 0006804 117.4014 242.7853 14.17096553446228
1 40404U 95015R   23266.57124683  .00000756  00000-0  39727-3 0    10
2 40404  98.8205 274.5104 0006828 114.8755 245.3130 14.17097991443281
1 40404U 95015R   23266.99488451  .00000756  00000-0  39729-3 0  3589
2 40404  98.8204 274.9307 0006836 113.8394 246.3498 14.17098711446424
1 40404U 95015R   23267.55973455  .00000791  00000-0  41488-3 0    14
2 40404  98.8204 275.4911 0006854 112.5139 247.6762 14.17099835443427
1 40404U 95015R   23268.47761451  .00000862  00000-0  45018-3 0    19
2 40404  98.8204 276.4016 0006872 110.3841 249.8072 14.17101896443553
1 40404U 95015R   23268.76003893  .00000862  00000-0  45010-3 0  3598
2 40404  98.8204 276.6818 0006869 109.8374 250.3541 14.17102374446671
1 40404U 95015R   23268.76003893  .00000862  00000-0  45010-3 0    12
2 40404  98.8204 276.6818 0006869 109.8374 250.3541 14.17102374443599
1 40404U 95015R   23269.53670548  .00000862  00000-0  44979-3 0    18
2 40404  98.8203 277.4521 0006893 107.9702 252.2225 14.17103818443706
1 40404U 95015R   23269.96034142  .00000855  00000-0  44632-3 0  3605
2 40404  98.8204 277.8722 0006913 106.9149 253.2784 14.17104567446842
1 40404U 95015R   23270.52518934  .00000819  00000-0  42861-3 0    19
2 40404  98.8204 278.4326 0006924 105.5571 254.6369 14.17105326443840
1 40404U 95015R   23271.58427780  .00000793  00000-0  41550-3 0    19
2 40404  98.8204 279.4832 0006937 102.9918 257.2032 14.17107030443999
1 40404U 95015R   23271.58427780  .00000793  00000-0  41550-3 0  3618
2 40404  98.8204 279.4832 0006937 102.9918 257.2032 14.17107030447072
1 40404U 95015R   23271.93730696  .00000771  00000-0  40488-3 0    16
2 40404  98.8203 279.8334 0006940 102.1131 258.0821 14.17107536444045
1 40404U 95015R   23272.57275898  .00000794  00000-0  41593-3 0    18
2 40404  98.8202 280.4635 0006946 100.5810 259.6147 14.17108817444139
1 40404U 95015R   23272.99639332  .00000772  00000-0  40519-3 0  3624
2 40404  98.8203 280.8840 0006950  99.6042 260.5918 14.17109482447276
1 40404U 95015R   23272.99639332  .00000772  00000-0  40519-3 0    14
2 40404  98.8203 280.8840 0006950  99.6042 260.5918 14.17109482444194
1 40404U 95015R   23274.47911180  .00000798  00000-0  41805-3 0  3631
2 40404  98.8203 282.3549 0006970  96.1952 264.0017 14.17112376447481
1 40404U 95015R   23274.54971728  .00000798  00000-0  41789-3 0    13
2 40404  98.8203 282.4249 0006970  96.1778 264.0190 14.17112520444418
1 40404U 95015R   23274.76153397  .00000790  00000-0  41390-3 0    11
2 40404  98.8202 282.6351 0006970  95.5635 264.6335 14.17112849444442
1 40404U 95015R   23275.75001081  .00000794  00000-0  41630-3 0  3646
2 40404  98.8202 283.6156 0006965  93.2066 266.9905 14.17114723447661
1 40404U 95015R   23275.75001081  .00000794  00000-0  41630-3 0    14
2 40404  98.8202 283.6156 0006965  93.2066 266.9905 14.17114723444589
1 40404U 95015R   23276.45606500  .00000815  00000-0  42669-3 0    16
2 40404  98.8202 284.3160 0006975  91.5743 268.6230 14.17116119444688
1 40404U 95015R   23277.44453974  .00000881  00000-0  45908-3 0  3656
2 40404  98.8203 285.2965 0006968  89.1575 271.0398 14.17118220447906
1 40404U 95015R   23277.58575020  .00000915  00000-0  47638-3 0    15
2 40404  98.8203 285.4366 0006969  88.8140 271.3833 14.17118686444841
1 40404U 95015R   23277.93877651  .00000916  00000-0  47686-3 0    13
2 40404  98.8203 285.7868 0006967  87.9356 272.2616 14.17119320444898
1 40404U 95015R   23278.57422302  .00001009  00000-0  52262-3 0    13
2 40404  98.8203 286.4171 0006976  86.4388 273.7584 14.17121101444982
1 40404U 95015R   23278.57422302  .00001009  00000-0  52262-3 0  3667
2 40404  98.8203 286.4171 0006976  86.4388 273.7584 14.17121101448065
1 40404U 95015R   23278.92724875  .00000994  00000-0  51519-3 0    18
2 40404  98.8203 286.7673 0006968  85.6182 274.5788 14.17121695445036
1 40404U 95015R   23279.56269446  .00001062  00000-0  54887-3 0    15
2 40404  98.8203 287.3977 0006967  84.0880 276.1088 14.17123362445121
1 40404U 95015R   23279.91571954  .00001051  00000-0  54368-3 0    16
2 40404  98.8203 287.7478 0006965  83.2307 276.9660 14.17124046445173
1 40404U 95015R   23279.91571954  .00001051  00000-0  54368-3 0  3671
2 40404  98.8203 287.7478 0006965  83.2307 276.9660 14.17124046448255
1 40404U 95015R   23280.55116427  .00001042  00000-0  53921-3 0    12
2 40404  98.8204 288.3782 0006955  81.7683 278.4280 14.17125348445269
1 40404U 95015R   23280.97479368  .00001034  00000-0  53519-3 0  3684
2 40404  98.8204 288.7984 0006947  80.7425 279.4535 14.17126223448407
1 40404U 95015R   23281.53963230  .00001079  00000-0  55741-3 0    15
2 40404  98.8204 289.3587 0006938  79.4191 280.7765 14.17127756445407
1 40404U 95015R   23281.82205142  .00001071  00000-0  55335-3 0    19
2 40404  98.8204 289.6389 0006923  78.6801 281.5151 14.17128337445441
1 40404U 95015R   23282.03386566  .00001067  00000-0  55162-3 0  3693
2 40404  98.8203 289.8490 0006918  78.1620 282.0330 14.17128821448551
1 40404U 95015R   23282.52809874  .00001061  00000-0  54826-3 0    12
2 40404  98.8204 290.3394 0006901  76.9267 283.2677 14.17129890445547
1 40404U 95015R   23282.95172646  .00001109  00000-0  57244-3 0    19
2 40404  98.8203 290.7596 0006896  75.8386 284.3555 14.17131181445607
1 40404U 95015R   23283.44595876  .00001115  00000-0  57521-3 0  3702
2 40404  98.8203 291.2498 0006892  74.6647 285.5288 14.17132322448750
1 40404U 95015R   23283.51656331  .00001142  00000-0  58859-3 0    10
2 40404  98.8203 291.3199 0006892  74.4726 285.7209 14.17132636445687
1 40404U 95015R   23283.94019065  .00001092  00000-0  56371-3 0    15
2 40404  98.8202 291.7401 0006885  73.4031 286.7899 14.17133300445748
1 40404U 95015R   23284.57563109  .00001133  00000-0  58393-3 0    10
2 40404  98.8202 292.3704 0006869  71.9048 288.2874 14.17134928445831
1 40404U 95015R   23284.57563109  .00001133  00000-0  58393-3 0  3710
2 40404  98.8202 292.3704 0006869  71.9048 288.2874 14.17134928448913
1 40404U 95015R   23285.49348822  .00001140  00000-0  58741-3 0    10
2 40404  98.8201 293.2808 0006849  69.6771 290.5139 14.17137069445963
1 40404U 95015R   23285.77590551  .00001138  00000-0  58655-3 0  3721
2 40404  98.8201 293.5610 0006826  68.9429 291.2475 14.17137686449087
1 40404U 95015R   23285.91711406  .00001126  00000-0  58069-3 0    16
2 40404  98.8201 293.7011 0006823  68.5956 291.5946 14.17137974446029
1 40404U 95015R   23286.48194801  .00001149  00000-0  59202-3 0    18
2 40404  98.8200 294.2613 0006809  67.2841 292.9053 14.17139463446103
1 40404U 95015R   23286.83496869  .00001199  00000-0  61687-3 0  3733
2 40404  98.8200 294.6116 0006797  66.4471 293.7416 14.17140640449239
1 40404U 95015R   23287.47040616  .00001083  00000-0  55920-3 0    12
2 40404  98.8199 295.2419 0006789  64.9826 295.2053 14.17141490446243
1 40404U 95015R   23287.96463473  .00001047  00000-0  54165-3 0    16
2 40404  98.8199 295.7321 0006771  63.7420 296.4450 14.17142435446310
1 40404U 95015R   23287.96463473  .00001047  00000-0  54165-3 0  3749
2 40404  98.8199 295.7321 0006771  63.7420 296.4450 14.17142435449391
1 40404U 95015R   23288.52946712  .00000999  00000-0  51774-3 0    19
2 40404  98.8198 296.2924 0006758  62.4308 297.7552 14.17143416446395
1 40404U 95015R   23288.95309099  .00000970  00000-0  50334-3 0    17
2 40404  98.8198 296.7126 0006749  61.3922 298.7931 14.17144186446458
1 40404U 95015R   23289.30611076  .00000974  00000-0  50523-3 0  3756
2 40404  98.8198 297.0628 0006739  60.5388 299.6458 14.17144937449580
1 40404U 95015R   23289.30611076  .00000974  00000-0  50523-3 0    12
2 40404  98.8198 297.0628 0006739  60.5388 299.6458 14.17144937446509
1 40404U 95015R   23289.80033818  .00000939  00000-0  48792-3 0    15
2 40404  98.8198 297.5530 0006729  59.3475 300.8362 14.17145757446575
1 40404U 95015R   23290.50637693  .00000931  00000-0  48382-3 0    12
2 40404  98.8198 298.2533 0006712  57.6297 302.5526 14.17147085446679
1 40404U 95015R   23290.50637693  .00000931  00000-0  48382-3 0  3767
2 40404  98.8198 298.2533 0006712  57.6297 302.5526 14.17147085449751
1 40404U 95015R   23291.00060360  .00000917  00000-0  47701-3 0    17
2 40404  98.8197 298.7436 0006694  56.3628 303.8184 14.17147955446746
1 40404U 95015R   23291.28301891  .00000897  00000-0  46673-3 0    18
2 40404  98.8198 299.0237 0006684  55.6874 304.4933 14.17148308446780
1 40404U 95015R   23292.48328159  .00000965  00000-0  50091-3 0  3778
2 40404  98.8198 300.2142 0006646  52.7898 307.3883 14.17151063450033
1 40404U 95015R   23292.83629963  .00000960  00000-0  49827-3 0    18
2 40404  98.8197 300.5643 0006631  51.8961 308.2811 14.17151712447001
1 40404U 95015R   23293.47173203  .00000862  00000-0  44982-3 0    18
2 40404  98.8198 301.1946 0006605  50.3337 309.8419 14.17152350447096
1 40404U 95015R   23293.96595677  .00000847  00000-0  44221-3 0  3781
2 40404  98.8197 301.6848 0006585  49.0694 311.1049 14.17153155450249
1 40404U 95015R   23293.96595677  .00000847  00000-0  44221-3 0    14
2 40404  98.8197 301.6848 0006585  49.0694 311.1049 14.17153155447166
1 40404U 95015R   23294.95440557  .00000767  00000-0  40231-3 0    18
2 40404  98.8197 302.6653 0006548  46.5491 313.6228 14.17154417447301
1 40404U 95015R   23295.51923293  .00000722  00000-0  38027-3 0  3793
2 40404  98.8198 303.2255 0006528  45.1669 315.0035 14.17155141450465
1 40404U 95015R   23295.94285301  .00000800  00000-0  41860-3 0    19
2 40404  98.8197 303.6457 0006517  44.1060 316.0633 14.17156304447445
1 40404U 95015R   23296.79009321  .00000751  00000-0  39473-3 0  3801
2 40404  98.8197 304.4861 0006490  41.9735 318.1936 14.17157360450645
1 40404U 95015R   23297.49612611  .00000688  00000-0  36332-3 0    11
2 40404  98.8197 305.1864 0006459  40.1987 319.9664 14.17158145447668
1 40404U 95015R   23298.27276166  .00000669  00000-0  35357-3 0  3815
2 40404  98.8196 305.9568 0006421  38.1722 321.9906 14.17159225450856
1 40404U 95015R   23298.27276166  .00000669  00000-0  35357-3 0    14
2 40404  98.8196 305.9568 0006421  38.1722 321.9906 14.17159225447773
1 40404U 95015R   23299.47301510  .00000641  00000-0  33971-3 0  3821
2 40404  98.8195 307.1473 0006360  35.1079 325.0514 14.17160998451027
1 40404U 95015R   23299.54361821  .00000639  00000-0  33881-3 0    15
2 40404  98.8195 307.2173 0006355  34.9016 325.2574 14.17161092447958
1 40404U 95015R   23299.82603043  .00000666  00000-0  35215-3 0    14
2 40404  98.8194 307.4974 0006339  34.1157 326.0424 14.17161679447996
1 40404U 95015R   23300.74386992  .00000663  00000-0  35058-3 0  3834
2 40404  98.8194 308.4078 0006297  31.6941 328.4611 14.17163058451204
1 40404U 95015R   23300.74386992  .00000663  00000-0  35058-3 0    11
2 40404  98.8194 308.4078 0006297  31.6941 328.4611 14.17163058448121
1 40404U 95015R   23301.44989990  .00000693  00000-0  36545-3 0    11
2 40404  98.8193 309.1081 0006265  29.8726 330.2805 14.17164207448221
1 40404U 95015R   23301.80291427  .00000757  00000-0  39745-3 0  3842
2 40404  98.8193 309.4583 0006253  28.8754 331.2766 14.17165145451355
1 40404U 95015R   23301.94412011  .00000757  00000-0  39742-3 0    14
2 40404  98.8193 309.5983 0006248  28.5165 331.6351 14.17165361448290
1 40404U 95015R   23302.50894310  .00000816  00000-0  42673-3 0    16
2 40404  98.8192 310.1585 0006219  27.0512 333.0986 14.17166555448378
1 40404U 95015R   23302.93256013  .00000824  00000-0  43085-3 0    12
2 40404  98.8192 310.5787 0006201  25.9259 334.2225 14.17167247448437
1 40404U 95015R   23303.00316292  .00000826  00000-0  43172-3 0  3851
2 40404  98.8192 310.6487 0006198  25.7133 334.4349 14.17167380451520
1 40404U 95015R   23303.92099895  .00000831  00000-0  43389-3 0    10
2 40404  98.8191 311.5591 0006152  23.1936 336.9515 14.17168895448573
1 40404U 95015R   23304.27401271  .00000782  00000-0  40984-3 0  3863
2 40404  98.8191 311.9092 0006131  22.2985 337.8455 14.17169181451705
1 40404U 95015R   23304.27401271  .00000782  00000-0  40984-3 0    17
2 40404  98.8191 311.9092 0006131  22.2985 337.8455 14.17169181448622
1 40404U 95015R   23304.76823142  .00000777  00000-0  40747-3 0    17
2 40404  98.8191 312.3994 0006102  20.9202 339.2222 14.17170015448696
1 40404U 95015R   23305.26244990  .00000766  00000-0  40207-3 0    10
2 40404  98.8191 312.8896 0006074  19.6134 340.5273 14.17170817448768
1 40404U 95015R   23305.96847565  .00000704  00000-0  37095-3 0  3874
2 40404  98.8191 313.5899 0006034  17.6675 342.4708 14.17171757451945
1 40404U 95015R   23306.53329584  .00000709  00000-0  37337-3 0    11
2 40404  98.8191 314.1500 0005999  16.2359 343.9007 14.17172797448943
1 40404U 95015R   23306.95691076  .00000696  00000-0  36712-3 0    16
2 40404  98.8190 314.5702 0005984  14.9153 345.2197 14.17173435449004
1 40404U 95015R   23307.09811574  .00000691  00000-0  36471-3 0  3884
2 40404  98.8190 314.7102 0005973  14.6077 345.5269 14.17173639452104
1 40404U 95015R   23307.59233276  .00000767  00000-0  40219-3 0    17
2 40404  98.8190 315.2004 0005952  13.1975 346.9354 14.17174880449092
1 40404U 95015R   23307.94534486  .00000756  00000-0  39665-3 0    14
2 40404  98.8190 315.5505 0005937  12.1844 347.9473 14.17175372449144
1 40404U 95015R   23308.29835678  .00000801  00000-0  41900-3 0  3895
2 40404  98.8191 315.9007 0005920  11.2338 348.8968 14.17176171452271
1 40404U 95015R   23308.29835678  .00000801  00000-0  41900-3 0    16
2 40404  98.8191 315.9007 0005920  11.2338 348.8968 14.17176171449198
1 40404U 95015R   23309.56919763  .00000945  00000-0  49057-3 0    15
2 40404  98.8190 317.1611 0005854   7.7144 352.4119 14.17179252449375
1 40404U 95015R   23309.78100421  .00000952  00000-0  49396-3 0  3907
2 40404  98.8190 317.3711 0005843   7.1469 352.9787 14.17179675452481
1 40404U 95015R   23309.78100421  .00000952  00000-0  49396-3 0    16
2 40404  98.8190 317.3711 0005843   7.1469 352.9787 14.17179675449409
1 40404U 95015R   23310.55762550  .00001302  00000-0  66726-3 0    16
2 40404  98.8191 318.1415 0005815   4.7865 355.3364 14.17183754449515
1 40404U 95015R   23310.76943142  .00001304  00000-0  66860-3 0    18
2 40404  98.8190 318.3516 0005804   4.1651 355.9571 14.17184276449542
1 40404U 95015R   23311.26364544  .00001286  00000-0  65960-3 0  3918
2 40404  98.8190 318.8418 0005778   2.7180 357.4025 14.17185289452695
1 40404U 95015R   23311.54605324  .00001164  00000-0  59919-3 0    13
2 40404  98.8190 319.1219 0005755   1.9310 358.1886 14.17185313449652
1 40404U 95015R   23311.96966431  .00001155  00000-0  59473-3 0    13
2 40404  98.8190 319.5420 0005739   0.6698 359.4484 14.17186355449719
1 40404U 95015R   23312.81688569  .00001099  00000-0  56680-3 0  3928
2 40404  98.8189 320.3824 0005684 358.2793   1.8361 14.17188225452918
1 40404U 95015R   23312.81688569  .00001099  00000-0  56680-3 0    15
2 40404  98.8189 320.3824 0005684 358.2793   1.8361 14.17188225449835
1 40404U 95015R   23313.52290256  .00001060  00000-0  54734-3 0    12
2 40404  98.8189 321.0826 0005652 356.2102   3.9029 14.17189854449936
1 40404U 95015R   23313.94651250  .00000991  00000-0  51311-3 0    13
2 40404  98.8188 321.5027 0005634 354.9826   5.1291 14.17190492449992
1 40404U 95015R   23314.01711417  .00000981  00000-0  50839-3 0  3931
2 40404  98.8188 321.5727 0005627 354.8151   5.2964 14.17190604453089
1 40404U 95015R   23314.58192684  .00000984  00000-0  50984-3 0    12
2 40404  98.8188 322.1329 0005598 353.1976   6.9122 14.17191982450089
1 40404U 95015R   23314.79373156  .00000965  00000-0  50056-3 0    19
2 40404  98.8188 322.3430 0005589 352.5279   7.5812 14.17192342450111
1 40404U 95015R   23315.49974681  .00000895  00000-0  46555-3 0  3943
2 40404  98.8187 323.0433 0005553 350.4843   9.6225 14.17193535453294
1 40404U 95015R   23315.57034829  .00000882  00000-0  45906-3 0    13
2 40404  98.8187 323.1133 0005551 350.2658   9.8408 14.17193612450223
1 40404U 95015R   23315.92335573  .00000753  00000-0  39515-3 0    18
2 40404  98.8186 323.4634 0005532 349.2217  10.8838 14.17193631450274
1 40404U 95015R   23316.55876871  .00000795  00000-0  41628-3 0    13
2 40404  98.8185 324.0935 0005490 347.4431  12.6606 14.17195108450369
1 40404U 95015R   23316.55876871  .00000795  00000-0  41628-3 0  3959
2 40404  98.8185 324.0935 0005490 347.4431  12.6606 14.17195108453441
1 40404U 95015R   23316.91177585  .00000724  00000-0  38072-3 0    10
2 40404  98.8184 324.4436 0005466 346.3709  13.7317 14.17195324450414
1 40404U 95015R   23317.54718825  .00000703  00000-0  37060-3 0    11
2 40404  98.8184 325.0738 0005442 344.3007  15.7998 14.17196298450507
1 40404U 95015R   23317.75899230  .00000694  00000-0  36595-3 0  3962
2 40404  98.8184 325.2838 0005434 343.6021  16.4977 14.17196572453614
1 40404U 95015R   23317.82959362  .00000693  00000-0  36525-3 0    18
2 40404  98.8184 325.3539 0005434 343.3757  16.7239 14.17196685450544
1 40404U 95015R   23319.45342327  .00000601  00000-0  32010-3 0  3978
2 40404  98.8183 326.9643 0005347 338.4491  21.6458 14.17198666453855
1 40404U 95015R   23319.52402446  .00000607  00000-0  32284-3 0    16
2 40404  98.8183 327.0343 0005337 338.2553  21.8394 14.17198813450784
1 40404U 95015R   23319.73582811  .00000605  00000-0  32200-3 0    10
2 40404  98.8183 327.2444 0005343 337.5388  22.5552 14.17199080450818
1 40404U 95015R   23320.01823303  .00000612  00000-0  32519-3 0    18
2 40404  98.8182 327.5245 0005309 336.7646  23.3288 14.17199500450855
1 40404U 95015R   23321.00664962  .00000540  00000-0  28969-3 0  3985
2 40404  98.8182 328.5047 0005286 333.6494  26.4411 14.17200364454078
1 40404U 95015R   23321.50085772  .00000534  00000-0  28671-3 0    10
2 40404  98.8181 328.9948 0005248 332.2154  27.8740 14.17200934451066
1 40404U 95015R   23322.48927331  .00000520  00000-0  27954-3 0  3992
2 40404  98.8180 329.9750 0005214 329.1002  30.9865 14.17202020454285
1 40404U 95015R   23322.48927331  .00000520  00000-0  27954-3 0    12
2 40404  98.8180 329.9750 0005214 329.1002  30.9865 14.17202020451204
1 40404U 95015R   23322.77167756  .00000511  00000-0  27520-3 0    10
2 40404  98.8181 330.2551 0005206 328.1185  31.9674 14.17202297451240
1 40404U 95015R   23323.26588494  .00000504  00000-0  27203-3 0    11
2 40404  98.8181 330.7452 0005186 326.5483  33.5363 14.17202851451312
1 40404U 95015R   23323.76009209  .00000489  00000-0  26441-3 0  4006
2 40404  98.8181 331.2353 0005166 324.9126  35.1708 14.17203351454468
1 40404U 95015R   23323.76009209  .00000489  00000-0  26441-3 0    13
2 40404  98.8181 331.2353 0005166 324.9126  35.1708 14.17203351451386
1 40404U 95015R   23324.46610209  .00000483  00000-0  26150-3 0    10
2 40404  98.8180 331.9355 0005146 322.6500  37.4316 14.17204126451485
1 40404U 95015R   23324.81910690  .00000485  00000-0  26231-3 0  4012
2 40404  98.8181 332.2856 0005125 321.5014  38.5794 14.17204516454614
1 40404U 95015R   23324.81910690  .00000485  00000-0  26231-3 0    18
2 40404  98.8181 332.2856 0005125 321.5014  38.5794 14.17204516451532
1 40404U 95015R   23325.52511612  .00000567  00000-0  30304-3 0    15
2 40404  98.8181 332.9857 0005102 319.2367  40.8425 14.17205787451639
1 40404U 95015R   23326.01932231  .00000636  00000-0  33697-3 0  4024
2 40404  98.8180 333.4758 0005081 317.6404  42.4378 14.17206717454782
1 40404U 95015R   23326.44292739  .00000663  00000-0  35055-3 0    18
2 40404  98.8180 333.8958 0005063 316.2983  43.7790 14.17207380451769
1 40404U 95015R   23327.57253992  .00000762  00000-0  39952-3 0    11
2 40404  98.8179 335.0161 0005017 312.6372  47.4379 14.17209401451926
1 40404U 95015R   23327.57253992  .00000762  00000-0  39952-3 0  4037
2 40404  98.8179 335.0161 0005017 312.6372  47.4379 14.17209401455009
1 40404U 95015R   23327.92554364  .00000764  00000-0  40082-3 0    15
2 40404  98.8178 335.3661 0005005 311.4930  48.5815 14.17209883451973
1 40404U 95015R   23328.56094956  .00000864  00000-0  44997-3 0    12
2 40404  98.8178 335.9962 0004958 309.2967  50.7768 14.17211451452061
1 40404U 95015R   23328.84335193  .00000879  00000-0  45740-3 0    17
2 40404  98.8178 336.2763 0004947 308.3192  51.7538 14.17212025452101
1 40404U 95015R   23329.12575413  .00000884  00000-0  46014-3 0  4048
2 40404  98.8177 336.5563 0004955 307.3791  52.6932 14.17212596455221
1 40404U 95015R   23329.54935688  .00001059  00000-0  54683-3 0    17
2 40404  98.8178 336.9764 0004968 306.0702  54.0012 14.17214463452206
1 40404U 95015R   23330.25536123  .00001027  00000-0  53077-3 0  4057
2 40404  98.8177 337.6765 0004948 303.7412  56.3291 14.17215799455383
1 40404U 95015R   23330.25536123  .00001027  00000-0  53077-3 0    19
2 40404  98.8177 337.6765 0004948 303.7412  56.3291 14.17215799452302
1 40404U 95015R   23330.60836316  .00000990  00000-0  51262-3 0    17
2 40404  98.8176 338.0266 0004938 302.5660  57.5037 14.17216382452358
1 40404U 95015R   23331.24376614  .00000925  00000-0  48033-3 0    18
2 40404  98.8175 338.6566 0004906 300.3823  59.6867 14.17217437452444
1 40404U 95015R   23331.87916818  .00000971  00000-0  50302-3 0    16
2 40404  98.8174 339.2868 0004889 298.2256  61.8425 14.17219191452534
1 40404U 95015R   23331.94976842  .00000968  00000-0  50174-3 0  4069
2 40404  98.8175 339.3568 0004899 298.0762  61.9917 14.17219329455627
1 40404U 95015R   23332.58517013  .00001034  00000-0  53429-3 0    13
2 40404  98.8175 339.9869 0004895 296.0128  64.0542 14.17221070452639
1 40404U 95015R   23333.00877073  .00000988  00000-0  51137-3 0  4077
2 40404  98.8175 340.4070 0004903 294.6944  65.3720 14.17221816455778
1 40404U 95015R   23334.49137100  .00001195  00000-0  61418-3 0  4086
2 40404  98.8175 341.8772 0004879 289.8007  70.2641 14.17226310455984
1 40404U 95015R   23335.47976930  .00001130  00000-0  58163-3 0    18
2 40404  98.8176 342.8573 0004867 286.4791  73.5848 14.17228246453045
1 40404U 95015R   23336.46816182  .00001702  00000-0  86478-3 0  4097
2 40404  98.8175 343.8374 0004857 283.1425  76.9207 14.17234831456261
1 40404U 95015R   23336.46816182  .00001702  00000-0  86478-3 0    15
2 40404  98.8175 343.8374 0004857 283.1425  76.9207 14.17234831453189
1 40404U 95015R   23336.96236300  .00000912  00000-0  47364-3 0  4105
2 40404  98.8175 344.3276 0004867 281.4886  78.5742 14.17230682456331
1 40404U 95015R   23336.96236300  .00000912  00000-0  47364-3 0    11
2 40404  98.8175 344.3276 0004867 281.4886  78.5742 14.17230682453259
1 40404U 95015R   23337.95075730  .00000866  00000-0  45082-3 0    12
2 40404  98.8175 345.3077 0004855 278.0047  82.0576 14.17232658453392
1 40404U 95015R   23339.99814224  .00000727  00000-0  38192-3 0  4112
2 40404  98.8175 347.3381 0004845 271.1144  88.9475 14.17236018456764
1 40404U 95015R   23340.49233782  .00000680  00000-0  35900-3 0    10
2 40404  98.8174 347.8282 0004807 268.6941  91.3683 14.17236731453759
1 40404U 95015R   23341.48072858  .00000551  00000-0  29470-3 0  4123
2 40404  98.8173 348.8083 0004807 264.9543  95.1083 14.17237750456970
1 40404U 95015R   23341.55132783  .00000558  00000-0  29821-3 0    16
2 40404  98.8173 348.8783 0004808 264.7064  95.3562 14.17237917453903
1 40404U 95015R   23342.46911857  .00000486  00000-0  26257-3 0    14
2 40404  98.8172 349.7885 0004814 261.4125  98.6504 14.17238913454038
1 40404U 95015R   23343.52810716  .00000450  00000-0  24485-3 0    16
2 40404  98.8171 350.8386 0004830 257.7978 102.2656 14.17240075454186
1 40404U 95015R   23343.52810716  .00000450  00000-0  24485-3 0  4133
2 40404  98.8171 350.8386 0004830 257.7978 102.2656 14.17240075457268
1 40404U 95015R   23344.58709530  .00000443  00000-0  24152-3 0    17
2 40404  98.8170 351.8887 0004837 254.2076 105.8565 14.17241149454338
1 40404U 95015R   23344.79889283  .00000443  00000-0  24136-3 0  4144
2 40404  98.8170 352.0987 0004843 253.8324 106.2318 14.17241344457443
1 40404U 95015R   23344.79889283  .00000443  00000-0  24136-3 0    16
2 40404  98.8170 352.0987 0004843 253.8324 106.2318 14.17241344454361
1 40404U 95015R   23345.57548380  .00000449  00000-0  24417-3 0    11
2 40404  98.8168 352.8687 0004827 251.1542 108.9110 14.17242098454476
1 40404U 95015R   23345.92847949  .00000409  00000-0  22460-3 0    15
2 40404  98.8168 353.2187 0004829 250.0646 110.0008 14.17242222454526
1 40404U 95015R   23345.99907858  .00000409  00000-0  22471-3 0  4159
2 40404  98.8168 353.2887 0004834 249.8492 110.2163 14.17242302457610
1 40404U 95015R   23345.99907858  .00000409  00000-0  22471-3 0    10
2 40404  98.8168 353.2887 0004834 249.8492 110.2163 14.17242302454538
1 40404U 95015R   23346.91686678  .00000486  00000-0  26251-3 0    12
2 40404  98.8168 354.1988 0004851 246.7515 113.3149 14.17243621454668
1 40404U 95015R   23346.98746584  .00000486  00000-0  26248-3 0    18
2 40404  98.8168 354.2688 0004852 246.5351 113.5313 14.17243701454678
1 40404U 95015R   23347.97585256  .00000424  00000-0  23182-3 0  4161
2 40404  98.8167 355.2489 0004882 243.1874 116.8801 14.17244352457891
1 40404U 95015R   23347.97585256  .00000424  00000-0  23182-3 0    11
2 40404  98.8167 355.2489 0004882 243.1874 116.8801 14.17244352454810
1 40404U 95015R   23349.95262373  .00000451  00000-0  24517-3 0    16
2 40404  98.8165 357.2092 0004928 236.7822 123.2881 14.17246524455096
1 40404U 95015R   23349.95262373  .00000451  00000-0  24517-3 0  4177
2 40404  98.8165 357.2092 0004928 236.7822 123.2881 14.17246524458178
1 40404U 95015R   23350.58801379  .00000529  00000-0  28405-3 0    18
2 40404  98.8166 357.8393 0004949 234.5763 125.4950 14.17247606455183
1 40404U 95015R   23350.94100825  .00000479  00000-0  25933-3 0    13
2 40404  98.8166 358.1893 0004959 233.4126 126.6593 14.17247675455232
1 40404U 95015R   23351.92939161  .00000649  00000-0  34344-3 0    10
2 40404  98.8166 359.1693 0004990 229.9742 130.0995 14.17249747455372
1 40404U 95015R   23351.92939161  .00000649  00000-0  34344-3 0  4182
2 40404  98.8166 359.1693 0004990 229.9742 130.0995 14.17249747458454
1 40404U 95015R   23352.56478040  .00000625  00000-0  33137-3 0    18
2 40404  98.8167 359.7993 0005006 227.9236 132.1513 14.17250446455464
1 40404U 95015R   23352.91777423  .00000620  00000-0  32880-3 0    13
2 40404  98.8168   0.1493 0005019 226.7296 133.3461 14.17250809455518
1 40404U 95015R   23352.98837290  .00000620  00000-0  32919-3 0  4195
2 40404  98.8168   0.2193 0005020 226.5541 133.5216 14.17250924458600
1 40404U 95015R   23353.55316223  .00000657  00000-0  34709-3 0    13
2 40404  98.8168   0.7794 0005043 224.6484 135.4285 14.17251950455606
1 40404U 95015R   23353.97675422  .00000635  00000-0  33621-3 0    16
2 40404  98.8169   1.1994 0005038 223.5168 136.5609 14.17252404455668
1 40404U 95015R   23354.96513396  .00000722  00000-0  37934-3 0  4200
2 40404  98.8169   2.1797 0005082 220.3808 139.6990 14.17254488458883
1 40404U 95015R   23354.96513396  .00000722  00000-0  37934-3 0    15
2 40404  98.8169   2.1797 0005082 220.3808 139.6990 14.17254488455802
1 40404U 95015R   23355.95351277  .00000734  00000-0  38527-3 0    15
2 40404  98.8168   3.1597 0005132 217.0902 142.9918 14.17256152455946
1 40404U 95015R   23356.58889837  .00000845  00000-0  44010-3 0    10
2 40404  98.8168   3.7897 0005163 214.8939 145.1897 14.17257839456039
1 40404U 95015R   23356.58889837  .00000845  00000-0  44010-3 0  4216
2 40404  98.8168   3.7897 0005163 214.8939 145.1897 14.17257839459111
1 40404U 95015R   23356.94189024  .00000797  00000-0  41634-3 0    16
2 40404  98.8167   4.1398 0005171 213.9321 146.1524 14.17258170456085
1 40404U 95015R   23357.57727500  .00000879  00000-0  45726-3 0    10
2 40404  98.8168   4.7698 0005220 211.6915 148.3946 14.17259745456175
1 40404U 95015R   23358.00086460  .00000880  00000-0  45768-3 0  4227
2 40404  98.8168   5.1897 0005255 210.3414 149.7457 14.17260502459313
1 40404U 95015R   23358.49505224  .00000869  00000-0  45203-3 0    18
2 40404  98.8168   5.6798 0005271 208.8049 151.2835 14.17261345456302
1 40404U 95015R   23359.55402412  .00000850  00000-0  44284-3 0    19
2 40404  98.8166   6.7299 0005340 205.2904 154.8010 14.17263369456454
1 40404U 95015R   23359.55402412  .00000850  00000-0  44284-3 0  4237
2 40404  98.8166   6.7299 0005340 205.2904 154.8010 14.17263369459536
1 40404U 95015R   23360.26000471  .00000852  00000-0  44370-3 0    16
2 40404  98.8167   7.4302 0005295 204.0313 156.0615 14.17264719456554
1 40404U 95015R   23361.24837631  .00000828  00000-0  43207-3 0  4241
2 40404  98.8167   8.4101 0005387 200.6164 159.4794 14.17266543459779
1 40404U 95015R   23361.60136588  .00000844  00000-0  43960-3 0    19
2 40404  98.8167   8.7601 0005402 199.5848 160.5120 14.17267310456743
1 40404U 95015R   23362.80152977  .00000745  00000-0  39055-3 0  4252
2 40404  98.8168   9.9503 0005468 195.9806 164.1196 14.17268845459991
1 40404U 95015R   23362.94272543  .00000669  00000-0  35324-3 0    19
2 40404  98.8168  10.0903 0005476 195.5830 164.5177 14.17268687456938
1 40404U 95015R   23363.57810567  .00000682  00000-0  35961-3 0    15
2 40404  98.8169  10.7202 0005506 193.5808 166.5219 14.17269789457029
1 40404U 95015R   23363.93109445  .00000645  00000-0  34119-3 0    14
2 40404  98.8169  11.0703 0005521 192.5641 167.5397 14.17270162457070
1 40404U 95015R   23363.93109445  .00000645  00000-0  34119-3 0  4265
2 40404  98.8169  11.0703 0005521 192.5641 167.5397 14.17270162460153
1 40404U 95015R   23364.56647416  .00000674  00000-0  35537-3 0    16
2 40404  98.8169  11.7005 0005558 190.6767 169.4291 14.17271277457162
1 40404U 95015R   23364.91946264  .00000603  00000-0  32041-3 0    17
2 40404  98.8169  12.0505 0005577 189.6352 170.4717 14.17271439457211
1 40404U 95015R   23364.99006037  .00000598  00000-0  31790-3 0  4275
2 40404  98.8168  12.1205 0005587 189.3907 170.7164 14.17271508460302
1 40404U 95015R   23365.48424427  .00000627  00000-0  33240-3 0    10\
2 40404  98.8169  12.6106 0005608 187.9246 172.1841 14.17272346457295
1 40404U 95015R   24001.47261104  .00000573  00000-0  30530-3 0  4280\
2 40404  98.8168  13.5907 0005654 185.0870 175.0248 14.17273467460513
1 40404U 95015R   24001.54320855  .00000558  00000-0  29831-3 0    19\
2 40404  98.8168  13.6607 0005660 184.8761 175.2360 14.17273516457444
1 40404U 95015R   24002.60217202  .00000553  00000-0  29581-3 0    15\
2 40404  98.8168  14.7108 0005687 181.8700 178.2454 14.17274882457591
1 40404U 95015R   24002.60217202  .00000553  00000-0  29581-3 0  4299\
2 40404  98.8168  14.7108 0005687 181.8700 178.2454 14.17274882460674
1 40404U 95015R   24002.95515966  .00000523  00000-0  28089-3 0    10\
2 40404  98.8169  15.0608 0005694 180.8766 179.2400 14.17275158457645
1 40404U 95015R   24003.94352463  .00000536  00000-0  28699-3 0    12\
2 40404  98.8169  16.0410 0005722 178.0785 182.0412 14.17276365457780
1 40404U 95015R   24004.01412215  .00000531  00000-0  28472-3 0  4303\
2 40404  98.8169  16.1111 0005731 177.8707 182.2493 14.17276406460871
1 40404U 95015R   24004.50830431  .00000515  00000-0  27698-3 0    16\
2 40404  98.8169  16.6011 0005761 176.4192 183.7025 14.17276888457867
1 40404U 95015R   24004.93188895  .00000502  00000-0  27032-3 0    11\
2 40404  98.8169  17.0211 0005791 175.2164 184.9067 14.17277257457920
1 40404U 95015R   24005.56726561  .00000525  00000-0  28177-3 0    15\
2 40404  98.8169  17.6513 0005831 173.3887 186.7366 14.17278081458016
1 40404U 95015R   24005.56726561  .00000525  00000-0  28177-3 0  4312\
2 40404  98.8169  17.6513 0005831 173.3887 186.7366 14.17278081461098
1 40404U 95015R   24006.48503118  .00000531  00000-0  28486-3 0    18\
2 40404  98.8168  18.5615 0005864 170.8872 189.2410 14.17279189458142
1 40404U 95015R   24006.55562846  .00000539  00000-0  28885-3 0    10\
2 40404  98.8169  18.6316 0005893 170.6884 189.4400 14.17279320458154
1 40404U 95015R   24006.97921225  .00000505  00000-0  27208-3 0  4325\
2 40404  98.8168  19.0516 0005908 169.5694 190.5604 14.17279650461297
1 40404U 95015R   24006.97921225  .00000505  00000-0  27208-3 0    17\
2 40404  98.8168  19.0516 0005908 169.5694 190.5604 14.17279650458215
1 40404U 95015R   24008.46175424  .00000535  00000-0  28691-3 0  4334\
2 40404  98.8167  20.5218 0005978 165.4661 194.6687 14.17281667461509
1 40404U 95015R   24008.60294856  .00000553  00000-0  29538-3 0    13\
2 40404  98.8168  20.6619 0006001 165.1041 195.0311 14.17281938458442
1 40404U 95015R   24008.95593438  .00000558  00000-0  29803-3 0    19\
2 40404  98.8168  21.0120 0006008 164.1864 195.9500 14.17282402458494
1 40404U 95015R   24009.52071139  .00000606  00000-0  32163-3 0    19\
2 40404  98.8167  21.5720 0006091 162.6213 197.5171 14.17283391458576
1 40404U 95015R   24009.52071139  .00000606  00000-0  32163-3 0  4349\
2 40404  98.8167  21.5720 0006091 162.6213 197.5171 14.17283391461659
1 40404U 95015R   24009.94429404  .00000601  00000-0  31936-3 0    19\
2 40404  98.8168  21.9920 0006056 161.5124 198.6271 14.17283869458633
1 40404U 95015R   24010.43847356  .00000614  00000-0  32574-3 0    18\
2 40404  98.8168  22.4822 0006089 160.1517 199.9896 14.17284569458700
1 40404U 95015R   24010.57966764  .00000646  00000-0  34178-3 0  4356\
2 40404  98.8168  22.6223 0006104 159.7962 200.3455 14.17284921461808
1 40404U 95015R   24011.56802536  .00000743  00000-0  38957-3 0    18\
2 40404  98.8168  23.6023 0006136 157.0926 203.0523 14.17286871458867
1 40404U 95015R   24011.92100999  .00000754  00000-0  39488-3 0    14\
2 40404  98.8167  23.9523 0006167 156.1900 203.9561 14.17287455458916
1 40404U 95015R   24011.99160682  .00000759  00000-0  39747-3 0  4361\
2 40404  98.8167  24.0223 0006124 155.9267 204.2195 14.17287619462005
1 40404U 95015R   24012.55638188  .00000817  00000-0  42599-3 0    17\
2 40404  98.8167  24.5824 0006152 154.3361 205.8120 14.17288827459009
1 40404U 95015R   24013.47414014  .00000835  00000-0  43524-3 0  4371\
2 40404  98.8165  25.4921 0006230 151.9108 208.2404 14.17290565462215
1 40404U 95015R   24013.54473697  .00000894  00000-0  46403-3 0    12\
2 40404  98.8165  25.5621 0006226 151.7032 208.4482 14.17290971459149
1 40404U 95015R   24014.60368734  .00000922  00000-0  47809-3 0    18\
2 40404  98.8165  26.6122 0006298 149.0381 211.1166 14.17293041459290
1 40404U 95015R   24014.60368734  .00000922  00000-0  47809-3 0  4382\
2 40404  98.8165  26.6122 0006298 149.0381 211.1166 14.17293041462373
1 40404U 95015R   24014.95667026  .00000958  00000-0  49582-3 0    11\
2 40404  98.8165  26.9622 0006299 148.0880 212.0677 14.17293948459341
1 40404U 95015R   24015.52144276  .00000980  00000-0  50650-3 0    15\
2 40404  98.8166  27.5223 0006325 146.6059 213.5516 14.17295164459427
1 40404U 95015R   24016.01561846  .00000906  00000-0  47029-3 0  4395\
2 40404  98.8166  28.0125 0006353 145.3867 214.7722 14.17295691462575
1 40404U 95015R   24016.50979371  .00000965  00000-0  49915-3 0    11\
2 40404  98.8165  28.5027 0006368 144.0334 216.1270 14.17296973459564
1 40404U 95015R   24016.93337232  .00000910  00000-0  47221-3 0    10\
2 40404  98.8166  28.9227 0006419 143.0979 217.0639 14.17297470459621
1 40404U 95015R   24017.49814339  .00000950  00000-0  49199-3 0  4407\
2 40404  98.8168  29.4828 0006444 141.6134 218.5500 14.17298769462787
1 40404U 95015R   24017.56873973  .00000982  00000-0  50772-3 0    11\
2 40404  98.8168  29.5528 0006452 141.4604 218.7032 14.17299077459718
1 40404U 95015R   24017.92172133  .00000948  00000-0  49089-3 0    12\
2 40404  98.8168  29.9028 0006450 140.4717 219.6929 14.17299598459767
1 40404U 95015R   24018.48649164  .00000935  00000-0  48436-3 0    18\
2 40404  98.8169  30.4629 0006442 138.8863 221.2798 14.17300632459840
1 40404U 95015R   24018.91006870  .00000948  00000-0  49064-3 0    19\
2 40404  98.8168  30.8830 0006452 137.8110 222.3562 14.17301638459907
1 40404U 95015R   24018.98066488  .00000945  00000-0  48919-3 0  4410\
2 40404  98.8168  30.9530 0006454 137.6287 222.5387 14.17301776462993
1 40404U 95015R   24019.54543406  .00000927  00000-0  48027-3 0    15\
2 40404  98.8169  31.5131 0006480 136.2495 223.9195 14.17302890459999
1 40404U 95015R   24019.96901066  .00000889  00000-0  46160-3 0    14\
2 40404  98.8169  31.9332 0006492 135.2059 224.9640 14.17303570460055
1 40404U 95015R   24020.60437525  .00000921  00000-0  47753-3 0    17\
2 40404  98.8168  32.5633 0006516 133.6231 226.5485 14.17305015460147
1 40404U 95015R   24020.60437525  .00000921  00000-0  47753-3 0  4426\
2 40404  98.8168  32.5633 0006516 133.6231 226.5485 14.17305015463229
1 40404U 95015R   24020.95735524  .00000892  00000-0  46326-3 0    17\
2 40404  98.8168  32.9134 0006512 132.6005 227.5720 14.17305585460191
1 40404U 95015R   24021.59271894  .00000931  00000-0  48246-3 0    10\
2 40404  98.8168  33.5435 0006540 131.0135 229.1606 14.17307032460280
1 40404U 95015R   24022.01629452  .00000844  00000-0  43929-3 0  4431\
2 40404  98.8168  33.9636 0006547 129.8856 230.2895 14.17307351463425
1 40404U 95015R   24022.01629452  .00000844  00000-0  43929-3 0    11\
2 40404  98.8168  33.9636 0006547 129.8856 230.2895 14.17307351460343
1 40404U 95015R   24022.93404081  .00000819  00000-0  42682-3 0    18\
2 40404  98.8167  34.8738 0006564 127.3753 232.8020 14.17308885460478
1 40404U 95015R   24023.49880707  .00000928  00000-0  48069-3 0  4440\
2 40404  98.8167  35.4339 0006586 125.9484 234.2303 14.17310541463634
1 40404U 95015R   24023.00463663  .00000817  00000-0  42590-3 0    14\
2 40404  98.8167  34.9438 0006565 127.1947 232.9828 14.17309010460489
1 40404U 95015R   24023.92238135  .00000860  00000-0  44729-3 0    13\
2 40404  98.8167  35.8540 0006613 125.0975 235.0821 14.17311025460616
1 40404U 95015R   24024.55774265  .00001022  00000-0  52730-3 0    14\
2 40404  98.8167  36.4842 0006651 123.7162 236.4648 14.17313065460701
1 40404U 95015R   24024.69893388  .00001025  00000-0  52902-3 0  4453\
2 40404  98.8167  36.6242 0006662 123.4554 236.7258 14.17313359463801
1 40404U 95015R   24024.84012519  .00000941  00000-0  48703-3 0    17\
2 40404  98.8167  36.7642 0006667 123.1609 237.0206 14.17313166460742
1 40404U 95015R   24024.98131639  .00000937  00000-0  48505-3 0    12\
2 40404  98.8167  36.9042 0006667 122.7928 237.3890 14.17313441460767
1 40404U 95015R   24026.53441878  .00000855  00000-0  44485-3 0    16\
2 40404  98.8168  38.4445 0006687 118.7774 241.4073 14.17315833460988
1 40404U 95015R   24026.53441878  .00000855  00000-0  44485-3 0  4469\
2 40404  98.8168  38.4445 0006687 118.7774 241.4073 14.17315833464061
1 40404U 95015R   24027.52275511  .00000878  00000-0  45607-3 0    17\
2 40404  98.8169  39.4247 0006717 116.4819 243.7045 14.17317663461123
1 40404U 95015R   24028.01692306  .00000738  00000-0  38692-3 0  4472\
2 40404  98.8169  39.9148 0006718 115.1636 245.0236 14.17317682464279
1 40404U 95015R   24028.58168611  .00000756  00000-0  39566-3 0    18\
2 40404  98.8169  40.4749 0006738 113.7429 246.4453 14.17318632461278
1 40404U 95015R   24028.93466277  .00000746  00000-0  39100-3 0    19\
2 40404  98.8170  40.8250 0006743 112.8546 247.3341 14.17319126461328
1 40404U 95015R   24029.49942502  .00000779  00000-0  40702-3 0  4482\
2 40404  98.8171  41.3851 0006757 111.3968 248.7928 14.17320226464488
1 40404U 95015R   24029.49942502  .00000779  00000-0  40702-3 0    17\
2 40404  98.8171  41.3851 0006757 111.3968 248.7928 14.17320226461407
1 40404U 95015R   24030.55835360  .00000737  00000-0  38619-3 0    17\
2 40404  98.8172  42.4354 0006771 108.6604 251.5306 14.17321618461554
1 40404U 95015R   24030.55835360  .00000737  00000-0  38619-3 0  4493\
2 40404  98.8172  42.4354 0006771 108.6604 251.5306 14.17321618464636
1 40404U 95015R   24030.91132961  .00000669  00000-0  35283-3 0    12\
2 40404  98.8172  42.7855 0006768 107.6410 252.5504 14.17321754461601
1 40404U 95015R   24031.47609065  .00000677  00000-0  35651-3 0    16\
2 40404  98.8172  43.3456 0006785 106.3990 253.7931 14.17322714461685
1 40404U 95015R   24031.97025631  .00000644  00000-0  34032-3 0  4506\
2 40404  98.8172  43.8357 0006786 105.2355 254.9571 14.17323303464832
1 40404U 95015R   24031.97025631  .00000644  00000-0  34032-3 0    18\
2 40404  98.8172  43.8357 0006786 105.2355 254.9571 14.17323303461750
1 40404U 95015R   24033.02918213  .00000624  00000-0  33023-3 0  4519\
2 40404  98.8173  44.8860 0006796 102.6216 257.5718 14.17324734464988
1 40404U 95015R   24033.24096732  .00000606  00000-0  32171-3 0    10\
2 40404  98.8173  45.0960 0006794 101.8574 258.3363 14.17324888461935
1 40404U 95015R   24033.94691715  .00000593  00000-0  31494-3 0    11\
2 40404  98.8172  45.7962 0006801 100.0866 260.1076 14.17325783462036
1 40404U 95015R   24034.51167684  .00000651  00000-0  34364-3 0  4522\
2 40404  98.8172  46.3563 0006822  98.9830 261.2117 14.17326798465194
1 40404U 95015R   24034.51167684  .00000651  00000-0  34364-3 0    12\
2 40404  98.8172  46.3563 0006822  98.9830 261.2117 14.17326798462113
1 40404U 95015R   24034.93524625  .00000616  00000-0  32635-3 0    10\
2 40404  98.8172  46.7764 0006822  97.7993 262.3957 14.17327178462170
1 40404U 95015R   24035.57060009  .00000725  00000-0  38013-3 0    19\
2 40404  98.8172  47.4066 0006824  96.2283 263.9669 14.17328604462263
1 40404U 95015R   24035.57060009  .00000725  00000-0  38013-3 0  4530\
2 40404  98.8172  47.4066 0006824  96.2283 263.9669 14.17328604465345
1 40404U 95015R   24036.48833238  .00000736  00000-0  38568-3 0    19\
2 40404  98.8170  48.3169 0006848  94.4868 265.7089 14.17330009462392
1 40404U 95015R   24036.77071135  .00000748  00000-0  39160-3 0  4545\
2 40404  98.8169  48.5970 0006850  93.7953 266.4005 14.17330483465511
1 40404U 95015R   24036.77071135  .00000748  00000-0  39160-3 0    13\
2 40404  98.8169  48.5970 0006850  93.7953 266.4005 14.17330483462439
1 40404U 95015R   24037.54725292  .00000764  00000-0  39940-3 0    13\
2 40404  98.8171  49.3673 0006836  91.8175 268.3783 14.17331821462543
1 40404U 95015R   24037.82963145  .00000820  00000-0  42735-3 0    14\
2 40404  98.8171  49.6473 0006835  91.1721 269.0236 14.17332572462582
1 40404U 95015R   24037.82963145  .00000820  00000-0  42735-3 0  4557\
2 40404  98.8171  49.6473 0006835  91.1721 269.0236 14.17332572465664
1 40404U 95015R   24038.25319924  .00000812  00000-0  42345-3 0    10\
2 40404  98.8171  50.0674 0006833  90.1475 270.0483 14.17333190462644
1 40404U 95015R   24039.02973923  .00000835  00000-0  43453-3 0  4561\
2 40404  98.8171  50.8377 0006828  88.2239 271.9718 14.17334659465838
1 40404U 95015R   24039.59449516  .00000937  00000-0  48488-3 0    11\
2 40404  98.8171  51.3978 0006827  86.9203 273.2753 14.17336163462839
1 40404U 95015R   24039.94746734  .00000919  00000-0  47640-3 0    11\
2 40404  98.8171  51.7479 0006826  86.0347 274.1608 14.17336699462886
1 40404U 95015R   24040.58281702  .00000950  00000-0  49169-3 0    15\
2 40404  98.8172  52.3781 0006829  84.4606 275.7348 14.17337969462972
1 40404U 95015R   24040.58281702  .00000950  00000-0  49169-3 0  4570\
2 40404  98.8172  52.3781 0006829  84.4606 275.7348 14.17337969466055
1 40404U 95015R   24041.00638327  .00000916  00000-0  47479-3 0    16\
2 40404  98.8172  52.7982 0006829  83.3963 276.7989 14.17338501463036
1 40404U 95015R   24041.92410812  .00001168  00000-0  59938-3 0    17\
2 40404  98.8172  53.7085 0006826  81.1657 279.0290 14.17341803463168
1 40404U 95015R   24041.99470229  .00001167  00000-0  59890-3 0  4584\
2 40404  98.8172  53.7785 0006826  81.0122 279.1825 14.17341957466259
1 40404U 95015R   24042.55945613  .00001038  00000-0  53499-3 0    11\
2 40404  98.8172  54.3387 0006820  79.7092 280.4851 14.17342288463257
1 40404U 95015R   24043.47717944  .00001059  00000-0  54507-3 0  4598\
2 40404  98.8173  55.2490 0006805  77.4941 282.6994 14.17344289466465
1 40404U 95015R   24043.47717944  .00001059  00000-0  54507-3 0    11\
2 40404  98.8173  55.2490 0006805  77.4941 282.6994 14.17344289463383
1 40404U 95015R   24044.53608910  .00001211  00000-0  62035-3 0    16\
2 40404  98.8173  56.2993 0006784  75.0114 285.1811 14.17347371463532
1 40404U 95015R   24044.53608910  .00001211  00000-0  62035-3 0  4605\
2 40404  98.8173  56.2993 0006784  75.0114 285.1811 14.17347371466614
1 40404U 95015R   24044.95965235  .00001219  00000-0  62429-3 0    13\
2 40404  98.8173  56.7194 0006785  73.9749 286.2173 14.17348359463598
1 40404U 95015R   24045.45380909  .00001096  00000-0  56330-3 0    15\
2 40404  98.8174  57.2097 0006774  72.7559 287.4356 14.17348839463668
1 40404U 95015R   24045.94796561  .00001144  00000-0  58713-3 0    15\
2 40404  98.8174  57.6999 0006766  71.4807 288.7102 14.17350149463734
1 40404U 95015R   24046.01855935  .00001143  00000-0  58665-3 0  4610\
2 40404  98.8174  57.7699 0006765  71.3509 288.8400 14.17350305466828
1 40404U 95015R   24046.58330938  .00001083  00000-0  55719-3 0    13\
2 40404  98.8174  58.3300 0006762  69.9687 290.2216 14.17351134463821
1 40404U 95015R   24047.28924578  .00001061  00000-0  54644-3 0  4623\
2 40404  98.8174  59.0303 0006754  68.3168 291.8726 14.17352583467006
1 40404U 95015R   24047.57162027  .00000975  00000-0  50378-3 0    10\
2 40404  98.8174  59.3104 0006745  67.6269 292.5619 14.17352726463961
1 40404U 95015R   24047.92458822  .00000948  00000-0  49020-3 0    12\
2 40404  98.8174  59.6606 0006734  66.7310 293.4573 14.17353302464013
1 40404U 95015R   24048.27755586  .00001017  00000-0  52466-3 0    14\
2 40404  98.8174  60.0107 0006729  65.8909 294.2969 14.17354439464068
1 40404U 95015R   24048.77171012  .00000992  00000-0  51222-3 0  4637\
2 40404  98.8174  60.5009 0006720  64.7115 295.4755 14.17355431467211
1 40404U 95015R   24048.84230349  .00000991  00000-0  51174-3 0    17\
2 40404  98.8174  60.5709 0006719  64.5309 295.6561 14.17355608464141
1 40404U 95015R   24049.47764401  .00001024  00000-0  52807-3 0    10\
2 40404  98.8174  61.2011 0006697  62.9944 297.1914 14.17357254464235
1 40404U 95015R   24049.83061084  .00000970  00000-0  50101-3 0  4644\
2 40404  98.8174  61.5513 0006686  62.1164 298.0687 14.17357699467366
1 40404U 95015R   24049.90120418  .00000964  00000-0  49815-3 0    19\
2 40404  98.8174  61.6213 0006685  61.9614 298.2236 14.17357825464292
1 40404U 95015R   24050.96010361  .00000818  00000-0  42589-3 0    11\
2 40404  98.8173  62.6716 0006654  59.3718 300.8112 14.17359232464446
1 40404U 95015R   24050.96010361  .00000818  00000-0  42589-3 0  4655\
2 40404  98.8173  62.6716 0006654  59.3718 300.8112 14.17359232467528
1 40404U 95015R   24051.31306988  .00000836  00000-0  43509-3 0    17\
2 40404  98.8173  63.0218 0006651  58.5686 301.6139 14.17359982464495
1 40404U 95015R   24051.87781531  .00000805  00000-0  41956-3 0    19\
2 40404  98.8173  63.5820 0006635  57.1501 303.0311 14.17360929464572
1 40404U 95015R   24053.00730537  .00000717  00000-0  37620-3 0  4666\
2 40404  98.8172  64.7024 0006603  54.3451 305.8338 14.17362478467818
1 40404U 95015R   24053.50145693  .00000715  00000-0  37519-3 0    14\
2 40404  98.8173  65.1926 0006591  53.1204 307.0574 14.17363291464800
1 40404U 95015R   24053.85442211  .00000689  00000-0  36209-3 0    13\
2 40404  98.8173  65.5427 0006576  52.2579 307.9191 14.17363724464858
1 40404U 95015R   24053.99560816  .00000682  00000-0  35881-3 0    18\
2 40404  98.8173  65.6827 0006570  51.8933 308.2833 14.17363927464870
1 40404U 95015R   24054.77213089  .00000753  00000-0  39371-3 0  4675\
2 40404  98.8173  66.4531 0006540  49.9991 310.1757 14.17365583468062
1 40404U 95015R   24054.77213089  .00000753  00000-0  39371-3 0    19\
2 40404  98.8173  66.4531 0006540  49.9991 310.1757 14.17365583464989
1 40404U 95015R   24055.26628148  .00000782  00000-0  40835-3 0    19\
2 40404  98.8173  66.9432 0006520  48.8096 311.3640 14.17366520465051
1 40404U 95015R   24055.83102435  .00000812  00000-0  42303-3 0  4681\
2 40404  98.8173  67.5034 0006497  47.3982 312.7740 14.17367651468210
1 40404U 95015R   24055.83102435  .00000812  00000-0  42303-3 0    14\
2 40404  98.8173  67.5034 0006497  47.3982 312.7740 14.17367651465138
1 40404U 95015R   24056.53695256  .00000789  00000-0  41186-3 0    11\
2 40404  98.8173  68.2037 0006467  45.6635 314.5069 14.17368716465230
1 40404U 95015R   24056.96050932  .00000795  00000-0  41465-3 0    11\
2 40404  98.8173  68.6239 0006452  44.5588 315.6104 14.17369385465298
1 40404U 95015R   24056.96050932  .00000795  00000-0  41465-3 0  4699\
2 40404  98.8173  68.6239 0006452  44.5588 315.6104 14.17369385468370
1 40404U 95015R   24057.59584404  .00000778  00000-0  40609-3 0    17\
2 40404  98.8174  69.2542 0006428  42.9610 317.2066 14.17370279465383
1 40404U 95015R   24057.94880763  .00000768  00000-0  40123-3 0    13\
2 40404  98.8174  69.6043 0006416  42.0655 318.1011 14.17370747465436
1 40404U 95015R   24058.58414170  .00000721  00000-0  37787-3 0    10\
2 40404  98.8175  70.2346 0006391  40.4845 319.6804 14.17371458465522
1 40404U 95015R   24058.58414170  .00000721  00000-0  37787-3 0  4700\
2 40404  98.8175  70.2346 0006391  40.4845 319.6804 14.17371458468604
1 40404U 95015R   24058.93710499  .00000705  00000-0  37036-3 0    11\
2 40404  98.8175  70.5847 0006377  39.5913 320.5726 14.17371869465575
1 40404U 95015R   24059.50184582  .00000694  00000-0  36457-3 0    16\
2 40404  98.8175  71.1449 0006354  38.2149 321.9475 14.17372667465654
1 40404U 95015R   24059.71362360  .00000661  00000-0  34846-3 0  4716\
2 40404  98.8175  71.3550 0006346  37.6662 322.4956 14.17372779468762
1 40404U 95015R   24059.92540133  .00000657  00000-0  34656-3 0    18\
2 40404  98.8175  71.5651 0006334  37.1213 323.0399 14.17373068465712
1 40404U 95015R   24060.56073414  .00000639  00000-0  33776-3 0    15\
2 40404  98.8175  72.1954 0006300  35.5791 324.5803 14.17373942465808
1 40404U 95015R   24060.77251168  .00000632  00000-0  33416-3 0  4728\
2 40404  98.8175  72.4056 0006283  35.0026 325.1560 14.17374191468919
1 40404U 95015R   24060.77251168  .00000632  00000-0  33416-3 0    16\
2 40404  98.8175  72.4056 0006283  35.0026 325.1560 14.17374191465837
1 40404U 95015R   24061.47843636  .00000659  00000-0  34748-3 0    19\
2 40404  98.8175  73.1059 0006242  33.1945 326.9620 14.17375420465935
1 40404U 95015R   24061.83139848  .00000640  00000-0  33785-3 0  4735\
2 40404  98.8175  73.4560 0006197  32.3303 327.8250 14.17375828469062
1 40404U 95015R   24061.90199105  .00000622  00000-0  32934-3 0    17\
2 40404  98.8175  73.5260 0006207  32.1244 328.0307 14.17375797465993
1 40404U 95015R   24062.74909963  .00000663  00000-0  34933-3 0    17\
2 40404  98.8175  74.3664 0006177  29.8572 330.2954 14.17377259466116
1 40404U 95015R   24063.45502304  .00000687  00000-0  36139-3 0  4744\
2 40404  98.8175  75.0667 0006143  28.0294 332.1211 14.17378371469297
1 40404U 95015R   24063.45502304  .00000687  00000-0  36139-3 0    10\
2 40404  98.8175  75.0667 0006143  28.0294 332.1211 14.17378371466216
1 40404U 95015R   24063.87857511  .00001110  00000-0  56996-3 0    14\
2 40404  98.8175  75.4870 0006125  26.8323 333.3168 14.17381697466270
1 40404U 95015R   24064.58449920  .00000661  00000-0  34858-3 0    17\
2 40404  98.8175  76.1873 0006093  24.9974 335.1494 14.17379809466371
1 40404U 95015R   24064.86686811  .00000661  00000-0  34855-3 0  4752\
2 40404  98.8174  76.4674 0006081  24.2472 335.8988 14.17380170469499
1 40404U 95015R   24064.93746020  .00000666  00000-0  35093-3 0    14\
2 40404  98.8174  76.5375 0006084  24.0229 336.1229 14.17380333466422
1 40404U 95015R   24065.00805239  .00000667  00000-0  35122-3 0    15\
2 40404  98.8174  76.6075 0006084  23.8229 336.3226 14.17380440466436
1 40404U 95015R   24065.99634208  .00000808  00000-0  42124-3 0  4762\
2 40404  98.8174  77.5880 0006033  21.1974 338.9449 14.17382750469650
1 40404U 95015R   24066.56107851  .00000812  00000-0  42287-3 0    14\
2 40404  98.8174  78.1482 0006001  19.7411 340.3995 14.17383719466655
1 40404U 95015R   24067.47877453  .00000813  00000-0  42350-3 0    19\
2 40404  98.8174  79.0587 0005944  17.2633 342.8742 14.17385265466784
1 40404U 95015R   24067.47877453  .00000813  00000-0  42350-3 0  4776\
2 40404  98.8174  79.0587 0005944  17.2633 342.8742 14.17385265469866
1 40404U 95015R   24068.25528568  .00000801  00000-0  41743-3 0    18\
2 40404  98.8174  79.8290 0005904  15.0827 345.0523 14.17386532466892
1 40404U 95015R   24068.96120441  .00000710  00000-0  37242-3 0  4780\
2 40404  98.8173  80.5294 0005868  13.1036 347.0290 14.17387238470076
1 40404U 95015R   24068.96120441  .00000710  00000-0  37242-3 0    12\
2 40404  98.8173  80.5294 0005868  13.1036 347.0290 14.17387238466992
1 40404U 95015R   24069.87889770  .00000700  00000-0  36770-3 0    14\
2 40404  98.8174  81.4398 0005818  10.5930 349.5366 14.17388750467124
1 40404U 95015R   24070.02008124  .00000696  00000-0  36570-3 0  4790\
2 40404  98.8174  81.5799 0005813  10.1882 349.9410 14.17388958470226
1 40404U 95015R   24070.51422352  .00000668  00000-0  35158-3 0    18\
2 40404  98.8174  82.0701 0005773   8.9157 351.2119 14.17389570467218
1 40404U 95015R   24070.93777380  .00000656  00000-0  34567-3 0    18\
2 40404  98.8173  82.4903 0005757   7.7725 352.3538 14.17390145467278
1 40404U 95015R   24071.50250728  .00000659  00000-0  34739-3 0  4809\
2 40404  98.8174  83.0506 0005718   6.2921 353.8325 14.17391012470430
1 40404U 95015R   24071.50250728  .00000659  00000-0  34739-3 0    18\
2 40404  98.8174  83.0506 0005718   6.2921 353.8325 14.17391012467357
1 40404U 95015R   24072.49079011  .00000656  00000-0  34589-3 0    11\
2 40404  98.8174  84.0310 0005665   3.4844 356.6369 14.17392447467492
1 40404U 95015R   24072.98493109  .00000644  00000-0  34003-3 0  4813\
2 40404  98.8173  84.5213 0005628   2.0592 358.0605 14.17393117470647
1 40404U 95015R   24073.26729735  .00000615  00000-0  32585-3 0    11\
2 40404  98.8174  84.8014 0005608   1.2817 358.8371 14.17393356467604
1 40404U 95015R   24073.76143791  .00000659  00000-0  34752-3 0    14\
2 40404  98.8173  85.2916 0005561 359.8302   0.2870 14.17394332467672
1 40404U 95015R   24074.46735258  .00000640  00000-0  33789-3 0  4829\
2 40404  98.8173  85.9919 0005513 357.7690   2.3460 14.17395315470850
1 40404U 95015R   24074.25557833  .00000656  00000-0  34595-3 0    17\
2 40404  98.8173  85.7818 0005529 358.3833   1.7323 14.17395034467742
1 40404U 95015R   24074.46735258  .00000640  00000-0  33789-3 0    16\
2 40404  98.8173  85.9919 0005513 357.7690   2.3460 14.17395315467777
1 40404U 95015R   24075.94977214  .00000639  00000-0  33735-3 0    19\
2 40404  98.8173  87.4626 0005436 353.4388   6.6714 14.17397333467984
1 40404U 95015R   24076.02036351  .00000638  00000-0  33717-3 0  4830\
2 40404  98.8173  87.5327 0005431 353.2256   6.8844 14.17397425471073
1 40404U 95015R   24076.02036351  .00000638  00000-0  33717-3 0    16\
2 40404  98.8173  87.5327 0005431 353.2256   6.8844 14.17397425467999
1 40404U 95015R   24076.93805088  .00000652  00000-0  34378-3 0    17\
2 40404  98.8173  88.4431 0005381 350.5461   9.5612 14.17398654468121
1 40404U 95015R   24077.50278117  .00000606  00000-0  32132-3 0  4848\
2 40404  98.8173  89.0034 0005334 348.7984  11.3072 14.17399151471289
1 40404U 95015R   24077.57337245  .00000606  00000-0  32104-3 0    17\
2 40404  98.8173  89.0735 0005329 348.5633  11.5420 14.17399230468216
1 40404U 95015R   24078.49105839  .00000631  00000-0  33370-3 0    15\
2 40404  98.8172  89.9839 0005270 345.7942  14.3083 14.17400606468346
1 40404U 95015R   24078.77342303  .00000647  00000-0  34148-3 0  4852\
2 40404  98.8172  90.2641 0005254 344.9296  15.1721 14.17401083471462
1 40404U 95015R   24078.77342303  .00000647  00000-0  34148-3 0    16\
2 40404  98.8172  90.2641 0005254 344.9296  15.1721 14.17401083468389
1 40404U 95015R   24079.83228959  .00000771  00000-0  40238-3 0  4866\
2 40404  98.8170  91.3146 0005191 341.7275  18.3712 14.17403373471610
1 40404U 95015R   24079.47933426  .00000778  00000-0  40598-3 0    17\
2 40404  98.8171  90.9644 0005210 342.8452  17.2546 14.17402861468485
1 40404U 95015R   24079.97347164  .00000773  00000-0  40375-3 0    18\
2 40404  98.8170  91.4546 0005196 341.2491  18.8491 14.17403640468550
1 40404U 95015R   24080.96174559  .00000887  00000-0  45963-3 0    19\
2 40404  98.8170  92.4351 0005155 338.1601  21.9353 14.17405866468697
1 40404U 95015R   24080.96174559  .00000887  00000-0  45963-3 0  4877\
2 40404  98.8170  92.4351 0005155 338.1601  21.9353 14.17405866471770
1 40404U 95015R   24081.31470034  .00000882  00000-0  45755-3 0    10\
2 40404  98.8170  92.7854 0005159 337.0609  23.0335 14.17406409468741
1 40404U 95015R   24081.95001801  .00001000  00000-0  51564-3 0    10\
2 40404  98.8170  93.4157 0005137 335.1891  24.9036 14.17408235468830
1 40404U 95015R   24082.02060884  .00001001  00000-0  51633-3 0  4882\
2 40404  98.8170  93.4857 0005132 334.9481  25.1444 14.17408374471928
1 40404U 95015R   24082.02060884  .00001001  00000-0  51633-3 0    13\
2 40404  98.8170  93.4857 0005132 334.9481  25.1444 14.17408374468845
1 40404U 95015R   24083.92655826  .00001097  00000-0  56362-3 0    18\
2 40404  98.8169  95.3766 0005036 329.0139  31.0738 14.17412708469110
1 40404U 95015R   24083.99714876  .00001101  00000-0  56554-3 0  4895\
2 40404  98.8169  95.4467 0005033 328.8047  31.2828 14.17412922472205
1 40404U 95015R   24084.27951074  .00001241  00000-0  63431-3 0    17\
2 40404  98.8167  95.7270 0004955 327.4964  32.5905 14.17414371469164
1 40404U 95015R   24084.84422971  .00002931  00000-0  14680-2 0  4909\
2 40404  98.8168  96.2871 0004949 325.7694  34.3161 14.17426234472329
1 40404U 95015R   24084.84422971  .00002931  00000-0  14680-2 0    17\
2 40404  98.8168  96.2871 0004949 325.7694  34.3161 14.17426234469246
1 40404U 95015R   24085.55013593  .00001917  00000-0  96819-3 0  4913\
2 40404  98.8168  96.9875 0004910 323.3690  36.7148 14.17421998472422
1 40404U 95015R   24085.55013593  .00001917  00000-0  96819-3 0    10\
2 40404  98.8168  96.9875 0004910 323.3690  36.7148 14.17421998469349
1 40404U 95015R   24086.53840004  .00001387  00000-0  70666-3 0    17\
2 40404  98.8170  97.9680 0004875 319.8509  40.2305 14.17421736469486
1 40404U 95015R   24086.75017044  .00001382  00000-0  70412-3 0  4929\
2 40404  98.8169  98.1782 0004880 319.3748  40.7062 14.17422315472591
1 40404U 95015R   24086.96194108  .00001237  00000-0  63251-3 0    17\
2 40404  98.8170  98.3883 0004879 318.6737  41.4068 14.17422074469542
1 40404U 95015R   24087.59725187  .00001085  00000-0  55720-3 0    17\
2 40404  98.8170  99.0186 0004851 316.5562  43.5230 14.17423032469638
1 40404U 95015R   24087.80902193  .00001101  00000-0  56539-3 0  4938\
2 40404  98.8170  99.2287 0004837 315.8188  44.2600 14.17423694472741
1 40404U 95015R   24087.80902193  .00001101  00000-0  56539-3 0    13\
2 40404  98.8170  99.2287 0004837 315.8188  44.2600 14.17423694469668
1 40404U 95015R   24088.02079196  .00001084  00000-0  55713-3 0    19\
2 40404  98.8170  99.4388 0004831 315.1051  44.9733 14.17424186469692
1 40404U 95015R   24088.93846130  .00001107  00000-0  56814-3 0    18\
2 40404  98.8170 100.3494 0004793 311.9063  48.1703 14.17426682469827
1 40404U 95015R   24089.00905120  .00001103  00000-0  56624-3 0  4943\
2 40404  98.8170 100.4194 0004790 311.6896  48.3868 14.17426843472910
1 40404U 95015R   24089.50317991  .00001171  00000-0  59967-3 0    13\
2 40404  98.8170 100.9097 0004772 310.1867  49.8890 14.17428566469909
1 40404U 95015R   24089.92671911  .00001165  00000-0  59663-3 0    10\
2 40404  98.8170 101.3299 0004754 308.6730  51.4019 14.17429448469967
1 40404U 95015R   24090.49143716  .00001120  00000-0  57465-3 0  4957\
2 40404  98.8170 101.8902 0004732 306.8215  53.2526 14.17430594473127
1 40404U 95015R   24090.49143716  .00001120  00000-0  57465-3 0    10\
2 40404  98.8170 101.8902 0004732 306.8215  53.2526 14.17430594470045
1 40404U 95015R   24090.91497533  .00001185  00000-0  60653-3 0    10\
2 40404  98.8170 102.3104 0004720 305.3416  54.7317 14.17431932470107
1 40404U 95015R   24091.47969341  .00000850  00000-0  44157-3 0    12\
2 40404  98.8167 102.8707 0004683 303.2963  56.7763 14.17431209470181
1 40404U 95015R   24091.76205204  .00000837  00000-0  43480-3 0  4966\
2 40404  98.8167 103.1508 0004674 302.1802  57.8919 14.17431689473308
1 40404U 95015R   24091.76205204  .00000837  00000-0  43480-3 0    18\
2 40404  98.8167 103.1508 0004674 302.1802  57.8919 14.17431689470226
1 40404U 95015R   24092.25617969  .00000818  00000-0  42536-3 0    18\
2 40404  98.8166 103.6411 0004664 300.5715  59.4999 14.17432477470296
1 40404U 95015R   24092.96207553  .00000765  00000-0  39947-3 0  4972\
2 40404  98.8165 104.3414 0004646 298.0103  62.0601 14.17433532473474
1 40404U 95015R   24093.31502351  .00000759  00000-0  39651-3 0    12\
2 40404  98.8165 104.6916 0004638 296.9183  63.1518 14.17434052470441
1 40404U 95015R   24093.73856070  .00000701  00000-0  36768-3 0    11\
2 40404  98.8165 105.1118 0004626 295.3731  64.6965 14.17434462470504
1 40404U 95015R   24094.02091879  .00000704  00000-0  36927-3 0  4982\
2 40404  98.8165 105.3919 0004623 294.3834  65.6857 14.17434938473620
1 40404U 95015R   24094.51504539  .00000668  00000-0  35156-3 0    10\
2 40404  98.8165 105.8823 0004612 292.3800  67.6886 14.17435477470617
1 40404U 95015R   24094.58563486  .00000667  00000-0  35126-3 0    19\
2 40404  98.8165 105.9523 0004611 292.1510  67.9175 14.17435577470626
1 40404U 95015R   24095.43270852  .00000620  00000-0  32767-3 0  4994\
2 40404  98.8165 106.7927 0004595 289.2821  70.7856 14.17436504473820
1 40404U 95015R   24095.57388728  .00000604  00000-0  31979-3 0    16\
2 40404  98.8165 106.9328 0004593 288.7229  71.3447 14.17436647470762
1 40404U 95015R   24096.49154947  .00000565  00000-0  30073-3 0  5006\
2 40404  98.8164 107.8433 0004565 285.3817  74.6853 14.17437724473973
1 40404U 95015R   24096.56213884  .00000562  00000-0  29942-3 0    16\
2 40404  98.8164 107.9133 0004564 285.0820  74.9850 14.17437800470906
1 40404U 95015R   24096.91508559  .00000550  00000-0  29334-3 0    13\
2 40404  98.8164 108.2635 0004556 283.6600  76.4068 14.17438211470958
1 40404U 95015R   24097.47980022  .00000544  00000-0  29037-3 0    17\
2 40404  98.8163 108.8237 0004550 281.6334  78.4330 14.17438958471039
1 40404U 95015R   24097.76215740  .00000535  00000-0  28600-3 0  5017\
2 40404  98.8162 109.1038 0004549 280.5956  79.4706 14.17439272474151
1 40404U 95015R   24097.97392520  .00000529  00000-0  28281-3 0    15\
2 40404  98.8163 109.3139 0004550 279.8266  80.2395 14.17439542471109
1 40404U 95015R   24098.46805016  .00000555  00000-0  29576-3 0    16\
2 40404  98.8162 109.8042 0004545 277.9763  82.0896 14.17440304471172
1 40404U 95015R   24099.31512078  .00000567  00000-0  30162-3 0  5026\
2 40404  98.8163 110.6446 0004541 274.9600  85.1057 14.17441446474370
1 40404U 95015R   24099.31512078  .00000567  00000-0  30162-3 0    10\
2 40404  98.8163 110.6446 0004541 274.9600  85.1057 14.17441446471298
1 40404U 95015R   24100.02101268  .00000559  00000-0  29773-3 0    13\
2 40404  98.8163 111.3450 0004538 272.4670  87.5985 14.17442247471394
1 40404U 95015R   24100.51513670  .00000574  00000-0  30507-3 0  5032\
2 40404  98.8163 111.8353 0004528 270.6255  89.4401 14.17442929474540
1 40404U 95015R   24100.51513670  .00000574  00000-0  30507-3 0    15\
2 40404  98.8163 111.8353 0004528 270.6255  89.4401 14.17442929471468
1 40404U 95015R   24100.79749320  .00000580  00000-0  30783-3 0    11\
2 40404  98.8162 112.1154 0004522 269.7229  90.3427 14.17443281471500
1 40404U 95015R   24101.29161686  .00000579  00000-0  30754-3 0    16\
2 40404  98.8162 112.6057 0004520 267.8074  92.2583 14.17443895471574
1 40404U 95015R   24101.78574050  .00000545  00000-0  29062-3 0  5044\
2 40404  98.8161 113.0960 0004520 265.9473  94.1185 14.17444271474721
1 40404U 95015R   24101.92691855  .00000562  00000-0  29902-3 0    17\
2 40404  98.8161 113.2360 0004523 265.4610  94.6048 14.17444559471660
1 40404U 95015R   24102.27986376  .00000562  00000-0  29931-3 0    13\
2 40404  98.8161 113.5862 0004521 264.0727  95.9932 14.17444998471711
1 40404U 95015R   24102.84457577  .00000570  00000-0  30306-3 0  5058\
2 40404  98.8160 114.1464 0004534 262.0098  98.0562 14.17445767474876
1 40404U 95015R   24102.84457577  .00000570  00000-0  30306-3 0    19\
2 40404  98.8160 114.1464 0004534 262.0098  98.0562 14.17445767471794
1 40404U 95015R   24103.55046528  .00000615  00000-0  32532-3 0    11\
2 40404  98.8159 114.8467 0004550 259.3869 100.6793 14.17446983471893
1 40404U 95015R   24103.90340982  .00000599  00000-0  31722-3 0    12\
2 40404  98.8159 115.1969 0004559 258.1691 101.8973 14.17447381471945
1 40404U 95015R   24103.97399871  .00000598  00000-0  31673-3 0  5064\
2 40404  98.8159 115.2669 0004561 257.9453 102.1211 14.17447480475032
1 40404U 95015R   24104.53870977  .00000644  00000-0  33978-3 0    10\
2 40404  98.8158 115.8272 0004571 255.7739 104.2928 14.17448509472039
1 40404U 95015R   24104.89165388  .00000670  00000-0  35242-3 0    17\
2 40404  98.8158 116.1774 0004580 254.5103 105.5566 14.17449159472081
1 40404U 95015R   24105.03283149  .00000673  00000-0  35397-3 0  5075\
2 40404  98.8158 116.3174 0004587 254.0411 106.0259 14.17449395475182
1 40404U 95015R   24105.59754188  .00000781  00000-0  40708-3 0    13\
2 40404  98.8157 116.8777 0004596 252.0164 108.0510 14.17450760472185
1 40404U 95015R   24106.51519511  .00000879  00000-0  45551-3 0  5086\
2 40404  98.8157 117.7881 0004618 248.6902 111.3780 14.17452728475395
1 40404U 95015R   24106.58578383  .00000881  00000-0  45664-3 0    11\
2 40404  98.8156 117.8582 0004616 248.5286 111.5397 14.17452835472320
1 40404U 95015R   24106.86813836  .00000931  00000-0  48131-3 0    15\
2 40404  98.8156 118.1383 0004623 247.5154 112.5531 14.17453571472367
1 40404U 95015R   24107.57402371  .00001188  00000-0  60803-3 0    17\
2 40404  98.8155 118.8386 0004637 244.8368 115.2326 14.17456365472465
1 40404U 95015R   24107.57402371  .00001188  00000-0  60803-3 0  5090\
2 40404  98.8155 118.8386 0004637 244.8368 115.2326 14.17456365475547
1 40404U 95015R   24108.56226207  .00001245  00000-0  63604-3 0    15\
2 40404  98.8153 119.8191 0004663 241.2211 118.8495 14.17458763472601
1 40404U 95015R   24108.98579156  .00001345  00000-0  68522-3 0  5105\
2 40404  98.8153 120.2393 0004672 240.0030 120.0681 14.17460467475741
1 40404U 95015R   24109.55049804  .00001333  00000-0  67916-3 0    19\
2 40404  98.8152 120.7996 0004698 237.9922 122.0797 14.17461715472741
1 40404U 95015R   24110.46814323  .00001500  00000-0  76178-3 0  5119\
2 40404  98.8152 121.7100 0004745 234.9123 125.1607 14.17465311475958
1 40404U 95015R   24110.46814323  .00001500  00000-0  76178-3 0    13\
2 40404  98.8152 121.7100 0004745 234.9123 125.1607 14.17465311472876
1 40404U 95015R   24111.52696198  .00001584  00000-0  80283-3 0  5120\
2 40404  98.8151 122.7604 0004794 231.2467 128.8280 14.17469153476105
1 40404U 95015R   24111.52696198  .00001584  00000-0  80283-3 0    13\
2 40404  98.8151 122.7604 0004794 231.2467 128.8280 14.17469153473023
1 40404U 95015R   24112.02107656  .00001556  00000-0  78901-3 0    18\
2 40404  98.8151 123.2506 0004797 229.7532 130.3223 14.17470619473099
1 40404U 95015R   24112.93871548  .00001751  00000-0  88518-3 0    18\
2 40404  98.8150 124.1610 0004824 226.7677 133.3095 14.17474994473227
1 40404U 95015R   24113.00930305  .00001746  00000-0  88272-3 0  5133\
2 40404  98.8150 124.2310 0004839 226.4304 133.6469 14.17475216476314
1 40404U 95015R   24113.43282820  .00001761  00000-0  89007-3 0    18\
2 40404  98.8150 124.6512 0004856 224.9637 135.1145 14.17476793473296
1 40404U 95015R   24113.92694021  .00001647  00000-0  83379-3 0    11\
2 40404  98.8150 125.1414 0004871 223.3483 136.7309 14.17477971473368
1 40404U 95015R   24114.49163903  .00001546  00000-0  78387-3 0  5144\
2 40404  98.8149 125.7017 0004903 221.3451 138.7353 14.17479470476528
1 40404U 95015R   24115.55044679  .00001564  00000-0  79278-3 0    11\
2 40404  98.8148 126.7521 0004992 217.4722 142.6105 14.17483484473596
1 40404U 95015R   24115.83279492  .00001628  00000-0  82431-3 0  5151\
2 40404  98.8148 127.0322 0005007 216.6241 143.4592 14.17484889476710
1 40404U 95015R   24116.53866494  .00001479  00000-0  75103-3 0    15\
2 40404  98.8148 127.7326 0005061 214.2751 145.8098 14.17486662473738
1 40404U 95015R   24116.89159947  .00001678  00000-0  84890-3 0    16\
2 40404  98.8148 128.0827 0005080 213.1804 146.9053 14.17488947473782
1 40404U 95015R   24116.96218624  .00001679  00000-0  84927-3 0  5165\
2 40404  98.8147 128.1528 0005099 212.9882 147.0975 14.17489230476877
1 40404U 95015R   24116.96218624  .00001679  00000-0  84927-3 0    14\
2 40404  98.8147 128.1528 0005099 212.9882 147.0975 14.17489230473795
1 40404U 95015R   24118.51509526  .00001318  00000-0  67139-3 0  5179\
2 40404  98.8147 129.6935 0005168 207.9709 152.1189 14.17492426477094
1 40404U 95015R   24118.58568193  .00001312  00000-0  66833-3 0    13\
2 40404  98.8147 129.7635 0005175 207.7289 152.3611 14.17492602474029
1 40404U 95015R   24118.93861513  .00001325  00000-0  67519-3 0    10\
2 40404  98.8147 130.1136 0005194 206.6069 153.4840 14.17493745474076
1 40404U 95015R   24119.57389474  .00001068  00000-0  54816-3 0    12\
2 40404  98.8147 130.7438 0005204 204.5964 155.4964 14.17494169474160
1 40404U 95015R   24119.78565451  .00001036  00000-0  53266-3 0  5182\
2 40404  98.8146 130.9540 0005250 203.9497 156.1435 14.17494532477270
1 40404U 95015R   24119.92682769  .00001029  00000-0  52881-3 0    11\
2 40404  98.8146 131.0940 0005256 203.4902 156.6033 14.17494846474216
1 40404U 95015R   24120.49151986  .00000935  00000-0  48280-3 0    10\
2 40404  98.8145 131.6543 0005278 201.6942 158.4010 14.17495827474291
1 40404U 95015R   24120.77386579  .00000901  00000-0  46592-3 0    16\
2 40404  98.8145 131.9344 0005309 200.8830 159.2129 14.17496330474330
1 40404U 95015R   24121.55031673  .00000854  00000-0  44266-3 0  5192\
2 40404  98.8144 132.7047 0005351 198.4671 161.6310 14.17497886477520
1 40404U 95015R   24121.55031673  .00000854  00000-0  44266-3 0    18\
2 40404  98.8144 132.7047 0005351 198.4671 161.6310 14.17497886474448
1 40404U 95015R   24121.83266224  .00000850  00000-0  44067-3 0    16\
2 40404  98.8144 132.9848 0005376 197.6479 162.4509 14.17498495474483
1 40404U 95015R   24123.24438924  .00000714  00000-0  37399-3 0  5206\
2 40404  98.8142 134.3855 0005448 193.3329 166.7702 14.17500496477763
1 40404U 95015R   24123.24438924  .00000714  00000-0  37399-3 0    10\
2 40404  98.8142 134.3855 0005448 193.3329 166.7702 14.17500496474681
1 40404U 95015R   24124.51494182  .00000644  00000-0  33902-3 0  5214\
2 40404  98.8141 135.6460 0005528 189.5374 170.5696 14.17502194477946
1 40404U 95015R   24124.51494182  .00000644  00000-0  33902-3 0    17\
2 40404  98.8141 135.6460 0005528 189.5374 170.5696 14.17502194474864
1 40404U 95015R   24124.93845904  .00000630  00000-0  33220-3 0    13\
2 40404  98.8141 136.0661 0005560 188.2975 171.8109 14.17502725474921
1 40404U 95015R   24125.57373484  .00000687  00000-0  36031-3 0  5226\
2 40404  98.8141 136.6964 0005610 186.4179 173.6924 14.17503841478092
1 40404U 95015R   24126.49135446  .00000721  00000-0  37724-3 0    13\
2 40404  98.8140 137.6068 0005663 183.7512 176.3621 14.17505299475142
1 40404U 95015R   24126.77369873  .00000725  00000-0  37921-3 0  5239\
2 40404  98.8140 137.8869 0005681 182.9571 177.1571 14.17505713478269
1 40404U 95015R   24126.77369873  .00000725  00000-0  37921-3 0    10\
2 40404  98.8140 137.8869 0005681 182.9571 177.1571 14.17505713475187
1 40404U 95015R   24127.55014501  .00000779  00000-0  40562-3 0    16\
2 40404  98.8140 138.6572 0005733 180.7767 179.3400 14.17507185475290
1 40404U 95015R   24127.76190294  .00000783  00000-0  40758-3 0    15\
2 40404  98.8139 138.8673 0005753 180.1922 179.9251 14.17507518475325
1 40404U 95015R   24127.97366079  .00000705  00000-0  36946-3 0  5242\
2 40404  98.8139 139.0773 0005764 179.6056 180.5124 14.17507470478431
1 40404U 95015R   24128.25600455  .00000815  00000-0  42355-3 0    16\
2 40404  98.8139 139.3575 0005794 178.8341 181.2848 14.17508492475393
1 40404U 95015R   24128.89127808  .00000660  00000-0  34710-3 0    16\
2 40404  98.8138 139.9877 0005836 177.0575 183.0635 14.17508567475487
1 40404U 95015R   24129.59713686  .00000752  00000-0  39236-3 0    19\
2 40404  98.8138 140.6880 0005885 175.0758 185.0476 14.17510101475588
1 40404U 95015R   24129.59713686  .00000752  00000-0  39236-3 0  5250\
2 40404  98.8138 140.6880 0005885 175.0758 185.0476 14.17510101478660
1 40404U 95015R   24130.30299487  .00000804  00000-0  41803-3 0    19\
2 40404  98.8138 141.3882 0005937 173.1107 187.0150 14.17511480475686
1 40404U 95015R   24130.86768081  .00001033  00000-0  53084-3 0  5262\
2 40404  98.8137 141.9484 0005968 171.5531 188.5745 14.17513597478844
1 40404U 95015R   24131.57353806  .00001115  00000-0  57132-3 0    13\
2 40404  98.8137 142.6486 0006002 169.5655 190.5645 14.17515100475861
1 40404U 95015R   24131.92646484  .00001311  00000-0  66754-3 0    17\
2 40404  98.8136 142.9987 0006026 168.6110 191.5202 14.17517189475916
1 40404U 95015R   24131.99705041  .00001309  00000-0  66667-3 0  5272\
2 40404  98.8136 143.0687 0006038 168.4227 191.7088 14.17517325479005
1 40404U 95015R   24132.77348512  .00002119  00000-0  10654-2 0    16\
2 40404  98.8136 143.8389 0006056 166.2275 193.9066 14.17525046476030
1 40404U 95015R   24132.98524090  .00002089  00000-0  10507-2 0  5283\
2 40404  98.8136 144.0490 0006075 165.6549 194.4799 14.17525536479142
1 40404U 95015R   24132.98524090  .00002089  00000-0  10507-2 0    19\
2 40404  98.8136 144.0490 0006075 165.6549 194.4799 14.17525536476060
1 40404U 95015R   24133.83226272  .00001905  00000-0  96018-3 0    13\
2 40404  98.8136 144.8895 0006151 163.6133 196.5241 14.17527247476188
1 40404U 95015R   24133.97343258  .00001902  00000-0  95860-3 0    13\
2 40404  98.8135 145.0295 0006162 163.2551 196.8829 14.17527795476202
1 40404U 95015R   24135.94980676  .00001563  00000-0  79139-3 0    17\
2 40404  98.8133 146.9902 0006279 157.9910 202.1536 14.17533576476483
1 40404U 95015R   24136.02039110  .00001724  00000-0  87063-3 0  5294\
2 40404  98.8133 147.0603 0006284 157.7788 202.3660 14.17534788479579
1 40404U 95015R   24136.51448336  .00001542  00000-0  78129-3 0    18\
2 40404  98.8133 147.5504 0006317 156.4699 203.6766 14.17535660476565
1 40404U 95015R   24137.50266453  .00001565  00000-0  79251-3 0  5305\
2 40404  98.8131 148.5307 0006386 153.8037 206.3462 14.17539833479784
1 40404U 95015R   24137.78500227  .00001422  00000-0  72220-3 0    19\
2 40404  98.8131 148.8108 0006414 153.2171 206.9336 14.17539961476742
1 40404U 95015R   24138.56142897  .00001356  00000-0  68935-3 0    15\
2 40404  98.8130 149.5810 0006472 151.2544 208.8989 14.17542341476858
1 40404U 95015R   24138.77318156  .00001330  00000-0  67662-3 0  5317\
2 40404  98.8130 149.7911 0006492 150.7098 209.4442 14.17542860479964
1 40404U 95015R   24138.77318156  .00001330  00000-0  67662-3 0    19\
2 40404  98.8130 149.7911 0006492 150.7098 209.4442 14.17542860476882
1 40404U 95015R   24138.98493360  .00001373  00000-0  69803-3 0    19\
2 40404  98.8129 150.0011 0006509 150.1911 209.9635 14.17543904476916
1 40404U 95015R   24139.90252637  .00001648  00000-0  83332-3 0    10\
2 40404  98.8125 150.9114 0006572 147.8311 212.3266 14.17547739477045
1 40404U 95015R   24139.97310956  .00001453  00000-0  73711-3 0  5329\
2 40404  98.8128 150.9814 0006551 147.7310 212.4266 14.17547539480133
1 40404U 95015R   24140.60836477  .00001513  00000-0  76687-3 0    15\
2 40404  98.8128 151.6116 0006586 146.1503 214.0093 14.17549831477141
1 40404U 95015R   24141.52595386  .00001414  00000-0  71807-3 0  5337\
2 40404  98.8127 152.5219 0006642 143.8825 216.2800 14.17552257480351
1 40404U 95015R   24141.59653759  .00001407  00000-0  71424-3 0    10\
2 40404  98.8127 152.5919 0006643 143.6776 216.4851 14.17552427477287
1 40404U 95015R   24142.51412515  .00001204  00000-0  61451-3 0    10\
2 40404  98.8126 153.5021 0006694 141.3532 218.8123 14.17554172477414
1 40404U 95015R   24143.00820970  .00001213  00000-0  61896-3 0  5347\
2 40404  98.8127 153.9922 0006698 140.1033 220.0635 14.17555800480568
1 40404U 95015R   24143.00820970  .00001213  00000-0  61896-3 0    16\
2 40404  98.8127 153.9922 0006698 140.1033 220.0635 14.17555800477485
1 40404U 95015R   24144.56104494  .00001073  00000-0  54987-3 0    11\
2 40404  98.8126 155.5326 0006761 136.1593 224.0119 14.17559582477704
1 40404U 95015R   24144.77279485  .00001055  00000-0  54098-3 0  5352\
2 40404  98.8125 155.7427 0006768 135.6274 224.5444 14.17560052480810
1 40404U 95015R   24144.77279485  .00001055  00000-0  54098-3 0    10\
2 40404  98.8125 155.7427 0006768 135.6274 224.5444 14.17560052477737
1 40404U 95015R   24145.54921036  .00001033  00000-0  53006-3 0    16\
2 40404  98.8125 156.5129 0006807 133.7788 226.3951 14.17562116477846
1 40404U 95015R   24145.90212632  .00000991  00000-0  50973-3 0    13\
2 40404  98.8125 156.8630 0006820 132.9030 227.2718 14.17562774477898
1 40404U 95015R   24145.97270947  .00000987  00000-0  50776-3 0  5362\
2 40404  98.8125 156.9331 0006826 132.7598 227.4152 14.17562940480983
1 40404U 95015R   24146.53737461  .00000911  00000-0  47020-3 0    16\
2 40404  98.8124 157.4933 0006873 131.4624 228.7141 14.17563912477982
1 40404U 95015R   24147.52553779  .00000792  00000-0  41139-3 0  5370\
2 40404  98.8125 158.4736 0006895 128.9939 231.1851 14.17565412481202
1 40404U 95015R   24147.59612085  .00000788  00000-0  40982-3 0    19\
2 40404  98.8125 158.5435 0006894 128.7522 231.4270 14.17565531478132
1 40404U 95015R   24148.58428305  .00000667  00000-0  34993-3 0  5385\
2 40404  98.8124 159.5236 0006931 126.3002 233.8814 14.17566739481359
1 40404U 95015R   24148.58428305  .00000667  00000-0  34993-3 0    10\
2 40404  98.8124 159.5236 0006931 126.3002 233.8814 14.17566739478276
1 40404U 95015R   24148.93719774  .00000656  00000-0  34471-3 0    11\
2 40404  98.8123 159.8737 0006953 125.5972 234.5852 14.17567333478322
1 40404U 95015R   24149.50186120  .00000627  00000-0  33019-3 0    13\
2 40404  98.8123 160.4339 0006984 124.3427 235.8409 14.17568139478400
1 40404U 95015R   24149.85477559  .00000614  00000-0  32412-3 0  5398\
2 40404  98.8123 160.7841 0006989 123.4936 236.6908 14.17568671481533
1 40404U 95015R   24150.56060424  .00000634  00000-0  33387-3 0    15\
2 40404  98.8123 161.4844 0006995 121.5651 238.6208 14.17569898478559
1 40404U 95015R   24150.77235272  .00000732  00000-0  38185-3 0    13\
2 40404  98.8122 161.6944 0007003 121.0234 239.1629 14.17570719478584
1 40404U 95015R   24150.98410100  .00000728  00000-0  38020-3 0  5402\
2 40404  98.8122 161.9045 0007001 120.5192 239.6675 14.17571086481694
1 40404U 95015R   24151.26643225  .00000705  00000-0  36883-3 0    12\
2 40404  98.8122 162.1846 0007025 120.0085 240.1787 14.17571358478653
1 40404U 95015R   24151.83109357  .00000861  00000-0  44541-3 0    11\
2 40404  98.8121 162.7447 0007067 118.8761 241.3123 14.17573248478733
1 40404U 95015R   24152.25459026  .00000765  00000-0  39834-3 0  5410\
2 40404  98.8121 163.1647 0007086 118.0311 242.1581 14.17573250481873
1 40404U 95015R   24152.25459026  .00000765  00000-0  39834-3 0    11\
2 40404  98.8121 163.1647 0007086 118.0311 242.1581 14.17573250478790
1 40404U 95015R   24152.96041725  .00000660  00000-0  34642-3 0    18\
2 40404  98.8120 163.8650 0007099 116.2993 243.8911 14.17573654478894
1 40404U 95015R   24153.59566121  .00000644  00000-0  33890-3 0    16\
2 40404  98.8120 164.4951 0007117 114.8225 245.3691 14.17574375478981
1 40404U 95015R   24153.59566121  .00000644  00000-0  33890-3 0  5426\
2 40404  98.8120 164.4951 0007117 114.8225 245.3691 14.17574375482065
1 40404U 95015R   24154.01915689  .00000641  00000-0  33739-3 0    10\
2 40404  98.8120 164.9153 0007115 113.5543 246.6380 14.17574913479042
1 40404U 95015R   24155.28964265  .00000807  00000-0  41879-3 0    12\
2 40404  98.8119 166.1757 0007157 110.5660 249.6283 14.17577503479220
1 40404U 95015R   24155.28964265  .00000807  00000-0  41879-3 0  5433\
2 40404  98.8119 166.1757 0007157 110.5660 249.6283 14.17577503482303
1 40404U 95015R   24155.85430221  .00000827  00000-0  42880-3 0    10\
2 40404  98.8119 166.7358 0007167 109.3054 250.8897 14.17578473479308
1 40404U 95015R   24156.27779649  .00000887  00000-0  45833-3 0    14\
2 40404  98.8119 167.1559 0007178 108.3297 251.8659 14.17579510479362
1 40404U 95015R   24156.77187320  .00000898  00000-0  46385-3 0  5445\
2 40404  98.8118 167.6461 0007184 107.3242 252.8719 14.17580307482519
1 40404U 95015R   24156.77187320  .00000898  00000-0  46385-3 0    13\
2 40404  98.8118 167.6461 0007184 107.3242 252.8719 14.17580307479436
1 40404U 95015R   24156.98362013  .00000877  00000-0  45318-3 0    12\
2 40404  98.8118 167.8561 0007186 106.8356 253.3608 14.17580582479462
1 40404U 95015R   24157.76002529  .00000856  00000-0  44294-3 0    11\
2 40404  98.8118 168.6263 0007193 105.0211 255.1760 14.17581774479574
1 40404U 95015R   24158.81875820  .00000879  00000-0  45423-3 0  5453\
2 40404  98.8118 169.6766 0007198 102.4545 257.7436 14.17583772482807
1 40404U 95015R   24158.81875820  .00000879  00000-0  45423-3 0    10\
2 40404  98.8118 169.6766 0007198 102.4545 257.7436 14.17583772479724
1 40404U 95015R   24160.01865306  .00001006  00000-0  51672-3 0  5463\
2 40404  98.8117 170.8669 0007211  99.6009 260.5981 14.17586811482972
1 40404U 95015R   24160.01865306  .00001006  00000-0  51672-3 0    19\
2 40404  98.8117 170.8669 0007211  99.6009 260.5981 14.17586811479899
1 40404U 95015R   24160.93621868  .00000960  00000-0  49410-3 0    18\
2 40404  98.8117 171.7771 0007221  97.4315 262.7680 14.17588301480023
1 40404U 95015R   24161.50087395  .00001036  00000-0  53166-3 0  5476\
2 40404  98.8117 172.3373 0007227  96.1106 264.0892 14.17589779483188
1 40404U 95015R   24161.50087395  .00001036  00000-0  53166-3 0    11\
2 40404  98.8117 172.3373 0007227  96.1106 264.0892 14.17589779480107
1 40404U 95015R   24161.92436474  .00001050  00000-0  53823-3 0    19\
2 40404  98.8116 172.7574 0007224  95.1451 265.0549 14.17590759480168
1 40404U 95015R   24162.48901910  .00000991  00000-0  50914-3 0    14\
2 40404  98.8116 173.3175 0007228  93.9111 266.2890 14.17591583480242
1 40404U 95015R   24162.91250919  .00001014  00000-0  52071-3 0    11\
2 40404  98.8116 173.7376 0007225  92.9095 267.2906 14.17592657480305
1 40404U 95015R   24162.98309086  .00001012  00000-0  51972-3 0  5481\
2 40404  98.8116 173.8076 0007224  92.7394 267.4608 14.17592808483393
1 40404U 95015R   24163.47716241  .00000990  00000-0  50872-3 0    17\
2 40404  98.8116 174.2978 0007224  91.6371 268.5631 14.17593779480384
1 40404U 95015R   24164.53588667  .00000777  00000-0  40423-3 0  5495\
2 40404  98.8115 175.3480 0007219  89.2014 270.9988 14.17594723483615
1 40404U 95015R   24163.97123399  .00000879  00000-0  45395-3 0    18\
2 40404  98.8115 174.7879 0007220  90.4508 269.7494 14.17594125480457
1 40404U 95015R   24164.74763132  .00000766  00000-0  39867-3 0    11\
2 40404  98.8115 175.5581 0007217  88.6946 271.5056 14.17595053480565
1 40404U 95015R   24165.59460951  .00000709  00000-0  37062-3 0    10\
2 40404  98.8115 176.3983 0007215  86.5948 273.6052 14.17596298480681
1 40404U 95015R   24165.94751682  .00000697  00000-0  36457-3 0    16\
2 40404  98.8115 176.7483 0007213  85.7440 274.4559 14.17596848480734
1 40404U 95015R   24166.58274983  .00000722  00000-0  37692-3 0    12\
2 40404  98.8114 177.3785 0007212  84.3199 275.8798 14.17598005480827
1 40404U 95015R   24167.50030763  .00000750  00000-0  39080-3 0    15\
2 40404  98.8114 178.2886 0007207  82.2154 277.9839 14.17599645480955
1 40404U 95015R   24167.92379531  .00000757  00000-0  39399-3 0    10\
2 40404  98.8114 178.7088 0007197  81.2927 278.9063 14.17600409481018
1 40404U 95015R   24168.55902707  .00000738  00000-0  38492-3 0    19\
2 40404  98.8115 179.3389 0007192  79.8123 280.3862 14.17601242481106
1 40404U 95015R   24169.68832637  .00000667  00000-0  34960-3 0    15\
2 40404  98.8115 180.4592 0007178  77.1795 283.0182 14.17602629481267
1 40404U 95015R   24170.60588110  .00000608  00000-0  32065-3 0    12\
2 40404  98.8116 181.3694 0007163  75.0271 285.1697 14.17603717481398
1 40404U 95015R   24170.74704328  .00000606  00000-0  31962-3 0  5544\
2 40404  98.8116 181.5095 0007162  74.6723 285.5243 14.17603906484496
1 40404U 95015R   24170.74704328  .00000606  00000-0  31962-3 0    11\
2 40404  98.8116 181.5095 0007162  74.6723 285.5243 14.17603906481415
1 40404U 95015R   24171.45285398  .00000572  00000-0  30327-3 0    17\
2 40404  98.8116 182.2096 0007141  73.1466 287.0492 14.17604757481518
1 40404U 95015R   24171.94692118  .00000538  00000-0  28629-3 0    17\
2 40404  98.8117 182.6997 0007122  71.9338 288.2612 14.17605251481580
1 40404U 95015R   24171.94692118  .00000538  00000-0  28629-3 0  5551\
2 40404  98.8117 182.6997 0007122  71.9338 288.2612 14.17605251484662
1 40404U 95015R   24172.51156907  .00000592  00000-0  31291-3 0    11\
2 40404  98.8118 183.2598 0007111  70.6421 289.5522 14.17606344481669
1 40404U 95015R   24173.00563578  .00000587  00000-0  31061-3 0  5566\
2 40404  98.8117 183.7499 0007101  69.4693 290.7244 14.17606984484814
1 40404U 95015R   24173.57028316  .00000656  00000-0  34453-3 0    14\
2 40404  98.8117 184.3101 0007085  68.1712 292.0215 14.17608123481817
1 40404U 95015R   24173.92318757  .00000637  00000-0  33529-3 0    16\
2 40404  98.8117 184.6601 0007073  67.3325 292.8597 14.17608512481861
1 40404U 95015R   24174.48783458  .00000638  00000-0  33530-3 0  5571\
2 40404  98.8117 185.2203 0007059  65.9498 294.2415 14.17609256485028
1 40404U 95015R   24174.48783458  .00000638  00000-0  33530-3 0    15\
2 40404  98.8117 185.2203 0007059  65.9498 294.2415 14.17609256481945
1 40404U 95015R   24175.54654671  .00000581  00000-0  30744-3 0    18\
2 40404  98.8118 186.2706 0007032  63.4305 296.7589 14.17610385482097
1 40404U 95015R   24175.54654671  .00000581  00000-0  30744-3 0  5585\
2 40404  98.8118 186.2706 0007032  63.4305 296.7589 14.17610385485179
1 40404U 95015R   24176.04061192  .00000573  00000-0  30378-3 0    18\
2 40404  98.8118 186.7607 0007022  62.1252 298.0633 14.17611028482166
1 40404U 95015R   24176.95816117  .00000557  00000-0  29564-3 0  5598\
2 40404  98.8118 187.6709 0006995  59.9213 300.2655 14.17612134485373
1 40404U 95015R   24177.59338723  .00000576  00000-0  30513-3 0    10\
2 40404  98.8116 188.3009 0006983  58.2658 301.9196 14.17613007482380
1 40404U 95015R   24177.94629023  .00000594  00000-0  31392-3 0    11\
2 40404  98.8116 188.6511 0006970  57.3751 302.8096 14.17613581482433
1 40404U 95015R   24179.00499863  .00000653  00000-0  34287-3 0  5609\
2 40404  98.8115 189.7013 0006934  54.8626 305.3198 14.17615331485668
1 40404U 95015R   24179.78138418  .00000760  00000-0  39546-3 0    12\
2 40404  98.8115 190.4713 0006890  53.1354 307.0451 14.17616934482696
1 40404U 95015R   24180.27544680  .00000854  00000-0  44193-3 0  5619\
2 40404  98.8115 190.9613 0006845  52.1647 308.0146 14.17618311485847
1 40404U 95015R   24180.27544680  .00000854  00000-0  44193-3 0    18\
2 40404  98.8115 190.9613 0006845  52.1647 308.0146 14.17618311482765
1 40404U 95015R   24180.91066959  .00000917  00000-0  47282-3 0    19\
2 40404  98.8115 191.5915 0006810  50.5838 309.5939 14.17619840482857
1 40404U 95015R   24181.54589221  .00000985  00000-0  50626-3 0  5624\
2 40404  98.8115 192.2217 0006777  49.0333 311.1427 14.17621329486024
1 40404U 95015R   24181.54589221  .00000985  00000-0  50626-3 0    12\
2 40404  98.8115 192.2217 0006777  49.0333 311.1427 14.17621329482941
1 40404U 95015R   24181.75763286  .00000992  00000-0  50950-3 0    18\
2 40404  98.8116 192.4319 0006783  48.3326 311.8429 14.17621759482977
1 40404U 95015R   24182.53401495  .00000906  00000-0  46728-3 0    19\
2 40404  98.8115 193.2021 0006746  46.4579 313.7155 14.17622792483081
1 40404U 95015R   24182.74575534  .00000903  00000-0  46596-3 0  5631\
2 40404  98.8115 193.4122 0006739  45.9043 314.2686 14.17623172486190
1 40404U 95015R   24182.74575534  .00000903  00000-0  46596-3 0    18\
2 40404  98.8115 193.4122 0006739  45.9043 314.2686 14.17623172483119
1 40404U 95015R   24183.31039621  .00000900  00000-0  46415-3 0    11\
2 40404  98.8116 193.9723 0006714  44.4988 315.6725 14.17624214483192
1 40404U 95015R   24183.94561653  .00000877  00000-0  45305-3 0  5649\
2 40404  98.8116 194.6025 0006682  42.9196 317.2499 14.17625340486362
1 40404U 95015R   24183.94561653  .00000877  00000-0  45305-3 0    15\
2 40404  98.8116 194.6025 0006682  42.9196 317.2499 14.17625340483280
1 40404U 95015R   24184.58083653  .00000829  00000-0  42951-3 0    16\
2 40404  98.8116 195.2327 0006644  41.4066 318.7611 14.17626270483375
1 40404U 95015R   24184.79257638  .00000820  00000-0  42499-3 0    13\
2 40404  98.8116 195.4427 0006631  40.8970 319.2701 14.17626610483409
1 40404U 95015R   24185.00431617  .00000837  00000-0  43334-3 0  5651\
2 40404  98.8116 195.6528 0006621  40.3494 319.8171 14.17627110486516
1 40404U 95015R   24185.85127491  .00000748  00000-0  38957-3 0    17\
2 40404  98.8115 196.4929 0006577  38.2553 321.9087 14.17628197483558
1 40404U 95015R   24186.48649314  .00000688  00000-0  35994-3 0  5667\
2 40404  98.8115 197.1231 0006535  36.7020 323.4601 14.17629136486723
1 40404U 95015R   24186.55707295  .00000683  00000-0  35747-3 0    13\
2 40404  98.8115 197.1931 0006533  36.5079 323.6540 14.17629232483650
1 40404U 95015R   24186.98055152  .00000705  00000-0  36860-3 0    10\
2 40404  98.8115 197.6132 0006510  35.3983 324.7623 14.17630125483718
1 40404U 95015R   24187.47460956  .00000707  00000-0  36918-3 0    13\
2 40404  98.8115 198.1033 0006475  34.2047 325.9544 14.17631058483781
1 40404U 95015R   24187.75692832  .00000694  00000-0  36291-3 0  5670\
2 40404  98.8115 198.3834 0006465  33.4109 326.7473 14.17631475486901
1 40404U 95015R   24187.96866739  .00000715  00000-0  37336-3 0    10\
2 40404  98.8115 198.5934 0006456  32.8142 327.3433 14.17631944483859
1 40404U 95015R   24188.60388424  .00000585  00000-0  30961-3 0    14\
2 40404  98.8115 199.2236 0006414  31.2210 328.9345 14.17632336483940
1 40404U 95015R   24188.88620270  .00000613  00000-0  32317-3 0    11\
2 40404  98.8115 199.5037 0006399  30.4630 329.6916 14.17632931483988
1 40404U 95015R   24189.02736191  .00000608  00000-0  32070-3 0  5686\
2 40404  98.8115 199.6437 0006390  30.0908 330.0633 14.17633133487080
1 40404U 95015R   24189.59199842  .00000633  00000-0  33275-3 0    12\
2 40404  98.8116 200.2038 0006359  28.6842 331.4682 14.17634186484087
1 40404U 95015R   24190.50953218  .00000645  00000-0  33902-3 0  5699\
2 40404  98.8115 201.1140 0006314  26.3591 333.7904 14.17635671487295
1 40404U 95015R   24190.58011167  .00000644  00000-0  33834-3 0    19\
2 40404  98.8115 201.1840 0006310  26.1795 333.9697 14.17635763484225
1 40404U 95015R   24190.93300892  .00000681  00000-0  35643-3 0    15\
2 40404  98.8115 201.5341 0006294  25.2180 334.9301 14.17636508484270
1 40404U 95015R   24191.56822382  .00000641  00000-0  33682-3 0    15\
2 40404  98.8115 202.1643 0006244  23.5826 336.5634 14.17637261484369
1 40404U 95015R   24191.56822382  .00000641  00000-0  33682-3 0  5706\
2 40404  98.8115 202.1643 0006244  23.5826 336.5634 14.17637261487441
1 40404U 95015R   24191.92112076  .00000650  00000-0  34136-3 0    12\
2 40404  98.8115 202.5144 0006224  22.6253 337.5195 14.17637842484415
1 40404U 95015R   24192.48575559  .00000652  00000-0  34214-3 0    12\
2 40404  98.8115 203.0745 0006184  21.1732 338.9698 14.17638743484491
1 40404U 95015R   24192.97981071  .00000633  00000-0  33315-3 0  5718\
2 40404  98.8115 203.5646 0006148  19.8213 340.3200 14.17639423487646
1 40404U 95015R   24193.47386558  .00000646  00000-0  33950-3 0    10\
2 40404  98.8116 204.0548 0006119  18.4902 341.6494 14.17640283484633
1 40404U 95015R   24193.75618252  .00000642  00000-0  33723-3 0    14\
2 40404  98.8116 204.3349 0006113  17.6792 342.4595 14.17640682484675
1 40404U 95015R   24194.53255363  .00000751  00000-0  39084-3 0  5721\
2 40404  98.8116 205.1050 0006048  15.5959 344.5401 14.17642491487865
1 40404U 95015R   24194.60313279  .00000752  00000-0  39152-3 0    14\
2 40404  98.8116 205.1751 0006044  15.4101 344.7257 14.17642602484791
1 40404U 95015R   24194.95602847  .00000741  00000-0  38623-3 0    14\
2 40404  98.8116 205.5251 0006025  14.4274 345.7072 14.17643103484848
1 40404U 95015R   24195.59124063  .00000787  00000-0  40857-3 0    16\
2 40404  98.8117 206.1553 0005976  12.7597 347.3728 14.17644259484933
1 40404U 95015R   24195.59124063  .00000787  00000-0  40857-3 0  5730\
2 40404  98.8117 206.1553 0005976  12.7597 347.3728 14.17644259488016
1 40404U 95015R   24195.94413583  .00000905  00000-0  46634-3 0    14\
2 40404  98.8117 206.5054 0005957  11.7738 348.3575 14.17645461484980
1 40404U 95015R   24196.57934733  .00000867  00000-0  44813-3 0    13\
2 40404  98.8118 207.1356 0005908  10.0562 350.0730 14.17646181485070
1 40404U 95015R   24196.79108429  .00000875  00000-0  45191-3 0  5746\
2 40404  98.8118 207.3456 0005893   9.4676 350.6609 14.17646544488183
1 40404U 95015R   24196.93224201  .00000909  00000-0  46837-3 0    10\
2 40404  98.8118 207.4857 0005882   9.0547 351.0733 14.17647031485126
1 40404U 95015R   24197.56745270  .00000941  00000-0  48444-3 0    16\
2 40404  98.8118 208.1158 0005846   7.3146 352.8113 14.17648177485217
1 40404U 95015R   24197.99092587  .00000818  00000-0  42394-3 0  5756\
2 40404  98.8118 208.5360 0005818   6.0939 354.0306 14.17648302488357
1 40404U 95015R   24198.48497730  .00000867  00000-0  44790-3 0    10\
2 40404  98.8118 209.0262 0005760   4.7287 355.3941 14.17649585485340
1 40404U 95015R   24199.47307937  .00001217  00000-0  61979-3 0  5764\
2 40404  98.8119 210.0065 0005695   1.8261 358.2934 14.17653438488564
1 40404U 95015R   24199.61423667  .00001221  00000-0  62181-3 0    13\
2 40404  98.8119 210.1465 0005688   1.3967 358.7222 14.17653754485506
1 40404U 95015R   24200.46117974  .00001229  00000-0  62570-3 0    10\
2 40404  98.8119 210.9868 0005632 358.9195   1.1967 14.17655661485621
1 40404U 95015R   24200.95522935  .00001299  00000-0  66021-3 0    13\
2 40404  98.8119 211.4769 0005604 357.4677   2.6469 14.17657119485695
1 40404U 95015R   24201.02580772  .00001310  00000-0  66537-3 0  5779\
2 40404  98.8120 211.5469 0005602 357.2583   2.8560 14.17657372488785
1 40404U 95015R   24201.51985715  .00001060  00000-0  54259-3 0    11\
2 40404  98.8120 212.0371 0005578 355.8061   4.3066 14.17657086485776
1 40404U 95015R   24202.50795399  .00001214  00000-0  61842-3 0  5784\
2 40404  98.8121 213.0174 0005514 352.9128   7.1968 14.17660249488995
1 40404U 95015R   24202.50795399  .00001214  00000-0  61842-3 0    15\
2 40404  98.8121 213.0174 0005514 352.9128   7.1968 14.17660249485914
1 40404U 95015R   24202.93142357  .00001231  00000-0  62670-3 0    11\
2 40404  98.8120 213.4376 0005491 351.6628   8.4454 14.17661352485972
1 40404U 95015R   24203.56662759  .00001238  00000-0  62988-3 0    13\
2 40404  98.8120 214.0678 0005468 349.8654  10.2409 14.17662888486063
1 40404U 95015R   24203.56662759  .00001238  00000-0  62988-3 0  5793\
2 40404  98.8120 214.0678 0005468 349.8654  10.2409 14.17662888489145
1 40404U 95015R   24204.48414290  .00001234  00000-0  62795-3 0    12\
2 40404  98.8121 214.9780 0005391 346.9893  13.1142 14.17665160486191
1 40404U 95015R   24204.97818907  .00001232  00000-0  62717-3 0    11\
2 40404  98.8121 215.4681 0005362 345.4390  14.6630 14.17666360486260
1 40404U 95015R   24204.97818907  .00001232  00000-0  62717-3 0  5803\
2 40404  98.8121 215.4681 0005362 345.4390  14.6630 14.17666360489342
1 40404U 95015R   24205.47223499  .00001260  00000-0  64063-3 0    10\
2 40404  98.8121 215.9583 0005317 343.9121  16.1884 14.17667694486338
1 40404U 95015R   24205.96628041  .00001253  00000-0  63722-3 0    19\
2 40404  98.8122 216.4484 0005301 342.3455  17.7535 14.17668831486403
1 40404U 95015R   24206.03685826  .00001253  00000-0  63729-3 0  5812\
2 40404  98.8122 216.5185 0005296 342.1253  17.9735 14.17669017489492
1 40404U 95015R   24206.03685826  .00001253  00000-0  63729-3 0    19\
2 40404  98.8122 216.5185 0005296 342.1253  17.9735 14.17669017486411
1 40404U 95015R   24206.95437094  .00001069  00000-0  54718-3 0    15\
2 40404  98.8123 217.4288 0005254 339.3295  20.7666 14.17669929486545
1 40404U 95015R   24207.02494881  .00001066  00000-0  54550-3 0    12\
2 40404  98.8123 217.4988 0005251 339.1102  20.9857 14.17670049486554
1 40404U 95015R   24207.94246027  .00000780  00000-0  40482-3 0    11\
2 40404  98.8123 218.4091 0005204 336.3015  23.7919 14.17670326486682
1 40404U 95015R   24208.01303804  .00000775  00000-0  40275-3 0  5825\
2 40404  98.8123 218.4792 0005202 336.0822  24.0110 14.17670439489776
1 40404U 95015R   24208.43650405  .00000836  00000-0  43239-3 0    10\
2 40404  98.8123 218.8994 0005161 334.7932  25.2990 14.17671694486753
1 40404U 95015R   24208.78939251  .00000779  00000-0  40472-3 0    19\
2 40404  98.8124 219.2494 0005088 333.3895  26.7018 14.17672040486804
1 40404U 95015R   24209.00112551  .00000771  00000-0  40034-3 0    17\
2 40404  98.8124 219.4595 0005085 332.7159  27.3748 14.17672403486834
1 40404U 95015R   24209.98921236  .00000761  00000-0  39560-3 0  5838\
2 40404  98.8124 220.4398 0005014 329.3974  30.6908 14.17674109490055
1 40404U 95015R   24210.62441030  .00000757  00000-0  39364-3 0    12\
2 40404  98.8125 221.0702 0004977 327.3131  32.7735 14.17675245487062
1 40404U 95015R   24211.47134031  .00000862  00000-0  44530-3 0  5840\
2 40404  98.8125 221.9105 0004944 324.5163  35.5682 14.17677260490263
1 40404U 95015R   24211.47134031  .00000862  00000-0  44530-3 0    14\
2 40404  98.8125 221.9105 0004944 324.5163  35.5682 14.17677260487180
1 40404U 95015R   24212.45942380  .00000964  00000-0  49527-3 0    11\
2 40404  98.8126 222.8910 0004909 321.5107  38.5718 14.17679604487324
1 40404U 95015R   24212.74173310  .00000974  00000-0  50026-3 0  5856\
2 40404  98.8126 223.1711 0004899 320.6380  39.4439 14.17680169490443
1 40404U 95015R   24212.95346550  .00000970  00000-0  49841-3 0    19\
2 40404  98.8126 223.3812 0004887 319.9836  40.0978 14.17680405487390
1 40404U 95015R   24213.44750663  .00000988  00000-0  50731-3 0    17\
2 40404  98.8126 223.8714 0004858 318.3097  41.7707 14.17681356487468
1 40404U 95015R   24213.94154758  .00000969  00000-0  49767-3 0    11\
2 40404  98.8126 224.3616 0004833 316.6693  43.4102 14.17682063487533
1 40404U 95015R   24213.94154758  .00000969  00000-0  49767-3 0  5869\
2 40404  98.8126 224.3616 0004833 316.6693  43.4102 14.17682063490616
1 40404U 95015R   24214.50616592  .00000889  00000-0  45866-3 0    10\
2 40404  98.8127 224.9218 0004773 314.5643  45.5141 14.17682437487613
1 40404U 95015R   24214.85905154  .00000863  00000-0  44589-3 0    16\
2 40404  98.8125 225.2718 0004769 313.4465  46.6312 14.17683004487663
1 40404U 95015R   24215.00020583  .00000862  00000-0  44525-3 0  5876\
2 40404  98.8125 225.4119 0004759 312.8244  47.2530 14.17683268490763
1 40404U 95015R   24215.56482312  .00000976  00000-0  50109-3 0    11\
2 40404  98.8125 225.9721 0004732 310.8436  49.2328 14.17684791487764
1 40404U 95015R   24216.48232465  .00000926  00000-0  47646-3 0  5882\
2 40404  98.8125 226.8825 0004693 307.5161  52.5587 14.17686297490977
1 40404U 95015R   24216.48232465  .00000926  00000-0  47646-3 0    12\
2 40404  98.8125 226.8825 0004693 307.5161  52.5587 14.17686297487894
1 40404U 95015R   24216.76463259  .00000922  00000-0  47455-3 0    14\
2 40404  98.8125 227.1626 0004685 306.5007  53.5736 14.17686810487939
1 40404U 95015R   24216.97636316  .00000955  00000-0  49100-3 0    18\
2 40404  98.8125 227.3727 0004680 305.7321  54.3418 14.17687513487968
1 40404U 95015R   24217.96443739  .00001384  00000-0  70143-3 0    11\
2 40404  98.8125 228.3530 0004645 302.2406  57.8318 14.17692505488109
1 40404U 95015R   24217.96443739  .00001384  00000-0  70143-3 0  5892\
2 40404  98.8125 228.3530 0004645 302.2406  57.8318 14.17692505491181
1 40404U 95015R   24218.95251439  .00000945  00000-0  48580-3 0    17\
2 40404  98.8126 229.3335 0004620 298.9007  61.1704 14.17691611488244
1 40404U 95015R   24219.02309112  .00000942  00000-0  48427-3 0  5908\
2 40404  98.8126 229.4035 0004618 298.6761  61.3950 14.17691748491333
1 40404U 95015R   24219.58770481  .00000921  00000-0  47430-3 0    17\
2 40404  98.8126 229.9638 0004606 296.7798  63.2906 14.17692785488333
1 40404U 95015R   24220.50520069  .00001001  00000-0  51318-3 0  5910\
2 40404  98.8127 230.8741 0004580 293.4769  66.5924 14.17695195491544
1 40404U 95015R   24220.50520069  .00001001  00000-0  51318-3 0    16\
2 40404  98.8127 230.8741 0004580 293.4769  66.5924 14.17695195488461
1 40404U 95015R   24221.56384792  .00001281  00000-0  65098-3 0    14\
2 40404  98.8127 231.9246 0004572 289.8726  70.1956 14.17699089488615
1 40404U 95015R   24221.56384792  .00001281  00000-0  65098-3 0  5929\
2 40404  98.8127 231.9246 0004572 289.8726  70.1956 14.17699089491697
1 40404U 95015R   24222.55191691  .00001357  00000-0  68808-3 0    14\
2 40404  98.8128 232.9050 0004546 285.7039  74.3634 14.17701825488759
1 40404U 95015R   24222.83422136  .00001576  00000-0  79550-3 0  5931\
2 40404  98.8128 233.1851 0004547 284.6701  75.3970 14.17703850491877
1 40404U 95015R   24222.83422136  .00001576  00000-0  79550-3 0    15\
2 40404  98.8128 233.1851 0004547 284.6701  75.3970 14.17703850488794
1 40404U 95015R   24223.61055888  .00001430  00000-0  72407-3 0    11\
2 40404  98.8128 233.9555 0004542 281.7551  78.3115 14.17705249488900
1 40404U 95015R   24223.96343866  .00001556  00000-0  78568-3 0    18\
2 40404  98.8128 234.3056 0004545 280.4974  79.5689 14.17707054488959
1 40404U 95015R   24223.96343866  .00001556  00000-0  78568-3 0  5945\
2 40404  98.8128 234.3056 0004545 280.4974  79.5689 14.17707054492033
1 40404U 95015R   24224.95150032  .00002130  00000-0  10675-2 0    12\
2 40404  98.8129 235.2861 0004538 276.9427  83.1231 14.17713434489098
1 40404U 95015R   24225.93955388  .00003119  00000-0  15522-2 0    12\
2 40404  98.8130 236.2665 0004533 272.9878  87.0778 14.17723955489238
1 40404U 95015R   24226.01012916  .00003114  00000-0  15499-2 0  5959\
2 40404  98.8130 236.3365 0004533 272.7572  87.3084 14.17724285492329
1 40404U 95015R   24226.29243571  .00001747  00000-0  87921-3 0  5963\
2 40404  98.8131 236.6166 0004528 271.5209  88.5447 14.17716708492361
1 40404U 95015R   24226.29243571  .00001747  00000-0  87921-3 0    14\
2 40404  98.8131 236.6166 0004528 271.5209  88.5447 14.17716708489288
1 40404U 95015R   24226.92761336  .00002254  00000-0  11277-2 0    12\
2 40404  98.8129 237.2467 0004527 268.7629  91.3027 14.17722679489379
1 40404U 95015R   24227.49221409  .00001912  00000-0  95985-3 0  5976\
2 40404  98.8129 237.8069 0004528 266.6318  93.4339 14.17724839492537
1 40404U 95015R   24227.49221409  .00001912  00000-0  95985-3 0    16\
2 40404  98.8129 237.8069 0004528 266.6318  93.4339 14.17724839489454
1 40404U 95015R   24227.91566426  .00001777  00000-0  89373-3 0    17\
2 40404  98.8129 238.2270 0004519 265.1090  94.9569 14.17726481489517
1 40404U 95015R   24228.76256298  .00001604  00000-0  80865-3 0  5981\
2 40404  98.8128 239.0675 0004520 262.1232  97.9430 14.17729828492715
1 40404U 95015R   24228.76256298  .00001604  00000-0  80865-3 0    10\
2 40404  98.8128 239.0675 0004520 262.1232  97.9430 14.17729828489632
1 40404U 95015R   24229.25658640  .00001806  00000-0  90803-3 0    19\
2 40404  98.8128 239.5577 0004527 260.1125  99.9539 14.17732443489701
1 40404U 95015R   24229.75060924  .00001896  00000-0  95230-3 0    14\
2 40404  98.8127 240.0480 0004534 258.2419 101.8247 14.17734527489773
1 40404U 95015R   24230.03290788  .00001894  00000-0  95100-3 0  5996\
2 40404  98.8127 240.3281 0004539 257.2822 102.7846 14.17735493492892
1 40404U 95015R   24230.24463181  .00001727  00000-0  86905-3 0    14\
2 40404  98.8127 240.5382 0004547 256.2908 103.7761 14.17735613489841
1 40404U 95015R   24230.80922779  .00001690  00000-0  85117-3 0    12\
2 40404  98.8126 241.0985 0004563 253.9435 106.1237 14.17737581489922
1 40404U 95015R   24231.02095105  .00001907  00000-0  95734-3 0    18\
2 40404  98.8126 241.3087 0004568 253.3895 106.6778 14.17739091489953
1 40404U 95015R   24231.58554610  .00001593  00000-0  80332-3 0  6004\
2 40404  98.8125 241.8690 0004587 251.1920 108.8757 14.17740211493113
1 40404U 95015R   24231.93841744  .00001621  00000-0  81685-3 0    19\
2 40404  98.8124 242.2192 0004607 249.8162 110.2518 14.17741644490085
1 40404U 95015R   24232.29128879  .00001441  00000-0  72874-3 0    16\
2 40404  98.8125 242.5694 0004612 248.8239 111.2443 14.17742309490139
1 40404U 95015R   24232.71473414  .00001431  00000-0  72379-3 0  6016\
2 40404  98.8133 242.9895 0004618 247.6875 112.3810 14.17742930493272
1 40404U 95015R   24233.56162323  .00001479  00000-0  74726-3 0    18\
2 40404  98.8133 243.8300 0004650 244.6201 115.4493 14.17746106490311
1 40404U 95015R   24233.98506721  .00001485  00000-0  75017-3 0  6026\
2 40404  98.8133 244.2502 0004668 243.1499 116.9199 14.17747556493459
1 40404U 95015R   24234.47908503  .00001528  00000-0  77145-3 0    10\
2 40404  98.8134 244.7405 0004685 241.3241 118.7463 14.17749351490446
1 40404U 95015R   24235.53769255  .00001379  00000-0  69810-3 0    11\
2 40404  98.8134 245.7910 0004725 237.6631 122.4087 14.17751935490595
1 40404U 95015R   24235.74941380  .00001368  00000-0  69302-3 0  6037\
2 40404  98.8134 246.0012 0004731 237.0310 123.0411 14.17752518493709
1 40404U 95015R   24235.96113490  .00001358  00000-0  68810-3 0    18\
2 40404  98.8134 246.2113 0004737 236.3549 123.7174 14.17753136490656
1 40404U 95015R   24236.59629840  .00001180  00000-0  60074-3 0    16\
2 40404  98.8134 246.8416 0004760 234.0604 126.0130 14.17753939490740
1 40404U 95015R   24237.01974020  .00001140  00000-0  58098-3 0  6045\
2 40404  98.8135 247.2619 0004780 232.6060 127.4680 14.17754884493886
1 40404U 95015R   24237.44318175  .00001145  00000-0  58316-3 0    14\
2 40404  98.8135 247.6822 0004792 231.1205 128.9543 14.17756028490865
1 40404U 95015R   24238.43121100  .00001092  00000-0  55720-3 0  6051\
2 40404  98.8135 248.6627 0004834 227.6998 132.3767 14.17758214494089
1 40404U 95015R   24238.43121100  .00001092  00000-0  55720-3 0    11\
2 40404  98.8135 248.6627 0004834 227.6998 132.3767 14.17758214491008
1 40404U 95015R   24238.92522518  .00001026  00000-0  52503-3 0    16\
2 40404  98.8135 249.1529 0004850 226.0864 133.9911 14.17759007491074
1 40404U 95015R   24239.27809213  .00001081  00000-0  55211-3 0    15\
2 40404  98.8136 249.5031 0004883 224.8020 135.2761 14.17760131491127
1 40404U 95015R   24239.84267868  .00001155  00000-0  58831-3 0  6066\
2 40404  98.8136 250.0635 0004918 222.8612 137.2180 14.17761900494280
1 40404U 95015R   24239.84267868  .00001155  00000-0  58831-3 0    15\
2 40404  98.8136 250.0635 0004918 222.8612 137.2180 14.17761900491209
1 40404U 95015R   24239.98382517  .00001155  00000-0  58831-3 0    19\
2 40404  98.8136 250.2035 0004926 222.4483 137.6312 14.17762271491221
1 40404U 95015R   24240.76013095  .00001123  00000-0  57264-3 0    13\
2 40404  98.8137 250.9740 0004962 219.8991 140.1820 14.17763883491331
1 40404U 95015R   24240.97185025  .00001159  00000-0  58993-3 0  6070\
2 40404  98.8137 251.1841 0004977 219.2283 140.8532 14.17764654494449
1 40404U 95015R   24241.53643447  .00001375  00000-0  69593-3 0    16\
2 40404  98.8137 251.7443 0005011 217.3394 142.7433 14.17767395491448
1 40404U 95015R   24242.10101905  .00001354  00000-0  68556-3 0  6086\
2 40404  98.8137 252.3046 0005044 215.4411 144.6430 14.17768586494601
1 40404U 95015R   24242.94789441  .00001398  00000-0  70742-3 0    10\
2 40404  98.8137 253.1450 0005092 212.5645 147.5217 14.17770931491642
1 40404U 95015R   24243.44190477  .00001395  00000-0  70561-3 0  6091\
2 40404  98.8137 253.6353 0005116 210.9436 149.1438 14.17772053494795
1 40404U 95015R   24243.44190477  .00001395  00000-0  70561-3 0    17\
2 40404  98.8137 253.6353 0005116 210.9436 149.1438 14.17772053491714
1 40404U 95015R   24243.72419594  .00001416  00000-0  71624-3 0    17\
2 40404  98.8138 253.9154 0005126 210.1045 149.9836 14.17772897491756
1 40404U 95015R   24244.28877414  .00002020  00000-0  10121-2 0    14\
2 40404  98.8138 254.4757 0005160 208.2556 151.8340 14.17778766491836
1 40404U 95015R   24244.99450324  .00001477  00000-0  74603-3 0  6106\
2 40404  98.8138 255.1761 0005207 206.0167 154.0747 14.17776998495010
1 40404U 95015R   24245.48851080  .00001625  00000-0  81817-3 0    19\
2 40404  98.8138 255.6664 0005236 204.5107 155.5820 14.17779279492005
1 40404U 95015R   24245.77080052  .00001629  00000-0  82039-3 0    15\
2 40404  98.8138 255.9465 0005258 203.6679 156.4254 14.17780170492042
1 40404U 95015R   24246.47652476  .00001671  00000-0  84069-3 0  6117\
2 40404  98.8138 256.6469 0005304 201.4709 158.6244 14.17782459495224
1 40404U 95015R   24246.47652476  .00001671  00000-0  84069-3 0    10\
2 40404  98.8138 256.6469 0005304 201.4709 158.6244 14.17782459492142
1 40404U 95015R   24246.75881389  .00001686  00000-0  84811-3 0    19\
2 40404  98.8138 256.9270 0005318 200.6219 159.4742 14.17783424492186
1 40404U 95015R   24247.46453552  .00001877  00000-0  94156-3 0    10\
2 40404  98.8137 257.6275 0005351 198.4419 161.6563 14.17786867492282
1 40404U 95015R   24247.81739565  .00001928  00000-0  96655-3 0    13\
2 40404  98.8137 257.9777 0005369 197.4130 162.6861 14.17788411492335
1 40404U 95015R   24248.02911158  .00001937  00000-0  97088-3 0  6126\
2 40404  98.8137 258.1878 0005380 196.7831 163.3167 14.17789249495445
1 40404U 95015R   24248.59368735  .00002047  00000-0  10252-2 0    17\
2 40404  98.8136 258.7480 0005415 195.0642 165.0372 14.17791740492443
1 40404U 95015R   24249.51112202  .00001833  00000-0  92018-3 0  6138\
2 40404  98.8137 259.6586 0005450 192.2969 167.8074 14.17793542495658
1 40404U 95015R   24249.93455198  .00001854  00000-0  93039-3 0    16\
2 40404  98.8136 260.0788 0005476 191.0715 169.0340 14.17795240492633
1 40404U 95015R   24250.49912494  .00001907  00000-0  95624-3 0    17\
2 40404  98.8136 260.6391 0005519 189.3818 170.7255 14.17797560492711
1 40404U 95015R   24250.85198245  .00001917  00000-0  96091-3 0  6147\
2 40404  98.8137 260.9893 0005551 188.3798 171.7285 14.17798919495844
1 40404U 95015R   24251.55769630  .00002154  00000-0  10769-2 0    18\
2 40404  98.8136 261.6898 0005625 186.4478 173.6626 14.17802933492863
1 40404U 95015R   24251.83998121  .00002206  00000-0  11027-2 0    14\
2 40404  98.8136 261.9699 0005631 185.6308 174.4804 14.17804391492907
1 40404U 95015R   24251.98112360  .00002212  00000-0  11057-2 0  6154\
2 40404  98.8136 262.1100 0005637 185.2319 174.8798 14.17805030496003
1 40404U 95015R   24252.54569359  .00001986  00000-0  99495-3 0    10\
2 40404  98.8137 262.6703 0005671 183.6632 176.4503 14.17805933493007
1 40404U 95015R   24252.82797781  .00002035  00000-0  10188-2 0    10\
2 40404  98.8137 262.9505 0005691 182.8755 177.2388 14.17807355493043
1 40404U 95015R   24253.46311742  .00002151  00000-0  10757-2 0  6163\
2 40404  98.8137 263.5806 0005746 180.7671 179.3496 14.17809861496218
1 40404U 95015R   24253.46311742  .00002151  00000-0  10757-2 0    11\
2 40404  98.8137 263.5806 0005746 180.7671 179.3496 14.17809861493136
1 40404U 95015R   24253.95711345  .00002243  00000-0  11204-2 0    18\
2 40404  98.8137 264.0709 0005769 179.3670 180.7513 14.17812229493208
1 40404U 95015R   24254.52167975  .00002153  00000-0  10763-2 0  6178\
2 40404  98.8139 264.6311 0005809 177.8233 182.2968 14.17814290496369
1 40404U 95015R   24254.52167975  .00002153  00000-0  10763-2 0    15\
2 40404  98.8139 264.6311 0005809 177.8233 182.2968 14.17814290493287
1 40404U 95015R   24255.50966862  .00002047  00000-0  10242-2 0    10\
2 40404  98.8139 265.6116 0005920 175.2797 184.8435 14.17817973493426
1 40404U 95015R   24255.86252092  .00002011  00000-0  10068-2 0  6183\
2 40404  98.8139 265.9620 0005900 174.3532 185.7711 14.17819369496559
1 40404U 95015R   24255.86252092  .00002011  00000-0  10068-2 0    19\
2 40404  98.8139 265.9620 0005900 174.3532 185.7711 14.17819369493477
1 40404U 95015R   24256.49765051  .00002951  00000-0  14670-2 0    19\
2 40404  98.8140 266.5924 0005946 172.6740 187.4522 14.17828166493569
1 40404U 95015R   24256.70936305  .00003588  00000-0  17785-2 0    12\
2 40404  98.8139 266.8023 0006002 172.0857 188.0414 14.17828828493592
1 40404U 95015R   24256.99164598  .00002425  00000-0  12094-2 0  6192\
2 40404  98.8139 267.0825 0006020 171.3237 188.8043 14.17825426496713
1 40404U 95015R   24258.47361718  .00002337  00000-0  11661-2 0  6203\
2 40404  98.8137 268.5534 0006105 167.0120 193.1213 14.17831322496924
1 40404U 95015R   24258.54418707  .00002335  00000-0  11650-2 0    11\
2 40404  98.8137 268.6234 0006105 166.8168 193.3168 14.17831615493856
1 40404U 95015R   24258.96760670  .00001918  00000-0  96102-3 0    18\
2 40404  98.8136 269.0438 0006117 165.5757 194.5594 14.17831826493916
1 40404U 95015R   24259.53216488  .00001990  00000-0  99628-3 0  6219\
2 40404  98.8139 269.6041 0006128 164.2549 195.8817 14.17834348497077
1 40404U 95015R   24259.95558306  .00001932  00000-0  96792-3 0    10\
2 40404  98.8139 270.0243 0006147 163.1163 197.0217 14.17835699494051
1 40404U 95015R   24260.52014056  .00001596  00000-0  80320-3 0    10\
2 40404  98.8139 270.5846 0006193 161.6583 198.4816 14.17835919494139
1 40404U 95015R   24261.01412755  .00001537  00000-0  77458-3 0  6225\
2 40404  98.8139 271.0748 0006225 160.2979 199.8437 14.17837364497285
1 40404U 95015R   24261.29640051  .00002571  00000-0  12805-2 0  6231\
2 40404  98.8138 271.3549 0006256 159.5467 200.5960 14.17845412497322
1 40404U 95015R   24261.29640051  .00002571  00000-0  12805-2 0    11\
2 40404  98.8138 271.3549 0006256 159.5467 200.5960 14.17845412494240
1 40404U 95015R   24262.00209937  .00001467  00000-0  74005-3 0  6240\
2 40404  98.8139 272.0553 0006280 157.6398 202.5052 14.17840585497426
1 40404U 95015R   24262.49608542  .00001306  00000-0  66132-3 0    11\
2 40404  98.8139 272.5456 0006310 156.2805 203.8662 14.17841199494414
1 40404U 95015R   24262.84893214  .00001241  00000-0  62917-3 0    17\
2 40404  98.8139 272.8957 0006327 155.3265 204.8214 14.17841886494463
1 40404U 95015R   24262.99007071  .00001229  00000-0  62338-3 0    14\
2 40404  98.8138 273.0358 0006331 154.9663 205.1820 14.17842257494484
1 40404U 95015R   24264.47202380  .00001181  00000-0  59977-3 0  6264\
2 40404  98.8139 274.5067 0006408 151.0942 209.0589 14.17846149497775
1 40404U 95015R   24264.47202380  .00001181  00000-0  59977-3 0    11\
2 40404  98.8139 274.5067 0006408 151.0942 209.0589 14.17846149494693
1 40404U 95015R   24264.96600724  .00001158  00000-0  58854-3 0    16\
2 40404  98.8138 274.9969 0006433 149.8163 210.3384 14.17847334494768
1 40404U 95015R   24265.45999084  .00001071  00000-0  54607-3 0    17\
2 40404  98.8139 275.4872 0006467 148.6259 211.5303 14.17847991494839
1 40404U 95015R   24265.81283579  .00001068  00000-0  54444-3 0  6271\
2 40404  98.8138 275.8374 0006485 147.8688 212.2883 14.17848790497962
1 40404U 95015R   24266.44795649  .00001021  00000-0  52152-3 0    16\
2 40404  98.8138 276.4678 0006527 146.4076 213.7514 14.17849950494973
1 40404U 95015R   24267.01250785  .00000986  00000-0  50446-3 0  6285\
2 40404  98.8138 277.0281 0006549 144.9559 215.2048 14.17850919498131
1 40404U 95015R   24267.29478300  .00001213  00000-0  61549-3 0    15\
2 40404  98.8138 277.3083 0006564 144.2155 215.9461 14.17852797495090
1 40404U 95015R   24267.85933277  .00001295  00000-0  65586-3 0    11\
2 40404  98.8138 277.8686 0006595 142.8588 217.3044 14.17854631495173
1 40404U 95015R   24268.49445298  .00001121  00000-0  57035-3 0  6297\
2 40404  98.8138 278.4989 0006627 141.2609 218.9042 14.17854575498343
1 40404U 95015R   24268.49445298  .00001121  00000-0  57035-3 0    11\
2 40404  98.8138 278.4989 0006627 141.2609 218.9042 14.17854575495261
1 40404U 95015R   24268.77672782  .00001142  00000-0  58091-3 0    18\
2 40404  98.8138 278.7791 0006638 140.5620 219.6039 14.17855238495308
1 40404U 95015R   24269.27070795  .00001203  00000-0  61079-3 0    18\
2 40404  98.8139 279.2693 0006659 139.3473 220.8201 14.17856760495374
1 40404U 95015R   24270.25866774  .00001314  00000-0  66486-3 0  6306\
2 40404  98.8139 280.2498 0006707 136.9138 223.2563 14.17859547498595
1 40404U 95015R   24270.96435228  .00001303  00000-0  65969-3 0    15\
2 40404  98.8139 280.9502 0006719 135.1499 225.0220 14.17861114495615
1 40404U 95015R   24271.45833089  .00001288  00000-0  65226-3 0  6314\
2 40404  98.8139 281.4405 0006753 133.8992 226.2741 14.17862211498763
1 40404U 95015R   24271.45833089  .00001288  00000-0  65226-3 0    15\
2 40404  98.8139 281.4405 0006753 133.8992 226.2741 14.17862211495681
1 40404U 95015R   24272.94026301  .00001412  00000-0  71257-3 0    11\
2 40404  98.8138 282.9112 0006807 130.1049 230.0724 14.17866800495899
1 40404U 95015R   24273.01083108  .00001414  00000-0  71382-3 0  6329\
2 40404  98.8138 282.9813 0006810 129.9352 230.2423 14.17867015498984
1 40404U 95015R   24273.01083108  .00001414  00000-0  71382-3 0    19\
2 40404  98.8138 282.9813 0006810 129.9352 230.2423 14.17867015495903
1 40404U 95015R   24274.49275755  .00001551  00000-0  78044-3 0  6338\
2 40404  98.8137 284.4520 0006869 126.3173 233.8637 14.17872246499193
1 40404U 95015R   24274.49275755  .00001551  00000-0  78044-3 0    17\
2 40404  98.8137 284.4520 0006869 126.3173 233.8637 14.17872246496112
1 40404U 95015R   24274.91616370  .00001644  00000-0  82595-3 0    15\
2 40404  98.8135 284.8722 0006884 125.0863 235.0958 14.17874220496177
1 40404U 95015R   24275.48070480  .00001699  00000-0  85276-3 0    13\
2 40404  98.8136 285.4327 0006899 123.8301 236.3531 14.17876447496258
1 40404U 95015R   24275.76297504  .00001710  00000-0  85837-3 0  6341\
2 40404  98.8136 285.7128 0006911 123.1442 237.0396 14.17877467499370
1 40404U 95015R   24275.76297504  .00001710  00000-0  85837-3 0    19\
2 40404  98.8136 285.7128 0006911 123.1442 237.0396 14.17877467496298
1 40404U 95015R   24276.46864809  .00002468  00000-0  12287-2 0    14\
2 40404  98.8135 286.4131 0006930 121.4557 238.7296 14.17884495496395
1 40404U 95015R   24276.75091684  .00002650  00000-0  13177-2 0    11\
2 40404  98.8135 286.6932 0006938 120.7401 239.4458 14.17886678496432
1 40404U 95015R   24276.96261816  .00002686  00000-0  13356-2 0  6351\
2 40404  98.8134 286.9033 0006942 120.1952 239.9911 14.17887872499547
1 40404U 95015R   24277.45659051  .00002691  00000-0  13380-2 0    18\
2 40404  98.8135 287.3935 0006971 119.0984 241.0890 14.17889185496533
1 40404U 95015R   24278.02112553  .00003042  00000-0  15094-2 0  6362\
2 40404  98.8132 287.9537 0006979 117.6871 242.5013 14.17893824499699
1 40404U 95015R   24278.02112553  .00003042  00000-0  15094-2 0    18\
2 40404  98.8132 287.9537 0006979 117.6871 242.5013 14.17893824496618
1 40404U 95015R   24278.86792907  .00002858  00000-0  14192-2 0    19\
2 40404  98.8132 288.7942 0006993 115.9217 244.2679 14.17896144496736
1 40404U 95015R   24279.43246391  .00003238  00000-0  16048-2 0  6374\
2 40404  98.8127 289.3548 0006996 115.2469 244.9431 14.17898071499898
1 40404U 95015R   24279.43246391  .00003238  00000-0  16048-2 0    19\
2 40404  98.8127 289.3548 0006996 115.2469 244.9431 14.17898071496817
1 40404U 95015R   24279.78529690  .00003070  00000-0  15228-2 0    16\
2 40404  98.8128 289.7047 0007004 114.2449 245.9459 14.17899277496869
1 40404U 95015R   24280.49096137  .00002489  00000-0  12386-2 0  6382\
2 40404  98.8129 290.4050 0006994 112.6818 247.5096 14.17901147500043
1 40404U 95015R   24280.49096137  .00002489  00000-0  12386-2 0    16\
2 40404  98.8129 290.4050 0006994 112.6818 247.5096 14.17901147496968
1 40404U 95015R   24280.56152783  .00002480  00000-0  12342-2 0    17\
2 40404  98.8129 290.4750 0006997 112.4987 247.6929 14.17901411496974
1 40404U 95015R   24281.47888873  .00002466  00000-0  12275-2 0    13\
2 40404  98.8130 291.3853 0007036 109.9973 250.1960 14.17906072497109
1 40404U 95015R   24281.76115310  .00002461  00000-0  12250-2 0  6399\
2 40404  98.8129 291.6655 0007071 109.0750 251.1191 14.17907423500229
1 40404U 95015R   24281.76115310  .00002461  00000-0  12250-2 0    12\
2 40404  98.8129 291.6655 0007071 109.0750 251.1191 14.17907423497145
1 40404U 95015R   24281.97285107  .00002524  00000-0  12557-2 0    17\
2 40404  98.8130 291.8755 0007075 108.4707 251.7238 14.17908761497176
1 40404U 95015R   24282.74907260  .00003855  00000-0  19057-2 0    14\
2 40404  98.8133 292.6458 0007073 106.6499 253.5453 14.17918394497288
1 40404U 95015R   24282.96077257  .00002336  00000-0  11638-2 0  6401\
2 40404  98.8133 292.8559 0007075 106.1213 254.0741 14.17913471500397
1 40404U 95015R   24282.96077257  .00002336  00000-0  11638-2 0    12\
2 40404  98.8133 292.8559 0007075 106.1213 254.0741 14.17913471497314
1 40404U 95015R   24284.01925620  .00002371  00000-0  11807-2 0  6413\
2 40404  98.8134 293.9064 0007089 103.5839 256.6126 14.17919168500542
1 40404U 95015R   24284.58377991  .00002328  00000-0  11598-2 0    16\
2 40404  98.8132 294.4669 0007094 102.2142 257.9828 14.17921635497546
1 40404U 95015R   24285.00716728  .00005025  00000-0  24767-2 0  6429\
2 40404  98.8130 294.8870 0007087 101.0121 259.1851 14.17934254500689
1 40404U 95015R   24285.50112575  .00003309  00000-0  16385-2 0  6435\
2 40404  98.8126 295.3771 0007092  99.9278 260.2698 14.17929649500756
1 40404U 95015R   24285.50112575  .00003309  00000-0  16385-2 0    13\
2 40404  98.8126 295.3771 0007092  99.9278 260.2698 14.17929649497672
1 40404U 95015R   24286.27733979  .00002373  00000-0  11815-2 0    18\
2 40404  98.8128 296.1477 0007058  98.2150 261.9826 14.17931360497785
1 40404U 95015R   24286.55959926  .00002250  00000-0  11213-2 0  6440\
2 40404  98.8130 296.4280 0007114  97.5656 262.6328 14.17932366500900
1 40404U 95015R   24287.47694033  .00001958  00000-0  97878-3 0    10\
2 40404  98.8130 297.3385 0007085  95.3064 264.8920 14.17935786497953
1 40404U 95015R   24287.75919865  .00001635  00000-0  82082-3 0  6451\
2 40404  98.8129 297.6186 0007074  94.6084 265.5899 14.17936013501071
1 40404U 95015R   24287.75919865  .00001635  00000-0  82082-3 0    17\
2 40404  98.8129 297.6186 0007074  94.6084 265.5899 14.17936013497996
1 40404U 95015R   24288.46484418  .00001372  00000-0  69230-3 0    15\
2 40404  98.8131 298.3191 0007087  92.7709 267.4277 14.17937920498091
1 40404U 95015R   24289.02935986  .00001396  00000-0  70401-3 0  6462\
2 40404  98.8128 298.8792 0007085  91.4508 268.7479 14.17939728501259
1 40404U 95015R   24289.02935986  .00001396  00000-0  70401-3 0    17\
2 40404  98.8128 298.8792 0007085  91.4508 268.7479 14.17939728498175
1 40404U 95015R   24290.51121188  .00001953  00000-0  97577-3 0  6472\
2 40404  98.8131 300.3499 0007044  87.6191 272.5790 14.17946115501466
1 40404U 95015R   24290.51121188  .00001953  00000-0  97577-3 0    16\
2 40404  98.8131 300.3499 0007044  87.6191 272.5790 14.17946115498382
1 40404U 95015R   24291.49911050  .00002130  00000-0  10621-2 0    11\
2 40404  98.8131 301.3303 0007049  85.2911 274.9069 14.17949988498528
1 40404U 95015R   24291.99305874  .00002100  00000-0  10477-2 0  6480\
2 40404  98.8128 301.8201 0007034  84.2508 275.9469 14.17951295501671
1 40404U 95015R   24292.27531426  .00002254  00000-0  11230-2 0    17\
2 40404  98.8128 302.1002 0007038  83.6070 276.5907 14.17953057498638
1 40404U 95015R   24292.76926195  .00002100  00000-0  10474-2 0    11\
2 40404  98.8127 302.5905 0007040  82.3818 277.8157 14.17953585498707
1 40404U 95015R   24293.47489994  .00002289  00000-0  11396-2 0    13\
2 40404  98.8128 303.2907 0007053  80.7277 279.4695 14.17956825498809
1 40404U 95015R   24293.47489994  .00002289  00000-0  11396-2 0  6491\
2 40404  98.8128 303.2907 0007053  80.7277 279.4695 14.17956825501882
1 40404U 95015R   24293.96884703  .00001826  00000-0  91385-3 0    17\
2 40404  98.8128 303.7809 0007017  79.5139 280.6826 14.17955570498871
1 40404U 95015R   24294.60392076  .00001836  00000-0  91876-3 0  6502\
2 40404  98.8127 304.4111 0007000  77.9258 282.2701 14.17957312502041
1 40404U 95015R   24294.60392076  .00001836  00000-0  91876-3 0    12\
2 40404  98.8127 304.4111 0007000  77.9258 282.2701 14.17957312498966
1 40404U 95015R   24295.02730585  .00001201  00000-0  60853-3 0    17\
2 40404  98.8127 304.8314 0006990  76.8489 283.3466 14.17954126499024
1 40404U 95015R   24296.50914173  .00001028  00000-0  52407-3 0    11\
2 40404  98.8123 306.3017 0006985  73.3093 286.8848 14.17956816499237
1 40404U 95015R   24295.02730585  .00001201  00000-0  60853-3 0  6518\
2 40404  98.8127 304.8314 0006990  76.8489 283.3466 14.17954126502108
1 40404U 95015R   24296.50914173  .00001028  00000-0  52407-3 0  6523\
2 40404  98.8123 306.3017 0006985  73.3093 286.8848 14.17956816502311
1 40404U 95015R   24297.56759326  .00001100  00000-0  55928-3 0    17\
2 40404  98.8121 307.3521 0006978  70.7883 289.4047 14.17959856499389
1 40404U 95015R   24297.77928341  .00001094  00000-0  55616-3 0    11\
2 40404  98.8121 307.5622 0006969  70.2831 289.9096 14.17960309499419
1 40404U 95015R   24297.99097316  .00001116  00000-0  56662-3 0  6534\
2 40404  98.8121 307.7723 0006960  69.6940 290.4982 14.17961042502520
1 40404U 95015R   24298.55547901  .00001349  00000-0  68084-3 0    13\
2 40404  98.8120 308.3326 0006947  68.3512 291.8402 14.17963825499529
1 40404U 95015R   24298.62604226  .00001348  00000-0  67999-3 0    18\
2 40404  98.8121 308.4025 0006949  68.2305 291.9609 14.17963986499537
1 40404U 95015R   24299.75505230  .00001349  00000-0  68072-3 0  6546\
2 40404  98.8121 309.5229 0006914  65.4201 294.7694 14.17967035502776
1 40404U 95015R   24299.96674130  .00001347  00000-0  67966-3 0    10\
2 40404  98.8120 309.7329 0006904  64.8147 295.3743 14.17967637499729
1 40404U 95015R   24300.53124522  .00001401  00000-0  70618-3 0    10\
2 40404  98.8120 310.2932 0006893  63.5148 296.6733 14.17969441499807
1 40404U 95015R   24300.74293390  .00001415  00000-0  71272-3 0    15\
2 40404  98.8120 310.5033 0006883  63.0275 297.1602 14.17970090499833
1 40404U 95015R   24300.95462164  .00001524  00000-0  76585-3 0  6553\
2 40404  98.8120 310.7133 0006881  62.5083 297.6791 14.17971556502944
1 40404U 95015R   24300.95462164  .00001524  00000-0  76585-3 0    18\
2 40404  98.8120 310.7133 0006881  62.5083 297.6791 14.17971556499860
1 40404U 95015R   24301.58968634  .00001895  00000-0  94701-3 0    12\
2 40404  98.8120 311.3435 0006867  60.9596 299.2266 14.17975504499959
1 40404U 95015R   24302.01306194  .00001987  00000-0  99181-3 0  6563\
2 40404  98.8120 311.7636 0006865  59.8707 300.3148 14.17977461503093
1 40404U 95015R   24302.50699905  .00002105  00000-0  10496-2 0    10\
2 40404  98.8119 312.2539 0006866  58.7655 301.4192 14.17980006500086
1 40404U 95015R   24302.78924853  .00002141  00000-0  10670-2 0    17\
2 40404  98.8118 312.5340 0006855  58.0996 302.0845 14.17981283500122
1 40404U 95015R   24303.49487195  .00002149  00000-0  10707-2 0  6575\
2 40404  98.8118 313.2342 0006837  56.3771 303.8056 14.17983969503303
1 40404U 95015R   24303.49487195  .00002149  00000-0  10707-2 0    18\
2 40404  98.8118 313.2342 0006837  56.3771 303.8056 14.17983969500221
1 40404U 95015R   24303.98880661  .00002220  00000-0  11053-2 0    12\
2 40404  98.8118 313.7244 0006816  55.0528 305.1287 14.17986504500296
1 40404U 95015R   24304.27105501  .00002383  00000-0  11852-2 0    15\
2 40404  98.8116 314.0048 0006791  54.5373 305.6435 14.17988154500332
1 40404U 95015R   24304.76498866  .00002343  00000-0  11655-2 0  6583\
2 40404  98.8114 314.4949 0006777  53.2492 306.9305 14.17990295503484
1 40404U 95015R   24304.97667410  .00002366  00000-0  11768-2 0    11\
2 40404  98.8114 314.7050 0006761  52.5216 307.6573 14.17991438500436
1 40404U 95015R   24305.96453773  .00002375  00000-0  11809-2 0  6591\
2 40404  98.8112 315.6853 0006719  49.9769 310.1995 14.17996272503656
1 40404U 95015R   24306.52902955  .00002371  00000-0  11792-2 0    13\
2 40404  98.8110 316.2455 0006694  48.5102 311.6647 14.17999174500658
1 40404U 95015R   24306.74071372  .00002353  00000-0  11703-2 0    19\
2 40404  98.8110 316.4555 0006683  47.9513 312.2230 14.18000122500683
1 40404U 95015R   24307.02295863  .00002486  00000-0  12350-2 0    10\
2 40404  98.8109 316.7356 0006664  47.2441 312.9294 14.18002214500721
1 40404U 95015R   24307.94025350  .00002600  00000-0  12907-2 0    19\
2 40404  98.8106 317.6458 0006619  44.8199 315.3509 14.18007440500850
1 40404U 95015R   24308.01081451  .00002570  00000-0  12760-2 0  6617\
2 40404  98.8106 317.7159 0006612  44.6957 315.4750 14.18007739503945
1 40404U 95015R   24308.50474095  .00002478  00000-0  12308-2 0    14\
2 40404  98.8105 318.2059 0006594  43.4782 316.6912 14.18010232500932
1 40404U 95015R   24309.28090908  .00002664  00000-0  13214-2 0  6624\
2 40404  98.8104 318.9759 0006561  41.4921 318.6751 14.18015051504124
1 40404U 95015R   24309.56315144  .00002340  00000-0  11634-2 0    19\
2 40404  98.8107 319.2561 0006564  40.8397 319.3269 14.18015705501085
1 40404U 95015R   24309.77483321  .00002278  00000-0  11332-2 0    10\
2 40404  98.8108 319.4662 0006563  40.4229 319.7433 14.18016529501115
1 40404U 95015R   24310.48043765  .00002295  00000-0  11416-2 0  6630\
2 40404  98.8109 320.1664 0006525  38.7034 321.4607 14.18020252504292
1 40404U 95015R   24310.62155831  .00002042  00000-0  10180-2 0    17\
2 40404  98.8107 320.3063 0006523  38.5777 321.5863 14.18020244501232
1 40404U 95015R   24311.53884137  .00002375  00000-0  11804-2 0    19\
2 40404  98.8110 321.2167 0006471  36.0348 324.1262 14.18025582501366
1 40404U 95015R   24311.53884137  .00002375  00000-0  11804-2 0  6644\
2 40404  98.8110 321.2167 0006471  36.0348 324.1262 14.18025582504448
1 40404U 95015R   24312.03276173  .00002154  00000-0  10724-2 0    15\
2 40404  98.8111 321.7068 0006449  34.7886 325.3710 14.18027279501433
1 40404U 95015R   24313.02060031  .00002148  00000-0  10696-2 0  6656\
2 40404  98.8113 322.6870 0006397  31.9620 328.1942 14.18031817504651
1 40404U 95015R   24313.79675727  .00002185  00000-0  10873-2 0    16\
2 40404  98.8113 323.4572 0006341  30.3783 329.7758 14.18035337501684
1 40404U 95015R   24314.29067383  .00002388  00000-0  11866-2 0  6660\
2 40404  98.8114 323.9474 0006323  28.8453 331.3071 14.18038405504833
1 40404U 95015R   24314.29067383  .00002388  00000-0  11866-2 0    13\
2 40404  98.8114 323.9474 0006323  28.8453 331.3071 14.18038405501751
1 40404U 95015R   24314.78458847  .00003064  00000-0  15157-2 0    15\
2 40404  98.8113 324.4376 0006291  27.7416 332.4093 14.18043492501824
1 40404U 95015R   24315.27850486  .00002400  00000-0  11921-2 0    13\
2 40404  98.8113 324.9279 0006269  26.3121 333.8371 14.18043144501899
1 40404U 95015R   24315.77241976  .00002052  00000-0  10223-2 0  6671\
2 40404  98.8113 325.4181 0006250  25.2214 334.9265 14.18044103505049
1 40404U 95015R   24315.77241976  .00002052  00000-0  10223-2 0    13\
2 40404  98.8113 325.4181 0006250  25.2214 334.9265 14.18044103501966
1 40404U 95015R   24316.47801087  .00002038  00000-0  10155-2 0    14\
2 40404  98.8113 326.1184 0006220  23.3379 336.8077 14.18047129502060
1 40404U 95015R   24316.97192405  .00001770  00000-0  88513-3 0  6681\
2 40404  98.8111 326.6085 0006199  22.0471 338.0970 14.18048231505218
1 40404U 95015R   24316.97192405  .00001770  00000-0  88513-3 0    12\
2 40404  98.8111 326.6085 0006199  22.0471 338.0970 14.18048231502136
1 40404U 95015R   24317.95974869  .00001417  00000-0  71253-3 0    14\
2 40404  98.8108 327.5888 0006146  19.2826 340.8581 14.18050761502272
1 40404U 95015R   24318.31254307  .00001445  00000-0  72619-3 0  6691\
2 40404  98.8107 327.9389 0006141  18.2230 341.9164 14.18051834505403
1 40404U 95015R   24318.52422009  .00001506  00000-0  75628-3 0    11\
2 40404  98.8110 328.1488 0006133  17.5610 342.5776 14.18051810502356
1 40404U 95015R   24318.59477889  .00001502  00000-0  75402-3 0    10\
2 40404  98.8109 328.2187 0006141  17.2402 342.8981 14.18052017502368
1 40404U 95015R   24319.58260102  .00001331  00000-0  67084-3 0    15\
2 40404  98.8107 329.1989 0006075  14.8026 345.3326 14.18054375502503
1 40404U 95015R   24319.58260102  .00001331  00000-0  67084-3 0  6707\
2 40404  98.8107 329.1989 0006075  14.8026 345.3326 14.18054375505584
1 40404U 95015R   24320.28818708  .00001180  00000-0  59709-3 0    12\
2 40404  98.8107 329.8990 0006034  12.8934 347.2394 14.18055726502601
1 40404U 95015R   24320.99377213  .00001188  00000-0  60123-3 0  6714\
2 40404  98.8107 330.5992 0005993  10.9218 349.2086 14.18057859505780
1 40404U 95015R   24321.27600664  .00001015  00000-0  51647-3 0    12\
2 40404  98.8107 330.8792 0005975  10.1718 349.9577 14.18057506502742
1 40404U 95015R   24322.47550044  .00000889  00000-0  45539-3 0  6726\
2 40404  98.8105 332.0694 0005923   6.6582 353.4670 14.18059566505999
1 40404U 95015R   24322.47550044  .00000889  00000-0  45539-3 0    12\
2 40404  98.8105 332.0694 0005923   6.6582 353.4670 14.18059566502918
1 40404U 95015R   24323.46331790  .00000791  00000-0  40729-3 0    15\
2 40404  98.8106 333.0496 0005856   3.9519 356.1701 14.18060947503051
1 40404U 95015R   24323.74555119  .00000796  00000-0  40985-3 0  6733\
2 40404  98.8105 333.3298 0005832   3.1871 356.9340 14.18061487506173
1 40404U 95015R   24323.74555119  .00000796  00000-0  40985-3 0    18\
2 40404  98.8105 333.3298 0005832   3.1871 356.9340 14.18061487503091
1 40404U 95015R   24324.45113393  .00000830  00000-0  42624-3 0    12\
2 40404  98.8106 334.0299 0005803   1.1462 358.9725 14.18062984503196
1 40404U 95015R   24324.94504107  .00000960  00000-0  48993-3 0    12\
2 40404  98.8105 334.5198 0005808 359.4612   0.6556 14.18064671503265
1 40404U 95015R   24324.94504107  .00000960  00000-0  48993-3 0  6748\
2 40404  98.8105 334.5198 0005808 359.4612   0.6556 14.18064671506347
1 40404U 95015R   24325.50950636  .00000908  00000-0  46462-3 0    18\
2 40404  98.8104 335.0799 0005775 357.8568   2.2582 14.18065449503342
1 40404U 95015R   24327.55568926  .00001175  00000-0  59461-3 0    12\
2 40404  98.8104 337.1101 0005680 351.9581   8.1502 14.18070748503634
1 40404U 95015R   24327.97903643  .00001193  00000-0  60327-3 0  6757\
2 40404  98.8103 337.5302 0005660 350.6783   9.4286 14.18071757506770
1 40404U 95015R   24328.47294129  .00001131  00000-0  57298-3 0    13\
2 40404  98.8103 338.0202 0005642 349.1594  10.9458 14.18072473503768
1 40404U 95015R   24330.02521064  .00001159  00000-0  58658-3 0  6767\
2 40404  98.8102 339.5604 0005606 344.2981  15.8020 14.18076125507069
1 40404U 95015R   24330.44855543  .00001272  00000-0  64189-3 0    19\
2 40404  98.8103 339.9806 0005533 343.2825  16.8167 14.18077945504042
1 40404U 95015R   24330.51911317  .00001253  00000-0  63236-3 0    10\
2 40404  98.8102 340.0506 0005520 343.1185  16.9805 14.18077951504053
1 40404U 95015R   24331.01301538  .00001323  00000-0  66672-3 0    19\
2 40404  98.8102 340.5406 0005491 341.6476  18.4500 14.18079610504121
1 40404U 95015R   24331.57747462  .00001506  00000-0  75570-3 0  6779\
2 40404  98.8102 341.1007 0005466 340.0326  20.0634 14.18082043507285
1 40404U 95015R   24331.57747462  .00001506  00000-0  75570-3 0    10\
2 40404  98.8102 341.1007 0005466 340.0326  20.0634 14.18082043504204
1 40404U 95015R   24333.20028991  .00001419  00000-0  71330-3 0  6784\
2 40404  98.8102 342.7112 0005431 334.7264  25.3645 14.18086414507514
1 40404U 95015R   24333.20028991  .00001419  00000-0  71330-3 0    14\
2 40404  98.8102 342.7112 0005431 334.7264  25.3645 14.18086414504432
1 40404U 95015R   24334.25864426  .00001635  00000-0  81850-3 0  6790\
2 40404  98.8103 343.7615 0005353 331.5966  28.4916 14.18091012507662
1 40404U 95015R   24334.25864426  .00001635  00000-0  81850-3 0    19\
2 40404  98.8103 343.7615 0005353 331.5966  28.4916 14.18091012504580
1 40404U 95015R   24334.75254190  .00001553  00000-0  77869-3 0    19\
2 40404  98.8100 344.2514 0005314 329.9490  30.1379 14.18092248504654
1 40404U 95015R   24335.31699560  .00001636  00000-0  81899-3 0  6809\
2 40404  98.8097 344.8112 0005275 328.1234  31.9621 14.18094637507816
1 40404U 95015R   24335.31699560  .00001636  00000-0  81899-3 0    16\
2 40404  98.8097 344.8112 0005275 328.1234  31.9621 14.18094637504734
1 40404U 95015R   24336.30478867  .00001551  00000-0  77724-3 0    19\
2 40404  98.8096 345.7913 0005235 325.0469  35.0362 14.18097326504874
1 40404U 95015R   24337.50424851  .00001532  00000-0  76828-3 0  6813\
2 40404  98.8094 346.9814 0005205 321.2693  38.8109 14.18101092508127
1 40404U 95015R   24337.50424851  .00001532  00000-0  76828-3 0    19\
2 40404  98.8094 346.9814 0005205 321.2693  38.8109 14.18101092505045
1 40404U 95015R   24337.78647411  .00001411  00000-0  70928-3 0    19\
2 40404  98.8096 347.2615 0005179 320.1756  39.9039 14.18101272505086
1 40404U 95015R   24338.56259294  .00001369  00000-0  68846-3 0    12\
2 40404  98.8095 348.0316 0005146 317.6161  42.4616 14.18103592505196
1 40404U 95015R   24338.56259294  .00001369  00000-0  68846-3 0  6827\
2 40404  98.8095 348.0316 0005146 317.6161  42.4616 14.18103592508278
1 40404U 95015R   24339.47982266  .00001350  00000-0  67951-3 0    11\
2 40404  98.8096 348.9418 0005112 314.5278  45.5479 14.18106453505322
1 40404U 95015R   24340.46760686  .00001347  00000-0  67777-3 0  6830\
2 40404  98.8096 349.9218 0005143 311.3580  48.7152 14.18109424508547
1 40404U 95015R   24340.46760686  .00001347  00000-0  67777-3 0    14\
2 40404  98.8096 349.9218 0005143 311.3580  48.7152 14.18109424505465
1 40404U 95015R   24340.96149842  .00001193  00000-0  60300-3 0    18\
2 40404  98.8097 350.4119 0005132 309.8152  50.2571 14.18110007505538
1 40404U 95015R   24341.03205446  .00001181  00000-0  59685-3 0    11\
2 40404  98.8098 350.4821 0005119 309.6709  50.4015 14.18110094505542
1 40404U 95015R   24342.01983618  .00001147  00000-0  58051-3 0  6849\
2 40404  98.8098 351.4622 0005093 306.4898  53.5807 14.18112604508766
1 40404U 95015R   24342.58428193  .00001242  00000-0  62680-3 0    15\
2 40404  98.8096 352.0220 0005017 304.1953  55.8746 14.18114662505768
1 40404U 95015R   24342.93706033  .00001216  00000-0  61423-3 0    11\
2 40404  98.8094 352.3719 0004997 302.9503  57.1191 14.18115446505811
1 40404U 95015R   24343.57206092  .00001208  00000-0  61028-3 0    14\
2 40404  98.8095 353.0020 0005004 301.0148  59.0535 14.18117051505907
1 40404U 95015R   24343.57206092  .00001208  00000-0  61028-3 0  6852\
2 40404  98.8095 353.0020 0005004 301.0148  59.0535 14.18117051508988
1 40404U 95015R   24343.92483854  .00001242  00000-0  62659-3 0    15\
2 40404  98.8095 353.3520 0005000 299.8322  60.2355 14.18118186505958
1 40404U 95015R   24343.99539404  .00001242  00000-0  62644-3 0    19\
2 40404  98.8094 353.4220 0005004 299.6025  60.4652 14.18118378505963
1 40404U 95015R   24345.47705799  .00001225  00000-0  61832-3 0  6864\
2 40404  98.8093 354.8921 0004977 294.6114  65.4542 14.18122185509257
1 40404U 95015R   24345.47705799  .00001225  00000-0  61832-3 0    15\
2 40404  98.8093 354.8921 0004977 294.6114  65.4542 14.18122185506175
1 40404U 95015R   24345.75927931  .00001136  00000-0  57480-3 0    15\
2 40404  98.8093 355.1722 0004973 293.7066  66.3587 14.18122402506216
1 40404U 95015R   24346.53538720  .00001052  00000-0  53396-3 0    15\
2 40404  98.8092 355.9422 0004966 291.0723  68.9921 14.18123937506329
1 40404U 95015R   24346.53538720  .00001052  00000-0  53396-3 0  6875\
2 40404  98.8092 355.9422 0004966 291.0723  68.9921 14.18123937509401
1 40404U 95015R   24347.31149427  .00001003  00000-0  51003-3 0    13\
2 40404  98.8092 356.7121 0004953 288.3157  71.7479 14.18125515506436
1 40404U 95015R   24347.52315977  .00000936  00000-0  47775-3 0    16\
2 40404  98.8088 356.9221 0004897 287.1807  72.8831 14.18125670506469
1 40404U 95015R   24349.49870114  .00000954  00000-0  48619-3 0  6882\
2 40404  98.8088 358.8820 0004895 280.7638  79.2986 14.18130010509823
1 40404U 95015R   24349.49870114  .00000954  00000-0  48619-3 0    11\
2 40404  98.8088 358.8820 0004895 280.7638  79.2986 14.18130010506741
1 40404U 95015R   24350.48646929  .00001044  00000-0  53008-3 0    16\
2 40404  98.8089 359.8622 0004877 277.1554  82.9066 14.18132692506883
1 40404U 95015R   24350.98035299  .00001022  00000-0  51956-3 0  6891\
2 40404  98.8088   0.3522 0004879 275.4262  84.6356 14.18133611510033
1 40404U 95015R   24351.47423650  .00000981  00000-0  49919-3 0    15\
2 40404  98.8088   0.8421 0004879 273.6461  86.4156 14.18134390507025
1 40404U 95015R   24351.82701006  .00001032  00000-0  52442-3 0    11\
2 40404  98.8088   1.1922 0004898 272.6112  87.4503 14.18135383507073
1 40404U 95015R   24352.46200218  .00000984  00000-0  50059-3 0  6902\
2 40404  98.8089   1.8223 0004903 270.4632  89.5981 14.18136437510242
1 40404U 95015R   24352.46200218  .00000984  00000-0  50059-3 0    18\
2 40404  98.8089   1.8223 0004903 270.4632  89.5981 14.18136437507169
1 40404U 95015R   24352.74422063  .00001019  00000-0  51762-3 0    15\
2 40404  98.8089   2.1023 0004912 269.6337  90.4275 14.18137191507203
1 40404U 95015R   24353.02643900  .00001082  00000-0  54856-3 0    19\
2 40404  98.8089   2.3823 0004913 268.7132  91.3480 14.18138132507245
1 40404U 95015R   24353.80253945  .00001027  00000-0  52172-3 0  6914\
2 40404  98.8089   3.1525 0004913 266.1539  93.9075 14.18139271510434
1 40404U 95015R   24354.29642104  .00000934  00000-0  47646-3 0    18\
2 40404  98.8089   3.6425 0004908 264.3683  95.6932 14.18139746507425
1 40404U 95015R   24355.49584610  .00000906  00000-0  46301-3 0  6920\
2 40404  98.8090   4.8325 0004915 260.1541  99.9080 14.18142049510676
1 40404U 95015R   24355.49584610  .00000906  00000-0  46301-3 0    14\
2 40404  98.8090   4.8325 0004915 260.1541  99.9080 14.18142049507593
1 40404U 95015R   24355.77806356  .00000951  00000-0  48461-3 0    18\
2 40404  98.8089   5.1125 0004916 259.1123 100.9499 14.18142813507639
1 40404U 95015R   24356.48360656  .00000878  00000-0  44911-3 0    19\
2 40404  98.8089   5.8125 0004930 256.7521 103.3104 14.18143885507738
1 40404U 95015R   24356.55416075  .00000917  00000-0  46793-3 0  6935\
2 40404  98.8089   5.8825 0004931 256.5038 103.5588 14.18144252510828
1 40404U 95015R   24356.55416075  .00000917  00000-0  46793-3 0    18\
2 40404  98.8089   5.8825 0004931 256.5038 103.5588 14.18144252507745
1 40404U 95015R   24357.54191933  .00000945  00000-0  48191-3 0    16\
2 40404  98.8090   6.8626 0004953 253.1137 106.9495 14.18146521507884
1 40404U 95015R   24357.96524383  .00001039  00000-0  52768-3 0  6949\
2 40404  98.8089   7.2826 0004958 251.5881 108.4755 14.18147972511020
1 40404U 95015R   24357.96524383  .00001039  00000-0  52768-3 0    11\
2 40404  98.8089   7.2826 0004958 251.5881 108.4755 14.18147972507946
1 40404U 95015R   24359.02355413  .00001079  00000-0  54694-3 0  6959\
2 40404  98.8088   8.3326 0004972 247.9627 112.1021 14.18150504511178
1 40404U 95015R   24359.51743175  .00001147  00000-0  57978-3 0    14\
2 40404  98.8089   8.8227 0004985 246.3658 113.6994 14.18151915508162
1 40404U 95015R   24360.29352409  .00001277  00000-0  64311-3 0  6960\
2 40404  98.8088   9.5927 0004993 243.6989 116.3673 14.18154370511359
1 40404U 95015R   24360.50518542  .00001297  00000-0  65289-3 0    13\
2 40404  98.8087   9.8027 0004997 243.0053 117.0612 14.18154995508307
1 40404U 95015R   24361.28127652  .00001260  00000-0  63512-3 0    14\
2 40404  98.8086  10.5727 0005020 240.2201 119.8475 14.18156635508416
1 40404U 95015R   24361.49293741  .00001259  00000-0  63456-3 0  6976\
2 40404  98.8086  10.7827 0005026 239.5992 120.4687 14.18157195511524
1 40404U 95015R   24361.49293741  .00001259  00000-0  63456-3 0    15\
2 40404  98.8086  10.7827 0005026 239.5992 120.4687 14.18157195508441
1 40404U 95015R   24361.56349088  .00001335  00000-0  67130-3 0    17\
2 40404  98.8086  10.8528 0005026 239.3473 120.7207 14.18157821508450
1 40404U 95015R   24362.48068706  .00001278  00000-0  64379-3 0    12\
2 40404  98.8088  11.7630 0005053 236.3989 123.6704 14.18159965508584
1 40404U 95015R   24362.62179406  .00001287  00000-0  64792-3 0  6989\
2 40404  98.8087  11.9030 0005058 235.9379 124.1316 14.18160372511686
1 40404U 95015R   24362.62179406  .00001287  00000-0  64792-3 0    17\
2 40404  98.8087  11.9030 0005058 235.9379 124.1316 14.18160372508604
1 40404U 95015R   24363.32732831  .00001313  00000-0  66091-3 0    16\
2 40404  98.8086  12.6029 0005088 233.5016 126.5691 14.18162434508708
1 40404U 95015R   24363.96230810  .00001324  00000-0  66594-3 0  6999\
2 40404  98.8086  13.2330 0005106 231.4186 128.6532 14.18164297511874
1 40404U 95015R   24363.96230810  .00001324  00000-0  66594-3 0    16\
2 40404  98.8086  13.2330 0005106 231.4186 128.6532 14.18164297508791
1 40404U 95015R   24364.52673398  .00001568  00000-0  78464-3 0    10\
2 40404  98.8086  13.7930 0005123 229.3398 130.7333 14.18167180508878
1 40404U 95015R   24366.29055966  .00001599  00000-0  79976-3 0  7000\
2 40404  98.8084  15.5430 0005159 223.5614 136.5154 14.18172659512201
1 40404U 95015R   24366.29055966  .00001599  00000-0  79976-3 0    14\
2 40404  98.8084  15.5430 0005159 223.5614 136.5154 14.18172659509128
1 40404U 95015R   25001.48995622  .00001735  00000-0  86555-3 0    17
2 40404  98.8085  16.7332 0005204 219.9599 140.1193 14.18177441509291
1 40404U 95015R   25002.47769028  .00002072  00000-0  10298-2 0    11
2 40404  98.8086  17.7132 0005258 216.7727 143.3088 14.18183208509430
1 40404U 95015R   25002.97155815  .00001619  00000-0  80948-3 0    15
2 40404  98.8086  18.2033 0005283 215.2087 144.8740 14.18182291509507
1 40404U 95015R   25003.95929046  .00001322  00000-0  66466-3 0    19
2 40404  98.8087  19.1833 0005320 212.0621 148.0231 14.18184207509642
1 40404U 95015R   25004.31205128  .00001439  00000-0  72178-3 0  7033
2 40404  98.8087  19.5333 0005338 210.8916 149.1946 14.18186104512774
1 40404U 95015R   25004.31205128  .00001439  00000-0  72178-3 0    14
2 40404  98.8087  19.5333 0005338 210.8916 149.1946 14.18186104509691
1 40404U 95015R   25004.80591608  .00001208  00000-0  60938-3 0    14
2 40404  98.8087  20.0233 0005351 209.5043 150.5831 14.18186626509764
1 40404U 95015R   25005.29977985  .00001446  00000-0  72523-3 0    11
2 40404  98.8087  20.5132 0005377 207.8378 152.2510 14.18189748509836
1 40404U 95015R   25006.00529894  .00001386  00000-0  69574-3 0  7048
2 40404  98.8086  21.2133 0005404 205.6702 154.4206 14.18191938513017
1 40404U 95015R   25006.56971347  .00001300  00000-0  65412-3 0    16
2 40404  98.8087  21.7733 0005435 203.8651 156.2273 14.18193454510012
1 40404U 95015R   25006.78136895  .00001267  00000-0  63796-3 0    16
2 40404  98.8086  21.9833 0005449 203.1753 156.9177 14.18193927510043
1 40404U 95015R   25007.48688640  .00001145  00000-0  57852-3 0  7056
2 40404  98.8086  22.6833 0005479 201.0555 159.0395 14.18195494513221
1 40404U 95015R   25007.48688640  .00001145  00000-0  57852-3 0    15
2 40404  98.8086  22.6833 0005479 201.0555 159.0395 14.18195494510149
1 40404U 95015R   25007.76909293  .00001094  00000-0  55368-3 0    19
2 40404  98.8086  22.9633 0005495 200.2453 159.8505 14.18196107510183
1 40404U 95015R   25008.47460934  .00001025  00000-0  52013-3 0    10
2 40404  98.8086  23.6634 0005533 198.1044 161.9935 14.18197711510280
1 40404U 95015R   25008.82736739  .00000910  00000-0  46433-3 0    19
2 40404  98.8086  24.0134 0005543 197.1307 162.9681 14.18197955510337
1 40404U 95015R   25008.96847049  .00000893  00000-0  45580-3 0    13
2 40404  98.8086  24.1534 0005547 196.7444 163.3549 14.18198230510350
1 40404U 95015R   25010.02674322  .00000879  00000-0  44904-3 0  7071
2 40404  98.8086  25.2035 0005596 193.5458 166.5567 14.18200641513585
1 40404U 95015R   25010.02674322  .00000879  00000-0  44904-3 0    18
2 40404  98.8086  25.2035 0005596 193.5458 166.5567 14.18200641510504
1 40404U 95015R   25011.93163080  .00000789  00000-0  40520-3 0    13
2 40404  98.8085  27.0935 0005686 187.8257 172.2830 14.18203996510777
1 40404U 95015R   25012.00218211  .00000786  00000-0  40382-3 0  7086
2 40404  98.8085  27.1636 0005689 187.6278 172.4811 14.18204119513862
1 40404U 95015R   25012.56659247  .00000765  00000-0  39355-3 0    16
2 40404  98.8085  27.7236 0005730 185.8905 174.2204 14.18205024510867
1 40404U 95015R   25013.48375829  .00000791  00000-0  40617-3 0  7096
2 40404  98.8085  28.6337 0005773 183.3174 176.7963 14.18206837514076
1 40404U 95015R   25013.48375829  .00000791  00000-0  40617-3 0    11
2 40404  98.8085  28.6337 0005773 183.3174 176.7963 14.18206837510993
1 40404U 95015R   25013.76596277  .00000730  00000-0  37677-3 0    19
2 40404  98.8085  28.9137 0005791 182.5335 177.5811 14.18207066511036
1 40404U 95015R   25014.54202511  .00000732  00000-0  37770-3 0    17
2 40404  98.8085  29.6837 0005831 180.3388 179.7784 14.18208477511142
1 40404U 95015R   25014.54202511  .00000732  00000-0  37770-3 0  7104
2 40404  98.8085  29.6837 0005831 180.3388 179.7784 14.18208477514224
1 40404U 95015R   25014.96533147  .00000725  00000-0  37414-3 0    12
2 40404  98.8085  30.1038 0005849 179.1710 180.9476 14.18209190511208
1 40404U 95015R   25015.52973969  .00000724  00000-0  37362-3 0    16
2 40404  98.8085  30.6638 0005867 177.5135 182.6071 14.18210195511287
1 40404U 95015R   25015.95304573  .00000747  00000-0  38462-3 0    19
2 40404  98.8085  31.0839 0005885 176.2879 183.8341 14.18210995511344
1 40404U 95015R   25016.02359671  .00000745  00000-0  38403-3 0  7118
2 40404  98.8085  31.1539 0005889 176.0859 184.0363 14.18211108514439
1 40404U 95015R   25016.02359671  .00000745  00000-0  38403-3 0    10
2 40404  98.8085  31.1539 0005889 176.0859 184.0363 14.18211108511357
1 40404U 95015R   25017.29351294  .00000855  00000-0  43739-3 0  7122
2 40404  98.8086  32.4140 0005963 172.3924 187.7343 14.18213871514614
1 40404U 95015R   25017.57571607  .00000862  00000-0  44068-3 0    10
2 40404  98.8086  32.6940 0005984 171.5951 188.5325 14.18214477511572
1 40404U 95015R   25017.92847008  .00000921  00000-0  46937-3 0    13
2 40404  98.8088  33.0441 0006016 170.6310 189.4979 14.18215397511624
1 40404U 95015R   25018.49287604  .00000920  00000-0  46879-3 0    10
2 40404  98.8087  33.6042 0006060 168.9350 191.1959 14.18216470511709
1 40404U 95015R   25018.49287604  .00000920  00000-0  46879-3 0  7130
2 40404  98.8087  33.6042 0006060 168.9350 191.1959 14.18216470514780
1 40404U 95015R   25019.48058538  .00000951  00000-0  48388-3 0    13
2 40404  98.8087  34.5842 0006112 166.2495 193.8848 14.18218537511843
1 40404U 95015R   25019.97443917  .00001068  00000-0  54100-3 0  7146
2 40404  98.8087  35.0743 0006135 164.9370 195.1989 14.18220231514995
1 40404U 95015R   25020.53884305  .00001107  00000-0  55973-3 0    12
2 40404  98.8089  35.6344 0006156 163.5085 196.6291 14.18221689511998
1 40404U 95015R   25021.52654894  .00001101  00000-0  55670-3 0    18
2 40404  98.8089  36.6146 0006190 160.8452 199.2957 14.18223778512131
1 40404U 95015R   25021.52654894  .00001101  00000-0  55670-3 0  7150
2 40404  98.8089  36.6146 0006190 160.8452 199.2957 14.18223778515213
1 40404U 95015R   25022.51425298  .00001173  00000-0  59169-3 0    18
2 40404  98.8089  37.5947 0006232 158.1676 201.9765 14.18226404512277
1 40404U 95015R   25023.50195545  .00001281  00000-0  64407-3 0  7161
2 40404  98.8087  38.5748 0006261 155.4956 204.6518 14.18229260515494
1 40404U 95015R   25023.57250568  .00001201  00000-0  60522-3 0    18
2 40404  98.8088  38.6449 0006285 155.3138 204.8339 14.18228967512427
1 40404U 95015R   25024.48965591  .00001338  00000-0  67196-3 0    13
2 40404  98.8086  39.5549 0006308 152.8300 207.3206 14.18232028512553
1 40404U 95015R   25025.54790441  .00001208  00000-0  60858-3 0    15
2 40404  98.8084  40.6049 0006350 150.1485 210.0053 14.18234049512704
1 40404U 95015R   25024.98350552  .00001141  00000-0  57593-3 0  7179
2 40404  98.8085  40.0449 0006325 151.5872 208.5649 14.18232215515709
1 40404U 95015R   25026.04175311  .00001092  00000-0  55243-3 0  7182
2 40404  98.8083  41.0950 0006372 148.9067 211.2486 14.18234673515859
1 40404U 95015R   25026.60615125  .00001072  00000-0  54271-3 0    19
2 40404  98.8083  41.6550 0006396 147.4131 212.7439 14.18235931512852
1 40404U 95015R   25026.95889979  .00001032  00000-0  52310-3 0    15
2 40404  98.8083  42.0051 0006409 146.4840 213.6741 14.18236559512903
1 40404U 95015R   25027.87604500  .00001045  00000-0  52950-3 0  7192
2 40404  98.8085  42.9154 0006476 144.0483 216.1129 14.18238792516115
1 40404U 95015R   25028.01714416  .00001044  00000-0  52882-3 0    14
2 40404  98.8085  43.0554 0006478 143.6707 216.4909 14.18239115513056
1 40404U 95015R   25028.93428763  .00001105  00000-0  55830-3 0    16
2 40404  98.8085  43.9654 0006539 141.2633 218.9012 14.18241607513181
1 40404U 95015R   25029.00483701  .00001106  00000-0  55919-3 0  7205
2 40404  98.8085  44.0355 0006536 141.0788 219.0859 14.18241805516271
1 40404U 95015R   25029.49868290  .00001086  00000-0  54906-3 0    12
2 40404  98.8085  44.5255 0006563 139.8351 220.3310 14.18242859513269
1 40404U 95015R   25029.78088054  .00000992  00000-0  50353-3 0    13
2 40404  98.8085  44.8055 0006575 139.1137 221.0532 14.18242954513303
1 40404U 95015R   25030.48637370  .00001060  00000-0  53641-3 0    13
2 40404  98.8086  45.5056 0006602 137.3705 222.7984 14.18244971513406
1 40404U 95015R   25030.48637370  .00001060  00000-0  53641-3 0  7212
2 40404  98.8086  45.5056 0006602 137.3705 222.7984 14.18244971516487
1 40404U 95015R   25031.47406276  .00001088  00000-0  55033-3 0    19
2 40404  98.8086  46.4858 0006643 134.9165 225.2550 14.18247412513549
1 40404U 95015R   25031.75625930  .00001042  00000-0  52793-3 0  7220
2 40404  98.8087  46.7660 0006616 134.1237 226.0484 14.18247803516661
1 40404U 95015R   25031.96790663  .00000993  00000-0  50405-3 0    11
2 40404  98.8087  46.9760 0006619 133.6068 226.5657 14.18248040513616
1 40404U 95015R   25032.46175007  .00001094  00000-0  55307-3 0    15
2 40404  98.8087  47.4661 0006639 132.3426 227.8313 14.18249750513687
1 40404U 95015R   25033.02614207  .00001144  00000-0  57738-3 0  7235
2 40404  98.8087  48.0262 0006659 130.8764 229.2989 14.18251342516847
1 40404U 95015R   25033.44943585  .00001135  00000-0  57302-3 0    11
2 40404  98.8087  48.4463 0006646 129.5931 230.5832 14.18252243513829
1 40404U 95015R   25034.50766909  .00001118  00000-0  56476-3 0  7246
2 40404  98.8087  49.4964 0006698 126.8929 233.2861 14.18254536517058
1 40404U 95015R   25034.57821790  .00001058  00000-0  53562-3 0    17
2 40404  98.8087  49.5664 0006703 126.7279 233.4512 14.18254378513987
1 40404U 95015R   25035.49535159  .00001095  00000-0  55365-3 0    14
2 40404  98.8087  50.4767 0006767 124.7052 235.4761 14.18256698514110
1 40404U 95015R   25035.98919228  .00001020  00000-0  51689-3 0  7257
2 40404  98.8087  50.9668 0006782 123.4902 236.6922 14.18257423517260
1 40404U 95015R   25036.48303272  .00001064  00000-0  53863-3 0    10
2 40404  98.8087  51.4569 0006802 122.2872 237.8963 14.18258766514257
1 40404U 95015R   25037.54126069  .00001044  00000-0  52889-3 0    10
2 40404  98.8086  52.5071 0006828 119.6897 240.4959 14.18261077514402
1 40404U 95015R   25037.54126069  .00001044  00000-0  52889-3 0  7264
2 40404  98.8086  52.5071 0006828 119.6897 240.4959 14.18261077517483
1 40404U 95015R   25037.96455138  .00001035  00000-0  52414-3 0    12
2 40404  98.8086  52.9272 0006837 118.6351 241.5513 14.18261973514462
1 40404U 95015R   25039.02277739  .00000920  00000-0  46835-3 0  7277
2 40404  98.8086  53.9774 0006872 116.0534 244.1349 14.18263561517693
1 40404U 95015R   25039.58716397  .00000992  00000-0  50339-3 0    14
2 40404  98.8084  54.5374 0006888 114.6254 245.5639 14.18265066514690
1 40404U 95015R   25039.93990540  .00000896  00000-0  45675-3 0    17
2 40404  98.8083  54.8874 0006899 113.7700 246.4199 14.18265226514740
1 40404U 95015R   25040.57483957  .00000963  00000-0  48942-3 0    13
2 40404  98.8084  55.5176 0006916 112.2207 247.9703 14.18266776514838
1 40404U 95015R   25040.57483957  .00000963  00000-0  48942-3 0  7289
2 40404  98.8084  55.5176 0006916 112.2207 247.9703 14.18266776517910
1 40404U 95015R   25041.56251321  .00000997  00000-0  50582-3 0    11
2 40404  98.8083  56.4978 0006927 109.7893 250.4029 14.18269009514978
1 40404U 95015R   25041.77415744  .00000999  00000-0  50675-3 0  7297
2 40404  98.8083  56.7078 0006934 109.3317 250.8609 14.18269423518081
1 40404U 95015R   25041.77415744  .00000999  00000-0  50675-3 0    10
2 40404  98.8083  56.7078 0006934 109.3317 250.8609 14.18269423515000
1 40404U 95015R   25042.47963780  .00000953  00000-0  48424-3 0    15
2 40404  98.8083  57.4080 0006942 107.5869 252.6065 14.18270597515103
1 40404U 95015R   25042.90292571  .00000868  00000-0  44328-3 0    10
2 40404  98.8084  57.8282 0006934 106.4789 253.7148 14.18270954515169
1 40404U 95015R   25042.97347368  .00000866  00000-0  44215-3 0  7304
2 40404  98.8084  57.8982 0006933 106.2579 253.9360 14.18271081518253
1 40404U 95015R   25043.53785701  .00000868  00000-0  44307-3 0    19
2 40404  98.8085  58.4583 0006940 104.9092 255.2852 14.18272234515250
1 40404U 95015R   25043.96114445  .00000833  00000-0  42595-3 0    16
2 40404  98.8085  58.8784 0006939 103.8408 256.3540 14.18272802515318
1 40404U 95015R   25044.03169247  .00000826  00000-0  42260-3 0  7316
2 40404  98.8084  58.9484 0006953 103.6298 256.5652 14.18272861518400
1 40404U 95015R   25044.31388375  .00000855  00000-0  43657-3 0    15
2 40404  98.8086  59.2285 0006946 102.9688 257.2263 14.18273559515365
1 40404U 95015R   25044.94881407  .00000878  00000-0  44793-3 0    15
2 40404  98.8085  59.8585 0006971 101.4868 258.7090 14.18274855515459
1 40404U 95015R   25045.93648222  .00000924  00000-0  47028-3 0    17
2 40404  98.8085  60.8386 0006983  99.0665 261.1301 14.18276940515595
1 40404U 95015R   25046.00702989  .00000923  00000-0  46971-3 0  7323
2 40404  98.8085  60.9086 0006981  98.8946 261.3020 14.18277070518688
1 40404U 95015R   25046.57141085  .00000918  00000-0  46725-3 0    19
2 40404  98.8086  61.4689 0006991  97.6375 262.5594 14.18278166515681
1 40404U 95015R   25046.78305368  .00000912  00000-0  46422-3 0    16
2 40404  98.8087  61.6791 0006988  97.1805 263.0165 14.18278503515716
1 40404U 95015R   25047.27688655  .00000983  00000-0  49901-3 0  7339
2 40404  98.8088  62.1693 0006996  96.0329 264.1644 14.18279863518865
1 40404U 95015R   25047.27688655  .00000983  00000-0  49901-3 0    17
2 40404  98.8088  62.1693 0006996  96.0329 264.1644 14.18279863515783
1 40404U 95015R   25048.61728786  .00000987  00000-0  50069-3 0    17
2 40404  98.8089  63.4997 0006981  92.7851 267.4124 14.18282699515973
1 40404U 95015R   25048.61728786  .00000987  00000-0  50069-3 0  7340
2 40404  98.8089  63.4997 0006981  92.7851 267.4124 14.18282699519056
1 40404U 95015R   25048.97002441  .00001025  00000-0  51940-3 0    12
2 40404  98.8090  63.8498 0006979  91.9090 268.2884 14.18283705516026
1 40404U 95015R   25049.53440289  .00000977  00000-0  49601-3 0    17
2 40404  98.8090  64.4099 0006981  90.5938 269.6037 14.18284635516106
1 40404U 95015R   25050.52206337  .00001072  00000-0  54184-3 0    11
2 40404  98.8090  65.3902 0006987  88.2100 271.9876 14.18287405516240
1 40404U 95015R   25050.52206337  .00001072  00000-0  54184-3 0  7355
2 40404  98.8090  65.3902 0006987  88.2100 271.9876 14.18287405519322
1 40404U 95015R   25051.50972219  .00001134  00000-0  57191-3 0    19
2 40404  98.8090  66.3705 0006986  85.8376 274.3598 14.18290048516389
1 40404U 95015R   25052.00355128  .00001012  00000-0  51302-3 0  7367
2 40404  98.8089  66.8607 0006977  84.5961 275.6010 14.18290475519536
1 40404U 95015R   25052.56792657  .00001047  00000-0  52988-3 0    14
2 40404  98.8089  67.4208 0006973  83.2410 276.9558 14.18292010516536
1 40404U 95015R   25052.77956724  .00001044  00000-0  52816-3 0    11
2 40404  98.8089  67.6309 0006967  82.7203 277.4764 14.18292455516568
1 40404U 95015R   25053.48503508  .00001057  00000-0  53449-3 0  7371
2 40404  98.8088  68.3312 0006942  80.9414 279.2547 14.18294312519742
1 40404U 95015R   25053.48503508  .00001057  00000-0  53449-3 0    15
2 40404  98.8088  68.3312 0006942  80.9414 279.2547 14.18294312516660
1 40404U 95015R   25053.83776894  .00001032  00000-0  52268-3 0    15
2 40404  98.8088  68.6812 0006939  80.1274 280.0684 14.18294971516719
1 40404U 95015R   25054.54323542  .00001123  00000-0  56642-3 0  7380
2 40404  98.8086  69.3814 0006931  78.4873 281.7080 14.18297274519893
1 40404U 95015R   25054.96651505  .00001083  00000-0  54746-3 0    10
2 40404  98.8086  69.8015 0006923  77.4322 282.7627 14.18298084516873
1 40404U 95015R   25055.60143349  .00001162  00000-0  58573-3 0    14
2 40404  98.8085  70.4317 0006913  75.8840 284.3103 14.18300174516962
1 40404U 95015R   25055.81307290  .00001162  00000-0  58545-3 0  7391
2 40404  98.8085  70.6418 0006922  75.4271 284.7671 14.18300687520070
1 40404U 95015R   25055.95416550  .00001337  00000-0  67034-3 0    15
2 40404  98.8085  70.7818 0006916  75.0377 285.1563 14.18302057517019
1 40404U 95015R   25056.51853673  .00001258  00000-0  63189-3 0    18
2 40404  98.8085  71.3420 0006910  73.7165 286.4770 14.18303035517098
1 40404U 95015R   25056.94181463  .00001271  00000-0  63832-3 0    16
2 40404  98.8085  71.7621 0006905  72.6949 287.4981 14.18304182517153
1 40404U 95015R   25057.01236086  .00001277  00000-0  64148-3 0  7404
2 40404  98.8085  71.8321 0006899  72.4880 287.7049 14.18304418520249
1 40404U 95015R   25057.50618439  .00001383  00000-0  69254-3 0    15
2 40404  98.8085  72.3224 0006888  71.2854 288.9068 14.18306315517230
1 40404U 95015R   25057.85891520  .00001385  00000-0  69371-3 0    19
2 40404  98.8085  72.6725 0006881  70.4145 289.7772 14.18307278517281
1 40404U 95015R   25058.28219191  .00001412  00000-0  70658-3 0  7417
2 40404  98.8086  73.0926 0006875  69.4174 290.7739 14.18308579520423
1 40404U 95015R   25058.84655987  .00001364  00000-0  68331-3 0    16
2 40404  98.8086  73.6528 0006858  68.0749 292.1155 14.18310029517428
1 40404U 95015R   25059.48147322  .00001380  00000-0  69109-3 0  7420
2 40404  98.8086  74.2830 0006840  66.5785 293.6108 14.18312023520597
1 40404U 95015R   25059.48147322  .00001380  00000-0  69109-3 0    18
2 40404  98.8086  74.2830 0006840  66.5785 293.6108 14.18312023517515
1 40404U 95015R   25059.76365681  .00001392  00000-0  69720-3 0    11
2 40404  98.8086  74.5631 0006834  65.8728 294.3161 14.18312865517554
1 40404U 95015R   25060.53966066  .00001200  00000-0  60405-3 0    11
2 40404  98.8086  75.3333 0006812  64.0236 296.1640 14.18314134517668
1 40404U 95015R   25060.68075212  .00001194  00000-0  60077-3 0  7431
2 40404  98.8085  75.4734 0006804  63.7014 296.4859 14.18314493520762
1 40404U 95015R   25060.68075212  .00001194  00000-0  60077-3 0    18
2 40404  98.8085  75.4734 0006804  63.7014 296.4859 14.18314493517689
1 40404U 95015R   25062.02112029  .00000982  00000-0  49782-3 0  7444
2 40404  98.8086  76.8038 0006772  60.3511 299.8338 14.18316862520956
1 40404U 95015R   25061.95057466  .00000988  00000-0  50077-3 0    19
2 40404  98.8086  76.7338 0006774  60.5212 299.6638 14.18316718517867
1 40404U 95015R   25062.51493963  .00001027  00000-0  52002-3 0    13
2 40404  98.8086  77.2940 0006765  59.1173 301.0667 14.18318258517942
1 40404U 95015R   25062.93821286  .00000919  00000-0  46739-3 0    11
2 40404  98.8086  77.7141 0006753  58.0674 302.1157 14.18318682518006
1 40404U 95015R   25063.50257706  .00001003  00000-0  50809-3 0  7458
2 40404  98.8085  78.2743 0006733  56.8241 303.3579 14.18320357521167
1 40404U 95015R   25063.50257706  .00001003  00000-0  50809-3 0    13
2 40404  98.8085  78.2743 0006733  56.8241 303.3579 14.18320357518084
1 40404U 95015R   25063.92584976  .00000886  00000-0  45145-3 0    16
2 40404  98.8085  78.6945 0006702  55.7454 304.4355 14.18320650518149
1 40404U 95015R   25064.49021283  .00000931  00000-0  47331-3 0    16
2 40404  98.8085  79.2546 0006687  54.3875 305.7923 14.18322164518223
1 40404U 95015R   25064.84293986  .00000845  00000-0  43167-3 0    13
2 40404  98.8084  79.6047 0006663  53.4899 306.6889 14.18322347518271
1 40404U 95015R   25064.98403057  .00000837  00000-0  42745-3 0  7468
2 40404  98.8084  79.7448 0006646  53.1256 307.0528 14.18322580521371
1 40404U 95015R   25065.47784812  .00000791  00000-0  40548-3 0    16
2 40404  98.8084  80.2350 0006640  51.8938 308.2835 14.18323218518364
1 40404U 95015R   25066.81820823  .00000828  00000-0  42325-3 0  7471
2 40404  98.8084  81.5654 0006578  48.5816 311.5923 14.18325716521637
1 40404U 95015R   25066.81820823  .00000828  00000-0  42325-3 0    14
2 40404  98.8084  81.5654 0006578  48.5816 311.5923 14.18325716518554
1 40404U 95015R   25067.02984388  .00000796  00000-0  40773-3 0    14
2 40404  98.8083  81.7755 0006586  48.0057 312.1678 14.18325913518584
1 40404U 95015R   25067.31202491  .00000832  00000-0  42510-3 0    16
2 40404  98.8084  82.0556 0006580  47.2965 312.8764 14.18326469518626
1 40404U 95015R   25068.51129139  .00000957  00000-0  48597-3 0  7483
2 40404  98.8082  83.2461 0006547  44.3169 315.8529 14.18329313521873
1 40404U 95015R   25068.51129139  .00000957  00000-0  48597-3 0    15
2 40404  98.8082  83.2461 0006547  44.3169 315.8529 14.18329313518790
1 40404U 95015R   25068.93456158  .00000920  00000-0  46776-3 0    12
2 40404  98.8082  83.6662 0006533  43.2504 316.9183 14.18329847518850
1 40404U 95015R   25069.56946659  .00000886  00000-0  45147-3 0    14
2 40404  98.8081  84.2964 0006505  41.6750 318.4920 14.18330764518941
1 40404U 95015R   25069.56946659  .00000886  00000-0  45147-3 0  7493
2 40404  98.8081  84.2964 0006505  41.6750 318.4920 14.18330764522025
1 40404U 95015R   25069.78110136  .00000882  00000-0  44919-3 0    13
2 40404  98.8081  84.5065 0006494  41.1330 319.0333 14.18331124518971
1 40404U 95015R   25070.55709511  .00000892  00000-0  45402-3 0    10
2 40404  98.8081  85.2768 0006451  39.1360 321.0281 14.18332654519089
1 40404U 95015R   25070.98036396  .00000883  00000-0  45001-3 0  7507
2 40404  98.8080  85.6969 0006432  37.9988 322.1640 14.18333451522223
1 40404U 95015R   25071.54472201  .00000918  00000-0  46702-3 0    16
2 40404  98.8080  86.2571 0006399  36.6110 323.5502 14.18334793519222
1 40404U 95015R   25071.96798999  .00000952  00000-0  48316-3 0    18
2 40404  98.8080  86.6772 0006383  35.4902 324.6697 14.18335910519283
1 40404U 95015R   25072.03853470  .00000946  00000-0  48045-3 0  7517
2 40404  98.8080  86.7473 0006380  35.2766 324.8830 14.18336013522375
1 40404U 95015R   25072.03853470  .00000946  00000-0  48045-3 0    15
2 40404  98.8080  86.7473 0006380  35.2766 324.8830 14.18336013519292
1 40404U 95015R   25072.95561458  .00001002  00000-0  50766-3 0    15
2 40404  98.8080  87.6575 0006346  32.8841 327.2728 14.18338281519421
1 40404U 95015R   25073.59051498  .00001139  00000-0  57416-3 0    14
2 40404  98.8079  88.2876 0006301  31.4498 328.7052 14.18340482519516
1 40404U 95015R   25073.80214821  .00001139  00000-0  57405-3 0    17
2 40404  98.8079  88.4977 0006285  30.8673 329.2871 14.18340983519543
1 40404U 95015R   25074.57813636  .00001167  00000-0  58778-3 0    16
2 40404  98.8080  89.2680 0006253  28.8346 331.3173 14.18342991519656
1 40404U 95015R   25074.57813636  .00001167  00000-0  58778-3 0  7530
2 40404  98.8080  89.2680 0006253  28.8346 331.3173 14.18342991522739
1 40404U 95015R   25074.93085760  .00001187  00000-0  59738-3 0    14
2 40404  98.8079  89.6181 0006229  27.8818 332.2690 14.18344030519706
1 40404U 95015R   25075.56575570  .00001225  00000-0  61555-3 0    10
2 40404  98.8080  90.2484 0006200  26.1934 333.9554 14.18345828519794
1 40404U 95015R   25075.98902043  .00001226  00000-0  61618-3 0  7541
2 40404  98.8080  90.6686 0006166  25.0333 335.1140 14.18346986522935
1 40404U 95015R   25076.48282861  .00001298  00000-0  65125-3 0    17
2 40404  98.8080  91.1588 0006141  23.7086 336.4371 14.18348836519926
1 40404U 95015R   25076.97663622  .00001357  00000-0  67980-3 0    16
2 40404  98.8081  91.6489 0006112  22.3383 337.8057 14.18350637519990
1 40404U 95015R   25077.25881202  .00001413  00000-0  70683-3 0  7557
2 40404  98.8081  91.9290 0006103  21.6469 338.4963 14.18351713523118
1 40404U 95015R   25077.54098736  .00001374  00000-0  68773-3 0    18
2 40404  98.8080  92.2091 0006087  20.8563 339.2860 14.18352408520076
1 40404U 95015R   25078.52859950  .00001517  00000-0  75704-3 0    11
2 40404  98.8080  93.1894 0006038  18.1913 341.9477 14.18356337520217
1 40404U 95015R   25078.52859950  .00001517  00000-0  75704-3 0  7568
2 40404  98.8080  93.1894 0006038  18.1913 341.9477 14.18356337523298
1 40404U 95015R   25079.51621003  .00001469  00000-0  73367-3 0    16
2 40404  98.8079  94.1697 0005979  15.5339 344.6019 14.18359092520351
1 40404U 95015R   25080.01001430  .00001507  00000-0  75201-3 0  7579
2 40404  98.8077  94.6599 0005959  14.2743 345.8599 14.18360865523504
1 40404U 95015R   25080.57436155  .00001432  00000-0  71586-3 0    17
2 40404  98.8076  95.2200 0005916  12.7036 347.4287 14.18362229520505
1 40404U 95015R   25081.49142246  .00001649  00000-0  82097-3 0  7582
2 40404  98.8075  96.1305 0005847   9.9490 350.1800 14.18366837523712
1 40404U 95015R   25081.56196556  .00001646  00000-0  81951-3 0    19
2 40404  98.8075  96.2006 0005844   9.7786 350.3501 14.18367072520645
1 40404U 95015R   25081.77359485  .00001633  00000-0  81317-3 0    16
2 40404  98.8075  96.4107 0005826   9.1810 350.9471 14.18367737520674
1 40404U 95015R   25082.62011080  .00001704  00000-0  84771-3 0    13
2 40404  98.8074  97.2510 0005776   6.8899 353.2354 14.18371198520790
1 40404U 95015R   25082.62011080  .00001704  00000-0  84771-3 0  7593
2 40404  98.8074  97.2510 0005776   6.8899 353.2354 14.18371198523872
1 40404U 95015R   25082.97282516  .00001687  00000-0  83920-3 0    10
2 40404  98.8073  97.6011 0005755   5.8427 354.2815 14.18372415520844
1 40404U 95015R   25083.81933842  .00001654  00000-0  82316-3 0  7603
2 40404  98.8074  98.4415 0005680   3.4445 356.6769 14.18375344524047
1 40404U 95015R   25083.81933842  .00001654  00000-0  82316-3 0    11
2 40404  98.8074  98.4415 0005680   3.4445 356.6769 14.18375344520964
1 40404U 95015R   25084.45422220  .00001640  00000-0  81627-3 0    14
2 40404  98.8074  99.0717 0005652   1.7139 358.4055 14.18377606521058
1 40404U 95015R   25085.30073269  .00001649  00000-0  82068-3 0  7616
2 40404  98.8073  99.9121 0005589 359.2337   0.8829 14.18380591524254
1 40404U 95015R   25085.30073269  .00001649  00000-0  82068-3 0    13
2 40404  98.8073  99.9121 0005589 359.2337   0.8829 14.18380591521172
1 40404U 95015R   25086.49995274  .00001490  00000-0  74354-3 0    16
2 40404  98.8073 101.1025 0005530 355.8160   4.2968 14.18383975521343
1 40404U 95015R   25086.78212171  .00001464  00000-0  73102-3 0  7621
2 40404  98.8072 101.3826 0005508 354.9476   5.1642 14.18384787524465
1 40404U 95015R   25087.48754360  .00001319  00000-0  66066-3 0    16
2 40404  98.8073 102.0829 0005470 352.7720   7.3375 14.18386364521482
1 40404U 95015R   25087.98133841  .00001275  00000-0  63945-3 0  7635
2 40404  98.8071 102.5729 0005421 351.2963   8.8118 14.18387670524635
1 40404U 95015R   25087.98133841  .00001275  00000-0  63945-3 0    10
2 40404  98.8071 102.5729 0005421 351.2963   8.8118 14.18387670521553
1 40404U 95015R   25088.96892719  .00001104  00000-0  55655-3 0    15
2 40404  98.8070 103.5532 0005354 348.3739  11.7312 14.18389560521692
1 40404U 95015R   25089.03946919  .00001091  00000-0  55008-3 0  7649
2 40404  98.8069 103.6233 0005353 348.1568  11.9481 14.18389684524785
1 40404U 95015R   25089.03946919  .00001091  00000-0  55008-3 0    13
2 40404  98.8069 103.6233 0005353 348.1568  11.9481 14.18389684521704
1 40404U 95015R   25090.52084932  .00001003  00000-0  50769-3 0  7656
2 40404  98.8071 105.0939 0005284 343.6486  16.4518 14.18392993524990
1 40404U 95015R   25090.59139117  .00000998  00000-0  50503-3 0    10
2 40404  98.8071 105.1639 0005279 343.3857  16.7145 14.18393116521928
1 40404U 95015R   25091.01464215  .00000961  00000-0  48738-3 0    15
2 40404  98.8071 105.5841 0005266 341.9703  18.1285 14.18393849521987
1 40404U 95015R   25092.00222669  .00000919  00000-0  46682-3 0  7667
2 40404  98.8070 106.5644 0005204 338.8644  21.2315 14.18395753525203
1 40404U 95015R   25092.56655986  .00000968  00000-0  49054-3 0    12
2 40404  98.8070 107.1246 0005172 337.1634  22.9310 14.18397276522205
1 40404U 95015R   25092.77818484  .00000961  00000-0  48712-3 0    12
2 40404  98.8070 107.3347 0005154 336.3702  23.7236 14.18397631522230
1 40404U 95015R   25093.48360070  .00000985  00000-0  49873-3 0  7678
2 40404  98.8068 108.0349 0005095 334.1728  25.9192 14.18399243525414
1 40404U 95015R   25093.55414221  .00000985  00000-0  49896-3 0    10
2 40404  98.8068 108.1049 0005088 333.9843  26.1076 14.18399404522341
1 40404U 95015R   25094.47118153  .00000975  00000-0  49411-3 0    19
2 40404  98.8067 109.0152 0005037 331.0008  29.0887 14.18401289522472
1 40404U 95015R   25094.82388840  .00001023  00000-0  51707-3 0  7686
2 40404  98.8067 109.3653 0005017 329.8413  30.2472 14.18402332525606
1 40404U 95015R   25095.95254947  .00001026  00000-0  51842-3 0    14
2 40404  98.8065 110.4858 0004974 326.3314  33.7545 14.18404870522680
1 40404U 95015R   25096.02309070  .00001025  00000-0  51822-3 0  7699
2 40404  98.8065 110.5558 0004972 326.0993  33.9864 14.18405038525772
1 40404U 95015R   25096.94012618  .00001067  00000-0  53837-3 0    12
2 40404  98.8064 111.4660 0004920 323.2020  36.8817 14.18407343522822
1 40404U 95015R   25097.29283172  .00001096  00000-0  55246-3 0  7707
2 40404  98.8064 111.8161 0004877 321.6631  38.4197 14.18408309525952
1 40404U 95015R   25097.57499623  .00001025  00000-0  51807-3 0    16
2 40404  98.8064 112.0961 0004858 320.6872  39.3950 14.18408547522912
1 40404U 95015R   25098.28040633  .00001060  00000-0  53521-3 0    12
2 40404  98.8063 112.7964 0004835 318.3814  41.6993 14.18410434523019
1 40404U 95015R   25098.56257015  .00001016  00000-0  51368-3 0  7719
2 40404  98.8062 113.0765 0004809 317.4423  42.6379 14.18410914526136
1 40404U 95015R   25098.91527469  .00001009  00000-0  51027-3 0    11
2 40404  98.8061 113.4266 0004799 316.2007  43.8787 14.18411742523108
1 40404U 95015R   25099.26797898  .00001086  00000-0  54755-3 0    11
2 40404  98.8061 113.7767 0004784 314.9942  45.0845 14.18413045523156
1 40404U 95015R   25099.83230562  .00000998  00000-0  50499-3 0  7721
2 40404  98.8061 114.3369 0004770 313.1061  46.9714 14.18413941526310
1 40404U 95015R   25099.83230562  .00000998  00000-0  50499-3 0    16
2 40404  98.8061 114.3369 0004770 313.1061  46.9714 14.18413941523238
1 40404U 95015R   25100.46717250  .00001063  00000-0  53652-3 0    10
2 40404  98.8060 114.9670 0004743 310.8863  49.1901 14.18415811523323
1 40404U 95015R   25100.96095754  .00001041  00000-0  52557-3 0    12
2 40404  98.8060 115.4571 0004728 309.1681  50.9073 14.18416794523399
1 40404U 95015R   25101.03149826  .00001036  00000-0  52327-3 0  7736
2 40404  98.8060 115.5272 0004726 308.9552  51.1201 14.18416924526484
1 40404U 95015R   25101.31366084  .00001102  00000-0  55527-3 0    17
2 40404  98.8060 115.8073 0004715 308.0254  52.0495 14.18417921523440
1 40404U 95015R   25102.30122930  .00001053  00000-0  53157-3 0  7746
2 40404  98.8059 116.7875 0004674 304.5779  55.4955 14.18419805526663
1 40404U 95015R   25102.30122930  .00001053  00000-0  53157-3 0    19
2 40404  98.8059 116.7875 0004674 304.5779  55.4955 14.18419805523581
1 40404U 95015R   25102.58339138  .00001037  00000-0  52401-3 0    12
2 40404  98.8058 117.0676 0004660 303.5784  56.4946 14.18420361523628
1 40404U 95015R   25103.50041753  .00000996  00000-0  50399-3 0  7753
2 40404  98.8058 117.9778 0004629 300.4182  59.6535 14.18422125526838
1 40404U 95015R   25103.50041753  .00000996  00000-0  50399-3 0    15
2 40404  98.8058 117.9778 0004629 300.4182  59.6535 14.18422125523756
1 40404U 95015R   25104.77014408  .00001001  00000-0  50634-3 0  7761
2 40404  98.8057 119.2382 0004601 295.6605  64.4095 14.18424851527012
1 40404U 95015R   25104.77014408  .00001001  00000-0  50634-3 0    12
2 40404  98.8057 119.2382 0004601 295.6605  64.4095 14.18424851523939
1 40404U 95015R   25105.54608714  .00000972  00000-0  49237-3 0    10
2 40404  98.8057 120.0084 0004584 292.8194  67.2497 14.18426315524047
1 40404U 95015R   25106.74526990  .00000927  00000-0  47028-3 0  7774
2 40404  98.8056 121.1988 0004570 288.5917  71.4762 14.18428558527294
1 40404U 95015R   25106.95688649  .00001608  00000-0  80017-3 0    19
2 40404  98.8056 121.4088 0004569 287.9026  72.1651 14.18433764524242
1 40404U 95015R   25106.95688649  .00001608  00000-0  80017-3 0  7780
2 40404  98.8056 121.4088 0004569 287.9026  72.1651 14.18433764527324
1 40404U 95015R   25108.01499094  .00000872  00000-0  44384-3 0  7793
2 40404  98.8055 122.4591 0004545 284.0540  76.0130 14.18430762527472
1 40404U 95015R   25109.49632991  .00000813  00000-0  41527-3 0  7804
2 40404  98.8054 123.9295 0004523 278.4163  81.6500 14.18433187527682
1 40404U 95015R   25109.49632991  .00000813  00000-0  41527-3 0    10
2 40404  98.8054 123.9295 0004523 278.4163  81.6500 14.18433187524601
1 40404U 95015R   25110.48388758  .00000806  00000-0  41202-3 0    12
2 40404  98.8053 124.9097 0004517 274.9431  85.1228 14.18435010524741
1 40404U 95015R   25111.96522134  .00000877  00000-0  44598-3 0    13
2 40404  98.8051 126.3801 0004527 269.5574  90.5083 14.18438273524953
1 40404U 95015R   25111.96522134  .00000877  00000-0  44598-3 0  7818
2 40404  98.8051 126.3801 0004527 269.5574  90.5083 14.18438273528036
1 40404U 95015R   25112.95277606  .00000832  00000-0  42435-3 0    13
2 40404  98.8051 127.3604 0004533 265.9383  94.1275 14.18439788525091
1 40404U 95015R   25114.01086899  .00000836  00000-0  42651-3 0  7824
2 40404  98.8050 128.4106 0004544 261.9690  98.0970 14.18441671528326
1 40404U 95015R   25114.50464504  .00000868  00000-0  44166-3 0    13
2 40404  98.8049 128.9008 0004544 260.2118  99.8544 14.18442777525317
1 40404U 95015R   25115.49219626  .00000872  00000-0  44349-3 0  7830
2 40404  98.8049 129.8810 0004552 256.9625 103.1042 14.18444685528531
1 40404U 95015R   25115.77435321  .00000870  00000-0  44262-3 0    18
2 40404  98.8048 130.1610 0004564 255.3779 104.6890 14.18445274525493
1 40404U 95015R   25116.90298055  .00000909  00000-0  46157-3 0  7841
2 40404  98.8047 131.2813 0004605 251.3932 108.6744 14.18447862528739
1 40404U 95015R   25116.97351969  .00000908  00000-0  46113-3 0    15
2 40404  98.8047 131.3514 0004607 251.2900 108.7775 14.18448015525669
1 40404U 95015R   25119.01915270  .00000857  00000-0  43619-3 0  7854
2 40404  98.8047 133.3818 0004681 243.8740 116.1954 14.18451804529036
1 40404U 95015R   25121.84070686  .00000773  00000-0  39561-3 0  7860
2 40404  98.8043 136.1823 0004791 233.5644 126.5090 14.18456700529430
1 40404U 95015R   25121.84070686  .00000773  00000-0  39561-3 0 52275
2 40404  98.8043 136.1823 0004791 233.5644 126.5090 14.18456700526358
1 40404U 95015R   25122.54609369  .00000783  00000-0  40045-3 0    14
2 40404  98.8042 136.8824 0004825 231.0623 129.0122 14.18458139526456
1 40404U 95015R   25122.96932554  .00000779  00000-0  39872-3 0    16
2 40404  98.8042 137.3025 0004834 229.6348 130.4406 14.18458897526511
1 40404U 95015R   25122.96932554  .00000779  00000-0  39872-3 0  7877
2 40404  98.8042 137.3025 0004834 229.6348 130.4406 14.18458897529592
1 40404U 95015R   25123.60417310  .00000773  00000-0  39569-3 0    13
2 40404  98.8043 137.9327 0004866 227.3193 132.7573 14.18459983526608
1 40404U 95015R   25124.02740467  .00000728  00000-0  37361-3 0  7882
2 40404  98.8042 138.3528 0004883 225.8703 134.2071 14.18460427529747
1 40404U 95015R   25124.52117459  .00000701  00000-0  36098-3 0    11
2 40404  98.8042 138.8429 0004907 224.1363 135.9422 14.18461078526730
1 40404U 95015R   25124.59171313  .00000699  00000-0  35997-3 0    10
2 40404  98.8041 138.9129 0004912 223.8881 136.1904 14.18461172526748
1 40404U 95015R   25125.50871342  .00000690  00000-0  35546-3 0  7895
2 40404  98.8040 139.8230 0004957 220.7910 139.2895 14.18462625529951
1 40404U 95015R   25125.79086722  .00000682  00000-0  35132-3 0    15
2 40404  98.8040 140.1031 0004977 219.8252 140.2559 14.18463002526917
1 40404U 95015R   25126.28463617  .00000693  00000-0  35667-3 0    17
2 40404  98.8040 140.5932 0005002 218.2010 141.8812 14.18463839526980
1 40404U 95015R   25126.99001996  .00000639  00000-0  33088-3 0  7903
2 40404  98.8039 141.2933 0005046 215.8511 144.2326 14.18464665530164
1 40404U 95015R   25127.48378837  .00000638  00000-0  33007-3 0    14
2 40404  98.8038 141.7834 0005075 214.2015 145.8834 14.18465419527156
1 40404U 95015R   25128.25970965  .00000616  00000-0  31943-3 0  7919
2 40404  98.8038 142.5534 0005126 211.7106 148.3761 14.18466441530340
1 40404U 95015R   25128.25970965  .00000616  00000-0  31943-3 0    13
2 40404  98.8038 142.5534 0005126 211.7106 148.3761 14.18466441527267
1 40404U 95015R   25129.52939799  .00000547  00000-0  28599-3 0  7927
2 40404  98.8037 143.8136 0005204 207.6445 152.4454 14.18467831530527
1 40404U 95015R   25128.96509212  .00000599  00000-0  31150-3 0    14
2 40404  98.8037 143.2535 0005169 209.4770 150.6115 14.18467382527368
1 40404U 95015R   25130.30531787  .00000603  00000-0  31325-3 0    17
2 40404  98.8036 144.5836 0005251 205.2011 154.8909 14.18469136527556
1 40404U 95015R   25130.51693252  .00000535  00000-0  28032-3 0    11
2 40404  98.8036 144.7936 0005267 204.5260 155.5666 14.18468995527587
1 40404U 95015R   25131.01069950  .00000531  00000-0  27825-3 0  7932
2 40404  98.8035 145.2837 0005293 203.0167 157.0772 14.18469562530738
1 40404U 95015R   25131.50446623  .00000537  00000-0  28139-3 0    19
2 40404  98.8035 145.7738 0005319 201.4613 158.6340 14.18470218527723
1 40404U 95015R   25131.78661859  .00000534  00000-0  27991-3 0    11
2 40404  98.8034 146.0537 0005328 200.6629 159.4331 14.18470522527762
1 40404U 95015R   25132.49199916  .00000516  00000-0  27099-3 0  7948
2 40404  98.8033 146.7538 0005378 198.5308 161.5672 14.18471309530943
1 40404U 95015R   25132.49199916  .00000516  00000-0  27099-3 0    19
2 40404  98.8033 146.7538 0005378 198.5308 161.5672 14.18471309527860
1 40404U 95015R   25133.55006942  .00000494  00000-0  26052-3 0  7956
2 40404  98.8032 147.8039 0005447 195.4230 164.6780 14.18472441531096
1 40404U 95015R   25133.90275925  .00000493  00000-0  25983-3 0    15
2 40404  98.8032 148.1538 0005471 194.4226 165.6794 14.18472847528064
1 40404U 95015R   25134.46706276  .00000487  00000-0  25721-3 0    18
2 40404  98.8032 148.7139 0005507 192.7315 167.3722 14.18473524528149
1 40404U 95015R   25135.03136618  .00000460  00000-0  24418-3 0  8010
2 40404  98.8031 149.2739 0005542 191.0948 169.0106 14.18473994531301
1 40404U 95015R   25135.03136618  .00000460  00000-0  24418-3 0    12
2 40404  98.8031 149.2739 0005542 191.0948 169.0106 14.18473994528228
1 40404U 95015R   25136.93588852  .00000467  00000-0  24732-3 0    19
2 40404  98.8030 151.1640 0005686 185.4561 174.6553 14.18476010528496
1 40404U 95015R   25137.00642634  .00000467  00000-0  24737-3 0  8021
2 40404  98.8030 151.2340 0005686 185.2462 174.8655 14.18476089531587
1 40404U 95015R   25137.50019050  .00000596  00000-0  30991-3 0    19
2 40404  98.8030 151.7241 0005713 183.7596 176.3538 14.18477429528575
1 40404U 95015R   25138.48771887  .00000564  00000-0  29421-3 0  8031
2 40404  98.8029 152.7041 0005777 180.9164 179.2002 14.18478394531790
1 40404U 95015R   25138.55825655  .00000563  00000-0  29404-3 0    12
2 40404  98.8028 152.7741 0005779 180.7003 179.4165 14.18478480528725
1 40404U 95015R   25138.76986959  .00000562  00000-0  29325-3 0    11
2 40404  98.8028 152.9841 0005790 180.0908 180.0267 14.18478719528757
1 40404U 95015R   25138.98148275  .00000552  00000-0  28847-3 0    13
2 40404  98.8028 153.1941 0005799 179.5172 180.6009 14.18478897528786
1 40404U 95015R   25139.75739708  .00000465  00000-0  24634-3 0  8040
2 40404  98.8028 153.9642 0005846 177.4093 182.7114 14.18479322531973
1 40404U 95015R   25140.46277339  .00000489  00000-0  25823-3 0    13
2 40404  98.8027 154.6642 0005900 175.4949 184.6280 14.18480251528995
1 40404U 95015R   25140.60384850  .00000467  00000-0  24744-3 0    13
2 40404  98.8027 154.8042 0005908 175.0888 185.0346 14.18480316529011
1 40404U 95015R   25141.02707412  .00000481  00000-0  25435-3 0  8059
2 40404  98.8027 155.2242 0005933 173.9080 186.2169 14.18480828532150
1 40404U 95015R   25141.59137467  .00000431  00000-0  22975-3 0    17
2 40404  98.8026 155.7842 0005967 172.3105 187.8163 14.18481159529153
1 40404U 95015R   25142.29675027  .00000488  00000-0  25774-3 0  8069
2 40404  98.8027 156.4844 0005996 170.3701 189.7591 14.18482106532339
1 40404U 95015R   25142.57890032  .00000466  00000-0  24684-3 0    17
2 40404  98.8027 156.7644 0006014 169.5951 190.5350 14.18482289529295
1 40404U 95015R   25143.49588767  .00000433  00000-0  23075-3 0  8079
2 40404  98.8026 157.6745 0006083 167.1215 193.0117 14.18483056532509
1 40404U 95015R   25143.49588767  .00000433  00000-0  23075-3 0    15
2 40404  98.8026 157.6745 0006083 167.1215 193.0117 14.18483056529426
1 40404U 95015R   25143.56642514  .00000430  00000-0  22923-3 0    12
2 40404  98.8027 157.7444 0006097 167.0134 193.1200 14.18483101529434
1 40404U 95015R   25144.48341183  .00000422  00000-0  22573-3 0    14
2 40404  98.8026 158.6545 0006156 164.5923 195.5441 14.18484013529569
1 40404U 95015R   25144.76556146  .00000418  00000-0  22388-3 0  8086
2 40404  98.8026 158.9345 0006176 163.8199 196.3175 14.18484264532687
1 40404U 95015R   25144.76556146  .00000418  00000-0  22388-3 0    11
2 40404  98.8026 158.9345 0006176 163.8199 196.3175 14.18484264529605
1 40404U 95015R   25144.97717360  .00000408  00000-0  21895-3 0    12
2 40404  98.8025 159.1445 0006186 163.2823 196.8557 14.18484451529637
1 40404U 95015R   25145.54147267  .00000416  00000-0  22246-3 0    19
2 40404  98.8025 159.7045 0006220 161.7565 198.3835 14.18485057529712
1 40404U 95015R   25147.30490595  .00000406  00000-0  21775-3 0  8091
2 40404  98.8024 161.4545 0006323 157.0676 203.0783 14.18486639533045
1 40404U 95015R   25147.30490595  .00000406  00000-0  21775-3 0    15
2 40404  98.8024 161.4545 0006323 157.0676 203.0783 14.18486639529961
1 40404U 95015R   25148.29242753  .00000446  00000-0  23722-3 0    13
2 40404  98.8024 162.4346 0006380 154.4222 205.7270 14.18487796530105
1 40404U 95015R   25148.78618809  .00000454  00000-0  24110-3 0  8105
2 40404  98.8023 162.9246 0006408 153.1574 206.9934 14.18488302533258
1 40404U 95015R   25148.78618809  .00000454  00000-0  24110-3 0    17
2 40404  98.8023 162.9246 0006408 153.1574 206.9934 14.18488302530176
1 40404U 95015R   25148.99779970  .00000444  00000-0  23615-3 0    15
2 40404  98.8023 163.1346 0006419 152.6319 207.5195 14.18488470530209
1 40404U 95015R   25149.98531977  .00000460  00000-0  24388-3 0  8113
2 40404  98.8022 164.1146 0006475 150.1348 210.0198 14.18489655533429
1 40404U 95015R   25149.98531977  .00000460  00000-0  24388-3 0    14
2 40404  98.8022 164.1146 0006475 150.1348 210.0198 14.18489655530347
1 40404U 95015R   25150.76122802  .00000453  00000-0  24061-3 0    15
2 40404  98.8021 164.8846 0006518 148.1779 211.9791 14.18490448530456
1 40404U 95015R   25151.46659878  .00000452  00000-0  23992-3 0  8122
2 40404  98.8021 165.5847 0006554 146.3887 213.7706 14.18491213533635
1 40404U 95015R   25151.46659878  .00000452  00000-0  23992-3 0    12
2 40404  98.8021 165.5847 0006554 146.3887 213.7706 14.18491213530553
1 40404U 95015R   25151.96035792  .00000455  00000-0  24166-3 0    17
2 40404  98.8020 166.0746 0006578 145.1792 214.9815 14.18491796530622
1 40404U 95015R   25152.94787529  .00000562  00000-0  29302-3 0    14
2 40404  98.8020 167.0546 0006636 142.6830 217.4807 14.18493597530766
1 40404U 95015R   25153.01841223  .00000562  00000-0  29323-3 0  8139
2 40404  98.8020 167.1246 0006638 142.4773 217.6867 14.18493689533853
1 40404U 95015R   25154.49968616  .00000692  00000-0  35600-3 0  8148
2 40404  98.8018 168.5945 0006736 138.8481 221.3203 14.18496432534064
1 40404U 95015R   25154.57022295  .00000691  00000-0  35581-3 0    16
2 40404  98.8018 168.6644 0006739 138.6768 221.4919 14.18496531530993
1 40404U 95015R   25155.48720201  .00000536  00000-0  28087-3 0    10
2 40404  98.8018 169.5744 0006781 136.4904 223.6808 14.18496709531123
1 40404U 95015R   25155.76934908  .00000527  00000-0  27650-3 0  8150
2 40404  98.8018 169.8544 0006792 135.8368 224.3350 14.18497004534248
1 40404U 95015R   25155.76934908  .00000527  00000-0  27650-3 0    17
2 40404  98.8018 169.8544 0006792 135.8368 224.3350 14.18497004531166
1 40404U 95015R   25156.54525316  .00000475  00000-0  25108-3 0    11
2 40404  98.8018 170.6244 0006825 133.9686 226.2054 14.18497743531276
1 40404U 95015R   25157.46223019  .00000441  00000-0  23477-3 0    18
2 40404  98.8018 171.5343 0006865 131.7114 228.4649 14.18498671531402
1 40404U 95015R   25157.53276688  .00000438  00000-0  23325-3 0    14
2 40404  98.8018 171.6043 0006866 131.5288 228.6477 14.18498729531417
1 40404U 95015R   25158.52027995  .00000421  00000-0  22497-3 0  8175
2 40404  98.8018 172.5843 0006907 129.0258 231.1533 14.18499717534637
1 40404U 95015R   25158.52027995  .00000421  00000-0  22497-3 0    10
2 40404  98.8018 172.5843 0006907 129.0258 231.1533 14.18499717531555
1 40404U 95015R   25158.59081658  .00000420  00000-0  22435-3 0    14
2 40404  98.8018 172.6542 0006905 128.8328 231.3464 14.18499775531565
1 40404U 95015R   25159.01403623  .00000401  00000-0  21542-3 0    19
2 40404  98.8017 173.0742 0006918 127.7653 232.4150 14.18500114531625
1 40404U 95015R   25160.49530420  .00000383  00000-0  20646-3 0    12
2 40404  98.8015 174.5440 0006980 124.2471 235.9367 14.18501439531835
1 40404U 95015R   25161.48281542  .00000337  00000-0  18418-3 0    13
2 40404  98.8015 175.5240 0007011 121.9115 238.2743 14.18502111531976
1 40404U 95015R   25161.97657076  .00000332  00000-0  18182-3 0  8196
2 40404  98.8015 176.0139 0007020 120.7287 239.4580 14.18502532535126
1 40404U 95015R   25161.97657076  .00000332  00000-0  18182-3 0    19
2 40404  98.8015 176.0139 0007020 120.7287 239.4580 14.18502532532044
1 40404U 95015R   25163.31676308  .00000369  00000-0  19998-3 0  8203
2 40404  98.8015 177.3438 0007061 117.4973 242.6921 14.18503935535316
1 40404U 95015R   25163.31676308  .00000369  00000-0  19998-3 0    14
2 40404  98.8015 177.3438 0007061 117.4973 242.6921 14.18503935532234
1 40404U 95015R   25164.51588073  .00000516  00000-0  27079-3 0  8211
2 40404  98.8014 178.5337 0007094 114.6142 245.5773 14.18506018535489
1 40404U 95015R   25164.58641702  .00000516  00000-0  27100-3 0    12
2 40404  98.8015 178.6038 0007098 114.4438 245.7478 14.18506091532414
1 40404U 95015R   25164.79802609  .00000508  00000-0  26688-3 0    11
2 40404  98.8015 178.8137 0007105 113.8899 246.3022 14.18506203532449
1 40404U 95015R   25165.50338965  .00000414  00000-0  22138-3 0    12
2 40404  98.8015 179.5137 0007125 112.1990 247.9942 14.18506235532547
1 40404U 95015R   25167.76054873  .00000390  00000-0  21004-3 0  8220
2 40404  98.8014 181.7535 0007166 106.9211 253.2751 14.18508425535943
1 40404U 95015R   25167.76054873  .00000390  00000-0  21004-3 0    19
2 40404  98.8014 181.7535 0007166 106.9211 253.2751 14.18508425532861
1 40404U 95015R   25168.81859092  .00000395  00000-0  21218-3 0  8236
2 40404  98.8012 182.8033 0007194 104.5155 255.6819 14.18509504536095
1 40404U 95015R   25168.81859092  .00000395  00000-0  21218-3 0    14
2 40404  98.8012 182.8033 0007194 104.5155 255.6819 14.18509504533014
1 40404U 95015R   25169.45341600  .00000391  00000-0  21025-3 0    18
2 40404  98.8012 183.4333 0007206 103.0116 257.1864 14.18510065533100
1 40404U 95015R   25170.44092110  .00000404  00000-0  21676-3 0  8248
2 40404  98.8012 184.4132 0007228 100.7541 259.4448 14.18510992536327
1 40404U 95015R   25170.44092110  .00000404  00000-0  21676-3 0    15
2 40404  98.8012 184.4132 0007228 100.7541 259.4448 14.18510992533245
1 40404U 95015R   25171.49896169  .00000359  00000-0  19489-3 0  8259
2 40404  98.8012 185.4631 0007235  98.3400 261.8596 14.18511613536474
1 40404U 95015R   25171.49896169  .00000359  00000-0  19489-3 0    15
2 40404  98.8012 185.4631 0007235  98.3400 261.8596 14.18511613533392
1 40404U 95015R   25171.78110570  .00000351  00000-0  19096-3 0    18
2 40404  98.8012 185.7431 0007236  97.6613 262.5384 14.18511790533436
1 40404U 95015R   25172.48646556  .00000340  00000-0  18597-3 0    17
2 40404  98.8013 186.4431 0007231  95.9435 264.2564 14.18512345533530
1 40404U 95015R   25174.32039984  .00000321  00000-0  17658-3 0  8264
2 40404  98.8011 188.2628 0007241  91.7137 268.4868 14.18513742536875
1 40404U 95015R   25174.32039984  .00000321  00000-0  17658-3 0    19
2 40404  98.8011 188.2628 0007241  91.7137 268.4868 14.18513742533793
1 40404U 95015R   25175.51950993  .00000327  00000-0  17946-3 0  8275
2 40404  98.8012 189.4527 0007243  88.9079 271.2926 14.18514628537043
1 40404U 95015R   25175.51950993  .00000327  00000-0  17946-3 0    19
2 40404  98.8012 189.4527 0007243  88.9079 271.2926 14.18514628533960
1 40404U 95015R   25175.59004578  .00000328  00000-0  17985-3 0    10
2 40404  98.8012 189.5227 0007243  88.7448 271.4557 14.18514681533978
1 40404U 95015R   25176.29540417  .00000319  00000-0  17565-3 0    19
2 40404  98.8012 190.2227 0007239  87.2094 272.9910 14.18515133534077
1 40404U 95015R   25177.00076223  .00000323  00000-0  17765-3 0  8282
2 40404  98.8013 190.9226 0007231  85.5504 274.6497 14.18515697537250
1 40404U 95015R   25177.00076223  .00000323  00000-0  17765-3 0    15
2 40404  98.8013 190.9226 0007231  85.5504 274.6497 14.18515697534178
1 40404U 95015R   25177.98826311  .00000317  00000-0  17460-3 0    18
2 40404  98.8013 191.9026 0007209  83.4073 276.7923 14.18516413534310
1 40404U 95015R   25178.97576348  .00000287  00000-0  16029-3 0  8340
2 40404  98.8012 192.8825 0007191  81.1387 279.0603 14.18517012537533
1 40404U 95015R   25179.61058493  .00000267  00000-0  15033-3 0    16
2 40404  98.8013 193.5125 0007180  79.7040 280.4945 14.18517364534545
1 40404U 95015R   25179.82219209  .00000269  00000-0  15148-3 0    12
2 40404  98.8013 193.7226 0007181  78.9044 281.2939 14.18517495534575
1 40404U 95015R   25180.03379918  .00000266  00000-0  15014-3 0  8355
2 40404  98.8014 193.9327 0007173  78.3661 281.8319 14.18517634537688
1 40404U 95015R   25180.59808468  .00000259  00000-0  14642-3 0    16
2 40404  98.8013 194.4926 0007177  77.0351 283.1626 14.18517964534683
1 40404U 95015R   25180.80969166  .00000272  00000-0  15294-3 0    12
2 40404  98.8013 194.7026 0007176  76.5156 283.6818 14.18518168534712
1 40404U 95015R   25181.51504817  .00000290  00000-0  16156-3 0  8363
2 40404  98.8014 195.4026 0007161  74.8506 285.3461 14.18518744537890
1 40404U 95015R   25181.51504817  .00000290  00000-0  16156-3 0    17
2 40404  98.8014 195.4026 0007161  74.8506 285.3461 14.18518744534819
1 40404U 95015R   25182.57308224  .00000339  00000-0  18532-3 0    12
2 40404  98.8013 196.4525 0007143  72.3594 287.8361 14.18519780534966
1 40404U 95015R   25182.57308224  .00000339  00000-0  18532-3 0  8379
2 40404  98.8013 196.4525 0007143  72.3594 287.8361 14.18519780538049
1 40404U 95015R   25183.27843786  .00000330  00000-0  18097-3 0    14
2 40404  98.8014 197.1525 0007109  70.8040 289.3904 14.18520277535061
1 40404U 95015R   25183.77218651  .00000344  00000-0  18748-3 0  8382
2 40404  98.8013 197.6425 0007099  69.5692 290.6246 14.18520782538215
1 40404U 95015R   25183.77218651  .00000344  00000-0  18748-3 0    14
2 40404  98.8013 197.6425 0007099  69.5692 290.6246 14.18520782535133
1 40404U 95015R   25183.98379304  .00000350  00000-0  19072-3 0    18
2 40404  98.8013 197.8525 0007092  69.0496 291.1438 14.18521014535167
1 40404U 95015R   25185.53557367  .00000350  00000-0  19074-3 0  8399
2 40404  98.8013 199.3924 0007049  65.3313 294.8596 14.18522314538461
1 40404U 95015R   25186.59360510  .00000363  00000-0  19695-3 0    12
2 40404  98.8014 200.4423 0007019  62.8081 297.3809 14.18523225535533
1 40404U 95015R   25186.87574669  .00000355  00000-0  19323-3 0  8405
2 40404  98.8014 200.7223 0007002  62.2256 297.9629 14.18523398538657
1 40404U 95015R   25186.94628212  .00000353  00000-0  19226-3 0    16
2 40404  98.8014 200.7923 0006997  62.0830 298.1053 14.18523436535588
1 40404U 95015R   25187.58110046  .00000363  00000-0  19672-3 0    14
2 40404  98.8014 201.4222 0006972  60.6565 299.5306 14.18524017535672
1 40404U 95015R   25187.93377727  .00000350  00000-0  19039-3 0    17
2 40404  98.8014 201.7722 0006958  59.8184 300.3680 14.18524218535726
1 40404U 95015R   25188.00431265  .00000347  00000-0  18898-3 0  8414
2 40404  98.8014 201.8422 0006955  59.6507 300.5356 14.18524253538812
1 40404U 95015R   25188.56859530  .00000347  00000-0  18921-3 0    19
2 40404  98.8014 202.4022 0006938  58.2614 301.9237 14.18524737535817
1 40404U 95015R   25188.78020131  .00000337  00000-0  18409-3 0    10
2 40404  98.8014 202.6122 0006928  57.7360 302.4486 14.18524824535843
1 40404U 95015R   25189.48555429  .00000322  00000-0  17693-3 0  8422
2 40404  98.8015 203.3121 0006906  55.9614 304.2216 14.18525369539029
1 40404U 95015R   25189.55608960  .00000317  00000-0  17486-3 0    10
2 40404  98.8015 203.3821 0006901  55.7933 304.3896 14.18525396535956
1 40404U 95015R   25190.61411861  .00000276  00000-0  15463-3 0    18
2 40404  98.8015 204.4321 0006856  53.1729 307.0074 14.18526026536104
1 40404U 95015R   25190.75518912  .00000272  00000-0  15290-3 0  8436
2 40404  98.8015 204.5721 0006855  52.7633 307.4167 14.18526101539202
1 40404U 95015R   25190.96679486  .00000269  00000-0  15156-3 0    16
2 40404  98.8015 204.7821 0006849  52.2423 307.9372 14.18526250536159
1 40404U 95015R   25191.46054153  .00000266  00000-0  15014-3 0    10
2 40404  98.8015 205.2721 0006833  51.0445 309.1338 14.18526589536227
1 40404U 95015R   25192.51856956  .00000262  00000-0  14824-3 0  8447
2 40404  98.8015 206.3220 0006786  48.5002 311.6755 14.18527296539455
1 40404U 95015R   25192.51856956  .00000262  00000-0  14824-3 0    12
2 40404  98.8015 206.3220 0006786  48.5002 311.6755 14.18527296536373
1 40404U 95015R   25193.29445640  .00000295  00000-0  16417-3 0    18
2 40404  98.8015 207.0919 0006753  46.5953 313.5783 14.18527986536483
1 40404U 95015R   25193.99980777  .00000293  00000-0  16279-3 0  8450
2 40404  98.8015 207.7919 0006725  44.7668 315.4049 14.18528474539664
1 40404U 95015R   25193.99980777  .00000293  00000-0  16279-3 0    14
2 40404  98.8015 207.7919 0006725  44.7668 315.4049 14.18528474536582
1 40404U 95015R   25194.77569394  .00000293  00000-0  16321-3 0    17
2 40404  98.8015 208.5619 0006689  42.8773 317.2922 14.18529045536690
1 40404U 95015R   25195.48104474  .00000280  00000-0  15688-3 0  8468
2 40404  98.8016 209.2619 0006646  41.0832 319.0843 14.18529524539876
1 40404U 95015R   25195.48104474  .00000280  00000-0  15688-3 0    11
2 40404  98.8016 209.2619 0006646  41.0832 319.0843 14.18529524536794
1 40404U 95015R   25196.53907036  .00000297  00000-0  16474-3 0  8473
2 40404  98.8016 210.3118 0006585  38.4460 321.7183 14.18530427540022
1 40404U 95015R   25196.75067542  .00000297  00000-0  16513-3 0    12
2 40404  98.8016 210.5218 0006578  37.8671 322.2966 14.18530569536975
1 40404U 95015R   25197.52656055  .00000296  00000-0  16434-3 0    12
2 40404  98.8016 211.2918 0006536  35.9183 324.2430 14.18531116537081
1 40404U 95015R   25197.80870054  .00000299  00000-0  16615-3 0  8483
2 40404  98.8016 211.5718 0006519  35.2267 324.9338 14.18531297540201
1 40404U 95015R   25197.94977051  .00000300  00000-0  16654-3 0    10
2 40404  98.8017 211.7118 0006513  34.8462 325.3139 14.18531406537149
1 40404U 95015R   25198.44351517  .00000336  00000-0  18361-3 0    15
2 40404  98.8017 212.2018 0006488  33.6150 326.5435 14.18531981537214
1 40404U 95015R   25199.00779477  .00000326  00000-0  17906-3 0  8490
2 40404  98.8017 212.7618 0006456  32.1547 328.0021 14.18532318540378
1 40404U 95015R   25199.50153927  .00000338  00000-0  18493-3 0    16
2 40404  98.8017 213.2518 0006428  30.9132 329.2421 14.18532747537366
1 40404U 95015R   25200.48902762  .00000343  00000-0  18708-3 0  8502
2 40404  98.8018 214.2318 0006361  28.3439 331.8082 14.18533578540586
1 40404U 95015R   25200.48902762  .00000343  00000-0  18708-3 0    10
2 40404  98.8018 214.2318 0006361  28.3439 331.8082 14.18533578537504
1 40404U 95015R   25201.75865462  .00000333  00000-0  18213-3 0  8519
2 40404  98.8019 215.4918 0006283  24.9816 335.1663 14.18534589540765
1 40404U 95015R   25201.97025899  .00000339  00000-0  18539-3 0    19
2 40404  98.8019 215.7018 0006273  24.3753 335.7718 14.18534826537714
1 40404U 95015R   25202.60507213  .00000359  00000-0  19483-3 0    16
2 40404  98.8020 216.3318 0006234  22.7388 337.4063 14.18535445537809
1 40404U 95015R   25202.81667643  .00000356  00000-0  19370-3 0  8529
2 40404  98.8020 216.5418 0006223  22.1695 337.9748 14.18535596540913
1 40404U 95015R   25202.81667643  .00000356  00000-0  19370-3 0    15
2 40404  98.8020 216.5418 0006223  22.1695 337.9748 14.18535596537830
1 40404U 95015R   25203.59255867  .00000406  00000-0  21755-3 0    18
2 40404  98.8020 217.3118 0006179  20.1103 340.0315 14.18536502537943
1 40404U 95015R   25204.01576695  .00000409  00000-0  21906-3 0  8537
2 40404  98.8020 217.7318 0006156  18.9784 341.1619 14.18536886541088
1 40404U 95015R   25204.58004437  .00000450  00000-0  23875-3 0    17
2 40404  98.8020 218.2918 0006118  17.4977 342.6408 14.18537627538088
1 40404U 95015R   25205.49699479  .00000432  00000-0  23026-3 0    12
2 40404  98.8021 219.2018 0006054  15.0264 345.1090 14.18538408538211
1 40404U 95015R   25205.49699479  .00000432  00000-0  23026-3 0  8548
2 40404  98.8021 219.2018 0006054  15.0264 345.1090 14.18538408541293
1 40404U 95015R   25205.92020240  .00000430  00000-0  22944-3 0    10
2 40404  98.8021 219.6218 0006022  13.8513 346.2827 14.18538825538274
1 40404U 95015R   25206.48447917  .00000417  00000-0  22299-3 0    14
2 40404  98.8021 220.1818 0005982  12.3041 347.8279 14.18539320538359
1 40404U 95015R   25206.97822109  .00000403  00000-0  21623-3 0  8550
2 40404  98.8021 220.6718 0005953  10.8728 349.2575 14.18539742541500
1 40404U 95015R   25207.82463537  .00000414  00000-0  22172-3 0    16
2 40404  98.8021 221.5119 0005885   8.4532 351.6742 14.18540674538544
1 40404U 95015R   25208.52998024  .00000420  00000-0  22460-3 0  8563
2 40404  98.8021 222.2119 0005841   6.4985 353.6265 14.18541446541728
1 40404U 95015R   25208.60051471  .00000420  00000-0  22438-3 0    15
2 40404  98.8021 222.2819 0005836   6.3056 353.8192 14.18541510538658
1 40404U 95015R   25208.81211810  .00000419  00000-0  22376-3 0    12
2 40404  98.8021 222.4919 0005822   5.7132 354.4109 14.18541698538689
1 40404U 95015R   25209.58799711  .00000405  00000-0  21711-3 0    15
2 40404  98.8022 223.2619 0005773   3.5516 356.5700 14.18542354538795
1 40404U 95015R   25209.58799711  .00000405  00000-0  21711-3 0  8574
2 40404  98.8022 223.2619 0005773   3.5516 356.5700 14.18542354541878
1 40404U 95015R   25210.57547866  .00000427  00000-0  22789-3 0    18
2 40404  98.8022 224.2419 0005703   0.7627 359.3556 14.18543449538931
1 40404U 95015R   25210.78708175  .00000426  00000-0  22706-3 0  8581
2 40404  98.8022 224.4519 0005691   0.1658 359.9518 14.18543640542042
1 40404U 95015R   25210.78708175  .00000426  00000-0  22706-3 0    11
2 40404  98.8022 224.4519 0005691   0.1658 359.9518 14.18543640538968
1 40404U 95015R   25211.56295949  .00000434  00000-0  23099-3 0    13
2 40404  98.8022 225.2219 0005636 357.8994   2.2157 14.18544490539072
1 40404U 95015R   25211.98616527  .00000439  00000-0  23359-3 0  8593
2 40404  98.8022 225.6419 0005607 356.6094   3.5042 14.18544968542211
1 40404U 95015R   25212.26830248  .00000430  00000-0  22942-3 0    10
2 40404  98.8023 225.9219 0005588 355.8053   4.3075 14.18545199539170
1 40404U 95015R   25212.90311086  .00000422  00000-0  22549-3 0    19
2 40404  98.8023 226.5519 0005543 353.8664   6.2443 14.18545823539261
1 40404U 95015R   25213.25578219  .00000420  00000-0  22461-3 0  8605
2 40404  98.8023 226.9019 0005517 352.8595   7.2501 14.18546142542392
1 40404U 95015R   25213.25578219  .00000420  00000-0  22461-3 0    12
2 40404  98.8023 226.9019 0005517 352.8595   7.2501 14.18546142539310
1 40404U 95015R   25213.96112451  .00000401  00000-0  21504-3 0    18
2 40404  98.8023 227.6019 0005472 350.7287   9.3787 14.18546718539412
1 40404U 95015R   25214.52539811  .00000408  00000-0  21836-3 0  8613
2 40404  98.8024 228.1620 0005430 349.0345  11.0711 14.18547297542578
1 40404U 95015R   25214.52539811  .00000408  00000-0  21836-3 0    19
2 40404  98.8024 228.1620 0005430 349.0345  11.0711 14.18547297539495
1 40404U 95015R   25215.51287649  .00000408  00000-0  21878-3 0    14
2 40404  98.8024 229.1420 0005377 346.1168  13.9859 14.18548198539636
1 40404U 95015R   25216.50035414  .00000425  00000-0  22661-3 0  8620
2 40404  98.8025 230.1220 0005307 343.0792  17.0206 14.18549225542850
1 40404U 95015R   25216.50035414  .00000425  00000-0  22661-3 0    15
2 40404  98.8025 230.1220 0005307 343.0792  17.0206 14.18549225539777
1 40404U 95015R   25216.78249045  .00000421  00000-0  22465-3 0    10
2 40404  98.8025 230.4020 0005272 342.0877  18.0111 14.18549466539810
1 40404U 95015R   25217.48783114  .00000391  00000-0  21029-3 0    19
2 40404  98.8025 231.1021 0005239 339.9379  20.1590 14.18550014539911
1 40404U 95015R   25218.54584147  .00000343  00000-0  18702-3 0 55204
2 40404  98.8025 232.1521 0005178 336.5287  23.5652 14.18550807540064
1 40404U 95015R   25219.53331733  .00000357  00000-0  19384-3 0 55241
2 40404  98.8025 233.1322 0005134 333.4002  26.6909 14.18551769540200
1 40404U 95015R   25219.95652118  .00000373  00000-0  20189-3 0    18
2 40404  98.8025 233.5522 0005117 332.0435  28.0465 14.18552182540261
1 40404U 95015R   25220.02705513  .00000374  00000-0  20193-3 0  8649
2 40404  98.8025 233.6222 0005114 331.8167  28.2731 14.18552249543350
1 40404U 95015R   25220.59132673  .00000358  00000-0  19440-3 0    10
2 40404  98.8026 234.1823 0005086 330.0762  30.0122 14.18552612540350
1 40404U 95015R   25221.29666578  .00000408  00000-0  21833-3 0  8657
2 40404  98.8026 234.8823 0005049 327.8257  32.2609 14.18553477543536
1 40404U 95015R   25221.29666578  .00000408  00000-0  21833-3 0    19
2 40404  98.8026 234.8823 0005049 327.8257  32.2609 14.18553477540454
1 40404U 95015R   25222.00200423  .00000462  00000-0  24470-3 0    12
2 40404  98.8026 235.5824 0005011 325.4542  34.6307 14.18554491540552
1 40404U 95015R   25222.84841037  .00000433  00000-0  23063-3 0  8660
2 40404  98.8027 236.4225 0004963 322.5861  37.4969 14.18555081543751
1 40404U 95015R   25223.27161320  .00000428  00000-0  22839-3 0    13
2 40404  98.8027 236.8425 0004941 321.1550  38.9270 14.18555473540734
1 40404U 95015R   25223.55374833  .00000430  00000-0  22899-3 0    18
2 40404  98.8027 237.1225 0004927 320.1728  39.9085 14.18555776540771
1 40404U 95015R   25223.76534963  .00000424  00000-0  22615-3 0    12
2 40404  98.8027 237.3326 0004916 319.4251  40.6557 14.18555943540808
1 40404U 95015R   25223.97695092  .00000380  00000-0  20523-3 0  8673
2 40404  98.8027 237.5426 0004910 318.7350  41.3454 14.18555936543918
1 40404U 95015R   25223.97695092  .00000380  00000-0  20523-3 0    13
2 40404  98.8027 237.5426 0004910 318.7350  41.3454 14.18555936540836
1 40404U 95015R   25224.75282214  .00000393  00000-0  21147-3 0    15
2 40404  98.8027 238.3126 0004872 316.0999  43.9788 14.18556746540949
1 40404U 95015R   25225.59922686  .00000361  00000-0  19591-3 0    17
2 40404  98.8027 239.1527 0004838 313.2436  46.8335 14.18557330541064
1 40404U 95015R   25226.51616473  .00000395  00000-0  21239-3 0    13
2 40404  98.8027 240.0628 0004799 310.1742  49.9013 14.18558322541192
1 40404U 95015R   25227.50363574  .00000376  00000-0  20299-3 0    18
2 40404  98.8028 241.0428 0004759 306.7434  53.3304 14.18559082541339
1 40404U 95015R   25225.52869314  .00000363  00000-0  19658-3 0  8685
2 40404  98.8027 239.0827 0004841 313.4894  46.5878 14.18557282544136
1 40404U 95015R   25227.50363574  .00000376  00000-0  20299-3 0  8690
2 40404  98.8028 241.0428 0004759 306.7434  53.3304 14.18559082544411
1 40404U 95015R   25227.92683746  .00000365  00000-0  19773-3 0    13
2 40404  98.8028 241.4629 0004744 305.0713  55.0017 14.18559364541391
1 40404U 95015R   25228.49110626  .00000363  00000-0  19683-3 0    16
2 40404  98.8029 242.0229 0004724 303.0859  56.9862 14.18559849541477
1 40404U 95015R   25228.77324057  .00000360  00000-0  19517-3 0  8709
2 40404  98.8029 242.3030 0004718 302.0300  58.0417 14.18560053544597
1 40404U 95015R   25229.54910974  .00000359  00000-0  19498-3 0    16
2 40404  98.8029 243.0730 0004693 299.1832  60.8873 14.18560733541623
1 40404U 95015R   25230.04284448  .00000349  00000-0  19022-3 0  8710
2 40404  98.8029 243.5631 0004681 297.4085  62.6614 14.18561095544770
1 40404U 95015R   25230.46604573  .00000356  00000-0  19330-3 0    16
2 40404  98.8030 243.9831 0004667 295.8848  64.1846 14.18561444541758
1 40404U 95015R   25230.95978020  .00000358  00000-0  19448-3 0    13
2 40404  98.8030 244.4731 0004660 294.1928  65.8760 14.18561858541827
1 40404U 95015R   25231.52404821  .00000358  00000-0  19428-3 0  8724
2 40404  98.8031 245.0332 0004641 292.1768  67.8915 14.18562266544989
1 40404U 95015R   25231.52404821  .00000358  00000-0  19428-3 0    18
2 40404  98.8031 245.0332 0004641 292.1768  67.8915 14.18562266541908
1 40404U 95015R   25232.58204996  .00000367  00000-0  19865-3 0    11
2 40404  98.8031 246.0833 0004616 288.3103  71.7570 14.18563149542056
1 40404U 95015R   25232.93471716  .00000365  00000-0  19791-3 0    12
2 40404  98.8031 246.4333 0004611 287.0243  73.0427 14.18563390542101
1 40404U 95015R   25234.48645177  .00000329  00000-0  18028-3 0 55807
2 40404  98.8032 247.9735 0004594 281.3684  78.6975 14.18564485542329
1 40404U 95015R   25234.98018524  .00000329  00000-0  18057-3 0 55815
2 40404  98.8032 248.4635 0004597 279.5651  80.5005 14.18564890542393
1 40404U 95015R   25235.75605191  .00000314  00000-0  17323-3 0 55834
2 40404  98.8032 249.2336 0004595 276.6875  83.3778 14.18565434542500
1 40404U 95015R   25236.60245162  .00000332  00000-0  18196-3 0 55858
2 40404  98.8032 250.0737 0004592 273.6179  86.4471 14.18566197542620
1 40404U 95015R   25237.58991745  .00000349  00000-0  19017-3 0 55874
2 40404  98.8032 251.0538 0004587 270.0175  90.0475 14.18567031542769
1 40404U 95015R   25237.94258363  .00000383  00000-0  20668-3 0 55889
2 40404  98.8031 251.4038 0004589 268.7864  91.2785 14.18567488542817
1 40404U 95015R   25238.29524982  .00000380  00000-0  20490-3 0 55892
2 40404  98.8031 251.7538 0004592 267.3021  92.7629 14.18567722542868
1 40404U 95015R   25238.93004848  .00000424  00000-0  22646-3 0 55914
2 40404  98.8031 252.3838 0004592 265.3222  94.7429 14.18568538542955
1 40404U 95015R   25239.28271438  .00000451  00000-0  23934-3 0 55926
2 40404  98.8031 252.7339 0004596 263.9348  96.1304 14.18568976543003
1 40404U 95015R   25239.56484695  .00000450  00000-0  23901-3 0 55932
2 40404  98.8031 253.0139 0004602 262.9021  97.1632 14.18569260543046
1 40404U 95015R   25239.77644637  .00000451  00000-0  23951-3 0 55946
2 40404  98.8031 253.2239 0004603 262.0954  97.9699 14.18569445543075
1 40404U 95015R   25240.48177738  .00000501  00000-0  26342-3 0 55964
2 40404  98.8031 253.9239 0004615 259.4917 100.5739 14.18570476543177
1 40404U 95015R   25240.97550887  .00000540  00000-0  28218-3 0 55976
2 40404  98.8031 254.4140 0004627 257.7330 102.3327 14.18571203543247
1 40404U 95015R   25241.96297131  .00000549  00000-0  28667-3 0 55995
2 40404  98.8031 255.3941 0004648 254.1644 105.9019 14.18572342543385
1 40404U 95015R   25242.03350432  .00000549  00000-0  28666-3 0 56000
2 40404  98.8032 255.4641 0004649 253.9069 106.1595 14.18572421543394
1 40404U 95015R   25242.59776810  .00000634  00000-0  32742-3 0 56020
2 40404  98.8032 256.0241 0004653 251.9569 108.1099 14.18573527543473
1 40404U 95015R   25242.95043270  .00000662  00000-0  34103-3 0 56032
2 40404  98.8032 256.3741 0004661 250.6958 109.3714 14.18574133543525
1 40404U 95015R   25243.58522894  .00000729  00000-0  37367-3 0 56057
2 40404  98.8032 257.0042 0004671 248.4453 111.6225 14.18575261543619
1 40404U 95015R   25243.93789314  .00000773  00000-0  39501-3 0 56060
2 40404  98.8032 257.3542 0004677 247.2722 112.7960 14.18575996543667
1 40404U 95015R   25244.29055748  .00000841  00000-0  42737-3 0 56080
2 40404  98.8032 257.7042 0004688 245.9378 114.1307 14.18576781543710
1 40404U 95015R   25244.50215596  .00000859  00000-0  43610-3 0 56094
2 40404  98.8032 257.9143 0004697 245.1309 114.9379 14.18577173543746
1 40404U 95015R   25244.99588513  .00000878  00000-0  44544-3 0 56109
2 40404  98.8032 258.4043 0004717 243.3879 116.6814 14.18578092543818
1 40404U 95015R   25245.48961426  .00000925  00000-0  46796-3 0 56117
2 40404  98.8032 258.8943 0004730 241.6425 118.4274 14.18579117543880
1 40404U 95015R   25245.98334286  .00000881  00000-0  44675-3 0 56126
2 40404  98.8032 259.3844 0004746 240.0214 120.0491 14.18579751543954
1 40404U 95015R   25246.47707148  .00000861  00000-0  43725-3 0 56136
2 40404  98.8032 259.8744 0004762 238.2947 121.7765 14.18580445544021
1 40404U 95015R   25247.46452763  .00000755  00000-0  38627-3 0 56166
2 40404  98.8032 260.8545 0004806 234.8012 125.2714 14.18581563544166
1 40404U 95015R   25248.02878775  .00000743  00000-0  38036-3 0 56187
2 40404  98.8032 261.4145 0004825 232.9639 127.1095 14.18582454544246
1 40404U 95015R   25248.45198285  .00000736  00000-0  37704-3 0 56201
2 40404  98.8030 261.8344 0004831 231.7218 128.3524 14.18583074544302
1 40404U 95015R   25248.94571010  .00000696  00000-0  35767-3 0 56219
2 40404  98.8030 262.3244 0004842 230.0580 130.0170 14.18583635544370
1 40404U 95015R   25249.01624253  .00000694  00000-0  35655-3 0 56221
2 40404  98.8030 262.3944 0004846 229.8117 130.2634 14.18583742544380
1 40404U 95015R   25249.58050186  .00000727  00000-0  37237-3 0 56248
2 40404  98.8029 262.9543 0004853 228.0018 132.0744 14.18584822544469
1 40404U 95015R   25250.00369590  .00000722  00000-0  36993-3 0 56253
2 40404  98.8029 263.3744 0004886 226.4583 133.6187 14.18585537544521
1 40404U 95015R   25250.92061664  .00000554  00000-0  28892-3 0 56279
2 40404  98.8029 264.2845 0004945 223.4311 136.6475 14.18585950544651
1 40404U 95015R   25250.99114895  .00000549  00000-0  28657-3 0 56285
2 40404  98.8029 264.3545 0004955 223.1762 136.9025 14.18586032544664
1 40404U 95015R   25251.48487507  .00000518  00000-0  27159-3 0 56296
2 40404  98.8029 264.8445 0004978 221.4890 138.5908 14.18586598544739
1 40404U 95015R   25251.76700421  .00000501  00000-0  26311-3 0 56303
2 40404  98.8029 265.1246 0005001 220.6189 139.4614 14.18586869544771
1 40404U 95015R   25251.97860113  .00000445  00000-0  23643-3 0 56314
2 40404  98.8029 265.3346 0005008 219.9533 140.1275 14.18586837544806
1 40404U 95015R   25252.54285922  .00000408  00000-0  21840-3 0 56335
2 40404  98.8029 265.8946 0005026 218.1495 141.9325 14.18587364544884
1 40404U 95015R   25253.03658499  .00000366  00000-0  19821-3 0 56343
2 40404  98.8029 266.3846 0005043 216.5631 143.5201 14.18587677544958
1 40404U 95015R   25253.81243939  .00000350  00000-0  19030-3 0 56365
2 40404  98.8031 267.1550 0005116 213.7069 146.3782 14.18588384545061
1 40404U 95015R   25253.95350382  .00000346  00000-0  18841-3 0 56376
2 40404  98.8031 267.2950 0005120 213.2799 146.8055 14.18588502545088
1 40404U 95015R   25254.51776143  .00000364  00000-0  19699-3 0 56390
2 40404  98.8031 267.8551 0005129 211.4355 148.6514 14.18589127545161
1 40404U 95015R   25255.50521186  .00000336  00000-0  18382-3 0 56426
2 40404  98.8031 268.8352 0005187 208.2758 151.8137 14.18589807545304
1 40404U 95015R   25255.78734047  .00000313  00000-0  17236-3 0 56431
2 40404  98.8030 269.1152 0005208 207.3787 152.7115 14.18589885545347
1 40404U 95015R   25255.99893689  .00000309  00000-0  17043-3 0 56444
2 40404  98.8030 269.3252 0005221 206.7460 153.3447 14.18590048545377
1 40404U 95015R   25256.91585440  .00000321  00000-0  17653-3 0 56474
2 40404  98.8030 270.2353 0005281 203.8585 156.2346 14.18590854545502
1 40404U 95015R   25256.98638649  .00000321  00000-0  17621-3 0 56487
2 40404  98.8030 270.3053 0005286 203.6518 156.4415 14.18590913545515
1 40404U 95015R   25257.55064322  .00000320  00000-0  17582-3 0 56500
2 40404  98.8030 270.8653 0005320 201.9142 158.1806 14.18591359545595
1 40404U 95015R   25258.53809194  .00000353  00000-0  19207-3 0 56527
2 40404  98.8030 271.8453 0005372 198.8567 161.2411 14.18592344545734
1 40404U 95015R   25258.74968805  .00000354  00000-0  19243-3 0 56537
2 40404  98.8030 272.0553 0005382 198.2197 161.8787 14.18592490545769
1 40404U 95015R   25259.03181613  .00000360  00000-0  19542-3 0    15
2 40404  98.8030 272.3354 0005395 197.3972 162.7020 14.18592757545807
1 40404U 95015R   25259.59607220  .00000368  00000-0  19919-3 0    19
2 40404  98.8029 272.8953 0005429 195.6437 164.4572 14.18593226545881
1 40404U 95015R   25260.01926406  .00000379  00000-0  20459-3 0    11
2 40404  98.8031 273.3154 0005462 194.4666 165.6354 14.18593614545940
1 40404U 95015R   25260.93617954  .00000399  00000-0  21400-3 0    16
2 40404  98.8030 274.2254 0005511 191.6963 168.4085 14.18594431546079
1 40404U 95015R   25261.00671138  .00000403  00000-0  21586-3 0    10
2 40404  98.8030 274.2954 0005519 191.5205 168.5845 14.18594541546080
1 40404U 95015R   25261.85309424  .00000420  00000-0  22401-3 0    15
2 40404  98.8030 275.1354 0005566 188.9716 171.1361 14.18595379546200
1 40404U 95015R   25262.27628553  .00000420  00000-0  22415-3 0    14
2 40404  98.8030 275.5554 0005618 187.8042 172.3047 14.18595763546261
1 40404U 95015R   25262.48788103  .00000412  00000-0  22020-3 0    18
2 40404  98.8029 275.7654 0005629 187.1627 172.9469 14.18595967546299
1 40404U 95015R   25262.84054023  .00000444  00000-0  23582-3 0    14
2 40404  98.8029 276.1154 0005643 186.1140 173.9968 14.18596471546346
1 40404U 95015R   25262.98160378  .00000445  00000-0  23644-3 0    10
2 40404  98.8029 276.2554 0005646 185.8036 174.3074 14.18596655546363
1 40404U 95015R   25263.75745343  .00000484  00000-0  25489-3 0    19
2 40404  98.8029 277.0254 0005689 183.5626 176.5510 14.18597704546473
1 40404U 95015R   25264.25117589  .00000575  00000-0  29900-3 0    13
2 40404  98.8028 277.5154 0005723 182.0570 178.0583 14.18598680546546
1 40404U 95015R   25264.53330272  .00000570  00000-0  29668-3 0    16
2 40404  98.8028 277.7955 0005731 181.2821 178.8341 14.18599003546580
1 40404U 95015R   25265.02702462  .00000658  00000-0  33885-3 0    18
2 40404  98.8027 278.2854 0005754 179.8714 180.2464 14.18600018546652
1 40404U 95015R   25265.45021481  .00000656  00000-0  33782-3 0    14
2 40404  98.8027 278.7054 0005781 178.6150 181.5042 14.18600443546715
1 40404U 95015R   25266.01446755  .00000814  00000-0  41430-3 0    17
2 40404  98.8026 279.2654 0005821 177.0239 183.0972 14.18602064546790
1 40404U 95015R   25267.00190919  .00000813  00000-0  41380-3 0  6799
2 40404  98.8025 280.2454 0005880 174.2814 185.8429 14.18603456546931
1 40404U 95015R   25268.97678908  .00000840  00000-0  42694-3 0  6828
2 40404  98.8024 282.2053 0006003 168.9896 191.1412 14.18606752547211
1 40404U 95015R   25269.96422726  .00000813  00000-0  41366-3 0    13
2 40404  98.8023 283.1852 0006065 166.5392 193.5946 14.18608275547355
1 40404U 95015R   25270.59900847  .00000865  00000-0  43877-3 0    15
2 40404  98.8024 283.8152 0006108 164.8921 195.2438 14.18609582547440
1 40404U 95015R   25271.02219534  .00000834  00000-0  42369-3 0    11
2 40404  98.8023 284.2352 0006132 163.8187 196.3185 14.18610209547502
1 40404U 95015R   25271.44538203  .00000865  00000-0  43880-3 0    17
2 40404  98.8024 284.6551 0006161 162.7028 197.4358 14.18611155547563
1 40404U 95015R   25272.00963081  .00000866  00000-0  43913-3 0    14
2 40404  98.8023 285.2151 0006181 161.0457 199.0950 14.18612139547643
1 40404U 95015R   25272.50334787  .00000931  00000-0  47044-3 0  6944
2 40404  98.8024 285.7051 0006195 159.6990 200.4433 14.18613447547712
1 40404U 95015R   25272.99706463  .00000860  00000-0  43663-3 0  9779
2 40404  98.8024 286.1950 0006213 158.4731 201.6707 14.18614017547784
1 40404U 95015R   25272.99706463  .00000860  00000-0  43663-3 0  6967
2 40404  98.8024 286.1950 0006213 158.4731 201.6707 14.18614017547784
1 40404U 95015R   25273.49078035  .00000986  00000-0  49733-3 0  9786
2 40404  98.8023 286.6848 0006235 157.0876 203.0579 14.18615884547857
1 40404U 95015R   25273.49078035  .00000986  00000-0  49733-3 0  6985
2 40404  98.8023 286.6849 0006235 157.0876 203.0579 14.18615884547858
1 40404U 95015R   25273.77290368  .00000982  00000-0  49529-3 0  9792
2 40404  98.8022 286.9648 0006252 156.2821 203.8644 14.18616456547898
1 40404U 95015R   25273.77290369  .00000982  00000-0  49529-3 0  6992
2 40404  98.8022 286.9648 0006252 156.2821 203.8644 14.18616456547898
1 40404U 95015R   25274.47821117  .00001108  00000-0  55582-3 0  9801
2 40404  98.8022 287.6648 0006278 154.4482 205.7005 14.18618787547999
1 40404U 95015R   25274.54874184  .00001110  00000-0  55698-3 0  9813
2 40404  98.8022 287.7349 0006273 154.2495 205.8994 14.18618979548009
1 40404U 95015R   25274.97192584  .00001096  00000-0  55017-3 0  7048
2 40404  98.8024 288.1550 0006280 153.1692 206.9810 14.18619918548064
1 40404U 95015R   25274.97192583  .00001096  00000-0  55017-3 0  9825
2 40404  98.8024 288.1550 0006280 153.1691 206.9810 14.18619918548063
1 40404U 95015R   25275.46564011  .00001063  00000-0  53421-3 0  7053
2 40404  98.8024 288.6450 0006308 151.8785 208.2732 14.18620961548133
1 40404U 95015R   25275.46564010  .00001063  00000-0  53421-3 0  9830
2 40404  98.8024 288.6450 0006308 151.8785 208.2732 14.18620961548133
1 40404U 95015R   25276.02988487  .00001049  00000-0  52742-3 0  7074
2 40404  98.8024 289.2049 0006338 150.3633 209.7903 14.18622152548212
1 40404U 95015R   25277.51102458  .00000983  00000-0  49561-3 0  9865
2 40404  98.8022 290.6747 0006411 146.4430 213.7152 14.18625268548429
1 40404U 95015R   25277.79314598  .00000970  00000-0  48960-3 0  9874
2 40404  98.8021 290.9546 0006433 145.6821 214.4771 14.18625860548464
1 40404U 95015R   25278.00473692  .00000915  00000-0  46262-3 0  9883
2 40404  98.8021 291.1646 0006441 145.1657 214.9941 14.18626085548496
1 40404U 95015R   25278.49844920  .00000870  00000-0  44103-3 0  9895
2 40404  98.8022 291.6547 0006473 143.9378 216.2235 14.18626932548563
1 40404U 95015R   25278.99216104  .00000796  00000-0  40538-3 0  9904
2 40404  98.8021 292.1446 0006491 142.7388 217.4238 14.18627609548630
1 40404U 95015R   25279.48587275  .00000763  00000-0  38965-3 0  9915
2 40404  98.8021 292.6346 0006517 141.4710 218.6932 14.18628443548707
1 40404U 95015R   25279.48587276  .00000763  00000-0  38965-3 0  7150
2 40404  98.8021 292.6346 0006517 141.4710 218.6932 14.18628444548708
1 40404U 95015R   25279.97958405  .00000720  00000-0  36863-3 0  7170
2 40404  98.8019 293.1244 0006526 140.4507 219.7146 14.18629174548778
1 40404U 95015R   25282.02495715  .00000603  00000-0  31209-3 0  9946
2 40404  98.8017 295.1541 0006608 135.3544 224.8165 14.18632007549063
1 40404U 95015R   25282.30707815  .00000564  00000-0  29357-3 0  7196
2 40404  98.8016 295.4340 0006636 134.0551 226.1171 14.18632028549107
1 40404U 95015R   25282.51866830  .00000573  00000-0  29776-3 0  7209
2 40404  98.8017 295.6441 0006652 133.5373 226.6356 14.18632365549133
1 40404U 95015R   25282.51866830  .00000573  00000-0  29776-3 0  9953
2 40404  98.8017 295.6440 0006652 133.5373 226.6356 14.18632365549132
1 40404U 95015R   25283.01237846  .00000542  00000-0  28258-3 0  9969
2 40404  98.8016 296.1339 0006668 132.3026 227.8715 14.18632841549202
1 40404U 95015R   25283.29449845  .00000583  00000-0  30280-3 0  7223
2 40404  98.8017 296.4139 0006684 131.6248 228.5501 14.18633420549249
1 40404U 95015R   25283.50608845  .00000561  00000-0  29181-3 0  9972
2 40404  98.8018 296.6240 0006693 131.3149 228.8604 14.18633542549277
1 40404U 95015R   25283.78820833  .00000558  00000-0  29063-3 0  9981
2 40404  98.8016 296.9039 0006681 130.8269 229.3487 14.18633856549316
1 40404U 95015R   25283.78820834  .00000558  00000-0  29063-3 0  7249
2 40404  98.8016 296.9039 0006681 130.8269 229.3487 14.18633856549316
1 40404U 95015R   25283.99979818  .00000552  00000-0  28782-3 0  9994
2 40404  98.8016 297.1139 0006688 130.3067 229.8693 14.18634110549349
1 40404U 95015R   25283.99979819  .00000552  00000-0  28782-3 0  7252
2 40404  98.8016 297.1139 0006688 130.3067 229.8693 14.18634110549349
1 40404U 95015R   25284.98721679  .00000586  00000-0  30383-3 0  7269
2 40404  98.8014 298.0937 0006717 127.9446 232.2337 14.18635617549480
1 40404U 95015R   25285.26933610  .00000606  00000-0  31385-3 0  7278
2 40404  98.8013 298.3735 0006702 127.3401 232.8386 14.18636145549529
1 40404U 95015R   25285.55145538  .00000593  00000-0  30725-3 0  7298
2 40404  98.8013 298.6536 0006725 126.6154 233.5641 14.18636488549569
1 40404U 95015R   25285.83357470  .00000612  00000-0  31676-3 0  7332
2 40404  98.8014 298.9337 0006741 125.8431 234.3371 14.18636940549606
1 40404U 95015R   25286.11569385  .00000620  00000-0  32044-3 0  7344
2 40404  98.8014 299.2136 0006748 125.1637 235.0172 14.18637387549642
1 40404U 95015R   25286.53887248  .00000578  00000-0  30003-3 0  7368
2 40404  98.8014 299.6335 0006765 124.1090 236.0728 14.18637756549703
1 40404U 95015R   25286.82099153  .00000604  00000-0  31274-3 0  7406
2 40404  98.8015 299.9135 0006774 123.3696 236.8128 14.18638243549746
1 40404U 95015R   25287.80840754  .00000635  00000-0  32745-3 0  7448
2 40404  98.8016 300.8933 0006797 120.9436 239.2408 14.18639672549885
1 40404U 95015R   25288.58423365  .00000662  00000-0  34063-3 0  7499
2 40404  98.8015 301.6631 0006816 119.0865 241.0994 14.18640847549994
1 40404U 95015R   25288.79582257  .00000746  00000-0  38115-3 0   115
2 40404  98.8015 301.8731 0006816 118.5435 241.6427 14.18641525550021
1 40404U 95015R   25288.86635216  .00000745  00000-0  38089-3 0  7539
2 40404  98.8015 301.9431 0006816 118.3911 241.7953 14.18641623550031
1 40404U 95015R   25289.00741131  .00000748  00000-0  38191-3 0   125
2 40404  98.8015 302.0831 0006818 118.0435 242.1430 14.18641849550054
1 40404U 95015R   25289.43058885  .00000653  00000-0  33618-3 0  7568
2 40404  98.8015 302.5030 0006830 117.0341 243.1532 14.18641902550110
1 40404U 95015R   25289.92429530  .00000775  00000-0  39501-3 0  7608
2 40404  98.8014 302.9929 0006831 115.8470 244.3411 14.18643328550180
1 40404U 95015R   25289.92429529  .00000775  00000-0  39501-3 0   137
2 40404  98.8014 302.9929 0006831 115.8470 244.3411 14.18643328550180
1 40404U 95015R   25290.70011992  .00000687  00000-0  35259-3 0   145
2 40404  98.8014 303.7627 0006847 113.9981 246.1911 14.18643904550294
1 40404U 95015R   25290.77064935  .00000688  00000-0  35335-3 0   154
2 40404  98.8014 303.8327 0006847 113.8416 246.3478 14.18644019550304
1 40404U 95015R   25290.98223760  .00000718  00000-0  36767-3 0  7678
2 40404  98.8014 304.0427 0006849 113.3263 246.8634 14.18644526550330
1 40404U 95015R   25290.98223759  .00000718  00000-0  36767-3 0   163
2 40404  98.8014 304.0427 0006849 113.3263 246.8634 14.18644526550330
1 40404U 95015R   25291.26435556  .00000710  00000-0  36358-3 0  7687
2 40404  98.8013 304.3226 0006857 112.6674 247.5227 14.18644807550378
1 40404U 95015R   25291.96964907  .00000762  00000-0  38863-3 0  7726
2 40404  98.8012 305.0224 0006859 110.9454 249.2456 14.18646240550479
1 40404U 95015R   25292.32229548  .00000844  00000-0  42842-3 0  7736
2 40404  98.8012 305.3723 0006866 110.0782 250.1133 14.18647290550524
1 40404U 95015R   25292.95705906  .00000834  00000-0  42374-3 0  7797
2 40404  98.8012 306.0022 0006878 108.5174 251.6749 14.18648218550614
1 40404U 95015R   25293.02758832  .00000833  00000-0  42328-3 0   221
2 40404  98.8011 306.0722 0006882 108.3392 251.8532 14.18648327550629
1 40404U 95015R   25293.23917614  .00000862  00000-0  43702-3 0  7810
2 40404  98.8011 306.2821 0006888 107.8304 252.3623 14.18648771550657
1 40404U 95015R   25293.45076384  .00000826  00000-0  41987-3 0  7839
2 40404  98.8011 306.4921 0006892 107.3041 252.8889 14.18648924550680
1 40404U 95015R   25293.94446819  .00000829  00000-0  42115-3 0  7867
2 40404  98.8010 306.9819 0006900 106.0792 254.1144 14.18649723550754
1 40404U 95015R   25294.57923052  .00000812  00000-0  41270-3 0  7904
2 40404  98.8009 307.6117 0006909 104.5463 255.6479 14.18650675550843
1 40404U 95015R   25294.72028872  .00000812  00000-0  41272-3 0   272
2 40404  98.8009 307.7517 0006912 104.2053 255.9890 14.18650903550860
1 40404U 95015R   25294.93187603  .00000781  00000-0  39800-3 0  7921
2 40404  98.8009 307.9616 0006914 103.6940 256.5005 14.18651099550897
1 40404U 95015R   25295.00240509  .00000779  00000-0  39715-3 0   289
2 40404  98.8009 308.0316 0006914 103.5318 256.6628 14.18651218550901
1 40404U 95015R   25295.49610863  .00000761  00000-0  38851-3 0   298
2 40404  98.8008 308.5214 0006921 102.3387 257.8563 14.18651938550970
1 40404U 95015R   25295.00240510  .00000779  00000-0  39715-3 0  7930
2 40404  98.8009 308.0316 0006914 103.5318 256.6628 14.18651218550901
1 40404U 95015R   25295.77822473  .00000759  00000-0  38713-3 0   307
2 40404  98.8008 308.8014 0006925 101.6507 258.5446 14.18652393551011
1 40404U 95015R   25295.91928263  .00000724  00000-0  37053-3 0  8000
2 40404  98.8007 308.9413 0006922 101.3183 258.8771 14.18652502551036
1 40404U 95015R   25295.98981161  .00000721  00000-0  36920-3 0   318
2 40404  98.8007 309.0113 0006921 101.1481 259.0472 14.18652618551043
1 40404U 95015R   25295.98981161  .00000721  00000-0  36920-3 0  8013
2 40404  98.8007 309.0113 0006921 101.1481 259.0472 14.18652618551043
1 40404U 95015R   25296.97721686  .00000701  00000-0  35914-3 0  8028
2 40404  98.8007 309.9910 0006925  98.7837 261.4123 14.18654254551180
1 40404U 95015R   25297.75303453  .00000678  00000-0  34810-3 0   336
2 40404  98.8007 310.7608 0006920  96.8777 263.3186 14.18655442551293
1 40404U 95015R   25297.96462105  .00000675  00000-0  34704-3 0  8044
2 40404  98.8006 310.9707 0006918  96.3363 263.8600 14.18655785551327
1 40404U 95015R   25297.96462104  .00000675  00000-0  34704-3 0   348
2 40404  98.8006 310.9707 0006918  96.3363 263.8600 14.18655785551327
1 40404U 95015R   25298.31726531  .00000687  00000-0  35283-3 0  8057
2 40404  98.8007 311.3206 0006932  95.4809 264.7157 14.18656370551371
1 40404U 95015R   25298.31726530  .00000687  00000-0  35283-3 0   351
2 40404  98.8007 311.3206 0006932  95.4809 264.7157 14.18656370551371
1 40404U 95015R   25298.59938052  .00000656  00000-0  33745-3 0   363
2 40404  98.8006 311.6005 0006921  94.7648 265.4317 14.18656642551414
1 40404U 95015R   25298.95202460  .00000640  00000-0  33011-3 0  8086
2 40404  98.8006 311.9504 0006923  93.8949 266.3019 14.18657036551469
1 40404U 95015R   25299.02255344  .00000638  00000-0  32892-3 0   371
2 40404  98.8006 312.0203 0006933  93.7673 266.4295 14.18657116551478
1 40404U 95015R   25299.30466874  .00000665  00000-0  34208-3 0  8106
2 40404  98.8006 312.3002 0006939  93.0769 267.1201 14.18657581551519
1 40404U 95015R   25299.30466874  .00000665  00000-0  34208-3 0   388
2 40404  98.8006 312.3002 0006939  93.0769 267.1201 14.18657581551519
1 40404U 95015R   25299.93942728  .00000670  00000-0  34442-3 0  8119
2 40404  98.8006 312.9300 0006932  91.5250 268.6719 14.18658517551607
1 40404U 95015R   25300.00995598  .00000670  00000-0  34445-3 0   398
2 40404  98.8006 313.0000 0006931  91.3536 268.8434 14.18658622551614
1 40404U 95015R   25300.00995599  .00000670  00000-0  34445-3 0  8128
2 40404  98.8006 313.0000 0006931  91.3536 268.8434 14.18658622551614
1 40404U 95015R   25300.92682892  .00000674  00000-0  34629-3 0  8137
2 40404  98.8005 313.9097 0006929  89.1691 271.0278 14.18659873551747
1 40404U 95015R   25301.49105808  .00000665  00000-0  34212-3 0  8157
2 40404  98.8006 314.4696 0006924  87.8354 272.3614 14.18660581551820
1 40404U 95015R   25302.97215782  .00000614  00000-0  31749-3 0  8172
2 40404  98.8005 315.9390 0006906  84.2592 275.9371 14.18662352552032
1 40404U 95015R   25304.03008455  .00000643  00000-0  33117-3 0  8182
2 40404  98.8004 316.9886 0006899  81.6471 278.5486 14.18664042552180
1 40404U 95015R   25304.59431172  .00000646  00000-0  33280-3 0   444
2 40404  98.8002 317.5483 0006918  80.3893 279.8064 14.18664855552261
1 40404U 95015R   25305.29959502  .00000663  00000-0  34075-3 0  8231
2 40404  98.8003 318.2482 0006901  78.8462 281.3489 14.18665985552360
1 40404U 95015R   25306.28699117  .00000624  00000-0  32218-3 0   498
2 40404  98.8001 319.2278 0006902  76.5157 283.6788 14.18667169552508
1 40404U 95015R   25306.28699117  .00000624  00000-0  32218-3 0  8250
2 40404  98.8001 319.2278 0006902  76.5157 283.6788 14.18667169552508
1 40404U 95015R   25307.76808316  .00000575  00000-0  29839-3 0   518
2 40404  98.7998 320.6971 0006763  72.2898 287.9015 14.18669103552711
1 40404U 95015R   25307.97966759  .00000582  00000-0  30176-3 0  8283
2 40404  98.7998 320.9070 0006767  71.8046 288.3865 14.18669464552749
1 40404U 95015R   25307.97966758  .00000582  00000-0  30176-3 0   521
2 40404  98.7998 320.9070 0006767  71.8046 288.3865 14.18669464552749
1 40404U 95015R   25308.75547685  .00000538  00000-0  28085-3 0   530
2 40404  98.7997 321.6766 0006744  69.8422 290.3478 14.18670306552850
1 40404U 95015R   25308.75547686  .00000538  00000-0  28085-3 0  8292
2 40404  98.7997 321.6766 0006744  69.8422 290.3478 14.18670306552850
1 40404U 95015R   25310.30709382  .00000656  00000-0  33740-3 0  8306
2 40404  98.7997 323.2160 0006747  66.1423 294.0458 14.18672945553075
1 40404U 95015R   25310.51867764  .00000679  00000-0  34843-3 0   546
2 40404  98.7997 323.4259 0006743  65.6045 294.5833 14.18673382553108
1 40404U 95015R   25310.51867764  .00000679  00000-0  34843-3 0  8319
2 40404  98.7997 323.4259 0006743  65.6045 294.5834 14.18673382553109
1 40404U 95015R   25311.01237343  .00000599  00000-0  31029-3 0   562
2 40404  98.7996 323.9157 0006733  64.4166 295.7704 14.18673562553176
1 40404U 95015R   25311.01237343  .00000599  00000-0  31029-3 0  8324
2 40404  98.7996 323.9157 0006733  64.4166 295.7704 14.18673562553176
1 40404U 95015R   25311.78817998  .00000708  00000-0  36285-3 0   578
2 40404  98.7997 324.6853 0006727  62.6990 297.4869 14.18675293553282
1 40404U 95015R   25311.99976354  .00000683  00000-0  35066-3 0   582
2 40404  98.7997 324.8952 0006718  62.1206 298.0649 14.18675468553310
1 40404U 95015R   25312.28187477  .00000706  00000-0  36156-3 0   593
2 40404  98.7998 325.1752 0006706  61.3878 298.7971 14.18676015553354
1 40404U 95015R   25312.28187478  .00000706  00000-0  36156-3 0  8367
2 40404  98.7998 325.1752 0006706  61.3878 298.7972 14.18676015553355
1 40404U 95015R   25314.75034449  .00000783  00000-0  39877-3 0  8425
2 40404  98.7998 327.6241 0006611  54.9867 305.1928 14.18680306553707
1 40404U 95015R   25315.31456512  .00000856  00000-0  43398-3 0  8443
2 40404  98.7997 328.1837 0006595  53.6002 306.5781 14.18681607553786
1 40404U 95015R   25316.01984049  .00000732  00000-0  37399-3 0  8450
2 40404  98.7996 328.8834 0006572  51.7893 308.3874 14.18682055553883
1 40404U 95015R   25317.00722266  .00001109  00000-0  55601-3 0   694
2 40404  98.7996 329.8629 0006544  49.3498 310.8245 14.18686331554027
1 40404U 95015R   25317.00722267  .00001109  00000-0  55601-3 0  8468
2 40404  98.7996 329.8630 0006544  49.3498 310.8245 14.18686331554029
1 40404U 95015R   25317.50091303  .00001146  00000-0  57348-3 0  8475
2 40404  98.7993 330.3526 0006532  48.1969 311.9764 14.18687769554095
1 40404U 95015R   25317.50091302  .00001146  00000-0  57348-3 0   702
2 40404  98.7993 330.3526 0006532  48.1969 311.9764 14.18687769554095
1 40404U 95015R   25317.99460291  .00001231  00000-0  61453-3 0  8482
2 40404  98.7993 330.8423 0006512  46.9120 313.2599 14.18689494554165
1 40404U 95015R   25320.03988779  .00000916  00000-0  46254-3 0  8512
2 40404  98.7992 332.8713 0006424  41.6590 318.5074 14.18692554554452
1 40404U 95015R   25320.95673715  .00000896  00000-0  45291-3 0  8522
2 40404  98.7991 333.7808 0006397  39.5909 320.5732 14.18694675554589
1 40404U 95015R   25321.80305882  .00000806  00000-0  40974-3 0   777
2 40404  98.7988 334.6201 0006371  37.5625 322.5995 14.18696081554707
1 40404U 95015R   25322.01463911  .00000735  00000-0  37572-3 0   792
2 40404  98.7989 334.8303 0006359  36.9940 323.1673 14.18696158554730
1 40404U 95015R   25322.01463912  .00000735  00000-0  37572-3 0  8555
2 40404  98.7989 334.8303 0006359  36.9940 323.1673 14.18696158554730
1 40404U 95015R   25323.28411978  .00000655  00000-0  33696-3 0  8576
2 40404  98.7988 336.0897 0006286  33.6951 326.4623 14.18698198554913
1 40404U 95015R   25323.49569973  .00000641  00000-0  32995-3 0  8585
2 40404  98.7987 336.2995 0006271  33.1124 327.0443 14.18698521554944
1 40404U 95015R   25323.98938623  .00000579  00000-0  30040-3 0  8591
2 40404  98.7987 336.7892 0006251  31.8684 328.2869 14.18699000555016
1 40404U 95015R   25324.97675860  .00000543  00000-0  28291-3 0   859
2 40404  98.7986 337.7687 0006202  29.3215 330.8307 14.18700321555156
1 40404U 95015R   25325.82307681  .00000546  00000-0  28434-3 0   860
2 40404  98.7979 338.6075 0006152  26.5050 333.6439 14.18701629555271
1 40404U 95015R   25326.03465647  .00000534  00000-0  27866-3 0   877
2 40404  98.7978 338.8173 0006133  26.1265 334.0218 14.18701834555306
1 40404U 95015R   25326.45781553  .00000532  00000-0  27761-3 0  8645
2 40404  98.7979 339.2373 0006146  24.7239 335.4230 14.18702334555364
1 40404U 95015R   25326.59886847  .00000526  00000-0  27496-3 0   899
2 40404  98.7979 339.3771 0006131  24.3784 335.7681 14.18702485555384
1 40404U 95015R   25326.95150078  .00000527  00000-0  27541-3 0   903
2 40404  98.7979 339.7269 0006115  23.3478 336.7974 14.18702926555433
1 40404U 95015R   25326.95150078  .00000527  00000-0  27541-3 0  8664
2 40404  98.7979 339.7269 0006115  23.3478 336.7974 14.18702926555433
1 40404U 95015R   25327.58623875  .00000519  00000-0  27128-3 0   916
2 40404  98.7978 340.3565 0006093  21.7508 338.3925 14.18703664555524
1 40404U 95015R   25328.00939712  .00000569  00000-0  29525-3 0   923
2 40404  98.7978 340.7761 0006055  20.7602 339.3818 14.18704461555582
1 40404U 95015R   25328.00939712  .00000569  00000-0  29525-3 0  8707
2 40404  98.7978 340.7761 0006055  20.7602 339.3818 14.18704461555582
1 40404U 95015R   25328.50308170  .00000558  00000-0  29022-3 0   937
2 40404  98.7978 341.2658 0006029  19.4605 340.6799 14.18705025555650
1 40404U 95015R   25328.99676600  .00000591  00000-0  30590-3 0  8731
2 40404  98.7978 341.7555 0006000  18.1152 342.0236 14.18705831555728
1 40404U 95015R   25328.99676600  .00000591  00000-0  30590-3 0   946
2 40404  98.7978 341.7555 0006000  18.1152 342.0236 14.18705831555728
1 40404U 95015R   25329.77255508  .00000581  00000-0  30143-3 0   957
2 40404  98.7979 342.5251 0005967  15.8993 344.2369 14.18706805555834
1 40404U 95015R   25329.98413380  .00000573  00000-0  29754-3 0   973
2 40404  98.7979 342.7350 0005955  15.0655 345.0697 14.18707050555869
1 40404U 95015R   25329.98413380  .00000573  00000-0  29754-3 0  8768
2 40404  98.7979 342.7350 0005955  15.0655 345.0697 14.18707050555869
1 40404U 95015R   25330.61886991  .00000576  00000-0  29881-3 0   982
2 40404  98.7978 343.3645 0005925  13.3400 346.7931 14.18707893555952
1 40404U 95015R   25330.61886991  .00000576  00000-0  29881-3 0  8788
2 40404  98.7978 343.3645 0005925  13.3400 346.7931 14.18707893555952
1 40404U 95015R   25330.97150084  .00000564  00000-0  29301-3 0   993
2 40404  98.7978 343.7143 0005908  12.2824 347.8495 14.18708304556000
1 40404U 95015R   25330.97150085  .00000564  00000-0  29301-3 0  8790
2 40404  98.7978 343.7143 0005908  12.2824 347.8495 14.18708304556000
1 40404U 95015R   25332.02939330  .00000560  00000-0  29103-3 0  1021
2 40404  98.7977 344.7636 0005857   9.3989 350.7295 14.18709611556158
1 40404U 95015R   25332.52307601  .00000525  00000-0  27420-3 0  8822
2 40404  98.7978 345.2532 0005830   7.8969 352.2297 14.18710048556225
1 40404U 95015R   25332.80518041  .00000519  00000-0  27120-3 0  1042
2 40404  98.7978 345.5331 0005805   7.0762 353.0495 14.18710311556266
1 40404U 95015R   25333.01675856  .00000549  00000-0  28568-3 0  1055
2 40404  98.7978 345.7430 0005792   6.5116 353.6134 14.18710762556299
1 40404U 95015R   25333.29886280  .00000525  00000-0  27424-3 0  8859
2 40404  98.7978 346.0229 0005783   5.7241 354.3999 14.18710976556338
1 40404U 95015R   25333.58096694  .00000526  00000-0  27483-3 0  1076
2 40404  98.7978 346.3026 0005778   4.7677 355.3552 14.18711337556374
1 40404U 95015R   25334.49780480  .00000548  00000-0  28525-3 0  1083
2 40404  98.7977 347.2120 0005737   2.0778 358.0421 14.18712654556509
1 40404U 95015R   25334.49780481  .00000548  00000-0  28525-3 0  8889
2 40404  98.7977 347.2120 0005737   2.0778 358.0421 14.18712654556509
1 40404U 95015R   25334.99148639  .00000569  00000-0  29529-3 0  8908
2 40404  98.7976 347.7017 0005708   0.6777 359.4405 14.18713423556578
1 40404U 95015R   25335.27358997  .00000609  00000-0  31454-3 0  8916
2 40404  98.7976 347.9815 0005700 359.8271   0.2902 14.18714035556614
1 40404U 95015R   25335.48516764  .00000604  00000-0  31223-3 0  1100
2 40404  98.7976 348.1913 0005688 359.2054   0.9112 14.18714322556646
1 40404U 95015R   25335.76727132  .00000560  00000-0  29086-3 0  1110
2 40404  98.7975 348.4711 0005677 358.3387   1.7769 14.18714395556682
1 40404U 95015R   25335.62621956  .00000562  00000-0  29226-3 0  8937
2 40404  98.7975 348.3312 0005682 358.7710   1.3450 14.18714238556665
1 40404U 95015R   25335.97884882  .00000604  00000-0  31233-3 0  1126
2 40404  98.7975 348.6810 0005676 357.6471   2.4677 14.18714954556710
1 40404U 95015R   25336.26095227  .00000678  00000-0  34788-3 0  8964
2 40404  98.7975 348.9608 0005661 356.8150   3.2988 14.18715702556757
1 40404U 95015R   25336.26095227  .00000678  00000-0  34788-3 0  1136
2 40404  98.7975 348.9608 0005661 356.8150   3.2988 14.18715702556757
1 40404U 95015R   25336.82515860  .00000667  00000-0  34277-3 0  1140
2 40404  98.7975 349.5204 0005631 355.1461   4.9659 14.18716481556837
1 40404U 95015R   25336.96621022  .00000676  00000-0  34673-3 0  1154
2 40404  98.7975 349.6603 0005627 354.7099   5.4016 14.18716715556853
1 40404U 95015R   25336.96621023  .00000676  00000-0  34673-3 0  8994
2 40404  98.7975 349.6604 0005627 354.7099   5.4016 14.18716716556855
1 40404U 95015R   25338.58830089  .00000916  00000-0  46255-3 0  9018
2 40404  98.7973 351.2692 0005561 349.9234  10.1829 14.18720569557085
1 40404U 95015R   25338.58830088  .00000916  00000-0  46255-3 0  1165
2 40404  98.7973 351.2692 0005561 349.9234  10.1829 14.18720569557085
1 40404U 95015R   25338.94092903  .00000940  00000-0  47429-3 0  9025
2 40404  98.7973 351.6189 0005548 348.8599  11.2453 14.18721229557132
1 40404U 95015R   25339.01145456  .00000942  00000-0  47520-3 0  1178
2 40404  98.7973 351.6889 0005545 348.6416  11.4633 14.18721373557145
1 40404U 95015R   25339.29355688  .00000898  00000-0  45370-3 0  9043
2 40404  98.7973 351.9687 0005530 347.8058  12.2983 14.18721589557181
1 40404U 95015R   25339.92828666  .00000881  00000-0  44556-3 0  9074
2 40404  98.7972 352.5982 0005492 345.8376  14.2645 14.18722584557276
1 40404U 95015R   25340.28091394  .00000949  00000-0  47834-3 0  9094
2 40404  98.7972 352.9480 0005479 344.7675  15.3334 14.18723611557323
1 40404U 95015R   25340.56301569  .00000915  00000-0  46194-3 0  9106
2 40404  98.7972 353.2278 0005472 343.8329  16.2672 14.18723966557363
1 40404U 95015R   25340.91564281  .00000866  00000-0  43849-3 0  9128
2 40404  98.7971 353.5775 0005451 342.7296  17.3694 14.18724341557415
1 40404U 95015R   25341.26826980  .00000887  00000-0  44834-3 0  9133
2 40404  98.7971 353.9273 0005410 341.7397  18.3583 14.18725097557460
1 40404U 95015R   25341.97352328  .00000765  00000-0  38962-3 0  9153
2 40404  98.7970 354.6267 0005380 339.5253  20.5707 14.18725755557567
1 40404U 95015R   25342.32614995  .00000906  00000-0  45779-3 0  9166
2 40404  98.7971 354.9765 0005371 338.4648  21.6301 14.18727095557617
1 40404U 95015R   25342.53772567  .00000922  00000-0  46550-3 0  9187
2 40404  98.7971 355.1864 0005364 337.8066  22.2877 14.18727615557645
1 40404U 95015R   25342.53772566  .00000922  00000-0  46550-3 0  1256
2 40404  98.7971 355.1864 0005364 337.8066  22.2877 14.18727615557645
1 40404U 95015R   25342.96087730  .00000718  00000-0  36719-3 0  9195
2 40404  98.7970 355.6061 0005348 336.4488  23.6442 14.18727246557703
1 40404U 95015R   25343.03140255  .00000715  00000-0  36582-3 0  1261
2 40404  98.7970 355.6761 0005344 336.2342  23.8586 14.18727353557714
1 40404U 95015R   25343.31350342  .00000853  00000-0  43193-3 0  9214
2 40404  98.7971 355.9559 0005325 335.4448  24.6473 14.18728577557757
1 40404U 95015R   25343.31350341  .00000853  00000-0  43193-3 0  1271
2 40404  98.7971 355.9559 0005325 335.4448  24.6473 14.18728577557757
1 40404U 95015R   25344.01875525  .00000718  00000-0  36704-3 0  1286
2 40404  98.7971 356.6553 0005297 333.2451  26.8451 14.18729072557859
1 40404U 95015R   25344.30085584  .00000758  00000-0  38649-3 0  9233
2 40404  98.7971 356.9352 0005282 332.3982  27.6913 14.18729752557893
1 40404U 95015R   25344.30085583  .00000758  00000-0  38649-3 0  1290
2 40404  98.7971 356.9351 0005282 332.3982  27.6912 14.18729752557891
1 40404U 95015R   25344.51243116  .00000760  00000-0  38747-3 0  9246
2 40404  98.7971 357.1450 0005274 331.7223  28.3665 14.18730148557924
1 40404U 95015R   25344.79453157  .00000756  00000-0  38538-3 0  1306
2 40404  98.7971 357.4248 0005264 330.8009  29.2872 14.18730566557961
1 40404U 95015R   25344.79453158  .00000756  00000-0  38538-3 0  9259
2 40404  98.7971 357.4248 0005264 330.8009  29.2872 14.18730566557961
1 40404U 95015R   25345.49978199  .00000787  00000-0  40034-3 0    17
2 40404  98.7971 358.1242 0005239 328.5662  31.5200 14.18731981558069
1 40404U 95015R   25345.99345722  .00000746  00000-0  38061-3 0  9271
2 40404  98.7970 358.6139 0005224 326.9368  33.1480 14.18732529558132
1 40404U 95015R   25345.99345721  .00000746  00000-0  38061-3 0  1328
2 40404  98.7970 358.6139 0005224 326.9368  33.1480 14.18732529558132
1 40404U 95015R   25346.27555707  .00000751  00000-0  38277-3 0  9285
2 40404  98.7972 358.8938 0005192 326.0451  34.0392 14.18733044558170
1 40404U 95015R   25346.98080641  .00000723  00000-0  36933-3 0  9302
2 40404  98.7971 359.5932 0005174 323.6966  36.3858 14.18734103558275
1 40404U 95015R   25347.26290584  .00000750  00000-0  38270-3 0  9310
2 40404  98.7972 359.8730 0005166 322.8032  37.2785 14.18734769558313
1 40404U 95015R   25347.96815475  .00000646  00000-0  33247-3 0  9345
2 40404  98.7971   0.5725 0005144 320.5046  39.5754 14.18735310558417
1 40404U 95015R   25349.02602725  .00000515  00000-0  26929-3 0  9362
2 40404  98.7970   1.6217 0005109 317.1173  42.9603 14.18736172558562
1 40404U 95015R   25349.94284932  .00000484  00000-0  25437-3 0  9389
2 40404  98.7969   2.5311 0005078 314.1816  45.8942 14.18737272558695
1 40404U 95015R   25350.01337409  .00000480  00000-0  25226-3 0  9390
2 40404  98.7969   2.6010 0005072 313.9434  46.1323 14.18737342558706
1 40404U 95015R   25350.93019543  .00000461  00000-0  24332-3 0  9427
2 40404  98.7968   3.5103 0005018 310.7453  49.3286 14.18738450558832
1 40404U 95015R   25351.28281888  .00000447  00000-0  23650-3 0  9447
2 40404  98.7968   3.8600 0005006 309.5748  50.4985 14.18738810558881
1 40404U 95015R   25351.56491756  .00000428  00000-0  22755-3 0  9461
2 40404  98.7967   4.1398 0005007 308.6644  51.4083 14.18739073558921
1 40404U 95015R   25351.77649153  .00000429  00000-0  22773-3 0  9472
2 40404  98.7967   4.3496 0005004 307.9508  52.1215 14.18739312558954
1 40404U 95015R   25352.27016399  .00000414  00000-0  22062-3 0  9495
2 40404  98.7967   4.8393 0004996 306.2955  53.7758 14.18739826559020
1 40404U 95015R   25352.48173786  .00000404  00000-0  21565-3 0  9500
2 40404  98.7966   5.0491 0004991 305.5832  54.4878 14.18740032559057
1 40404U 95015R   25352.90488566  .00000389  00000-0  20857-3 0  9518
2 40404  98.7966   5.4688 0004982 304.1365  55.9338 14.18740365559118
1 40404U 95015R   25353.04593489  .00000384  00000-0  20608-3 0  9525
2 40404  98.7966   5.6087 0004978 303.6468  56.4232 14.18740489559134
1 40404U 95015R   25353.96275465  .00000349  00000-0  18925-3 0  1484
2 40404  98.7966   6.5180 0004954 300.5857  59.4830 14.18741168559266
1 40404U 95015R   25354.31537756  .00000355  00000-0  19238-3 0  1494
2 40404  98.7966   6.8677 0004946 299.4509  60.6173 14.18741498559317
1 40404U 95015R   25354.31537756  .00000355  00000-0  19238-3 0  9548
2 40404  98.7966   6.8677 0004946 299.4509  60.6173 14.18741498559317
1 40404U 95015R   25355.02062311  .00000352  00000-0  19099-3 0  1507
2 40404  98.7965   7.5671 0004931 297.0924  62.9748 14.18742085559414
1 40404U 95015R   25355.30272124  .00000393  00000-0  21063-3 0  9566
2 40404  98.7966   7.8469 0004923 296.1742  63.8927 14.18742535559455
1 40404U 95015R   25355.30272124  .00000393  00000-0  21063-3 0  1513
2 40404  98.7966   7.8469 0004923 296.1742  63.8927 14.18742534559454
1 40404U 95015R   25356.00796616  .00000443  00000-0  23460-3 0  1528
2 40404  98.7965   8.5464 0004915 293.7977  66.2683 14.18743466559552
1 40404U 95015R   25356.00796616  .00000443  00000-0  23460-3 0  9571
2 40404  98.7965   8.5464 0004915 293.7977  66.2683 14.18743466559552
1 40404U 95015R   25356.50163740  .00000450  00000-0  23788-3 0  9584
2 40404  98.7965   9.0360 0004906 292.1325  67.9329 14.18743991559629
1 40404U 95015R   25356.99530852  .00000450  00000-0  23814-3 0  1547
2 40404  98.7966   9.5256 0004896 290.4048  69.6601 14.18744465559696
1 40404U 95015R   25356.99530852  .00000450  00000-0  23814-3 0  9590
2 40404  98.7966   9.5256 0004896 290.4048  69.6601 14.18744465559696
1 40404U 95015R   25357.77107711  .00000421  00000-0  22390-3 0  1555
2 40404  98.7965  10.2950 0004899 287.7719  72.2921 14.18745056559807
1 40404U 95015R   25357.98265027  .00000440  00000-0  23314-3 0  9616
2 40404  98.7966  10.5048 0004891 286.9591  73.1048 14.18745387559830
1 40404U 95015R   25357.98265027  .00000440  00000-0  23314-3 0  1562
2 40404  98.7966  10.5048 0004891 286.9591  73.1048 14.18745387559830
1 40404U 95015R   25359.53418578  .00000461  00000-0  24350-3 0  9625
2 40404  98.7967  12.0437 0004884 281.8225  78.2403 14.18747111560054
1 40404U 95015R   25359.53418578  .00000461  00000-0  24350-3 0  1571
2 40404  98.7967  12.0437 0004884 281.8225  78.2403 14.18747111560054
1 40404U 95015R   25360.30995277  .00000479  00000-0  25199-3 0  9630
2 40404  98.7967  12.8131 0004891 279.3029  80.7593 14.18748018560162
1 40404U 95015R   25360.59204973  .00000497  00000-0  26054-3 0  9649
2 40404  98.7967  13.0928 0004888 278.3156  81.7465 14.18748434560201
1 40404U 95015R   25360.59204972  .00000497  00000-0  26054-3 0  1583
2 40404  98.7967  13.0928 0004888 278.3156  81.7465 14.18748434560201
1 40404U 95015R   25361.01519497  .00000551  00000-0  28663-3 0  1592
2 40404  98.7966  13.5125 0004886 276.8642  83.1977 14.18749221560260
1 40404U 95015R   25361.29729188  .00000541  00000-0  28188-3 0  9669
2 40404  98.7967  13.7923 0004878 275.8462  84.2157 14.18749447560306
1 40404U 95015R   25361.29729187  .00000541  00000-0  28188-3 0  1604
2 40404  98.7967  13.7923 0004878 275.8462  84.2157 14.18749447560306
1 40404U 95015R   25361.57938847  .00000567  00000-0  29405-3 0  1612
2 40404  98.7966  14.0720 0004881 274.9066  85.1552 14.18749958560348
1 40404U 95015R   25361.93200924  .00000602  00000-0  31108-3 0  9699
2 40404  98.7966  14.4218 0004884 273.7435  86.3182 14.18750569560391
1 40404U 95015R   25361.93200924  .00000602  00000-0  31108-3 0  1624
2 40404  98.7966  14.4218 0004884 273.7435  86.3182 14.18750569560391
1 40404U 95015R   25362.28462971  .00000627  00000-0  32310-3 0  9705
2 40404  98.7967  14.7716 0004888 272.5917  87.4699 14.18751192560448
1 40404U 95015R   25362.28462970  .00000627  00000-0  32310-3 0  1638
2 40404  98.7967  14.7716 0004888 272.5917  87.4699 14.18751192560448
1 40404U 95015R   25362.77829838  .00000611  00000-0  31544-3 0  1644
2 40404  98.7966  15.2611 0004881 270.7713  89.2903 14.18751748560517
1 40404U 95015R   25362.77829839  .00000611  00000-0  31544-3 0  9711
2 40404  98.7966  15.2611 0004881 270.7713  89.2903 14.18751748560517
1 40404U 95015R   25362.98987040  .00000698  00000-0  35732-3 0  9722
2 40404  98.7966  15.4710 0004887 270.1005  89.9610 14.18752561560542
1 40404U 95015R   25363.55406254  .00000703  00000-0  35954-3 0  9733
2 40404  98.7965  16.0306 0004892 268.2171  91.8444 14.18753424560622
1 40404U 95015R   25363.55406253  .00000703  00000-0  35954-3 0  1666
2 40404  98.7965  16.0306 0004892 268.2171  91.8444 14.18753424560622
1 40404U 95015R   25364.04773036  .00000751  00000-0  38278-3 0  1673
2 40404  98.7964  16.5201 0004909 266.7396  93.3217 14.18754416560695
1 40404U 95015R   25364.04773037  .00000751  00000-0  38278-3 0  9740
2 40404  98.7964  16.5201 0004909 266.7397  93.3217 14.18754416560696
1 40404U 95015R   25364.54139796  .00000789  00000-0  40111-3 0  9765
2 40404  98.7965  17.0098 0004914 265.1266  94.9348 14.18755371560762
1 40404U 95015R   25364.82349353  .00000796  00000-0  40430-3 0  1694
2 40404  98.7965  17.2896 0004906 263.9568  96.1048 14.18755847560806
1 40404U 95015R   25364.82349354  .00000796  00000-0  40430-3 0  9772
2 40404  98.7965  17.2896 0004906 263.9568  96.1048 14.18755847560806
1 40404U 95015R   25365.03506497  .00000857  00000-0  43394-3 0  1704
2 40404  98.7964  17.4994 0004908 263.2100  96.8517 14.18756593560833
1 40404U 95015R   25365.31716057  .00000886  00000-0  44791-3 0  9803
2 40404  98.7963  17.7791 0004903 262.0610  98.0009 14.18757148560879
1 40404U 95015R   25365.31716057  .00000886  00000-0  44791-3 0  1715
2 40404  98.7963  17.7791 0004903 262.0610  98.0009 14.18757148560879
1 40404U 95015R   25365.52873205  .00000901  00000-0  45482-3 0  9812
2 40404  98.7963  17.9889 0004906 261.3063  98.7557 14.18757590560906
