1 41181U 15081C   22001.24392679 -.00000004  00000-0  44786-4 0  7791\
2 41181  47.0019 273.0052 0001454  48.2245 311.8758 14.43489751318311
1 41181U 15081C   22002.21296383 -.00000003  00000-0  45104-4 0    16\
2 41181  47.0018 268.5352 0001430  54.4582 305.6431 14.43490023318345
1 41181U 15081C   22003.18200073 -.00000017  00000-0  40966-4 0    10\
2 41181  47.0016 264.0652 0001414  61.0311 299.0710 14.43490208318489
1 41181U 15081C   21364.79037092  .00000006  00000-0  47839-4 0  7789\
2 41181  47.0022 279.7100 0001503  39.3666 320.7323 14.43489331318103
1 41181U 15081C   22003.11278382 -.00000016  00000-0  41270-4 0  7803\
2 41181  47.0016 264.3844 0001415  60.5818 299.5203 14.43490191318586
1 41181U 15081C   22003.87416977 -.00000030  00000-0  37181-4 0    18\
2 41181  47.0016 260.8723 0001404  65.7874 294.3152 14.43490346318588
1 41181U 15081C   22004.15103738 -.00000032  00000-0  36599-4 0  7817\
2 41181  47.0015 259.5952 0001406  67.7375 292.3654 14.43490404318733
1 41181U 15081C   22004.15103738 -.00000032  00000-0  36599-4 0    12\
2 41181  47.0015 259.5952 0001406  67.7375 292.3654 14.43490404318621
1 41181U 15081C   22004.84320627 -.00000052  00000-0  30858-4 0    10\
2 41181  47.0015 256.4022 0001390  72.4844 287.6187 14.43490489318723
1 41181U 15081C   22005.12007388 -.00000056  00000-0  29743-4 0    13\
2 41181  47.0014 255.1252 0001391  74.0865 286.0168 14.43490516318762
1 41181U 15081C   22005.67380893 -.00000060  00000-0  28530-4 0  7822\
2 41181  47.0013 252.5709 0001380  77.7618 282.3416 14.43490614318958
1 41181U 15081C   22005.88145957 -.00000065  00000-0  26925-4 0    10\
2 41181  47.0013 251.6130 0001380  79.4791 280.6244 14.43490633318879
1 41181U 15081C   22006.15832714 -.00000066  00000-0  26558-4 0    18\
2 41181  47.0012 250.3360 0001383  81.2232 278.8805 14.43490671318912
1 41181U 15081C   22006.78127898 -.00000073  00000-0  24578-4 0  7832\
2 41181  47.0011 247.4624 0001380  85.5920 274.5117 14.43490769319119
1 41181U 15081C   22006.85049586 -.00000075  00000-0  23952-4 0    17\
2 41181  47.0011 247.1431 0001379  86.0962 274.0075 14.43490771319012
1 41181U 15081C   22007.33501391 -.00000075  00000-0  23967-4 0    14\
2 41181  47.0010 244.9082 0001383  89.2766 270.8272 14.43490889319080
1 41181U 15081C   22007.81953191 -.00000081  00000-0  22165-4 0  7840\
2 41181  47.0009 242.6731 0001384  92.8782 267.2256 14.43490954319268
1 41181U 15081C   22008.37326676 -.00000078  00000-0  23293-4 0    15\
2 41181  47.0008 240.1190 0001393  96.5247 263.5791 14.43491099319237
1 41181U 15081C   22008.85778466 -.00000074  00000-0  24321-4 0    15\
2 41181  47.0007 237.8839 0001399 100.0662 260.0376 14.43491212319303
1 41181U 15081C   22009.13465201 -.00000065  00000-0  26978-4 0  7856\
2 41181  47.0006 236.6068 0001404 101.6780 258.4257 14.43491321319454
1 41181U 15081C   22009.34230250 -.00000066  00000-0  26582-4 0    16\
2 41181  47.0006 235.6490 0001403 103.0374 257.0662 14.43491364319379
1 41181U 15081C   22009.89603722 -.00000069  00000-0  25829-4 0    10\
2 41181  47.0005 233.0946 0001411 106.9048 253.1986 14.43491417319459
1 41181U 15081C   22010.31133820 -.00000055  00000-0  30039-4 0  7860\
2 41181  47.0004 231.1789 0001418 109.4522 250.6511 14.43491572319621
1 41181U 15081C   22010.31133820 -.00000055  00000-0  30039-4 0    10\
2 41181  47.0004 231.1789 0001418 109.4522 250.6511 14.43491572319519
1 41181U 15081C   22010.86507282 -.00000052  00000-0  30759-4 0    13\
2 41181  47.0004 228.6245 0001434 113.3689 246.7342 14.43491653319599
1 41181U 15081C   22011.55724097 -.00000032  00000-0  36592-4 0    14\
2 41181  47.0003 225.4316 0001451 117.7031 242.3995 14.43491883319692
1 41181U 15081C   22011.83410820 -.00000032  00000-0  36664-4 0  7872\
2 41181  47.0003 224.1544 0001465 119.5991 240.5035 14.43491949319846
1 41181U 15081C   22011.83410820 -.00000032  00000-0  36664-4 0    11\
2 41181  47.0003 224.1544 0001465 119.5991 240.5035 14.43491949319734
1 41181U 15081C   22012.04175863 -.00000032  00000-0  36783-4 0    12\
2 41181  47.0002 223.1966 0001471 120.7204 239.3820 14.43491995319760
1 41181U 15081C   22013.01079375 -.00000033  00000-0  36253-4 0  7886\
2 41181  47.0002 218.7265 0001503 126.7880 233.3138 14.43492210320011
1 41181U 15081C   22013.28766087 -.00000028  00000-0  37764-4 0    18\
2 41181  47.0002 217.4493 0001507 128.5503 231.5512 14.43492315319948
1 41181U 15081C   22013.70296155 -.00000029  00000-0  37662-4 0    17\
2 41181  47.0002 215.5334 0001528 131.3397 228.7614 14.43492402320004
1 41181U 15081C   22014.18747898 -.00000020  00000-0  40257-4 0    10\
2 41181  47.0002 213.2985 0001545 134.0618 226.0389 14.43492571320070
1 41181U 15081C   22014.81042992 -.00000013  00000-0  42088-4 0    19\
2 41181  47.0002 210.4248 0001572 137.7981 222.3020 14.43492731320163
1 41181U 15081C   22014.94886344 -.00000010  00000-0  43160-4 0    19\
2 41181  47.0002 209.7862 0001574 138.4479 221.6520 14.43492788320189
1 41181U 15081C   22015.77946448 -.00000002  00000-0  45426-4 0  7906\
2 41181  47.0002 205.9547 0001613 143.4207 216.6783 14.43493052320412
1 41181U 15081C   22015.91789794  .00000001  00000-0  46242-4 0    11\
2 41181  47.0002 205.3162 0001621 144.1353 215.9635 14.43493122320324
1 41181U 15081C   22016.54084851  .00000004  00000-0  47244-4 0    19\
2 41181  47.0002 202.4425 0001643 147.6136 212.4844 14.43493347320418
1 41181U 15081C   22016.81771538  .00000002  00000-0  46617-4 0  7911\
2 41181  47.0002 201.1653 0001662 149.2026 210.8952 14.43493437320562
1 41181U 15081C   22016.81771538  .00000002  00000-0  46617-4 0    15\
2 41181  47.0002 201.1653 0001662 149.2026 210.8952 14.43493437320450
1 41181U 15081C   22017.23301562 -.00000005  00000-0  44438-4 0    11\
2 41181  47.0003 199.2497 0001681 151.5163 208.5809 14.43493577320510
1 41181U 15081C   22017.85596606 -.00000011  00000-0  42902-4 0    15\
2 41181  47.0003 196.3760 0001719 154.8223 205.2741 14.43493735320601
1 41181U 15081C   22017.99439945 -.00000012  00000-0  42433-4 0  7929\
2 41181  47.0003 195.7375 0001726 155.5628 204.5333 14.43493782320736
1 41181U 15081C   22018.20204946 -.00000014  00000-0  41938-4 0    19\
2 41181  47.0004 194.7796 0001739 156.9342 203.1616 14.43493871320654
1 41181U 15081C   22018.82499975 -.00000009  00000-0  43481-4 0    14\
2 41181  47.0004 191.9059 0001776 160.1876 199.9073 14.43494069320744
1 41181U 15081C   22018.96343312 -.00000008  00000-0  43560-4 0    19\
2 41181  47.0003 191.2674 0001782 160.8404 199.2543 14.43494120320765
1 41181U 15081C   22019.72481651  .00000002  00000-0  46704-4 0  7937\
2 41181  47.0004 187.7551 0001828 164.9442 195.1492 14.43494438320982
1 41181U 15081C   22019.86324993 -.00000004  00000-0  44776-4 0    19\
2 41181  47.0004 187.1166 0001834 165.5300 194.5632 14.43494431320897
1 41181U 15081C   22020.55541655 -.00000019  00000-0  40508-4 0    18\
2 41181  47.0004 183.9236 0001874 169.1449 190.9471 14.43494589320993
1 41181U 15081C   22020.83228320 -.00000022  00000-0  39574-4 0    15\
2 41181  47.0004 182.6465 0001889 170.3088 189.7829 14.43494660321031
1 41181U 15081C   22020.90149986 -.00000023  00000-0  39150-4 0  7943\
2 41181  47.0004 182.3272 0001893 170.6582 189.4333 14.43494678321150
1 41181U 15081C   22021.52444965 -.00000023  00000-0  39169-4 0    18\
2 41181  47.0005 179.4534 0001932 173.9098 186.1805 14.43494890321133
1 41181U 15081C   22021.87053276 -.00000013  00000-0  42101-4 0    16\
2 41181  47.0005 177.8571 0001951 175.7212 184.3685 14.43495081321189
1 41181U 15081C   22021.93974939 -.00000015  00000-0  41613-4 0  7950\
2 41181  47.0005 177.5378 0001954 176.0767 184.0128 14.43495099321305
1 41181U 15081C   22021.93974939 -.00000015  00000-0  41613-4 0    10\
2 41181  47.0005 177.5378 0001954 176.0767 184.0128 14.43495099321192
1 41181U 15081C   22022.83956559 -.00000016  00000-0  41357-4 0    14\
2 41181  47.0006 173.3870 0002003 180.1175 179.9704 14.43495363321321
1 41181U 15081C   22023.11643207 -.00000018  00000-0  40689-4 0  7969\
2 41181  47.0007 172.1099 0002015 181.4009 178.6865 14.43495439321479
1 41181U 15081C   22023.53173177 -.00000011  00000-0  42881-4 0    17\
2 41181  47.0007 170.1940 0002046 183.3656 176.7210 14.43495585321425
1 41181U 15081C   22023.87781483 -.00000011  00000-0  42850-4 0    15\
2 41181  47.0008 168.5977 0002063 184.8677 175.2182 14.43495685321473
1 41181U 15081C   22024.50076424 -.00000012  00000-0  42633-4 0    18\
2 41181  47.0009 165.7240 0002101 187.8240 172.2607 14.43495875321568
1 41181U 15081C   22024.77763068 -.00000012  00000-0  42604-4 0  7974\
2 41181  47.0010 164.4469 0002116 188.8753 171.2089 14.43495949321717
1 41181U 15081C   22024.84684726 -.00000018  00000-0  40802-4 0    17\
2 41181  47.0010 164.1277 0002119 189.1978 170.8863 14.43495942321614
1 41181U 15081C   22025.53901305 -.00000005  00000-0  44474-4 0    14\
2 41181  47.0011 160.9347 0002162 192.3671 167.7155 14.43496264321719
1 41181U 15081C   22025.81587938 -.00000002  00000-0  45410-4 0    15\
2 41181  47.0011 159.6576 0002172 193.4412 166.6410 14.43496371321759
1 41181U 15081C   22025.81587938 -.00000002  00000-0  45410-4 0  7988\
2 41181  47.0011 159.6576 0002172 193.4412 166.6410 14.43496371321861
1 41181U 15081C   22026.57726155 -.00000011  00000-0  42901-4 0    17\
2 41181  47.0013 156.1455 0002221 196.8412 163.2394 14.43496609321861
1 41181U 15081C   22026.85412781 -.00000014  00000-0  41923-4 0    11\
2 41181  47.0013 154.8684 0002230 197.8395 162.2407 14.43496683321902
1 41181U 15081C   22027.06177746 -.00000018  00000-0  40790-4 0  7993\
2 41181  47.0014 153.9106 0002240 198.7981 161.2816 14.43496744322041
1 41181U 15081C   22027.61550988 -.00000018  00000-0  40864-4 0    15\
2 41181  47.0014 151.3563 0002278 201.1261 158.9524 14.43496906322017
1 41181U 15081C   22027.82315949 -.00000009  00000-0  43323-4 0    17\
2 41181  47.0014 150.3985 0002285 201.9437 158.1345 14.43497034322044
1 41181U 15081C   22028.30767526 -.00000006  00000-0  44152-4 0  8008\
2 41181  47.0015 148.1635 0002311 204.0706 156.0066 14.43497199322224
1 41181U 15081C   22028.44610832 -.00000009  00000-0  43347-4 0    11\
2 41181  47.0015 147.5249 0002321 204.5521 155.5248 14.43497245322137
1 41181U 15081C   22028.79219097 -.00000013  00000-0  42106-4 0    14\
2 41181  47.0015 145.9286 0002337 205.8959 154.1804 14.43497346322186
1 41181U 15081C   22029.41513950  .00000006  00000-0  47814-4 0  8019\
2 41181  47.0016 143.0549 0002375 208.5820 151.4929 14.43497717322389
1 41181U 15081C   22029.48435602  .00000015  00000-0  50406-4 0    16\
2 41181  47.0016 142.7357 0002380 208.8384 151.2365 14.43497791322289
1 41181U 15081C   22029.76122209  .00000018  00000-0  51280-4 0    17\
2 41181  47.0016 141.4586 0002388 209.8119 150.2625 14.43497904322323
1 41181U 15081C   22030.45338699  .00000025  00000-0  53186-4 0  8021\
2 41181  47.0017 138.2657 0002430 212.4544 147.6186 14.43498230322535
1 41181U 15081C   22030.59181994  .00000041  00000-0  57929-4 0    18\
2 41181  47.0017 137.6271 0002435 213.0106 147.0622 14.43498373322443
1 41181U 15081C   22030.79946943  .00000034  00000-0  55949-4 0    15\
2 41181  47.0017 136.6693 0002442 213.9188 146.1536 14.43498412322478
1 41181U 15081C   22031.56085051  .00000093  00000-0  73313-4 0    15\
2 41181  47.0017 133.1571 0002484 216.9471 143.1238 14.43499052322588
1 41181U 15081C   22031.76849989  .00000094  00000-0  73669-4 0  8030\
2 41181  47.0017 132.1993 0002490 217.7764 142.2941 14.43499145322726
1 41181U 15081C   22031.76849989  .00000094  00000-0  73669-4 0    10\
2 41181  47.0017 132.1993 0002490 217.7764 142.2941 14.43499145322614
1 41181U 15081C   22032.52988101  .00000108  00000-0  77706-4 0    17\
2 41181  47.0018 128.6871 0002529 220.7130 139.3561 14.43499468322729
1 41181U 15081C   22032.73753042  .00000096  00000-0  74092-4 0    15\
2 41181  47.0018 127.7293 0002536 221.5693 138.4994 14.43499464322757
1 41181U 15081C   22032.94517983  .00000046  00000-0  59352-4 0  8048\
2 41181  47.0018 126.7715 0002546 222.4467 137.6215 14.43499267322898
1 41181U 15081C   22033.56812787  .00000066  00000-0  65353-4 0    16\
2 41181  47.0019 123.8979 0002571 224.5510 135.5163 14.43499585322879
1 41181U 15081C   22033.70656073  .00000067  00000-0  65628-4 0    12\
2 41181  47.0019 123.2594 0002574 225.1037 134.9634 14.43499652322893
1 41181U 15081C   22034.53715783  .00000040  00000-0  57646-4 0  8052\
2 41181  47.0020 119.4279 0002611 228.1484 131.9173 14.43499838323121
1 41181U 15081C   22034.53715783  .00000040  00000-0  57646-4 0    10\
2 41181  47.0020 119.4279 0002611 228.1484 131.9173 14.43499838323019
1 41181U 15081C   22034.67559050  .00000076  00000-0  68390-4 0    15\
2 41181  47.0020 118.7894 0002614 228.7383 131.3272 14.43500143323039
1 41181U 15081C   22035.57540382  .00000075  00000-0  68105-4 0    16\
2 41181  47.0021 114.6388 0002647 231.9871 128.0770 14.43500491323163
1 41181U 15081C   22035.64462022  .00000074  00000-0  67763-4 0  8069\
2 41181  47.0021 114.3195 0002648 232.2626 127.8014 14.43500513323285
1 41181U 15081C   22035.64462022  .00000074  00000-0  67763-4 0    16\
2 41181  47.0021 114.3195 0002648 232.2626 127.8014 14.43500513323173
1 41181U 15081C   22036.54443306  .00000097  00000-0  74382-4 0    10\
2 41181  47.0022 110.1688 0002682 235.5159 124.5468 14.43501048323306
1 41181U 15081C   22036.68286579  .00000097  00000-0  74320-4 0  8078\
2 41181  47.0021 109.5303 0002685 236.0605 124.0020 14.43501117323436
1 41181U 15081C   22037.51346208  .00000080  00000-0  69498-4 0    15\
2 41181  47.0022 105.6989 0002710 238.8941 121.1673 14.43501417323442
1 41181U 15081C   22037.85954382  .00000066  00000-0  65359-4 0    16\
2 41181  47.0022 104.1025 0002723 240.3235 119.7374 14.43501517323492
1 41181U 15081C   22037.85954382  .00000066  00000-0  65359-4 0  8081\
2 41181  47.0022 104.1025 0002723 240.3235 119.7374 14.43501517323605
1 41181U 15081C   22038.48249084  .00000058  00000-0  62925-4 0    19\
2 41181  47.0022 101.2289 0002742 242.4414 117.6187 14.43501763323587
1 41181U 15081C   22038.62092353  .00000052  00000-0  61262-4 0    17\
2 41181  47.0022 100.5904 0002743 242.9730 117.0869 14.43501798323602
1 41181U 15081C   22039.17465402  .00000043  00000-0  58497-4 0  8099\
2 41181  47.0022  98.0360 0002762 245.0192 115.0401 14.43502033323799
1 41181U 15081C   22039.52073566  .00000045  00000-0  59294-4 0    16\
2 41181  47.0022  96.4397 0002767 246.1819 113.8770 14.43502193323730
1 41181U 15081C   22039.86681712  .00000029  00000-0  54358-4 0    19\
2 41181  47.0022  94.8433 0002776 247.4594 112.5992 14.43502294323786
1 41181U 15081C   22040.48976386  .00000063  00000-0  64512-4 0  8102\
2 41181  47.0022  91.9697 0002790 249.6242 110.4338 14.43502716323988
1 41181U 15081C   22040.55898017  .00000058  00000-0  62966-4 0    11\
2 41181  47.0021  91.6504 0002790 249.8320 110.2260 14.43502716323881
1 41181U 15081C   22041.52800815  .00000054  00000-0  61960-4 0    17\
2 41181  47.0021  87.1803 0002809 253.1730 106.8842 14.43503092324029
1 41181U 15081C   22041.80487320  .00000051  00000-0  60954-4 0  8118\
2 41181  47.0021  85.9031 0002817 254.2144 105.8425 14.43503207324178
1 41181U 15081C   22041.80487320  .00000051  00000-0  60954-4 0    19\
2 41181  47.0021  85.9031 0002817 254.2144 105.8425 14.43503207324066
1 41181U 15081C   22042.49703582  .00000061  00000-0  63851-4 0    16\
2 41181  47.0021  82.7102 0002828 256.7498 103.3066 14.43503539324164
1 41181U 15081C   22043.11998205  .00000064  00000-0  64611-4 0  8122\
2 41181  47.0021  79.8365 0002839 258.9327 101.1233 14.43503818324363
1 41181U 15081C   22042.56625208  .00000060  00000-0  63596-4 0    17\
2 41181  47.0021  82.3909 0002828 257.0045 103.0519 14.43503566324178
1 41181U 15081C   22043.46606324  .00000066  00000-0  65326-4 0    14\
2 41181  47.0022  78.2401 0002839 260.1015  99.9544 14.43503983324303
1 41181U 15081C   22043.81214444  .00000049  00000-0  60264-4 0    18\
2 41181  47.0022  76.6437 0002845 261.4219  98.6338 14.43504040324358
1 41181U 15081C   22044.43509048  .00000046  00000-0  59370-4 0  8138\
2 41181  47.0022  73.7700 0002848 263.5515  96.5040 14.43504270324558
1 41181U 15081C   22044.50430673  .00000043  00000-0  58713-4 0    19\
2 41181  47.0022  73.4508 0002848 263.8081  96.2474 14.43504279324458
1 41181U 15081C   22045.47333376  .00000037  00000-0  56790-4 0  8146\
2 41181  47.0023  68.9807 0002853 267.1358  92.9195 14.43504620324701
1 41181U 15081C   22045.47333376  .00000037  00000-0  56790-4 0    14\
2 41181  47.0023  68.9807 0002853 267.1358  92.9195 14.43504620324598
1 41181U 15081C   22045.75019858  .00000029  00000-0  54401-4 0    19\
2 41181  47.0024  67.7035 0002857 268.1782  91.8770 14.43504695324639
1 41181U 15081C   22046.44236056  .00000024  00000-0  52983-4 0    15\
2 41181  47.0024  64.5106 0002854 270.4519  89.6033 14.43504943324738
1 41181U 15081C   22046.71922526  .00000014  00000-0  50157-4 0  8152\
2 41181  47.0024  63.2335 0002856 271.4665  88.5888 14.43505038324881
1 41181U 15081C   22046.71922526  .00000014  00000-0  50157-4 0    19\
2 41181  47.0024  63.2335 0002856 271.4665  88.5888 14.43505038324779
1 41181U 15081C   22047.48060317  .00000022  00000-0  52459-4 0    11\
2 41181  47.0024  59.7212 0002855 274.0382  86.0171 14.43505410324881
1 41181U 15081C   22047.75746775  .00000021  00000-0  52021-4 0  8168\
2 41181  47.0025  58.4441 0002858 275.0642  84.9911 14.43505556325033
1 41181U 15081C   22047.75746775  .00000021  00000-0  52021-4 0    14\
2 41181  47.0025  58.4441 0002858 275.0642  84.9911 14.43505556324920
1 41181U 15081C   22048.44962935  .00000014  00000-0  50238-4 0    19\
2 41181  47.0026  55.2512 0002850 277.3525  82.7031 14.43505813325029
1 41181U 15081C   22048.72649398  .00000000  00000-0  46099-4 0    10\
2 41181  47.0026  53.9741 0002852 278.4362  81.6194 14.43505847325060
1 41181U 15081C   22049.14179090 -.00000011  00000-0  42764-4 0  8177\
2 41181  47.0026  52.0583 0002848 279.7394  80.3164 14.43505927325239
1 41181U 15081C   22049.41865553  .00000001  00000-0  46282-4 0    15\
2 41181  47.0026  50.7812 0002845 280.8239  79.2320 14.43506078325168
1 41181U 15081C   22049.69552005 -.00000003  00000-0  45010-4 0    11\
2 41181  47.0027  49.5041 0002846 281.8295  78.2265 14.43506174325202
1 41181U 15081C   22050.45689759  .00000014  00000-0  50103-4 0  8180\
2 41181  47.0027  45.9919 0002832 284.4918  75.5648 14.43506514325429
1 41181U 15081C   22050.45689759  .00000014  00000-0  50103-4 0    14\
2 41181  47.0027  45.9919 0002832 284.4918  75.5648 14.43506514325317
1 41181U 15081C   22050.66454594  .00000009  00000-0  48767-4 0    11\
2 41181  47.0028  45.0340 0002833 285.2518  74.8048 14.43506583325348
1 41181U 15081C   22051.35670715  .00000016  00000-0  50678-4 0    15\
2 41181  47.0028  41.8411 0002815 287.6072  72.4500 14.43506859325446
1 41181U 15081C   22051.97965220 -.00000010  00000-0  43044-4 0  8192\
2 41181  47.0029  38.9674 0002807 289.8628  70.1949 14.43506931325642
1 41181U 15081C   22052.94867756  .00000004  00000-0  47228-4 0    18\
2 41181  47.0030  34.4973 0002784 293.2015  66.8572 14.43507349325671
1 41181U 15081C   22053.01789364  .00000003  00000-0  46784-4 0  8209\
2 41181  47.0030  34.1780 0002781 293.4149  66.6438 14.43507373325790
1 41181U 15081C   22053.43319022  .00000006  00000-0  47876-4 0    12\
2 41181  47.0030  32.2624 0002769 295.1348  64.9244 14.43507526325743
1 41181U 15081C   22053.91770284  .00000000  00000-0  46059-4 0    12\
2 41181  47.0031  30.0273 0002763 296.7264  63.3333 14.43507622325815
1 41181U 15081C   22054.33299944 -.00000004  00000-0  44920-4 0  8218\
2 41181  47.0031  28.1116 0002744 298.3365  61.7238 14.43507716325986
1 41181U 15081C   22054.33299944 -.00000004  00000-0  44920-4 0    18\
2 41181  47.0031  28.1116 0002744 298.3365  61.7238 14.43507716325874
1 41181U 15081C   22054.60986371 -.00000005  00000-0  44602-4 0    13\
2 41181  47.0032  26.8345 0002741 299.3143  60.7463 14.43507817325912
1 41181U 15081C   22055.30202449  .00000003  00000-0  46853-4 0    15\
2 41181  47.0033  23.6417 0002710 301.8087  58.2528 14.43508058326014
1 41181U 15081C   22055.92496906 -.00000013  00000-0  42081-4 0  8228\
2 41181  47.0033  20.7680 0002695 303.8963  56.1660 14.43508171326213
1 41181U 15081C   22055.92496906 -.00000013  00000-0  42081-4 0    17\
2 41181  47.0033  20.7680 0002695 303.8963  56.1660 14.43508171326101
1 41181U 15081C   22056.34026545 -.00000011  00000-0  42864-4 0    19\
2 41181  47.0034  18.8525 0002675 305.4767  54.5862 14.43508323326167
1 41181U 15081C   22056.89399386 -.00000016  00000-0  41199-4 0    10\
2 41181  47.0035  16.2981 0002658 307.4372  52.6265 14.43508457326244
1 41181U 15081C   22057.30929018 -.00000015  00000-0  41684-4 0  8238\
2 41181  47.0035  14.3826 0002637 309.0966  50.9678 14.43508593326414
1 41181U 15081C   22057.30929018 -.00000015  00000-0  41684-4 0    16\
2 41181  47.0035  14.3826 0002637 309.0966  50.9678 14.43508593326302
1 41181U 15081C   22057.93223458 -.00000029  00000-0  37601-4 0    19\
2 41181  47.0036  11.5090 0002615 311.3231  48.7424 14.43508687326399
1 41181U 15081C   22058.55517883  .00000001  00000-0  46354-4 0    10\
2 41181  47.0037   8.6356 0002592 313.8268  46.2397 14.43509056326486
1 41181U 15081C   22058.83204294  .00000007  00000-0  47920-4 0  8249\
2 41181  47.0036   7.3584 0002581 314.7922  45.2747 14.43509144326632
1 41181U 15081C   22058.90125896  .00000004  00000-0  47138-4 0    12\
2 41181  47.0036   7.0392 0002576 314.9690  45.0980 14.43509155326532
1 41181U 15081C   22059.52420306  .00000009  00000-0  48657-4 0    17\
2 41181  47.0037   4.1658 0002554 317.1286  42.9394 14.43509403326629
1 41181U 15081C   22059.87028312  .00000002  00000-0  46610-4 0    16\
2 41181  47.0036   2.5693 0002536 318.3103  41.7583 14.43509460326675
1 41181U 15081C   22059.93949911  .00000001  00000-0  46348-4 0  8251\
2 41181  47.0036   2.2500 0002531 318.5291  41.5396 14.43509486326795
1 41181U 15081C   22060.21636316  .00000006  00000-0  47790-4 0    19\
2 41181  47.0036   0.9730 0002518 319.7067  40.3626 14.43509595326721
1 41181U 15081C   22060.83930707  .00000011  00000-0  49145-4 0    10\
2 41181  47.0036 358.0994 0002493 322.0012  38.0691 14.43509837326814
1 41181U 15081C   22061.18538704  .00000005  00000-0  47554-4 0  8260\
2 41181  47.0036 356.5031 0002475 323.4285  36.6425 14.43509925326970
1 41181U 15081C   22061.53146689 -.00000005  00000-0  44493-4 0    11\
2 41181  47.0036 354.9067 0002458 324.7127  35.3590 14.43510010326911
1 41181U 15081C   22062.22362663  .00000027  00000-0  53952-4 0  8279\
2 41181  47.0036 351.7139 0002421 327.3294  32.7436 14.43510387327121
1 41181U 15081C   22062.50049045  .00000034  00000-0  55897-4 0    18\
2 41181  47.0036 350.4368 0002412 328.3796  31.6938 14.43510528327053
1 41181U 15081C   22062.84657022  .00000026  00000-0  53693-4 0    18\
2 41181  47.0035 348.8403 0002393 329.5670  30.5070 14.43510593327108
1 41181U 15081C   22063.46951385  .00000043  00000-0  58674-4 0  8286\
2 41181  47.0035 345.9669 0002360 332.4191  27.6563 14.43510894327305
1 41181U 15081C   22063.46951385  .00000043  00000-0  58674-4 0    19\
2 41181  47.0035 345.9669 0002360 332.4191  27.6563 14.43510894327192
1 41181U 15081C   22063.81559356  .00000023  00000-0  52847-4 0    14\
2 41181  47.0035 344.3704 0002340 333.7208  26.3553 14.43510897327240
1 41181U 15081C   22064.16167320  .00000071  00000-0  66722-4 0    19\
2 41181  47.0034 342.7741 0002319 335.2665  24.8103 14.43511290327299
1 41181U 15081C   22064.78461645  .00000074  00000-0  67790-4 0  8291\
2 41181  47.0034 339.9005 0002288 337.6824  22.3956 14.43511568327497
1 41181U 15081C   22064.78461645  .00000074  00000-0  67790-4 0    13\
2 41181  47.0034 339.9005 0002288 337.6824  22.3956 14.43511568327385
1 41181U 15081C   22065.47677533  .00000104  00000-0  76370-4 0    13\
2 41181  47.0034 336.7078 0002251 340.7031  19.3763 14.43512082327480
1 41181U 15081C   22066.16893420  .00000087  00000-0  71348-4 0  8305\
2 41181  47.0033 333.5150 0002213 343.6633  16.4175 14.43512289327690
1 41181U 15081C   22066.44579767  .00000093  00000-0  73104-4 0    10\
2 41181  47.0033 332.2379 0002202 344.6963  15.3850 14.43512451327626
1 41181U 15081C   22066.86109286  .00000095  00000-0  73955-4 0    17\
2 41181  47.0032 330.3222 0002174 346.3142  13.7679 14.43512639327682
1 41181U 15081C   22067.41481963  .00000091  00000-0  72637-4 0  8317\
2 41181  47.0032 327.7681 0002152 348.7020  11.3811 14.43512897327877
1 41181U 15081C   22067.41481963  .00000091  00000-0  72637-4 0    16\
2 41181  47.0032 327.7681 0002152 348.7020  11.3811 14.43512897327765
1 41181U 15081C   22067.83011470  .00000082  00000-0  70043-4 0    13\
2 41181  47.0031 325.8523 0002123 350.4331   9.6508 14.43513031327822
1 41181U 15081C   22068.38384127  .00000104  00000-0  76385-4 0    16\
2 41181  47.0030 323.2982 0002095 352.9109   7.1740 14.43513447327901
1 41181U 15081C   22068.86835199  .00000072  00000-0  67136-4 0    17\
2 41181  47.0030 321.0631 0002060 355.1100   4.9759 14.43513512327971
1 41181U 15081C   22069.14521520  .00000099  00000-0  75115-4 0  8326\
2 41181  47.0029 319.7861 0002046 356.5712   3.5153 14.43513804328121
1 41181U 15081C   22069.42207834  .00000095  00000-0  73804-4 0    13\
2 41181  47.0029 318.5090 0002033 357.7331   2.3539 14.43513944328050
1 41181U 15081C   22069.83737297  .00000103  00000-0  76315-4 0    19\
2 41181  47.0028 316.5932 0002005 359.4788   0.6089 14.43514219328110
1 41181U 15081C   22070.39109900  .00000107  00000-0  77383-4 0  8339\
2 41181  47.0027 314.0390 0001974   2.1043 357.9845 14.43514570328309
1 41181U 15081C   22070.39109900  .00000107  00000-0  77383-4 0    16\
2 41181  47.0027 314.0390 0001974   2.1043 357.9845 14.43514570328196
1 41181U 15081C   22070.94482497  .00000130  00000-0  83952-4 0    17\
2 41181  47.0026 311.4846 0001940   4.6868 355.4029 14.43514977328274
1 41181U 15081C   22071.36011933  .00000157  00000-0  91897-4 0    13\
2 41181  47.0025 309.5689 0001921   6.6046 353.4858 14.43515362328339
1 41181U 15081C   22071.77541372  .00000146  00000-0  88762-4 0  8342\
2 41181  47.0024 307.6531 0001890   8.6157 351.4755 14.43515500328500
1 41181U 15081C   22071.91384525  .00000110  00000-0  78275-4 0    18\
2 41181  47.0024 307.0145 0001883   9.4100 350.6814 14.43515356328410
1 41181U 15081C   22072.32913945  .00000152  00000-0  90667-4 0    13\
2 41181  47.0023 305.0988 0001865  11.4238 348.6684 14.43515832328474
1 41181U 15081C   22072.81364921  .00000178  00000-0  98131-4 0  8358\
2 41181  47.0022 302.8637 0001826  14.1834 345.9096 14.43516267328658
1 41181U 15081C   22072.88286489  .00000179  00000-0  98338-4 0    12\
2 41181  47.0022 302.5444 0001823  14.5393 345.5539 14.43516310328558
1 41181U 15081C   22073.36737445  .00000191  00000-0  10199-3 0    11\
2 41181  47.0022 300.3094 0001803  16.8997 343.1942 14.43516722328625
1 41181U 15081C   22073.78266853  .00000157  00000-0  92099-4 0    19\
2 41181  47.0021 298.3936 0001770  19.3046 340.7900 14.43516749328683
1 41181U 15081C   22073.85188416  .00000156  00000-0  91610-4 0  8368\
2 41181  47.0021 298.0743 0001766  19.7080 340.3868 14.43516786328807
1 41181U 15081C   22073.99031546  .00000155  00000-0  91460-4 0    10\
2 41181  47.0021 297.4358 0001761  20.5006 339.5944 14.43516867328710
1 41181U 15081C   22074.89011859  .00000126  00000-0  82795-4 0    14\
2 41181  47.0020 293.2848 0001710  24.9880 335.1082 14.43517257328842
1 41181U 15081C   22075.09776548  .00000122  00000-0  81611-4 0  8379\
2 41181  47.0019 292.3270 0001703  26.1270 333.9695 14.43517352328985
1 41181U 15081C   22075.30541227  .00000116  00000-0  79983-4 0    12\
2 41181  47.0019 291.3691 0001692  27.1514 332.9454 14.43517461328905
1 41181U 15081C   22075.72070596  .00000104  00000-0  76502-4 0    15\
2 41181  47.0019 289.4532 0001667  29.6394 330.4580 14.43517609328965
1 41181U 15081C   22076.27443071  .00000094  00000-0  73620-4 0  8382\
2 41181  47.0018 286.8989 0001640  32.6423 327.4558 14.43517873329155
1 41181U 15081C   22076.27443071  .00000094  00000-0  73620-4 0    14\
2 41181  47.0018 286.8989 0001640  32.6423 327.4558 14.43517873329043
1 41181U 15081C   22076.89737104  .00000065  00000-0  64980-4 0    12\
2 41181  47.0017 284.0252 0001600  36.6807 323.4181 14.43518013329136
1 41181U 15081C   22077.03580218  .00000063  00000-0  64472-4 0    15\
2 41181  47.0017 283.3867 0001599  37.3435 322.7555 14.43518085329150
1 41181U 15081C   22077.79717336  .00000046  00000-0  59382-4 0  8395\
2 41181  47.0016 279.8743 0001561  41.8892 318.2107 14.43518388329371
1 41181U 15081C   22077.86638892  .00000045  00000-0  59127-4 0    19\
2 41181  47.0016 279.5551 0001560  42.2428 317.8572 14.43518415329275
1 41181U 15081C   22078.55854439  .00000029  00000-0  54388-4 0    19\
2 41181  47.0015 276.3621 0001531  46.2872 313.8134 14.43518655329379
1 41181U 15081C   22078.83540655  .00000018  00000-0  51338-4 0  8403\
2 41181  47.0015 275.0850 0001516  48.1704 311.9305 14.43518724329520
1 41181U 15081C   22078.90462211  .00000017  00000-0  51081-4 0    15\
2 41181  47.0014 274.7657 0001515  48.5996 311.5013 14.43518745329420
1 41181U 15081C   22079.52756183  .00000023  00000-0  52674-4 0    14\
2 41181  47.0014 271.8919 0001485  52.2080 307.8934 14.43519019329516
1 41181U 15081C   22079.87363948  .00000015  00000-0  50523-4 0    17\
2 41181  47.0013 270.2955 0001474  54.6744 305.4273 14.43519102329567
1 41181U 15081C   22080.01207052  .00000013  00000-0  49931-4 0  8419\
2 41181  47.0013 269.6568 0001470  55.5319 304.5699 14.43519141329692
1 41181U 15081C   22080.56579464  .00000014  00000-0  50189-4 0    14\
2 41181  47.0012 267.1023 0001443  59.0999 301.0022 14.43519318329668
1 41181U 15081C   22080.84265656  .00000024  00000-0  53022-4 0    10\
2 41181  47.0012 265.8252 0001432  61.2764 298.8259 14.43519495329706
1 41181U 15081C   22081.18873401  .00000039  00000-0  57331-4 0  8427\
2 41181  47.0012 264.2288 0001423  63.4398 296.6627 14.43519732329861
1 41181U 15081C   22081.53481142  .00000047  00000-0  59658-4 0    13\
2 41181  47.0012 262.6321 0001412  65.8225 294.2802 14.43519891329803
1 41181U 15081C   22081.81167339  .00000042  00000-0  58249-4 0    13\
2 41181  47.0012 261.3551 0001414  67.7953 292.3076 14.43519972329841
1 41181U 15081C   22082.50382805  .00000056  00000-0  62508-4 0  8439\
2 41181  47.0012 258.1619 0001398  72.2572 287.8460 14.43520322330051
1 41181U 15081C   22082.57304349  .00000056  00000-0  62280-4 0    16\
2 41181  47.0012 257.8426 0001396  72.8278 287.2754 14.43520355329953
1 41181U 15081C   22082.84990528  .00000066  00000-0  65220-4 0    14\
2 41181  47.0012 256.5655 0001392  74.8035 285.2999 14.43520528329997
1 41181U 15081C   22083.19598249  .00000068  00000-0  65852-4 0    10\
2 41181  47.0012 254.9689 0001386  76.7365 283.3669 14.43520683330049
1 41181U 15081C   22083.88813682  .00000084  00000-0  70491-4 0  8445\
2 41181  47.0012 251.7758 0001373  81.8616 278.2419 14.43521037330256
1 41181U 15081C   22083.88813682  .00000084  00000-0  70491-4 0    10\
2 41181  47.0012 251.7758 0001373  81.8616 278.2419 14.43521037330144
1 41181U 15081C   22084.51107562  .00000086  00000-0  71142-4 0    10\
2 41181  47.0012 248.9020 0001366  85.9559 274.1477 14.43521292330239
1 41181U 15081C   22085.13401429  .00000103  00000-0  76144-4 0  8451\
2 41181  47.0013 246.0284 0001365  90.1589 269.9447 14.43521656330436
1 41181U 15081C   22084.85715267  .00000088  00000-0  71825-4 0    14\
2 41181  47.0012 247.3055 0001361  88.6193 271.4842 14.43521440330285
1 41181U 15081C   22085.48009123  .00000097  00000-0  74349-4 0    15\
2 41181  47.0013 244.4318 0001363  92.7773 267.3262 14.43521773330377
1 41181U 15081C   22085.82616820  .00000072  00000-0  66991-4 0    18\
2 41181  47.0013 242.8353 0001364  95.6381 264.4654 14.43521781330424
1 41181U 15081C   22086.37989111  .00000062  00000-0  64123-4 0  8466\
2 41181  47.0013 240.2807 0001358  99.4130 260.6903 14.43522000330618
1 41181U 15081C   22086.51832183  .00000070  00000-0  66577-4 0    15\
2 41181  47.0013 239.6421 0001361 100.5491 259.5541 14.43522118330525
1 41181U 15081C   22086.86439856  .00000087  00000-0  71543-4 0    10\
2 41181  47.0013 238.0458 0001367 102.8980 257.2052 14.43522405330578
1 41181U 15081C   22087.41812108  .00000102  00000-0  75740-4 0    18\
2 41181  47.0014 235.4914 0001371 106.9259 253.1771 14.43522820330659
1 41181U 15081C   22087.76419784  .00000102  00000-0  75755-4 0  8473\
2 41181  47.0014 233.8951 0001381 109.1152 250.9877 14.43522972330818
1 41181U 15081C   22087.83341319  .00000098  00000-0  74721-4 0    17\
2 41181  47.0014 233.5757 0001377 109.5239 250.5789 14.43522977330716
1 41181U 15081C   22088.11027443  .00000128  00000-0  83438-4 0    17\
2 41181  47.0014 232.2986 0001380 111.1432 248.9595 14.43523292330755
1 41181U 15081C   22088.80242730  .00000156  00000-0  91824-4 0  8489\
2 41181  47.0014 229.1056 0001384 116.4619 243.6402 14.43523827330963
1 41181U 15081C   22088.87164257  .00000156  00000-0  91650-4 0    11\
2 41181  47.0014 228.7863 0001385 116.9777 243.1244 14.43523865330865
1 41181U 15081C   22089.49457993  .00000224  00000-0  11156-3 0    10\
2 41181  47.0014 225.9125 0001393 121.5581 238.5435 14.43524596330951
1 41181U 15081C   22089.84065613  .00000244  00000-0  11757-3 0    12\
2 41181  47.0013 224.3161 0001400 124.0812 236.0201 14.43524926331005
1 41181U 15081C   22090.04830177  .00000246  00000-0  11794-3 0  8494\
2 41181  47.0014 223.3582 0001401 125.5360 234.5650 14.43525097331143
1 41181U 15081C   22090.53280836  .00000254  00000-0  12051-3 0    15\
2 41181  47.0014 221.1231 0001420 128.8583 231.2423 14.43525454331109
1 41181U 15081C   22090.80966911  .00000281  00000-0  12837-3 0    12\
2 41181  47.0013 219.8461 0001424 130.3433 229.7571 14.43525814331143
1 41181U 15081C   22091.77868168  .00000262  00000-0  12278-3 0  8504\
2 41181  47.0014 215.3760 0001483 135.4648 224.6351 14.43526428331395
1 41181U 15081C   22091.77868168  .00000262  00000-0  12278-3 0    12\
2 41181  47.0014 215.3760 0001483 135.4648 224.6351 14.43526428331283
1 41181U 15081C   22092.81690869  .00000273  00000-0  12605-3 0  8518\
2 41181  47.0014 210.5864 0001531 141.4538 218.6451 14.43527273331546
1 41181U 15081C   22093.50905964  .00000267  00000-0  12419-3 0    13\
2 41181  47.0014 207.3935 0001564 145.4608 214.6373 14.43527799331538
1 41181U 15081C   22094.47807056 -.00001214  00000-0 -30970-3 0  8524\
2 41181  47.0015 202.9234 0001540 152.3262 207.7700 14.43527909331786
1 41181U 15081C   22094.47807056 -.00001214  00000-0 -30970-3 0    10\
2 41181  47.0015 202.9234 0001540 152.3262 207.7700 14.43527909331674
1 41181U 15081C   22094.75493052  .00000093  00000-0  73214-4 0    19\
2 41181  47.0014 201.6461 0001619 152.9357 207.1607 14.43528687331718
1 41181U 15081C   22095.58551058  .00000218  00000-0  10977-3 0  8532\
2 41181  47.0015 197.8149 0001662 157.2498 202.8456 14.43529503331947
1 41181U 15081C   22095.58551058  .00000218  00000-0  10977-3 0    17\
2 41181  47.0015 197.8149 0001662 157.2498 202.8456 14.43529503331835
1 41181U 15081C   22096.55452005  .00000211  00000-0  10775-3 0    16\
2 41181  47.0015 193.3445 0001713 162.3199 197.7741 14.43530253331975
1 41181U 15081C   22096.69294997  .00000197  00000-0  10358-3 0  8541\
2 41181  47.0015 192.7060 0001718 163.0275 197.0662 14.43530312332106
1 41181U 15081C   22096.69294997  .00000197  00000-0  10358-3 0    15\
2 41181  47.0015 192.7060 0001718 163.0275 197.0662 14.43530312331992
1 41181U 15081C   22097.52352916  .00000184  00000-0  99896-4 0    15\
2 41181  47.0016 188.8745 0001758 167.4167 192.6756 14.43530885332116
1 41181U 15081C   22097.73117391  .00000177  00000-0  97684-4 0  8556\
2 41181  47.0015 187.9167 0001770 168.4449 191.6471 14.43530997332253
1 41181U 15081C   22097.73117391  .00000177  00000-0  97684-4 0    19\
2 41181  47.0015 187.9167 0001770 168.4449 191.6471 14.43530997332141
1 41181U 15081C   22098.49253779  .00000163  00000-0  93592-4 0    13\
2 41181  47.0015 184.4044 0001808 172.2726 187.8182 14.43531507332256
1 41181U 15081C   22098.70018240  .00000154  00000-0  91087-4 0    16\
2 41181  47.0014 183.4466 0001814 173.2841 186.8063 14.43531639332284
1 41181U 15081C   22098.90782704  .00000139  00000-0  86788-4 0  8564\
2 41181  47.0014 182.4887 0001822 174.4097 185.6803 14.43531723332424
1 41181U 15081C   22099.53076085  .00000131  00000-0  84347-4 0    15\
2 41181  47.0014 179.6151 0001859 177.2095 182.8795 14.43532110332403
1 41181U 15081C   22099.73840541  .00000123  00000-0  82007-4 0    15\
2 41181  47.0013 178.6573 0001868 178.1795 181.9091 14.43532225332435
1 41181U 15081C   22100.22290929  .00000104  00000-0  76354-4 0  8577\
2 41181  47.0013 176.4222 0001892 180.5735 179.5142 14.43532446332615
1 41181U 15081C   22100.49976858  .00000121  00000-0  81551-4 0    13\
2 41181  47.0013 175.1450 0001909 181.6749 178.4124 14.43532743332540
1 41181U 15081C   22100.70741304  .00000117  00000-0  80196-4 0    12\
2 41181  47.0012 174.1872 0001915 182.5795 177.5075 14.43532862332574
1 41181U 15081C   22101.46877607  .00000091  00000-0  72638-4 0  8585\
2 41181  47.0011 170.6749 0001959 186.1595 173.9261 14.43533152332797
1 41181U 15081C   22101.53799093  .00000095  00000-0  73858-4 0    14\
2 41181  47.0011 170.3556 0001963 186.4161 173.6694 14.43533198332693
1 41181U 15081C   22101.67642054  .00000091  00000-0  72764-4 0    14\
2 41181  47.0011 169.7171 0001970 187.0538 173.0314 14.43533256332712
1 41181U 15081C   22102.50699814  .00000098  00000-0  74610-4 0  8593\
2 41181  47.0010 165.8854 0002013 190.5411 169.5427 14.43533716332945
1 41181U 15081C   22102.50699814  .00000098  00000-0  74610-4 0    12\
2 41181  47.0010 165.8854 0002013 190.5411 169.5427 14.43533716332833
1 41181U 15081C   22102.85307201  .00000084  00000-0  70629-4 0    17\
2 41181  47.0009 164.2889 0002031 192.1213 167.9618 14.43533850332888
1 41181U 15081C   22103.47600505  .00000084  00000-0  70662-4 0    16\
2 41181  47.0009 161.4152 0002062 194.6536 165.4284 14.43534131332974
1 41181U 15081C   22103.61443463  .00000074  00000-0  67784-4 0  8603\
2 41181  47.0008 160.7766 0002068 195.1061 164.9757 14.43534134333109
1 41181U 15081C   22103.61443463  .00000074  00000-0  67784-4 0    10\
2 41181  47.0008 160.7766 0002068 195.1061 164.9757 14.43534134332995
1 41181U 15081C   22104.51422636  .00000073  00000-0  67404-4 0    17\
2 41181  47.0007 156.6256 0002115 198.7918 161.2883 14.43534581333127
1 41181U 15081C   22104.86029998  .00000069  00000-0  66198-4 0  8617\
2 41181  47.0007 155.0292 0002130 200.2804 159.7991 14.43534757333284
1 41181U 15081C   22105.48323241  .00000083  00000-0  70140-4 0    18\
2 41181  47.0007 152.1555 0002158 202.7882 157.2902 14.43535144333261
1 41181U 15081C   22105.82930588  .00000087  00000-0  71337-4 0    17\
2 41181  47.0007 150.5589 0002175 204.3510 155.7267 14.43535357333314
1 41181U 15081C   22106.10616469  .00000089  00000-0  72060-4 0  8629\
2 41181  47.0007 149.2816 0002191 205.4989 154.5782 14.43535485333469
1 41181U 15081C   22106.52145283  .00000091  00000-0  72563-4 0    12\
2 41181  47.0007 147.3659 0002210 206.9781 153.0984 14.43535712333417
1 41181U 15081C   22106.79831148  .00000094  00000-0  73550-4 0    13\
2 41181  47.0007 146.0887 0002221 208.3852 151.6907 14.43535894333457
1 41181U 15081C   22107.14438487  .00000100  00000-0  75279-4 0  8636\
2 41181  47.0007 144.4921 0002242 209.7065 150.3688 14.43536088333618
1 41181U 15081C   22107.49045820  .00000100  00000-0  75185-4 0    19\
2 41181  47.0007 142.8957 0002256 210.9377 149.1370 14.43536274333558
1 41181U 15081C   22107.55967286  .00000099  00000-0  75070-4 0    15\
2 41181  47.0006 142.5764 0002258 211.2001 148.8744 14.43536314333567
1 41181U 15081C   22108.18260467  .00000102  00000-0  75703-4 0  8647\
2 41181  47.0006 139.7026 0002288 213.6593 146.4142 14.43536677333761
1 41181U 15081C   22108.45946322  .00000094  00000-0  73492-4 0    14\
2 41181  47.0006 138.4255 0002292 214.7999 145.2731 14.43536797333694
1 41181U 15081C   22108.80553630  .00000095  00000-0  73698-4 0    18\
2 41181  47.0007 136.8290 0002310 216.1332 143.9391 14.43537023333740
1 41181U 15081C   22109.42846780  .00000105  00000-0  76798-4 0  8652\
2 41181  47.0006 133.9553 0002333 218.4607 141.6107 14.43537430333948
1 41181U 15081C   22109.49768244  .00000095  00000-0  73892-4 0    19\
2 41181  47.0006 133.6360 0002335 218.7660 141.3053 14.43537405333843
1 41181U 15081C   22110.46668676  .00000095  00000-0  73653-4 0  8660\
2 41181  47.0006 129.1656 0002377 222.3706 137.6990 14.43537913334099
1 41181U 15081C   22110.53590132  .00000094  00000-0  73589-4 0    17\
2 41181  47.0006 128.8463 0002380 222.6102 137.4593 14.43537952333996
1 41181U 15081C   22110.74354504  .00000090  00000-0  72314-4 0    12\
2 41181  47.0006 127.8884 0002388 223.5232 136.5459 14.43538050334020
1 41181U 15081C   22111.50490530  .00000112  00000-0  78772-4 0    16\
2 41181  47.0005 124.3759 0002418 226.1105 133.9576 14.43538551334133
1 41181U 15081C   22111.71254893  .00000109  00000-0  77927-4 0  8676\
2 41181  47.0006 123.4180 0002425 226.9710 133.0966 14.43538666334276
1 41181U 15081C   22112.47390882  .00000138  00000-0  86491-4 0    17\
2 41181  47.0006 119.9056 0002452 229.6117 130.4548 14.43539237334271
1 41181U 15081C   22112.75076692  .00000151  00000-0  90243-4 0  8684\
2 41181  47.0006 118.6283 0002462 230.7078 129.3583 14.43539467334427
1 41181U 15081C   22113.44291201  .00000135  00000-0  85424-4 0    12\
2 41181  47.0006 115.4352 0002488 232.9268 127.1385 14.43539762334415
1 41181U 15081C   22114.13505690  .00000129  00000-0  83682-4 0  8698\
2 41181  47.0007 112.2420 0002515 235.3773 124.6869 14.43540126334624
1 41181U 15081C   22114.41191494  .00000127  00000-0  83069-4 0    17\
2 41181  47.0007 110.9648 0002511 236.4443 123.6197 14.43540234334558
1 41181U 15081C   22115.45013182  .00000135  00000-0  85479-4 0  8709\
2 41181  47.0009 106.1752 0002546 239.9164 120.1463 14.43540884334817
1 41181U 15081C   22115.65777513  .00000131  00000-0  84292-4 0    10\
2 41181  47.0010 105.2173 0002552 240.7312 119.3313 14.43541001334735
1 41181U 15081C   22116.34991932  .00000141  00000-0  87235-4 0    11\
2 41181  47.0011 102.0242 0002571 242.9386 117.1231 14.43541508334832
1 41181U 15081C   22117.11127748  .00000194  00000-0  10277-3 0  8717\
2 41181  47.0012  98.5117 0002600 245.3931 114.6678 14.43542379335058
1 41181U 15081C   22117.38813500  .00000198  00000-0  10395-3 0    14\
2 41181  47.0013  97.2346 0002590 246.4478 113.6130 14.43542605334980
1 41181U 15081C   22118.21870682  .00000292  00000-0  13149-3 0  8722\
2 41181  47.0015  93.4030 0002617 249.2121 110.8479 14.43543855335216
1 41181U 15081C   22118.35713544  .00000297  00000-0  13303-3 0    11\
2 41181  47.0015  92.7645 0002616 249.7538 110.3061 14.43544010335122
1 41181U 15081C   22119.39534980  .00000282  00000-0  12848-3 0  8735\
2 41181  47.0017  87.9750 0002630 253.2955 106.7636 14.43544839335380
1 41181U 15081C   22119.39534980  .00000282  00000-0  12848-3 0    18\
2 41181  47.0017  87.9750 0002630 253.2955 106.7636 14.43544839335278
1 41181U 15081C   22119.60299255  .00000276  00000-0  12673-3 0    14\
2 41181  47.0018  87.0171 0002637 254.0309 106.0280 14.43545013335303
1 41181U 15081C   22120.57199180  .00000264  00000-0  12337-3 0    12\
2 41181  47.0019  82.5469 0002637 257.2744 102.7841 14.43545886335441
1 41181U 15081C   22120.57199180  .00000264  00000-0  12337-3 0  8740\
2 41181  47.0019  82.5469 0002637 257.2744 102.7841 14.43545886335553
1 41181U 15081C   22120.91806302  .00000237  00000-0  11542-3 0    18\
2 41181  47.0020  80.9504 0002626 258.5438 101.5146 14.43546011335498
1 41181U 15081C   22121.47177638  .00000262  00000-0  12251-3 0    19\
2 41181  47.0021  78.3960 0002645 260.1974  99.8606 14.43546720335577
1 41181U 15081C   22121.61020470  .00000257  00000-0  12112-3 0  8755\
2 41181  47.0021  77.7574 0002647 260.6638  99.3942 14.43546835335705
1 41181U 15081C   22121.61020470  .00000257  00000-0  12112-3 0    16\
2 41181  47.0021  77.7574 0002647 260.6638  99.3942 14.43546835335592
1 41181U 15081C   22122.37156057  .00000230  00000-0  11341-3 0    15\
2 41181  47.0022  74.2451 0002634 263.1868  96.8712 14.43547369335701
1 41181U 15081C   22123.06370199  .00000190  00000-0  10154-3 0  8763\
2 41181  47.0024  71.0521 0002638 265.4666  94.5912 14.43547744335918
1 41181U 15081C   22123.54820089  .00000159  00000-0  92477-4 0    18\
2 41181  47.0025  68.8171 0002632 267.2388  92.8190 14.43547980335875
1 41181U 15081C   22124.10191374  .00000185  00000-0  10011-3 0  8772\
2 41181  47.0026  66.2626 0002622 268.9474  91.1105 14.43548556336066
1 41181U 15081C   22124.51719836  .00000144  00000-0  88132-4 0    10\
2 41181  47.0027  64.3470 0002620 270.4581  89.5998 14.43548660336010
1 41181U 15081C   22125.14012474  .00000326  00000-0  14139-3 0  8783\
2 41181  47.0028  61.4733 0002618 272.3953  87.6627 14.43550179336210
1 41181U 15081C   22125.55540925  .00000209  00000-0  10725-3 0    10\
2 41181  47.0029  59.5576 0002616 273.8983  86.1597 14.43549843336161
1 41181U 15081C   22126.17833565  .00000233  00000-0  11403-3 0  8798\
2 41181  47.0030  56.6840 0002613 275.6824  84.3758 14.43550402336360
1 41181U 15081C   22126.52440586  .00000214  00000-0  10874-3 0    11\
2 41181  47.0031  55.0876 0002611 276.8694  83.1889 14.43550539336306
1 41181U 15081C   22127.21654633  .00000152  00000-0  90533-4 0  8805\
2 41181  47.0032  51.8947 0002595 279.1704  80.8882 14.43550582336517
1 41181U 15081C   22127.21654633  .00000152  00000-0  90533-4 0    10\
2 41181  47.0032  51.8947 0002595 279.1704  80.8882 14.43550582336405
1 41181U 15081C   22128.46239852  .00000119  00000-0  80748-4 0  8816\
2 41181  47.0034  46.1476 0002576 283.2671  76.7921 14.43551124336691
1 41181U 15081C   22128.46239852  .00000119  00000-0  80748-4 0    10\
2 41181  47.0034  46.1476 0002576 283.2671  76.7921 14.43551124336589
1 41181U 15081C   22128.73925444  .00000123  00000-0  81828-4 0    14\
2 41181  47.0034  44.8704 0002575 284.1480  75.9113 14.43551291336629
1 41181U 15081C   22129.43139420  .00000114  00000-0  79390-4 0    14\
2 41181  47.0034  41.6776 0002564 286.4128  73.6469 14.43551675336721
1 41181U 15081C   22129.84667791  .00000106  00000-0  76990-4 0    10\
2 41181  47.0034  39.7618 0002555 287.6810  72.3790 14.43551882336784
1 41181U 15081C   22130.19274772  .00000088  00000-0  71795-4 0  8827\
2 41181  47.0035  38.1654 0002539 288.9246  71.1358 14.43551987336948
1 41181U 15081C   22130.46960345  .00000096  00000-0  74006-4 0    15\
2 41181  47.0035  36.8883 0002537 289.8600  70.2006 14.43552206336876
1 41181U 15081C   22130.74645922  .00000095  00000-0  73670-4 0    12\
2 41181  47.0035  35.6111 0002529 290.7413  69.3196 14.43552339336912
1 41181U 15081C   22131.43859843  .00000081  00000-0  69726-4 0  8838\
2 41181  47.0036  32.4183 0002505 292.9023  67.1592 14.43552672337122
1 41181U 15081C   22131.43859843  .00000081  00000-0  69726-4 0    10\
2 41181  47.0036  32.4183 0002505 292.9023  67.1592 14.43552672337010
1 41181U 15081C   22131.85388184  .00000091  00000-0  72634-4 0    14\
2 41181  47.0035  30.5025 0002493 294.1339  65.9279 14.43552950337076
1 41181U 15081C   22132.40759301  .00000122  00000-0  81684-4 0    19\
2 41181  47.0036  27.9482 0002476 295.8743  64.1881 14.43553416337159
1 41181U 15081C   22133.09973177  .00000154  00000-0  90967-4 0  8842\
2 41181  47.0036  24.7552 0002455 298.2152  61.8479 14.43553968337362
1 41181U 15081C   22133.37658719  .00000145  00000-0  88508-4 0    14\
2 41181  47.0036  23.4781 0002453 299.1291  60.9343 14.43554101337296
1 41181U 15081C   22133.86108423  .00000141  00000-0  87295-4 0    18\
2 41181  47.0036  21.2430 0002427 300.5950  59.4690 14.43554335337368
1 41181U 15081C   22134.13793964  .00000166  00000-0  94602-4 0  8856\
2 41181  47.0036  19.9659 0002418 301.6232  58.4411 14.43554619337512
1 41181U 15081C   22134.41479492  .00000163  00000-0  93549-4 0    10\
2 41181  47.0036  18.6887 0002414 302.5276  57.5370 14.43554789337449
1 41181U 15081C   22135.38378815  .00000191  00000-0  10190-3 0  8866\
2 41181  47.0036  14.2186 0002370 305.6286  54.4373 14.43555576337690
1 41181U 15081C   22135.38378815  .00000191  00000-0  10190-3 0    15\
2 41181  47.0036  14.2186 0002370 305.6286  54.4373 14.43555576337588
1 41181U 15081C   22135.93749835  .00000230  00000-0  11331-3 0    12\
2 41181  47.0036  11.6642 0002347 307.4140  52.6526 14.43556146337662
1 41181U 15081C   22136.35278101  .00000199  00000-0  10430-3 0    15\
2 41181  47.0036   9.7485 0002330 308.8186  51.2485 14.43556241337724
1 41181U 15081C   22136.76806342  .00000229  00000-0  11298-3 0  8873\
2 41181  47.0036   7.8327 0002305 310.1283  49.9395 14.43556708337894
1 41181U 15081C   22136.90649121  .00000270  00000-0  12509-3 0    19\
2 41181  47.0036   7.1941 0002293 310.6193  49.4487 14.43556916337809
1 41181U 15081C   22137.32177345  .00000243  00000-0  11695-3 0    15\
2 41181  47.0036   5.2784 0002291 312.0207  48.0477 14.43557115337865
1 41181U 15081C   22138.01391045  .00000259  00000-0  12176-3 0  8882\
2 41181  47.0035   2.0854 0002259 314.3206  45.7489 14.43557728338076
1 41181U 15081C   22138.01391045  .00000259  00000-0  12176-3 0    19\
2 41181  47.0035   2.0854 0002259 314.3206  45.7489 14.43557728337963
1 41181U 15081C   22138.77526090  .00000301  00000-0  13395-3 0    14\
2 41181  47.0035 358.5731 0002225 316.9378  43.1328 14.43558556338074
1 41181U 15081C   22139.32896996  .00000318  00000-0  13914-3 0    16\
2 41181  47.0035 356.0189 0002201 318.9412  41.1301 14.43559148338155
1 41181U 15081C   22139.88267899  .00000324  00000-0  14070-3 0  8896\
2 41181  47.0034 353.4644 0002174 320.8798  39.1924 14.43559610338342
1 41181U 15081C   22140.29796064  .00000285  00000-0  12926-3 0    14\
2 41181  47.0034 351.5487 0002159 322.3579  37.7149 14.43559754338299
1 41181U 15081C   22140.99009649  .00000301  00000-0  13399-3 0  8907\
2 41181  47.0033 348.3557 0002124 324.8878  35.1862 14.43560395338502
1 41181U 15081C   22140.99009649  .00000301  00000-0  13399-3 0    11\
2 41181  47.0033 348.3557 0002124 324.8878  35.1862 14.43560395338399
1 41181U 15081C   22141.26695061  .00000324  00000-0  14090-3 0    15\
2 41181  47.0033 347.0785 0002113 325.7883  34.2861 14.43560798338433
1 41181U 15081C   22141.82065893  .00000321  00000-0  13978-3 0    12\
2 41181  47.0032 344.5241 0002067 327.6511  32.4241 14.43561253338516
1 41181U 15081C   22142.23594005  .00000306  00000-0  13564-3 0  8911\
2 41181  47.0032 342.6083 0002048 329.2279  30.8480 14.43561554338686
1 41181U 15081C   22142.23594005  .00000306  00000-0  13564-3 0    14\
2 41181  47.0032 342.6083 0002048 329.2279  30.8480 14.43561554338574
1 41181U 15081C   22142.85886134  .00000301  00000-0  13414-3 0    18\
2 41181  47.0031 339.7345 0002003 331.2182  28.8587 14.43562118338660
1 41181U 15081C   22143.27414218  .00000270  00000-0  12506-3 0  8929\
2 41181  47.0030 337.8187 0001995 332.8533  27.2242 14.43562343338838
1 41181U 15081C   22143.27414218  .00000270  00000-0  12506-3 0    11\
2 41181  47.0030 337.8187 0001995 332.8533  27.2242 14.43562343338726
1 41181U 15081C   22143.82784972  .00000260  00000-0  12190-3 0    17\
2 41181  47.0030 335.2642 0001962 334.9841  25.0943 14.43562798338800
1 41181U 15081C   22144.24313035  .00000255  00000-0  12053-3 0    14\
2 41181  47.0029 333.3484 0001945 336.5148  23.5643 14.43563132338869
1 41181U 15081C   22144.79683757  .00000244  00000-0  11748-3 0  8932\
2 41181  47.0029 330.7939 0001906 338.4933  21.5867 14.43563566339054
1 41181U 15081C   22144.79683757  .00000244  00000-0  11748-3 0    13\
2 41181  47.0029 330.7939 0001906 338.4933  21.5867 14.43563566338941
1 41181U 15081C   22145.00447764  .00000256  00000-0  12100-3 0    10\
2 41181  47.0028 329.8360 0001904 339.5028  20.5775 14.43563851338979
1 41181U 15081C   22145.62739795  .00000261  00000-0  12239-3 0    15\
2 41181  47.0029 326.9621 0001870 341.6748  18.4064 14.43564428339062
1 41181U 15081C   22146.45795813  .00000202  00000-0  10503-3 0  8947\
2 41181  47.0028 323.1304 0001818 344.6384  15.4440 14.43564803339296
1 41181U 15081C   22146.87323802  .00000184  00000-0  99941-4 0    11\
2 41181  47.0028 321.2147 0001791 346.4609  13.6223 14.43565097339240
1 41181U 15081C   22147.21930464  .00000171  00000-0  96063-4 0    16\
2 41181  47.0029 319.6182 0001775 347.6928  12.3908 14.43565308339296
1 41181U 15081C   22147.77301101  .00000156  00000-0  91574-4 0  8953\
2 41181  47.0027 317.0636 0001737 349.9616  10.1229 14.43565659339489
1 41181U 15081C   22147.84222418  .00000166  00000-0  94647-4 0    18\
2 41181  47.0027 316.7444 0001734 350.3261   9.7585 14.43565810339388
1 41181U 15081C   22147.91143746  .00000164  00000-0  94067-4 0    16\
2 41181  47.0027 316.4251 0001731 350.6595   9.4252 14.43565858339392
1 41181U 15081C   22148.81120999  .00000110  00000-0  78256-4 0  8966\
2 41181  47.0027 312.2742 0001677 354.3235   5.7625 14.43566237339634
1 41181U 15081C   22148.81120999  .00000110  00000-0  78256-4 0    14\
2 41181  47.0027 312.2742 0001677 354.3235   5.7625 14.43566237339522
1 41181U 15081C   22149.43412923  .00000098  00000-0  74771-4 0    17\
2 41181  47.0027 309.4004 0001641 356.6942   3.3926 14.43566585339616
1 41181U 15081C   22149.84940870  .00000096  00000-0  73927-4 0    19\
2 41181  47.0026 307.4847 0001613 358.6830   1.4045 14.43566837339672
1 41181U 15081C   22150.12626161  .00000084  00000-0  70412-4 0  8972\
2 41181  47.0026 306.2074 0001598 359.6859   0.4019 14.43566953339821
1 41181U 15081C   22150.54154099  .00000067  00000-0  65437-4 0    13\
2 41181  47.0026 304.2915 0001569   1.4700 358.6184 14.43567087339772
1 41181U 15081C   22150.81839391  .00000060  00000-0  63432-4 0    14\
2 41181  47.0026 303.0144 0001553   2.7790 357.3098 14.43567198339817
1 41181U 15081C   22151.51052597  .00000051  00000-0  60746-4 0  8986\
2 41181  47.0025 299.8213 0001510   5.7142 354.3755 14.43567532340026
1 41181U 15081C   22151.09524675  .00000048  00000-0  59923-4 0    17\
2 41181  47.0026 301.7372 0001538   3.8608 356.2284 14.43567305339857
1 41181U 15081C   22151.71816561  .00000046  00000-0  59306-4 0    17\
2 41181  47.0025 298.8634 0001501   6.8846 353.2054 14.43567601339941
1 41181U 15081C   22152.41029749  .00000036  00000-0  56359-4 0    13\
2 41181  47.0025 295.6704 0001461   9.9296 350.1612 14.43567896340047
1 41181U 15081C   22153.10242931  .00000014  00000-0  50086-4 0  8992\
2 41181  47.0025 292.4774 0001421  13.3183 346.7734 14.43568098340253
1 41181U 15081C   22153.51770838  .00000012  00000-0  49583-4 0    12\
2 41181  47.0025 290.5615 0001393  15.3734 344.7187 14.43568235340206
1 41181U 15081C   22153.86377438  .00000007  00000-0  48055-4 0    16\
2 41181  47.0025 288.9651 0001380  17.1849 342.9077 14.43568294340258
1 41181U 15081C   22154.48669284  .00000000  00000-0  45981-4 0  9004\
2 41181  47.0024 286.0913 0001328  20.0617 340.0315 14.43568466340452
1 41181U 15081C   22154.48669284  .00000000  00000-0  45981-4 0    16\
2 41181  47.0024 286.0913 0001328  20.0617 340.0315 14.43568466340340
1 41181U 15081C   22154.76354550 -.00000002  00000-0  45362-4 0    10\
2 41181  47.0024 284.8142 0001316  21.6095 338.4839 14.43568539340381
1 41181U 15081C   22155.52489012 -.00000006  00000-0  44157-4 0    12\
2 41181  47.0024 281.3018 0001268  25.5175 334.5767 14.43568774340493
1 41181U 15081C   22155.73252956 -.00000007  00000-0  44037-4 0  9017\
2 41181  47.0024 280.3439 0001261  26.5896 333.5048 14.43568834340637
1 41181U 15081C   22155.73252956 -.00000007  00000-0  44037-4 0    18\
2 41181  47.0024 280.3439 0001261  26.5896 333.5048 14.43568834340525
1 41181U 15081C   22156.77072654 -.00000020  00000-0  40242-4 0  9027\
2 41181  47.0023 275.5544 0001206  32.4302 327.6651 14.43569103340786
1 41181U 15081C   22156.77072654 -.00000020  00000-0  40242-4 0    17\
2 41181  47.0023 275.5544 0001206  32.4302 327.6651 14.43569103340674
1 41181U 15081C   22157.60128395 -.00000030  00000-0  37058-4 0    16\
2 41181  47.0023 271.7228 0001161  37.3543 322.7417 14.43569287340794
1 41181U 15081C   22157.73971020 -.00000031  00000-0  37022-4 0    13\
2 41181  47.0022 271.0842 0001155  38.1460 321.9501 14.43569322340816
1 41181U 15081C   22158.01656262 -.00000035  00000-0  35680-4 0  9036\
2 41181  47.0023 269.8071 0001141  39.5421 320.5541 14.43569388340960
1 41181U 15081C   22158.57026754 -.00000035  00000-0  35617-4 0    13\
2 41181  47.0022 267.2526 0001120  43.3516 316.7452 14.43569500340932
1 41181U 15081C   22158.70869377 -.00000035  00000-0  35790-4 0    16\
2 41181  47.0022 266.6141 0001116  44.2921 315.8048 14.43569534340953
1 41181U 15081C   22159.53925085 -.00000029  00000-0  37337-4 0  9041\
2 41181  47.0021 262.7824 0001076  49.6338 310.4635 14.43569800341188
1 41181U 15081C   22159.53925085 -.00000029  00000-0  37337-4 0    19\
2 41181  47.0021 262.7824 0001076  49.6338 310.4635 14.43569800341076
1 41181U 15081C   22159.67767704 -.00000028  00000-0  37737-4 0    19\
2 41181  47.0020 262.1439 0001075  50.5355 309.5620 14.43569846341095
1 41181U 15081C   22160.57744708 -.00000032  00000-0  36453-4 0    18\
2 41181  47.0019 257.9930 0001041  56.6620 303.4359 14.43570070341224
1 41181U 15081C   22160.71587324 -.00000033  00000-0  36276-4 0  9050\
2 41181  47.0018 257.3544 0001040  57.6333 302.4647 14.43570102341358
1 41181U 15081C   22161.54642998 -.00000028  00000-0  37660-4 0    10\
2 41181  47.0017 253.5227 0001007  63.5642 296.5341 14.43570344341368
1 41181U 15081C   22161.68485611 -.00000026  00000-0  38211-4 0    13\
2 41181  47.0017 252.8842 0001007  64.5302 295.5682 14.43570386341382
1 41181U 15081C   22162.23856052 -.00000020  00000-0  39967-4 0  9063\
2 41181  47.0016 250.3297 0000987  68.2963 291.8022 14.43570542341570
1 41181U 15081C   22162.72305178 -.00000009  00000-0  43468-4 0    19\
2 41181  47.0015 248.0946 0000975  72.0183 288.0803 14.43570745341534
1 41181U 15081C   22163.48439515 -.00000004  00000-0  44777-4 0  9070\
2 41181  47.0014 244.5822 0000951  77.8713 282.2273 14.43570959341751
1 41181U 15081C   22163.48439515 -.00000004  00000-0  44777-4 0    15\
2 41181  47.0014 244.5822 0000951  77.8713 282.2273 14.43570959341649
1 41181U 15081C   22163.89967324  .00000013  00000-0  49878-4 0    10\
2 41181  47.0014 242.6665 0000946  80.7830 279.3157 14.43571194341707
1 41181U 15081C   22164.52259020  .00000035  00000-0  56220-4 0  9087\
2 41181  47.0013 239.7926 0000935  85.8821 274.2166 14.43571528341904
1 41181U 15081C   22164.52259020  .00000035  00000-0  56220-4 0    11\
2 41181  47.0013 239.7926 0000935  85.8821 274.2166 14.43571528341791
1 41181U 15081C   22164.66101619  .00000036  00000-0  56405-4 0    12\
2 41181  47.0013 239.1540 0000937  86.9134 273.1853 14.43571583341813
1 41181U 15081C   22165.56078486  .00000079  00000-0  69069-4 0    14\
2 41181  47.0012 235.0029 0000933  93.9832 266.1154 14.43572170341941
1 41181U 15081C   22165.56078486  .00000079  00000-0  69069-4 0  9091\
2 41181  47.0012 235.0029 0000933  93.9832 266.1154 14.43572170342054
1 41181U 15081C   22166.46055329  .00000082  00000-0  69882-4 0    12\
2 41181  47.0011 230.8519 0000931 100.8446 259.2538 14.43572549342078
1 41181U 15081C   22166.87583089  .00000099  00000-0  74819-4 0    10\
2 41181  47.0011 228.9361 0000931 103.7858 256.3126 14.43572838342139
1 41181U 15081C   22170.54411427  .00000033  00000-0  55703-4 0    14\
2 41181  47.0005 212.0128 0001021 130.9984 229.0984 14.43574184342663
1 41181U 15081C   22170.82096568  .00000020  00000-0  51705-4 0    14\
2 41181  47.0005 210.7356 0001026 132.9609 227.1357 14.43574234342706
1 41181U 15081C   22171.51309418  .00000029  00000-0  54502-4 0    19\
2 41181  47.0003 207.5425 0001055 137.5502 222.5460 14.43574527342800
1 41181U 15081C   22171.78994548  .00000020  00000-0  51886-4 0  9115\
2 41181  47.0003 206.2652 0001058 139.5808 220.5151 14.43574600342955
1 41181U 15081C   22171.78994548  .00000020  00000-0  51886-4 0    15\
2 41181  47.0003 206.2652 0001058 139.5808 220.5151 14.43574600342843
1 41181U 15081C   22172.55128663  .00000024  00000-0  53019-4 0    12\
2 41181  47.0001 202.7527 0001093 144.2779 215.8174 14.43574884342950
1 41181U 15081C   22172.75892505  .00000014  00000-0  50047-4 0    14\
2 41181  47.0001 201.7948 0001093 145.7429 214.3522 14.43574923342982
1 41181U 15081C   22173.17420190  .00000023  00000-0  52654-4 0  9125\
2 41181  47.0001 199.8787 0001113 148.4571 211.6375 14.43575117343153
1 41181U 15081C   22173.38184033  .00000023  00000-0  52764-4 0    12\
2 41181  47.0001 198.9208 0001123 149.5580 210.5365 14.43575191343074
1 41181U 15081C   22173.79711711  .00000017  00000-0  50999-4 0    17\
2 41181  47.0001 197.0050 0001134 151.9635 208.1306 14.43575325343133
1 41181U 15081C   22174.48924508  .00000008  00000-0  48348-4 0    19\
2 41181  47.0000 193.8118 0001169 155.8200 204.2735 14.43575491343238
1 41181U 15081C   22174.76609618  .00000005  00000-0  47278-4 0    10\
2 41181  47.0000 192.5346 0001180 157.4777 202.6154 14.43575580343277
1 41181U 15081C   22175.45822400 -.00000000  00000-0  45872-4 0  9140\
2 41181  47.0000 189.3414 0001216 161.1665 198.9260 14.43575750343482
1 41181U 15081C   22175.73507502 -.00000002  00000-0  45375-4 0    11\
2 41181  47.0001 188.0641 0001225 162.6986 197.3936 14.43575857343417
1 41181U 15081C   22176.42720260  .00000002  00000-0  46669-4 0    12\
2 41181  47.0001 184.8709 0001260 166.1804 193.9110 14.43576105343517
1 41181U 15081C   22176.70405357 -.00000002  00000-0  45220-4 0  9157\
2 41181  47.0001 183.5937 0001269 167.6385 192.4526 14.43576205343667
1 41181U 15081C   22176.70405357 -.00000002  00000-0  45220-4 0    13\
2 41181  47.0001 183.5937 0001269 167.6385 192.4526 14.43576205343555
1 41181U 15081C   22177.39618091  .00000002  00000-0  46602-4 0    14\
2 41181  47.0001 180.4005 0001302 170.8819 189.2084 14.43576491343654
1 41181U 15081C   22177.74224448 -.00000003  00000-0  45102-4 0  9163\
2 41181  47.0002 178.8040 0001328 172.6602 187.4298 14.43576639343812
1 41181U 15081C   22177.74224448 -.00000003  00000-0  45102-4 0    18\
2 41181  47.0002 178.8040 0001328 172.6602 187.4298 14.43576639343700
1 41181U 15081C   22178.50358429 -.00000006  00000-0  44243-4 0    18\
2 41181  47.0002 175.2915 0001365 175.8895 184.1996 14.43576938343815
1 41181U 15081C   22178.71122235 -.00000010  00000-0  42942-4 0    14\
2 41181  47.0002 174.3336 0001382 177.1254 182.9634 14.43577019343844
1 41181U 15081C   22179.12649857 -.00000022  00000-0  39557-4 0  9171\
2 41181  47.0002 172.4176 0001408 178.9462 181.1421 14.43577102344012
1 41181U 15081C   22179.47256205 -.00000019  00000-0  40305-4 0    13\
2 41181  47.0003 170.8212 0001418 180.3051 179.7828 14.43577247343954
1 41181U 15081C   22179.68020010 -.00000024  00000-0  38897-4 0    18\
2 41181  47.0003 169.8632 0001426 181.3331 178.7545 14.43577310343988
1 41181U 15081C   22180.37232700 -.00000024  00000-0  38960-4 0    18\
2 41181  47.0004 166.6701 0001467 184.1543 175.9324 14.43577532344084
1 41181U 15081C   22180.64917770 -.00000036  00000-0  35435-4 0    12\
2 41181  47.0004 165.3929 0001478 185.5479 174.5384 14.43577575344120
1 41181U 15081C   22181.41051716 -.00000051  00000-0  31097-4 0    14\
2 41181  47.0004 161.8805 0001519 188.4302 171.6552 14.43577726344232
1 41181U 15081C   22182.37949445 -.00000055  00000-0  29889-4 0    15\
2 41181  47.0005 157.4100 0001567 192.1614 167.9228 14.43578008344370
1 41181U 15081C   22182.65634504 -.00000062  00000-0  27662-4 0    18\
2 41181  47.0005 156.1328 0001579 193.4061 166.6777 14.43578062344411
1 41181U 15081C   22183.34847154 -.00000050  00000-0  31335-4 0    11\
2 41181  47.0006 152.9396 0001618 196.1167 163.9661 14.43578307344517
1 41181U 15081C   22184.38666110 -.00000024  00000-0  38793-4 0    13\
2 41181  47.0007 148.1499 0001664 199.8862 160.1953 14.43578701344669
1 41181U 15081C   22185.28642526  .00000002  00000-0  46469-4 0    12\
2 41181  47.0009 143.9989 0001712 203.2536 156.8266 14.43579055344796
1 41181U 15081C   22185.90933876  .00000004  00000-0  46969-4 0    19\
2 41181  47.0010 141.1250 0001744 205.6550 154.4244 14.43579242344884
1 41181U 15081C   22186.32461437  .00000022  00000-0  52507-4 0    10\
2 41181  47.0010 139.2092 0001760 207.1165 152.9623 14.43579484344942
1 41181U 15081C   22186.87831507  .00000025  00000-0  53166-4 0    14\
2 41181  47.0012 136.6547 0001786 209.0725 151.0055 14.43579694345023
1 41181U 15081C   22187.57044086  .00000032  00000-0  55227-4 0    18\
2 41181  47.0014 133.4617 0001815 211.4117 148.6654 14.43579993345123
1 41181U 15081C   22187.57044086  .00000032  00000-0  55227-4 0  9242\
2 41181  47.0014 133.4617 0001815 211.4117 148.6654 14.43579993345235
1 41181U 15081C   22188.26256667  .00000026  00000-0  53601-4 0    12\
2 41181  47.0015 130.2687 0001845 213.6337 146.4426 14.43580169345228
1 41181U 15081C   22188.88547957  .00000067  00000-0  65614-4 0    17\
2 41181  47.0016 127.3948 0001877 215.8067 144.2686 14.43580641345314
1 41181U 15081C   22189.09311723  .00000068  00000-0  65965-4 0  9256\
2 41181  47.0017 126.4369 0001886 216.4066 143.6685 14.43580728345451
1 41181U 15081C   22189.50839241  .00000046  00000-0  59277-4 0    12\
2 41181  47.0017 124.5212 0001907 218.1032 141.9713 14.43580803345405
1 41181U 15081C   22190.13130523  .00000044  00000-0  58922-4 0  9260\
2 41181  47.0018 121.6474 0001932 219.9226 140.1512 14.43581036345605
1 41181U 15081C   22190.54658027  .00000044  00000-0  58705-4 0    12\
2 41181  47.0019 119.7317 0001948 221.4503 138.6229 14.43581248345559
1 41181U 15081C   22190.75421781  .00000045  00000-0  59125-4 0    18\
2 41181  47.0019 118.7737 0001957 222.1648 137.9082 14.43581328345583
1 41181U 15081C   22191.16949288  .00000053  00000-0  61364-4 0  9275\
2 41181  47.0019 116.8579 0001974 223.1678 136.9047 14.43581548345752
1 41181U 15081C   22191.30791786  .00000051  00000-0  60905-4 0    10\
2 41181  47.0019 116.2193 0001977 223.6212 136.4511 14.43581608345668
1 41181U 15081C   22191.51555528  .00000058  00000-0  62971-4 0    17\
2 41181  47.0019 115.2614 0001986 224.3813 135.6907 14.43581767345699
1 41181U 15081C   22192.20768020  .00000067  00000-0  65527-4 0  9285\
2 41181  47.0020 112.0683 0002010 226.4130 133.6583 14.43582088345905
1 41181U 15081C   22192.48453001  .00000070  00000-0  66485-4 0    15\
2 41181  47.0020 110.7910 0002023 227.3578 132.7132 14.43582257345833
1 41181U 15081C   22192.76137989  .00000075  00000-0  67850-4 0    12\
2 41181  47.0020 109.5137 0002035 228.2512 131.8194 14.43582381345871
1 41181U 15081C   22193.45350429  .00000120  00000-0  81140-4 0  9293\
2 41181  47.0021 106.3207 0002064 230.5648 129.5049 14.43582988345970
1 41181U 15081C   22193.86877884  .00000138  00000-0  86416-4 0    18\
2 41181  47.0022 104.4048 0002082 231.7776 128.2916 14.43583304346038
1 41181U 15081C   22194.42247840  .00000105  00000-0  76572-4 0    10\
2 41181  47.0022 101.8504 0002098 233.6087 126.4599 14.43583371346119
1 41181U 15081C   22195.18381510  .00000087  00000-0  71477-4 0  9306\
2 41181  47.0023  98.3379 0002112 235.6211 124.4469 14.43583612346334
1 41181U 15081C   22195.46066466  .00000085  00000-0  70844-4 0    11\
2 41181  47.0024  97.0607 0002123 236.6575 123.4102 14.43583758346267
1 41181U 15081C   22196.42963810  .00000086  00000-0  71166-4 0  9318\
2 41181  47.0025  92.5904 0002149 239.5523 120.5144 14.43584238346517
1 41181U 15081C   22196.42963810  .00000086  00000-0  71166-4 0    16\
2 41181  47.0025  92.5904 0002149 239.5523 120.5144 14.43584238346405
1 41181U 15081C   22197.39861133  .00000093  00000-0  73094-4 0    18\
2 41181  47.0026  88.1201 0002170 242.4525 117.6134 14.43584710346542
1 41181U 15081C   22197.81388544  .00000094  00000-0  73350-4 0    11\
2 41181  47.0027  86.2042 0002184 243.6043 116.4612 14.43584908346602
1 41181U 15081C   22198.09073486  .00000101  00000-0  75434-4 0  9325\
2 41181  47.0027  84.9271 0002182 244.3451 115.7203 14.43585078346753
1 41181U 15081C   22198.36758416  .00000097  00000-0  74449-4 0    14\
2 41181  47.0028  83.6499 0002189 245.2577 114.8075 14.43585229346685
1 41181U 15081C   22198.71364575  .00000102  00000-0  75765-4 0    11\
2 41181  47.0028  82.0533 0002199 246.2227 113.8422 14.43585437346733
1 41181U 15081C   22199.12891968  .00000097  00000-0  74186-4 0  9331\
2 41181  47.0028  80.1375 0002200 247.3944 112.6703 14.43585639346909
1 41181U 15081C   22199.40576887  .00000103  00000-0  76195-4 0    18\
2 41181  47.0029  78.8603 0002209 248.2720 111.7925 14.43585849346830
1 41181U 15081C   22199.82104266  .00000104  00000-0  76357-4 0    13\
2 41181  47.0029  76.9444 0002216 249.2836 110.7806 14.43586081346891
1 41181U 15081C   22200.16710408  .00000110  00000-0  78027-4 0  9342\
2 41181  47.0029  75.3480 0002215 250.4330 109.6311 14.43586320347059
1 41181U 15081C   22200.37474089  .00000103  00000-0  76046-4 0    13\
2 41181  47.0030  74.3901 0002221 251.2235 108.8403 14.43586412346973
1 41181U 15081C   22200.92843909  .00000107  00000-0  77327-4 0    12\
2 41181  47.0030  71.8356 0002227 252.7649 107.2987 14.43586721347053
1 41181U 15081C   22201.34371266  .00000119  00000-0  80746-4 0  9359\
2 41181  47.0030  69.9199 0002230 254.0302 106.0332 14.43587022347226
1 41181U 15081C   22201.34371266  .00000119  00000-0  80746-4 0    13\
2 41181  47.0030  69.9199 0002230 254.0302 106.0332 14.43587022347114
1 41181U 15081C   22201.82819845  .00000098  00000-0  74605-4 0    19\
2 41181  47.0030  67.6846 0002239 255.2766 104.7866 14.43587145347184
1 41181U 15081C   22202.31268423  .00000083  00000-0  70156-4 0    15\
2 41181  47.0030  65.4495 0002247 256.9436 103.1192 14.43587295347250
1 41181U 15081C   22202.86638204  .00000084  00000-0  70365-4 0    16\
2 41181  47.0030  62.8950 0002253 258.5496 101.5131 14.43587587347336
1 41181U 15081C   22203.07401872  .00000080  00000-0  69432-4 0  9365\
2 41181  47.0030  61.9371 0002252 259.2348 100.8278 14.43587680347479
1 41181U 15081C   22203.07401872  .00000080  00000-0  69432-4 0    18\
2 41181  47.0030  61.9371 0002252 259.2348 100.8278 14.43587680347367
1 41181U 15081C   22203.90456531  .00000069  00000-0  66127-4 0    17\
2 41181  47.0030  58.1053 0002267 261.8798  98.1824 14.43588016347489
1 41181U 15081C   22204.11220195  .00000051  00000-0  60738-4 0    19\
2 41181  47.0030  57.1474 0002266 262.5257  97.5365 14.43588016347519
1 41181U 15081C   22204.87353605  .00000027  00000-0  53902-4 0    13\
2 41181  47.0031  53.6349 0002272 264.6634  95.3986 14.43588255347623
1 41181U 15081C   22205.28880912  .00000026  00000-0  53681-4 0  9387\
2 41181  47.0031  51.7191 0002273 265.8634  94.1986 14.43588458347791
1 41181U 15081C   22205.28880912  .00000026  00000-0  53681-4 0    18\
2 41181  47.0031  51.7191 0002273 265.8634  94.1986 14.43588458347689
1 41181U 15081C   22205.84250654  .00000015  00000-0  50272-4 0    15\
2 41181  47.0031  49.1646 0002276 267.2969  92.7650 14.43588615347761
1 41181U 15081C   22206.25777954  .00000023  00000-0  52711-4 0    17\
2 41181  47.0032  47.2488 0002277 268.6385  91.4234 14.43588849347823
1 41181U 15081C   22206.81147690  .00000009  00000-0  48469-4 0  9396\
2 41181  47.0032  44.6942 0002276 270.0924  89.9695 14.43588965348018
1 41181U 15081C   22206.81147690  .00000009  00000-0  48469-4 0    16\
2 41181  47.0032  44.6942 0002276 270.0924  89.9695 14.43588965347905
1 41181U 15081C   22207.57281058 -.00000002  00000-0  45430-4 0    16\
2 41181  47.0032  41.1818 0002279 272.5067  87.5552 14.43589213348013
1 41181U 15081C   22207.84965919 -.00000006  00000-0  44238-4 0    10\
2 41181  47.0032  39.9047 0002274 273.1844  86.8775 14.43589298348053
1 41181U 15081C   22207.98808350 -.00000009  00000-0  43430-4 0  9408\
2 41181  47.0032  39.2661 0002271 273.6731  86.3889 14.43589335348182
1 41181U 15081C   22208.54178059 -.00000018  00000-0  40579-4 0    16\
2 41181  47.0033  36.7115 0002275 275.3182  84.7438 14.43589489348151
1 41181U 15081C   22208.88784132 -.00000027  00000-0  38177-4 0    19\
2 41181  47.0033  35.1151 0002267 276.1292  83.9329 14.43589562348204
1 41181U 15081C   22209.51075050 -.00000031  00000-0  36890-4 0    17\
2 41181  47.0033  32.2413 0002269 278.1939  81.8683 14.43589727348297
1 41181U 15081C   22209.71838689 -.00000036  00000-0  35356-4 0  9418\
2 41181  47.0033  31.2834 0002265 278.7208  81.3415 14.43589765348430
1 41181U 15081C   22209.71838689 -.00000036  00000-0  35356-4 0    15\
2 41181  47.0033  31.2834 0002265 278.7208  81.3415 14.43589765348328
1 41181U 15081C   22210.20287180 -.00000046  00000-0  32596-4 0    19\
2 41181  47.0033  29.0483 0002264 280.2684  79.7940 14.43589846348399
1 41181U 15081C   22210.75656882 -.00000046  00000-0  32440-4 0  9420\
2 41181  47.0033  26.4938 0002256 281.7430  78.3196 14.43589962348589
1 41181U 15081C   22210.82578095 -.00000045  00000-0  32709-4 0    10\
2 41181  47.0033  26.1745 0002253 282.0127  78.0500 14.43589982348483
1 41181U 15081C   22211.51790210 -.00000050  00000-0  31276-4 0    16\
2 41181  47.0033  22.9814 0002249 284.1256  75.9374 14.43590132348580
1 41181U 15081C   22211.79475055 -.00000051  00000-0  31096-4 0  9439\
2 41181  47.0033  21.7042 0002242 284.8962  75.1669 14.43590203348739
1 41181U 15081C   22211.86396267 -.00000051  00000-0  31106-4 0    11\
2 41181  47.0033  21.3850 0002240 285.1374  74.9258 14.43590221348631
1 41181U 15081C   22211.93317478 -.00000052  00000-0  30706-4 0    12\
2 41181  47.0033  21.0657 0002239 285.3479  74.7153 14.43590233348645
1 41181U 15081C   22212.83293212 -.00000057  00000-0  29167-4 0    15\
2 41181  47.0034  16.9147 0002224 288.1372  71.9266 14.43590441348779
1 41181U 15081C   22212.90214422 -.00000059  00000-0  28787-4 0  9444\
2 41181  47.0034  16.5954 0002223 288.3317  71.7321 14.43590454348898
1 41181U 15081C   22213.17899260 -.00000063  00000-0  27435-4 0    11\
2 41181  47.0034  15.3181 0002222 289.1844  70.8795 14.43590506348826
1 41181U 15081C   22213.87111357 -.00000058  00000-0  28901-4 0    15\
2 41181  47.0034  12.1250 0002205 291.2602  68.8042 14.43590666348925
1 41181U 15081C   22214.14796190 -.00000060  00000-0  28480-4 0  9452\
2 41181  47.0034  10.8477 0002204 292.0205  68.0440 14.43590726349076
1 41181U 15081C   22214.42481026 -.00000055  00000-0  29838-4 0    17\
2 41181  47.0034   9.5704 0002200 292.8161  67.2486 14.43590784349007
1 41181U 15081C   22214.84008276 -.00000051  00000-0  31117-4 0    14\
2 41181  47.0034   7.6546 0002189 293.7501  66.3148 14.43590897349060
1 41181U 15081C   22215.39377938 -.00000046  00000-0  32594-4 0  9461\
2 41181  47.0034   5.1001 0002185 295.3016  64.7637 14.43591032349252
1 41181U 15081C   22215.39377938 -.00000046  00000-0  32594-4 0    13\
2 41181  47.0034   5.1001 0002185 295.3016  64.7637 14.43591032349140
1 41181U 15081C   22215.80905192 -.00000050  00000-0  31427-4 0    17\
2 41181  47.0034   3.1843 0002168 296.4580  63.6077 14.43591086349203
1 41181U 15081C   22216.36274851 -.00000051  00000-0  31141-4 0    14\
2 41181  47.0035   0.6297 0002160 298.3216  61.7445 14.43591194349284
1 41181U 15081C   22216.77802097 -.00000052  00000-0  30696-4 0  9472\
2 41181  47.0035 358.7140 0002142 299.4511  60.6155 14.43591273349451
1 41181U 15081C   22216.84723304 -.00000053  00000-0  30367-4 0    10\
2 41181  47.0035 358.3947 0002140 299.6778  60.3889 14.43591283349358
1 41181U 15081C   22217.40092954 -.00000051  00000-0  31082-4 0    16\
2 41181  47.0035 355.8402 0002130 301.3259  58.7412 14.43591415349439
1 41181U 15081C   22217.81620188 -.00000045  00000-0  32638-4 0  9488\
2 41181  47.0035 353.9244 0002114 302.6587  57.4088 14.43591541349606
1 41181U 15081C   22217.81620188 -.00000045  00000-0  32638-4 0    18\
2 41181  47.0035 353.9244 0002114 302.6587  57.4088 14.43591541349493
1 41181U 15081C   22218.43911037 -.00000048  00000-0  31874-4 0    17\
2 41181  47.0035 351.0506 0002099 304.4478  55.6203 14.43591646349589
1 41181U 15081C   22218.78517065 -.00000038  00000-0  34816-4 0    16\
2 41181  47.0035 349.4542 0002088 305.6180  54.4505 14.43591765349631
1 41181U 15081C   22219.40807907 -.00000031  00000-0  36984-4 0  9495\
2 41181  47.0035 346.5804 0002074 307.3055  52.7635 14.43591920349835
1 41181U 15081C   22219.40807907 -.00000031  00000-0  36984-4 0    14\
2 41181  47.0035 346.5804 0002074 307.3055  52.7635 14.43591920349723
1 41181U 15081C   22219.75413925 -.00000012  00000-0  42516-4 0    12\
2 41181  47.0035 344.9840 0002060 308.4644  51.6050 14.43592107349778
1 41181U 15081C   22220.37704729  .00000026  00000-0  53523-4 0    11\
2 41181  47.0035 342.1102 0002041 310.5611  49.5091 14.43592539349866
1 41181U 15081C   22220.72310740  .00000025  00000-0  53240-4 0  9504\
2 41181  47.0035 340.5138 0002025 311.7858  48.2849 14.43592637350021
1 41181U 15081C   22220.72310740  .00000025  00000-0  53240-4 0    11\
2 41181  47.0035 340.5138 0002025 311.7858  48.2849 14.43592637349917
1 41181U 15081C   22221.34601534  .00000027  00000-0  53836-4 0    17\
2 41181  47.0034 337.6400 0002005 313.5441  46.5272 14.43592874350007
1 41181U 15081C   22222.03813522  .00000025  00000-0  53384-4 0  9516\
2 41181  47.0034 334.4471 0001981 315.8740  44.1981 14.43593130350219
1 41181U 15081C   22222.45340718  .00000021  00000-0  52026-4 0    18\
2 41181  47.0033 332.5311 0001957 317.1098  42.9629 14.43593212350164
1 41181U 15081C   22222.73025516  .00000019  00000-0  51368-4 0    10\
2 41181  47.0032 331.2541 0001947 318.0191  42.0539 14.43593273350200
1 41181U 15081C   22223.49158685  .00000016  00000-0  50558-4 0    15\
2 41181  47.0032 327.7416 0001911 320.3904  39.6835 14.43593502350318
1 41181U 15081C   22223.76843472  .00000016  00000-0  50734-4 0  9521\
2 41181  47.0032 326.4645 0001904 321.2355  38.8388 14.43593593350460
1 41181U 15081C   22224.39134220  .00000029  00000-0  54290-4 0    15\
2 41181  47.0031 323.5906 0001880 322.8348  37.2401 14.43593890350446
1 41181U 15081C   22224.66819004  .00000021  00000-0  52161-4 0    12\
2 41181  47.0030 322.3135 0001867 323.9260  36.1494 14.43593934350489
1 41181U 15081C   22225.42952124  .00000015  00000-0  50423-4 0    10\
2 41181  47.0029 318.8010 0001839 326.0328  34.0434 14.43594210350598
1 41181U 15081C   22225.70636894  .00000015  00000-0  50217-4 0    15\
2 41181  47.0029 317.5238 0001824 327.1772  32.8995 14.43594314350633
1 41181U 15081C   22226.46769996  .00000004  00000-0  47018-4 0  9549\
2 41181  47.0028 314.0113 0001786 329.3911  30.6864 14.43594547350855
1 41181U 15081C   22226.46769996  .00000004  00000-0  47018-4 0    12\
2 41181  47.0028 314.0113 0001786 329.3911  30.6864 14.43594547350743
1 41181U 15081C   22226.74454757  .00000005  00000-0  47319-4 0    14\
2 41181  47.0027 312.7342 0001775 330.5512  29.5267 14.43594667350781
1 41181U 15081C   22227.50587848  .00000011  00000-0  49073-4 0  9551\
2 41181  47.0027 309.2219 0001744 333.2051  26.8738 14.43594953351006
1 41181U 15081C   22227.50587848  .00000011  00000-0  49073-4 0    13\
2 41181  47.0027 309.2219 0001744 333.2051  26.8738 14.43594953350892
1 41181U 15081C   22227.71351415  .00000011  00000-0  49220-4 0    19\
2 41181  47.0026 308.2640 0001736 334.0047  26.0745 14.43595026350929
1 41181U 15081C   22228.54405678  .00000028  00000-0  54004-4 0    16\
2 41181  47.0025 304.4323 0001689 337.1118  22.9686 14.43595381351041
1 41181U 15081C   22228.61326871  .00000028  00000-0  54181-4 0  9566\
2 41181  47.0025 304.1130 0001686 337.8101  22.2705 14.43595402351162
1 41181U 15081C   22228.61326871  .00000028  00000-0  54181-4 0    17\
2 41181  47.0025 304.1130 0001686 337.8101  22.2705 14.43595402351050
1 41181U 15081C   22229.51302295  .00000039  00000-0  57333-4 0    15\
2 41181  47.0023 299.9620 0001644 341.0684  19.0134 14.43595791351185
1 41181U 15081C   22229.92829401  .00000035  00000-0  56261-4 0  9578\
2 41181  47.0023 298.0462 0001627 342.5879  17.4945 14.43595956351356
1 41181U 15081C   22230.48198877  .00000031  00000-0  55051-4 0    19\
2 41181  47.0021 295.4917 0001595 344.7422  15.3409 14.43596123351328
1 41181U 15081C   22230.62041247  .00000030  00000-0  54628-4 0    11\
2 41181  47.0021 294.8531 0001592 345.3890  14.6943 14.43596163351347
1 41181U 15081C   22231.45095440  .00000021  00000-0  52129-4 0  9582\
2 41181  47.0019 291.0213 0001551 348.5176  11.5668 14.43596402351578
1 41181U 15081C   22231.45095440  .00000021  00000-0  52129-4 0    11\
2 41181  47.0019 291.0213 0001551 348.5176  11.5668 14.43596402351466
1 41181U 15081C   22232.55834345  .00000011  00000-0  49231-4 0    17\
2 41181  47.0017 285.9124 0001496 352.9378   7.1481 14.43596701351622
1 41181U 15081C   22232.83519066 -.00000002  00000-0  45357-4 0  9596\
2 41181  47.0016 284.6351 0001487 353.8033   6.2828 14.43596726351775
1 41181U 15081C   22232.83519066 -.00000002  00000-0  45357-4 0    14\
2 41181  47.0016 284.6351 0001487 353.8033   6.2828 14.43596726351663
1 41181U 15081C   22233.25046143  .00000009  00000-0  48702-4 0    15\
2 41181  47.0015 282.7191 0001461 355.4327   4.6539 14.43596916351728
1 41181U 15081C   22233.52730865  .00000008  00000-0  48356-4 0    10\
2 41181  47.0015 281.4419 0001451 356.7003   3.3867 14.43596991351768
1 41181U 15081C   22234.28863823 -.00000009  00000-0  43310-4 0  9606\
2 41181  47.0013 277.9293 0001407 359.8303   0.2576 14.43597169351989
1 41181U 15081C   22234.28863823 -.00000009  00000-0  43310-4 0    12\
2 41181  47.0013 277.9293 0001407 359.8303   0.2576 14.43597169351877
1 41181U 15081C   22234.84233243 -.00000026  00000-0  38342-4 0    19\
2 41181  47.0013 275.3748 0001390   2.0099 358.0786 14.43597259351950
1 41181U 15081C   22235.46523840 -.00000041  00000-0  33841-4 0  9614\
2 41181  47.0012 272.5009 0001352   4.9608 355.1285 14.43597336352154
1 41181U 15081C   22235.81129721 -.00000039  00000-0  34675-4 0    11\
2 41181  47.0011 270.9043 0001336   6.3420 353.7476 14.43597454352093
1 41181U 15081C   22236.50341484 -.00000041  00000-0  33831-4 0  9622\
2 41181  47.0010 267.7110 0001301   9.5701 350.5203 14.43597588352305
1 41181U 15081C   22236.50341484 -.00000041  00000-0  33831-4 0    16\
2 41181  47.0010 267.7110 0001301   9.5701 350.5203 14.43597588352192
1 41181U 15081C   22237.47237940 -.00000049  00000-0  31584-4 0    15\
2 41181  47.0010 263.2406 0001259  14.1590 345.9325 14.43597773352336
1 41181U 15081C   22237.74922637 -.00000059  00000-0  28771-4 0  9631\
2 41181  47.0009 261.9632 0001243  15.2475 344.8442 14.43597791352481
1 41181U 15081C   22238.51055556 -.00000067  00000-0  26284-4 0    13\
2 41181  47.0008 258.4506 0001200  19.5761 340.5165 14.43597897352481
1 41181U 15081C   22238.78740247 -.00000070  00000-0  25330-4 0  9643\
2 41181  47.0008 257.1733 0001189  20.7840 339.3088 14.43597959352633
1 41181U 15081C   22239.41030805 -.00000068  00000-0  25913-4 0    12\
2 41181  47.0007 254.2993 0001157  24.3803 335.7132 14.43598091352618
1 41181U 15081C   22239.75636664 -.00000068  00000-0  26093-4 0    14\
2 41181  47.0007 252.7027 0001139  26.2300 333.8637 14.43598188352663
1 41181U 15081C   22240.44848385 -.00000056  00000-0  29466-4 0  9650\
2 41181  47.0007 249.5095 0001102  30.3966 329.6978 14.43598363352875
1 41181U 15081C   22240.72533067 -.00000057  00000-0  29392-4 0    19\
2 41181  47.0007 248.2322 0001091  31.7438 328.3507 14.43598433352805
1 41181U 15081C   22241.41744778 -.00000045  00000-0  32743-4 0    10\
2 41181  47.0006 245.0390 0001046  36.4919 323.6032 14.43598607352905
1 41181U 15081C   22241.69429454 -.00000046  00000-0  32610-4 0  9665\
2 41181  47.0006 243.7617 0001032  38.1126 321.9826 14.43598688353054
1 41181U 15081C   22241.69429454 -.00000046  00000-0  32610-4 0    15\
2 41181  47.0006 243.7617 0001032  38.1126 321.9826 14.43598688352941
1 41181U 15081C   22242.45562324 -.00000043  00000-0  33486-4 0    13\
2 41181  47.0005 240.2491 0001006  43.0788 317.0170 14.43598849353052
1 41181U 15081C   22242.73246994 -.00000043  00000-0  33269-4 0  9676\
2 41181  47.0005 238.9718 0000989  44.8042 315.2917 14.43598928353203
1 41181U 15081C   22242.73246994 -.00000043  00000-0  33269-4 0    15\
2 41181  47.0005 238.9718 0000989  44.8042 315.2917 14.43598928353090
1 41181U 15081C   22243.42458684 -.00000042  00000-0  33694-4 0    14\
2 41181  47.0005 235.7786 0000977  49.4343 310.6621 14.43599068353190
1 41181U 15081C   22244.11670353 -.00000038  00000-0  34727-4 0  9685\
2 41181  47.0005 232.5852 0000952  54.1748 305.9220 14.43599250353403
1 41181U 15081C   22244.46276189  .00000008  00000-0  48239-4 0    19\
2 41181  47.0005 230.9887 0000959  56.1755 303.9215 14.43599571353341
1 41181U 15081C   22245.43172517  .00000007  00000-0  47867-4 0  9695\
2 41181  47.0005 226.5182 0000942  62.8725 297.2250 14.43599755353598
1 41181U 15081C   22245.43172517  .00000007  00000-0  47867-4 0    12\
2 41181  47.0005 226.5182 0000942  62.8725 297.2250 14.43599755353486
1 41181U 15081C   22245.63936009  .00000008  00000-0  48219-4 0    11\
2 41181  47.0006 225.5602 0000941  64.1721 295.9256 14.43599828353519
1 41181U 15081C   22246.40068813  .00000028  00000-0  54058-4 0    16\
2 41181  47.0006 222.0477 0000929  69.7675 290.3305 14.43600135353626
1 41181U 15081C   22247.16201586  .00000010  00000-0  48850-4 0  9705\
2 41181  47.0007 218.5350 0000917  75.7120 284.3862 14.43600325353842
1 41181U 15081C   22247.36965070  .00000012  00000-0  49400-4 0    11\
2 41181  47.0007 217.5771 0000918  77.0395 283.0587 14.43600408353761
1 41181U 15081C   22247.64649696  .00000061  00000-0  63898-4 0    16\
2 41181  47.0008 216.2999 0000915  78.9292 281.1691 14.43600826353807
1 41181U 15081C   22248.20018952  .00000071  00000-0  66667-4 0  9718\
2 41181  47.0009 213.7452 0000903  84.0011 276.0972 14.43601128353999
1 41181U 15081C   22248.33861267  .00000072  00000-0  67039-4 0    16\
2 41181  47.0009 213.1066 0000907  84.9279 275.1704 14.43601198353904
1 41181U 15081C   22249.30757445  .00000076  00000-0  68276-4 0  9721\
2 41181  47.0010 208.6361 0000896  93.0323 267.0659 14.43601666354158
1 41181U 15081C   22249.30757445  .00000076  00000-0  68276-4 0    14\
2 41181  47.0010 208.6361 0000896  93.0323 267.0659 14.43601666354046
1 41181U 15081C   22250.13811290  .00000076  00000-0  68029-4 0    12\
2 41181  47.0011 204.8042 0000908  99.5690 260.5292 14.43602057354162
1 41181U 15081C   22250.89943963  .00000067  00000-0  65537-4 0    19\
2 41181  47.0012 201.2917 0000923 105.1757 254.9224 14.43602390354274
1 41181U 15081C   22251.10707419  .00000068  00000-0  65829-4 0  9731\
2 41181  47.0012 200.3338 0000926 106.9935 253.1046 14.43602490354411
1 41181U 15081C   22251.31470871  .00000066  00000-0  65218-4 0    15\
2 41181  47.0012 199.3759 0000932 108.3634 251.7347 14.43602587354330
1 41181U 15081C   22251.86840054  .00000059  00000-0  63234-4 0    17\
2 41181  47.0012 196.8213 0000940 112.6298 247.4681 14.43602858354413
1 41181U 15081C   22252.14524645  .00000055  00000-0  61918-4 0  9746\
2 41181  47.0012 195.5440 0000950 114.8412 245.2567 14.43602981354566
1 41181U 15081C   22252.28366935  .00000069  00000-0  66147-4 0    12\
2 41181  47.0012 194.9055 0000959 115.6569 244.4410 14.43603151354470
1 41181U 15081C   22253.18341835  .00000062  00000-0  64178-4 0  9759\
2 41181  47.0012 190.7544 0000986 122.1233 237.9743 14.43603552354716
1 41181U 15081C   22253.25262981  .00000062  00000-0  63986-4 0    17\
2 41181  47.0012 190.4350 0000990 122.4141 237.6834 14.43603580354612
1 41181U 15081C   22254.29080122  .00000087  00000-0  71400-4 0  9765\
2 41181  47.0013 185.6453 0001025 129.5827 230.5143 14.43604239354877
1 41181U 15081C   22254.29080122  .00000087  00000-0  71400-4 0    14\
2 41181  47.0013 185.6453 0001025 129.5827 230.5143 14.43604239354765
1 41181U 15081C   22255.19054940  .00000130  00000-0  83846-4 0    19\
2 41181  47.0013 181.4941 0001063 135.6733 224.4231 14.43604938354897
1 41181U 15081C   22255.81345175  .00000141  00000-0  87061-4 0  9778\
2 41181  47.0014 178.6202 0001090 139.5705 220.5255 14.43605348355090
1 41181U 15081C   22255.81345175  .00000141  00000-0  87061-4 0    16\
2 41181  47.0014 178.6202 0001090 139.5705 220.5255 14.43605348354987
1 41181U 15081C   22256.50556530  .00000156  00000-0  91474-4 0    11\
2 41181  47.0015 175.4271 0001130 143.2836 216.8121 14.43605848355088
1 41181U 15081C   22256.85162192  .00000169  00000-0  95478-4 0    18\
2 41181  47.0015 173.8304 0001150 145.4825 214.6129 14.43606132355138
1 41181U 15081C   22257.12846734  .00000167  00000-0  94777-4 0  9782\
2 41181  47.0015 172.5532 0001164 146.8499 213.2454 14.43606252355289
1 41181U 15081C   22257.19767866  .00000168  00000-0  94929-4 0    14\
2 41181  47.0015 172.2339 0001168 147.0956 212.9996 14.43606298355182
1 41181U 15081C   22257.82058038  .00000175  00000-0  96952-4 0    14\
2 41181  47.0015 169.3600 0001200 150.9787 209.1160 14.43606729355272
1 41181U 15081C   22258.16663680  .00000216  00000-0  10912-3 0  9798\
2 41181  47.0016 167.7636 0001221 152.4669 207.6275 14.43607187355430
1 41181U 15081C   22258.44348187  .00000210  00000-0  10734-3 0    13\
2 41181  47.0016 166.4863 0001232 154.0906 206.0036 14.43607359355363
1 41181U 15081C   22258.78953835  .00000179  00000-0  98135-4 0    18\
2 41181  47.0016 164.8897 0001253 156.0987 203.9950 14.43607363355418
1 41181U 15081C   22259.13559468  .00000175  00000-0  96955-4 0    16\
2 41181  47.0016 163.2932 0001270 158.0738 202.0196 14.43607563355465
1 41181U 15081C   22259.68928459  .00000166  00000-0  94485-4 0  9808\
2 41181  47.0016 160.7387 0001300 160.8935 199.1994 14.43607910355654
1 41181U 15081C   22259.68928459  .00000166  00000-0  94485-4 0    12\
2 41181  47.0016 160.7387 0001300 160.8935 199.1994 14.43607910355542
1 41181U 15081C   22260.10455210  .00000117  00000-0  80009-4 0    14\
2 41181  47.0016 158.8229 0001331 162.4915 197.6010 14.43607911355605
1 41181U 15081C   22261.07350901  .00000095  00000-0  73562-4 0  9810\
2 41181  47.0015 154.3525 0001384 167.4228 192.6687 14.43608442355856
1 41181U 15081C   22261.07350901  .00000095  00000-0  73562-4 0    13\
2 41181  47.0015 154.3525 0001384 167.4228 192.6687 14.43608442355744
1 41181U 15081C   22262.11167676  .00000085  00000-0  70755-4 0  9822\
2 41181  47.0015 149.5628 0001441 172.3953 187.6949 14.43609018356003
1 41181U 15081C   22262.11167676  .00000085  00000-0  70755-4 0    14\
2 41181  47.0015 149.5628 0001441 172.3953 187.6949 14.43609018355899
1 41181U 15081C   22262.73457726  .00000069  00000-0  66014-4 0    15\
2 41181  47.0014 146.6888 0001483 175.4996 184.5897 14.43609256355983
1 41181U 15081C   22263.35747762  .00000074  00000-0  67582-4 0  9832\
2 41181  47.0013 143.8150 0001518 178.1984 181.8901 14.43609638356182
1 41181U 15081C   22263.35747762  .00000074  00000-0  67582-4 0    13\
2 41181  47.0013 143.8150 0001518 178.1984 181.8901 14.43609638356070
1 41181U 15081C   22264.81091131  .00000079  00000-0  68928-4 0  9847\
2 41181  47.0012 137.1092 0001602 184.6346 175.4519 14.43610388356391
1 41181U 15081C   22264.81091131  .00000079  00000-0  68928-4 0    17\
2 41181  47.0012 137.1092 0001602 184.6346 175.4519 14.43610388356289
1 41181U 15081C   22265.36460020  .00000085  00000-0  70739-4 0    15\
2 41181  47.0012 134.5546 0001624 187.0552 173.0305 14.43610671356365
1 41181U 15081C   22266.05671121  .00000087  00000-0  71261-4 0  9852\
2 41181  47.0012 131.3614 0001672 189.5030 170.5818 14.43610968356570
1 41181U 15081C   22266.05671121  .00000087  00000-0  71261-4 0    11\
2 41181  47.0012 131.3614 0001672 189.5030 170.5818 14.43610968356468
1 41181U 15081C   22267.02566632  .00000090  00000-0  72334-4 0    15\
2 41181  47.0011 126.8909 0001729 193.4039 166.6795 14.43611394356609
1 41181U 15081C   22267.85619899  .00000109  00000-0  77800-4 0  9866\
2 41181  47.0012 123.0589 0001775 196.4598 163.6224 14.43611876356831
1 41181U 15081C   22267.85619899  .00000109  00000-0  77800-4 0    14\
2 41181  47.0012 123.0589 0001775 196.4598 163.6224 14.43611876356729
1 41181U 15081C   22268.27146526  .00000092  00000-0  72875-4 0    11\
2 41181  47.0011 121.1429 0001790 198.5649 161.5165 14.43611972356781
1 41181U 15081C   22268.89436456  .00000091  00000-0  72413-4 0    10\
2 41181  47.0011 118.2689 0001836 200.5130 159.5676 14.43612238356876
1 41181U 15081C   22269.30963066  .00000068  00000-0  65822-4 0  9872\
2 41181  47.0012 116.3530 0001858 202.0933 157.9867 14.43612336357046
1 41181U 15081C   22269.30963066  .00000068  00000-0  65822-4 0    19\
2 41181  47.0012 116.3530 0001858 202.0933 157.9867 14.43612336356933
1 41181U 15081C   22269.72489675  .00000070  00000-0  66511-4 0    13\
2 41181  47.0012 114.4370 0001887 203.5452 156.5341 14.43612527356998
1 41181U 15081C   22270.27858462  .00000095  00000-0  73720-4 0    16\
2 41181  47.0012 111.8825 0001914 205.6049 154.4736 14.43612963357079
1 41181U 15081C   22270.83227253  .00000093  00000-0  73021-4 0  9882\
2 41181  47.0013 109.3279 0001942 207.5532 152.5245 14.43613195357267
1 41181U 15081C   22270.83227253  .00000093  00000-0  73021-4 0    18\
2 41181  47.0013 109.3279 0001942 207.5532 152.5245 14.43613195357155
1 41181U 15081C   22270.97069454  .00000108  00000-0  77432-4 0    17\
2 41181  47.0012 108.6893 0001952 207.8279 152.2496 14.43613321357178
1 41181U 15081C   22271.66280417  .00000092  00000-0  72818-4 0    13\
2 41181  47.0012 105.4959 0001996 210.3568 149.7197 14.43613580357271
1 41181U 15081C   22271.93964801  .00000098  00000-0  74490-4 0  9898\
2 41181  47.0013 104.2187 0002005 211.3725 148.7035 14.43613741357426
1 41181U 15081C   22272.56254649  .00000129  00000-0  83720-4 0    16\
2 41181  47.0012 101.3445 0002046 213.6858 146.3891 14.43614211357402
1 41181U 15081C   22273.53149935  .00000169  00000-0  95297-4 0  9908\
2 41181  47.0013  96.8739 0002098 216.9455 143.1280 14.43614947357653
1 41181U 15081C   22273.53149935  .00000169  00000-0  95297-4 0    11\
2 41181  47.0013  96.8739 0002098 216.9455 143.1280 14.43614947357541
1 41181U 15081C   22273.80834294  .00000158  00000-0  92056-4 0    18\
2 41181  47.0013  95.5966 0002102 218.0002 142.0730 14.43615054357588
1 41181U 15081C   22274.56966269  .00000161  00000-0  92953-4 0    10\
2 41181  47.0013  92.0838 0002144 220.5786 139.4934 14.43615468357698
1 41181U 15081C   22274.56966269  .00000161  00000-0  92953-4 0  9918\
2 41181  47.0013  92.0838 0002144 220.5786 139.4934 14.43615468357801
1 41181U 15081C   22274.84650611  .00000179  00000-0  98112-4 0    14\
2 41181  47.0013  90.8066 0002152 221.5289 138.5427 14.43615734357733
1 41181U 15081C   22275.53861469  .00000179  00000-0  98285-4 0    17\
2 41181  47.0014  87.6130 0002192 223.9384 136.1321 14.43616097357837
1 41181U 15081C   22275.81545791  .00000204  00000-0  10566-3 0  9928\
2 41181  47.0014  86.3358 0002211 224.7415 135.3287 14.43616435357985
1 41181U 15081C   22275.81545791  .00000204  00000-0  10566-3 0    19\
2 41181  47.0014  86.3358 0002211 224.7415 135.3287 14.43616435357873
1 41181U 15081C   22276.50756599  .00000262  00000-0  12252-3 0    14\
2 41181  47.0015  83.1424 0002238 227.1963 132.8728 14.43617206357977
1 41181U 15081C   22276.85361980  .00000296  00000-0  13237-3 0    19\
2 41181  47.0015  81.5458 0002257 228.1937 131.8750 14.43617675358020
1 41181U 15081C   22276.85361980  .00000296  00000-0  13237-3 0  9939\
2 41181  47.0015  81.5458 0002257 228.1937 131.8750 14.43617675358132
1 41181U 15081C   22277.47651666  .00000321  00000-0  13965-3 0    18\
2 41181  47.0016  78.6717 0002284 230.4100 129.6578 14.43618286358116
1 41181U 15081C   22277.75335953  .00000333  00000-0  14335-3 0    12\
2 41181  47.0017  77.3944 0002290 231.3201 128.7474 14.43618619358153
1 41181U 15081C   22278.16862384  .00000328  00000-0  14183-3 0  9947\
2 41181  47.0018  75.4785 0002308 232.8114 127.2555 14.43618961358328
1 41181U 15081C   22278.16862384  .00000328  00000-0  14183-3 0    16\
2 41181  47.0018  75.4785 0002308 232.8114 127.2555 14.43618961358216
1 41181U 15081C   22278.79152010  .00000345  00000-0  14667-3 0    19\
2 41181  47.0019  72.6045 0002324 234.8292 125.2370 14.43619595358309
1 41181U 15081C   22279.48362660  .00000387  00000-0  15898-3 0    13\
2 41181  47.0019  69.4112 0002362 237.2224 122.8428 14.43620493358409
1 41181U 15081C   22279.69125852  .00000391  00000-0  16007-3 0  9956\
2 41181  47.0020  68.4533 0002361 237.8891 122.1759 14.43620722358542
1 41181U 15081C   22279.69125852  .00000391  00000-0  16007-3 0    14\
2 41181  47.0020  68.4533 0002361 237.8891 122.1759 14.43620722358430
1 41181U 15081C   22280.38336448  .00000453  00000-0  17817-3 0    16\
2 41181  47.0022  65.2600 0002387 240.3851 119.6791 14.43621800358531
1 41181U 15081C   22280.79862790  .00000425  00000-0  17013-3 0  9965\
2 41181  47.0022  63.3442 0002391 241.6070 118.4569 14.43622137358709
1 41181U 15081C   22280.79862790  .00000425  00000-0  17013-3 0    12\
2 41181  47.0022  63.3442 0002391 241.6070 118.4569 14.43622137358596
1 41181U 15081C   22281.42152265  .00000393  00000-0  16067-3 0    14\
2 41181  47.0024  60.4703 0002412 243.8225 116.2407 14.43622725358686
1 41181U 15081C   22281.69836466  .00000442  00000-0  17513-3 0    17\
2 41181  47.0025  59.1930 0002418 244.6973 115.3657 14.43623336358720
1 41181U 15081C   22282.11362752  .00000453  00000-0  17818-3 0  9971\
2 41181  47.0026  57.2772 0002428 246.1378 113.9247 14.43623943358892
1 41181U 15081C   22282.11362752  .00000453  00000-0  17818-3 0    17\
2 41181  47.0026  57.2772 0002428 246.1378 113.9247 14.43623943358780
1 41181U 15081C   22282.80573200  .00000446  00000-0  17623-3 0    11\
2 41181  47.0028  54.0841 0002448 248.4085 111.6534 14.43624788358889
1 41181U 15081C   22283.49783596  .00000467  00000-0  18225-3 0  9985\
2 41181  47.0029  50.8908 0002471 250.6354 109.4259 14.43625809359096
1 41181U 15081C   22283.84388778  .00000451  00000-0  17766-3 0    14\
2 41181  47.0030  49.2944 0002484 251.8088 108.2522 14.43626183359031
1 41181U 15081C   22284.46678090  .00000448  00000-0  17681-3 0    14\
2 41181  47.0031  46.4204 0002507 253.8293 106.2311 14.43626954359126
1 41181U 15081C   22284.74362213  .00000444  00000-0  17569-3 0  9999\
2 41181  47.0031  45.1432 0002507 254.7507 105.3096 14.43627312359278
1 41181U 15081C   22284.81283242  .00000442  00000-0  17503-3 0    11\
2 41181  47.0031  44.8239 0002510 254.9788 105.0814 14.43627390359176
1 41181U 15081C   22285.50493527  .00000430  00000-0  17149-3 0    10\
2 41181  47.0032  41.6306 0002528 257.2117 102.8481 14.43628221359278
1 41181U 15081C   22285.78177641  .00000391  00000-0  16012-3 0    09\
2 41181  47.0032  40.3534 0002534 258.1442 101.9153 14.43628345359425
1 41181U 15081C   22285.78177641  .00000391  00000-0  16012-3 0    10\
2 41181  47.0032  40.3534 0002534 258.1442 101.9153 14.43628345359313
1 41181U 15081C   22286.40466863  .00000360  00000-0  15104-3 0    14\
2 41181  47.0033  37.4795 0002551 260.1802  99.8790 14.43628933359407
1 41181U 15081C   22286.75071968  .00000342  00000-0  14588-3 0    15\
2 41181  47.0034  35.8830 0002551 261.3461  98.7130 14.43629279359459
1 41181U 15081C   22287.02756043  .00000331  00000-0  14274-3 0    32\
2 41181  47.0035  34.6057 0002553 262.2654  97.7935 14.43629585359603
1 41181U 15081C   22287.58124187  .00000357  00000-0  15029-3 0    16\
2 41181  47.0035  32.0512 0002550 264.1231  95.9358 14.43630370359579
1 41181U 15081C   22287.71966215  .00000349  00000-0  14773-3 0    13\
2 41181  47.0036  31.4127 0002546 264.6420  95.4169 14.43630507359594
1 41181U 15081C   22288.55018382  .00000319  00000-0  13910-3 0    41\
2 41181  47.0037  27.5809 0002560 267.3680  92.6906 14.43631283359828
1 41181U 15081C   22288.55018382  .00000319  00000-0  13910-3 0    18\
2 41181  47.0037  27.5809 0002560 267.3680  92.6906 14.43631283359716
1 41181U 15081C   22288.68860406  .00000296  00000-0  13237-3 0    10\
2 41181  47.0037  26.9424 0002559 267.8403  92.2183 14.43631320359735
1 41181U 15081C   22289.38070506  .00000290  00000-0  13053-3 0    12\
2 41181  47.0037  23.7492 0002564 270.0196  90.0389 14.43632033359833
1 41181U 15081C   22289.65754542  .00000275  00000-0  12634-3 0    52\
2 41181  47.0037  22.4721 0002562 270.9635  89.0951 14.43632243359981
1 41181U 15081C   22289.65754542  .00000275  00000-0  12634-3 0    18\
2 41181  47.0037  22.4721 0002562 270.9635  89.0951 14.43632243359879
1 41181U 15081C   22290.55727605  .00000251  00000-0  11932-3 0    13\
2 41181  47.0037  18.3210 0002571 273.8724  86.1862 14.43633059360009
1 41181U 15081C   22290.69569614  .00000245  00000-0  11734-3 0    60\
2 41181  47.0037  17.6824 0002572 274.3751  85.6835 14.43633163360133
1 41181U 15081C   22290.69569614  .00000245  00000-0  11734-3 0    15\
2 41181  47.0037  17.6824 0002572 274.3751  85.6835 14.43633163360021
1 41181U 15081C   22291.52621635  .00000231  00000-0  11344-3 0    12\
2 41181  47.0038  13.8507 0002577 277.1733  82.8854 14.43633885360148
1 41181U 15081C   22291.59542640  .00000226  00000-0  11202-3 0    14\
2 41181  47.0038  13.5314 0002574 277.5453  82.5134 14.43633920360150
1 41181U 15081C   22291.94147634  .00000220  00000-0  11017-3 0    71\
2 41181  47.0038  11.9349 0002578 278.7699  81.2888 14.43634217360319
1 41181U 15081C   22292.49515633  .00000202  00000-0  10503-3 0    13\
2 41181  47.0037   9.3803 0002568 280.4889  79.5701 14.43634546360289
1 41181U 15081C   22292.70278626  .00000187  00000-0  10062-3 0    17\
2 41181  47.0037   8.4225 0002570 281.2142  78.8449 14.43634637360317
1 41181U 15081C   22293.46409590  .00000171  00000-0  95755-4 0    80\
2 41181  47.0036   4.9100 0002566 283.5982  76.4612 14.43635115360533
1 41181U 15081C   22293.46409590  .00000171  00000-0  95755-4 0    13\
2 41181  47.0036   4.9100 0002566 283.5982  76.4612 14.43635115360421
1 41181U 15081C   22294.50224509  .00000130  00000-0  83939-4 0    10\
2 41181  47.0035   0.1202 0002560 287.0793  72.9807 14.43635612360579
1 41181U 15081C   22294.64066495  .00000127  00000-0  82890-4 0    14\
2 41181  47.0035 359.4816 0002558 287.5698  72.4902 14.43635686360590
1 41181U 15081C   22295.33276409  .00000138  00000-0  86180-4 0    17\
2 41181  47.0034 356.2884 0002548 289.7858  70.2747 14.43636202360699
1 41181U 15081C   22295.88644313  .00000154  00000-0  90764-4 0    11\
2 41181  47.0034 353.7339 0002543 291.6973  68.3635 14.43636679360772
1 41181U 15081C   22295.88644313  .00000154  00000-0  90764-4 0   101\
2 41181  47.0034 353.7339 0002543 291.6973  68.3635 14.43636679360884
1 41181U 15081C   22296.50933215  .00000145  00000-0  88243-4 0    12\
2 41181  47.0034 350.8601 0002523 293.8123  66.2492 14.43636974360867
1 41181U 15081C   22296.57854202  .00000146  00000-0  88407-4 0    10\
2 41181  47.0033 350.5407 0002522 294.0856  65.9760 14.43637021360871
1 41181U 15081C   22297.13222092  .00000147  00000-0  88789-4 0   114\
2 41181  47.0033 347.9861 0002515 295.9322  64.1298 14.43637347361065
1 41181U 15081C   22297.47827022  .00000133  00000-0  84812-4 0    12\
2 41181  47.0033 346.3896 0002503 297.0435  63.0189 14.43637473361002
1 41181U 15081C   22297.82431944  .00000127  00000-0  83002-4 0    18\
2 41181  47.0033 344.7930 0002498 298.2551  61.8077 14.43637654361056
1 41181U 15081C   22298.17036864  .00000102  00000-0  75804-4 0   125\
2 41181  47.0032 343.1963 0002489 299.3237  60.7394 14.43637702361219
1 41181U 15081C   22298.44720801  .00000105  00000-0  76631-4 0    16\
2 41181  47.0032 341.9191 0002478 300.2987  59.7648 14.43637870361148
1 41181U 15081C   22298.58562768  .00000101  00000-0  75539-4 0    19\
2 41181  47.0031 341.2804 0002473 300.7651  59.2985 14.43637928361164
1 41181U 15081C   22299.48535522  .00000101  00000-0  75462-4 0   135\
2 41181  47.0030 337.1293 0002447 303.8698  56.1949 14.43638461361401
1 41181U 15081C   22299.48535522  .00000101  00000-0  75462-4 0    12\
2 41181  47.0030 337.1293 0002447 303.8698  56.1949 14.43638461361298
1 41181U 15081C   22299.83140416  .00000097  00000-0  74337-4 0    19\
2 41181  47.0030 335.5327 0002448 305.1433  54.9217 14.43638654361345
1 41181U 15081C   22300.10824332  .00000098  00000-0  74401-4 0    11\
2 41181  47.0029 334.2553 0002440 306.0527  54.0126 14.43638792361383
1 41181U 15081C   22300.80034096  .00000127  00000-0  82905-4 0   143\
2 41181  47.0029 331.0622 0002417 308.4777  51.5886 14.43639377361590
1 41181U 15081C   22300.80034096  .00000127  00000-0  82905-4 0    19\
2 41181  47.0029 331.0622 0002417 308.4777  51.5886 14.43639377361488
1 41181U 15081C   22301.49243850  .00000165  00000-0  94116-4 0    14\
2 41181  47.0027 327.8689 0002395 310.9386  49.1286 14.43639954361580
1 41181U 15081C   22302.32295504  .00000205  00000-0  10592-3 0   155\
2 41181  47.0026 324.0370 0002373 313.8458  46.2225 14.43640711361813
1 41181U 15081C   22302.32295504  .00000205  00000-0  10592-3 0    10\
2 41181  47.0026 324.0370 0002373 313.8458  46.2225 14.43640711361701
1 41181U 15081C   22302.73821312  .00000237  00000-0  11507-3 0    19\
2 41181  47.0026 322.1211 0002368 315.4516  44.6173 14.43641187361769
1 41181U 15081C   22303.43030989  .00000255  00000-0  12043-3 0    15\
2 41181  47.0025 318.9277 0002344 317.9877  42.0823 14.43641738361861
1 41181U 15081C   22303.77635804  .00000256  00000-0  12063-3 0    12\
2 41181  47.0024 317.3311 0002336 319.2687  40.8018 14.43642037361918
1 41181U 15081C   22304.39924487  .00000265  00000-0  12343-3 0    10\
2 41181  47.0023 314.4571 0002318 321.7175  38.3539 14.43642494362001
1 41181U 15081C   22304.74529286  .00000267  00000-0  12386-3 0   162\
2 41181  47.0023 312.8604 0002299 322.8786  37.1934 14.43642795362165
1 41181U 15081C   22304.74529286  .00000267  00000-0  12386-3 0    16\
2 41181  47.0023 312.8604 0002299 322.8786  37.1934 14.43642795362053
1 41181U 15081C   22305.43738873  .00000294  00000-0  13183-3 0    13\
2 41181  47.0023 309.6670 0002281 325.5675  34.5056 14.43643473362159
1 41181U 15081C   22305.71422694  .00000295  00000-0  13218-3 0    15\
2 41181  47.0023 308.3896 0002275 326.6085  33.4651 14.43643730362194
1 41181U 15081C   22306.06027475  .00000286  00000-0  12935-3 0   174\
2 41181  47.0022 306.7928 0002258 327.8235  32.2506 14.43643941362350
1 41181U 15081C   22306.40632245  .00000299  00000-0  13332-3 0    18\
2 41181  47.0022 305.1962 0002234 329.1024  30.9723 14.43644306362291
1 41181U 15081C   22306.68316043  .00000303  00000-0  13429-3 0    16\
2 41181  47.0022 303.9189 0002226 330.1496  29.9257 14.43644612362339
1 41181U 15081C   22307.02920800  .00000301  00000-0  13377-3 0    17\
2 41181  47.0022 302.3221 0002206 331.3811  28.6947 14.43644891362387
1 41181U 15081C   22307.99814037  .00000326  00000-0  14099-3 0   184\
2 41181  47.0021 297.8514 0002162 335.2119  24.8656 14.43646022362635
1 41181U 15081C   22308.27497805  .00000380  00000-0  15675-3 0    19\
2 41181  47.0021 296.5741 0002146 336.3383  23.7398 14.43646607362562
1 41181U 15081C   22308.69023446  .00000384  00000-0  15808-3 0    13\
2 41181  47.0021 294.6582 0002128 338.0024  22.0764 14.43647088362625
1 41181U 15081C   22309.38232838  .00000348  00000-0  14746-3 0    17\
2 41181  47.0021 291.4649 0002097 340.9691  19.1110 14.43647578362728
1 41181U 15081C   22309.10549085  .00000347  00000-0  14721-3 0   193\
2 41181  47.0021 292.7421 0002102 339.6053  20.4742 14.43647297362795
1 41181U 15081C   22309.65916575  .00000348  00000-0  14753-3 0    12\
2 41181  47.0021 290.1875 0002075 341.7871  18.2934 14.43647888362762
1 41181U 15081C   22310.21284051  .00000320  00000-0  13936-3 0   206\
2 41181  47.0021 287.6328 0002039 343.9209  16.1605 14.43648283362958
1 41181U 15081C   22310.28204985  .00000321  00000-0  13956-3 0    13\
2 41181  47.0021 287.3136 0002037 344.2823  15.7993 14.43648360362856
1 41181U 15081C   22311.38939853  .00000329  00000-0  14199-3 0   214\
2 41181  47.0020 282.2043 0001981 349.0075  11.0761 14.43649587363120
1 41181U 15081C   22311.38939853  .00000329  00000-0  14199-3 0    12\
2 41181  47.0020 282.2043 0001981 349.0075  11.0761 14.43649587363018
1 41181U 15081C   22312.21990915  .00000288  00000-0  12994-3 0    16\
2 41181  47.0020 278.3722 0001938 352.5071   7.5780 14.43650349363137
1 41181U 15081C   22312.63516415  .00000348  00000-0  14744-3 0   226\
2 41181  47.0020 276.4563 0001918 354.3262   5.7596 14.43651208363308
1 41181U 15081C   22312.91200088  .00000354  00000-0  14924-3 0    17\
2 41181  47.0020 275.1789 0001901 355.5037   4.5826 14.43651533363235
1 41181U 15081C   22313.32725572  .00000353  00000-0  14891-3 0    15\
2 41181  47.0019 273.2630 0001882 357.6328   2.4542 14.43652041363294
1 41181U 15081C   22313.60409218  .00000371  00000-0  15413-3 0    13\
2 41181  47.0020 271.9857 0001864 358.6455   1.4419 14.43652475363332
1 41181U 15081C   22314.15776530  .00000343  00000-0  14609-3 0   237\
2 41181  47.0019 269.4310 0001840   1.4485 358.6399 14.43652875363525
1 41181U 15081C   22314.36539274  .00000319  00000-0  13905-3 0    19\
2 41181  47.0019 268.4731 0001835   2.5612 357.5277 14.43652938363443
1 41181U 15081C   22315.33431996  .00000292  00000-0  13113-3 0   245\
2 41181  47.0018 264.0024 0001783   7.2739 352.8167 14.43653763363693
1 41181U 15081C   22315.33431996  .00000292  00000-0  13113-3 0    10\
2 41181  47.0018 264.0024 0001783   7.2739 352.8167 14.43653763363581
1 41181U 15081C   22315.88799226  .00000283  00000-0  12843-3 0    12\
2 41181  47.0018 261.4476 0001758   9.9418 350.1496 14.43654296363665
1 41181U 15081C   22316.23403742  .00000292  00000-0  13112-3 0    17\
2 41181  47.0018 259.8510 0001742  11.8990 348.1930 14.43654693363712
1 41181U 15081C   22316.85691851  .00000236  00000-0  11477-3 0    15\
2 41181  47.0018 256.9769 0001712  14.9195 345.1735 14.43654998363802
1 41181U 15081C   22317.13375439  .00000231  00000-0  11341-3 0   259\
2 41181  47.0018 255.6996 0001692  16.3340 343.7594 14.43655260363951
1 41181U 15081C   22317.27217237  .00000246  00000-0  11783-3 0    15\
2 41181  47.0018 255.0610 0001684  16.9741 343.1195 14.43655466363869
1 41181U 15081C   22317.54900816  .00000237  00000-0  11500-3 0    14\
2 41181  47.0018 253.7837 0001672  18.2714 341.8226 14.43655715363909
1 41181U 15081C   22318.31030672  .00000218  00000-0  10965-3 0   264\
2 41181  47.0018 250.2711 0001633  22.2457 337.8494 14.43656263364124
1 41181U 15081C   22318.31030672  .00000218  00000-0  10965-3 0    17\
2 41181  47.0018 250.2711 0001633  22.2457 337.8494 14.43656263364012
1 41181U 15081C   22318.79476919  .00000208  00000-0  10650-3 0    17\
2 41181  47.0018 248.0357 0001608  24.6507 335.4449 14.43656616364080
1 41181U 15081C   22319.48685842  .00000183  00000-0  99332-4 0   276\
2 41181  47.0018 244.8426 0001574  28.3697 331.7268 14.43657033364299
1 41181U 15081C   22319.48685842  .00000183  00000-0  99332-4 0    18\
2 41181  47.0018 244.8426 0001574  28.3697 331.7268 14.43657033364187
1 41181U 15081C   22320.52499184  .00000136  00000-0  85556-4 0   287\
2 41181  47.0018 240.0528 0001531  34.3766 325.7213 14.43657548364448
1 41181U 15081C   22321.21708057  .00000132  00000-0  84556-4 0    12\
2 41181  47.0017 236.8595 0001508  38.8268 321.2720 14.43657988364435
1 41181U 15081C   22322.11679554  .00000087  00000-0  71246-4 0   292\
2 41181  47.0016 232.7083 0001476  44.1214 315.9783 14.43658330364673
1 41181U 15081C   22322.46283965  .00000076  00000-0  68008-4 0    17\
2 41181  47.0016 231.1117 0001462  46.0913 314.0087 14.43658491364615
1 41181U 15081C   22323.15492787  .00000125  00000-0  82253-4 0   303\
2 41181  47.0014 227.9184 0001439  50.6392 309.4615 14.43659103364825
1 41181U 15081C   22323.77780708  .00000109  00000-0  77644-4 0    12\
2 41181  47.0013 225.0443 0001414  54.4890 305.6122 14.43659338364808
1 41181U 15081C   22324.12385105  .00000081  00000-0  69595-4 0    19\
2 41181  47.0013 223.4477 0001415  56.9600 303.1416 14.43659374364858
1 41181U 15081C   22324.67752126  .00000107  00000-0  77017-4 0   310\
2 41181  47.0012 220.8931 0001403  60.4878 299.6142 14.43659793365049
1 41181U 15081C   22324.67752126  .00000107  00000-0  77017-4 0    17\
2 41181  47.0012 220.8931 0001403  60.4878 299.6142 14.43659793364936
1 41181U 15081C   22325.43881756  .00000114  00000-0  79109-4 0    16\
2 41181  47.0011 217.3805 0001392  65.5827 294.5198 14.43660262365044
1 41181U 15081C   22326.13090506  .00000093  00000-0  73106-4 0   320\
2 41181  47.0010 214.1872 0001384  70.2672 289.8356 14.43660464365254
1 41181U 15081C   22327.37666197  .00000083  00000-0  70027-4 0   331\
2 41181  47.0009 208.4391 0001367  78.6839 281.4194 14.43660998365432
1 41181U 15081C   22327.37666197  .00000083  00000-0  70027-4 0    16\
2 41181  47.0009 208.4391 0001367  78.6839 281.4194 14.43660998365320
1 41181U 15081C   22327.79191413  .00000078  00000-0  68754-4 0    14\
2 41181  47.0009 206.5230 0001361  81.7794 278.3239 14.43661171365385
1 41181U 15081C   22328.06874892  .00000080  00000-0  69209-4 0    13\
2 41181  47.0008 205.2458 0001365  83.5878 276.5157 14.43661303365420
1 41181U 15081C   22328.83004439  .00000074  00000-0  67415-4 0   346\
2 41181  47.0008 201.7330 0001367  89.0081 271.0955 14.43661638365640
1 41181U 15081C   22329.10687907  .00000060  00000-0  63414-4 0    18\
2 41181  47.0008 200.4557 0001367  90.6970 269.4066 14.43661694365570
1 41181U 15081C   22329.79896547  .00000083  00000-0  70209-4 0    10\
2 41181  47.0007 197.2623 0001368  95.6156 264.4880 14.43662193365673
1 41181U 15081C   22330.07580005  .00000080  00000-0  69244-4 0   353\
2 41181  47.0008 195.9851 0001364  97.0911 263.0123 14.43662306365821
1 41181U 15081C   22330.35263447  .00000073  00000-0  67268-4 0    11\
2 41181  47.0008 194.7077 0001367  99.0237 261.0797 14.43662447365757
1 41181U 15081C   22330.83709486  .00000061  00000-0  63750-4 0    11\
2 41181  47.0007 192.4723 0001374 102.5308 257.5725 14.43662592365826
1 41181U 15081C   22331.04472075  .00000061  00000-0  63563-4 0    18\
2 41181  47.0007 191.5143 0001385 103.6743 256.4291 14.43662678365853
1 41181U 15081C   22331.73680681  .00000029  00000-0  54250-4 0   363\
2 41181  47.0006 188.3209 0001395 108.4465 251.6566 14.43662820366069
1 41181U 15081C   22331.87522394  .00000055  00000-0  61816-4 0    11\
2 41181  47.0006 187.6823 0001398 109.5587 250.5444 14.43663030365979
1 41181U 15081C   22332.84414405  .00000047  00000-0  59634-4 0    18\
2 41181  47.0004 183.2116 0001422 116.0069 244.0957 14.43663450366110
1 41181U 15081C   22333.05176972  .00000061  00000-0  63787-4 0   375\
2 41181  47.0004 182.2537 0001432 117.1112 242.9913 14.43663643366256
1 41181U 15081C   22333.05176972  .00000061  00000-0  63787-4 0    16\
2 41181  47.0004 182.2537 0001432 117.1112 242.9913 14.43663643366144
1 41181U 15081C   22333.74385519  .00000055  00000-0  61850-4 0    13\
2 41181  47.0003 179.0602 0001457 121.8652 238.2369 14.43663955366248
1 41181U 15081C   22334.29752346  .00000054  00000-0  61678-4 0   387\
2 41181  47.0003 176.5056 0001470 124.9416 235.1602 14.43664231366435
1 41181U 15081C   22334.29752346  .00000054  00000-0  61678-4 0    17\
2 41181  47.0003 176.5056 0001470 124.9416 235.1602 14.43664231366323
1 41181U 15081C   22334.78198311  .00000059  00000-0  63068-4 0    17\
2 41181  47.0002 174.2701 0001492 128.1856 231.9158 14.43664474366398
1 41181U 15081C   22334.98960867  .00000061  00000-0  63756-4 0    19\
2 41181  47.0002 173.3121 0001500 129.2885 230.8128 14.43664578366422
1 41181U 15081C   22335.68169366  .00000076  00000-0  68182-4 0   397\
2 41181  47.0001 170.1185 0001526 133.7195 226.3811 14.43664973366639
1 41181U 15081C   22335.82011067  .00000077  00000-0  68252-4 0    15\
2 41181  47.0001 169.4799 0001534 134.5103 225.5902 14.43665027366541
1 41181U 15081C   22336.23536168  .00000071  00000-0  66637-4 0    14\
2 41181  47.0001 167.5638 0001546 136.9557 223.1443 14.43665160366603
1 41181U 15081C   22336.78902954  .00000075  00000-0  67806-4 0   400\
2 41181  47.0001 165.0090 0001580 140.3842 219.7153 14.43665403366791
1 41181U 15081C   22336.78902954  .00000075  00000-0  67806-4 0    17\
2 41181  47.0001 165.0090 0001580 140.3842 219.7153 14.43665403366689
1 41181U 15081C   22337.55032262  .00000074  00000-0  67490-4 0    17\
2 41181  47.0001 161.4961 0001612 144.8042 215.2944 14.43665740366798
1 41181U 15081C   22337.82715641  .00000073  00000-0  67309-4 0    14\
2 41181  47.0002 160.2188 0001628 146.2950 213.8033 14.43665873366833
1 41181U 15081C   22337.96557329  .00000073  00000-0  67122-4 0   413\
2 41181  47.0002 159.5801 0001637 147.0086 213.0896 14.43665942366965
1 41181U 15081C   22338.51924078  .00000067  00000-0  65431-4 0    14\
2 41181  47.0002 157.0253 0001660 150.1737 209.9238 14.43666163366930
1 41181U 15081C   22338.79607451  .00000064  00000-0  64537-4 0    10\
2 41181  47.0003 155.7480 0001673 151.5227 208.5745 14.43666279366971
1 41181U 15081C   22340.18024237  .00000104  00000-0  76299-4 0   429\
2 41181  47.0004 149.3612 0001739 158.8620 201.2332 14.43667233367286
1 41181U 15081C   22340.52628418  .00000119  00000-0  80670-4 0    17\
2 41181  47.0004 147.7644 0001767 160.9871 199.1074 14.43667492367225
1 41181U 15081C   22340.73390921  .00000121  00000-0  81251-4 0    14\
2 41181  47.0004 146.8064 0001791 162.2944 197.7998 14.43667630367250
1 41181U 15081C   22341.49520103  .00000121  00000-0  81090-4 0   432\
2 41181  47.0005 143.2936 0001833 166.2808 193.8121 14.43668053367479
1 41181U 15081C   22341.49520103  .00000121  00000-0  81090-4 0    16\
2 41181  47.0005 143.2936 0001833 166.2808 193.8121 14.43668053367367
1 41181U 15081C   22342.74095044  .00000143  00000-0  87609-4 0    12\
2 41181  47.0006 137.5455 0001901 172.2976 187.7933 14.43669017367543
1 41181U 15081C   22343.43303294  .00000171  00000-0  95715-4 0    16\
2 41181  47.0007 134.3521 0001938 175.6321 184.4575 14.43669682367649
1 41181U 15081C   22343.91749088  .00000147  00000-0  88930-4 0   456\
2 41181  47.0008 132.1168 0001957 177.5840 182.5050 14.43669842367826
1 41181U 15081C   22343.91749088  .00000147  00000-0  88930-4 0    18\
2 41181  47.0008 132.1168 0001957 177.5840 182.5050 14.43669842367714
1 41181U 15081C   22344.88640594  .00000175  00000-0  97021-4 0    19\
2 41181  47.0008 127.6460 0002008 182.0642 178.0230 14.43670663367855
1 41181U 15081C   22346.54740162  .00000196  00000-0  10300-3 0   462\
2 41181  47.0010 119.9817 0002109 189.7381 170.3458 14.43672121368202
1 41181U 15081C   22346.82423411  .00000199  00000-0  10407-3 0    10\
2 41181  47.0011 118.7044 0002116 190.5421 169.5414 14.43672373368138
1 41181U 15081C   22347.37789890  .00000227  00000-0  11208-3 0    19\
2 41181  47.0012 116.1496 0002145 192.8606 167.2219 14.43672987368212
1 41181U 15081C   22347.72393933  .00000214  00000-0  10823-3 0   475\
2 41181  47.0013 114.5530 0002162 194.2333 165.8486 14.43673212368375
1 41181U 15081C   22348.83126795  .00000247  00000-0  11794-3 0   483\
2 41181  47.0014 109.4436 0002227 199.2850 160.7946 14.43674374368538
1 41181U 15081C   22348.83126795  .00000247  00000-0  11794-3 0    12\
2 41181  47.0014 109.4436 0002227 199.2850 160.7946 14.43674374368426
1 41181U 15081C   22349.59255587  .00000293  00000-0  13148-3 0    14\
2 41181  47.0016 105.9309 0002272 202.2998 157.7783 14.43675339368535
1 41181U 15081C   22349.73097185  .00000294  00000-0  13162-3 0    15\
2 41181  47.0016 105.2923 0002277 202.7838 157.2941 14.43675473368555
1 41181U 15081C   22350.00780379  .00000268  00000-0  12424-3 0  9998\
2 41181  47.0016 104.0150 0002290 204.0261 156.0512 14.43675592368704
1 41181U 15081C   22350.00780379  .00000268  00000-0  12424-3 0    12\
2 41181  47.0016 104.0150 0002290 204.0261 156.0512 14.43675592368591
1 41181U 15081C   22350.00780379  .00000268  00000-0  12424-3 0   494\
2 41181  47.0016 104.0150 0002290 204.0261 156.0512 14.43675592368704
1 41181U 15081C   22350.83829911  .00000271  00000-0  12489-3 0    14\
2 41181  47.0018 100.1829 0002335 207.3010 152.7748 14.43676410368719
1 41181U 15081C   22351.32275448  .00000277  00000-0  12678-3 0    15\
2 41181  47.0019  97.9476 0002359 209.3118 150.7630 14.43676921368780
1 41181U 15081C   22351.32275448  .00000277  00000-0  12678-3 0   509\
2 41181  47.0019  97.9476 0002359 209.3118 150.7630 14.43676921368892
1 41181U 15081C   22351.66879393  .00000279  00000-0  12743-3 0    16\
2 41181  47.0019  96.3510 0002375 210.6362 149.4380 14.43677283368831
1 41181U 15081C   22352.56849634  .00000275  00000-0  12607-3 0   511\
2 41181  47.0021  92.1996 0002417 214.3585 145.7139 14.43678087369072
1 41181U 15081C   22352.77611987  .00000266  00000-0  12338-3 0    18\
2 41181  47.0021  91.2417 0002424 215.2105 144.8615 14.43678241368997
1 41181U 15081C   22353.32978249  .00000309  00000-0  13601-3 0    19\
2 41181  47.0021  88.6869 0002455 217.3843 142.6866 14.43678981369079
1 41181U 15081C   22353.67582154  .00000299  00000-0  13307-3 0   520\
2 41181  47.0022  87.0903 0002469 218.7749 141.2954 14.43679259369237
1 41181U 15081C   22353.67582154  .00000299  00000-0  13307-3 0    14\
2 41181  47.0022  87.0903 0002469 218.7749 141.2954 14.43679259369125
1 41181U 15081C   22354.50631506  .00000291  00000-0  13079-3 0    11\
2 41181  47.0023  83.2582 0002508 221.8652 138.2036 14.43679975369244
1 41181U 15081C   22355.19839258  .00000267  00000-0  12371-3 0   535\
2 41181  47.0023  80.0648 0002537 224.5151 135.5525 14.43680495369453
1 41181U 15081C   22355.54443133  .00000253  00000-0  11956-3 0    13\
2 41181  47.0023  78.4681 0002552 225.5972 134.4699 14.43680720369394
1 41181U 15081C   22356.51333950  .00000203  00000-0  10503-3 0   546\
2 41181  47.0025  73.9974 0002590 229.4221 130.6433 14.43681250369644
1 41181U 15081C   22356.65175494  .00000199  00000-0  10392-3 0    10\
2 41181  47.0025  73.3589 0002594 229.9705 130.0947 14.43681339369558
1 41181U 15081C   22357.48224728  .00000180  00000-0  98302-4 0    15\
2 41181  47.0027  69.5268 0002626 233.0455 127.0184 14.43681861369677
1 41181U 15081C   22357.68987033  .00000175  00000-0  96861-4 0   553\
2 41181  47.0028  68.5689 0002633 233.9271 126.1365 14.43681989369815
1 41181U 15081C   22357.68987033  .00000175  00000-0  96861-4 0    14\
2 41181  47.0028  68.5689 0002633 233.9271 126.1365 14.43681989369703
1 41181U 15081C   22358.45115455  .00000193  00000-0  10228-3 0    13\
2 41181  47.0029  65.0561 0002662 236.7224 123.3401 14.43682661369816
1 41181U 15081C   22358.58956987  .00000184  00000-0  99439-4 0    12\
2 41181  47.0029  64.4175 0002665 237.2685 122.7938 14.43682706369830
1 41181U 15081C   22359.21243859  .00000167  00000-0  94597-4 0   561\
2 41181  47.0030  61.5435 0002690 239.7235 120.3378 14.43683064370039
1 41181U 15081C   22359.48926913  .00000157  00000-0  91814-4 0    17\
2 41181  47.0030  60.2662 0002696 240.6041 119.4569 14.43683205369967
1 41181U 15081C   22359.90451485  .00000113  00000-0  78754-4 0    11\
2 41181  47.0031  58.3503 0002705 242.0740 117.9866 14.43683272370029
1 41181U 15081C   22360.52738321  .00000162  00000-0  92989-4 0   579\
2 41181  47.0031  55.4763 0002719 244.2563 115.8036 14.43683960370229
1 41181U 15081C   22360.87342097  .00000186  00000-0  10009-3 0    15\
2 41181  47.0032  53.8796 0002730 245.5968 114.4627 14.43684378370162
1 41181U 15081C   22361.56549661  .00000190  00000-0  10134-3 0    12\
2 41181  47.0032  50.6864 0002744 248.0064 112.0524 14.43684868370268
1 41181U 15081C   22361.56549661  .00000190  00000-0  10134-3 0   584\
2 41181  47.0032  50.6864 0002744 248.0064 112.0524 14.43684868370370
1 41181U 15081C   22362.53440227  .00000167  00000-0  94579-4 0    18\
2 41181  47.0033  46.2158 0002765 251.4540 108.6040 14.43685367370401
1 41181U 15081C   22363.15726992  .00000185  00000-0  99989-4 0   596\
2 41181  47.0033  43.3417 0002781 253.7212 106.3362 14.43685876370605
1 41181U 15081C   22363.50330739  .00000196  00000-0  10316-3 0    10\
2 41181  47.0032  41.7451 0002783 254.9545 105.1027 14.43686189370544
1 41181U 15081C   22364.47221170  .00000226  00000-0  11181-3 0   605\
2 41181  47.0032  37.2744 0002791 258.1800 101.8767 14.43687152370790
1 41181U 15081C   22365.51032298  .00000251  00000-0  11906-3 0   616\
2 41181  47.0032  32.4843 0002795 261.6867  98.3696 14.43688122370949
1 41181U 15081C   22365.51032298  .00000251  00000-0  11906-3 0    10\
2 41181  47.0032  32.4843 0002795 261.6867  98.3696 14.43688122370837
1 41181U 15081C   22365.78715247  .00000253  00000-0  11962-3 0    15
2 41181  47.0032  31.2070 0002801 262.8017  97.2544 14.43688387370871
1 41181U 15081C   23001.47922599  .00000268  00000-0  12418-3 0    12
2 41181  47.0033  28.0136 0002808 265.0520  95.0039 14.43689098370976
1 41181U 15081C   23002.03288476  .00000282  00000-0  12816-3 0   629
2 41181  47.0032  25.4587 0002814 267.0407  93.0150 14.43689630371165
1 41181U 15081C   23001.75605539  .00000266  00000-0  12345-3 0    12
2 41181  47.0033  26.7362 0002811 266.0597  93.9961 14.43689331371018
1 41181U 15081C   23002.44812870  .00000297  00000-0  13261-3 0    19
2 41181  47.0032  23.5428 0002808 268.3399  91.7159 14.43690086371111
1 41181U 15081C   23002.72495803  .00000259  00000-0  12156-3 0    13
2 41181  47.0033  22.2654 0002814 269.3694  90.6863 14.43690113371150
1 41181U 15081C   23003.07099448  .00000246  00000-0  11777-3 0   639
2 41181  47.0032  20.6686 0002816 270.5204  89.5353 14.43690346371316
1 41181U 15081C   23003.41703084  .00000318  00000-0  13859-3 0    10
2 41181  47.0033  19.0720 0002811 271.7611  88.2946 14.43691058371256
1 41181U 15081C   23004.31672507  .00000317  00000-0  13840-3 0   643
2 41181  47.0033  14.9206 0002810 274.8997  85.1562 14.43691901371492
1 41181U 15081C   23004.31672507  .00000317  00000-0  13840-3 0    14
2 41181  47.0033  14.9206 0002810 274.8997  85.1562 14.43691901371380
1 41181U 15081C   23004.73196818  .00000327  00000-0  14124-3 0    13
2 41181  47.0033  13.0046 0002811 276.4589  83.5971 14.43692424371442
1 41181U 15081C   23005.35483324  .00000286  00000-0  12919-3 0   657
2 41181  47.0034  10.1306 0002804 278.6257  81.4305 14.43692695371648
1 41181U 15081C   23005.35483324  .00000286  00000-0  12919-3 0    17
2 41181  47.0034  10.1306 0002804 278.6257  81.4305 14.43692695371536
1 41181U 15081C   23005.70086908  .00000284  00000-0  12859-3 0    14
2 41181  47.0034   8.5340 0002805 279.8212  80.2350 14.43693035371581
1 41181U 15081C   23006.80818330  .00000319  00000-0  13880-3 0    12
2 41181  47.0035   3.4246 0002793 283.7944  76.2625 14.43694299371744
1 41181U 15081C   23007.01580469  .00000302  00000-0  13394-3 0   668
2 41181  47.0035   2.4665 0002792 284.5396  75.5174 14.43694395371880
1 41181U 15081C   23007.29263309  .00000352  00000-0  14870-3 0    13
2 41181  47.0035   1.1892 0002783 285.5170  74.5402 14.43694939371819
1 41181U 15081C   23007.70787553  .00000349  00000-0  14772-3 0    18
2 41181  47.0035 359.2733 0002779 287.0700  72.9875 14.43695367371879
1 41181U 15081C   23008.39994620  .00000323  00000-0  14008-3 0   675
2 41181  47.0035 356.0800 0002761 289.5399  70.5182 14.43695896372087
1 41181U 15081C   23008.39994620  .00000323  00000-0  14008-3 0    13
2 41181  47.0035 356.0800 0002761 289.5399  70.5182 14.43695896371974
1 41181U 15081C   23009.64567214  .00000372  00000-0  15441-3 0   686
2 41181  47.0035 350.3319 0002740 293.8795  66.1798 14.43697489372268
1 41181U 15081C   23009.29963728  .00000360  00000-0  15088-3 0    18
2 41181  47.0035 351.9286 0002744 292.5260  67.5329 14.43697042372108
1 41181U 15081C   23009.64567214  .00000372  00000-0  15441-3 0    13
2 41181  47.0035 350.3319 0002740 293.8795  66.1798 14.43697489372156
1 41181U 15081C   23010.33774166  .00000388  00000-0  15898-3 0    10
2 41181  47.0035 347.1386 0002719 296.2636  63.7965 14.43698306372250
1 41181U 15081C   23010.61456931  .00000354  00000-0  14913-3 0    18
2 41181  47.0035 345.8612 0002716 297.2615  62.7988 14.43698459372299
1 41181U 15081C   23010.96060383  .00000461  00000-0  18022-3 0   696
2 41181  47.0035 344.2644 0002706 298.4372  61.6235 14.43699389372453
1 41181U 15081C   23010.96060383  .00000461  00000-0  18022-3 0    12
2 41181  47.0035 344.2644 0002706 298.4372  61.6235 14.43699389372341
1 41181U 15081C   23012.62156773  .00000439  00000-0  17396-3 0   700
2 41181  47.0035 336.6004 0002655 304.5078  55.5551 14.43701355372699
1 41181U 15081C   23012.62156773  .00000439  00000-0  17396-3 0    14
2 41181  47.0035 336.6004 0002655 304.5078  55.5551 14.43701355372587
1 41181U 15081C   23013.17522179  .00000523  00000-0  19845-3 0    17
2 41181  47.0035 334.0457 0002632 306.4768  53.5869 14.43702504372669
1 41181U 15081C   23014.14411542  .00000574  00000-0  21323-3 0   713
2 41181  47.0035 329.5750 0002596 309.9013  50.1638 14.43704137372913
1 41181U 15081C   23014.55935527  .00000575  00000-0  21373-3 0    11
2 41181  47.0035 327.6591 0002585 311.4315  48.6342 14.43704755372860
1 41181U 15081C   23015.11300789  .00000615  00000-0  22524-3 0    14
2 41181  47.0035 325.1043 0002559 313.4129  46.6537 14.43705847372947
1 41181U 15081C   23016.15110541  .00000825  00000-0  28641-3 0   721
2 41181  47.0034 320.3144 0002518 317.2577  42.8106 14.43708770373207
1 41181U 15081C   23016.15110541  .00000825  00000-0  28641-3 0    13
2 41181  47.0034 320.3144 0002518 317.2577  42.8106 14.43708770373094
1 41181U 15081C   23016.70475712  .00000741  00000-0  26197-3 0    19
2 41181  47.0033 317.7598 0002497 319.2327  40.8366 14.43709243373178
1 41181U 15081C   23017.53523375  .00000747  00000-0  26365-3 0   732
2 41181  47.0031 313.9278 0002454 322.4309  37.6399 14.43710759373408
1 41181U 15081C   23017.60444009  .00000747  00000-0  26359-3 0    10
2 41181  47.0031 313.6084 0002452 322.6677  37.4032 14.43710878373301
1 41181U 15081C   23017.88126570  .00000635  00000-0  23113-3 0    11
2 41181  47.0030 312.3311 0002430 323.7634  36.3081 14.43710701373341
1 41181U 15081C   23018.50412208  .00000751  00000-0  26499-3 0    16
2 41181  47.0030 309.4571 0002403 326.1272  33.9454 14.43712523373432
1 41181U 15081C   23018.85015337  .00000769  00000-0  27013-3 0   748
2 41181  47.0029 307.8604 0002384 327.3759  32.6973 14.43713222373596
1 41181U 15081C   23018.85015337  .00000769  00000-0  27013-3 0    18
2 41181  47.0029 307.8604 0002384 327.3759  32.6973 14.43713222373484
1 41181U 15081C   23019.19618472  .00000746  00000-0  26342-3 0    14
2 41181  47.0028 306.2637 0002362 329.1110  30.9630 14.43713655373536
1 41181U 15081C   23020.09586472  .00000705  00000-0  25160-3 0   752
2 41181  47.0026 302.1121 0002311 332.6418  27.4340 14.43715133373779
1 41181U 15081C   23021.13395604  .00000665  00000-0  23977-3 0   763
2 41181  47.0024 297.3220 0002250 336.8596  23.2182 14.43716783373924
1 41181U 15081C   23022.44886979  .00000648  00000-0  23486-3 0   775
2 41181  47.0022 291.2543 0002183 342.1011  17.9791 14.43718986374115
1 41181U 15081C   23023.76378178  .00000616  00000-0  22545-3 0   789
2 41181  47.0020 285.1865 0002107 347.3754  12.7073 14.43720948374307
1 41181U 15081C   23024.80186888  .00000577  00000-0  21421-3 0   799
2 41181  47.0018 280.3963 0002043 351.6527   8.4319 14.43722438374452
1 41181U 15081C   23025.56313228  .00000496  00000-0  19061-3 0    15
2 41181  47.0017 276.8835 0002008 354.8942   5.1917 14.43723140374455
1 41181U 15081C   23025.77074950  .00000474  00000-0  18415-3 0    12
2 41181  47.0016 275.9254 0001986 355.9390   4.1473 14.43723324374485
1 41181U 15081C   23025.97836661  .00000483  00000-0  18678-3 0   807
2 41181  47.0016 274.9673 0001976 356.8978   3.1890 14.43723676374628
1 41181U 15081C   23025.97836661  .00000483  00000-0  18678-3 0    10
2 41181  47.0016 274.9673 0001976 356.8978   3.1890 14.43723676374516
1 41181U 15081C   23027.01645206  .00000394  00000-0  16074-3 0   817
2 41181  47.0014 270.1772 0001918   1.8002 358.2884 14.43724568374779
1 41181U 15081C   23027.50089165  .00000355  00000-0  14947-3 0    13
2 41181  47.0013 267.9418 0001898   3.7444 356.3449 14.43724955374739
1 41181U 15081C   23027.77771420  .00000338  00000-0  14448-3 0    11
2 41181  47.0012 266.6643 0001876   4.9384 355.1514 14.43725194374776
1 41181U 15081C   23028.46977040  .00000279  00000-0  12723-3 0   821
2 41181  47.0010 263.4708 0001842   8.1561 351.9348 14.43725652374988
1 41181U 15081C   23028.46977040  .00000279  00000-0  12723-3 0    12
2 41181  47.0010 263.4708 0001842   8.1561 351.9348 14.43725652374876
1 41181U 15081C   23028.74659285  .00000260  00000-0  12174-3 0    11
2 41181  47.0009 262.1934 0001820   9.6279 350.4635 14.43725833374918
1 41181U 15081C   23029.71547090  .00000218  00000-0  10930-3 0   830
2 41181  47.0007 257.7223 0001765  14.3642 345.7288 14.43726560375169
1 41181U 15081C   23029.92308764  .00000199  00000-0  10381-3 0    14
2 41181  47.0006 256.7641 0001752  15.5687 344.5246 14.43726619375086
1 41181U 15081C   23030.40752653  .00000187  00000-0  10022-3 0    18
2 41181  47.0005 254.5287 0001731  17.6232 342.4708 14.43726948375156
1 41181U 15081C   23030.89196528  .00000170  00000-0  95428-4 0    10
2 41181  47.0004 252.2931 0001696  20.4607 339.6340 14.43727236375223
1 41181U 15081C   23030.89196528  .00000170  00000-0  95428-4 0   841
2 41181  47.0004 252.2931 0001696  20.4607 339.6340 14.43727236375335
1 41181U 15081C   23031.44560938  .00000183  00000-0  99102-4 0    19
2 41181  47.0004 249.7382 0001670  23.1406 336.9549 14.43727725375306
1 41181U 15081C   23031.72243142  .00000176  00000-0  97151-4 0    19
2 41181  47.0003 248.4607 0001648  24.6441 335.4517 14.43727886375342
1 41181U 15081C   23032.41448627  .00000174  00000-0  96612-4 0   852
2 41181  47.0002 245.2671 0001616  28.2340 331.8627 14.43728377375551
1 41181U 15081C   23032.41448627  .00000174  00000-0  96612-4 0    10
2 41181  47.0002 245.2671 0001616  28.2340 331.8627 14.43728377375449
1 41181U 15081C   23033.52177343  .00000189  00000-0  10085-3 0    12
2 41181  47.0001 240.1572 0001563  34.4772 325.6209 14.43729279375608
1 41181U 15081C   23033.93700596  .00000178  00000-0  97608-4 0   867
2 41181  47.0001 238.2411 0001544  37.3022 322.7965 14.43729540375773
1 41181U 15081C   23034.55985452  .00000200  00000-0  10428-3 0    19
2 41181  47.0000 235.3668 0001516  40.8149 319.2844 14.43730119375751
1 41181U 15081C   23034.69826530  .00000195  00000-0  10283-3 0    17
2 41181  47.0000 234.7280 0001509  41.6197 318.4797 14.43730196375773
1 41181U 15081C   23034.97508682  .00000222  00000-0  11042-3 0   872
2 41181  47.0000 233.4506 0001503  43.3521 316.7476 14.43730536375924
1 41181U 15081C   23035.39031877  .00000226  00000-0  11185-3 0    14
2 41181  47.0000 231.5345 0001476  45.9594 314.1407 14.43730927375875
1 41181U 15081C   23035.80555079  .00000234  00000-0  11406-3 0    10
2 41181  46.9999 229.6182 0001457  48.8813 311.2193 14.43731291375934
1 41181U 15081C   23036.56680925  .00000248  00000-0  11823-3 0   886
2 41181  46.9999 226.1052 0001432  53.5127 306.5885 14.43731975376155
1 41181U 15081C   23036.77442510  .00000249  00000-0  11833-3 0    12
2 41181  46.9999 225.1471 0001422  54.9062 305.1950 14.43732157376073
1 41181U 15081C   23037.32806704  .00000321  00000-0  13931-3 0    15
2 41181  46.9999 222.5922 0001402  58.1494 301.9522 14.43733088376150
1 41181U 15081C   23037.81250370  .00000343  00000-0  14598-3 0   891
2 41181  46.9998 220.3566 0001395  61.4784 298.6236 14.43733653376331
1 41181U 15081C   23037.81250370  .00000343  00000-0  14598-3 0    15
2 41181  46.9998 220.3566 0001395  61.4784 298.6236 14.43733653376229
1 41181U 15081C   23038.50455534  .00000420  00000-0  16822-3 0    19
2 41181  46.9997 217.1628 0001374  66.6074 293.4950 14.43734832376324
1 41181U 15081C   23038.57376054  .00000424  00000-0  16939-3 0    18
2 41181  46.9997 216.8434 0001372  67.2015 292.9009 14.43734923376336
1 41181U 15081C   23039.19660667  .00000490  00000-0  18883-3 0   904
2 41181  46.9998 213.9692 0001356  71.3559 288.7468 14.43735993376534
1 41181U 15081C   23039.54263199  .00000563  00000-0  21000-3 0    10
2 41181  46.9997 212.3723 0001345  73.7784 286.3244 14.43736819376472
1 41181U 15081C   23039.75024723  .00000573  00000-0  21289-3 0    11
2 41181  46.9998 211.4143 0001342  75.1453 284.9575 14.43737120376506
1 41181U 15081C   23040.44229734  .00000685  00000-0  24549-3 0    14
2 41181  46.9997 208.2206 0001332  79.4834 280.6195 14.43738658376607
1 41181U 15081C   23040.71911720  .00000753  00000-0  26527-3 0   910
2 41181  46.9998 206.9431 0001331  81.4708 278.6322 14.43739436376755
1 41181U 15081C   23040.71911720  .00000753  00000-0  26527-3 0    11
2 41181  46.9998 206.9431 0001331  81.4708 278.6322 14.43739436376643
1 41181U 15081C   23041.13434674  .00000819  00000-0  28449-3 0    14
2 41181  46.9998 205.0269 0001328  84.0210 276.0821 14.43740455376701
1 41181U 15081C   23041.54957612  .00000873  00000-0  30023-3 0    12
2 41181  46.9999 203.1107 0001323  86.9408 273.1623 14.43741413376766
1 41181U 15081C   23042.38003370  .00000922  00000-0  31459-3 0   927
2 41181  47.0000 199.2783 0001324  92.4747 267.6284 14.43743243376994
1 41181U 15081C   23042.51844339  .00000908  00000-0  31040-3 0    10
2 41181  47.0000 198.6395 0001327  93.5205 266.5826 14.43743389376902
1 41181U 15081C   23042.79526240  .00000910  00000-0  31114-3 0    13
2 41181  47.0000 197.3621 0001330  95.2288 264.8744 14.43743922376941
1 41181U 15081C   23043.48730891  .00001045  00000-0  35038-3 0   939
2 41181  47.0002 194.1684 0001325 100.2775 259.8254 14.43746132377159
1 41181U 15081C   23043.48730891  .00001045  00000-0  35038-3 0    18
2 41181  47.0002 194.1684 0001325 100.2775 259.8254 14.43746132377047
1 41181U 15081C   23044.45617296  .00001090  00000-0  36361-3 0    19
2 41181  47.0004 189.6972 0001333 106.8508 253.2517 14.43748494377181
1 41181U 15081C   23044.80219553  .00001088  00000-0  36292-3 0   944
2 41181  47.0005 188.1006 0001334 109.1139 250.9885 14.43749254377346
1 41181U 15081C   23045.63264866  .00001044  00000-0  35001-3 0    10
2 41181  47.0007 184.2682 0001339 115.0516 245.0502 14.43750962377355
1 41181U 15081C   23045.77105741  .00001044  00000-0  35011-3 0    12
2 41181  47.0007 183.6296 0001341 115.8159 244.2860 14.43751298377376
1 41181U 15081C   23046.73991748  .00001041  00000-0  34911-3 0   957
2 41181  47.0009 179.1586 0001363 122.2925 237.8086 14.43753678377627
1 41181U 15081C   23046.73991748  .00001041  00000-0  34911-3 0    14
2 41181  47.0009 179.1586 0001363 122.2925 237.8086 14.43753678377515
1 41181U 15081C   23047.36275549  .00001091  00000-0  36386-3 0    11
2 41181  47.0009 176.2843 0001369 126.3399 233.7607 14.43755403377607
1 41181U 15081C   23047.63957198  .00001081  00000-0  36080-3 0    18
2 41181  47.0010 175.0069 0001377 128.0055 232.0950 14.43756071377642
1 41181U 15081C   23048.60842979  .00000862  00000-0  29703-3 0   960
2 41181  47.0011 170.5359 0001406 134.2859 225.8136 14.43757043377892
1 41181U 15081C   23048.60842979  .00000862  00000-0  29703-3 0    16
2 41181  47.0011 170.5359 0001406 134.2859 225.8136 14.43757043377780
1 41181U 15081C   23049.57728636  .00000743  00000-0  26225-3 0    10
2 41181  47.0011 166.0649 0001430 140.7006 219.3977 14.43758423377925
1 41181U 15081C   23049.99251025  .00000648  00000-0  23469-3 0   975
2 41181  47.0011 164.1488 0001457 142.7747 217.3234 14.43758787378094
1 41181U 15081C   23050.61534581  .00000632  00000-0  22994-3 0    17
2 41181  47.0011 161.2745 0001485 146.4341 213.6633 14.43759855378077
1 41181U 15081C   23051.09977313  .00000552  00000-0  20671-3 0   981
2 41181  47.0011 159.0389 0001500 149.2359 210.8609 14.43760333378259
1 41181U 15081C   23051.58420022  .00000562  00000-0  20952-3 0    12
2 41181  47.0011 156.8033 0001526 151.9365 208.1598 14.43761225378219
1 41181U 15081C   23052.27623846  .00000534  00000-0  20148-3 0   991
2 41181  47.0011 153.6096 0001554 155.8332 204.2621 14.43762237378422
1 41181U 15081C   23052.34544231  .00000526  00000-0  19901-3 0    18
2 41181  47.0011 153.2903 0001560 156.2233 203.8719 14.43762298378326
1 41181U 15081C   23052.69146126  .00000513  00000-0  19521-3 0    11
2 41181  47.0011 151.6936 0001577 158.0233 202.0714 14.43762786378375
1 41181U 15081C   23053.38349919  .00000515  00000-0  19598-3 0  1009
2 41181  47.0011 148.4998 0001606 161.7873 198.3064 14.43763712378589
1 41181U 15081C   23053.38349919  .00000515  00000-0  19598-3 0    19
2 41181  47.0011 148.4998 0001606 161.7873 198.3064 14.43763712378477
1 41181U 15081C   23054.35235116  .00000484  00000-0  18674-3 0    19
2 41181  47.0012 144.0287 0001655 166.8123 193.2800 14.43764904378611
1 41181U 15081C   23054.97518425  .00000515  00000-0  19578-3 0  1014
2 41181  47.0012 141.1545 0001679 169.9105 190.1808 14.43765885378811
1 41181U 15081C   23055.32120242  .00000469  00000-0  18240-3 0    12
2 41181  47.0012 139.5577 0001703 171.7480 188.3428 14.43766106378759
1 41181U 15081C   23056.08244238  .00000410  00000-0  16523-3 0  1028
2 41181  47.0013 136.0447 0001737 175.3056 184.7840 14.43766702378978
1 41181U 15081C   23056.56686740  .00000429  00000-0  17092-3 0    19
2 41181  47.0013 133.8092 0001764 177.4930 182.5958 14.43767427378930
1 41181U 15081C   23056.91288511  .00000448  00000-0  17622-3 0    12
2 41181  47.0013 132.2124 0001780 179.1623 180.9260 14.43767981378983
1 41181U 15081C   23057.12049578  .00000446  00000-0  17588-3 0  1036
2 41181  47.0013 131.2542 0001793 180.0090 180.0790 14.43768206379126
1 41181U 15081C   23057.32810629  .00000507  00000-0  19357-3 0    12
2 41181  47.0013 130.2961 0001807 180.8846 179.2031 14.43768816379049
1 41181U 15081C   23057.88173432  .00000454  00000-0  17801-3 0    10
2 41181  47.0013 127.7413 0001831 183.5234 176.5633 14.43769232379120
1 41181U 15081C   23058.29695483  .00000574  00000-0  21297-3 0  1042
2 41181  47.0013 125.8251 0001858 185.3144 174.7717 14.43770479379294
1 41181U 15081C   23058.29695483  .00000574  00000-0  21297-3 0    18
2 41181  47.0013 125.8251 0001858 185.3144 174.7717 14.43770479379182
1 41181U 15081C   23059.26580197  .00000614  00000-0  22464-3 0    13
2 41181  47.0012 121.3539 0001910 189.2986 170.7858 14.43772195379322
1 41181U 15081C   23059.88863225  .00000534  00000-0  20121-3 0    16
2 41181  47.0013 118.4797 0001932 192.1122 167.9711 14.43772604379416
1 41181U 15081C   23060.16544548  .00000531  00000-0  20037-3 0  1051
2 41181  47.0013 117.2022 0001951 193.2413 166.8416 14.43772966379567
1 41181U 15081C   23060.85747822  .00000497  00000-0  19070-3 0    18
2 41181  47.0013 114.0086 0001979 196.4972 163.5844 14.43773790379551
1 41181U 15081C   23061.54951052  .00000523  00000-0  19807-3 0  1061
2 41181  47.0013 110.8149 0002010 199.0140 161.0665 14.43774898379765
1 41181U 15081C   23061.54951052  .00000523  00000-0  19807-3 0    15
2 41181  47.0013 110.8149 0002010 199.0140 161.0665 14.43774898379653
1 41181U 15081C   23062.51835444  .00000613  00000-0  22426-3 0    10
2 41181  47.0013 106.3437 0002059 203.0633 157.0154 14.43776909379797
1 41181U 15081C   23062.79516684  .00000599  00000-0  22017-3 0  1078
2 41181  47.0013 105.0661 0002071 204.4157 155.6624 14.43777276379943
1 41181U 15081C   23062.79516684  .00000599  00000-0  22017-3 0    11
2 41181  47.0013 105.0661 0002071 204.4157 155.6624 14.43777276379831
1 41181U 15081C   23063.48719723  .00000669  00000-0  24066-3 0    11
2 41181  47.0014 101.8725 0002101 207.0314 153.0456 14.43778836379934
1 41181U 15081C   23063.83321243  .00000652  00000-0  23579-3 0  1084
2 41181  47.0014 100.2756 0002116 208.4495 151.6269 14.43779287380098
1 41181U 15081C   23063.83321243  .00000652  00000-0  23579-3 0    16
2 41181  47.0014 100.2756 0002116 208.4495 151.6269 14.43779287379984
1 41181U 15081C   23064.11002437  .00000650  00000-0  23515-3 0    17
2 41181  47.0014  98.9980 0002130 209.5299 150.5461 14.43779728380025
1 41181U 15081C   23064.80205361  .00000725  00000-0  25682-3 0    14
2 41181  47.0015  95.8043 0002158 212.1299 147.9450 14.43781360380126
1 41181U 15081C   23065.21727074  .00000787  00000-0  27506-3 0  1094
2 41181  47.0015  93.8880 0002178 213.6789 146.3953 14.43782463380299
1 41181U 15081C   23065.77089359  .00000737  00000-0  26037-3 0    16
2 41181  47.0015  91.3332 0002194 216.0947 143.9785 14.43783124380263
1 41181U 15081C   23066.46292120  .00000845  00000-0  29200-3 0  1101
2 41181  47.0016  88.1395 0002220 218.5851 141.4871 14.43785003380478
1 41181U 15081C   23066.73973175  .00001024  00000-0  34405-3 0    19
2 41181  47.0016  86.8620 0002229 219.7696 140.3020 14.43786592380404
1 41181U 15081C   23067.77777124  .00001038  00000-0  34804-3 0  1110
2 41181  47.0016  82.0714 0002274 223.4091 136.6609 14.43788845380669
1 41181U 15081C   23067.77777124  .00001038  00000-0  34804-3 0    18
2 41181  47.0016  82.0714 0002274 223.4091 136.6609 14.43788845380557
1 41181U 15081C   23068.74660664  .00000935  00000-0  31794-3 0    16
2 41181  47.0017  77.6000 0002314 226.6559 133.4128 14.43790411380693
1 41181U 15081C   23069.02341652  .00000977  00000-0  33028-3 0  1122
2 41181  47.0017  76.3224 0002326 227.6377 132.4306 14.43791215380846
1 41181U 15081C   23069.71544075  .00000888  00000-0  30428-3 0    11
2 41181  47.0018  73.1287 0002350 230.0134 130.0540 14.43792249380838
1 41181U 15081C   23070.13065475  .00000898  00000-0  30729-3 0  1130
2 41181  47.0018  71.2123 0002367 231.3647 128.7021 14.43793247381004
1 41181U 15081C   23070.47666627  .00000920  00000-0  31352-3 0    18
2 41181  47.0018  69.6155 0002367 232.5616 127.5049 14.43794150380942
1 41181U 15081C   23071.23789078  .00000917  00000-0  31280-3 0  1140
2 41181  47.0020  66.1022 0002393 235.1325 124.9330 14.43795918381167
1 41181U 15081C   23071.44549739  .00000885  00000-0  30358-3 0    15
2 41181  47.0020  65.1441 0002396 235.8330 124.2323 14.43796220381080
1 41181U 15081C   23072.41432759  .00000825  00000-0  28595-3 0  1156
2 41181  47.0021  60.6728 0002422 239.1506 120.9136 14.43797991381330
1 41181U 15081C   23072.41432759  .00000825  00000-0  28595-3 0    10
2 41181  47.0021  60.6728 0002422 239.1506 120.9136 14.43797991381228
1 41181U 15081C   23073.38315620  .00000818  00000-0  28402-3 0    13
2 41181  47.0023  56.2015 0002446 242.3125 117.7506 14.43800083381366
1 41181U 15081C   23073.65996392  .00000853  00000-0  29410-3 0  1160
2 41181  47.0023  54.9239 0002460 243.0565 117.0063 14.43800933381513
1 41181U 15081C   23073.65996392  .00000853  00000-0  29410-3 0    13
2 41181  47.0023  54.9239 0002460 243.0565 117.0063 14.43800933381401
1 41181U 15081C   23074.35198320  .00000855  00000-0  29475-3 0    19
2 41181  47.0025  51.7302 0002459 245.3308 114.7316 14.43802438381505
1 41181U 15081C   23074.90559796  .00000813  00000-0  28234-3 0    14
2 41181  47.0026  49.1750 0002474 247.2090 112.8528 14.43803437381582
1 41181U 15081C   23075.18240515  .00000834  00000-0  28859-3 0  1175
2 41181  47.0027  47.8976 0002485 247.9370 112.1246 14.43804181381732
1 41181U 15081C   23075.32080876  .00000829  00000-0  28699-3 0    11
2 41181  47.0027  47.2589 0002480 248.3871 111.6744 14.43804454381642
1 41181U 15081C   23075.87442330  .00000734  00000-0  25951-3 0    11
2 41181  47.0028  44.7038 0002494 250.2036 109.8574 14.43804993381721
1 41181U 15081C   23076.22043237  .00000720  00000-0  25544-3 0  1186
2 41181  47.0028  43.1069 0002500 251.1646 108.8962 14.43805507381882
1 41181U 15081C   23076.35883586  .00000716  00000-0  25405-3 0    11
2 41181  47.0029  42.4682 0002499 251.5811 108.4797 14.43805758381791
1 41181U 15081C   23076.63564262  .00000703  00000-0  25042-3 0    12
2 41181  47.0029  41.1907 0002510 252.6004 107.4602 14.43806280381837
1 41181U 15081C   23077.39686122  .00000661  00000-0  23830-3 0  1192
2 41181  47.0030  37.6776 0002522 254.9313 105.1288 14.43807451382055
1 41181U 15081C   23077.60446608  .00000639  00000-0  23186-3 0    18
2 41181  47.0031  36.7195 0002529 255.6118 104.4481 14.43807751381979
1 41181U 15081C   23078.57328858  .00000651  00000-0  23522-3 0    19
2 41181  47.0031  32.2483 0002525 258.9279 101.1317 14.43809528382113
1 41181U 15081C   23078.57328858  .00000651  00000-0  23522-3 0  1201
2 41181  47.0031  32.2483 0002525 258.9279 101.1317 14.43809528382225
1 41181U 15081C   23078.91929642  .00000623  00000-0  22706-3 0    17
2 41181  47.0031  30.6514 0002524 259.9812 100.0783 14.43809943382164
1 41181U 15081C   23079.54211019  .00000594  00000-0  21878-3 0    15
2 41181  47.0032  27.7772 0002525 262.0692  97.9901 14.43810842382256
1 41181U 15081C   23080.23412485  .00000586  00000-0  21633-3 0  1216
2 41181  47.0032  24.5833 0002519 264.2381  95.8211 14.43811956382462
1 41181U 15081C   23080.30332631  .00000584  00000-0  21570-3 0    13
2 41181  47.0032  24.2640 0002519 264.4690  95.5903 14.43812057382367
1 41181U 15081C   23081.34134736  .00000617  00000-0  22524-3 0  1225
2 41181  47.0034  19.4734 0002514 267.7821  92.2771 14.43813902382622
1 41181U 15081C   23081.34134736  .00000617  00000-0  22524-3 0    11
2 41181  47.0034  19.4734 0002514 267.7821  92.2771 14.43813902382510
1 41181U 15081C   23082.17176335  .00000660  00000-0  23793-3 0    11
2 41181  47.0035  15.6409 0002515 270.4470  89.6122 14.43815438382639
1 41181U 15081C   23083.14057624  .00001921  00000-0  60467-3 0  1233
2 41181  47.0035  11.1696 0002511 273.6658  86.3935 14.43825168382881
1 41181U 15081C   23083.27897801  .00001936  00000-0  60903-3 0    12
2 41181  47.0035  10.5309 0002510 274.1801  85.8792 14.43825682382796
1 41181U 15081C   23083.90179287  .00000843  00000-0  29116-3 0    10
2 41181  47.0036   7.6565 0002496 276.0077  84.0518 14.43819597382882
1 41181U 15081C   23084.10939642  .00000855  00000-0  29453-3 0  1245
2 41181  47.0037   6.6984 0002491 276.7239  83.3357 14.43819971383025
1 41181U 15081C   23084.24779862  .00000851  00000-0  29350-3 0    12
2 41181  47.0037   6.0598 0002501 277.2192  82.8403 14.43820206382934
1 41181U 15081C   23085.14741238  .00000813  00000-0  28248-3 0  1258
2 41181  47.0037   1.9079 0002495 280.1540  79.9058 14.43821672383172
1 41181U 15081C   23085.90862311  .00000749  00000-0  26367-3 0    19
2 41181  47.0038 358.3947 0002504 282.7451  77.3149 14.43822787383177
1 41181U 15081C   23086.18542698  .00000703  00000-0  25023-3 0  1269
2 41181  47.0038 357.1174 0002487 283.6069  76.4534 14.43823039383327
1 41181U 15081C   23086.18542698  .00000703  00000-0  25023-3 0    11
2 41181  47.0038 357.1174 0002487 283.6069  76.4534 14.43823039383215
1 41181U 15081C   23086.87743600  .00000669  00000-0  24031-3 0    12
2 41181  47.0038 353.9236 0002485 285.7239  74.3367 14.43824131383314
1 41181U 15081C   23087.22344032  .00000683  00000-0  24438-3 0  1274
2 41181  47.0038 352.3270 0002481 286.8015  73.2592 14.43824828383473
1 41181U 15081C   23087.22344032  .00000683  00000-0  24438-3 0    15
2 41181  47.0038 352.3270 0002481 286.8015  73.2592 14.43824828383361
1 41181U 15081C   23087.84624759  .00000677  00000-0  24283-3 0    11
2 41181  47.0037 349.4526 0002471 288.6530  71.4082 14.43825962383456
1 41181U 15081C   23088.12305082  .00000757  00000-0  26602-3 0    14
2 41181  47.0037 348.1752 0002457 289.6580  70.4034 14.43826854383494
1 41181U 15081C   23088.81505794  .00000755  00000-0  26551-3 0  1283
2 41181  47.0037 344.9814 0002429 291.6760  68.3861 14.43828198383700
1 41181U 15081C   23088.81505794  .00000755  00000-0  26551-3 0    13
2 41181  47.0037 344.9814 0002429 291.6760  68.3861 14.43828198383597
1 41181U 15081C   23089.85306778  .00000783  00000-0  27359-3 0    17
2 41181  47.0035 340.1912 0002385 294.9895  65.0737 14.43830252383745
1 41181U 15081C   23090.19907099  .00000796  00000-0  27742-3 0  1290
2 41181  47.0035 338.5946 0002379 296.0767  63.9868 14.43830855383906
1 41181U 15081C   23091.09867849  .00000715  00000-0  25368-3 0    10
2 41181  47.0034 334.4429 0002358 298.9562  61.1081 14.43831875383929
1 41181U 15081C   23091.92908464  .00000650  00000-0  23472-3 0    13
2 41181  47.0033 330.6103 0002330 301.5757  58.4895 14.43832840384041
1 41181U 15081C   23092.13668615  .00000656  00000-0  23670-3 0  1307
2 41181  47.0032 329.6523 0002325 302.3110  57.7545 14.43833174384180
1 41181U 15081C   23092.13668615  .00000656  00000-0  23670-3 0    14
2 41181  47.0032 329.6523 0002325 302.3110  57.7545 14.43833174384078
1 41181U 15081C   23092.82869070  .00000557  00000-0  20790-3 0    18
2 41181  47.0030 326.4584 0002296 304.3832  55.6831 14.43833706384175
1 41181U 15081C   23093.10549218  .00000586  00000-0  21614-3 0    17
2 41181  47.0029 325.1809 0002276 305.3828  54.6839 14.43834342384212
1 41181U 15081C   23093.79749586  .00000549  00000-0  20554-3 0  1317
2 41181  47.0029 321.9870 0002251 307.5118  52.5557 14.43835250384429
1 41181U 15081C   23093.79749586  .00000549  00000-0  20554-3 0    13
2 41181  47.0029 321.9870 0002251 307.5118  52.5557 14.43835250384317
1 41181U 15081C   23094.07429717  .00000544  00000-0  20397-3 0    16
2 41181  47.0028 320.7095 0002233 308.4670  51.6009 14.43835661384357
1 41181U 15081C   23094.83550059  .00000503  00000-0  19205-3 0  1320
2 41181  47.0027 317.1963 0002202 310.9340  49.1349 14.43836583384575
1 41181U 15081C   23095.04310143  .00000498  00000-0  19062-3 0    11
2 41181  47.0027 316.2382 0002195 311.7342  48.3350 14.43836858384491
1 41181U 15081C   23095.87350432  .00000462  00000-0  18006-3 0  1331
2 41181  47.0025 312.4055 0002160 314.3839  45.6863 14.43837857384721
1 41181U 15081C   23095.87350432  .00000462  00000-0  18006-3 0    15
2 41181  47.0025 312.4055 0002160 314.3839  45.6863 14.43837857384619
1 41181U 15081C   23096.56550643  .00000418  00000-0  16725-3 0    15
2 41181  47.0024 309.2115 0002137 316.5875  43.4836 14.43838520384712
1 41181U 15081C   23096.91150732  .00000411  00000-0  16539-3 0    15
2 41181  47.0023 307.6146 0002112 317.6922  42.3794 14.43838944384761
1 41181U 15081C   23097.04990763  .00000412  00000-0  16563-3 0  1341
2 41181  47.0023 306.9758 0002104 318.2079  41.8640 14.43839144384894
1 41181U 15081C   23097.60350869  .00000444  00000-0  17502-3 0    12
2 41181  47.0022 304.4207 0002085 319.9956  40.0769 14.43840046384868
1 41181U 15081C   23098.57231015  .00000407  00000-0  16419-3 0  1353
2 41181  47.0021 299.9493 0002045 323.4225  36.6515 14.43841052385114
1 41181U 15081C   23099.54111092  .00000380  00000-0  15619-3 0    16
2 41181  47.0019 295.4778 0002008 326.8594  33.2160 14.43842020385141
1 41181U 15081C   23099.61031095  .00000377  00000-0  15540-3 0  1366
2 41181  47.0019 295.1584 0002003 327.1066  32.9689 14.43842089385266
1 41181U 15081C   23099.88711100  .00000414  00000-0  16624-3 0    14
2 41181  47.0018 293.8809 0001988 328.0963  31.9796 14.43842603385199
1 41181U 15081C   23100.57911055  .00000465  00000-0  18096-3 0    15
2 41181  47.0017 290.6868 0001940 330.2799  29.7970 14.43843751385293
1 41181U 15081C   23100.85591035  .00000447  00000-0  17579-3 0  1373
2 41181  47.0017 289.4093 0001917 331.2886  28.7888 14.43843986385445
1 41181U 15081C   23101.54790945  .00000487  00000-0  18748-3 0    14
2 41181  47.0017 286.2152 0001884 333.7433  26.3351 14.43845054385430
1 41181U 15081C   23101.61710933  .00000486  00000-0  18705-3 0    13
2 41181  47.0016 285.8958 0001878 334.0030  26.0755 14.43845135385444
1 41181U 15081C   23102.79350681  .00000454  00000-0  17773-3 0  1383
2 41181  47.0015 280.4660 0001816 338.4094  21.6709 14.43846433385727
1 41181U 15081C   23103.20870553  .00000487  00000-0  18753-3 0    19
2 41181  47.0015 278.5496 0001804 340.0940  19.9869 14.43847170385678
1 41181U 15081C   23104.17750181  .00000552  00000-0  20627-3 0    16
2 41181  47.0015 274.0780 0001756 343.8327  16.2496 14.43848850385819
1 41181U 15081C   23105.49229512  .00000674  00000-0  24185-3 0  1403
2 41181  47.0014 268.0094 0001681 348.8485  11.2357 14.43851393386117
1 41181U 15081C   23105.49229512  .00000674  00000-0  24185-3 0    19
2 41181  47.0014 268.0094 0001681 348.8485  11.2357 14.43851393386005
1 41181U 15081C   23105.83829301  .00000668  00000-0  24016-3 0    15
2 41181  47.0014 266.4125 0001661 350.4458   9.6390 14.43851917386054
1 41181U 15081C   23106.73788669  .00000745  00000-0  26230-3 0  1417
2 41181  47.0014 262.2604 0001608 353.8799   6.2061 14.43853817386291
1 41181U 15081C   23106.73788669  .00000745  00000-0  26230-3 0    12
2 41181  47.0014 262.2604 0001608 353.8799   6.2061 14.43853817386189
1 41181U 15081C   23107.56827987  .00000776  00000-0  27153-3 0    10
2 41181  47.0014 258.4276 0001560 357.3167   2.7704 14.43855440386309
1 41181U 15081C   23107.84507739  .00000793  00000-0  27643-3 0    14
2 41181  47.0013 257.1501 0001548 358.6783   1.4093 14.43856017386341
1 41181U 15081C   23108.39867222  .00000783  00000-0  27331-3 0    14
2 41181  47.0013 254.5948 0001516   0.7799 359.3083 14.43856917386426
1 41181U 15081C   23108.81386776  .00000802  00000-0  27883-3 0  1432
2 41181  47.0014 252.6786 0001491   2.5130 357.5757 14.43857873386595
1 41181U 15081C   23108.81386776  .00000802  00000-0  27883-3 0    15
2 41181  47.0014 252.6786 0001491   2.5130 357.5757 14.43857873386483
1 41181U 15081C   23109.57505950  .00000787  00000-0  27469-3 0    18
2 41181  47.0013 249.1652 0001444   5.8371 354.2526 14.43859191386591
1 41181U 15081C   23109.85185604  .00000821  00000-0  28436-3 0    13
2 41181  47.0013 247.8877 0001431   7.1315 352.9585 14.43859969386632
1 41181U 15081C   23110.05945354  .00000805  00000-0  27987-3 0  1443
2 41181  47.0013 246.9295 0001420   7.8472 352.2430 14.43860297386778
1 41181U 15081C   23110.47464880  .00000711  00000-0  25255-3 0    13
2 41181  47.0013 245.0130 0001391   9.8182 350.2724 14.43860454386727
1 41181U 15081C   23110.82064434  .00000683  00000-0  24420-3 0    14
2 41181  47.0013 243.4161 0001373  11.6567 348.4344 14.43860972386778
1 41181U 15081C   23111.51263531  .00000615  00000-0  22456-3 0  1451
2 41181  47.0014 240.2221 0001331  14.7610 345.3308 14.43861832386983
1 41181U 15081C   23111.51263531  .00000615  00000-0  22456-3 0    12
2 41181  47.0014 240.2221 0001331  14.7610 345.3308 14.43861832386871
1 41181U 15081C   23111.78943146  .00000634  00000-0  22994-3 0    16
2 41181  47.0014 238.9446 0001319  16.2625 343.8296 14.43862434386916
1 41181U 15081C   23112.48142156  .00000591  00000-0  21748-3 0    14
2 41181  47.0013 235.7506 0001278  19.4915 340.6013 14.43863389387012
1 41181U 15081C   23112.75821754  .00000552  00000-0  20609-3 0    14
2 41181  47.0014 234.4730 0001267  21.1334 338.9598 14.43863624387055
1 41181U 15081C   23113.51940589  .00000602  00000-0  22075-3 0    12
2 41181  47.0014 230.9597 0001227  25.0438 335.0501 14.43865118387165
1 41181U 15081C   23113.72700263  .00000593  00000-0  21829-3 0    13
2 41181  47.0013 230.0014 0001228  26.4758 333.6185 14.43865394387191
1 41181U 15081C   23114.00379784  .00000640  00000-0  23168-3 0  1477
2 41181  47.0014 228.7239 0001216  27.7623 332.3321 14.43866197387344
1 41181U 15081C   23114.48818732  .00001112  00000-0  36896-3 0    16
2 41181  47.0014 226.4880 0001192  30.4359 329.6590 14.43870258387307
1 41181U 15081C   23115.04177948  .00000657  00000-0  23664-3 0  1480
2 41181  47.0014 223.9330 0001166  33.6587 326.4367 14.43868217387497
1 41181U 15081C   23115.24937605  .00000612  00000-0  22363-3 0    10
2 41181  47.0014 222.9747 0001154  34.8610 325.2345 14.43868221387415
1 41181U 15081C   23116.28735718  .00000472  00000-0  18302-3 0    18
2 41181  47.0015 218.1839 0001107  41.1594 318.9369 14.43869097387568
1 41181U 15081C   23117.46373435  .00000411  00000-0  16515-3 0    10
2 41181  47.0014 212.7543 0001048  48.7659 311.3311 14.43870563387731
1 41181U 15081C   23117.46373435  .00000411  00000-0  16515-3 0  1505
2 41181  47.0014 212.7543 0001048  48.7659 311.3311 14.43870563387843
1 41181U 15081C   23118.43251472  .00000368  00000-0  15283-3 0    16
2 41181  47.0013 208.2829 0001014  55.4808 304.6168 14.43871707387872
1 41181U 15081C   23119.19369886  .00000300  00000-0  13304-3 0  1513
2 41181  47.0011 204.7696 0000989  60.4071 299.6907 14.43872328388090
1 41181U 15081C   23119.40129444  .00000284  00000-0  12818-3 0    15
2 41181  47.0011 203.8114 0000982  62.3449 297.7530 14.43872517388011
1 41181U 15081C   23120.23167658  .00000276  00000-0  12586-3 0  1527
2 41181  47.0010 199.9787 0000965  68.1445 291.9537 14.43873431388246
1 41181U 15081C   23120.23167658  .00000276  00000-0  12586-3 0    10
2 41181  47.0010 199.9787 0000965  68.1445 291.9537 14.43873431388134
1 41181U 15081C   23121.40805062  .00000273  00000-0  12496-3 0  1533
2 41181  47.0008 194.5490 0000939  77.2917 282.8068 14.43874561388413
1 41181U 15081C   23121.40805062  .00000273  00000-0  12496-3 0    15
2 41181  47.0008 194.5490 0000939  77.2917 282.8068 14.43874561388301
1 41181U 15081C   23122.51522560  .00000282  00000-0  12778-3 0  1549
2 41181  47.0006 189.4387 0000921  85.8220 274.2765 14.43875530388575
1 41181U 15081C   23123.48400312  .00000266  00000-0  12305-3 0    15
2 41181  47.0005 184.9671 0000915  93.2710 266.8275 14.43876250388607
1 41181U 15081C   23124.17598663  .00000253  00000-0  11914-3 0  1550
2 41181  47.0004 181.7732 0000918  98.5415 261.5569 14.43876782388813
1 41181U 15081C   23124.52197819  .00000277  00000-0  12635-3 0    14
2 41181  47.0003 180.1762 0000914 100.9479 259.1503 14.43877229388753
1 41181U 15081C   23124.86796980  .00000269  00000-0  12397-3 0    11
2 41181  47.0003 178.5792 0000896 103.2939 256.8040 14.43877461388807
1 41181U 15081C   23125.21396126  .00000264  00000-0  12251-3 0  1564
2 41181  47.0003 176.9821 0000898 106.4171 253.6807 14.43877726388964
1 41181U 15081C   23125.83674570  .00000288  00000-0  12942-3 0    16
2 41181  47.0003 174.1076 0000897 111.3418 248.7557 14.43878393388940
1 41181U 15081C   23126.18273715  .00000361  00000-0  15076-3 0    14
2 41181  47.0003 172.5105 0000907 114.0141 246.0833 14.43879012388992
1 41181U 15081C   23126.94391737  .00000393  00000-0  16003-3 0  1571
2 41181  47.0002 168.9971 0000924 119.4006 240.6966 14.43879956389219
1 41181U 15081C   23127.15151212  .00000390  00000-0  15900-3 0    17
2 41181  47.0002 168.0389 0000933 121.0864 239.0107 14.43880075389138
1 41181U 15081C   23127.84349372  .00000376  00000-0  15504-3 0    13
2 41181  47.0002 164.8449 0000949 125.9289 234.1679 14.43880738389237
1 41181U 15081C   23128.39707891  .00000358  00000-0  14980-3 0  1588
2 41181  47.0001 162.2896 0000963 129.9841 230.1124 14.43881162389422
1 41181U 15081C   23128.81226748  .00000339  00000-0  14435-3 0    13
2 41181  47.0001 160.3733 0000974 132.6850 227.4111 14.43881534389376
1 41181U 15081C   23130.54221923  .00000381  00000-0  15650-3 0    13
2 41181  47.0000 152.3882 0001040 143.9409 216.1541 14.43883435389623
1 41181U 15081C   23130.74981316  .00000398  00000-0  16134-3 0    10
2 41181  47.0000 151.4299 0001045 145.3443 214.7505 14.43883777389650
1 41181U 15081C   23130.95740714  .00000400  00000-0  16186-3 0    19
2 41181  47.0000 150.4716 0001053 146.7348 213.3598 14.43883994389682
1 41181U 15081C   23131.71858511  .00000372  00000-0  15396-3 0    19
2 41181  46.9999 146.9581 0001086 151.0255 209.0685 14.43884594389797
1 41181U 15081C   23131.92617902  .00000365  00000-0  15168-3 0  1615
2 41181  46.9999 145.9999 0001097 152.3027 207.7911 14.43884743389931
1 41181U 15081C   23131.92617902  .00000365  00000-0  15168-3 0    18
2 41181  46.9999 145.9999 0001097 152.3027 207.7911 14.43884743389829
1 41181U 15081C   23133.17174165  .00000359  00000-0  14994-3 0  1623
2 41181  46.9999 140.2503 0001166 159.2882 200.8045 14.43885975390114
1 41181U 15081C   23133.44853322  .00000309  00000-0  13563-3 0    10
2 41181  46.9999 138.9727 0001182 160.6903 199.4021 14.43885982390041
1 41181U 15081C   23133.72532468  .00000303  00000-0  13362-3 0    17
2 41181  47.0000 137.6951 0001194 162.3791 197.7130 14.43886238390089
1 41181U 15081C   23134.27890752  .00000322  00000-0  13931-3 0  1633
2 41181  47.0001 135.1397 0001220 165.1212 194.9704 14.43886870390275
1 41181U 15081C   23134.48650111  .00000288  00000-0  12929-3 0    17
2 41181  47.0001 134.1816 0001222 165.7580 194.3335 14.43886881390193
1 41181U 15081C   23134.69409457  .00000283  00000-0  12808-3 0    16
2 41181  47.0002 133.2235 0001225 166.8168 193.2744 14.43887084390228
1 41181U 15081C   23135.24767700  .00000289  00000-0  12960-3 0    11
2 41181  47.0002 130.6681 0001264 169.7266 190.3639 14.43887656390303
1 41181U 15081C   23135.66286372  .00000276  00000-0  12599-3 0  1642
2 41181  47.0003 128.7518 0001278 171.5470 188.5431 14.43888023390470
1 41181U 15081C   23136.28564369  .00000282  00000-0  12771-3 0    15
2 41181  47.0004 125.8772 0001309 174.3309 185.7586 14.43888640390451
1 41181U 15081C   23136.97762101  .00000233  00000-0  11349-3 0  1652
2 41181  47.0005 122.6830 0001350 177.5047 182.5839 14.43889069390667
1 41181U 15081C   23137.66959796  .00000212  00000-0  10725-3 0    10
2 41181  47.0007 119.4891 0001384 180.4337 179.6542 14.43889666390652
1 41181U 15081C   23138.08478397  .00000211  00000-0  10690-3 0  1662
2 41181  47.0007 117.5724 0001411 182.1554 177.9320 14.43890051390821
1 41181U 15081C   23138.43077230  .00000196  00000-0  10260-3 0    15
2 41181  47.0007 115.9755 0001416 182.9731 177.1140 14.43890301390760
1 41181U 15081C   23139.19194644  .00000215  00000-0  10805-3 0  1678
2 41181  47.0008 112.4620 0001460 186.3726 173.7136 14.43891053390981
1 41181U 15081C   23139.33034173  .00000212  00000-0  10724-3 0    18
2 41181  47.0008 111.8232 0001466 186.8179 173.2681 14.43891159390893
1 41181U 15081C   23140.64509561  .00000329  00000-0  14132-3 0  1682
2 41181  47.0010 105.7545 0001532 192.2937 167.7906 14.43893082391191
1 41181U 15081C   23140.64509561  .00000329  00000-0  14132-3 0    18
2 41181  47.0010 105.7545 0001532 192.2937 167.7906 14.43893082391089
1 41181U 15081C   23141.26787359  .00000332  00000-0  14219-3 0    10
2 41181  47.0011 102.8799 0001568 194.3594 165.7241 14.43893636391175
1 41181U 15081C   23142.16744093  .00000404  00000-0  16321-3 0  1699
2 41181  47.0012  98.7275 0001613 197.7623 162.3200 14.43894932391414
1 41181U 15081C   23142.23663838  .00000407  00000-0  16382-3 0    19
2 41181  47.0012  98.4082 0001615 197.9739 162.1084 14.43895016391310
1 41181U 15081C   23143.27460045  .00000381  00000-0  15627-3 0  1708
2 41181  47.0014  93.6171 0001667 201.7798 158.3011 14.43895782391579
1 41181U 15081C   23143.27460045  .00000381  00000-0  15627-3 0    11
2 41181  47.0014  93.6171 0001667 201.7798 158.3011 14.43895782391467
1 41181U 15081C   23144.24336424  .00000375  00000-0  15461-3 0    11
2 41181  47.0016  89.1455 0001719 205.4282 154.6513 14.43896671391601
1 41181U 15081C   23146.18088985  .00000270  00000-0  12424-3 0  1710
2 41181  47.0020  80.2023 0001815 212.3258 147.7511 14.43898058391990
1 41181U 15081C   23147.21884901  .00000240  00000-0  11546-3 0  1729
2 41181  47.0022  75.4114 0001863 216.0196 144.0558 14.43898900392149
1 41181U 15081C   23147.49563800  .00000246  00000-0  11707-3 0    17
2 41181  47.0023  74.1338 0001875 217.0715 143.0035 14.43899196392074
1 41181U 15081C   23148.04921595  .00000244  00000-0  11659-3 0    12
2 41181  47.0023  71.5786 0001904 218.7940 141.2803 14.43899660392151
1 41181U 15081C   23148.74118797  .00000292  00000-0  13066-3 0  1738
2 41181  47.0024  68.3846 0001933 221.1136 138.9598 14.43900568392367
1 41181U 15081C   23148.87958235  .00000296  00000-0  13158-3 0    17
2 41181  47.0024  67.7459 0001942 221.3303 138.7430 14.43900725392276
1 41181U 15081C   23149.08717388  .00000298  00000-0  13240-3 0    17
2 41181  47.0024  66.7877 0001946 221.9935 138.0796 14.43900934392304
1 41181U 15081C   23149.77914556  .00000259  00000-0  12100-3 0  1741
2 41181  47.0025  63.5937 0001975 224.3517 135.7204 14.43901347392512
1 41181U 15081C   23149.84834265  .00000261  00000-0  12160-3 0    15
2 41181  47.0025  63.2743 0001978 224.2762 135.7960 14.43901450392411
1 41181U 15081C   23150.12513129  .00000248  00000-0  11778-3 0    10
2 41181  47.0025  61.9968 0001985 225.2588 134.8130 14.43901606392456
1 41181U 15081C   23150.88629950  .00000259  00000-0  12094-3 0    17
2 41181  47.0026  58.4834 0002018 227.6086 132.4624 14.43902376392566
1 41181U 15081C   23151.09389084  .00000259  00000-0  12098-3 0  1758
2 41181  47.0026  57.5253 0002022 228.5152 131.5554 14.43902541392702
1 41181U 15081C   23151.09389084  .00000259  00000-0  12098-3 0    16
2 41181  47.0026  57.5253 0002022 228.5152 131.5554 14.43902541392599
1 41181U 15081C   23151.85505860  .00000294  00000-0  13116-3 0    13
2 41181  47.0027  54.0119 0002056 230.9238 129.1459 14.43903426392705
1 41181U 15081C   23152.13184687  .00000312  00000-0  13646-3 0  1767
2 41181  47.0027  52.7343 0002055 231.6231 128.4464 14.43903756392859
1 41181U 15081C   23152.96221128  .00000316  00000-0  13736-3 0    11
2 41181  47.0026  48.9015 0002080 233.3945 126.6744 14.43904516392867
1 41181U 15081C   23153.10060546  .00000293  00000-0  13078-3 0    16
2 41181  47.0026  48.2628 0002084 233.9813 126.0874 14.43904475392888
1 41181U 15081C   23154.06936319  .00000326  00000-0  14035-3 0  1777
2 41181  47.0028  43.7912 0002115 236.8969 123.1707 14.43905577393131
1 41181U 15081C   23154.06936319  .00000326  00000-0  14035-3 0    13
2 41181  47.0028  43.7912 0002115 236.8969 123.1707 14.43905577393029
1 41181U 15081C   23154.83052962  .00000314  00000-0  13681-3 0    14
2 41181  47.0028  40.2778 0002141 239.1569 120.9100 14.43906221393133
1 41181U 15081C   23155.03812047  .00000308  00000-0  13510-3 0    19
2 41181  47.0028  39.3196 0002142 240.0355 120.0312 14.43906357393160
1 41181U 15081C   23155.73008960  .00000280  00000-0  12708-3 0  1789
2 41181  47.0030  36.1255 0002162 242.2915 117.7745 14.43906833393377
1 41181U 15081C   23155.93768027  .00000277  00000-0  12627-3 0    19
2 41181  47.0031  35.1673 0002170 243.0018 117.0641 14.43907002393291
1 41181U 15081C   23156.90643637  .00000293  00000-0  13079-3 0    16
2 41181  47.0031  30.6959 0002189 245.5316 114.5336 14.43907992393433
1 41181U 15081C   23156.97563322  .00000292  00000-0  13058-3 0  1797
2 41181  47.0031  30.3765 0002187 245.6418 114.4234 14.43908055393557
1 41181U 15081C   23156.97563322  .00000292  00000-0  13058-3 0    11
2 41181  47.0031  30.3765 0002187 245.6418 114.4234 14.43908055393445
1 41181U 15081C   23157.87519183  .00000310  00000-0  13568-3 0    14
2 41181  47.0032  26.2244 0002204 247.9385 112.1261 14.43909030393573
1 41181U 15081C   23158.08278214  .00000311  00000-0  13616-3 0  1808
2 41181  47.0031  25.2662 0002209 248.9019 111.1624 14.43909255393712
1 41181U 15081C   23158.08278214  .00000311  00000-0  13616-3 0    10
2 41181  47.0031  25.2662 0002209 248.9019 111.1624 14.43909255393600
1 41181U 15081C   23158.91314342  .00000314  00000-0  13675-3 0    13
2 41181  47.0032  21.4335 0002224 251.4823 108.5815 14.43910046393720
1 41181U 15081C   23159.05153691  .00000313  00000-0  13670-3 0    11
2 41181  47.0031  20.7947 0002222 251.8602 108.2036 14.43910185393745
1 41181U 15081C   23159.88189767  .00000320  00000-0  13860-3 0  1813
2 41181  47.0031  16.9619 0002239 254.7337 105.3295 14.43910974393979
1 41181U 15081C   23160.29707803  .00000302  00000-0  13327-3 0    16
2 41181  47.0030  15.0455 0002248 256.0334 104.0296 14.43911217393921
1 41181U 15081C   23160.71225809  .00000301  00000-0  13313-3 0    18
2 41181  47.0030  13.1290 0002256 257.1174 102.9454 14.43911606393981
1 41181U 15081C   23160.98904483  .00000301  00000-0  13319-3 0  1825
2 41181  47.0030  11.8515 0002255 257.9514 102.1113 14.43911850394134
1 41181U 15081C   23161.54261803  .00000311  00000-0  13604-3 0    18
2 41181  47.0030   9.2962 0002268 259.7246 100.3378 14.43912411394101
1 41181U 15081C   23161.61181464  .00000310  00000-0  13570-3 0    11
2 41181  47.0030   8.9767 0002268 259.8491 100.2133 14.43912481394119
1 41181U 15081C   23162.30378061  .00000350  00000-0  14736-3 0  1839
2 41181  47.0030   5.7828 0002270 261.7159  98.3464 14.43913440394321
1 41181U 15081C   23162.58056699  .00000345  00000-0  14591-3 0    11
2 41181  47.0029   4.5050 0002273 262.4448  97.6174 14.43913666394257
1 41181U 15081C   23162.92654985  .00000341  00000-0  14485-3 0    19
2 41181  47.0029   2.9081 0002271 263.5005  96.5616 14.43913994394301
1 41181U 15081C   23163.27253271  .00000317  00000-0  13775-3 0    15
2 41181  47.0029   1.3110 0002277 264.7129  95.3491 14.43914189394353
1 41181U 15081C   23163.68771204  .00000302  00000-0  13341-3 0  1846
2 41181  47.0029 359.3945 0002280 265.7799  94.2820 14.43914485394525
1 41181U 15081C   23163.89530166  .00000325  00000-0  13998-3 0    10
2 41181  47.0029 358.4364 0002277 266.3850  93.6769 14.43914790394446
1 41181U 15081C   23164.58726693  .00000281  00000-0  12734-3 0    17
2 41181  47.0029 355.2422 0002285 268.3104  91.7514 14.43915162394541
1 41181U 15081C   23164.79485651  .00000275  00000-0  12555-3 0  1853
2 41181  47.0029 354.2840 0002283 269.0116  91.0502 14.43915298394688
1 41181U 15081C   23164.79485651  .00000275  00000-0  12555-3 0    10
2 41181  47.0029 354.2840 0002283 269.0116  91.0502 14.43915298394576
1 41181U 15081C   23165.55601794  .00000269  00000-0  12367-3 0    17
2 41181  47.0029 350.7705 0002283 271.1191  88.9427 14.43915914394682
1 41181U 15081C   23165.90200022  .00000264  00000-0  12224-3 0    12
2 41181  47.0028 349.1736 0002279 272.0055  88.0564 14.43916219394739
1 41181U 15081C   23165.90200022  .00000264  00000-0  12224-3 0  1866
2 41181  47.0028 349.1736 0002279 272.0055  88.0564 14.43916219394841
1 41181U 15081C   23166.52476815  .00000273  00000-0  12489-3 0    19
2 41181  47.0028 346.2989 0002284 273.7791  86.2827 14.43916838394827
1 41181U 15081C   23167.21673191  .00000319  00000-0  13832-3 0  1871
2 41181  47.0029 343.1050 0002281 276.0163  84.0457 14.43917851395034
1 41181U 15081C   23167.56271378  .00000319  00000-0  13839-3 0    12
2 41181  47.0029 341.5079 0002279 276.9235  83.1385 14.43918180394971
1 41181U 15081C   23167.83949930  .00000291  00000-0  13006-3 0    13
2 41181  47.0029 340.2304 0002274 277.9195  82.1427 14.43918278395019
1 41181U 15081C   23168.46226646  .00000284  00000-0  12802-3 0    10
2 41181  47.0029 337.3557 0002277 279.7507  80.3115 14.43918799395108
1 41181U 15081C   23168.73905175  .00000280  00000-0  12693-3 0  1881
2 41181  47.0029 336.0781 0002274 280.4664  79.5960 14.43919049395256
1 41181U 15081C   23168.73905175  .00000280  00000-0  12693-3 0    15
2 41181  47.0029 336.0781 0002274 280.4664  79.5960 14.43919049395144
1 41181U 15081C   23169.29262221  .00000297  00000-0  13180-3 0    15
2 41181  47.0030 333.5229 0002276 282.1766  77.8859 14.43919664395229
1 41181U 15081C   23169.70779987  .00000296  00000-0  13153-3 0    12
2 41181  47.0029 331.6065 0002269 283.3194  76.7433 14.43920079395288
1 41181U 15081C   23170.12297737  .00000310  00000-0  13576-3 0  1891
2 41181  47.0029 329.6902 0002263 284.7084  75.3545 14.43920609395459
1 41181U 15081C   23170.46895861  .00000311  00000-0  13597-3 0    17
2 41181  47.0029 328.0931 0002259 285.6939  74.3691 14.43920938395397
1 41181U 15081C   23170.74574348  .00000315  00000-0  13716-3 0    19
2 41181  47.0029 326.8156 0002255 286.5417  73.5215 14.43921261395437
1 41181U 15081C   23171.16092064  .00000316  00000-0  13748-3 0  1901
2 41181  47.0029 324.8992 0002253 287.8541  72.2093 14.43921731395604
1 41181U 15081C   23171.43770543  .00000315  00000-0  13724-3 0    10
2 41181  47.0028 323.6215 0002248 288.6712  71.3923 14.43921986395537
1 41181U 15081C   23171.85288240  .00000324  00000-0  13982-3 0    10
2 41181  47.0028 321.7051 0002238 289.9044  70.1594 14.43922489395591
1 41181U 15081C   23172.54484383  .00000331  00000-0  14177-3 0    18
2 41181  47.0028 318.5110 0002229 291.8941  68.1701 14.43923233395695
1 41181U 15081C   23172.75243224  .00000331  00000-0  14174-3 0  1915
2 41181  47.0028 317.5528 0002220 293.1109  66.9536 14.43923437395833
1 41181U 15081C   23173.79037359  .00000384  00000-0  15723-3 0  1920
2 41181  47.0028 312.7618 0002200 296.3207  63.7446 14.43924804395982
1 41181U 15081C   23175.10509816  .00000394  00000-0  16021-3 0  1933
2 41181  47.0028 306.6932 0002180 300.1899  59.8764 14.43926259396178
1 41181U 15081C   23176.69660490  .00000377  00000-0  15526-3 0  1945
2 41181  47.0027 299.3469 0002138 305.2316  54.8363 14.43927961396400
1 41181U 15081C   23177.73454318  .00000361  00000-0  15040-3 0  1956
2 41181  47.0027 294.5560 0002110 308.3346  51.7344 14.43928998396558
1 41181U 15081C   23179.25685133  .00000269  00000-0  12373-3 0  1960
2 41181  47.0023 287.5291 0002068 313.0424  47.0282 14.43930122396774
1 41181U 15081C   23180.36398366  .00000224  00000-0  11071-3 0  1979
2 41181  47.0021 282.4186 0002026 316.5073  43.5647 14.43930996396934
1 41181U 15081C   23181.54031109  .00000198  00000-0  10316-3 0  1981
2 41181  47.0020 276.9888 0001982 320.5487  39.5248 14.43931909397101
1 41181U 15081C   23182.64744218  .00000178  00000-0  97329-4 0  1994
2 41181  47.0017 271.8783 0001930 324.3757  35.6994 14.43932680397269
1 41181U 15081C   23183.96215950  .00000174  00000-0  96194-4 0  2004
2 41181  47.0015 265.8094 0001871 328.9193  31.1576 14.43933680397452
1 41181U 15081C   23185.48446272  .00000180  00000-0  97926-4 0  2018
2 41181  47.0013 258.7821 0001797 334.2085  25.8705 14.43934788397674
1 41181U 15081C   23186.66078725  .00000164  00000-0  93327-4 0  2027
2 41181  47.0011 253.3521 0001746 338.2490  21.8315 14.43935498397849
1 41181U 15081C   23188.32147955  .00000212  00000-0  10708-3 0  2030
2 41181  47.0008 245.6860 0001662 344.0984  15.9844 14.43936897398087
1 41181U 15081C   23189.42860705  .00000203  00000-0  10457-3 0  2049
2 41181  47.0006 240.5754 0001609 348.7915  11.2929 14.43937605398246
1 41181U 15081C   23190.46653887  .00000147  00000-0  88380-4 0  2055
2 41181  47.0004 235.7841 0001552 352.9510   7.1347 14.43937883398394
1 41181U 15081C   23191.57366551  .00000134  00000-0  84470-4 0  2060
2 41181  47.0002 230.6734 0001491 357.8352   2.2521 14.43938474398552
1 41181U 15081C   23192.81918225  .00000149  00000-0  88871-4 0  2075
2 41181  47.0000 224.9237 0001432   3.1069 356.9819 14.43939333398739
1 41181U 15081C   23194.47987040  .00000192  00000-0  10135-3 0  2086
2 41181  47.0000 217.2576 0001343  11.3429 348.7481 14.43940503398973
1 41181U 15081C   23195.72538539  .00000223  00000-0  11034-3 0  2095
2 41181  47.0000 211.5080 0001282  17.3437 342.7487 14.43941500399156
1 41181U 15081C   23197.17848517  .00000196  00000-0  10269-3 0  2106
2 41181  47.0000 204.7999 0001206  25.1137 334.9801 14.43942413399369
1 41181U 15081C   23198.42399827  .00000236  00000-0  11415-3 0  2110
2 41181  47.0000 199.0505 0001161  32.3203 327.7747 14.43943596399544
1 41181U 15081C   23199.46192495  .00000248  00000-0  11773-3 0  2128
2 41181  47.0000 194.2592 0001113  38.5042 321.5917 14.43944556399697
1 41181U 15081C   23202.09133620  .00000319  00000-0  13837-3 0  2130
2 41181  47.0001 182.1209 0001005  56.1471 303.9504 14.43947287400076
1 41181U 15081C   23205.34349653  .00000328  00000-0  14072-3 0    13
2 41181  47.0005 167.1081 0000961  80.4809 279.6179 14.43950326400431
1 41181U 15081C   23206.31222366  .00000350  00000-0  14730-3 0    18
2 41181  47.0007 162.6364 0000948  88.1563 271.9425 14.43951387400576
1 41181U 15081C   23207.28094992  .00000388  00000-0  15821-3 0    10
2 41181  47.0009 158.1646 0000958  95.9442 264.1547 14.43952606400714
1 41181U 15081C   23208.24967541  .00000383  00000-0  15680-3 0  2173
2 41181  47.0011 153.6928 0000962 103.5425 256.5562 14.43953647400967
1 41181U 15081C   23208.24967541  .00000383  00000-0  15680-3 0    14
2 41181  47.0011 153.6928 0000962 103.5425 256.5562 14.43953647400855
1 41181U 15081C   23208.87242742  .00000341  00000-0  14469-3 0    10
2 41181  47.0012 150.8180 0000984 107.4902 252.6086 14.43954056400945
1 41181U 15081C   23209.28759516  .00000320  00000-0  13844-3 0  2181
2 41181  47.0012 148.9017 0001007 110.1613 249.9376 14.43954411401115
1 41181U 15081C   23209.56437359  .00000308  00000-0  13498-3 0    11
2 41181  47.0013 147.6238 0001016 112.3326 247.7662 14.43954636401047
1 41181U 15081C   23210.53309740  .00000335  00000-0  14284-3 0  2197
2 41181  47.0013 143.1518 0001044 119.3417 240.7567 14.43955861401293
1 41181U 15081C   23212.05537623  .00000364  00000-0  15137-3 0  2201
2 41181  47.0015 136.1246 0001102 130.0316 230.0660 14.43957681401511
1 41181U 15081C   23213.16248714  .00000363  00000-0  15096-3 0  2218
2 41181  47.0015 131.0139 0001152 137.0669 223.0300 14.43958851401679
1 41181U 15081C   23214.20040255  .00000376  00000-0  15485-3 0  2221
2 41181  47.0016 126.2226 0001199 143.4170 216.6792 14.43960096401826
1 41181U 15081C   23215.99945381  .00000451  00000-0  17656-3 0  2239
2 41181  47.0018 117.9176 0001297 153.8150 206.2796 14.43962509402080
1 41181U 15081C   23217.03736685  .00000434  00000-0  17161-3 0  2244
2 41181  47.0019 113.1262 0001351 159.5647 200.5287 14.43963604402236
1 41181U 15081C   23218.14447323  .00000391  00000-0  15913-3 0  2251
2 41181  47.0019 108.0155 0001421 164.9013 195.1909 14.43964643402396
1 41181U 15081C   23219.18238442  .00000379  00000-0  15565-3 0  2266
2 41181  47.0020 103.2242 0001486 169.8829 190.2080 14.43965805402546
1 41181U 15081C   23220.35868253  .00000446  00000-0  17505-3 0  2278
2 41181  47.0021  97.7940 0001556 175.6529 184.4364 14.43967582402712
1 41181U 15081C   23222.08853151  .00000323  00000-0  13947-3 0  2282
2 41181  47.0020  89.8084 0001676 182.7917 177.2954 14.43968768402964
1 41181U 15081C   23223.33402147  .00000258  00000-0  12046-3 0  2293
2 41181  47.0020  84.0587 0001738 188.3239 171.7612 14.43969682403144
1 41181U 15081C   23224.85628576  .00000300  00000-0  13277-3 0  2304
2 41181  47.0020  77.0312 0001833 194.4078 165.6749 14.43971261403360
1 41181U 15081C   23226.03257984  .00000300  00000-0  13270-3 0  2311
2 41181  47.0021  71.6010 0001893 199.0269 161.0540 14.43972343403535
1 41181U 15081C   23227.97000327  .00000345  00000-0  14561-3 0  2326
2 41181  47.0022  62.6571 0001997 206.5348 153.5430 14.43974405403811
1 41181U 15081C   23229.97661773  .00000354  00000-0  14820-3 0  2335
2 41181  47.0024  53.3938 0002118 213.6884 146.3862 14.43976392404106
1 41181U 15081C   23231.22210128  .00000329  00000-0  14109-3 0  2343
2 41181  47.0026  47.6441 0002171 218.5076 141.5649 14.43977490404288
1 41181U 15081C   23232.53677730  .00000319  00000-0  13829-3 0  2352
2 41181  47.0027  41.5749 0002238 223.0531 137.0174 14.43978674404473
1 41181U 15081C   23233.85145213  .00000325  00000-0  13995-3 0  2366
2 41181  47.0028  35.5059 0002295 227.6866 132.3819 14.43979975404665
1 41181U 15081C   23235.44289916  .00000317  00000-0  13747-3 0  2379
2 41181  47.0031  28.1591 0002361 233.2698 126.7965 14.43981471404896
1 41181U 15081C   23236.48079800  .00000333  00000-0  14214-3 0  2382
2 41181  47.0031  23.3677 0002448 236.5280 123.5365 14.43982659405043
1 41181U 15081C   23236.48079800  .00000333  00000-0  14214-3 0    10
2 41181  47.0031  23.3677 0002448 236.5280 123.5365 14.43982659404930
1 41181U 15081C   23237.51869658  .00000317  00000-0  13760-3 0    10
2 41181  47.0032  18.5764 0002484 240.0134 120.0499 14.43983560405081
1 41181U 15081C   23237.51869658  .00000317  00000-0  13760-3 0  2393
2 41181  47.0032  18.5764 0002484 240.0134 120.0499 14.43983560405193
1 41181U 15081C   23238.48740108  .00000343  00000-0  14516-3 0    14
2 41181  47.0032  14.1044 0002498 243.2693 116.7931 14.43984693405221
1 41181U 15081C   23238.76417371  .00000347  00000-0  14635-3 0  2409
2 41181  47.0032  12.8268 0002500 244.1859 115.8763 14.43984994405375
1 41181U 15081C   23238.76417371  .00000347  00000-0  14635-3 0    14
2 41181  47.0032  12.8268 0002500 244.1859 115.8763 14.43984994405263
1 41181U 15081C   23239.17933247  .00000351  00000-0  14740-3 0    17
2 41181  47.0032  10.9103 0002530 245.6496 114.4119 14.43985452405323
1 41181U 15081C   23239.73287734  .00000344  00000-0  14539-3 0    10
2 41181  47.0032   8.3549 0002537 247.4505 112.6106 14.43986000405401
1 41181U 15081C   23240.07884275  .00000328  00000-0  14068-3 0  2417
2 41181  47.0033   6.7578 0002557 248.6773 111.3834 14.43986287405566
1 41181U 15081C   23240.77077354  .00000316  00000-0  13739-3 0    11
2 41181  47.0032   3.5636 0002531 251.0180 109.0426 14.43986917405557
1 41181U 15081C   23241.11673879  .00000312  00000-0  13623-3 0  2429
2 41181  47.0032   1.9664 0002546 252.1256 107.9346 14.43987221405717
1 41181U 15081C   23241.46270402  .00000314  00000-0  13677-3 0    16
2 41181  47.0030   0.3691 0002545 252.8301 107.2300 14.43987530405654
1 41181U 15081C   23242.15463419  .00000311  00000-0  13589-3 0  2432
2 41181  47.0029 357.1746 0002543 254.9067 105.1531 14.43988158405869
1 41181U 15081C   23242.56979206  .00000317  00000-0  13751-3 0    12
2 41181  47.0029 355.2581 0002558 256.1329 103.9267 14.43988605405810
1 41181U 15081C   23243.40010765  .00000305  00000-0  13406-3 0  2445
2 41181  47.0030 351.4251 0002572 258.8905 101.1686 14.43989342406049
1 41181U 15081C   23243.40010765  .00000305  00000-0  13406-3 0    16
2 41181  47.0030 351.4251 0002572 258.8905 101.1686 14.43989342405936
1 41181U 15081C   23244.57638736  .00000321  00000-0  13883-3 0    16
2 41181  47.0030 345.9952 0002584 263.2531  96.8054 14.43990530406100
1 41181U 15081C   23244.57638736  .00000321  00000-0  13883-3 0  2456
2 41181  47.0030 345.9952 0002584 263.2531  96.8054 14.43990530406212
1 41181U 15081C   23245.40670189  .00000342  00000-0  14474-3 0    17
2 41181  47.0030 342.1622 0002589 265.9430  94.1154 14.43991405406222
1 41181U 15081C   23245.68347332  .00000337  00000-0  14329-3 0  2462
2 41181  47.0030 340.8845 0002586 266.9184  93.1400 14.43991630406377
1 41181U 15081C   23245.68347332  .00000337  00000-0  14329-3 0    11
2 41181  47.0030 340.8845 0002586 266.9184  93.1400 14.43991630406265
1 41181U 15081C   23246.37540127  .00000394  00000-0  15996-3 0    19
2 41181  47.0030 337.6903 0002598 269.1399  90.9183 14.43992683406363
1 41181U 15081C   23246.92894371  .00000336  00000-0  14293-3 0  2470
2 41181  47.0030 335.1350 0002597 271.0737  88.9845 14.43992902406556
1 41181U 15081C   23247.55167861  .00000304  00000-0  13380-3 0    16
2 41181  47.0029 332.2603 0002623 273.1264  86.9315 14.43993334406539
1 41181U 15081C   23248.10522058  .00000299  00000-0  13236-3 0  2487
2 41181  47.0029 329.7050 0002632 275.0450  85.0129 14.43993843406723
1 41181U 15081C   23248.10522058  .00000299  00000-0  13236-3 0    14
2 41181  47.0029 329.7050 0002632 275.0450  85.0129 14.43993843406611
1 41181U 15081C   23249.28149662  .00000308  00000-0  13500-3 0  2499
2 41181  47.0028 324.2749 0002634 278.9362  81.1220 14.43995030406890
1 41181U 15081C   23249.55826739  .00000306  00000-0  13438-3 0    10
2 41181  47.0028 322.9973 0002630 279.9132  80.1451 14.43995259406827
1 41181U 15081C   23249.90423056  .00000328  00000-0  14081-3 0    13
2 41181  47.0027 321.4002 0002632 281.1103  78.9480 14.43995755406871
1 41181U 15081C   23250.31938656  .00000316  00000-0  13721-3 0  2500
2 41181  47.0026 319.4836 0002623 282.3725  77.6862 14.43996036407048
1 41181U 15081C   23250.31938656  .00000316  00000-0  13721-3 0    14
2 41181  47.0026 319.4836 0002623 282.3725  77.6862 14.43996036406935
1 41181U 15081C   23250.59615723  .00000289  00000-0  12931-3 0    12
2 41181  47.0026 318.2060 0002617 283.3789  76.6798 14.43996108406976
1 41181U 15081C   23251.28808341  .00000299  00000-0  13220-3 0    12
2 41181  47.0025 315.0118 0002621 285.6953  74.3637 14.43996792407075
1 41181U 15081C   23251.91081684  .00000298  00000-0  13189-3 0  2515
2 41181  47.0024 312.1370 0002611 287.9075  72.1520 14.43997317407274
1 41181U 15081C   23252.53355001  .00000301  00000-0  13299-3 0    11
2 41181  47.0022 309.2621 0002604 289.9814  70.0785 14.43997851407254
1 41181U 15081C   23253.01789775  .00000322  00000-0  13909-3 0  2523
2 41181  47.0022 307.0261 0002606 291.6326  68.4276 14.43998392407437
1 41181U 15081C   23253.29466803  .00000302  00000-0  13312-3 0    15
2 41181  47.0021 305.7483 0002597 292.5000  67.5604 14.43998473407362
1 41181U 15081C   23254.12497825  .00000328  00000-0  14071-3 0  2536
2 41181  47.0020 301.9151 0002586 295.3648  64.6964 14.43999259407593
1 41181U 15081C   23254.40174832  .00000331  00000-0  14165-3 0    16
2 41181  47.0019 300.6373 0002570 296.4327  63.6288 14.43999485407524
1 41181U 15081C   23255.23205794  .00000342  00000-0  14472-3 0  2543
2 41181  47.0018 296.8041 0002558 299.1235  60.9389 14.44000238407752
1 41181U 15081C   23255.50882772  .00000351  00000-0  14737-3 0    14
2 41181  47.0017 295.5264 0002548 300.1875  59.8752 14.44000529407682
1 41181U 15081C   23256.20075145  .00000452  00000-0  17675-3 0    16
2 41181  47.0016 292.3320 0002531 302.5323  57.5312 14.44001847407787
1 41181U 15081C   23256.82348292  .00000391  00000-0  15900-3 0    11
2 41181  47.0015 289.4571 0002532 304.8974  55.1668 14.44002110407871
1 41181U 15081C   23256.82348292  .00000391  00000-0  15900-3 0  2552
2 41181  47.0015 289.4571 0002532 304.8974  55.1668 14.44002110407983
1 41181U 15081C   23257.16944467  .00000400  00000-0  16146-3 0    19
2 41181  47.0015 287.8599 0002520 306.0263  54.0383 14.44002500407926
1 41181U 15081C   23257.79217569  .00000343  00000-0  14508-3 0    10
2 41181  47.0014 284.9849 0002498 308.2676  51.7979 14.44002814408011
1 41181U 15081C   23258.06894496  .00000342  00000-0  14487-3 0  2568
2 41181  47.0013 283.7071 0002488 309.1747  50.8912 14.44003065408164
1 41181U 15081C   23258.48409880  .00000354  00000-0  14810-3 0    14
2 41181  47.0013 281.7906 0002471 310.7582  49.3083 14.44003520408119
1 41181U 15081C   23259.10682916  .00000325  00000-0  13972-3 0  2576
2 41181  47.0012 278.9155 0002450 312.8142  47.2531 14.44004008408313
1 41181U 15081C   23259.17602137  .00000359  00000-0  14978-3 0    11
2 41181  47.0012 278.5960 0002444 313.0155  47.0520 14.44004283408213
1 41181U 15081C   23260.14471233  .00000435  00000-0  17168-3 0    10
2 41181  47.0010 274.1238 0002407 316.4678  43.6012 14.44005755408355
1 41181U 15081C   23261.11340286  .00000392  00000-0  15928-3 0    15
2 41181  47.0009 269.6516 0002371 320.0592  40.0113 14.44006530408497
1 41181U 15081C   23261.73613195  .00000399  00000-0  16130-3 0  2593
2 41181  47.0008 266.7766 0002348 322.4854  37.5862 14.44007261408698
1 41181U 15081C   23261.73613195  .00000399  00000-0  16130-3 0    18
2 41181  47.0008 266.7766 0002348 322.4854  37.5862 14.44007261408586
1 41181U 15081C   23263.05078075  .00000459  00000-0  17870-3 0  2603
2 41181  47.0008 260.7072 0002301 327.4552  32.6185 14.44009179408886
1 41181U 15081C   23263.11997281  .00000500  00000-0  19051-3 0    12
2 41181  47.0008 260.3877 0002297 327.7048  32.3691 14.44009461408784
1 41181U 15081C   23263.88108472  .00000484  00000-0  18587-3 0    16
2 41181  47.0008 256.8738 0002269 330.5378  29.5373 14.44010271408895
1 41181U 15081C   23264.29623625  .00000546  00000-0  20377-3 0  2611
2 41181  47.0008 254.9570 0002246 332.2141  27.8618 14.44011169409060
1 41181U 15081C   23264.29623625  .00000546  00000-0  20377-3 0    13
2 41181  47.0008 254.9570 0002246 332.2141  27.8618 14.44011169408957
1 41181U 15081C   23264.84977154  .00000544  00000-0  20340-3 0    11
2 41181  47.0008 252.4014 0002220 334.2296  25.8473 14.44011890409036
1 41181U 15081C   23265.26492291  .00000580  00000-0  21370-3 0    16
2 41181  47.0008 250.4846 0002209 336.3658  23.7120 14.44012603409094
1 41181U 15081C   23265.95684107  .00000594  00000-0  21769-3 0  2627
2 41181  47.0008 247.2901 0002178 339.1698  20.9093 14.44013704409305
1 41181U 15081C   23266.23360818  .00000591  00000-0  21693-3 0    13
2 41181  47.0009 246.0123 0002155 340.1337  19.9458 14.44014114409237
1 41181U 15081C   23267.06390921  .00000572  00000-0  21140-3 0  2639
2 41181  47.0009 242.1790 0002107 343.4643  16.6167 14.44015235409468
1 41181U 15081C   23267.34067620  .00000575  00000-0  21239-3 0    19
2 41181  47.0009 240.9012 0002095 344.7459  15.3357 14.44015619409391
1 41181U 15081C   23267.75582618  .00000607  00000-0  22156-3 0    18
2 41181  47.0010 238.9845 0002077 346.3453  13.7370 14.44016451409455
1 41181U 15081C   23268.17097515  .00000795  00000-0  27614-3 0  2645
2 41181  47.0010 237.0678 0002047 348.1003  11.9828 14.44018387409624
1 41181U 15081C   23268.17097515  .00000795  00000-0  27614-3 0    14
2 41181  47.0010 237.0678 0002047 348.1003  11.9828 14.44018387409512
1 41181U 15081C   23268.86289152  .00000693  00000-0  24650-3 0    14
2 41181  47.0010 233.8734 0002015 350.9521   9.1322 14.44018821409612
1 41181U 15081C   23269.34723248  .00000668  00000-0  23918-3 0  2657
2 41181  47.0010 231.6373 0001986 353.2551   6.8301 14.44019447409797
1 41181U 15081C   23269.34723248  .00000668  00000-0  23918-3 0    15
2 41181  47.0010 231.6373 0001986 353.2551   6.8301 14.44019447409685
1 41181U 15081C   23269.90076381  .00000717  00000-0  25349-3 0    11
2 41181  47.0011 229.0817 0001958 355.5670   4.5192 14.44020832409768
1 41181U 15081C   23269.96995526  .00000713  00000-0  25216-3 0    17
2 41181  47.0011 228.7623 0001950 355.8536   4.2327 14.44020938409770
1 41181U 15081C   23270.59267831  .00000689  00000-0  24538-3 0  2660
2 41181  47.0011 225.8874 0001914 358.6144   1.4730 14.44021843409977
1 41181U 15081C   23271.28459216  .00000637  00000-0  23018-3 0    19
2 41181  47.0011 222.6929 0001872   1.5569 358.5316 14.44022734409966
1 41181U 15081C   23272.25327054  .00000638  00000-0  23062-3 0  2675
2 41181  47.0011 218.2207 0001808   5.8266 354.2635 14.44024411410217
1 41181U 15081C   23272.25327054  .00000638  00000-0  23062-3 0    11
2 41181  47.0011 218.2207 0001808   5.8266 354.2635 14.44024411410105
1 41181U 15081C   23272.94518276  .00000625  00000-0  22665-3 0    19
2 41181  47.0010 215.0261 0001774   9.7258 350.3656 14.44025633410203
1 41181U 15081C   23274.12143246  .00000606  00000-0  22114-3 0  2685
2 41181  47.0010 209.5956 0001714  16.3377 343.7558 14.44027605410480
1 41181U 15081C   23274.53657880  .00000668  00000-0  23911-3 0    13
2 41181  47.0011 207.6790 0001685  17.8559 342.2380 14.44028716410437
1 41181U 15081C   23275.22848915  .00000710  00000-0  25140-3 0  2691
2 41181  47.0011 204.4846 0001645  21.4561 338.6387 14.44030134410640
1 41181U 15081C   23275.85120792  .00000713  00000-0  25206-3 0    16
2 41181  47.0012 201.6095 0001610  24.6656 335.4301 14.44031230410625
1 41181U 15081C   23276.19716279  .00000703  00000-0  24927-3 0    13
2 41181  47.0012 200.0124 0001597  26.8969 333.1993 14.44031732410670
1 41181U 15081C   23276.81988077  .00000719  00000-0  25406-3 0  2707
2 41181  47.0013 197.1373 0001568  30.4255 329.6716 14.44032942410879
1 41181U 15081C   23277.51178889  .00000786  00000-0  27340-3 0    12
2 41181  47.0013 193.9430 0001539  34.3687 325.7292 14.44034632410860
1 41181U 15081C   23277.78855201  .00000781  00000-0  27185-3 0    13
2 41181  47.0013 192.6652 0001529  36.1999 323.8985 14.44035120410903
1 41181U 15081C   23278.06531505  .00000767  00000-0  26790-3 0  2717
2 41181  47.0014 191.3874 0001521  38.1044 321.9943 14.44035572411052
1 41181U 15081C   23278.48045917  .00000824  00000-0  28418-3 0    14
2 41181  47.0014 189.4709 0001503  40.2910 319.8080 14.44036735411008
1 41181U 15081C   23278.75722188  .00000816  00000-0  28190-3 0    14
2 41181  47.0014 188.1931 0001498  42.1198 317.9797 14.44037227411048
1 41181U 15081C   23279.10317512  .00000794  00000-0  27558-3 0  2727
2 41181  47.0014 186.5959 0001484  44.3671 315.7327 14.44037800411205
1 41181U 15081C   23279.44912818  .00000842  00000-0  28953-3 0    18
2 41181  47.0014 184.9988 0001467  46.2858 313.8143 14.44038741411141
1 41181U 15081C   23280.07184312  .00000822  00000-0  28360-3 0    19
2 41181  47.0013 182.1238 0001439  50.3277 309.7729 14.44039901411231
1 41181U 15081C   23280.76374826  .00000800  00000-0  27734-3 0  2737
2 41181  47.0012 178.9293 0001412  54.6201 305.4810 14.44041112411443
1 41181U 15081C   23280.76374826  .00000800  00000-0  27734-3 0    16
2 41181  47.0012 178.9293 0001412  54.6201 305.4810 14.44041112411331
1 41181U 15081C   23281.10970051  .00000791  00000-0  27467-3 0    19
2 41181  47.0012 177.3322 0001406  56.9925 303.1089 14.44041767411382
1 41181U 15081C   23281.73241411  .00000809  00000-0  28001-3 0    14
2 41181  47.0011 174.4572 0001385  60.9952 299.1067 14.44043110411471
1 41181U 15081C   23282.07836580  .00000802  00000-0  27800-3 0  2740
2 41181  47.0011 172.8600 0001382  63.4409 296.6612 14.44043807411636
1 41181U 15081C   23282.07836580  .00000802  00000-0  27800-3 0    18
2 41181  47.0011 172.8600 0001382  63.4409 296.6612 14.44043807411524
1 41181U 15081C   23282.70107865  .00000778  00000-0  27101-3 0    11
2 41181  47.0010 169.9850 0001368  67.5411 292.5614 14.44044888411616
1 41181U 15081C   23283.39298079  .00000825  00000-0  28448-3 0  2756
2 41181  47.0010 166.7906 0001361  72.3230 287.7798 14.44046610411826
1 41181U 15081C   23283.39298079  .00000825  00000-0  28448-3 0    13
2 41181  47.0010 166.7906 0001361  72.3230 287.7798 14.44046610411714
1 41181U 15081C   23283.87731216  .00000780  00000-0  27139-3 0    17
2 41181  47.0009 164.5544 0001353  75.8983 284.2048 14.44047283411784
1 41181U 15081C   23284.36164332  .00000779  00000-0  27113-3 0    11
2 41181  47.0008 162.3181 0001330  78.7802 281.3227 14.44048144411855
1 41181U 15081C   23284.70759389  .00000786  00000-0  27324-3 0  2767
2 41181  47.0008 160.7208 0001335  81.4007 278.7024 14.44048831412017
1 41181U 15081C   23285.60706459  .00000782  00000-0  27215-3 0    18
2 41181  47.0007 156.5679 0001338  87.8005 272.3028 14.44050505412039
1 41181U 15081C   23285.74544456  .00000780  00000-0  27158-3 0  2779
2 41181  47.0007 155.9290 0001339  88.9147 271.1886 14.44050777412165
1 41181U 15081C   23285.88382453  .00000770  00000-0  26861-3 0    15
2 41181  47.0006 155.2902 0001341  89.9366 270.1667 14.44050988412074
1 41181U 15081C   23286.36815437  .00000741  00000-0  26033-3 0    11
2 41181  47.0006 153.0540 0001346  93.2589 266.8444 14.44051727412143
1 41181U 15081C   23286.92167326  .00000832  00000-0  28668-3 0    17
2 41181  47.0008 150.4984 0001356  97.2383 262.8650 14.44053392412229
1 41181U 15081C   23287.06005311  .00000817  00000-0  28234-3 0  2786
2 41181  47.0008 149.8596 0001358  98.1580 261.9454 14.44053560412354
1 41181U 15081C   23287.61357236  .00000707  00000-0  25025-3 0    10
2 41181  47.0008 147.3039 0001361 101.8934 258.2098 14.44053861412322
1 41181U 15081C   23287.89033172  .00000692  00000-0  24604-3 0    15
2 41181  47.0009 146.0262 0001368 103.9435 256.1597 14.44054275412368
1 41181U 15081C   23288.30547063  .00000689  00000-0  24498-3 0  2795
2 41181  47.0009 144.1095 0001374 106.7166 253.3864 14.44054969412535
1 41181U 15081C   23288.30547063  .00000689  00000-0  24498-3 0    18
2 41181  47.0009 144.1095 0001374 106.7166 253.3864 14.44054969412423
1 41181U 15081C   23288.85898892  .00000632  00000-0  22856-3 0    11
2 41181  47.0008 141.5538 0001382 110.6590 249.4438 14.44055556412504
1 41181U 15081C   23289.62007606  .00000592  00000-0  21697-3 0    19
2 41181  47.0007 138.0398 0001397 115.7975 244.3048 14.44056559412614
1 41181U 15081C   23289.68926575  .00000586  00000-0  21539-3 0  2807
2 41181  47.0006 137.7204 0001399 116.2817 243.8206 14.44056644412736
1 41181U 15081C   23289.68926575  .00000586  00000-0  21539-3 0    18
2 41181  47.0006 137.7204 0001399 116.2817 243.8206 14.44056644412624
1 41181U 15081C   23290.86549018  .00000552  00000-0  20552-3 0  2810
2 41181  47.0005 132.2896 0001427 123.6737 236.4278 14.44058229412904
1 41181U 15081C   23291.00386940  .00000552  00000-0  20549-3 0    16
2 41181  47.0005 131.6507 0001436 124.5405 235.5610 14.44058446412819
1 41181U 15081C   23291.83414448  .00000588  00000-0  21582-3 0    19
2 41181  47.0004 127.8170 0001468 130.1055 229.9953 14.44059815412931
1 41181U 15081C   23291.97252360  .00000591  00000-0  21672-3 0  2822
2 41181  47.0003 127.1781 0001474 130.8433 229.2574 14.44060029413061
1 41181U 15081C   23292.24928174  .00000606  00000-0  22103-3 0    12
2 41181  47.0004 125.9003 0001474 132.4524 227.6481 14.44060505412993
1 41181U 15081C   23292.80279776  .00000626  00000-0  22680-3 0    13
2 41181  47.0002 123.3445 0001501 136.0669 224.0330 14.44061390413071
1 41181U 15081C   23293.01036625  .00000608  00000-0  22149-3 0  2833
2 41181  47.0002 122.3862 0001511 137.1917 222.9081 14.44061577413215
1 41181U 15081C   23293.56388219  .00000532  00000-0  19972-3 0    16
2 41181  47.0002 119.8304 0001535 140.6665 219.4326 14.44061853413188
1 41181U 15081C   23293.90982943  .00000524  00000-0  19722-3 0    12
2 41181  47.0002 118.2332 0001558 142.6124 217.4864 14.44062266413239
1 41181U 15081C   23293.97901882  .00000533  00000-0  20004-3 0    17
2 41181  47.0002 117.9137 0001557 142.8558 217.2429 14.44062424413242
1 41181U 15081C   23294.80929169  .00000489  00000-0  18730-3 0  2844
2 41181  47.0002 114.0800 0001599 147.7725 212.3252 14.44063259413475
1 41181U 15081C   23294.80929169  .00000489  00000-0  18730-3 0    11
2 41181  47.0002 114.0800 0001599 147.7725 212.3252 14.44063259413363
1 41181U 15081C   23295.22442785  .00000475  00000-0  18323-3 0    15
2 41181  47.0001 112.1632 0001627 150.1674 209.9299 14.44063732413423
1 41181U 15081C   23295.63956375  .00000439  00000-0  17274-3 0    19
2 41181  47.0002 110.2463 0001653 152.5466 207.5501 14.44064115413481
1 41181U 15081C   23296.46983539  .00000447  00000-0  17492-3 0  2858
2 41181  47.0003 106.4126 0001694 157.0679 203.0276 14.44065192413718
1 41181U 15081C   23296.88497083  .00000474  00000-0  18287-3 0    17
2 41181  47.0003 104.4958 0001716 159.1153 200.9797 14.44065912413662
1 41181U 15081C   23297.50767400  .00000423  00000-0  16791-3 0  2867
2 41181  47.0005 101.6205 0001750 162.5202 197.5739 14.44066402413863
1 41181U 15081C   23297.57686321  .00000421  00000-0  16732-3 0    14
2 41181  47.0005 101.3011 0001756 162.8692 197.2248 14.44066484413768
1 41181U 15081C   23298.54551179  .00000402  00000-0  16183-3 0  2879
2 41181  47.0008  96.8285 0001809 167.6008 192.4917 14.44067610414016
1 41181U 15081C   23298.54551179  .00000402  00000-0  16183-3 0    13
2 41181  47.0008  96.8285 0001809 167.6008 192.4917 14.44067610413903
1 41181U 15081C   23299.51415938  .00000428  00000-0  16950-3 0    13
2 41181  47.0010  92.3562 0001857 172.1597 187.9312 14.44069022414045
1 41181U 15081C   23299.58334847  .00000428  00000-0  16956-3 0  2882
2 41181  47.0011  92.0367 0001862 172.4667 187.6241 14.44069112414164
1 41181U 15081C   23299.79091563  .00000462  00000-0  17930-3 0    14
2 41181  47.0011  91.0784 0001868 173.1941 186.8965 14.44069579414087
1 41181U 15081C   23300.41361676  .00000548  00000-0  20425-3 0    19
2 41181  47.0012  88.2031 0001899 176.2685 183.8209 14.44070911414174
1 41181U 15081C   23300.75956203  .00000486  00000-0  18630-3 0  2896
2 41181  47.0013  86.6059 0001923 177.8340 182.2548 14.44070975414337
1 41181U 15081C   23300.75956203  .00000486  00000-0  18630-3 0    18
2 41181  47.0013  86.6059 0001923 177.8340 182.2548 14.44070975414225
1 41181U 15081C   23301.52064076  .00000557  00000-0  20667-3 0    14
2 41181  47.0013  83.0917 0001968 181.6136 178.4738 14.44072324414334
1 41181U 15081C   23301.65901861  .00000563  00000-0  20845-3 0    15
2 41181  47.0013  82.4528 0001977 182.2648 177.8223 14.44072548414352
1 41181U 15081C   23302.07415200  .00000594  00000-0  21739-3 0  2906
2 41181  47.0014  80.5361 0001998 184.2651 175.8212 14.44073329414529
1 41181U 15081C   23302.48928529  .00000642  00000-0  23132-3 0    17
2 41181  47.0014  78.6192 0002027 186.0865 173.9990 14.44074168414478
1 41181U 15081C   23302.69685185  .00000646  00000-0  23270-3 0    15
2 41181  47.0014  77.6608 0002035 186.9590 173.1262 14.44074501414501
1 41181U 15081C   23303.38874016  .00000650  00000-0  23362-3 0  2913
2 41181  47.0015  74.4662 0002069 190.1515 169.9323 14.44075533414718
1 41181U 15081C   23303.73468429  .00000612  00000-0  22281-3 0    15
2 41181  47.0016  72.8691 0002090 191.5534 168.5298 14.44075815414655
1 41181U 15081C   23304.35738309  .00000594  00000-0  21754-3 0    14
2 41181  47.0017  69.9939 0002124 194.4060 165.6760 14.44076646414747
1 41181U 15081C   23305.04927025  .00000578  00000-0  21287-3 0  2921
2 41181  47.0018  66.7994 0002159 197.2565 162.8242 14.44077600414951
1 41181U 15081C   23305.60277955  .00000529  00000-0  19871-3 0    13
2 41181  47.0019  64.2436 0002191 199.4465 160.6332 14.44078170414921
1 41181U 15081C   23306.57141986  .00000556  00000-0  20644-3 0  2937
2 41181  47.0020  59.7712 0002241 203.4248 156.6530 14.44079862415172
1 41181U 15081C   23306.57141986  .00000556  00000-0  20644-3 0    14
2 41181  47.0020  59.7712 0002241 203.4248 156.6530 14.44079862415060
1 41181U 15081C   23307.60924748  .00000639  00000-0  23040-3 0    19
2 41181  47.0022  54.9794 0002288 207.5094 152.5665 14.44082034415210
1 41181U 15081C   23307.74762448  .00000631  00000-0  22805-3 0  2945
2 41181  47.0023  54.3407 0002294 208.1191 151.9565 14.44082214415344
1 41181U 15081C   23307.74762448  .00000631  00000-0  22805-3 0    11
2 41181  47.0023  54.3407 0002294 208.1191 151.9565 14.44082214415232
1 41181U 15081C   23308.57788549  .00000683  00000-0  24326-3 0    10
2 41181  47.0024  50.5073 0002331 211.3192 148.7549 14.44083907415358
1 41181U 15081C   23308.99301542  .00000731  00000-0  25709-3 0  2955
2 41181  47.0025  48.5907 0002347 213.0238 147.0496 14.44084967415528
1 41181U 15081C   23309.54652186  .00000789  00000-0  27397-3 0    13
2 41181  47.0026  46.0351 0002373 215.1169 144.9555 14.44086269415495
1 41181U 15081C   23310.37677910  .00001059  00000-0  35208-3 0  2965
2 41181  47.0026  42.2017 0002413 218.4461 141.6247 14.44089764415729
1 41181U 15081C   23310.37677910  .00001059  00000-0  35208-3 0    19
2 41181  47.0026  42.2017 0002413 218.4461 141.6247 14.44089764415617
1 41181U 15081C   23310.93028465  .00001016  00000-0  33953-3 0    14
2 41181  47.0027  39.6462 0002432 220.6441 139.4258 14.44090556415692
1 41181U 15081C   23311.55297730  .00000891  00000-0  30332-3 0    14
2 41181  47.0027  36.7711 0002459 222.8011 137.2677 14.44091226415789
1 41181U 15081C   23311.55297730  .00000891  00000-0  30332-3 0  2971
2 41181  47.0027  36.7711 0002459 222.8011 137.2677 14.44091226415891
1 41181U 15081C   23312.31404520  .00000875  00000-0  29882-3 0    16
2 41181  47.0029  33.2574 0002492 225.7691 134.2984 14.44092867415895
1 41181U 15081C   23312.93673653  .00000791  00000-0  27440-3 0    14
2 41181  47.0029  30.3824 0002514 228.1760 131.8906 14.44093809415984
1 41181U 15081C   23312.93673653  .00000791  00000-0  27440-3 0  2982
2 41181  47.0029  30.3824 0002514 228.1760 131.8906 14.44093809416097
1 41181U 15081C   23313.55942731  .00000743  00000-0  26065-3 0    18
2 41181  47.0030  27.5074 0002538 230.4731 129.5925 14.44094919416070
1 41181U 15081C   23313.90536643  .00000705  00000-0  24944-3 0    10
2 41181  47.0030  25.9102 0002548 231.8124 128.2526 14.44095467416124
1 41181U 15081C   23314.45886886  .00000729  00000-0  25650-3 0  2998
2 41181  47.0030  23.3545 0002563 233.6895 126.3749 14.44096702416319
1 41181U 15081C   23314.45886886  .00000729  00000-0  25650-3 0    19
2 41181  47.0030  23.3545 0002563 233.6895 126.3749 14.44096702416207
1 41181U 15081C   23314.87399535  .00000575  00000-0  21182-3 0    10
2 41181  47.0031  21.4378 0002580 235.2751 124.7886 14.44096756416268
1 41181U 15081C   23315.49668490  .00000615  00000-0  22343-3 0  3005
2 41181  47.0031  18.5627 0002596 237.3923 122.6707 14.44098122416463
1 41181U 15081C   23315.49668490  .00000615  00000-0  22343-3 0    13
2 41181  47.0031  18.5627 0002596 237.3923 122.6707 14.44098122416351
1 41181U 15081C   23315.91181112  .00000471  00000-0  18195-3 0    11
2 41181  47.0031  16.6460 0002610 238.9200 121.1424 14.44098109416419
1 41181U 15081C   23316.53450007  .00000523  00000-0  19696-3 0    17
2 41181  47.0031  13.7710 0002624 241.0343 119.0273 14.44099412416509
1 41181U 15081C   23316.53450007  .00000523  00000-0  19696-3 0  3010
2 41181  47.0031  13.7710 0002624 241.0343 119.0273 14.44099412416611
1 41181U 15081C   23316.88043839  .00000451  00000-0  17604-3 0    13
2 41181  47.0031  12.1737 0002636 242.3840 117.6772 14.44099525416558
1 41181U 15081C   23317.50312701  .00000444  00000-0  17394-3 0    18
2 41181  47.0032   9.2987 0002652 244.4464 115.6142 14.44100334416646
1 41181U 15081C   23317.98744010  .00000434  00000-0  17119-3 0  3020
2 41181  47.0032   7.0625 0002668 246.3677 113.6923 14.44100932416824
1 41181U 15081C   23317.98744010  .00000434  00000-0  17119-3 0    16
2 41181  47.0032   7.0625 0002668 246.3677 113.6923 14.44100932416712
1 41181U 15081C   23318.81769086  .00000401  00000-0  16146-3 0    12
2 41181  47.0032   3.2292 0002684 249.2697 110.7895 14.44101798416832
1 41181U 15081C   23319.16362845  .00000396  00000-0  16020-3 0  3032
2 41181  47.0031   1.6318 0002689 250.3553 109.7036 14.44102197416997
1 41181U 15081C   23319.16362845  .00000396  00000-0  16020-3 0    17
2 41181  47.0031   1.6318 0002689 250.3553 109.7036 14.44102197416885
1 41181U 15081C   23319.85550353  .00000387  00000-0  15758-3 0    13
2 41181  47.0031 358.4374 0002700 252.7619 107.2965 14.44102981416989
1 41181U 15081C   23320.06306599  .00000387  00000-0  15747-3 0    17
2 41181  47.0031 357.4790 0002707 253.5749 106.4833 14.44103208417013
1 41181U 15081C   23320.82412810  .00000313  00000-0  13598-3 0    16
2 41181  47.0031 353.9651 0002716 256.1699 103.8879 14.44103684417124
1 41181U 15081C   23321.10087792  .00000308  00000-0  13449-3 0  3040
2 41181  47.0031 352.6873 0002722 257.0953 102.9623 14.44103927417279
1 41181U 15081C   23321.37762777  .00000302  00000-0  13277-3 0    19
2 41181  47.0031 351.4094 0002724 257.9244 102.1331 14.44104148417202
1 41181U 15081C   23322.34625169  .00000288  00000-0  12888-3 0  3057
2 41181  47.0031 346.9371 0002738 261.3509  98.7061 14.44104981417459
1 41181U 15081C   23322.34625169  .00000288  00000-0  12888-3 0    10
2 41181  47.0031 346.9371 0002738 261.3509  98.7061 14.44104981417347
1 41181U 15081C   23322.76137598  .00000278  00000-0  12602-3 0    13
2 41181  47.0031 345.0204 0002742 262.8807  97.1761 14.44105339417409
1 41181U 15081C   23323.31487500  .00000277  00000-0  12555-3 0    12
2 41181  47.0030 342.4647 0002746 264.6301  95.4265 14.44105801417485
1 41181U 15081C   23323.72999909  .00000264  00000-0  12201-3 0  3060
2 41181  47.0029 340.5479 0002745 266.0789  93.9777 14.44106131417657
1 41181U 15081C   23323.72999909  .00000264  00000-0  12201-3 0    12
2 41181  47.0029 340.5479 0002745 266.0789  93.9777 14.44106131417545
1 41181U 15081C   23324.35268504  .00000272  00000-0  12411-3 0    14
2 41181  47.0028 337.6727 0002751 268.4666  91.5899 14.44106708417633
1 41181U 15081C   23324.76780886  .00000280  00000-0  12651-3 0  3075
2 41181  47.0028 335.7559 0002751 269.8694  90.1870 14.44107138417802
1 41181U 15081C   23324.76780886  .00000280  00000-0  12651-3 0    16
2 41181  47.0028 335.7559 0002751 269.8694  90.1870 14.44107138417699
1 41181U 15081C   23325.39049436  .00000318  00000-0  13744-3 0    11
2 41181  47.0027 332.8807 0002747 272.0226  88.0339 14.44107892417787
1 41181U 15081C   23326.35911526  .00000466  00000-0  18021-3 0  3083
2 41181  47.0026 328.4081 0002744 275.3569  84.6997 14.44109703418038
1 41181U 15081C   23326.35911526  .00000466  00000-0  18021-3 0    13
2 41181  47.0026 328.4081 0002744 275.3569  84.6997 14.44109703417925
1 41181U 15081C   23326.98179984  .00000556  00000-0  20635-3 0    10
2 41181  47.0026 325.5329 0002747 277.7776  82.2792 14.44110843418012
1 41181U 15081C   23328.08879362  .00000549  00000-0  20426-3 0  3091
2 41181  47.0025 320.4214 0002734 281.6192  78.4381 14.44112160418284
1 41181U 15081C   23328.29635474  .00000619  00000-0  22469-3 0    14
2 41181  47.0025 319.4630 0002727 282.3479  77.7095 14.44112822418203
1 41181U 15081C   23329.33415954  .00000779  00000-0  27093-3 0    14
2 41181  47.0024 314.6710 0002708 286.3168  73.7414 14.44115259418350
1 41181U 15081C   23330.30277584  .00000790  00000-0  27401-3 0    14
2 41181  47.0024 310.1986 0002692 289.9861  70.0729 14.44117025418494
1 41181U 15081C   23330.92545716  .00000695  00000-0  24657-3 0  3115
2 41181  47.0023 307.3233 0002684 291.8991  68.1603 14.44117633418699
1 41181U 15081C   23331.34057791  .00000701  00000-0  24824-3 0    13
2 41181  47.0024 305.4067 0002670 293.8037  66.2562 14.44118418418642
1 41181U 15081C   23331.96325785  .00000755  00000-0  26400-3 0  3128
2 41181  47.0023 302.5314 0002659 295.4220  64.6384 14.44120035418847
1 41181U 15081C   23331.96325785  .00000755  00000-0  26400-3 0    13
2 41181  47.0023 302.5314 0002659 295.4220  64.6384 14.44120035418735
1 41181U 15081C   23332.93187048  .00000783  00000-0  27199-3 0    16
2 41181  47.0023 298.0589 0002631 299.0077  61.0539 14.44122199418879
1 41181U 15081C   23333.96966780  .00000842  00000-0  28900-3 0  3131
2 41181  47.0022 293.2669 0002588 302.2978  57.7650 14.44124816419136
1 41181U 15081C   23334.93827766  .00000852  00000-0  29178-3 0    12
2 41181  47.0022 288.7943 0002550 305.7791  54.2851 14.44126866419165
1 41181U 15081C   23335.97607178  .00001001  00000-0  33487-3 0  3142
2 41181  47.0022 284.0022 0002514 309.3361  50.7296 14.44130020419425
1 41181U 15081C   23335.97607178  .00001001  00000-0  33487-3 0    15
2 41181  47.0022 284.0022 0002514 309.3361  50.7296 14.44130020419313
1 41181U 15081C   23336.94467829  .00000752  00000-0  26286-3 0    11
2 41181  47.0021 279.5297 0002473 313.3047  46.7627 14.44130901419451
1 41181U 15081C   23337.84409729  .00000796  00000-0  27572-3 0  3151
2 41181  47.0021 275.3764 0002441 316.0634  44.0051 14.44133138419694
1 41181U 15081C   23338.19002776  .00000695  00000-0  24634-3 0    17
2 41181  47.0021 273.7792 0002425 317.4233  42.6458 14.44133269419633
1 41181U 15081C   23338.81270185  .00000681  00000-0  24243-3 0    18
2 41181  47.0021 270.9038 0002388 320.8903  39.1803 14.44134487419723
1 41181U 15081C   23339.22781790  .00000580  00000-0  21322-3 0  3165
2 41181  47.0021 268.9872 0002370 322.1629  37.9084 14.44134708419898
1 41181U 15081C   23339.22781790  .00000580  00000-0  21322-3 0    16
2 41181  47.0021 268.9872 0002370 322.1629  37.9084 14.44134708419786
1 41181U 15081C   23339.91967724  .00000502  00000-0  19070-3 0    16
2 41181  47.0021 265.7924 0002338 324.4044  35.6679 14.44135570419883
1 41181U 15081C   23340.81909387  .00000387  00000-0  15752-3 0  3172
2 41181  47.0019 261.6393 0002301 327.1725  32.9012 14.44136453420122
1 41181U 15081C   23340.88827968  .00000388  00000-0  15779-3 0    13
2 41181  47.0019 261.3199 0002292 327.3195  32.7543 14.44136597420020
1 41181U 15081C   23341.16502318  .00000367  00000-0  15164-3 0    19
2 41181  47.0019 260.0421 0002282 328.5184  31.5559 14.44136905420065
1 41181U 15081C   23342.13362520  .00000265  00000-0  12210-3 0  3183
2 41181  47.0018 255.5697 0002265 332.4892  27.5868 14.44137645420317
1 41181U 15081C   23342.13362520  .00000265  00000-0  12210-3 0    12
2 41181  47.0018 255.5697 0002265 332.4892  27.5868 14.44137645420205
1 41181U 15081C   23342.89466920  .00000237  00000-0  11415-3 0    19
2 41181  47.0017 252.0554 0002225 335.2757  24.8016 14.44138339420313
1 41181U 15081C   23343.10222668  .00000232  00000-0  11255-3 0    10
2 41181  47.0017 251.0971 0002212 336.1789  23.8988 14.44138487420340
1 41181U 15081C   23343.79408465  .00000214  00000-0  10734-3 0  3199
2 41181  47.0016 247.9022 0002162 338.6954  21.3835 14.44138982420552
1 41181U 15081C   23343.86327043  .00000196  00000-0  10203-3 0    17
2 41181  47.0015 247.5828 0002156 338.9377  21.1414 14.44138952420453
1 41181U 15081C   23346.83825728  .00000214  00000-0  10736-3 0    12
2 41181  47.0012 233.8452 0001980 351.5737   8.5109 14.44141244420881
1 41181U 15081C   23346.83825728  .00000214  00000-0  10736-3 0  3206
2 41181  47.0012 233.8452 0001980 351.5737   8.5109 14.44141244420993
1 41181U 15081C   23347.80685696  .00000169  00000-0  94402-4 0    10
2 41181  47.0010 229.3726 0001927 355.9009   4.1855 14.44141585421029
1 41181U 15081C   23348.77545606  .00000198  00000-0  10261-3 0  3210
2 41181  47.0009 224.9000 0001877   0.3920 359.6961 14.44142369421274
1 41181U 15081C   23348.77545606  .00000198  00000-0  10261-3 0    15
2 41181  47.0009 224.9000 0001877   0.3920 359.6961 14.44142369421162
1 41181U 15081C   23349.74405441  .00000202  00000-0  10397-3 0    11
2 41181  47.0007 220.4273 0001825   5.0289 355.0609 14.44143146421305
1 41181U 15081C   23350.78183766  .00000250  00000-0  11770-3 0  3225
2 41181  47.0006 215.6352 0001762   9.9688 350.1227 14.44144246421566
1 41181U 15081C   23350.78183766  .00000250  00000-0  11770-3 0    19
2 41181  47.0006 215.6352 0001762   9.9688 350.1227 14.44144246421454
1 41181U 15081C   23351.75043472  .00000261  00000-0  12108-3 0    14
2 41181  47.0004 211.1624 0001696  14.5962 345.4966 14.44145109421599
1 41181U 15081C   23352.71903120  .00000295  00000-0  13079-3 0  3238
2 41181  47.0002 206.6897 0001654  19.6698 340.4245 14.44146146421849
1 41181U 15081C   23352.71903120  .00000295  00000-0  13079-3 0    11
2 41181  47.0002 206.6897 0001654  19.6698 340.4245 14.44146146421737
1 41181U 15081C   23353.68762689  .00000322  00000-0  13859-3 0    18
2 41181  47.0000 202.2169 0001608  24.8149 335.2808 14.44147226421879
1 41181U 15081C   23354.65622155  .00000360  00000-0  14941-3 0  3242
2 41181  46.9999 197.7442 0001569  28.5874 331.5091 14.44148464422125
1 41181U 15081C   23354.65622155  .00000360  00000-0  14941-3 0    14
2 41181  46.9999 197.7442 0001569  28.5874 331.5091 14.44148464422013
1 41181U 15081C   23355.69400083  .00000395  00000-0  15967-3 0    10
2 41181  46.9999 192.9517 0001509  34.9414 325.1565 14.44149782422163
1 41181U 15081C   23356.66259381  .00000486  00000-0  18586-3 0    12
2 41181  46.9999 188.4788 0001464  40.1412 319.9576 14.44151404422303
1 41181U 15081C   23357.56200072  .00000519  00000-0  19539-3 0    11
2 41181  47.0000 184.3253 0001431  44.1937 315.9057 14.44152726422432
1 41181U 15081C   23357.63118578  .00000520  00000-0  19588-3 0  3264
2 41181  46.9998 184.0059 0001432  46.2708 313.8290 14.44152860422555
1 41181U 15081C   23357.63118578  .00000520  00000-0  19588-3 0    14
2 41181  46.9998 184.0059 0001432  46.2708 313.8290 14.44152860422443
1 41181U 15081C   23358.53059185  .00000506  00000-0  19185-3 0    19
2 41181  46.9999 179.8523 0001380  53.1830 306.9176 14.44153976422576
1 41181U 15081C   23358.59977660  .00000512  00000-0  19343-3 0    15
2 41181  46.9997 179.5328 0001354  56.3323 303.7686 14.44154176422582
1 41181U 15081C   23359.63755130  .00000495  00000-0  18855-3 0  3275
2 41181  46.9994 174.7403 0001263  69.2694 290.8321 14.44155540422840
1 41181U 15081C   23359.84510622  .00000485  00000-0  18579-3 0    14
2 41181  46.9991 173.7829 0001301  67.1998 292.9019 14.44155818422761
1 41181U 15081C   23360.53695552  .00000504  00000-0  19110-3 0    12
2 41181  46.9992 170.5877 0001293  70.7918 289.3102 14.44156875422860
1 41181U 15081C   23361.50554393  .00000502  00000-0  19066-3 0  3287
2 41181  46.9995 166.1147 0001302  75.7573 284.3452 14.44158198423119
1 41181U 15081C   23361.57472873  .00000528  00000-0  19801-3 0    19
2 41181  46.9995 165.7952 0001300  76.3500 283.7524 14.44158446423011
1 41181U 15081C   23363.58108704  .00000401  00000-0  16123-3 0  3298
2 41181  46.9998 156.5298 0001301  89.5088 270.5941 14.44160560423414
1 41181U 15081C   23363.58108704  .00000401  00000-0  16123-3 0    15
2 41181  46.9998 156.5298 0001301  89.5088 270.5941 14.44160560423302
1 41181U 15081C   23364.54967222  .00000414  00000-0  16522-3 0    17
2 41181  46.9999 152.0569 0001293  95.9388 264.1639 14.44161961423443
1 41181U 15081C   23365.44907252  .00000400  00000-0  16116-3 0  3303
2 41181  47.0000 147.9037 0001289 100.5380 259.5645 14.44162949423689
1 41181U 15081C   23365.51825677  .00000401  00000-0  16146-3 0    10\
2 41181  47.0001 147.5843 0001290 101.2714 258.8311 14.44163150423588
1 41181U 15081C   24001.48684052  .00000378  00000-0  15464-3 0    19\
2 41181  47.0001 143.1115 0001290 108.1692 251.9328 14.44164234423725
1 41181U 15081C   24001.76357868  .00000375  00000-0  15373-3 0  3314\
2 41181  47.0002 141.8336 0001282 109.9124 250.1894 14.44164534423874
1 41181U 15081C   24001.76357868  .00000375  00000-0  15373-3 0    18\
2 41181  47.0002 141.8336 0001282 109.9124 250.1894 14.44164534423762
1 41181U 15081C   24002.45542327  .00000417  00000-0  16598-3 0    18\
2 41181  47.0006 138.6386 0001234 116.0877 244.0130 14.44165669423862
1 41181U 15081C   24003.49319028  .00000352  00000-0  14727-3 0    13\
2 41181  47.0008 133.8465 0001245 122.7920 237.3080 14.44166458424018
1 41181U 15081C   24003.49319028  .00000352  00000-0  14727-3 0  3320\
2 41181  47.0008 133.8465 0001245 122.7920 237.3080 14.44166458424120
1 41181U 15081C   24004.46177176  .00000361  00000-0  14993-3 0    12\
2 41181  47.0012 129.3735 0001260 129.3387 230.7605 14.44167637424155
1 41181U 15081C   24005.43035264  .00000367  00000-0  15165-3 0  3337\
2 41181  47.0015 124.9003 0001356 135.2899 224.8090 14.44168790424408
1 41181U 15081C   24005.43035264  .00000367  00000-0  15165-3 0    19\
2 41181  47.0015 124.9003 0001356 135.2899 224.8090 14.44168790424295
1 41181U 15081C   24006.39893280  .00000369  00000-0  15203-3 0    10\
2 41181  47.0016 120.4276 0001400 141.1183 218.9797 14.44169894424431
1 41181U 15081C   24006.67566989  .00000378  00000-0  15465-3 0  3343\
2 41181  47.0017 119.1498 0001402 142.6491 217.4486 14.44170240424585
1 41181U 15081C   24006.67566989  .00000378  00000-0  15465-3 0    14\
2 41181  47.0017 119.1498 0001402 142.6491 217.4486 14.44170240424473
1 41181U 15081C   24007.43669656  .00000385  00000-0  15672-3 0    12\
2 41181  47.0017 115.6360 0001375 145.4719 214.6251 14.44171143424589
1 41181U 15081C   24008.40527503  .00000397  00000-0  16026-3 0  3351\
2 41181  47.0018 111.1630 0001456 152.1467 207.9491 14.44172289424837
1 41181U 15081C   24008.40527503  .00000397  00000-0  16026-3 0    11\
2 41181  47.0018 111.1630 0001456 152.1467 207.9491 14.44172289424725
1 41181U 15081C   24009.37385268  .00000436  00000-0  17135-3 0    14\
2 41181  47.0019 106.6902 0001499 157.6636 202.4309 14.44173627424862
1 41181U 15081C   24010.34242958  .00000464  00000-0  17938-3 0  3364\
2 41181  47.0019 102.2177 0001510 163.0779 197.0151 14.44174927425118
1 41181U 15081C   24010.34242958  .00000464  00000-0  17938-3 0    13\
2 41181  47.0019 102.2177 0001510 163.0779 197.0151 14.44174927425006
1 41181U 15081C   24011.38018922  .00000545  00000-0  20297-3 0  3374\
2 41181  47.0020  97.4254 0001551 168.7216 191.3699 14.44176731425269
1 41181U 15081C   24011.38018922  .00000545  00000-0  20297-3 0    12\
2 41181  47.0020  97.4254 0001551 168.7216 191.3699 14.44176731425157
1 41181U 15081C   24012.34876411  .00000637  00000-0  22947-3 0    10\
2 41181  47.0021  92.9527 0001597 173.5154 186.5747 14.44178484425298
1 41181U 15081C   24013.31733777  .00000671  00000-0  23927-3 0  3385\
2 41181  47.0023  88.4799 0001662 177.6776 182.4112 14.44180082425545
1 41181U 15081C   24013.31733777  .00000671  00000-0  23927-3 0    12\
2 41181  47.0023  88.4799 0001662 177.6776 182.4112 14.44180082425433
1 41181U 15081C   24014.21672668  .00000737  00000-0  25831-3 0    12\
2 41181  47.0023  84.3267 0001687 181.1225 178.9652 14.44181838425567
1 41181U 15081C   24015.18529774  .00000787  00000-0  27271-3 0  3397\
2 41181  47.0023  79.8539 0001789 185.0587 175.0275 14.44183791425812
1 41181U 15081C   24015.18529774  .00000787  00000-0  27271-3 0    13\
2 41181  47.0023  79.8539 0001789 185.0587 175.0275 14.44183791425700
1 41181U 15081C   24016.43060210  .00000731  00000-0  25662-3 0  3404\
2 41181  47.0023  74.1034 0001838 191.4215 168.6623 14.44185622425993
1 41181U 15081C   24016.49978562  .00000710  00000-0  25063-3 0    14\
2 41181  47.0023  73.7839 0001858 191.4767 168.6070 14.44185627425895
1 41181U 15081C   24016.98407000  .00000675  00000-0  24037-3 0    12\
2 41181  47.0023  71.5476 0001875 193.7641 166.3188 14.44186308425963
1 41181U 15081C   24018.09100468  .00000713  00000-0  25130-3 0  3419\
2 41181  47.0023  66.4359 0001930 198.1719 161.9092 14.44188511426237
1 41181U 15081C   24018.09100468  .00000713  00000-0  25130-3 0    12\
2 41181  47.0023  66.4359 0001930 198.1719 161.9092 14.44188511426125
1 41181U 15081C   24019.12875447  .00000678  00000-0  24112-3 0  3420\
2 41181  47.0022  61.6435 0001980 202.4007 157.6787 14.44190228426389
1 41181U 15081C   24019.12875447  .00000678  00000-0  24112-3 0    12\
2 41181  47.0022  61.6435 0001980 202.4007 157.6787 14.44190228426277
1 41181U 15081C   24020.51241911  .00000676  00000-0  24071-3 0    12\
2 41181  47.0023  55.2537 0002044 207.6480 152.4292 14.44192641426471
1 41181U 15081C   24020.51241911  .00000676  00000-0  24071-3 0  3431\
2 41181  47.0023  55.2537 0002044 207.6480 152.4292 14.44192641426583
1 41181U 15081C   24020.92751789  .00000655  00000-0  23474-3 0    19\
2 41181  47.0024  53.3368 0002050 209.6510 150.4253 14.44193302426533
1 41181U 15081C   24021.13506727  .00000650  00000-0  23319-3 0    16\
2 41181  47.0024  52.3783 0002060 210.3961 149.6800 14.44193631426569
1 41181U 15081C   24022.10363038  .00000613  00000-0  22240-3 0  3441\
2 41181  47.0025  47.9054 0002122 213.7179 146.3566 14.44195087426816
1 41181U 15081C   24022.10363038  .00000613  00000-0  22240-3 0    11\
2 41181  47.0025  47.9054 0002122 213.7179 146.3566 14.44195087426704
1 41181U 15081C   24022.93382654  .00000599  00000-0  21847-3 0    12\
2 41181  47.0026  44.0716 0002151 216.9332 143.1400 14.44196423426826
1 41181U 15081C   24023.97157061  .00000621  00000-0  22490-3 0  3451\
2 41181  47.0027  39.2793 0002189 220.5821 139.4896 14.44198283427085
1 41181U 15081C   24023.97157061  .00000621  00000-0  22490-3 0    10\
2 41181  47.0027  39.2793 0002189 220.5821 139.4896 14.44198283426972
1 41181U 15081C   24024.94013085  .00000698  00000-0  24701-3 0    16\
2 41181  47.0028  34.8065 0002226 224.0364 136.0338 14.44200223427118
1 41181U 15081C   24025.97787249  .00000657  00000-0  23500-3 0  3463\
2 41181  47.0029  30.0143 0002278 227.3905 132.6783 14.44201752427370
1 41181U 15081C   24025.97787249  .00000657  00000-0  23500-3 0    11\
2 41181  47.0029  30.0143 0002278 227.3905 132.6783 14.44201752427268
1 41181U 15081C   24026.94643083  .00000645  00000-0  23173-3 0    19\
2 41181  47.0030  25.5415 0002336 230.0159 130.0516 14.44203140427403
1 41181U 15081C   24027.98417074  .00000579  00000-0  21255-3 0  3471\
2 41181  47.0030  20.7492 0002329 234.6555 125.4107 14.44204402427661
1 41181U 15081C   24028.39926651  .00000594  00000-0  21702-3 0    14\
2 41181  47.0032  18.8326 0002346 236.0042 124.0616 14.44205081427612
1 41181U 15081C   24029.36782219  .00000611  00000-0  22197-3 0  3485\
2 41181  47.0033  14.3598 0002379 239.2074 120.8572 14.44206650427866
1 41181U 15081C   24029.36782219  .00000611  00000-0  22197-3 0    11\
2 41181  47.0033  14.3598 0002379 239.2074 120.8572 14.44206650427754
1 41181U 15081C   24030.33637723  .00000579  00000-0  21248-3 0    18\
2 41181  47.0033   9.8870 0002400 242.6690 117.3946 14.44207854427891
1 41181U 15081C   24030.95901941  .00000501  00000-0  19002-3 0  3497\
2 41181  47.0034   7.0116 0002404 244.9295 115.1336 14.44208294428096
1 41181U 15081C   24030.95901941  .00000501  00000-0  19002-3 0    12\
2 41181  47.0034   7.0116 0002404 244.9295 115.1336 14.44208294427983
1 41181U 15081C   24031.92757282  .00000480  00000-0  18401-3 0    15\
2 41181  47.0035   2.5387 0002461 247.6345 112.4274 14.44209566428124
1 41181U 15081C   24032.89612583  .00000476  00000-0  18289-3 0  3502\
2 41181  47.0036 358.0658 0002440 251.5359 108.5256 14.44210819428377
1 41181U 15081C   24033.31121979  .00000444  00000-0  17356-3 0    16\
2 41181  47.0036 356.1490 0002451 252.5083 107.5529 14.44211145428327
1 41181U 15081C   24033.93386030  .00000420  00000-0  16667-3 0    13\
2 41181  47.0036 353.2735 0002464 254.4869 105.5739 14.44211805428418
1 41181U 15081C   24033.93386030  .00000420  00000-0  16667-3 0  3511\
2 41181  47.0036 353.2735 0002464 254.4869 105.5739 14.44211805428520
1 41181U 15081C   24034.27977169  .00000481  00000-0  18431-3 0    18\
2 41181  47.0037 351.6762 0002463 255.7689 104.2917 14.44212543428463
1 41181U 15081C   24035.17914051  .00000426  00000-0  16827-3 0  3524\
2 41181  47.0036 347.5227 0002455 258.3726 101.6878 14.44213386428704
1 41181U 15081C   24035.17914051  .00000426  00000-0  16827-3 0    15\
2 41181  47.0036 347.5227 0002455 258.3726 101.6878 14.44213386428591
1 41181U 15081C   24035.87096208  .00000474  00000-0  18237-3 0    17\
2 41181  47.0036 344.3278 0002459 260.5925  99.4677 14.44214564428693
1 41181U 15081C   24036.56278320  .00000535  00000-0  19982-3 0    17\
2 41181  47.0036 341.1330 0002445 262.4687  97.5915 14.44215812428790
1 41181U 15081C   24036.56278320  .00000535  00000-0  19982-3 0  3537\
2 41181  47.0036 341.1330 0002445 262.4687  97.5915 14.44215812428903
1 41181U 15081C   24036.90869364  .00000519  00000-0  19521-3 0    10\
2 41181  47.0035 339.5355 0002460 263.1307  96.9293 14.44216152428847
1 41181U 15081C   24037.18542201  .00000519  00000-0  19511-3 0    18\
2 41181  47.0035 338.2577 0002442 264.0858  95.9743 14.44216484428881
1 41181U 15081C   24037.94642415  .00000598  00000-0  21817-3 0  3540\
2 41181  47.0033 334.7433 0002441 266.3873  93.6727 14.44217981429108
1 41181U 15081C   24038.49988008  .00000602  00000-0  21926-3 0    18\
2 41181  47.0033 332.1875 0002437 268.2580  91.8021 14.44218744429072
1 41181U 15081C   24038.91497164  .00000617  00000-0  22358-3 0    19\
2 41181  47.0032 330.2705 0002434 269.4278  90.6323 14.44219441429130
1 41181U 15081C   24039.88351786  .00000689  00000-0  24425-3 0    11\
2 41181  47.0030 325.7976 0002426 272.4880  87.5722 14.44221333429277
1 41181U 15081C   24040.16024518  .00000690  00000-0  24448-3 0  3553\
2 41181  47.0030 324.5197 0002417 273.4498  86.6105 14.44221777429429
1 41181U 15081C   24040.16024518  .00000690  00000-0  24448-3 0    11\
2 41181  47.0030 324.5197 0002417 273.4498  86.6105 14.44221777429317
1 41181U 15081C   24041.88978855  .00000844  00000-0  28892-3 0    11\
2 41181  47.0027 316.5323 0002386 278.8369  81.2241 14.44225518429562
1 41181U 15081C   24041.88978855  .00000844  00000-0  28892-3 0  3564\
2 41181  47.0027 316.5323 0002386 278.8369  81.2241 14.44225518429674
1 41181U 15081C   24042.16651561  .00000694  00000-0  24576-3 0    13\
2 41181  47.0027 315.2544 0002377 279.7885  80.2726 14.44225061429601
1 41181U 15081C   24042.85833153  .00000663  00000-0  23687-3 0    16\
2 41181  47.0026 312.0594 0002377 281.8358  78.2255 14.44226167429702
1 41181U 15081C   24042.99669452  .00000660  00000-0  23588-3 0  3571\
2 41181  47.0025 311.4205 0002411 282.1424  77.9186 14.44226413429837
1 41181U 15081C   24042.99669452  .00000660  00000-0  23588-3 0    17\
2 41181  47.0025 311.4205 0002411 282.1424  77.9186 14.44226413429725
1 41181U 15081C   24044.44950576  .00000804  00000-0  27753-3 0  3582\
2 41181  47.0023 304.7111 0002383 286.8553  73.2066 14.44229918430042
1 41181U 15081C   24044.44950576  .00000804  00000-0  27753-3 0    17\
2 41181  47.0023 304.7111 0002383 286.8553  73.2066 14.44229918429938
1 41181U 15081C   24045.41804492  .00000801  00000-0  27648-3 0    10\
2 41181  47.0021 300.2382 0002350 289.9233  70.1393 14.44231793430070
1 41181U 15081C   24045.69477042  .00000806  00000-0  27803-3 0  3591\
2 41181  47.0020 298.9601 0002346 290.7708  69.2920 14.44232263430223
1 41181U 15081C   24045.83313302  .00000796  00000-0  27520-3 0    13\
2 41181  47.0020 298.3211 0002340 291.1239  68.9391 14.44232489430130
1 41181U 15081C   24046.04067693  .00000790  00000-0  27336-3 0    15\
2 41181  47.0019 297.3627 0002329 291.9213  68.1420 14.44232837430160
1 41181U 15081C   24046.94003354  .00000676  00000-0  24061-3 0    13\
2 41181  47.0017 293.2091 0002306 294.7553  65.3087 14.44233785430296
1 41181U 15081C   24046.94003354  .00000676  00000-0  24061-3 0  3601\
2 41181  47.0017 293.2091 0002306 294.7553  65.3087 14.44233785430409
1 41181U 15081C   24047.63184541  .00000611  00000-0  22179-3 0    15\
2 41181  47.0014 290.0142 0002302 297.0196  63.0448 14.44234698430391
1 41181U 15081C   24047.70102657  .00000606  00000-0  22032-3 0    13\
2 41181  47.0014 289.6946 0002298 297.2023  62.8622 14.44234800430400
1 41181U 15081C   24048.04693250  .00000572  00000-0  21038-3 0  3611\
2 41181  47.0013 288.0973 0002282 298.3385  61.7264 14.44235188430565
1 41181U 15081C   24048.39283810  .00000621  00000-0  22470-3 0    13\
2 41181  47.0012 286.4997 0002274 299.4561  60.6092 14.44236067430509
1 41181U 15081C   24048.94628678  .00000596  00000-0  21741-3 0    10\
2 41181  47.0011 283.9436 0002252 301.2097  58.8562 14.44236881430583
1 41181U 15081C   24049.36137306  .00000634  00000-0  22836-3 0    19\
2 41181  47.0010 282.0267 0002242 302.6016  57.4647 14.44237800430647
1 41181U 15081C   24049.77645927  .00000588  00000-0  21510-3 0    13\
2 41181  47.0008 280.1095 0002225 303.7946  56.2722 14.44238200430700
1 41181U 15081C   24050.32990727  .00000594  00000-0  21680-3 0    12\
2 41181  47.0007 277.5534 0002211 305.7427  54.3247 14.44239088430782
1 41181U 15081C   24050.74499314  .00000578  00000-0  21224-3 0  3631\
2 41181  47.0006 275.6363 0002195 306.9625  53.1054 14.44239602430958
1 41181U 15081C   24050.88335517  .00000483  00000-0  18476-3 0    19\
2 41181  47.0006 274.9972 0002185 307.5145  52.5536 14.44239265430862
1 41181U 15081C   24051.29844081  .00000505  00000-0  19125-3 0    13\
2 41181  47.0005 273.0802 0002164 309.0196  51.0491 14.44240003430926
1 41181U 15081C   24051.71352621  .00000513  00000-0  19345-3 0    17\
2 41181  47.0004 271.1631 0002146 310.2544  49.8148 14.44240655430988
1 41181U 15081C   24051.99024969  .00000486  00000-0  18569-3 0  3646\
2 41181  47.0003 269.8850 0002134 311.2706  48.7990 14.44240927431135
1 41181U 15081C   24052.33615409  .00000469  00000-0  18061-3 0    16\
2 41181  47.0003 268.2874 0002125 312.4234  47.6465 14.44241310431078
1 41181U 15081C   24052.88960100  .00000397  00000-0  15998-3 0    13\
2 41181  47.0003 265.7313 0002091 314.2516  45.8192 14.44241661431158
1 41181U 15081C   24053.30468595  .00000397  00000-0  15983-3 0  3659\
2 41181  47.0003 263.8143 0002075 315.6714  44.3999 14.44242218431322
1 41181U 15081C   24053.30468595  .00000397  00000-0  15983-3 0    16\
2 41181  47.0003 263.8143 0002075 315.6714  44.3999 14.44242218431210
1 41181U 15081C   24053.85813239  .00000383  00000-0  15602-3 0    18\
2 41181  47.0002 261.2581 0002047 317.5178  42.5543 14.44242823431296
1 41181U 15081C   24054.82666296  .00000438  00000-0  17186-3 0  3669\
2 41181  47.0001 256.7848 0002006 320.7392  39.3342 14.44244298431546
1 41181U 15081C   24054.82666296  .00000438  00000-0  17186-3 0    15\
2 41181  47.0001 256.7848 0002006 320.7392  39.3342 14.44244298431434
1 41181U 15081C   24055.58765082  .00000515  00000-0  19384-3 0    10\
2 41181  47.0000 253.2702 0001973 323.3980  36.6764 14.44245592431546
1 41181U 15081C   24055.79519283  .00000518  00000-0  19474-3 0    16\
2 41181  46.9999 252.3116 0001961 324.1227  35.9521 14.44245871431576
1 41181U 15081C   24056.55617997  .00000503  00000-0  19065-3 0    12\
2 41181  46.9998 248.7969 0001925 326.7654  33.3105 14.44246715431682
1 41181U 15081C   24056.83290240  .00000507  00000-0  19174-3 0  3671\
2 41181  46.9998 247.5188 0001907 327.7815  32.2948 14.44247089431837
1 41181U 15081C   24056.83290240  .00000507  00000-0  19174-3 0    16\
2 41181  46.9998 247.5188 0001907 327.7815  32.2948 14.44247089431725
1 41181U 15081C   24057.87061127  .00000499  00000-0  18936-3 0    16\
2 41181  46.9997 242.7261 0001852 331.4828  28.5950 14.44248246431871
1 41181U 15081C   24057.87061127  .00000499  00000-0  18936-3 0  3682\
2 41181  46.9997 242.7261 0001852 331.4828  28.5950 14.44248246431983
1 41181U 15081C   24058.49323608  .00000474  00000-0  18213-3 0    11\
2 41181  46.9997 239.8503 0001832 333.7189  26.3597 14.44248851431965
1 41181U 15081C   24058.90831938  .00000435  00000-0  17098-3 0    14\
2 41181  46.9996 237.9333 0001807 335.4117  24.6676 14.44249064432020
1 41181U 15081C   24058.90831938  .00000435  00000-0  17098-3 0  3691\
2 41181  46.9996 237.9333 0001807 335.4117  24.6676 14.44249064432132
1 41181U 15081C   24059.46176322  .00000436  00000-0  17120-3 0    12\
2 41181  46.9996 235.3770 0001785 337.3504  22.7297 14.44249714432102
1 41181U 15081C   24059.73848507  .00000408  00000-0  16301-3 0    12\
2 41181  46.9996 234.0989 0001763 338.3801  21.7004 14.44249895432146
1 41181U 15081C   24060.15356785  .00000396  00000-0  15958-3 0  3704\
2 41181  46.9996 232.1818 0001744 339.9113  20.1698 14.44250294432314
1 41181U 15081C   24060.56865037  .00000390  00000-0  15796-3 0    19\
2 41181  46.9996 230.2646 0001719 341.4777  18.6040 14.44250754432266
1 41181U 15081C   24061.53717569  .00000425  00000-0  16797-3 0    14\
2 41181  46.9997 225.7913 0001662 345.1214  14.9616 14.44252098432404
1 41181U 15081C   24061.74471673  .00000427  00000-0  16869-3 0  3712\
2 41181  46.9998 224.8328 0001660 346.1103  13.9730 14.44252361432545
1 41181U 15081C   24061.74471673  .00000427  00000-0  16869-3 0    12\
2 41181  46.9998 224.8328 0001660 346.1103  13.9730 14.44252361432433
1 41181U 15081C   24062.57488068  .00000463  00000-0  17901-3 0    18\
2 41181  46.9999 220.9985 0001616 349.2320  10.8525 14.44253491432552
1 41181U 15081C   24063.12832283  .00000465  00000-0  17956-3 0  3725\
2 41181  47.0000 218.4423 0001592 351.4217   8.6636 14.44254168432740
1 41181U 15081C   24063.54340443  .00000472  00000-0  18161-3 0    19\
2 41181  47.0000 216.5252 0001566 353.2288   6.8571 14.44254666432693
1 41181U 15081C   24063.82012530  .00000483  00000-0  18458-3 0    14\
2 41181  47.0000 215.2471 0001550 354.4673   5.6190 14.44255053432736
1 41181U 15081C   24064.51192655  .00000491  00000-0  18693-3 0    18\
2 41181  47.0001 212.0519 0001504 356.8816   3.2054 14.44256168432831
1 41181U 15081C   24064.71946682  .00000501  00000-0  18983-3 0  3733\
2 41181  47.0001 211.0934 0001486 357.1528   2.9343 14.44256537432976
1 41181U 15081C   24064.71946682  .00000501  00000-0  18983-3 0    11\
2 41181  47.0001 211.0934 0001486 357.1528   2.9343 14.44256537432864
1 41181U 15081C   24065.48044768  .00000564  00000-0  20818-3 0    19\
2 41181  47.0003 207.5789 0001442 359.9495   0.1384 14.44258039432975
1 41181U 15081C   24065.75716790  .00000562  00000-0  20762-3 0  3749\
2 41181  47.0004 206.3009 0001429   0.9981 359.0901 14.44258435433125
1 41181U 15081C   24066.51814785  .00000622  00000-0  22471-3 0    10\
2 41181  47.0004 202.7861 0001380   4.6383 355.4509 14.44259963433125
1 41181U 15081C   24067.07158771  .00000561  00000-0  20717-3 0  3755\
2 41181  47.0005 200.2301 0001343   6.5111 353.5786 14.44260440433316
1 41181U 15081C   24067.62502732  .00000604  00000-0  21948-3 0    17\
2 41181  47.0004 197.6739 0001328  10.1876 349.9031 14.44261463433285
1 41181U 15081C   24068.45518577  .00000613  00000-0  22220-3 0  3762\
2 41181  47.0004 193.8399 0001283  14.2564 345.8352 14.44262830433510
1 41181U 15081C   24068.45518577  .00000613  00000-0  22220-3 0    17\
2 41181  47.0004 193.8399 0001283  14.2564 345.8352 14.44262830433408
1 41181U 15081C   24069.49288304  .00000586  00000-0  21440-3 0  3772\
2 41181  47.0006 189.0472 0001228  19.5012 340.5914 14.44264258433664
1 41181U 15081C   24069.56206295  .00000497  00000-0  18869-3 0    15\
2 41181  47.0006 188.7278 0001222  19.7538 340.3389 14.44263850433563
1 41181U 15081C   24069.83878208  .00000488  00000-0  18611-3 0    19\
2 41181  47.0007 187.4498 0001212  21.0381 339.0549 14.44264199433600
1 41181U 15081C   24070.53057958  .00000444  00000-0  17337-3 0  3782\
2 41181  47.0008 184.2546 0001166  24.7859 335.3076 14.44264908433813
1 41181U 15081C   24070.59975935  .00000442  00000-0  17284-3 0    14\
2 41181  47.0008 183.9351 0001173  25.3708 334.7229 14.44264980433713
1 41181U 15081C   24070.80729848  .00000436  00000-0  17119-3 0    18\
2 41181  47.0009 182.9766 0001164  26.4115 333.6824 14.44265238433746
1 41181U 15081C   24071.56827508  .00000434  00000-0  17056-3 0  3790\
2 41181  47.0009 179.4619 0001125  30.2236 329.8708 14.44266205433965
1 41181U 15081C   24071.56827507  .00000436  00000-0  17104-3 0    17\
2 41181  47.0009 179.4620 0001123  30.2384 329.8561 14.44266211433851
1 41181U 15081C   24072.67514932  .00000444  00000-0  17349-3 0  3805\
2 41181  47.0010 174.3498 0001070  36.3267 323.7686 14.44267602434125
1 41181U 15081C   24072.74432886  .00000442  00000-0  17289-3 0    11\
2 41181  47.0010 174.0303 0001066  36.5667 323.5286 14.44267698434026
1 41181U 15081C   24073.57448376  .00000451  00000-0  17542-3 0    16\
2 41181  47.0011 170.1963 0001030  41.5260 318.5698 14.44268792434142
1 41181U 15081C   24073.78202236  .00000453  00000-0  17611-3 0  3812\
2 41181  47.0011 169.2377 0001024  42.7658 317.3302 14.44269070434281
1 41181U 15081C   24073.78202236  .00000453  00000-0  17611-3 0    11\
2 41181  47.0011 169.2377 0001024  42.7658 317.3302 14.44269070434179
1 41181U 15081C   24074.26627906  .00000441  00000-0  17256-3 0    12\
2 41181  47.0011 167.0011 0001002  45.6918 314.4044 14.44269597434240
1 41181U 15081C   24074.75053543  .00000418  00000-0  16603-3 0    15\
2 41181  47.0011 164.7646 0000994  48.8575 311.2391 14.44270131434315
1 41181U 15081C   24075.23479167  .00000421  00000-0  16671-3 0  3824\
2 41181  47.0012 162.5280 0000973  52.0575 308.0392 14.44270725434493
1 41181U 15081C   24075.71904793  .00000388  00000-0  15736-3 0    16\
2 41181  47.0012 160.2915 0000964  55.6045 304.4925 14.44271119434450
1 41181U 15081C   24076.34166274  .00000357  00000-0  14831-3 0  3834\
2 41181  47.0011 157.4159 0000935  59.7483 300.3490 14.44271641434650
1 41181U 15081C   24076.34166274  .00000357  00000-0  14831-3 0    11\
2 41181  47.0011 157.4159 0000935  59.7483 300.3490 14.44271641434548
1 41181U 15081C   24077.31017399  .00000335  00000-0  14191-3 0    17\
2 41181  47.0011 152.9428 0000910  67.4681 292.6295 14.44272615434689
1 41181U 15081C   24078.20950501  .00000314  00000-0  13580-3 0  3849\
2 41181  47.0010 148.7891 0000885  73.4649 286.6328 14.44273551434924
1 41181U 15081C   24078.20950501  .00000314  00000-0  13580-3 0    15\
2 41181  47.0010 148.7891 0000885  73.4649 286.6328 14.44273551434812
1 41181U 15081C   24079.52391025  .00000505  00000-0  19085-3 0  3854\
2 41181  47.0008 142.7184 0000872  83.3429 276.7550 14.44276220435117
1 41181U 15081C   24079.31637275  .00000447  00000-0  17427-3 0    19\
2 41181  47.0009 143.6769 0000868  81.9766 278.1212 14.44275636434974
1 41181U 15081C   24080.56159755  .00000616  00000-0  22286-3 0    17\
2 41181  47.0007 137.9255 0000887  92.5415 267.5567 14.44278109435152
1 41181U 15081C   24080.56159755  .00000616  00000-0  22286-3 0  3863\
2 41181  47.0007 137.9255 0000887  92.5415 267.5567 14.44278109435264
1 41181U 15081C   24081.46092587  .00000589  00000-0  21522-3 0    17\
2 41181  47.0006 133.7717 0000905 100.3031 259.7950 14.44279093435287
1 41181U 15081C   24081.94517874  .00000694  00000-0  24557-3 0  3876\
2 41181  47.0006 131.5350 0000906 103.7764 256.3216 14.44280434435466
1 41181U 15081C   24082.49861095  .00000648  00000-0  23226-3 0    18\
2 41181  47.0006 128.9789 0000885 106.3771 253.7206 14.44280886435433
1 41181U 15081C   24083.12122155  .00000622  00000-0  22471-3 0  3887\
2 41181  47.0006 126.1032 0000885 110.4238 249.6736 14.44281639435639
1 41181U 15081C   24083.81300975  .00000733  00000-0  25679-3 0    19\
2 41181  47.0006 122.9080 0000877 117.2149 242.8821 14.44283480435628
1 41181U 15081C   24084.36644027  .00000840  00000-0  28753-3 0  3893\
2 41181  47.0006 120.3518 0000911 120.9391 239.1579 14.44284988435819
1 41181U 15081C   24084.36644027  .00000840  00000-0  28753-3 0    14\
2 41181  47.0006 120.3518 0000911 120.9391 239.1579 14.44284988435707
1 41181U 15081C   24085.33494105  .00001059  00000-0  35067-3 0    11\
2 41181  47.0005 115.8784 0000970 128.3068 231.7899 14.44288366435840
1 41181U 15081C   24086.37261967  .00001151  00000-0  37712-3 0  3907\
2 41181  47.0005 111.0855 0000998 134.8443 225.2518 14.44291117436100
1 41181U 15081C   24086.37261967  .00001151  00000-0  37712-3 0    16\
2 41181  47.0005 111.0855 0000998 134.8443 225.2518 14.44291117435996
1 41181U 15081C   24086.92604887  .00000813  00000-0  27971-3 0    19\
2 41181  47.0005 108.5293 0000997 138.3430 221.7526 14.44290140436072
1 41181U 15081C   24087.41029842  .00000842  00000-0  28807-3 0  3919\
2 41181  47.0005 106.2927 0001020 141.1823 218.9130 14.44291233436250
1 41181U 15081C   24087.41029842  .00000842  00000-0  28807-3 0    17\
2 41181  47.0005 106.2927 0001020 141.1823 218.9130 14.44291233436148
1 41181U 15081C   24087.75619046  .00000652  00000-0  23343-3 0    14\
2 41181  47.0005 104.6950 0001031 143.4659 216.6291 14.44291013436194
1 41181U 15081C   24087.96372577  .00000669  00000-0  23831-3 0    12\
2 41181  47.0005 103.7364 0001037 144.7371 215.3578 14.44291476436225
1 41181U 15081C   24088.72468776  .00000668  00000-0  23788-3 0  3927\
2 41181  47.0006 100.2216 0001067 149.2940 210.8002 14.44293047436441
1 41181U 15081C   24088.72468776  .00000668  00000-0  23788-3 0    14\
2 41181  47.0006 100.2216 0001067 149.2940 210.8002 14.44293047436339
1 41181U 15081C   24089.27811438  .00000694  00000-0  24546-3 0    14\
2 41181  47.0007  97.6653 0001094 153.0934 207.0003 14.44294206436416
1 41181U 15081C   24089.69318362  .00000748  00000-0  26103-3 0    19\
2 41181  47.0007  95.7482 0001114 155.2143 204.8791 14.44295438436477
1 41181U 15081C   24090.03907522  .00000743  00000-0  25936-3 0  3933\
2 41181  47.0007  94.1504 0001136 157.2757 202.8174 14.44295911436639
1 41181U 15081C   24090.31578813  .00000725  00000-0  25423-3 0    18\
2 41181  47.0008  92.8725 0001131 158.4304 201.6624 14.44296340436562
1 41181U 15081C   24090.73085734  .00000592  00000-0  21601-3 0    15\
2 41181  47.0008  90.9554 0001158 160.6935 199.3989 14.44296380436623
1 41181U 15081C   24091.35346043  .00000724  00000-0  25409-3 0  3949\
2 41181  47.0009  88.0795 0001198 163.9900 196.1018 14.44298236436823
1 41181U 15081C   24091.35346043  .00000724  00000-0  25409-3 0    14\
2 41181  47.0009  88.0795 0001198 163.9900 196.1018 14.44298236436711
1 41181U 15081C   24091.69935165  .00000517  00000-0  19428-3 0    14\
2 41181  47.0009  86.4819 0001220 166.1021 193.9893 14.44297521436762
1 41181U 15081C   24092.32195492  .00000526  00000-0  19684-3 0    10\
2 41181  47.0011  83.6061 0001247 168.7857 191.3051 14.44298403436855
1 41181U 15081C   24092.66784527  .00000488  00000-0  18604-3 0  3954\
2 41181  47.0011  82.0084 0001268 170.7938 189.2965 14.44298732437013
1 41181U 15081C   24093.22127001  .00000488  00000-0  18607-3 0    12\
2 41181  47.0012  79.4521 0001301 173.4391 186.6506 14.44299413436985
1 41181U 15081C   24093.63633822  .00000440  00000-0  17206-3 0    12\
2 41181  47.0013  77.5350 0001318 175.2530 184.8363 14.44299750437041
1 41181U 15081C   24093.98222833  .00000445  00000-0  17358-3 0  3966\
2 41181  47.0014  75.9372 0001338 176.9734 183.1155 14.44300221437209
1 41181U 15081C   24094.32811848  .00000439  00000-0  17193-3 0    18\
2 41181  47.0014  74.3396 0001358 178.2356 181.8528 14.44300605437143
1 41181U 15081C   24095.22743221  .00000359  00000-0  14878-3 0  3973\
2 41181  47.0017  70.1857 0001405 182.1839 177.9035 14.44301282437382
1 41181U 15081C   24095.29661018  .00000357  00000-0  14830-3 0    11\
2 41181  47.0017  69.8662 0001409 182.4377 177.6496 14.44301360437289
1 41181U 15081C   24095.64249973  .00000336  00000-0  14224-3 0    16\
2 41181  47.0018  68.2686 0001430 184.0660 176.0209 14.44301722437339
1 41181U 15081C   24096.26510096  .00000343  00000-0  14433-3 0  3981\
2 41181  47.0019  65.3928 0001466 186.5118 173.5743 14.44302470437539
1 41181U 15081C   24096.61099033  .00000324  00000-0  13859-3 0    14\
2 41181  47.0020  63.7952 0001480 188.0320 172.0536 14.44302793437473
1 41181U 15081C   24097.16441323  .00000317  00000-0  13681-3 0    13\
2 41181  47.0021  61.2390 0001515 190.2726 169.8124 14.44303381437557
1 41181U 15081C   24097.85619159  .00000331  00000-0  14077-3 0  3999\
2 41181  47.0022  58.0437 0001549 193.0739 167.0101 14.44304213437769
1 41181U 15081C   24097.85619159  .00000331  00000-0  14077-3 0    19\
2 41181  47.0022  58.0437 0001549 193.0739 167.0101 14.44304213437657
1 41181U 15081C   24098.27125855  .00000362  00000-0  14969-3 0    15\
2 41181  47.0023  56.1267 0001572 194.4762 165.6073 14.44304813437710
1 41181U 15081C   24098.61714752  .00000374  00000-0  15325-3 0    13\
2 41181  47.0024  54.5291 0001585 195.6583 164.4248 14.44305261437762
1 41181U 15081C   24099.17056954  .00000393  00000-0  15871-3 0  4008\
2 41181  47.0024  51.9729 0001616 197.6001 162.4823 14.44305985437952
1 41181U 15081C   24099.58563591  .00000411  00000-0  16369-3 0    14\
2 41181  47.0025  50.0558 0001633 199.1342 160.9477 14.44306563437903
1 41181U 15081C   24099.93152442  .00000398  00000-0  16005-3 0    13\
2 41181  47.0025  48.4581 0001660 200.3759 159.7055 14.44306884437956
1 41181U 15081C   24100.55412360  .00000414  00000-0  16450-3 0    15\
2 41181  47.0027  45.5824 0001687 202.7487 157.3318 14.44307659438047
1 41181U 15081C   24100.83083419  .00000405  00000-0  16197-3 0  4017\
2 41181  47.0027  44.3043 0001703 203.7238 156.3564 14.44307921438191
1 41181U 15081C   24100.83083419  .00000405  00000-0  16197-3 0    13\
2 41181  47.0027  44.3043 0001703 203.7238 156.3564 14.44307921438089
1 41181U 15081C   24101.52261062  .00000376  00000-0  15378-3 0    19\
2 41181  47.0029  41.1091 0001741 206.3244 153.7548 14.44308528438185
1 41181U 15081C   24102.21438670  .00000382  00000-0  15536-3 0  4025\
2 41181  47.0029  37.9138 0001774 208.5596 151.5186 14.44309308438394
1 41181U 15081C   24102.21438670  .00000382  00000-0  15536-3 0    10\
2 41181  47.0029  37.9138 0001774 208.5596 151.5186 14.44309308438282
1 41181U 15081C   24103.25204988  .00000407  00000-0  16247-3 0  4032\
2 41181  47.0031  33.1211 0001822 212.1678 147.9091 14.44310669438546
1 41181U 15081C   24103.25204988  .00000407  00000-0  16247-3 0    16\
2 41181  47.0031  33.1211 0001822 212.1678 147.9091 14.44310669438434
1 41181U 15081C   24105.18901850  .00000545  00000-0  20224-3 0  4042\
2 41181  47.0033  24.1747 0001914 219.0314 141.0428 14.44313770438823
1 41181U 15081C   24105.88079198  .00000663  00000-0  23642-3 0    11\
2 41181  47.0034  20.9795 0001950 221.4673 138.6059 14.44315344438816
1 41181U 15081C   24106.15750128  .00000676  00000-0  24012-3 0    17\
2 41181  47.0034  19.7015 0001957 222.3461 137.7268 14.44315787438856
1 41181U 15081C   24106.84927369  .00000751  00000-0  26179-3 0    16\
2 41181  47.0034  16.5063 0001993 224.7356 135.3364 14.44317299438955
1 41181U 15081C   24107.12598245  .00000762  00000-0  26489-3 0  4059\
2 41181  47.0033  15.2284 0001997 225.4607 134.6110 14.44317832439108
1 41181U 15081C   24107.12598245  .00000762  00000-0  26489-3 0    11\
2 41181  47.0033  15.2284 0001997 225.4607 134.6110 14.44317832438994
1 41181U 15081C   24107.81775327  .00001013  00000-0  33702-3 0    11\
2 41181  47.0033  12.0332 0002031 227.9009 132.1698 14.44320585439091
1 41181U 15081C   24108.09446151  .00001025  00000-0  34064-3 0    17\
2 41181  47.0033  10.7552 0002036 228.7727 131.2978 14.44321208439130
1 41181U 15081C   24109.82388515  .00001128  00000-0  37015-3 0  4060\
2 41181  47.0031   2.7673 0002105 234.3309 125.7376 14.44325496439491
1 41181U 15081C   24110.79235804  .00001397  00000-0  44769-3 0    13\
2 41181  47.0030 358.2940 0002145 237.6064 122.4609 14.44329869439529
1 41181U 15081C   24111.76083162  .00001244  00000-0  40367-3 0  4070\
2 41181  47.0029 353.8206 0002174 240.7336 119.3327 14.44331367439777
1 41181U 15081C   24111.76083162  .00001244  00000-0  40367-3 0    10\
2 41181  47.0029 353.8206 0002174 240.7336 119.3327 14.44331367439665
1 41181U 15081C   24112.79847743  .00001382  00000-0  44322-3 0  4086\
2 41181  47.0027 349.0276 0002211 243.8202 116.2450 14.44335377439922
1 41181U 15081C   24112.79847743  .00001382  00000-0  44322-3 0    15\
2 41181  47.0027 349.0276 0002211 243.8202 116.2450 14.44335377439810
1 41181U 15081C   24113.00600659  .00001365  00000-0  43843-3 0    11\
2 41181  47.0027 348.0691 0002213 244.8407 115.2243 14.44335873439843
1 41181U 15081C   24113.69776934  .00001270  00000-0  41093-3 0    16\
2 41181  47.0025 344.8738 0002243 246.5256 113.5388 14.44337455439941
1 41181U 15081C   24114.73541174  .00001157  00000-0  37837-3 0  4095\
2 41181  47.0025 340.0808 0002264 249.6646 110.3991 14.44339979440206
1 41181U 15081C   24114.73541174  .00001157  00000-0  37837-3 0    13\
2 41181  47.0025 340.0808 0002264 249.6646 110.3991 14.44339979440093
1 41181U 15081C   24116.04975484  .00001258  00000-0  40744-3 0  4101\
2 41181  47.0023 334.0096 0002317 251.3254 108.7374 14.44344652440390
1 41181U 15081C   24116.04975484  .00001258  00000-0  40744-3 0    17\
2 41181  47.0023 334.0096 0002317 251.3254 108.7374 14.44344652440288
1 41181U 15081C   24117.57162253  .00001087  00000-0  35816-3 0  4117\
2 41181  47.0022 326.9799 0002329 256.9052 103.1568 14.44348155440610
1 41181U 15081C   24118.26337926  .00001218  00000-0  39590-3 0    19\
2 41181  47.0022 323.7846 0002300 259.0144 101.0477 14.44350800440608
1 41181U 15081C   24118.81678413  .00000970  00000-0  32466-3 0  4124\
2 41181  47.0020 321.2283 0002293 260.1944  99.8677 14.44350934440790
1 41181U 15081C   24118.81678413  .00000970  00000-0  32466-3 0    18\
2 41181  47.0020 321.2283 0002293 260.1944  99.8677 14.44350934440688
1 41181U 15081C   24119.57771531  .00000761  00000-0  26434-3 0    13\
2 41181  47.0018 317.7134 0002298 262.2072  97.8547 14.44351670440794
1 41181U 15081C   24119.85441735  .00000752  00000-0  26184-3 0  4133\
2 41181  47.0017 316.4355 0002307 263.5686  96.4931 14.44352269440944
1 41181U 15081C   24119.85441735  .00000752  00000-0  26184-3 0    16\
2 41181  47.0017 316.4355 0002307 263.5686  96.4931 14.44352269440832
1 41181U 15081C   24120.26947032  .00000674  00000-0  23931-3 0    14\
2 41181  47.0017 314.5183 0002311 264.7683  95.2934 14.44352797440897
1 41181U 15081C   24120.89204938  .00000619  00000-0  22347-3 0    13\
2 41181  47.0015 311.6425 0002311 266.9108  93.1508 14.44353810440989
1 41181U 15081C   24120.89204938  .00000619  00000-0  22347-3 0  4141\
2 41181  47.0015 311.6425 0002311 266.9108  93.1508 14.44353810441092
1 41181U 15081C   24121.23792642  .00000596  00000-0  21694-3 0    14\
2 41181  47.0015 310.0448 0002314 267.8431  92.2184 14.44354393441033
1 41181U 15081C   24121.79132958  .00000614  00000-0  22200-3 0    18\
2 41181  47.0014 307.4883 0002315 269.5275  90.5340 14.44355472441114
1 41181U 15081C   24122.20638172  .00000619  00000-0  22355-3 0  4159\
2 41181  47.0014 305.5711 0002317 270.7957  89.2657 14.44356242441286
1 41181U 15081C   24122.48308323  .00000523  00000-0  19588-3 0    10\
2 41181  47.0013 304.2928 0002319 271.6122  88.4492 14.44356126441219
1 41181U 15081C   24122.75978452  .00000508  00000-0  19146-3 0    19\
2 41181  47.0013 303.0146 0002317 272.3526  87.7088 14.44356502441257
1 41181U 15081C   24123.52071288  .00000467  00000-0  17958-3 0  4169\
2 41181  47.0013 299.4995 0002316 274.6800  85.3815 14.44357414441475
1 41181U 15081C   24123.52071288  .00000467  00000-0  17958-3 0    19\
2 41181  47.0013 299.4995 0002316 274.6800  85.3815 14.44357414441363
1 41181U 15081C   24124.21246521  .00000481  00000-0  18360-3 0    14\
2 41181  47.0013 296.3042 0002311 276.7495  83.3122 14.44358577441461
1 41181U 15081C   24124.83504226  .00000420  00000-0  16623-3 0  4175\
2 41181  47.0013 293.4283 0002304 278.4550  81.6068 14.44359062441661
1 41181U 15081C   24124.83504226  .00000420  00000-0  16623-3 0    14\
2 41181  47.0013 293.4283 0002304 278.4550  81.6068 14.44359062441559
1 41181U 15081C   24126.14937075  .00000495  00000-0  18770-3 0  4181\
2 41181  47.0011 287.3570 0002297 282.4613  77.6010 14.44360997441858
1 41181U 15081C   24126.56442158  .00000517  00000-0  19405-3 0    19\
2 41181  47.0011 285.4397 0002294 283.5818  76.4806 14.44361579441802
1 41181U 15081C   24127.46369746  .00000543  00000-0  20147-3 0  4197\
2 41181  47.0010 281.2856 0002286 286.3395  73.7234 14.44362883442048
1 41181U 15081C   24127.53287271  .00000585  00000-0  21368-3 0    16\
2 41181  47.0011 280.9661 0002286 286.4606  73.6023 14.44363136441940
1 41181U 15081C   24127.74039777  .00000598  00000-0  21751-3 0    15\
2 41181  47.0011 280.0075 0002283 287.0699  72.9931 14.44363489441970
1 41181U 15081C   24128.50132314  .00000524  00000-0  19605-3 0  4200\
2 41181  47.0010 276.4925 0002274 289.2912  70.7722 14.44364012442196
1 41181U 15081C   24128.50132314  .00000524  00000-0  19605-3 0    15\
2 41181  47.0010 276.4925 0002274 289.2912  70.7722 14.44364012442084
1 41181U 15081C   24128.77802309  .00000531  00000-0  19807-3 0    14\
2 41181  47.0012 275.2144 0002270 290.3728  69.6908 14.44364403442122
1 41181U 15081C   24129.53894738  .00000575  00000-0  21063-3 0    11\
2 41181  47.0011 271.6994 0002260 292.5316  67.5324 14.44365668442235
1 41181U 15081C   24129.67729725  .00000576  00000-0  21115-3 0  4214\
2 41181  47.0011 271.0603 0002254 293.2674  66.7968 14.44365851442367
1 41181U 15081C   24129.67729725  .00000576  00000-0  21115-3 0    18\
2 41181  47.0011 271.0603 0002254 293.2674  66.7968 14.44365851442255
1 41181U 15081C   24130.50739580  .00000676  00000-0  23970-3 0    14\
2 41181  47.0011 267.2257 0002241 295.8993  64.1656 14.44367495442370
1 41181U 15081C   24130.64574536  .00000689  00000-0  24351-3 0    15\
2 41181  47.0011 266.5866 0002240 296.2072  63.8577 14.44367787442394
1 41181U 15081C   24131.06079378  .00000863  00000-0  29366-3 0  4228\
2 41181  47.0011 264.6694 0002233 297.8729  62.1924 14.44369467442564
1 41181U 15081C   24131.61419222  .00000937  00000-0  31497-3 0    18\
2 41181  47.0011 262.1130 0002220 299.4977  60.5682 14.44370596442536
1 41181U 15081C   24131.75254168  .00000945  00000-0  31714-3 0    10\
2 41181  47.0011 261.4740 0002219 300.0214  60.0446 14.44370864442559
1 41181U 15081C   24132.44428395  .00001680  00000-0  52864-3 0  4236\
2 41181  47.0012 258.2785 0002211 302.3341  57.7324 14.44377387442769
1 41181U 15081C   24132.65180697  .00001708  00000-0  53670-3 0    18\
2 41181  47.0012 257.3199 0002203 303.0997  56.9671 14.44378192442686
1 41181U 15081C   24133.48189998  .00001481  00000-0  47132-3 0  4246\
2 41181  47.0012 253.4853 0002184 305.6629  54.4048 14.44379095442918
1 41181U 15081C   24133.62024851  .00001482  00000-0  47161-3 0    12\
2 41181  47.0012 252.8462 0002180 306.3066  53.7612 14.44379527442825
1 41181U 15081C   24133.68942262  .00001525  00000-0  48401-3 0    19\
2 41181  47.0012 252.5267 0002179 306.5553  53.5126 14.44380009442832
1 41181U 15081C   24134.58868680  .00001318  00000-0  42431-3 0    17\
2 41181  47.0012 248.3726 0002153 309.3798  50.6891 14.44381785442962
1 41181U 15081C   24134.58868680  .00001318  00000-0  42431-3 0  4257\
2 41181  47.0012 248.3726 0002153 309.3798  50.6891 14.44381785443075
1 41181U 15081C   24135.55712359  .00001275  00000-0  41203-3 0    14\
2 41181  47.0013 243.8991 0002128 312.5599  47.5101 14.44384657443101
1 41181U 15081C   24136.31803661  .00001177  00000-0  38390-3 0  4261\
2 41181  47.0012 240.3841 0002107 315.0022  45.0687 14.44386687443323
1 41181U 15081C   24136.31803661  .00001177  00000-0  38390-3 0    10\
2 41181  47.0012 240.3841 0002107 315.0022  45.0687 14.44386687443211
1 41181U 15081C   24136.66390569  .00001130  00000-0  37028-3 0    12\
2 41181  47.0012 238.7865 0002095 315.9661  44.1052 14.44387636443268
1 41181U 15081C   24137.56316367  .00001150  00000-0  37613-3 0  4270\
2 41181  47.0011 234.6325 0002063 319.2127  40.8598 14.44390883443505
1 41181U 15081C   24137.56316367  .00001150  00000-0  37613-3 0    18\
2 41181  47.0011 234.6325 0002063 319.2127  40.8598 14.44390883443392
1 41181U 15081C   24137.63233743  .00001124  00000-0  36843-3 0    17\
2 41181  47.0012 234.3131 0002058 319.4469  40.6258 14.44390958443406
1 41181U 15081C   24138.39324799  .00000949  00000-0  31810-3 0    16\
2 41181  47.0011 230.7981 0002029 321.9215  38.1522 14.44392116443519
1 41181U 15081C   24138.66994221  .00000944  00000-0  31668-3 0  4288\
2 41181  47.0010 229.5200 0002019 323.0074  37.0666 14.44392885443669
1 41181U 15081C   24138.94663600  .00000982  00000-0  32773-3 0    10\
2 41181  47.0010 228.2419 0002015 323.8546  36.2197 14.44393946443596
1 41181U 15081C   24139.50002358  .00001073  00000-0  35392-3 0    12\
2 41181  47.0009 225.6855 0001987 325.8218  34.2534 14.44395932443673
1 41181U 15081C   24139.91506408  .00001048  00000-0  34663-3 0    14\
2 41181  47.0009 223.7683 0001974 327.2485  32.8272 14.44396884443736
1 41181U 15081C   24139.91506408  .00001048  00000-0  34663-3 0  4298\
2 41181  47.0009 223.7683 0001974 327.2485  32.8272 14.44396884443848
1 41181U 15081C   24140.33010468  .00001029  00000-0  34125-3 0    10\
2 41181  47.0009 221.8510 0001951 328.6804  31.3959 14.44397725443796
1 41181U 15081C   24141.22935747  .00001002  00000-0  33353-3 0  4304\
2 41181  47.0008 217.6968 0001915 332.0118  28.0659 14.44399922444031
1 41181U 15081C   24141.57522358  .00000969  00000-0  32388-3 0    14\
2 41181  47.0007 216.0991 0001896 333.3587  26.7195 14.44400660443975
1 41181U 15081C   24141.99026274  .00000936  00000-0  31437-3 0    14\
2 41181  47.0006 214.1818 0001884 334.8520  25.2268 14.44401524444034
1 41181U 15081C   24143.23537886  .00000768  00000-0  26625-3 0  4312\
2 41181  47.0005 208.4297 0001821 339.3953  20.6853 14.44403605444324
1 41181U 15081C   24143.23537886  .00000768  00000-0  26625-3 0    15\
2 41181  47.0005 208.4297 0001821 339.3953  20.6853 14.44403605444212
1 41181U 15081C   24144.20380109  .00000688  00000-0  24301-3 0    17\
2 41181  47.0004 203.9560 0001775 343.1310  16.9511 14.44405330444353
1 41181U 15081C   24145.17222188  .00000653  00000-0  23311-3 0  4326\
2 41181  47.0004 199.4824 0001727 346.7206  13.3628 14.44407246444601
1 41181U 15081C   24145.17222188  .00000653  00000-0  23311-3 0    18\
2 41181  47.0004 199.4824 0001727 346.7206  13.3628 14.44407246444498
1 41181U 15081C   24145.86395066  .00000579  00000-0  21164-3 0    11\
2 41181  47.0004 196.2870 0001702 348.9976  11.0867 14.44408154444595
1 41181U 15081C   24146.41733341  .00000515  00000-0  19322-3 0  4337\
2 41181  47.0004 193.7306 0001677 350.9396   9.1453 14.44408740444782
1 41181U 15081C   24146.41733341  .00000515  00000-0  19322-3 0    18\
2 41181  47.0004 193.7306 0001677 350.9396   9.1453 14.44408740444670
1 41181U 15081C   24147.17823423  .00000463  00000-0  17825-3 0    11\
2 41181  47.0003 190.2154 0001625 354.5615   5.5247 14.44409672444787
1 41181U 15081C   24147.80078922  .00000404  00000-0  16145-3 0  4346\
2 41181  47.0001 187.3394 0001581 357.6805   2.4067 14.44410261444988
1 41181U 15081C   24148.35417127  .00000367  00000-0  15065-3 0    19\
2 41181  47.0000 184.7829 0001548   0.2501 359.8380 14.44410758444953
1 41181U 15081C   24149.11507108  .00000273  00000-0  12369-3 0  4354\
2 41181  47.0000 181.2678 0001510   3.5606 356.5284 14.44411233445179
1 41181U 15081C   24149.46093450  .00000280  00000-0  12588-3 0    12\
2 41181  46.9999 179.6701 0001495   5.4499 354.6397 14.44411709445111
1 41181U 15081C   24149.94514323  .00000244  00000-0  11546-3 0    15\
2 41181  47.0000 177.4332 0001516   5.7843 354.3055 14.44412067445185
1 41181U 15081C   24149.94514331  .00000279  00000-0  12556-3 0    14\
2 41181  47.0000 177.4332 0001516   5.7840 354.3058 14.44412226445182
1 41181U 15081C   24149.94514343  .00000326  00000-0  13899-3 0    11\
2 41181  47.0000 177.4332 0001516   5.7768 354.3129 14.44412429445185
1 41181U 15081C   24152.08949458  .00000414  00000-0  16429-3 0  4361\
2 41181  46.9998 167.5264 0001387  15.9673 344.1250 14.44414953445600
1 41181U 15081C   24152.08949458  .00000414  00000-0  16430-3 0    11\
2 41181  46.9998 167.5264 0001387  15.9623 344.1300 14.44414953445498
1 41181U 15081C   24153.40377335  .00000298  00000-0  13106-3 0  4377\
2 41181  46.9997 161.4546 0001313  23.2978 336.7962 14.44415382445798
1 41181U 15081C   24153.40377335  .00000298  00000-0  13106-3 0    14\
2 41181  46.9997 161.4546 0001313  23.2978 336.7962 14.44415382445686
1 41181U 15081C   24154.37218861  .00000299  00000-0  13121-3 0    17\
2 41181  46.9999 156.9808 0001282  28.5091 331.5859 14.44416178445825
1 41181U 15081C   24154.92556821  .00000324  00000-0  13850-3 0  4381\
2 41181  46.9999 154.4241 0001253  31.3543 328.7412 14.44416837446018
1 41181U 15081C   24155.40977538  .00000407  00000-0  16224-3 0    13\
2 41181  47.0000 152.1873 0001228  34.3529 325.7430 14.44417693445970
1 41181U 15081C   24155.96315452  .00000430  00000-0  16894-3 0    14\
2 41181  47.0001 149.6305 0001194  38.2351 321.8614 14.44418370446054
1 41181U 15081C   24156.23984386  .00000492  00000-0  18667-3 0  4396\
2 41181  47.0001 148.3524 0001177  40.3814 319.7153 14.44419056446205
1 41181U 15081C   24156.23984386  .00000492  00000-0  18667-3 0    11\
2 41181  47.0001 148.3524 0001177  40.3814 319.7153 14.44419056446092
1 41181U 15081C   24157.27742892  .00000457  00000-0  17653-3 0  4402\
2 41181  47.0002 143.5590 0001152  46.7579 313.3397 14.44420023446359
1 41181U 15081C   24157.27742892  .00000457  00000-0  17653-3 0    15\
2 41181  47.0002 143.5590 0001152  46.7579 313.3397 14.44420023446247
1 41181U 15081C   24158.24584040  .00000509  00000-0  19167-3 0    12\
2 41181  47.0003 139.0851 0001129  53.2455 306.8529 14.44421571446386
1 41181U 15081C   24158.93756221  .00000555  00000-0  20487-3 0  4416\
2 41181  47.0003 135.8895 0001102  58.6328 301.4659 14.44422770446597
1 41181U 15081C   24158.93756221  .00000555  00000-0  20487-3 0    18\
2 41181  47.0003 135.8895 0001102  58.6328 301.4659 14.44422770446485
1 41181U 15081C   24159.62928345  .00000629  00000-0  22601-3 0    15\
2 41181  47.0004 132.6939 0001098  63.3105 296.7887 14.44424179446585
1 41181U 15081C   24160.18265965  .00000697  00000-0  24571-3 0  4422\
2 41181  47.0004 130.1373 0001063  67.6574 292.4419 14.44425482446772
1 41181U 15081C   24160.59769177  .00000684  00000-0  24195-3 0    10\
2 41181  47.0005 128.2200 0001059  70.5436 289.5558 14.44426099446726
1 41181U 15081C   24160.94355177  .00000675  00000-0  23918-3 0    12\
2 41181  47.0005 126.6221 0001053  73.2575 286.8420 14.44426586446773
1 41181U 15081C   24161.35858366  .00000755  00000-0  26216-3 0  4439\
2 41181  47.0005 124.7047 0001046  76.3874 283.7122 14.44427656446949
1 41181U 15081C   24161.35858366  .00000755  00000-0  26216-3 0    19\
2 41181  47.0005 124.7047 0001046  76.3874 283.7122 14.44427656446837
1 41181U 15081C   24161.63527131  .00000757  00000-0  26282-3 0    18\
2 41181  47.0006 123.4265 0001042  78.4227 281.6770 14.44428171446870
1 41181U 15081C   24162.60367751  .00000743  00000-0  25884-3 0    18\
2 41181  47.0007 118.9526 0001041  86.1324 273.9675 14.44429781447016
1 41181U 15081C   24162.60367751  .00000743  00000-0  25884-3 0  4449\
2 41181  47.0007 118.9526 0001041  86.1324 273.9675 14.44429781447128
1 41181U 15081C   24162.94953640  .00000773  00000-0  26746-3 0    14\
2 41181  47.0008 117.3547 0001040  88.8988 271.2011 14.44430597447064
1 41181U 15081C   24163.57208240  .00000761  00000-0  26405-3 0    12\
2 41181  47.0010 114.4787 0001043  93.4515 266.6485 14.44431624447157
1 41181U 15081C   24164.19462830  .00000682  00000-0  24122-3 0  4456\
2 41181  47.0011 111.6027 0001053  98.3593 261.7406 14.44432162447354
1 41181U 15081C   24164.26380008  .00000673  00000-0  23862-3 0    18\
2 41181  47.0011 111.2831 0001056  98.8528 261.2472 14.44432210447250
1 41181U 15081C   24164.54048706  .00000574  00000-0  21011-3 0    19\
2 41181  47.0011 110.0048 0001056 100.9017 259.1981 14.44432094447290
1 41181U 15081C   24165.30137553  .00000569  00000-0  20878-3 0  4460\
2 41181  47.0013 106.4897 0001085 106.4430 253.6569 14.44433272447510
1 41181U 15081C   24165.30137553  .00000569  00000-0  20878-3 0    17\
2 41181  47.0013 106.4897 0001085 106.4430 253.6569 14.44433272447408
1 41181U 15081C   24166.54646444  .00000515  00000-0  19321-3 0  4474\
2 41181  47.0015 100.7377 0001102 115.6195 244.4799 14.44434908447691
1 41181U 15081C   24166.89232218  .00000498  00000-0  18832-3 0    14\
2 41181  47.0016  99.1398 0001113 118.3079 241.7913 14.44435325447635
1 41181U 15081C   24167.51486586  .00000540  00000-0  20031-3 0    15\
2 41181  47.0017  96.2639 0001133 122.4277 237.6712 14.44436459447720
1 41181U 15081C   24167.86072314  .00000544  00000-0  20147-3 0    15\
2 41181  47.0017  94.6660 0001148 124.9618 235.1370 14.44437008447777
1 41181U 15081C   24168.48326650  .00000531  00000-0  19782-3 0    18\
2 41181  47.0019  91.7901 0001166 129.0616 231.0368 14.44437738447861
1 41181U 15081C   24168.82912362  .00000532  00000-0  19823-3 0    14\
2 41181  47.0019  90.1923 0001180 131.5422 228.5559 14.44438209447910
1 41181U 15081C   24169.79752312  .00000467  00000-0  17938-3 0    10\
2 41181  47.0020  85.7185 0001223 137.7648 222.3327 14.44439159448054
1 41181U 15081C   24170.48923651  .00000422  00000-0  16642-3 0  4504\
2 41181  47.0021  82.5230 0001258 141.7704 218.3265 14.44439857448261
1 41181U 15081C   24170.48923651  .00000422  00000-0  16642-3 0    16\
2 41181  47.0021  82.5230 0001258 141.7704 218.3265 14.44439857448159
1 41181U 15081C   24171.45763476  .00000366  00000-0  15038-3 0    16\
2 41181  47.0023  78.0492 0001310 147.4737 212.6224 14.44440756448296
1 41181U 15081C   24171.80349107  .00000361  00000-0  14897-3 0  4512\
2 41181  47.0023  76.4513 0001330 149.6039 210.4918 14.44441134448458
1 41181U 15081C   24171.80349107  .00000361  00000-0  14897-3 0    13\
2 41181  47.0023  76.4513 0001330 149.6039 210.4918 14.44441134448346
1 41181U 15081C   24172.42603231  .00000349  00000-0  14555-3 0    10\
2 41181  47.0024  73.5754 0001365 152.8121 207.2831 14.44441795448439
1 41181U 15081C   24172.91023071  .00000373  00000-0  15234-3 0  4524\
2 41181  47.0024  71.3384 0001400 155.4840 204.6106 14.44442491448611
1 41181U 15081C   24172.91023071  .00000373  00000-0  15234-3 0    14\
2 41181  47.0024  71.3384 0001400 155.4840 204.6106 14.44442491448509
1 41181U 15081C   24173.18691546  .00000395  00000-0  15867-3 0    18\
2 41181  47.0024  70.0602 0001412 156.8780 203.2164 14.44442931448541
1 41181U 15081C   24173.74028473  .00000422  00000-0  16663-3 0    19\
2 41181  47.0025  67.5036 0001443 160.0144 200.0793 14.44443720448628
1 41181U 15081C   24174.15531171  .00000397  00000-0  15942-3 0  4530\
2 41181  47.0025  65.5864 0001469 161.9894 198.1038 14.44444024448790
1 41181U 15081C   24174.91619390  .00000401  00000-0  16057-3 0    17\
2 41181  47.0027  62.0712 0001519 165.9273 194.1650 14.44444904448790
1 41181U 15081C   24175.12370726  .00000387  00000-0  15635-3 0    12\
2 41181  47.0027  61.1126 0001532 166.6611 193.4309 14.44445025448820
1 41181U 15081C   24175.81541767  .00000381  00000-0  15468-3 0  4543\
2 41181  47.0027  57.9169 0001574 170.2550 189.8360 14.44445810449031
1 41181U 15081C   24175.88458870  .00000383  00000-0  15532-3 0    14\
2 41181  47.0027  57.5974 0001578 170.6307 189.4603 14.44445899448930
1 41181U 15081C   24176.09210184  .00000380  00000-0  15433-3 0    19\
2 41181  47.0028  56.6388 0001591 171.4414 188.6493 14.44446095448963
1 41181U 15081C   24176.85298299  .00000369  00000-0  15131-3 0    18\
2 41181  47.0029  53.1236 0001648 174.9129 185.1768 14.44446843449073
1 41181U 15081C   24177.06049603  .00000363  00000-0  14960-3 0  4551\
2 41181  47.0028  52.1650 0001655 175.8292 184.2602 14.44447006449215
1 41181U 15081C   24177.06049603  .00000363  00000-0  14960-3 0    18\
2 41181  47.0028  52.1650 0001655 175.8292 184.2602 14.44447006449103
1 41181U 15081C   24177.95971826  .00000392  00000-0  15772-3 0    11\
2 41181  47.0029  48.0107 0001711 179.9460 180.1421 14.44448190449233
1 41181U 15081C   24178.92811060  .00000422  00000-0  16652-3 0  4568\
2 41181  47.0029  43.5369 0001776 183.9897 176.0969 14.44449533449483
1 41181U 15081C   24179.34313576  .00000492  00000-0  18665-3 0    13\
2 41181  47.0029  41.6196 0001776 186.3518 173.7340 14.44450372449432
1 41181U 15081C   24179.96567316  .00000495  00000-0  18736-3 0  4571\
2 41181  47.0029  38.7435 0001832 188.6222 171.4627 14.44451107449637
1 41181U 15081C   24180.31152683  .00000574  00000-0  21021-3 0    13\
2 41181  47.0029  37.1457 0001845 190.3173 169.7670 14.44452029449578
1 41181U 15081C   24181.07240453  .00000626  00000-0  22499-3 0  4584\
2 41181  47.0029  33.6305 0001891 193.4306 166.6524 14.44453403449799
1 41181U 15081C   24181.55659941  .00000684  00000-0  24179-3 0    18\
2 41181  47.0029  31.3936 0001916 195.6408 164.4413 14.44454336449754
1 41181U 15081C   24181.90245265  .00000674  00000-0  23885-3 0    19\
2 41181  47.0029  29.7958 0001950 196.6879 163.3937 14.44454785449803
1 41181U 15081C   24182.52498797  .00000619  00000-0  22309-3 0    17\
2 41181  47.0029  26.9196 0001988 199.1772 160.9034 14.44455465449893
1 41181U 15081C   24182.87084067  .00000630  00000-0  22620-3 0  4592\
2 41181  47.0029  25.3218 0002007 200.4401 159.6399 14.44456102450057
1 41181U 15081C   24182.87084067  .00000630  00000-0  22620-3 0    15\
2 41181  47.0029  25.3218 0002007 200.4401 159.6399 14.44456102449943
1 41181U 15081C   24183.63171644  .00000574  00000-0  21000-3 0    16\
2 41181  47.0030  21.8065 0002053 203.3737 156.7050 14.44456989450050
1 41181U 15081C   24184.04673928  .00000579  00000-0  21147-3 0  4600\
2 41181  47.0030  19.8891 0002068 205.0560 155.0220 14.44457674450225
1 41181U 15081C   24183.90839838  .00000582  00000-0  21238-3 0    14\
2 41181  47.0030  20.5283 0002061 204.5213 155.5569 14.44457463450093
1 41181U 15081C   24184.53093243  .00000550  00000-0  20332-3 0    15\
2 41181  47.0030  17.6521 0002090 207.1541 152.9230 14.44458254450185
1 41181U 15081C   24184.87678452  .00000560  00000-0  20607-3 0    19\
2 41181  47.0030  16.0543 0002114 208.2502 151.8264 14.44458845450235
1 41181U 15081C   24185.56848830  .00000496  00000-0  18774-3 0  4615\
2 41181  47.0030  12.8586 0002159 210.8651 149.2102 14.44459580450441
1 41181U 15081C   24185.84516982  .00000482  00000-0  18368-3 0    10\
2 41181  47.0031  11.5804 0002175 211.7737 148.3012 14.44459893450373
1 41181U 15081C   24186.19102133  .00000457  00000-0  17659-3 0    12\
2 41181  47.0031   9.9826 0002191 213.0888 146.9855 14.44460349450421
1 41181U 15081C   24186.81355406  .00000417  00000-0  16505-3 0  4620\
2 41181  47.0031   7.1065 0002225 215.2052 144.8682 14.44461033450629
1 41181U 15081C   24186.88272432  .00000457  00000-0  17654-3 0    13\
2 41181  47.0032   6.7870 0002227 215.4441 144.6291 14.44461358450528
1 41181U 15081C   24187.50525655  .00000462  00000-0  17797-3 0    15\
2 41181  47.0032   3.9109 0002263 217.7909 142.2812 14.44462291450616
1 41181U 15081C   24187.85110769  .00000476  00000-0  18206-3 0    10\
2 41181  47.0032   2.3132 0002282 218.9146 141.1570 14.44462850450667
1 41181U 15081C   24188.19695877  .00000448  00000-0  17388-3 0  4637\
2 41181  47.0032   0.7154 0002287 220.4345 139.6365 14.44463166450820
1 41181U 15081C   24188.47363954  .00000442  00000-0  17206-3 0    17\
2 41181  47.0032 359.4370 0002304 221.4864 138.5841 14.44463477450755
1 41181U 15081C   24188.88866048  .00000401  00000-0  16029-3 0    11\
2 41181  47.0032 357.5197 0002316 222.8853 137.1847 14.44463847450816
1 41181U 15081C   24189.51119158  .00000425  00000-0  16731-3 0  4644\
2 41181  47.0032 354.6436 0002346 225.2063 134.8627 14.44464818451015
1 41181U 15081C   24190.41040263  .00000409  00000-0  16255-3 0    15\
2 41181  47.0032 350.4892 0002387 228.3820 131.6856 14.44465932451034
1 41181U 15081C   24190.82542295  .00000457  00000-0  17650-3 0  4659\
2 41181  47.0032 348.5719 0002398 229.7195 130.3475 14.44466736451207
1 41181U 15081C   24190.89459297  .00000457  00000-0  17650-3 0    11\
2 41181  47.0032 348.2524 0002397 229.9814 130.0856 14.44466829451109
1 41181U 15081C   24191.58629303  .00000419  00000-0  16556-3 0    17\
2 41181  47.0032 345.0566 0002427 232.3596 127.7064 14.44467544451209
1 41181U 15081C   24191.86297295  .00000434  00000-0  16996-3 0    14\
2 41181  47.0033 343.7784 0002424 233.3835 126.6822 14.44467987451246
1 41181U 15081C   24192.13965283  .00000428  00000-0  16802-3 0  4668\
2 41181  47.0033 342.5002 0002438 234.4088 125.6565 14.44468301451393
1 41181U 15081C   24192.48550250  .00000434  00000-0  16984-3 0    13\
2 41181  47.0033 340.9022 0002452 235.5532 124.5116 14.44468781451335
1 41181U 15081C   24192.83135201  .00000433  00000-0  16965-3 0    15\
2 41181  47.0032 339.3044 0002468 236.5907 123.4737 14.44469243451380
1 41181U 15081C   24193.52305092  .00000441  00000-0  17172-3 0    19\
2 41181  47.0032 336.1086 0002497 239.0236 121.0399 14.44470147451480
1 41181U 15081C   24193.66139064  .00000439  00000-0  17140-3 0  4676\
2 41181  47.0032 335.4696 0002500 239.6362 120.4271 14.44470322451612
1 41181U 15081C   24193.66139064  .00000439  00000-0  17140-3 0    10\
2 41181  47.0032 335.4696 0002500 239.6362 120.4271 14.44470322451500
1 41181U 15081C   24194.56059834  .00000535  00000-0  19886-3 0    12\
2 41181  47.0033 331.3152 0002521 242.7122 117.3502 14.44472032451631
1 41181U 15081C   24194.83727745  .00000523  00000-0  19544-3 0  4680\
2 41181  47.0033 330.0371 0002523 243.6444 116.4177 14.44472358451784
1 41181U 15081C   24195.52897496  .00000562  00000-0  20666-3 0    11\
2 41181  47.0033 326.8414 0002544 246.0044 114.0569 14.44473511451771
1 41181U 15081C   24195.80565376  .00000651  00000-0  23201-3 0    18\
2 41181  47.0033 325.5632 0002547 247.0109 113.0502 14.44474389451810
1 41181U 15081C   24196.08233242  .00000651  00000-0  23209-3 0  4699\
2 41181  47.0033 324.2850 0002560 248.0223 112.0385 14.44474818451962
1 41181U 15081C   24196.63568989  .00000620  00000-0  22324-3 0    14\
2 41181  47.0033 321.7284 0002578 249.7499 110.3104 14.44475383451932
1 41181U 15081C   24196.77402918  .00000622  00000-0  22393-3 0    16\
2 41181  47.0033 321.0894 0002578 250.2339 109.8264 14.44475594451958
1 41181U 15081C   24197.39655547  .00000663  00000-0  23559-3 0  4703\
2 41181  47.0032 318.2133 0002602 252.4897 107.5699 14.44476771452150
1 41181U 15081C   24197.60406438  .00000675  00000-0  23910-3 0    14\
2 41181  47.0032 317.2546 0002604 253.1802 106.8792 14.44477087452071
1 41181U 15081C   24197.74240352  .00000680  00000-0  24049-3 0    10\
2 41181  47.0032 316.6156 0002603 253.6917 106.3677 14.44477315452095
1 41181U 15081C   24198.50326779  .00000608  00000-0  21985-3 0  4710\
2 41181  47.0031 313.1004 0002630 256.0108 104.0479 14.44478267452314
1 41181U 15081C   24198.57243728  .00000607  00000-0  21953-3 0    12\
2 41181  47.0031 312.7809 0002629 256.2477 103.8110 14.44478369452212
1 41181U 15081C   24198.64160676  .00000606  00000-0  21915-3 0    17\
2 41181  47.0031 312.4613 0002626 256.4881 103.5707 14.44478476452229
1 41181U 15081C   24199.60997840  .00000892  00000-0  30122-3 0    12\
2 41181  47.0029 307.9874 0002636 259.8338 100.2245 14.44481715452365
1 41181U 15081C   24199.60997840  .00000892  00000-0  30122-3 0  4724\
2 41181  47.0029 307.9874 0002636 259.8338 100.2245 14.44481715452477
1 41181U 15081C   24200.57834868  .00000911  00000-0  30682-3 0    14\
2 41181  47.0027 303.5134 0002662 263.4554  96.6023 14.44483645452506
1 41181U 15081C   24200.64751794  .00000915  00000-0  30775-3 0  4738\
2 41181  47.0026 303.1939 0002659 263.7041  96.3536 14.44483793452627
1 41181U 15081C   24200.64751794  .00000915  00000-0  30775-3 0    15\
2 41181  47.0026 303.1939 0002659 263.7041  96.3536 14.44483793452515
1 41181U 15081C   24201.54671771  .00000759  00000-0  26293-3 0    17\
2 41181  47.0025 299.0394 0002670 266.5238  93.5336 14.44484708452642
1 41181U 15081C   24202.23840883  .00000774  00000-0  26726-3 0  4748\
2 41181  47.0025 295.8438 0002666 268.7648  91.2926 14.44486232452856
1 41181U 15081C   24202.51508505  .00000864  00000-0  29332-3 0    13\
2 41181  47.0025 294.5655 0002671 269.6445  90.4129 14.44487311452781
1 41181U 15081C   24202.58425411  .00000864  00000-0  29311-3 0    11\
2 41181  47.0024 294.2460 0002668 269.8627  90.1947 14.44487447452797
1 41181U 15081C   24203.48345118  .00000876  00000-0  29676-3 0  4758\
2 41181  47.0022 290.0914 0002661 272.3062  87.7513 14.44489404453032
1 41181U 15081C   24203.55262014  .00000876  00000-0  29663-3 0    10\
2 41181  47.0021 289.7718 0002663 272.7584  87.2991 14.44489542452939
1 41181U 15081C   24204.59015371  .00000860  00000-0  29213-3 0    11\
2 41181  47.0019 284.9782 0002662 276.2285  83.8291 14.44491643453087
1 41181U 15081C   24204.59015371  .00000860  00000-0  29213-3 0  4767\
2 41181  47.0019 284.9782 0002662 276.2285  83.8291 14.44491643453199
1 41181U 15081C   24205.55851702  .00000907  00000-0  30561-3 0    14\
2 41181  47.0016 280.5040 0002680 279.7964  80.2613 14.44493899453225
1 41181U 15081C   24206.18103609  .00000791  00000-0  27222-3 0  4778\
2 41181  47.0015 277.6278 0002680 282.0007  78.0573 14.44494404453424
1 41181U 15081C   24206.52687985  .00000764  00000-0  26438-3 0    11\
2 41181  47.0015 276.0302 0002677 283.2405  76.8176 14.44494893453366
1 41181U 15081C   24207.21856698  .00000686  00000-0  24202-3 0  4785\
2 41181  47.0013 272.8344 0002669 285.5087  74.5499 14.44495666453571
1 41181U 15081C   24207.21856698  .00000686  00000-0  24202-3 0    17\
2 41181  47.0013 272.8344 0002669 285.5087  74.5499 14.44495666453469
1 41181U 15081C   24207.49524167  .00000657  00000-0  23387-3 0    11\
2 41181  47.0013 271.5560 0002653 286.0454  74.0134 14.44495987453504
1 41181U 15081C   24208.46360245  .00000488  00000-0  18520-3 0  4798\
2 41181  47.0009 267.0818 0002655 290.2944  69.7651 14.44496731453758
1 41181U 15081C   24208.60193966  .00000479  00000-0  18274-3 0    15\
2 41181  47.0009 266.4428 0002652 290.8840  69.1755 14.44496910453664
1 41181U 15081C   24208.87861391  .00000473  00000-0  18107-3 0    17\
2 41181  47.0009 265.1643 0002650 291.8559  68.2039 14.44497331453703
1 41181U 15081C   24209.22445669  .00000455  00000-0  17568-3 0    13\
2 41181  47.0007 263.5662 0002668 291.7515  68.3081 14.44497667453759
1 41181U 15081C   24209.50113094  .00000441  00000-0  17165-3 0  4807\
2 41181  47.0006 262.2882 0002657 292.6937  67.3662 14.44497991453905
1 41181U 15081C   24209.50113094  .00000441  00000-0  17165-3 0    16\
2 41181  47.0006 262.2882 0002657 292.6937  67.3662 14.44497991453792
1 41181U 15081C   24210.53865936  .00000466  00000-0  17884-3 0  4817\
2 41181  47.0006 257.4950 0002620 296.8371  63.2241 14.44499370454053
1 41181U 15081C   24210.53865936  .00000466  00000-0  17884-3 0    15\
2 41181  47.0006 257.4950 0002620 296.8371  63.2241 14.44499370453940
1 41181U 15081C   24211.43784962  .00000551  00000-0  20343-3 0    13\
2 41181  47.0004 253.3404 0002596 299.9297  60.1325 14.44500927454075
1 41181U 15081C   24211.85286014  .00000559  00000-0  20570-3 0  4827\
2 41181  47.0004 251.4228 0002589 301.4083  58.6544 14.44501525454241
1 41181U 15081C   24211.85286014  .00000559  00000-0  20570-3 0    14\
2 41181  47.0004 251.4228 0002589 301.4083  58.6544 14.44501525454139
1 41181U 15081C   24212.26787052  .00000569  00000-0  20859-3 0    19\
2 41181  47.0003 249.5052 0002572 302.4635  57.5996 14.44502099454199
1 41181U 15081C   24212.82121782  .00000658  00000-0  23402-3 0    19\
2 41181  47.0002 246.9480 0002589 304.3849  55.6786 14.44502799454272
1 41181U 15081C   24213.44373340  .00000507  00000-0  19073-3 0    19\
2 41181  47.0001 244.0717 0002566 306.5756  53.4888 14.44502841454366
1 41181U 15081C   24213.78957500  .00000510  00000-0  19146-3 0    17\
2 41181  47.0001 242.4737 0002558 307.7898  52.2750 14.44503298454419
1 41181U 15081C   24214.48125814  .00000506  00000-0  19040-3 0  4843\
2 41181  47.0001 239.2778 0002534 310.1616  49.9041 14.44504135454628
1 41181U 15081C   24214.48125814  .00000506  00000-0  19040-3 0    18\
2 41181  47.0001 239.2778 0002534 310.1616  49.9041 14.44504135454516
1 41181U 15081C   24215.38044530  .00000540  00000-0  19999-3 0    14\
2 41181  47.0000 235.1231 0002502 313.3206  46.7465 14.44505446454644
1 41181U 15081C   24216.14129537  .00000538  00000-0  19957-3 0  4857\
2 41181  47.0000 231.6075 0002473 316.0161  44.0522 14.44506463454867
1 41181U 15081C   24216.48713622  .00000535  00000-0  19872-3 0    15\
2 41181  47.0000 230.0097 0002465 317.4515  42.6174 14.44506905454805
1 41181U 15081C   24216.76380869  .00000531  00000-0  19758-3 0    18\
2 41181  47.0001 228.7313 0002454 318.3933  41.6760 14.44507290454845
1 41181U 15081C   24217.17881718  .00000563  00000-0  20677-3 0  4867\
2 41181  47.0000 226.8136 0002437 319.8591  40.2109 14.44508077455019
1 41181U 15081C   24217.31715337  .00000560  00000-0  20588-3 0    17\
2 41181  47.0000 226.1745 0002431 320.4210  39.6492 14.44508248454924
1 41181U 15081C   24218.21633764  .00000691  00000-0  24338-3 0  4870\
2 41181  47.0000 222.0198 0002397 323.7309  36.3408 14.44510337455167
1 41181U 15081C   24218.70051348  .00000599  00000-0  21700-3 0    15\
2 41181  47.0000 219.7827 0002380 325.6262  34.4463 14.44510616455126
1 41181U 15081C   24219.32302479  .00000611  00000-0  22048-3 0  4888\
2 41181  47.0000 216.9064 0002346 327.9299  32.1438 14.44511685455321
1 41181U 15081C   24219.32302479  .00000611  00000-0  22048-3 0    19\
2 41181  47.0000 216.9064 0002346 327.9299  32.1438 14.44511685455219
1 41181U 15081C   24219.94553559  .00000590  00000-0  21435-3 0    19\
2 41181  46.9999 214.0299 0002324 330.2645  29.8103 14.44512616455308
1 41181U 15081C   24220.15303925  .00000617  00000-0  22228-3 0    15\
2 41181  46.9999 213.0712 0002311 331.1982  28.8770 14.44513081455336
1 41181U 15081C   24221.32889109  .00000917  00000-0  30831-3 0    10\
2 41181  46.9999 207.6381 0002264 336.1629  23.9145 14.44516798455506
1 41181U 15081C   24221.32889109  .00000917  00000-0  30831-3 0  4890\
2 41181  46.9999 207.6381 0002264 336.1629  23.9145 14.44516798455618
1 41181U 15081C   24222.29723814  .00001018  00000-0  33716-3 0    15\
2 41181  47.0000 203.1637 0002194 339.4260  20.6531 14.44519172455642
1 41181U 15081C   24222.91974541  .00001288  00000-0  41452-3 0    14\
2 41181  47.0000 200.2872 0002171 342.0926  17.9877 14.44522082455731
1 41181U 15081C   24223.12724803  .00001089  00000-0  35745-3 0  4901\
2 41181  47.0001 199.3285 0002156 342.9547  17.1260 14.44521441455870
1 41181U 15081C   24223.12724803  .00001089  00000-0  35745-3 0    19\
2 41181  47.0001 199.3285 0002156 342.9547  17.1260 14.44521441455768
1 41181U 15081C   24223.88808857  .00001348  00000-0  43167-3 0    19\
2 41181  47.0001 195.8127 0002117 345.9027  14.1793 14.44524869455874
1 41181U 15081C   24224.23392510  .00001522  00000-0  48176-3 0  4915\
2 41181  47.0001 194.2148 0002106 347.3779  12.7048 14.44526679456035
1 41181U 15081C   24224.85642885  .00001868  00000-0  58094-3 0    16\
2 41181  47.0002 191.3383 0002061 350.1243   9.9596 14.44530583456016
1 41181U 15081C   24225.27143203  .00001523  00000-0  48194-3 0  4925\
2 41181  47.0003 189.4209 0002026 352.0735   8.0113 14.44529841456188
1 41181U 15081C   24225.27143203  .00001523  00000-0  48194-3 0    11\
2 41181  47.0003 189.4209 0002026 352.0735   8.0113 14.44529841456076
1 41181U 15081C   24225.89392996  .00002585  00000-0  78623-3 0    13\
2 41181  47.0004 186.5446 0001989 354.8393   5.2466 14.44539053456161
1 41181U 15081C   24226.30893488  .00001747  00000-0  54620-3 0  4937\
2 41181  46.9995 184.6271 0001945 356.1195   3.9669 14.44535003456330
1 41181U 15081C   24226.30893488  .00001747  00000-0  54620-3 0    12\
2 41181  46.9995 184.6271 0001945 356.1195   3.9669 14.44535003456228
1 41181U 15081C   24226.58560127  .00002123  00000-0  65382-3 0    19\
2 41181  46.9995 183.3487 0001927 357.0184   3.0684 14.44537674456269
1 41181U 15081C   24227.55393282  .00001690  00000-0  52956-3 0    14\
2 41181  46.9996 178.8745 0001868   1.8598 358.2289 14.44541209456404
1 41181U 15081C   24227.55393282  .00001690  00000-0  52956-3 0  4940\
2 41181  46.9996 178.8745 0001868   1.8598 358.2289 14.44541209456516
1 41181U 15081C   24227.89976487  .00001618  00000-0  50911-3 0    14\
2 41181  46.9996 177.2764 0001842   3.4054 356.6839 14.44542600456459
1 41181U 15081C   24228.59142777  .00001505  00000-0  47652-3 0    12\
2 41181  46.9997 174.0806 0001805   6.6036 353.4867 14.44545529456556
1 41181U 15081C   24228.86809269  .00001449  00000-0  46040-3 0  4952\
2 41181  46.9997 172.8021 0001780   7.8050 352.2857 14.44546485456707
1 41181U 15081C   24229.28308969  .00001588  00000-0  50025-3 0    15\
2 41181  46.9999 170.8845 0001751   9.9848 350.1067 14.44548577456655
1 41181U 15081C   24229.83641836  .00001646  00000-0  51708-3 0    13\
2 41181  47.0000 168.3276 0001702  12.3458 347.7464 14.44550790456733
1 41181U 15081C   24230.04391691  .00001774  00000-0  55372-3 0  4960\
2 41181  47.0010 167.3691 0001727  14.1751 345.9177 14.44551350456876
1 41181U 15081C   24230.25141458  .00001530  00000-0  48365-3 0    13\
2 41181  47.0001 166.4102 0001682  14.6570 345.4358 14.44551847456795
1 41181U 15081C   24230.80474214  .00001702  00000-0  53284-3 0    10\
2 41181  47.0011 163.8535 0001680  17.7926 342.3012 14.44554097456876
1 41181U 15081C   24232.18805818  .00001315  00000-0  42219-3 0  4976\
2 41181  47.0011 157.4617 0001607  25.6925 334.4035 14.44557167457185
1 41181U 15081C   24232.18805818  .00001315  00000-0  42219-3 0    17\
2 41181  47.0011 157.4617 0001607  25.6925 334.4035 14.44557167457073
1 41181U 15081C   24233.22554238  .00001294  00000-0  41603-3 0  4982\
2 41181  47.0011 152.6676 0001548  31.7540 328.3434 14.44560516457336
1 41181U 15081C   24233.22554238  .00001294  00000-0  41603-3 0    12\
2 41181  47.0011 152.6676 0001548  31.7540 328.3434 14.44560516457224
1 41181U 15081C   24234.12469371  .00001274  00000-0  41034-3 0    11\
2 41181  47.0012 148.5128 0001496  36.6530 323.4452 14.44563209457358
1 41181U 15081C   24234.74718239  .00001316  00000-0  42222-3 0  4997\
2 41181  47.0012 145.6363 0001463  40.1627 319.9361 14.44565226457550
1 41181U 15081C   24234.74718239  .00001316  00000-0  42222-3 0    16\
2 41181  47.0012 145.6363 0001463  40.1627 319.9361 14.44565226457448
1 41181U 15081C   24235.43883517  .00001265  00000-0  40756-3 0    18\
2 41181  47.0013 142.4404 0001429  44.2682 315.8312 14.44567091457542
1 41181U 15081C   24235.78466146  .00001203  00000-0  38994-3 0  5008\
2 41181  47.0014 140.8424 0001410  47.1101 312.9897 14.44567718457705
1 41181U 15081C   24235.92299192  .00001186  00000-0  38505-3 0    13\
2 41181  47.0014 140.2032 0001407  48.4802 311.6199 14.44568025457615
1 41181U 15081C   24236.13048748  .00001173  00000-0  38132-3 0    18\
2 41181  47.0014 139.2445 0001408  49.6852 310.4150 14.44568558457648
1 41181U 15081C   24237.02963445  .00000991  00000-0  32906-3 0  5012\
2 41181  47.0015 135.0898 0001377  54.8091 305.2917 14.44569975457886
1 41181U 15081C   24237.44462479  .00001001  00000-0  33185-3 0    17\
2 41181  47.0015 133.1723 0001363  57.7548 302.3464 14.44571146457839
1 41181U 15081C   24237.85961486  .00000931  00000-0  31190-3 0    19\
2 41181  47.0016 131.2546 0001349  60.9358 299.1657 14.44571849457894
1 41181U 15081C   24238.06710976  .00000921  00000-0  30897-3 0  5027\
2 41181  47.0015 130.2959 0001343  62.2530 297.8486 14.44572323458031
1 41181U 15081C   24238.06710976  .00000921  00000-0  30897-3 0    11\
2 41181  47.0015 130.2959 0001343  62.2530 297.8486 14.44572323457928
1 41181U 15081C   24238.96625405  .00000837  00000-0  28486-3 0    19\
2 41181  47.0015 126.1410 0001319  68.3502 291.7518 14.44573966458051
1 41181U 15081C   24239.38124334  .00000873  00000-0  29538-3 0  5037\
2 41181  47.0016 124.2235 0001312  71.0916 289.0106 14.44575104458227
1 41181U 15081C   24239.38124334  .00000873  00000-0  29538-3 0    10\
2 41181  47.0016 124.2235 0001312  71.0916 289.0106 14.44575104458115
1 41181U 15081C   24239.93456184  .00000928  00000-0  31096-3 0    15\
2 41181  47.0016 121.6666 0001306  75.3385 284.7640 14.44576638458190
1 41181U 15081C   24240.34955071  .00000854  00000-0  28984-3 0    11\
2 41181  47.0015 119.7491 0001298  78.0717 282.0308 14.44577097458251
1 41181U 15081C   24240.97203305  .00000903  00000-0  30380-3 0    14\
2 41181  47.0015 116.8725 0001293  82.6561 277.4466 14.44578727458346
1 41181U 15081C   24240.97203305  .00000903  00000-0  30380-3 0  5042\
2 41181  47.0015 116.8725 0001293  82.6561 277.4466 14.44578727458458
1 41181U 15081C   24241.38702076  .00000980  00000-0  32577-3 0    14\
2 41181  47.0015 114.9549 0001291  85.5704 274.5324 14.44580121458407
1 41181U 15081C   24241.94033760  .00001009  00000-0  33416-3 0    19\
2 41181  47.0014 112.3980 0001294  89.6219 270.4809 14.44581469458483
1 41181U 15081C   24242.35532479  .00001037  00000-0  34217-3 0  5056\
2 41181  47.0014 110.4805 0001293  92.4810 267.6218 14.44582565458655
1 41181U 15081C   24242.35532479  .00001037  00000-0  34217-3 0    17\
2 41181  47.0014 110.4805 0001293  92.4810 267.6218 14.44582565458543
1 41181U 15081C   24243.32362789  .00001026  00000-0  33892-3 0    16\
2 41181  47.0014 106.0059 0001299  99.4820 260.6207 14.44584451458681
1 41181U 15081C   24245.05273544  .00001070  00000-0  35158-3 0  5064\
2 41181  47.0014  98.0155 0001333 111.7540 248.3482 14.44588717459042
1 41181U 15081C   24245.05273544  .00001070  00000-0  35158-3 0    14\
2 41181  47.0014  98.0155 0001333 111.7540 248.3482 14.44588717458939
1 41181U 15081C   24245.88270507  .00001149  00000-0  37416-3 0    17\
2 41181  47.0015  94.1801 0001351 117.4789 242.6229 14.44591212459057
1 41181U 15081C   24246.57434605  .00001264  00000-0  40724-3 0    19\
2 41181  47.0016  90.9841 0001357 121.8839 238.2173 14.44593398459154
1 41181U 15081C   24246.85100159  .00001305  00000-0  41886-3 0  5071\
2 41181  47.0016  89.7056 0001373 124.0025 236.0986 14.44594450459303
1 41181U 15081C   24246.92016559  .00001300  00000-0  41747-3 0    19\
2 41181  47.0016  89.3861 0001377 124.4946 235.6065 14.44594593459203
1 41181U 15081C   24247.54264078  .00001442  00000-0  45818-3 0    19\
2 41181  47.0016  86.5095 0001390 128.6409 231.4595 14.44596952459298
1 41181U 15081C   24247.81929574  .00001499  00000-0  47442-3 0    15\
2 41181  47.0017  85.2310 0001398 130.4735 229.6267 14.44598128459333
1 41181U 15081C   24248.02678702  .00001506  00000-0  47636-3 0  5089\
2 41181  47.0016  84.2722 0001399 131.7013 228.3987 14.44598754459477
1 41181U 15081C   24248.58009695  .00001598  00000-0  50266-3 0    11\
2 41181  47.0016  81.7152 0001415 135.3815 224.7179 14.44600767459443
1 41181U 15081C   24248.71842424  .00001608  00000-0  50561-3 0    11\
2 41181  47.0016  81.0759 0001422 136.3329 223.7664 14.44601240459465
1 41181U 15081C   24249.82504209  .00001446  00000-0  45917-3 0  5092\
2 41181  47.0016  75.9620 0001468 143.1749 216.9232 14.44603484459733
1 41181U 15081C   24249.82504209  .00001446  00000-0  45917-3 0    19\
2 41181  47.0016  75.9620 0001468 143.1749 216.9232 14.44603484459621
1 41181U 15081C   24250.51667641  .00001516  00000-0  47917-3 0    17\
2 41181  47.0014  72.7656 0001488 147.3563 212.7410 14.44605979459729
1 41181U 15081C   24251.48496221  .00001653  00000-0  51828-3 0  5101\
2 41181  47.0015  68.2908 0001537 153.3926 206.7033 14.44609882459973
1 41181U 15081C   24251.48496221  .00001653  00000-0  51828-3 0    16\
2 41181  47.0015  68.2908 0001537 153.3926 206.7033 14.44609882459861
1 41181U 15081C   24251.89994095  .00001818  00000-0  56563-3 0    17\
2 41181  47.0017  66.3731 0001558 155.9376 204.1577 14.44612219459926
1 41181U 15081C   24252.59157173  .00001706  00000-0  53350-3 0    10\
2 41181  47.0019  63.1769 0001611 159.4673 200.6272 14.44613974460028
1 41181U 15081C   24252.86822350  .00001757  00000-0  54811-3 0  5111\
2 41181  47.0019  61.8985 0001635 161.0073 199.0868 14.44615250460179
1 41181U 15081C   24252.86822350  .00001757  00000-0  54811-3 0    15\
2 41181  47.0019  61.8985 0001635 161.0073 199.0868 14.44615250460067
1 41181U 15081C   24253.42152634  .00001931  00000-0  59783-3 0    16\
2 41181  47.0020  59.3413 0001665 164.1494 195.9439 14.44618222460141
1 41181U 15081C   24253.83650303  .00001860  00000-0  57751-3 0    11\
2 41181  47.0020  57.4238 0001688 166.4415 193.6511 14.44619441460205
1 41181U 15081C   24254.18231670  .00001904  00000-0  58999-3 0  5123\
2 41181  47.0020  55.8257 0001706 168.3936 191.6983 14.44620933460364
1 41181U 15081C   24254.73561775  .00001938  00000-0  59981-3 0    18\
2 41181  47.0022  53.2689 0001715 170.4580 189.6333 14.44623211460331
1 41181U 15081C   24255.49640573  .00001932  00000-0  59806-3 0  5134\
2 41181  47.0023  49.7530 0001755 174.4427 185.6473 14.44625955460557
1 41181U 15081C   24255.49640573  .00001932  00000-0  59806-3 0    16\
2 41181  47.0023  49.7530 0001755 174.4427 185.6473 14.44625955460445
1 41181U 15081C   24255.84221765  .00001871  00000-0  58066-3 0    12\
2 41181  47.0024  48.1550 0001769 175.9026 184.1868 14.44627041460492
1 41181U 15081C   24256.46467906  .00002011  00000-0  62047-3 0    11\
2 41181  47.0025  45.2783 0001804 179.1320 180.9563 14.44629981460583
1 41181U 15081C   24256.81048776  .00003125  00000-0  93900-3 0  5148\
2 41181  47.0015  43.6803 0001852 181.6125 178.4749 14.44635248460740
1 41181U 15081C   24256.81048776  .00003125  00000-0  93900-3 0    19\
2 41181  47.0015  43.6803 0001852 181.6125 178.4749 14.44635248460638
1 41181U 15081C   24258.12456768  .00002246  00000-0  68770-3 0  5159\
2 41181  47.0017  37.6074 0001920 187.6346 172.4505 14.44637304460932
1 41181U 15081C   24258.40121481  .00002363  00000-0  72119-3 0    13\
2 41181  47.0017  36.3289 0001959 189.1948 170.8897 14.44639018460865
1 41181U 15081C   24258.74702433  .00002144  00000-0  65852-3 0    15\
2 41181  47.0017  34.7308 0001954 190.0207 170.0634 14.44639602460919
1 41181U 15081C   24259.50780475  .00001785  00000-0  55582-3 0  5162\
2 41181  47.0028  31.2152 0001967 192.6058 167.4773 14.44640955461138
1 41181U 15081C   24259.78445135  .00001791  00000-0  55754-3 0    10\
2 41181  47.0027  29.9368 0001987 194.0837 165.9988 14.44642053461067
1 41181U 15081C   24260.47606797  .00001445  00000-0  45841-3 0    13\
2 41181  47.0029  26.7405 0002029 196.6074 163.4740 14.44642613461167
1 41181U 15081C   24260.75271418  .00001420  00000-0  45122-3 0  5179\
2 41181  47.0029  25.4621 0002041 197.6984 162.3826 14.44643466461315
1 41181U 15081C   24260.75271418  .00001420  00000-0  45122-3 0    17\
2 41181  47.0029  25.4621 0002041 197.6984 162.3826 14.44643466461203
1 41181U 15081C   24261.37516361  .00002130  00000-0  65431-3 0    19\
2 41181  47.0029  22.5854 0002067 200.3800 159.6998 14.44650637461292
1 41181U 15081C   24261.65180860  .00002183  00000-0  66938-3 0    12\
2 41181  47.0030  21.3070 0002085 201.4841 158.5952 14.44652084461339
1 41181U 15081C   24261.65180860  .00002183  00000-0  66938-3 0  5185\
2 41181  47.0030  21.3070 0002085 201.4841 158.5952 14.44652084461441
1 41181U 15081C   24262.34342638  .00001284  00000-0  41249-3 0  5195\
2 41181  47.0030  18.1106 0002138 204.2126 155.8653 14.44648279461541
1 41181U 15081C   24262.34342638  .00001284  00000-0  41249-3 0    11\
2 41181  47.0030  18.1106 0002138 204.2126 155.8653 14.44648279461439
1 41181U 15081C   24263.51916885  .00001157  00000-0  37594-3 0  5205\
2 41181  47.0032  12.6771 0002194 208.6472 151.4287 14.44650796461715
1 41181U 15081C   24263.58833005  .00001158  00000-0  37627-3 0    16\
2 41181  47.0031  12.3575 0002197 208.9361 151.1397 14.44650986461615
1 41181U 15081C   24263.72665221  .00001145  00000-0  37274-3 0    19\
2 41181  47.0031  11.7184 0002207 209.8870 150.1885 14.44651366461637
1 41181U 15081C   24264.55658649  .00001022  00000-0  33753-3 0    19\
2 41181  47.0032   7.8829 0002263 213.3760 146.6977 14.44652679461753
1 41181U 15081C   24264.76406982  .00001025  00000-0  33839-3 0  5229\
2 41181  47.0032   6.9241 0002267 214.1707 145.9027 14.44653205461894
1 41181U 15081C   24264.76406982  .00001025  00000-0  33839-3 0    11\
2 41181  47.0032   6.9241 0002267 214.1707 145.9027 14.44653205461782
1 41181U 15081C   24265.31735846  .00001014  00000-0  33499-3 0    17\
2 41181  47.0032   4.3671 0002302 216.5385 143.5338 14.44654419461865
1 41181U 15081C   24266.00896887  .00000892  00000-0  30031-3 0  5238\
2 41181  47.0032   1.1711 0002328 219.0403 141.0309 14.44655317462075
1 41181U 15081C   24266.56225682  .00000807  00000-0  27602-3 0    15\
2 41181  47.0033 358.6141 0002357 221.0191 139.0512 14.44656000462042
1 41181U 15081C   24266.63141779  .00000806  00000-0  27568-3 0    17\
2 41181  47.0033 358.2946 0002359 221.2706 138.7996 14.44656138462052
1 41181U 15081C   24267.53050954  .00000932  00000-0  31174-3 0  5249\
2 41181  47.0033 354.1395 0002388 224.4013 135.6676 14.44658655462296
1 41181U 15081C   24267.59967036  .00000939  00000-0  31358-3 0    14\
2 41181  47.0033 353.8200 0002389 224.8100 135.2587 14.44658836462196
1 41181U 15081C   24267.94547403  .00001003  00000-0  33202-3 0    18\
2 41181  47.0033 352.2219 0002396 226.1905 133.8777 14.44660040462246
1 41181U 15081C   24268.49876177  .00000872  00000-0  29441-3 0    15\
2 41181  47.0032 349.6650 0002417 228.0207 132.0468 14.44659983462325
1 41181U 15081C   24268.63708340  .00000878  00000-0  29626-3 0  5259\
2 41181  47.0032 349.0259 0002423 228.6202 131.4469 14.44660255462454
1 41181U 15081C   24268.63708340  .00000878  00000-0  29626-3 0    18\
2 41181  47.0032 349.0259 0002423 228.6202 131.4469 14.44660255462342
1 41181U 15081C   24269.46701178  .00000953  00000-0  31771-3 0    10\
2 41181  47.0032 345.1905 0002445 231.3215 128.7447 14.44662386462461
1 41181U 15081C   24269.60533326  .00000991  00000-0  32845-3 0    19\
2 41181  47.0032 344.5513 0002452 231.9894 128.0765 14.44662811462487
1 41181U 15081C   24270.36609999  .00001042  00000-0  34306-3 0  5268\
2 41181  47.0031 341.0355 0002475 234.5560 125.5089 14.44664693462702
1 41181U 15081C   24270.91938453  .00001031  00000-0  33977-3 0    18\
2 41181  47.0030 338.4787 0002486 236.5101 123.5541 14.44665765462673
1 41181U 15081C   24271.47266860  .00001017  00000-0  33593-3 0  5277\
2 41181  47.0030 335.9216 0002500 238.2699 121.7937 14.44666838462862
1 41181U 15081C   24271.47266860  .00001017  00000-0  33593-3 0    14\
2 41181  47.0030 335.9216 0002500 238.2699 121.7937 14.44666838462750
1 41181U 15081C   24272.51007414  .00001055  00000-0  34660-3 0    16\
2 41181  47.0028 331.1274 0002526 242.0396 118.0229 14.44669492462903
1 41181U 15081C   24272.85587524  .00001126  00000-0  36709-3 0  5287\
2 41181  47.0028 329.5294 0002531 243.3062 116.7559 14.44670838463061
1 41181U 15081C   24272.85587524  .00001126  00000-0  36709-3 0    13\
2 41181  47.0028 329.5294 0002531 243.3062 116.7559 14.44670838462958
1 41181U 15081C   24273.54747737  .00001174  00000-0  38077-3 0    17\
2 41181  47.0027 326.3331 0002545 245.4295 114.6319 14.44672842463050
1 41181U 15081C   24273.82411780  .00001208  00000-0  39034-3 0    16\
2 41181  47.0027 325.0547 0002550 246.5749 113.4864 14.44673813463092
1 41181U 15081C   24274.16991829  .00001268  00000-0  40759-3 0  5298\
2 41181  47.0026 323.4565 0002555 247.6490 112.4119 14.44675057463255
1 41181U 15081C   24274.51571854  .00001214  00000-0  39202-3 0    16\
2 41181  47.0024 321.8583 0002558 248.7602 111.3005 14.44675698463191
1 41181U 15081C   24275.55311734  .00001334  00000-0  42644-3 0  5304\
2 41181  47.0022 317.0638 0002572 252.4342 107.6257 14.44679367463459
1 41181U 15081C   24276.45219323  .00001938  00000-0  59892-3 0    11\
2 41181  47.0022 312.9086 0002593 255.6744 104.3848 14.44685620463475
1 41181U 15081C   24277.14378838  .00002091  00000-0  64276-3 0  5316\
2 41181  47.0020 309.7121 0002594 257.7468 102.3122 14.44688988463680
1 41181U 15081C   24277.48958766  .00002135  00000-0  65527-3 0    18\
2 41181  47.0019 308.1139 0002596 258.7860 101.2729 14.44689806463624
1 41181U 15081C   24278.45781909  .00002116  00000-0  64973-3 0  5321\
2 41181  47.0017 303.6391 0002612 262.8409  97.2174 14.44693131463877
1 41181U 15081C   24279.42604702  .00002382  00000-0  72569-3 0    10\
2 41181  47.0017 299.1641 0002642 266.8951  93.1627 14.44698422463903
1 41181U 15081C   24280.11763717  .00002347  00000-0  71566-3 0  5337\
2 41181  47.0015 295.9675 0002651 269.3990  90.6586 14.44700968464112
1 41181U 15081C   24280.46343244  .00002038  00000-0  62726-3 0    19\
2 41181  47.0015 294.3693 0002642 269.9199  90.1378 14.44700503464054
1 41181U 15081C   24280.74006787  .00001995  00000-0  61509-3 0    17\
2 41181  47.0015 293.0908 0002637 270.9741  89.0837 14.44701405464091
1 41181U 15081C   24281.43165552  .00002227  00000-0  68136-3 0  5343\
2 41181  47.0007 289.8940 0002659 272.1005  87.9571 14.44704740464303
1 41181U 15081C   24281.43165552  .00002227  00000-0  68136-3 0    12\
2 41181  47.0007 289.8940 0002659 272.1005  87.9571 14.44704740464190
1 41181U 15081C   24282.39987057  .00005604  00000-0  16445-2 0  5359\
2 41181  47.0006 285.4190 0002655 276.3993  83.6585 14.44721876464441
1 41181U 15081C   24282.39987057  .00005604  00000-0  16445-2 0    17\
2 41181  47.0006 285.4190 0002655 276.3993  83.6585 14.44721876464339
1 41181U 15081C   24283.16061766  .00002185  00000-0  66925-3 0  5366\
2 41181  47.0006 281.9027 0002654 279.3995  80.6585 14.44712298464552
1 41181U 15081C   24283.36809241  .00002189  00000-0  67035-3 0    10\
2 41181  47.0006 280.9438 0002642 280.0902  79.9680 14.44713295464477
1 41181U 15081C   24283.71388382  .00001784  00000-0  55459-3 0    14\
2 41181  47.0007 279.3456 0002639 281.0576  79.0007 14.44713493464524
1 41181U 15081C   24284.33630686  .00002179  00000-0  66734-3 0  5371\
2 41181  47.0006 276.4687 0002621 282.4348  77.6238 14.44717494464727
1 41181U 15081C   24284.33630686  .00002179  00000-0  66734-3 0    17\
2 41181  47.0006 276.4687 0002621 282.4348  77.6238 14.44717494464615
1 41181U 15081C   24284.68209728  .00002058  00000-0  63294-3 0    18\
2 41181  47.0006 274.8704 0002620 283.4780  76.5808 14.44718515464668
1 41181U 15081C   24285.23535414  .00010368  00000-0  30006-2 0  5386\
2 41181  47.0004 272.3130 0002603 285.1046  74.9546 14.44749651464854
1 41181U 15081C   24285.37366807  .00010965  00000-0  31703-2 0    12\
2 41181  47.0002 271.6736 0002566 285.9312  74.1285 14.44752865464761
1 41181U 15081C   24285.65030587  .00003182  00000-0  95367-3 0  5392\
2 41181  47.0000 270.3951 0002588 286.0741  73.9854 14.44726262464914
1 41181U 15081C   24285.65030587  .00003182  00000-0  95367-3 0    16\
2 41181  47.0000 270.3951 0002588 286.0741  73.9854 14.44726262464802
1 41181U 15081C   24286.41104000  .00002128  00000-0  65260-3 0    11\
2 41181  47.0001 266.8788 0002558 288.7764  71.2838 14.44727432464917
1 41181U 15081C   24287.37924535  .00001757  00000-0  54666-3 0    15\
2 41181  47.0000 262.4036 0002533 291.9066  68.1545 14.44730359465056
1 41181U 15081C   24287.93250529  .00001505  00000-0  47480-3 0    19\
2 41181  47.0011 259.8461 0002510 294.2603  65.8014 14.44730337465138
1 41181U 15081C   24288.13997771  .00001442  00000-0  45679-3 0  5416\
2 41181  47.0011 258.8872 0002500 294.9233  65.1387 14.44730721465276
1 41181U 15081C   24288.20913505  .00001432  00000-0  45402-3 0    11\
2 41181  47.0011 258.5676 0002498 295.1254  64.9366 14.44730940465173
1 41181U 15081C   24288.90070793  .00001372  00000-0  43684-3 0    14\
2 41181  47.0011 255.3710 0002490 297.5213  62.5414 14.44733247465272
1 41181U 15081C   24289.17733665  .00001438  00000-0  45567-3 0  5423\
2 41181  47.0011 254.0925 0002474 298.2899  61.7732 14.44734663465420
1 41181U 15081C   24289.59227980  .00001281  00000-0  41079-3 0    17\
2 41181  47.0011 252.1746 0002461 299.5182  60.5452 14.44735334465371
1 41181U 15081C   24289.86890856  .00001254  00000-0  40316-3 0    18\
2 41181  47.0011 250.8959 0002455 300.5380  59.5258 14.44736025465413
1 41181U 15081C   24290.21469480  .00001762  00000-0  54811-3 0  5434\
2 41181  47.0011 249.2977 0002437 302.0905  57.9739 14.44739589465576
1 41181U 15081C   24290.21469480  .00001762  00000-0  54811-3 0    13\
2 41181  47.0011 249.2977 0002437 302.0905  57.9739 14.44739589465464
1 41181U 15081C   24290.90626531  .00001631  00000-0  51068-3 0    17\
2 41181  47.0010 246.1010 0002419 304.3356  55.7295 14.44741021465560
1 41181U 15081C   24291.59783484  .00001939  00000-0  59861-3 0    14\
2 41181  47.0010 242.9046 0002401 306.7441  53.3218 14.44744674465662
1 41181U 15081C   24291.59783484  .00001939  00000-0  59861-3 0  5446\
2 41181  47.0010 242.9046 0002401 306.7441  53.3218 14.44744674465774
1 41181U 15081C   24291.87446229  .00001890  00000-0  58440-3 0    16\
2 41181  47.0010 241.6259 0002386 307.5795  52.4868 14.44745235465707
1 41181U 15081C   24292.22024610  .00002037  00000-0  62645-3 0    18\
2 41181  47.0010 240.0278 0002372 308.7780  51.2888 14.44747107465757
1 41181U 15081C   24292.91181363  .00001837  00000-0  56944-3 0    15\
2 41181  47.0010 236.8310 0002339 311.1942  48.8736 14.44748038465857
1 41181U 15081C   24293.11928350  .00001863  00000-0  57684-3 0  5457\
2 41181  47.0011 235.8720 0002323 312.3242  47.7441 14.44748860465990
1 41181U 15081C   24293.53422344  .00002121  00000-0  65042-3 0    17\
2 41181  47.0010 233.9541 0002317 313.7506  46.3182 14.44751403465949
1 41181U 15081C   24293.88000775  .00001664  00000-0  52012-3 0    19\
2 41181  47.0010 232.3557 0002289 315.0541  45.0154 14.44749600465997
1 41181U 15081C   24294.22578995  .00001727  00000-0  53805-3 0    13\
2 41181  47.0010 230.7576 0002280 316.3118  43.7582 14.44751164466040
1 41181U 15081C   24294.84820102  .00001530  00000-0  48164-3 0    15\
2 41181  47.0011 227.8805 0002248 318.3728  41.6980 14.44751156466136
1 41181U 15081C   24295.05567039  .00001519  00000-0  47869-3 0    14\
2 41181  47.0011 226.9216 0002239 318.9456  41.1255 14.44751721466167
1 41181U 15081C   24296.16217576  .00000905  00000-0  30336-3 0    14\
2 41181  47.0011 221.8070 0002188 322.7548  37.3180 14.44750702466327
1 41181U 15081C   24296.16217576  .00000905  00000-0  30336-3 0  5479\
2 41181  47.0011 221.8070 0002188 322.7548  37.3180 14.44750702466439
1 41181U 15081C   24297.19952085  .00000905  00000-0  30321-3 0  5489\
2 41181  47.0012 217.0123 0002144 326.4056  33.6688 14.44753353466586
1 41181U 15081C   24297.19952085  .00000905  00000-0  30321-3 0    13\
2 41181  47.0012 217.0123 0002144 326.4056  33.6688 14.44753353466474
1 41181U 15081C   24298.44433232  .00001025  00000-0  33765-3 0  5496\
2 41181  47.0012 211.2586 0002084 331.1514  28.9250 14.44757241466762
1 41181U 15081C   24298.44433232  .00001025  00000-0  33765-3 0    19\
2 41181  47.0012 211.2586 0002084 331.1514  28.9250 14.44757241466650
1 41181U 15081C   24298.79011270  .00001162  00000-0  37673-3 0    15\
2 41181  47.0011 209.6603 0002065 332.6924  27.3848 14.44758891466704
1 41181U 15081C   24299.75829687  .00001139  00000-0  37011-3 0  5500\
2 41181  47.0011 205.1852 0001998 336.8706  23.2084 14.44761342466958
1 41181U 15081C   24299.89660861  .00001148  00000-0  37263-3 0    12\
2 41181  47.0011 204.5459 0001991 337.4591  22.6201 14.44761811466861
1 41181U 15081C   24300.44985588  .00001126  00000-0  36637-3 0    12\
2 41181  47.0011 201.9888 0001969 339.7131  20.3671 14.44763128466946
1 41181U 15081C   24300.79563498  .00001195  00000-0  38613-3 0  5514\
2 41181  47.0011 200.3904 0001954 341.0006  19.0801 14.44764424467108
1 41181U 15081C   24300.79563498  .00001195  00000-0  38613-3 0    14\
2 41181  47.0011 200.3904 0001954 341.0006  19.0801 14.44764424466994
1 41181U 15081C   24301.41803545  .00001517  00000-0  47783-3 0    10\
2 41181  47.0010 197.5136 0001912 343.6415  16.4403 14.44768241467084
1 41181U 15081C   24301.83296886  .00001668  00000-0  52083-3 0  5527\
2 41181  47.0009 195.5956 0001881 345.0769  15.0055 14.44770390467258
1 41181U 15081C   24301.97127992  .00001673  00000-0  52240-3 0    13\
2 41181  47.0009 194.9562 0001875 345.6539  14.4288 14.44770874467166
1 41181U 15081C   24302.38621325  .00001693  00000-0  52797-3 0    17\
2 41181  47.0008 193.0383 0001855 347.2831  12.8002 14.44772216467222
1 41181U 15081C   24302.73199010  .00001749  00000-0  54392-3 0    12\
2 41181  47.0007 191.4399 0001828 348.6864  11.3975 14.44773752467275
1 41181U 15081C   24303.07776664  .00001768  00000-0  54951-3 0  5530\
2 41181  47.0007 189.8417 0001804 350.4283   9.6562 14.44775145467435
1 41181U 15081C   24303.42354349  .00001657  00000-0  51766-3 0    17\
2 41181  47.0006 188.2434 0001787 351.5640   8.5210 14.44775654467371
1 41181U 15081C   24303.97678537  .00001721  00000-0  53581-3 0    14\
2 41181  47.0005 185.6860 0001752 354.0511   6.0348 14.44777922467455
1 41181U 15081C   24304.11509568  .00001712  00000-0  53336-3 0  5549\
2 41181  47.0005 185.0467 0001745 354.6966   5.3895 14.44778381467587
1 41181U 15081C   24304.39171587  .00001757  00000-0  54608-3 0    14\
2 41181  47.0005 183.7680 0001726 355.8006   4.2860 14.44779708467513
1 41181U 15081C   24305.35988590  .00001768  00000-0  54931-3 0    12\
2 41181  46.9996 179.2929 0001650 359.2213   0.8664 14.44783454467652
1 41181U 15081C   24305.70565997  .00001715  00000-0  53412-3 0  5552\
2 41181  46.9995 177.6944 0001618   0.5079 359.5802 14.44784729467812
1 41181U 15081C   24305.70565997  .00001715  00000-0  53412-3 0    18\
2 41181  46.9995 177.6944 0001618   0.5079 359.5802 14.44784729467700
1 41181U 15081C   24306.32805212  .00001964  00000-0  60510-3 0    17\
2 41181  46.9994 174.8176 0001590   3.4017 356.6873 14.44788304467796
1 41181U 15081C   24307.01959812  .00001861  00000-0  57560-3 0    17\
2 41181  46.9992 171.6210 0001536   7.6372 352.4531 14.44790833467894
1 41181U 15081C   24307.84945098  .00002051  00000-0  62976-3 0  5574\
2 41181  46.9991 167.7848 0001493  10.1914 349.8996 14.44795044468120
1 41181U 15081C   24308.33353071  .00002046  00000-0  62839-3 0    19\
2 41181  46.9991 165.5472 0001462  12.9207 347.1710 14.44797318468086
1 41181U 15081C   24308.88676408  .00002102  00000-0  64426-3 0  5585\
2 41181  46.9990 162.9897 0001423  15.7287 344.3637 14.44799874468270
1 41181U 15081C   24309.57830412  .00001840  00000-0  56957-3 0    10\
2 41181  46.9990 159.7929 0001368  19.4539 340.6393 14.44802297468260
1 41181U 15081C   24309.85491990  .00001777  00000-0  55157-3 0    15\
2 41181  46.9990 158.5142 0001351  21.4973 338.5964 14.44803296468306
1 41181U 15081C   24309.99322765  .00001750  00000-0  54402-3 0  5594\
2 41181  46.9990 157.8749 0001340  22.4234 337.6705 14.44803854468437
1 41181U 15081C   24310.54645814  .00001551  00000-0  48716-3 0    12\
2 41181  46.9990 155.3173 0001298  24.9839 335.1104 14.44805597468400
1 41181U 15081C   24311.51461024  .00001685  00000-0  52528-3 0  5603\
2 41181  46.9989 150.8419 0001252  30.2056 329.8896 14.44809620468658
1 41181U 15081C   24311.51461024  .00001685  00000-0  52528-3 0    13\
2 41181  46.9989 150.8419 0001252  30.2056 329.8896 14.44809620468546
1 41181U 15081C   24311.86037813  .00001718  00000-0  53461-3 0    10\
2 41181  46.9989 149.2435 0001236  32.2423 327.8532 14.44811053468591
1 41181U 15081C   24312.62106683  .00001613  00000-0  50467-3 0    14\
2 41181  46.9998 145.7269 0001221  37.4503 322.6462 14.44813149468703
1 41181U 15081C   24312.82852697  .00001602  00000-0  50157-3 0  5614\
2 41181  46.9998 144.7679 0001213  38.8556 321.2411 14.44813929468841
1 41181U 15081C   24312.89768032  .00001601  00000-0  50126-3 0    14\
2 41181  46.9998 144.4482 0001213  39.1724 320.9244 14.44814195468746
1 41181U 15081C   24313.86582682  .00001597  00000-0  50007-3 0    19\
2 41181  46.9997 139.9726 0001175  45.0164 315.0811 14.44817705468886
1 41181U 15081C   24313.86582682  .00001597  00000-0  50007-3 0  5621\
2 41181  46.9997 139.9726 0001175  45.0164 315.0811 14.44817705468998
1 41181U 15081C   24314.55735640  .00002037  00000-0  62545-3 0    10\
2 41181  46.9997 136.7755 0001147  49.1549 310.9430 14.44823158468985
1 41181U 15081C   24314.83396976  .00001899  00000-0  58623-3 0    13\
2 41181  46.9997 135.4969 0001118  52.1909 307.9072 14.44823117469029
1 41181U 15081C   24315.45634698  .00001705  00000-0  53078-3 0  5636\
2 41181  46.9997 132.6194 0001101  55.5924 304.5060 14.44824223469225
1 41181U 15081C   24315.45634698  .00001705  00000-0  53078-3 0    13\
2 41181  46.9997 132.6194 0001101  55.5924 304.5060 14.44824223469113
1 41181U 15081C   24315.80211220  .00001470  00000-0  46398-3 0    10\
2 41181  46.9998 131.0211 0001090  58.2881 301.8105 14.44824037469164
1 41181U 15081C   24316.49364067  .00001488  00000-0  46901-3 0  5647\
2 41181  46.9999 127.8241 0001067  62.9220 297.1769 14.44826536469376
1 41181U 15081C   24316.56279363  .00001420  00000-0  44957-3 0    10\
2 41181  46.9999 127.5044 0001066  63.6571 296.4419 14.44826365469273
1 41181U 15081C   24317.53093257  .00001286  00000-0  41150-3 0    16\
2 41181  47.0001 123.0288 0001055  69.7393 290.3601 14.44828649469416
1 41181U 15081C   24317.73839052  .00001281  00000-0  40995-3 0  5655\
2 41181  47.0002 122.0697 0001050  71.4200 288.6794 14.44829284469556
1 41181U 15081C   24317.73839052  .00001281  00000-0  40995-3 0    10\
2 41181  47.0002 122.0697 0001050  71.4200 288.6794 14.44829284469444
1 41181U 15081C   24318.56822233  .00001150  00000-0  37277-3 0    19\
2 41181  47.0003 118.2334 0001038  77.6344 282.4652 14.44830951469564
1 41181U 15081C   24318.77567977  .00001154  00000-0  37389-3 0    11\
2 41181  47.0004 117.2744 0001032  79.5888 280.5108 14.44831644469595
1 41181U 15081C   24318.77567977  .00001154  00000-0  37389-3 0  5667\
2 41181  47.0004 117.2744 0001032  79.5888 280.5108 14.44831644469708
1 41181U 15081C   24319.46720495  .00001062  00000-0  34771-3 0    14\
2 41181  47.0006 114.0774 0001023  84.6834 275.4163 14.44833070469693
1 41181U 15081C   24320.15872930  .00000959  00000-0  31832-3 0  5670\
2 41181  47.0008 110.8807 0001022  89.9713 270.1285 14.44834424469904
1 41181U 15081C   24320.57364332  .00000943  00000-0  31354-3 0    13\
2 41181  47.0008 108.9625 0001007  93.6296 266.4699 14.44835461469854
1 41181U 15081C   24320.78110038  .00000935  00000-0  31141-3 0    13\
2 41181  47.0008 108.0035 0001021  94.3984 265.7013 14.44835936469880
1 41181U 15081C   24321.40347168  .00000779  00000-0  26706-3 0  5684\
2 41181  47.0008 105.1263 0001023  98.9640 261.1356 14.44836419470083
1 41181U 15081C   24321.12686184  .00000935  00000-0  31143-3 0    14\
2 41181  47.0008 106.4051 0001019  96.7258 263.3738 14.44836827469931
1 41181U 15081C   24322.71736488  .00000709  00000-0  24704-3 0    17\
2 41181  47.0010  99.0523 0001029 109.3845 250.7147 14.44838603470164
1 41181U 15081C   24323.54719116  .00000660  00000-0  23297-3 0    10\
2 41181  47.0012  95.2159 0001041 116.1767 243.9221 14.44839823470287
1 41181U 15081C   24323.68549545  .00000664  00000-0  23402-3 0  5705\
2 41181  47.0012  94.5766 0001041 116.9026 243.1960 14.44840090470414
1 41181U 15081C   24323.68549545  .00000664  00000-0  23402-3 0    14\
2 41181  47.0012  94.5766 0001041 116.9026 243.1960 14.44840090470302
1 41181U 15081C   24324.51532057  .00000702  00000-0  24490-3 0    18\
2 41181  47.0014  90.7403 0001065 122.9313 237.1669 14.44841809470423
1 41181U 15081C   24324.65362467  .00000706  00000-0  24608-3 0    14\
2 41181  47.0013  90.1009 0001072 123.6638 236.4344 14.44842063470441
1 41181U 15081C   24325.34514483  .00000725  00000-0  25149-3 0  5712\
2 41181  47.0014  86.9040 0001088 128.3730 231.7248 14.44843393470653
1 41181U 15081C   24325.34514483  .00000725  00000-0  25149-3 0    10\
2 41181  47.0014  86.9040 0001088 128.3730 231.7248 14.44843393470541
1 41181U 15081C   24326.52072763  .00000848  00000-0  28644-3 0    10\
2 41181  47.0017  81.4695 0001121 136.4019 223.6950 14.44846162470714
1 41181U 15081C   24326.65903130  .00000862  00000-0  29055-3 0  5721\
2 41181  47.0016  80.8302 0001132 136.8301 223.2668 14.44846512470846
1 41181U 15081C   24326.65903130  .00000862  00000-0  29055-3 0    18\
2 41181  47.0016  80.8302 0001132 136.8301 223.2668 14.44846512470734
1 41181U 15081C   24327.35054914  .00001001  00000-0  33009-3 0    13\
2 41181  47.0018  77.6333 0001148 141.5562 218.5400 14.44848660470831
1 41181U 15081C   24328.38782476  .00001040  00000-0  34118-3 0  5737\
2 41181  47.0020  72.8381 0001192 147.9708 212.1245 14.44851023471098
1 41181U 15081C   24328.52612819  .00000956  00000-0  31729-3 0    12\
2 41181  47.0020  72.1988 0001194 149.4618 210.6332 14.44850822471000
1 41181U 15081C   24328.66443142  .00000958  00000-0  31776-3 0    12\
2 41181  47.0019  71.5594 0001199 150.2147 209.8802 14.44851126471028
1 41181U 15081C   24329.42509856  .00000969  00000-0  32098-3 0  5747\
2 41181  47.0021  68.0429 0001241 155.0315 205.0625 14.44852930471246
1 41181U 15081C   24329.56340172  .00000993  00000-0  32781-3 0    17\
2 41181  47.0022  67.4036 0001244 155.7602 204.3337 14.44853331471151
1 41181U 15081C   24329.70170473  .00000993  00000-0  32786-3 0    13\
2 41181  47.0021  66.7643 0001243 156.3321 203.7616 14.44853653471172
1 41181U 15081C   24330.46236993  .00001134  00000-0  36802-3 0  5755\
2 41181  47.0023  63.2478 0001275 161.0788 199.0140 14.44856391471392
1 41181U 15081C   24330.53152157  .00001107  00000-0  36034-3 0    13\
2 41181  47.0022  62.9282 0001274 161.3659 198.7268 14.44856331471299
1 41181U 15081C   24330.60067290  .00001112  00000-0  36178-3 0    19\
2 41181  47.0022  62.6085 0001281 161.6548 198.4379 14.44856535471303
1 41181U 15081C   24331.63794203  .00001158  00000-0  37475-3 0  5762\
2 41181  47.0023  57.8133 0001322 167.1753 192.9161 14.44859495471563
1 41181U 15081C   24331.63794203  .00001158  00000-0  37475-3 0    15\
2 41181  47.0023  57.8133 0001322 167.1753 192.9161 14.44859495471451
1 41181U 15081C   24332.60605766  .00001359  00000-0  43199-3 0    11\
2 41181  47.0025  53.3378 0001379 172.0406 188.0496 14.44863292471599
1 41181U 15081C   24333.43586967  .00001401  00000-0  44393-3 0  5777\
2 41181  47.0026  49.5016 0001412 175.8886 184.2006 14.44865890471824
1 41181U 15081C   24333.50502062  .00001454  00000-0  45909-3 0    13\
2 41181  47.0026  49.1820 0001414 176.1403 183.9489 14.44866362471729
1 41181U 15081C   24334.47313272  .00001369  00000-0  43463-3 0  5780\
2 41181  47.0027  44.7064 0001458 180.7262 179.3616 14.44868699471976
1 41181U 15081C   24334.47313272  .00001369  00000-0  43463-3 0    11\
2 41181  47.0027  44.7064 0001458 180.7262 179.3616 14.44868699471864
1 41181U 15081C   24335.37209184  .00001342  00000-0  42703-3 0    14\
2 41181  47.0028  40.5506 0001515 184.3954 175.6913 14.44871310471999
1 41181U 15081C   24336.13274893  .00001174  00000-0  37916-3 0  5791\
2 41181  47.0028  37.0341 0001551 187.7312 172.3544 14.44872543472211
1 41181U 15081C   24336.47850166  .00001238  00000-0  39732-3 0    10\
2 41181  47.0029  35.4357 0001569 189.1538 170.9314 14.44873882472155
1 41181U 15081C   24336.89340455  .00001201  00000-0  38682-3 0    14\
2 41181  47.0029  33.5177 0001584 191.0254 169.0591 14.44874925472210
1 41181U 15081C   24337.17000637  .00001189  00000-0  38337-3 0  5805\
2 41181  47.0029  32.2390 0001601 192.1006 167.9836 14.44875629472367
1 41181U 15081C   24337.51575864  .00001096  00000-0  35686-3 0    11\
2 41181  47.0030  30.6406 0001624 193.2062 166.8776 14.44876057472309
1 41181U 15081C   24337.86151043  .00001063  00000-0  34760-3 0    14\
2 41181  47.0030  29.0423 0001638 194.8218 165.2615 14.44876876472354
1 41181U 15081C   24338.41471292  .00001085  00000-0  35387-3 0  5810\
2 41181  47.0030  26.4848 0001659 197.1755 162.9069 14.44878508472543
1 41181U 15081C   24338.41471292  .00001085  00000-0  35387-3 0    17\
2 41181  47.0030  26.4848 0001659 197.1755 162.9069 14.44878508472431
1 41181U 15081C   24338.82961455  .00001037  00000-0  34003-3 0    18\
2 41181  47.0031  24.5670 0001669 198.5741 161.5079 14.44879384472490
1 41181U 15081C   24339.45196618  .00001050  00000-0  34375-3 0  5820\
2 41181  47.0031  21.6898 0001702 200.8626 159.2185 14.44881142472696
1 41181U 15081C   24339.52111635  .00001002  00000-0  33022-3 0    15\
2 41181  47.0030  21.3700 0001709 200.9339 159.1472 14.44881065472594
1 41181U 15081C   24340.42006741  .00001074  00000-0  35063-3 0    13\
2 41181  47.0030  17.2141 0001752 204.1889 155.8909 14.44883852472720
1 41181U 15081C   24341.11156753  .00000916  00000-0  30552-3 0  5836\
2 41181  47.0029  14.0172 0001788 206.7116 153.3672 14.44884762472931
1 41181U 15081C   24341.38816748  .00000953  00000-0  31620-3 0    15\
2 41181  47.0029  12.7385 0001791 207.9693 152.1091 14.44885608472863
1 41181U 15081C   24342.42541577  .00000951  00000-0  31561-3 0  5844\
2 41181  47.0028   7.9432 0001827 211.9097 148.1673 14.44888086473128
1 41181U 15081C   24342.42541577  .00000951  00000-0  31561-3 0    18\
2 41181  47.0028   7.9432 0001827 211.9097 148.1673 14.44888086473016
1 41181U 15081C   24343.46266244  .00000956  00000-0  31700-3 0  5855\
2 41181  47.0027   3.1478 0001874 215.4373 144.6383 14.44890505473277
1 41181U 15081C   24343.46266244  .00000956  00000-0  31700-3 0    18\
2 41181  47.0027   3.1478 0001874 215.4373 144.6383 14.44890505473165
1 41181U 15081C   24343.73926122  .00000950  00000-0  31524-3 0    14\
2 41181  47.0027   1.8690 0001886 216.5889 143.4863 14.44891128473200
1 41181U 15081C   24344.56905694  .00000967  00000-0  32006-3 0    11\
2 41181  47.0026 358.0326 0001919 219.2812 140.7929 14.44893118473322
1 41181U 15081C   24344.77650574  .00000960  00000-0  31812-3 0  5863\
2 41181  47.0026 357.0735 0001924 220.2530 139.8208 14.44893550473464
1 41181U 15081C   24344.77650574  .00000960  00000-0  31812-3 0    15\
2 41181  47.0026 357.0735 0001924 220.2530 139.8208 14.44893550473352
1 41181U 15081C   24345.39885159  .00000972  00000-0  32162-3 0    15\
2 41181  47.0026 354.1963 0001942 222.4004 137.6726 14.44895040473440
1 41181U 15081C   24345.74459928  .00000882  00000-0  29598-3 0    14\
2 41181  47.0027 352.5978 0001958 223.6037 136.4689 14.44895281473492
1 41181U 15081C   24346.09034689  .00000774  00000-0  26511-3 0  5877\
2 41181  47.0026 350.9993 0001973 224.6986 135.3735 14.44895374473652
1 41181U 15081C   24346.36694468  .00000837  00000-0  28323-3 0    18\
2 41181  47.0026 349.7206 0001978 225.6078 134.4641 14.44896299473588
1 41181U 15081C   24347.12758831  .00000722  00000-0  25036-3 0  5889\
2 41181  47.0027 346.2038 0002014 228.1216 131.9493 14.44897215473809
1 41181U 15081C   24347.40418590  .00000739  00000-0  25519-3 0    19\
2 41181  47.0027 344.9251 0002014 229.0944 130.9762 14.44897825473736
1 41181U 15081C   24347.95738059  .00000644  00000-0  22811-3 0    11\
2 41181  47.0027 342.3675 0002034 231.0871 128.9828 14.44898412473814
1 41181U 15081C   24348.23397794  .00000667  00000-0  23456-3 0  5892\
2 41181  47.0027 341.0887 0002043 231.8622 128.2074 14.44899029473964
1 41181U 15081C   24348.23397794  .00000667  00000-0  23456-3 0    11\
2 41181  47.0027 341.0887 0002043 231.8622 128.2074 14.44899029473852
1 41181U 15081C   24349.34036601  .00000705  00000-0  24557-3 0  5900\
2 41181  47.0026 335.9736 0002064 235.6580 124.4105 14.44901295474127
1 41181U 15081C   24349.34036601  .00000705  00000-0  24557-3 0    17\
2 41181  47.0026 335.9736 0002064 235.6580 124.4105 14.44901295474015
1 41181U 15081C   24349.68611172  .00000772  00000-0  26466-3 0    11\
2 41181  47.0026 334.3751 0002080 236.6830 123.3851 14.44902362474069
1 41181U 15081C   24350.30845393  .00000807  00000-0  27460-3 0    10\
2 41181  47.0026 331.4979 0002094 238.7260 121.3416 14.44903696474150
1 41181U 15081C   24351.20739196  .00000816  00000-0  27698-3 0  5910\
2 41181  47.0025 327.3417 0002115 241.5923 118.4744 14.44905341474398
1 41181U 15081C   24351.27654112  .00000792  00000-0  27032-3 0    12\
2 41181  47.0025 327.0221 0002113 241.8382 118.2285 14.44905301474291
1 41181U 15081C   24351.89888217  .00000833  00000-0  28188-3 0    14\
2 41181  47.0025 324.1448 0002125 243.9312 116.1350 14.44906625474389
1 41181U 15081C   24352.31377585  .00000816  00000-0  27710-3 0  5929\
2 41181  47.0025 322.2266 0002126 245.1805 114.8854 14.44907327474551
1 41181U 15081C   24352.31377585  .00000816  00000-0  27710-3 0    14\
2 41181  47.0025 322.2266 0002126 245.1805 114.8854 14.44907327474449
1 41181U 15081C   24352.86696714  .00000877  00000-0  29446-3 0    17\
2 41181  47.0025 319.6690 0002136 247.0505 113.0150 14.44908673474523
1 41181U 15081C   24353.35100925  .00000839  00000-0  28350-3 0    17\
2 41181  47.0025 317.4312 0002149 248.2968 111.7683 14.44909371474599
1 41181U 15081C   24353.35100925  .00000839  00000-0  28350-3 0  5933\
2 41181  47.0025 317.4312 0002149 248.2968 111.7683 14.44909371474702
1 41181U 15081C   24354.18079510  .00000826  00000-0  27994-3 0    13\
2 41181  47.0025 313.5947 0002166 250.9017 109.1628 14.44910809474716
1 41181U 15081C   24354.31909270  .00000742  00000-0  25605-3 0    17\
2 41181  47.0024 312.9554 0002166 251.3376 108.7269 14.44910607474739
1 41181U 15081C   24354.59568780  .00000691  00000-0  24160-3 0  5949\
2 41181  47.0025 311.6766 0002174 252.2491 107.8152 14.44910830474883
1 41181U 15081C   24354.87228275  .00000704  00000-0  24515-3 0    14\
2 41181  47.0024 310.3977 0002180 253.0949 106.9692 14.44911378474816
1 41181U 15081C   24355.56376960  .00000671  00000-0  23580-3 0    10\
2 41181  47.0025 307.2008 0002182 255.2691 104.7948 14.44912529474917
1 41181U 15081C   24356.11695860  .00000734  00000-0  25355-3 0  5955\
2 41181  47.0024 304.6432 0002186 256.8549 103.2088 14.44913906475102
1 41181U 15081C   24355.90951274  .00000738  00000-0  25479-3 0    18\
2 41181  47.0024 305.6022 0002187 256.2975 103.7662 14.44913532474967
1 41181U 15081C   24356.18610719  .00000711  00000-0  24719-3 0    12\
2 41181  47.0024 304.3235 0002183 257.1248 102.9388 14.44913922475003
1 41181U 15081C   24356.87759274  .00000801  00000-0  27279-3 0    12\
2 41181  47.0024 301.1264 0002189 259.2885 100.7749 14.44915754475109
1 41181U 15081C   24357.22333520  .00000781  00000-0  26700-3 0  5968\
2 41181  47.0024 299.5281 0002183 260.2375  99.8258 14.44916363475265
1 41181U 15081C   24357.22333520  .00000781  00000-0  26700-3 0    19\
2 41181  47.0024 299.5281 0002183 260.2375  99.8258 14.44916363475153
1 41181U 15081C   24357.84567132  .00000826  00000-0  27978-3 0    13\
2 41181  47.0024 296.6507 0002187 262.1989  97.8643 14.44917838475242
1 41181U 15081C   24358.19141315  .00000875  00000-0  29381-3 0    17\
2 41181  47.0024 295.0524 0002183 263.2075  96.8557 14.44918869475291
1 41181U 15081C   24358.81374845  .00000820  00000-0  27800-3 0  5976\
2 41181  47.0023 292.1750 0002189 265.2660  94.7970 14.44919807475498
1 41181U 15081C   24359.50523117  .00000935  00000-0  31093-3 0    17\
2 41181  47.0023 288.9782 0002176 267.5404  92.5227 14.44921920475482
1 41181U 15081C   24359.85097224  .00000929  00000-0  30901-3 0    10\
2 41181  47.0022 287.3796 0002173 268.5465  91.5166 14.44922631475531
1 41181U 15081C   24360.12756489  .00000929  00000-0  30902-3 0  5989\
2 41181  47.0022 286.1009 0002179 269.0907  90.9724 14.44923260475686
1 41181U 15081C   24360.12756489  .00000929  00000-0  30902-3 0    18\
2 41181  47.0022 286.1009 0002179 269.0907  90.9724 14.44923260475574
1 41181U 15081C   24361.23393447  .00001024  00000-0  33611-3 0    19\
2 41181  47.0020 280.9859 0002169 272.3641  87.6991 14.44926304475737
1 41181U 15081C   24361.23393447  .00001024  00000-0  33611-3 0  5991\
2 41181  47.0020 280.9859 0002169 272.3641  87.6991 14.44926304475849
1 41181U 15081C   24361.51052637  .00001079  00000-0  35171-3 0    16\
2 41181  47.0020 279.7071 0002170 273.2018  86.8614 14.44927304475777
1 41181U 15081C   24361.85626621  .00001008  00000-0  33148-3 0    17\
2 41181  47.0020 278.1085 0002171 274.2687  85.7945 14.44927760475826
1 41181U 15081C   24362.47859741  .00001038  00000-0  34006-3 0    14\
2 41181  47.0018 275.2314 0002171 276.4321  83.6311 14.44929444475910
1 41181U 15081C   24362.75518886  .00001030  00000-0  33785-3 0  6007\
2 41181  47.0018 273.9525 0002168 277.2473  82.8160 14.44930059476066
1 41181U 15081C   24362.89348454  .00001006  00000-0  33093-3 0    14\
2 41181  47.0018 273.3131 0002166 277.5263  82.5371 14.44930275475971
1 41181U 15081C   24363.44666683  .00001062  00000-0  34682-3 0    10\
2 41181  47.0016 270.7555 0002167 279.1488  80.9147 14.44931940476051
1 41181U 15081C   24363.79240549  .00001056  00000-0  34520-3 0  6017\
2 41181  47.0016 269.1569 0002159 280.0819  79.9817 14.44932764476213
1 41181U 15081C   24364.13814403  .00001009  00000-0  33189-3 0    14\
2 41181  47.0015 267.5584 0002148 281.1487  78.9152 14.44933367476156
1 41181U 15081C   24364.89876772  .00001085  00000-0  35341-3 0    10\
2 41181  47.0014 264.0415 0002136 283.3258  76.7383 14.44935746476264
1 41181U 15081C   24365.10621037  .00001082  00000-0  35259-3 0  6029\
2 41181  47.0013 263.0824 0002128 284.0122  76.0522 14.44936271476403
1 41181U 15081C   24365.45194789  .00001256  00000-0  40212-3 0    17\
2 41181  47.0013 261.4839 0002120 285.0896  74.9749 14.44938124476342
1 41181U 15081C   24365.86683263  .00001123  00000-0  36421-3 0    12\
2 41181  47.0012 259.5656 0002108 286.2847  73.7801 14.44938530476405
1 41181U 15081C   24366.07427493  .00001113  00000-0  36122-3 0    14\
2 41181  47.0011 258.6066 0002103 286.9861  73.0789 14.44939012476434
1 41181U 15081C   24366.69660123  .00001292  00000-0  41215-3 0  6036\
2 41181  47.0010 255.7291 0002095 288.9043  71.1610 14.44941598476631
1 41181U 15081C   25001.80295586  .00001354  00000-0  42985-3 0  6048
2 41181  47.0008 250.6136 0002083 291.7243  68.3416 14.44945333476791
1 41181U 15081C   25001.38807338  .00001286  00000-0  41060-3 0    13
2 41181  47.0010 252.5319 0002086 290.6908  69.3749 14.44943631476628
1 41181U 15081C   25001.87209790  .00002793  00000-0  83862-3 0    15
2 41181  47.0009 250.2939 0002088 292.0077  68.0581 14.44954762476698
1 41181U 15081C   25001.87209790  .00002793  00000-0  83862-3 0  6055
2 41181  47.0009 250.2939 0002088 292.0077  68.0581 14.44954762476801
1 41181U 15081C   25002.90930864  .00001200  00000-0  38587-3 0    19
2 41181  47.0007 245.4982 0002050 294.8775  65.1892 14.44947833476845
1 41181U 15081C   25003.04760258  .00001182  00000-0  38096-3 0  6068
2 41181  47.0006 244.8587 0002030 295.3901  64.6769 14.44948156476973
1 41181U 15081C   25003.39333736  .00001126  00000-0  36496-3 0    12
2 41181  47.0005 243.2601 0002024 296.3911  63.6761 14.44948867476911
1 41181U 15081C   25004.08480623  .00000901  00000-0  30087-3 0  6079
2 41181  47.0004 240.0631 0001996 298.4867  61.5812 14.44949696477127
1 41181U 15081C   25003.94651253  .00000926  00000-0  30811-3 0    12
2 41181  47.0005 240.7024 0002004 298.0289  62.0388 14.44949411476999
1 41181U 15081C   25004.36139340  .00000994  00000-0  32752-3 0    18
2 41181  47.0004 238.7842 0001994 299.3787  60.6894 14.44951021477051
1 41181U 15081C   25004.91456718  .00001055  00000-0  34461-3 0    18
2 41181  47.0003 236.2265 0001972 300.9849  59.0838 14.44953015477130
1 41181U 15081C   25005.74432716  .00000891  00000-0  29799-3 0  6080
2 41181  47.0002 232.3898 0001944 303.5502  56.5192 14.44954502477364
1 41181U 15081C   25005.81347366  .00000953  00000-0  31564-3 0    13
2 41181  47.0002 232.0702 0001941 303.7745  56.2950 14.44955064477265
1 41181U 15081C   25006.29749970  .00000892  00000-0  29829-3 0    16
2 41181  47.0000 229.8321 0001930 305.1960  54.8739 14.44956070477332
1 41181U 15081C   25006.78152557  .00000819  00000-0  27766-3 0  6090
2 41181  47.0000 227.5941 0001897 306.7572  53.3134 14.44956930477511
1 41181U 15081C   25006.91981876  .00000796  00000-0  27104-3 0    15
2 41181  46.9999 226.9546 0001894 307.3784  52.6923 14.44957094477429
1 41181U 15081C   25007.61128362  .00000688  00000-0  24052-3 0    15
2 41181  46.9998 223.7573 0001871 309.4516  50.6199 14.44958174477528
1 41181U 15081C   25007.88786937  .00000698  00000-0  24328-3 0    19
2 41181  46.9998 222.4784 0001856 310.3150  49.7568 14.44958859477569
1 41181U 15081C   25008.57933386  .00000555  00000-0  20260-3 0    11
2 41181  46.9998 219.2811 0001835 312.4454  47.6271 14.44959428477663
1 41181U 15081C   25008.85591952  .00000530  00000-0  19546-3 0    19
2 41181  46.9998 218.0022 0001820 313.2696  46.8032 14.44959793477701
1 41181U 15081C   25009.27079781  .00000519  00000-0  19220-3 0    13
2 41181  46.9997 216.0838 0001799 314.5334  45.5399 14.44960465477767
1 41181U 15081C   25009.27079781  .00000519  00000-0  19220-3 0  6110
2 41181  46.9997 216.0838 0001799 314.5334  45.5399 14.44960465477879
1 41181U 15081C   25009.82396848  .00000541  00000-0  19865-3 0    10
2 41181  46.9998 213.5259 0001774 316.2504  43.8236 14.44961544477847
1 41181U 15081C   25010.58457788  .00000467  00000-0  17753-3 0    17
2 41181  46.9996 210.0088 0001744 318.6809  41.3939 14.44962332477959
1 41181U 15081C   25010.79201672  .00000454  00000-0  17384-3 0  6123
2 41181  46.9997 209.0497 0001732 319.2926  40.7824 14.44962591478095
1 41181U 15081C   25010.86116293  .00000483  00000-0  18204-3 0    11
2 41181  46.9996 208.7300 0001728 319.6045  40.4707 14.44962866477994
1 41181U 15081C   25011.55262548  .00000428  00000-0  16635-3 0    18
2 41181  46.9997 205.5326 0001698 321.7518  38.3241 14.44963556478091
1 41181U 15081C   25011.82921020  .00000451  00000-0  17300-3 0    11
2 41181  46.9997 204.2538 0001686 322.8322  37.2441 14.44964132478130
1 41181U 15081C   25012.52067221  .00000429  00000-0  16686-3 0    14
2 41181  46.9997 201.0564 0001659 325.0666  35.0105 14.44964918478236
1 41181U 15081C   25012.79725685  .00000433  00000-0  16775-3 0    12
2 41181  46.9997 199.7776 0001643 326.1216  33.9559 14.44965311478272
1 41181U 15081C   25013.48871804  .00000485  00000-0  18265-3 0  6147
2 41181  46.9997 196.5802 0001617 328.4836  31.5947 14.44966519478480
1 41181U 15081C   25013.55786419  .00000434  00000-0  16803-3 0    12
2 41181  46.9997 196.2605 0001609 328.7768  31.3016 14.44966330478381
1 41181U 15081C   25013.83444839  .00000432  00000-0  16756-3 0    15
2 41181  46.9997 194.9817 0001587 329.3638  30.7149 14.44966739478427
1 41181U 15081C   25014.45676298  .00000489  00000-0  18373-3 0    19
2 41181  46.9997 192.1040 0001561 331.2364  28.8430 14.44967830478519
1 41181U 15081C   25014.73334711  .00000455  00000-0  17419-3 0  6155
2 41181  46.9998 190.8251 0001538 332.1010  27.9787 14.44968039478664
1 41181U 15081C   25014.80249300  .00000461  00000-0  17577-3 0    13
2 41181  46.9998 190.5054 0001533 332.3762  27.7036 14.44968201478568
1 41181U 15081C   25015.56309882  .00000455  00000-0  17424-3 0    13
2 41181  46.9998 186.9882 0001492 334.8052  25.2755 14.44969231478676
1 41181U 15081C   25015.77053674  .00000456  00000-0  17441-3 0  6163
2 41181  46.9998 186.0292 0001483 335.7757  24.3053 14.44969507478817
1 41181U 15081C   25015.90882861  .00000486  00000-0  18285-3 0    14
2 41181  46.9998 185.3897 0001477 336.3222  23.7590 14.44969866478724
1 41181U 15081C   25016.53114171  .00000536  00000-0  19721-3 0    18
2 41181  46.9999 182.5121 0001454 338.5171  21.5648 14.44971046478819
1 41181U 15081C   25016.73857937  .00000545  00000-0  19965-3 0    14
2 41181  46.9999 181.5530 0001444 339.4379  20.6443 14.44971378478845
1 41181U 15081C   25017.15345438  .00000585  00000-0  21094-3 0  6172
2 41181  46.9999 179.6347 0001430 341.1298  18.9528 14.44972229479014
1 41181U 15081C   25017.43003767  .00000625  00000-0  22247-3 0    12
2 41181  46.9999 178.3557 0001416 341.9990  18.0840 14.44972830478941
1 41181U 15081C   25017.77576636  .00000638  00000-0  22604-3 0    10
2 41181  46.9999 176.7571 0001392 343.0982  16.9851 14.44973508478993
1 41181U 15081C   25018.39807789  .00000746  00000-0  25685-3 0  6181
2 41181  47.0000 173.8794 0001364 345.3329  14.7511 14.44975105479199
1 41181U 15081C   25018.53636941  .00000726  00000-0  25108-3 0    11
2 41181  47.0000 173.2400 0001351 346.0232  14.0611 14.44975207479102
1 41181U 15081C   25018.74380644  .00000736  00000-0  25384-3 0    17
2 41181  47.0000 172.2809 0001341 346.9497  13.1349 14.44975614479138
1 41181U 15081C   25019.43526293  .00000793  00000-0  27014-3 0  6196
2 41181  47.0001 169.0834 0001303 349.6270  10.4583 14.44977101479344
1 41181U 15081C   25019.57355397  .00000864  00000-0  29024-3 0    13
2 41181  47.0002 168.4440 0001296 350.2284   9.8570 14.44977780479256
1 41181U 15081C   25019.78099066  .00000883  00000-0  29579-3 0    10
2 41181  47.0002 167.4849 0001284 351.4694   8.6164 14.44978286479284
1 41181U 15081C   25020.40329996  .00001015  00000-0  33314-3 0    19
2 41181  47.0003 164.6074 0001262 353.8732   6.2132 14.44980336479377
1 41181U 15081C   25020.74902750  .00000928  00000-0  30855-3 0  6207
2 41181  47.0004 163.0088 0001246 355.3068   4.7800 14.44980518479532
1 41181U 15081C   25020.74902750  .00000928  00000-0  30855-3 0    10
2 41181  47.0004 163.0088 0001246 355.3068   4.7800 14.44980518479420
1 41181U 15081C   25021.57877196  .00001021  00000-0  33492-3 0    12
2 41181  47.0005 159.1720 0001205 358.3596   1.7280 14.44982860479548
1 41181U 15081C   25021.78620791  .00001031  00000-0  33776-3 0  6216
2 41181  47.0006 158.2129 0001198 359.5608   0.5271 14.44983385479685
1 41181U 15081C   25021.78620791  .00001031  00000-0  33776-3 0    18
2 41181  47.0006 158.2129 0001198 359.5608   0.5271 14.44983385479573
1 41181U 15081C   25022.47766016  .00001116  00000-0  36181-3 0    13
2 41181  47.0006 155.0156 0001156   1.3239 358.7644 14.44985548479670
1 41181U 15081C   25023.30740223  .00001199  00000-0  38528-3 0  6225
2 41181  47.0008 151.1790 0001122   5.0948 354.9943 14.44987975479906
1 41181U 15081C   25023.58398265  .00001124  00000-0  36411-3 0    18
2 41181  47.0008 149.9001 0001101   6.2921 353.7972 14.44988266479832
1 41181U 15081C   25023.79141786  .00001117  00000-0  36216-3 0    10
2 41181  47.0008 148.9410 0001095   7.2327 352.8569 14.44988749479869
1 41181U 15081C   25024.48286764  .00001232  00000-0  39461-3 0  6236
2 41181  47.0009 145.7437 0001060  10.2291 349.8611 14.44991205480070
1 41181U 15081C   25024.48286764  .00001232  00000-0  39461-3 0    16
2 41181  47.0009 145.7437 0001060  10.2291 349.8611 14.44991205479966
1 41181U 15081C   25024.75944737  .00001202  00000-0  38623-3 0    13
2 41181  47.0009 144.4649 0001050  11.5681 348.5223 14.44991776480008
1 41181U 15081C   25025.52004135  .00001071  00000-0  34888-3 0    11
2 41181  47.0010 140.9479 0001008  14.9855 345.1055 14.44992942480119
1 41181U 15081C   25025.79662070  .00001060  00000-0  34582-3 0  6248
2 41181  47.0010 139.6690 0000999  16.4157 343.6755 14.44993565480267
1 41181U 15081C   25025.79662070  .00001060  00000-0  34582-3 0    17
2 41181  47.0010 139.6690 0000999  16.4157 343.6755 14.44993565480155
1 41181U 15081C   25026.34977919  .00000988  00000-0  32537-3 0    16
2 41181  47.0010 137.1111 0000972  18.9613 341.1303 14.44994473480231
1 41181U 15081C   25027.31780536  .00000901  00000-0  30064-3 0  6251
2 41181  47.0010 132.6350 0000925  24.3960 335.6963 14.44996249480480
1 41181U 15081C   25027.31780536  .00000901  00000-0  30064-3 0    19
2 41181  47.0010 132.6350 0000925  24.3960 335.6963 14.44996249480378
1 41181U 15081C   25024.48286722  .00001467  00000-0  46153-3 0  6269
2 41181  47.0009 145.7440 0001073  10.1514 349.9388 14.44992588480072
1 41181U 15081C   25024.48286722  .00001467  00000-0  46153-3 0    16
2 41181  47.0009 145.7440 0001073  10.1514 349.9388 14.44992588479968
1 41181U 15081C   25028.28583003  .00000845  00000-0  28476-3 0  6271
2 41181  47.0011 128.1586 0000870  30.1462 329.9468 14.44998143480620
1 41181U 15081C   25028.76984193  .00000826  00000-0  27929-3 0    16
2 41181  47.0011 125.9204 0000851  34.0128 326.0807 14.44999086480580
1 41181U 15081C   25029.25385310  .00000870  00000-0  29184-3 0    11
2 41181  47.0011 123.6822 0000824  36.7782 323.3155 14.45000448480656
1 41181U 15081C   25029.73786448  .00000773  00000-0  26434-3 0  6283
2 41181  47.0012 121.4442 0000804  40.3877 319.7063 14.45000908480833
1 41181U 15081C   25029.73786448  .00000773  00000-0  26434-3 0    18
2 41181  47.0012 121.4442 0000804  40.3877 319.7063 14.45000908480721
1 41181U 15081C   25030.56759717  .00000838  00000-0  28273-3 0    15
2 41181  47.0013 117.6076 0000780  44.5963 315.4980 14.45002965480846
1 41181U 15081C   25031.18989620  .00000769  00000-0  26326-3 0  6298
2 41181  47.0013 114.7299 0000753  48.9776 311.1169 14.45003825481042
1 41181U 15081C   25031.53561730  .00000883  00000-0  29565-3 0    14
2 41181  47.0013 113.1314 0000742  51.2027 308.8919 14.45005228480984
1 41181U 15081C   25032.43449207  .00000858  00000-0  28840-3 0  6303
2 41181  47.0015 108.9750 0000711  58.8400 301.2550 14.45006954481229
1 41181U 15081C   25032.57278029  .00000838  00000-0  28285-3 0    13
2 41181  47.0014 108.3356 0000708  59.8732 300.2218 14.45007169481138
1 41181U 15081C   25032.71106851  .00000836  00000-0  28223-3 0    12
2 41181  47.0014 107.6961 0000703  60.9758 299.1193 14.45007459481150
1 41181U 15081C   25033.54079774  .00000821  00000-0  27800-3 0    11
2 41181  47.0015 103.8593 0000684  67.9917 292.1036 14.45009072481277
1 41181U 15081C   25033.67908580  .00000819  00000-0  27742-3 0  6312
2 41181  47.0014 103.2198 0000681  69.0984 290.9969 14.45009357481407
1 41181U 15081C   25033.67908580  .00000819  00000-0  27742-3 0    13
2 41181  47.0014 103.2198 0000681  69.0984 290.9969 14.45009357481294
1 41181U 15081C   25034.64710199  .00000750  00000-0  25779-3 0    10
2 41181  47.0015  98.7436 0000659  77.8833 282.2121 14.45010885481431
1 41181U 15081C   25035.13110964  .00000687  00000-0  23988-3 0  6328
2 41181  47.0014  96.5055 0000659  80.9452 279.1503 14.45011484481610
1 41181U 15081C   25035.33854133  .00000776  00000-0  26506-3 0    11
2 41181  47.0015  95.5463 0000660  83.2939 276.8017 14.45012385481537
1 41181U 15081C   25036.16826782  .00000738  00000-0  25437-3 0  6333
2 41181  47.0015  91.7095 0000655  90.2022 269.8933 14.45013745481766
1 41181U 15081C   25036.51398683  .00000738  00000-0  25427-3 0    14
2 41181  47.0015  90.1109 0000657  92.7069 267.3886 14.45014431481702
1 41181U 15081C   25036.85970565  .00000795  00000-0  27036-3 0    17
2 41181  47.0015  88.5123 0000660  96.0747 264.0208 14.45015421481750
1 41181U 15081C   25037.34371200  .00000736  00000-0  25369-3 0    15
2 41181  47.0015  86.2741 0000665 100.8016 259.2939 14.45015975481828
1 41181U 15081C   25037.34371200  .00000736  00000-0  25369-3 0  6347
2 41181  47.0015  86.2741 0000665 100.8016 259.2939 14.45015975481930
1 41181U 15081C   25038.45001090  .00000681  00000-0  23817-3 0  6353
2 41181  47.0015  81.1583 0000674 109.8704 250.2248 14.45017682482090
1 41181U 15081C   25038.79572906  .00000643  00000-0  22725-3 0    11
2 41181  47.0016  79.5596 0000675 112.6422 247.4529 14.45018091482035
1 41181U 15081C   25039.48716505  .00000699  00000-0  24316-3 0  6366
2 41181  47.0015  76.3621 0000692 118.3277 241.7673 14.45019522482248
1 41181U 15081C   25040.38603124  .00000651  00000-0  22947-3 0    11
2 41181  47.0016  72.2054 0000714 125.6743 234.4204 14.45020657482260
1 41181U 15081C   25041.14660912  .00000712  00000-0  24703-3 0  6379
2 41181  47.0017  68.6882 0000734 131.2523 228.8421 14.45022317482487
1 41181U 15081C   25041.49232629  .00000772  00000-0  26395-3 0    17
2 41181  47.0017  67.0897 0000745 133.3158 226.7784 14.45023170482426
1 41181U 15081C   25041.76890016  .00000673  00000-0  23570-3 0    19
2 41181  47.0018  65.8107 0000756 135.7828 224.3113 14.45023011482467
1 41181U 15081C   25042.46033407  .00000647  00000-0  22852-3 0  6389
2 41181  47.0019  62.6134 0000786 140.7609 219.3328 14.45023891482670
1 41181U 15081C   25042.52947744  .00000590  00000-0  21212-3 0    14
2 41181  47.0019  62.2936 0000790 141.2989 218.7948 14.45023690482575
1 41181U 15081C   25042.73690745  .00000589  00000-0  21190-3 0    16
2 41181  47.0019  61.3344 0000794 142.6780 217.4155 14.45024015482608
1 41181U 15081C   25043.49748395  .00000570  00000-0  20670-3 0    17
2 41181  47.0020  57.8173 0000828 147.4717 212.6214 14.45025032482716
1 41181U 15081C   25043.49748395  .00000570  00000-0  20670-3 0  6394
2 41181  47.0020  57.8173 0000828 147.4717 212.6214 14.45025032482828
1 41181U 15081C   25044.46548966  .00000552  00000-0  20155-3 0    15
2 41181  47.0021  53.3409 0000868 153.2392 206.8533 14.45026329482852
1 41181U 15081C   25044.74206230  .00000554  00000-0  20197-3 0  6408
2 41181  47.0022  52.0620 0000886 155.1359 204.9564 14.45026823483008
1 41181U 15081C   25044.74206230  .00000554  00000-0  20197-3 0    19
2 41181  47.0022  52.0620 0000886 155.1359 204.9564 14.45026823482894
1 41181U 15081C   25045.43349395  .00000626  00000-0  22233-3 0    19
2 41181  47.0022  48.8646 0000921 158.9258 201.1660 14.45028251482998
1 41181U 15081C   25046.05578200  .00000635  00000-0  22488-3 0  6419
2 41181  47.0023  45.9869 0000949 162.5686 197.5227 14.45029243483192
1 41181U 15081C   25046.40149723  .00000684  00000-0  23888-3 0    11
2 41181  47.0023  44.3883 0000966 164.0710 196.0201 14.45030093483130
1 41181U 15081C   25047.09292728  .00000742  00000-0  25541-3 0  6425
2 41181  47.0024  41.1908 0001007 168.0376 192.0529 14.45031570483346
1 41181U 15081C   25046.67806925  .00000660  00000-0  23208-3 0    14
2 41181  47.0023  43.1093 0000978 165.7982 194.2926 14.45030462483170
1 41181U 15081C   25047.36949923  .00000752  00000-0  25832-3 0    14
2 41181  47.0024  39.9119 0001016 168.9549 191.1354 14.45032072483272
1 41181U 15081C   25047.64607106  .00000690  00000-0  24047-3 0    17
2 41181  47.0024  38.6330 0001028 170.5011 189.5888 14.45032208483318
1 41181U 15081C   25048.40664269  .00000866  00000-0  29066-3 0  6438
2 41181  47.0024  35.1158 0001066 173.6853 186.4041 14.45034549483539
1 41181U 15081C   25048.40664269  .00000866  00000-0  29066-3 0    16
2 41181  47.0024  35.1158 0001066 173.6853 186.4041 14.45034549483427
1 41181U 15081C   25048.95978511  .00000838  00000-0  28262-3 0    10
2 41181  47.0025  32.5578 0001104 176.5577 183.5311 14.45035483483508
1 41181U 15081C   25049.44378451  .00000898  00000-0  29969-3 0  6446
2 41181  47.0026  30.3198 0001117 177.9357 182.1528 14.45036743483682
1 41181U 15081C   25049.44378451  .00000898  00000-0  29969-3 0    13
2 41181  47.0026  30.3198 0001117 177.9357 182.1528 14.45036743483570
1 41181U 15081C   25049.92778354  .00000834  00000-0  28155-3 0    18
2 41181  47.0027  28.0815 0001148 180.4692 179.6187 14.45037350483641
1 41181U 15081C   25050.34263903  .00001025  00000-0  33553-3 0    16
2 41181  47.0028  26.1632 0001175 182.1563 177.9312 14.45039361483706
1 41181U 15081C   25050.61920979  .00000923  00000-0  30665-3 0  6450
2 41181  47.0028  24.8842 0001189 183.5785 176.5087 14.45039322483857
1 41181U 15081C   25050.96492278  .00000911  00000-0  30326-3 0    11
2 41181  47.0028  23.2854 0001213 185.0403 175.0465 14.45039966483796
1 41181U 15081C   25051.58720577  .00000911  00000-0  30337-3 0    18
2 41181  47.0029  20.4079 0001242 187.5722 172.5140 14.45041271483882
1 41181U 15081C   25052.00206082  .00000809  00000-0  27438-3 0  6465
2 41181  47.0029  18.4894 0001266 189.0285 171.0573 14.45041589484057
1 41181U 15081C   25052.34777303  .00000868  00000-0  29103-3 0    12
2 41181  47.0030  16.8909 0001280 190.1628 169.9226 14.45042667483999
1 41181U 15081C   25052.62434263  .00000841  00000-0  28335-3 0    15
2 41181  47.0030  15.6120 0001294 191.4708 168.6143 14.45043162484030
1 41181U 15081C   25053.17748151  .00000800  00000-0  27176-3 0  6473
2 41181  47.0031  13.0540 0001328 193.2733 166.8112 14.45044180484223
1 41181U 15081C   25053.59233534  .00000836  00000-0  28186-3 0    18
2 41181  47.0031  11.1357 0001353 195.0083 165.0757 14.45045310484170
1 41181U 15081C   25053.93804658  .00000848  00000-0  28542-3 0    16
2 41181  47.0031   9.5370 0001376 196.3017 163.7820 14.45046167484225
1 41181U 15081C   25054.35289975  .00000927  00000-0  30768-3 0  6480
2 41181  47.0032   7.6187 0001398 197.7757 162.3075 14.45047572484397
1 41181U 15081C   25054.90603720  .00000919  00000-0  30559-3 0    11
2 41181  47.0032   5.0608 0001432 200.0579 160.0245 14.45048730484364
1 41181U 15081C   25055.52831593  .00000968  00000-0  31925-3 0    13
2 41181  47.0032   2.1833 0001457 202.0100 158.0718 14.45050480484458
1 41181U 15081C   25055.87402590  .00001127  00000-0  36457-3 0  6493
2 41181  47.0032   0.5845 0001480 203.2868 156.7946 14.45052178484615
1 41181U 15081C   25056.56544546  .00001081  00000-0  35143-3 0    10
2 41181  47.0032 357.3873 0001514 205.7480 154.3325 14.45053638484600
1 41181U 15081C   25057.11858076  .00001043  00000-0  34053-3 0  6505
2 41181  47.0032 354.8293 0001545 207.4625 152.6174 14.45054719484796
1 41181U 15081C   25057.53343156  .00001115  00000-0  36104-3 0    18
2 41181  47.0032 352.9110 0001563 208.9072 151.1722 14.45056187484744
1 41181U 15081C   25058.50141581  .00001106  00000-0  35858-3 0  6510
2 41181  47.0032 348.4347 0001615 212.1082 147.9700 14.45058612484993
1 41181U 15081C   25058.50141581  .00001106  00000-0  35858-3 0    19
2 41181  47.0032 348.4347 0001615 212.1082 147.9700 14.45058612484881
1 41181U 15081C   25059.46939868  .00001007  00000-0  33029-3 0    16
2 41181  47.0031 343.9584 0001656 215.1527 144.9245 14.45060506485028
1 41181U 15081C   25059.81510641  .00000993  00000-0  32640-3 0  6522
2 41181  47.0031 342.3596 0001673 216.2948 143.7819 14.45061292485186
1 41181U 15081C   25059.81510641  .00000993  00000-0  32640-3 0    10
2 41181  47.0031 342.3596 0001673 216.2948 143.7819 14.45061292485074
1 41181U 15081C   25060.16081381  .00001065  00000-0  34682-3 0    13
2 41181  47.0031 340.7610 0001687 217.2317 142.8447 14.45062604485120
1 41181U 15081C   25061.12879425  .00000863  00000-0  28947-3 0  6539
2 41181  47.0030 336.2846 0001727 220.0690 140.0063 14.45063865485372
1 41181U 15081C   25060.78308712  .00000891  00000-0  29749-3 0    15
2 41181  47.0030 337.8832 0001715 219.3157 140.7599 14.45063176485219
1 41181U 15081C   25061.19793576  .00000823  00000-0  27827-3 0    17
2 41181  47.0030 335.9649 0001729 220.3107 139.7645 14.45063790485274
1 41181U 15081C   25062.16591485  .00000687  00000-0  23946-3 0  6540
2 41181  47.0029 331.4885 0001767 223.1402 136.9340 14.45065235485521
1 41181U 15081C   25061.82020821  .00000744  00000-0  25567-3 0    14
2 41181  47.0030 333.0872 0001758 222.3636 137.7108 14.45064760485362
1 41181U 15081C   25062.16591485  .00000687  00000-0  23946-3 0    16
2 41181  47.0029 331.4885 0001767 223.1402 136.9340 14.45065235485419
1 41181U 15081C   25062.44248020  .00000739  00000-0  25445-3 0    15
2 41181  47.0029 330.2096 0001781 224.1768 135.8970 14.45066067485457
1 41181U 15081C   25063.20303436  .00000696  00000-0  24218-3 0  6557
2 41181  47.0028 326.6925 0001807 226.1431 133.9300 14.45067317485673
1 41181U 15081C   25063.20303436  .00000696  00000-0  24218-3 0    12
2 41181  47.0028 326.6925 0001807 226.1431 133.9300 14.45067317485561
1 41181U 15081C   25063.89444647  .00000581  00000-0  20961-3 0    11
2 41181  47.0026 323.4951 0001845 228.4627 131.6095 14.45068043485661
1 41181U 15081C   25064.44757572  .00000593  00000-0  21289-3 0  6560
2 41181  47.0026 320.9373 0001862 230.2957 129.7759 14.45069168485852
1 41181U 15081C   25064.86242267  .00000549  00000-0  20049-3 0    14
2 41181  47.0026 319.0187 0001876 231.3152 128.7560 14.45069614485808
1 41181U 15081C   25065.13898719  .00000538  00000-0  19727-3 0    13
2 41181  47.0025 317.7398 0001884 232.1152 127.9558 14.45070003485840
1 41181U 15081C   25066.10696257  .00000466  00000-0  17696-3 0  6574
2 41181  47.0023 313.2634 0001918 234.9313 125.1388 14.45071053486094
1 41181U 15081C   25066.38352677  .00000552  00000-0  20113-3 0    16
2 41181  47.0023 311.9845 0001929 235.9027 124.1670 14.45071902486027
1 41181U 15081C   25066.93665493  .00000520  00000-0  19209-3 0    19
2 41181  47.0021 309.4264 0001948 237.3911 122.6781 14.45072511486103
1 41181U 15081C   25067.00579596  .00000519  00000-0  19195-3 0    18
2 41181  47.0021 309.1067 0001951 237.5471 122.5220 14.45072596486119
1 41181U 15081C   25067.69720574  .00000595  00000-0  21345-3 0  6589
2 41181  47.0020 305.9091 0001976 239.6638 120.4047 14.45073948486323
1 41181U 15081C   25068.04291047  .00000584  00000-0  21019-3 0    15
2 41181  47.0020 304.3104 0001981 240.6028 119.4654 14.45074377486264
1 41181U 15081C   25068.80346014  .00000614  00000-0  21878-3 0  6590
2 41181  47.0018 300.7930 0002003 242.7701 117.2975 14.45075703486485
1 41181U 15081C   25068.80346014  .00000614  00000-0  21878-3 0    11
2 41181  47.0018 300.7930 0002003 242.7701 117.2975 14.45075703486373
1 41181U 15081C   25069.08002359  .00000610  00000-0  21777-3 0    17
2 41181  47.0017 299.5141 0002009 243.8556 116.2118 14.45076079486417
1 41181U 15081C   25069.84057282  .00000563  00000-0  20444-3 0  6604
2 41181  47.0017 295.9967 0002028 246.0047 114.0621 14.45076890486634
1 41181U 15081C   25069.84057282  .00000563  00000-0  20444-3 0    13
2 41181  47.0017 295.9967 0002028 246.0047 114.0621 14.45076890486522
1 41181U 15081C   25070.60112145  .00000580  00000-0  20916-3 0    12
2 41181  47.0016 292.4793 0002044 248.4548 111.6114 14.45078034486634
1 41181U 15081C   25070.87768434  .00000576  00000-0  20791-3 0  6617
2 41181  47.0015 291.2003 0002048 249.2348 110.8313 14.45078435486788
1 41181U 15081C   25071.29252867  .00000621  00000-0  22089-3 0    13
2 41181  47.0015 289.2818 0002061 250.5077 109.5580 14.45079267486738
1 41181U 15081C   25071.91479454  .00000618  00000-0  21981-3 0    11
2 41181  47.0014 286.4039 0002069 252.0419 108.0235 14.45080231486820
1 41181U 15081C   25072.05307578  .00000619  00000-0  22017-3 0  6629
2 41181  47.0013 285.7644 0002069 252.5297 107.5357 14.45080465486954
1 41181U 15081C   25072.05307578  .00000619  00000-0  22017-3 0    16
2 41181  47.0013 285.7644 0002069 252.5297 107.5357 14.45080465486842
1 41181U 15081C   25072.88276267  .00000661  00000-0  23218-3 0    18
2 41181  47.0013 281.9273 0002085 254.8749 105.1901 14.45082092486963
1 41181U 15081C   25073.02104371  .00000664  00000-0  23295-3 0    19
2 41181  47.0013 281.2878 0002083 255.1294 104.9355 14.45082361486985
1 41181U 15081C   25073.85072926  .00000777  00000-0  26500-3 0  6631
2 41181  47.0012 277.4506 0002099 257.6745 102.3900 14.45084512487219
1 41181U 15081C   25073.91986969  .00000778  00000-0  26529-3 0    17
2 41181  47.0012 277.1309 0002099 257.8830 102.1815 14.45084648487116
1 41181U 15081C   25074.54213328  .00000801  00000-0  27172-3 0    11
2 41181  47.0011 274.2530 0002112 259.7509 100.3134 14.45085925487202
1 41181U 15081C   25074.88783491  .00000811  00000-0  27452-3 0    13
2 41181  47.0011 272.6543 0002112 260.5489  99.5152 14.45086686487254
1 41181U 15081C   25074.88783491  .00000811  00000-0  27452-3 0  6648
2 41181  47.0011 272.6543 0002112 260.5489  99.5152 14.45086686487366
1 41181U 15081C   25075.57923804  .00000841  00000-0  28322-3 0    14
2 41181  47.0010 269.4566 0002121 262.5116  97.5523 14.45088147487356
1 41181U 15081C   25075.85579884  .00000866  00000-0  29012-3 0    14
2 41181  47.0010 268.1777 0002122 263.2449  96.8190 14.45088896487391
1 41181U 15081C   25076.47806032  .00000922  00000-0  30607-3 0  6652
2 41181  47.0009 265.2997 0002131 265.1729  94.8908 14.45090563487594
1 41181U 15081C   25076.54720047  .00000917  00000-0  30463-3 0    19
2 41181  47.0009 264.9799 0002131 265.3422  94.7215 14.45090687487498
1 41181U 15081C   25076.89290080  .00000984  00000-0  32356-3 0    13
2 41181  47.0009 263.3811 0002129 266.2536  93.8101 14.45091899487545
1 41181U 15081C   25077.51516123  .00001052  00000-0  34301-3 0  6668
2 41181  47.0009 260.5032 0002138 268.1591  91.9044 14.45093702487743
1 41181U 15081C   25077.58430117  .00001012  00000-0  33151-3 0    14
2 41181  47.0009 260.1834 0002138 268.3495  91.7140 14.45093676487648
1 41181U 15081C   25077.86086081  .00001096  00000-0  35525-3 0    11
2 41181  47.0008 258.9044 0002134 269.4547  90.6089 14.45094866487687
1 41181U 15081C   25078.55225947  .00001185  00000-0  38059-3 0    18
2 41181  47.0009 255.7065 0002137 271.5514  88.5121 14.45097181487784
1 41181U 15081C   25078.82881876  .00001209  00000-0  38748-3 0  6677
2 41181  47.0009 254.4274 0002130 272.7831  87.2806 14.45098028487934
1 41181U 15081C   25079.52021654  .00001157  00000-0  37259-3 0    15
2 41181  47.0009 251.2296 0002135 274.1266  85.9370 14.45099512487925
1 41181U 15081C   25079.79677514  .00001212  00000-0  38819-3 0    11
2 41181  47.0010 249.9506 0002128 274.9473  85.1164 14.45100609487962
1 41181U 15081C   25080.48817141  .00001164  00000-0  37449-3 0  6684
2 41181  47.0009 246.7527 0002130 276.9053  83.1585 14.45102247488176
1 41181U 15081C   25080.55731089  .00001171  00000-0  37664-3 0    16
2 41181  47.0010 246.4329 0002128 277.0025  83.0613 14.45102512488078
1 41181U 15081C   25080.83386870  .00001275  00000-0  40606-3 0    16
2 41181  47.0010 245.1538 0002124 277.7137  82.3502 14.45103952488116
1 41181U 15081C   25081.52526240  .00001381  00000-0  43615-3 0  6691
2 41181  47.0011 241.9560 0002112 280.6193  79.4450 14.45106877488329
1 41181U 15081C   25081.73268051  .00001371  00000-0  43307-3 0    14
2 41181  47.0011 240.9969 0002109 281.6264  78.4380 14.45107471488240
1 41181U 15081C   25082.56235176  .00001439  00000-0  45232-3 0    12
2 41181  47.0012 237.1597 0002098 284.3729  75.6919 14.45110506488362
1 41181U 15081C   25082.63149096  .00001433  00000-0  45063-3 0  6703
2 41181  47.0012 236.8399 0002101 284.5021  75.5626 14.45110700488483
1 41181U 15081C   25082.63149096  .00001433  00000-0  45063-3 0    11
2 41181  47.0012 236.8399 0002101 284.5021  75.5626 14.45110700488371
1 41181U 15081C   25083.39202151  .00001354  00000-0  42826-3 0    13
2 41181  47.0012 233.3225 0002120 286.0744  73.9903 14.45112709488484
1 41181U 15081C   25083.66857762  .00001359  00000-0  42964-3 0  6718
2 41181  47.0012 232.0434 0002115 286.7800  73.2848 14.45113675488637
1 41181U 15081C   25083.66857762  .00001359  00000-0  42964-3 0    15
2 41181  47.0012 232.0434 0002115 286.7800  73.2848 14.45113675488525
1 41181U 15081C   25084.56738426  .00001270  00000-0  40453-3 0    13
2 41181  47.0011 227.8865 0002116 289.0092  71.0559 14.45116103488652
1 41181U 15081C   25084.70566202  .00001267  00000-0  40374-3 0  6722
2 41181  47.0011 227.2472 0002127 289.4009  70.6641 14.45116547488787
1 41181U 15081C   25084.70566202  .00001267  00000-0  40374-3 0    18
2 41181  47.0011 227.2472 0002127 289.4009  70.6641 14.45116547488675
1 41181U 15081C   25085.39705021  .00001336  00000-0  42309-3 0    15
2 41181  47.0011 224.0493 0002130 291.1720  68.8932 14.45119151488774
1 41181U 15081C   25085.74274431  .00001182  00000-0  37958-3 0  6738
2 41181  47.0011 222.4507 0002122 292.3254  67.7401 14.45119369488936
1 41181U 15081C   25085.74274431  .00001182  00000-0  37958-3 0    13
2 41181  47.0011 222.4507 0002122 292.3254  67.7401 14.45119369488824
1 41181U 15081C   25086.71068581  .00001124  00000-0  36308-3 0    12
2 41181  47.0010 217.9739 0002091 295.9115  64.1549 14.45122023488969
1 41181U 15081C   25087.33293335  .00001038  00000-0  33880-3 0  6751
2 41181  47.0009 215.0959 0002086 297.8891  62.1777 14.45123278489163
1 41181U 15081C   25087.33293335  .00001038  00000-0  33880-3 0    14
2 41181  47.0009 215.0959 0002086 297.8891  62.1777 14.45123278489051
1 41181U 15081C   25087.67862604  .00000978  00000-0  32186-3 0    12
2 41181  47.0009 213.4972 0002073 298.9199  61.1473 14.45123948489109
1 41181U 15081C   25088.37001078  .00000945  00000-0  31242-3 0  6764
2 41181  47.0009 210.2994 0002056 301.2646  58.8033 14.45125655489319
1 41181U 15081C   25088.37001078  .00000945  00000-0  31242-3 0    16
2 41181  47.0009 210.2994 0002056 301.2646  58.8033 14.45125655489207
1 41181U 15081C   25088.71570308  .00000893  00000-0  29773-3 0    19
2 41181  47.0009 208.7006 0002042 302.3792  57.6891 14.45126244489251
1 41181U 15081C   25089.61450216  .00000828  00000-0  27912-3 0    15
2 41181  47.0009 204.5436 0002028 305.1439  54.9251 14.45128044489389
1 41181U 15081C   25089.61450216  .00000828  00000-0  27912-3 0  6774
2 41181  47.0009 204.5436 0002028 305.1439  54.9251 14.45128044489491
1 41181U 15081C   25090.65157669  .00000757  00000-0  25901-3 0  6784
2 41181  47.0009 199.7471 0001990 308.6088  51.4614 14.45129989489641
1 41181U 15081C   25090.58243846  .00000756  00000-0  25872-3 0    15
2 41181  47.0010 200.0668 0001998 308.2081  51.8619 14.45129819489522
1 41181U 15081C   25090.65157669  .00000757  00000-0  25901-3 0    14
2 41181  47.0009 199.7471 0001990 308.6088  51.4614 14.45129989489539
1 41181U 15081C   25091.55037343  .00000723  00000-0  24954-3 0    10
2 41181  47.0009 195.5900 0001965 311.3331  48.7380 14.45131690489669
1 41181U 15081C   25091.61951161  .00000721  00000-0  24884-3 0    10
2 41181  47.0009 195.2703 0001961 311.6080  48.4632 14.45131818489677
1 41181U 15081C   25091.96520240  .00000693  00000-0  24099-3 0  6795
2 41181  47.0010 193.6715 0001951 312.8452  47.2264 14.45132372489831
1 41181U 15081C   25092.38003114  .00000758  00000-0  25924-3 0    17
2 41181  47.0010 191.7528 0001934 314.0677  46.0044 14.45133512489780
1 41181U 15081C   25093.55537781  .00000747  00000-0  25627-3 0  6800
2 41181  47.0010 186.3168 0001891 317.9070  42.1665 14.45135783490062
1 41181U 15081C   25093.55537781  .00000747  00000-0  25627-3 0    17
2 41181  47.0010 186.3168 0001891 317.9070  42.1665 14.45135783489958
1 41181U 15081C   25094.52330917  .00000711  00000-0  24607-3 0    15
2 41181  47.0010 181.8401 0001855 321.0984  38.9762 14.45137432490099
1 41181U 15081C   25095.21468746  .00000803  00000-0  27217-3 0  6810
2 41181  47.0008 178.6424 0001839 323.3418  36.7336 14.45139370490304
1 41181U 15081C   25095.56037672  .00000723  00000-0  24956-3 0    12
2 41181  47.0008 177.0436 0001818 324.5199  35.5560 14.45139583490241
1 41181U 15081C   25096.45916754  .00000779  00000-0  26514-3 0  6826
2 41181  47.0007 172.8866 0001784 327.4937  32.5833 14.45141649490486
1 41181U 15081C   25096.94313157  .00000702  00000-0  24332-3 0    15
2 41181  47.0006 170.6483 0001768 329.1459  30.9317 14.45142157490446
1 41181U 15081C   25097.49623304  .00000645  00000-0  22725-3 0  6830
2 41181  47.0006 168.0900 0001732 330.9931  29.0853 14.45142849490630
1 41181U 15081C   25097.49623304  .00000645  00000-0  22725-3 0    14
2 41181  47.0006 168.0900 0001732 330.9931  29.0853 14.45142849490528
1 41181U 15081C   25098.53329699  .00000616  00000-0  21908-3 0    10
2 41181  47.0004 163.2934 0001691 334.8007  25.2790 14.45144633490678
1 41181U 15081C   25098.53329699  .00000616  00000-0  21908-3 0  6847
2 41181  47.0004 163.2934 0001691 334.8007  25.2790 14.45144633490780
1 41181U 15081C   25099.50122245  .00000622  00000-0  22076-3 0    10
2 41181  47.0002 158.8165 0001650 338.2334  21.8476 14.45146314490815
1 41181U 15081C   25099.84690953  .00000605  00000-0  21606-3 0  6850
2 41181  47.0002 157.2176 0001632 339.7214  20.3601 14.45146931490979
1 41181U 15081C   25099.84690953  .00000605  00000-0  21606-3 0    12
2 41181  47.0002 157.2176 0001632 339.7214  20.3601 14.45146931490867
1 41181U 15081C   25100.46914661  .00000690  00000-0  24001-3 0    14
2 41181  47.0002 154.3396 0001592 342.3452  17.7372 14.45148358490958
1 41181U 15081C   25101.16052041  .00000682  00000-0  23769-3 0  6867
2 41181  47.0001 151.1417 0001558 344.9389  15.1445 14.45149474491162
1 41181U 15081C   25101.85189372  .00000626  00000-0  22203-3 0    12
2 41181  47.0001 147.9440 0001538 347.4635  12.6207 14.45150326491156
1 41181U 15081C   25102.47412941  .00000612  00000-0  21795-3 0  6872
2 41181  47.0000 145.0660 0001504 350.0122  10.0728 14.45151187491350
1 41181U 15081C   25102.47412941  .00000612  00000-0  21795-3 0    12
2 41181  47.0000 145.0660 0001504 350.0122  10.0728 14.45151187491248
1 41181U 15081C   25102.81981539  .00000627  00000-0  22206-3 0    18
2 41181  47.0000 143.4671 0001492 351.3274   8.7581 14.45151898491295
1 41181U 15081C   25103.78773620  .00000589  00000-0  21148-3 0  6887
2 41181  46.9999 138.9902 0001441 355.2417   4.8449 14.45153203491542
1 41181U 15081C   25103.78773620  .00000589  00000-0  21148-3 0    16
2 41181  46.9999 138.9902 0001441 355.2417   4.8449 14.45153203491430
1 41181U 15081C   25104.40997065  .00000599  00000-0  21416-3 0    16
2 41181  46.9999 136.1121 0001403 358.0864   2.0011 14.45154162491528
1 41181U 15081C   25105.10134153  .00000585  00000-0  21032-3 0  6896
2 41181  46.9999 132.9142 0001369   0.9647 359.1236 14.45155187491734
1 41181U 15081C   25105.37788975  .00000636  00000-0  22472-3 0    16
2 41181  46.9999 131.6352 0001359   2.2040 357.8846 14.45155895491664
1 41181U 15081C   25106.34580778  .00000638  00000-0  22540-3 0  6907
2 41181  46.9998 127.1582 0001314   6.6483 353.4414 14.45157461491910
1 41181U 15081C   25106.48408195  .00000567  00000-0  20513-3 0    19
2 41181  46.9999 126.5188 0001314   7.2338 352.8561 14.45157232491824
1 41181U 15081C   25106.76062973  .00000558  00000-0  20269-3 0    18
2 41181  46.9999 125.2396 0001288   8.7361 351.3541 14.45157629491869
1 41181U 15081C   25107.24458803  .00000600  00000-0  21450-3 0    14
2 41181  46.9999 123.0010 0001259  11.1080 348.9828 14.45158630491933
1 41181U 15081C   25108.07423083  .00000519  00000-0  19155-3 0  6911
2 41181  46.9998 119.1634 0001207  15.2178 344.8739 14.45159355492163
1 41181U 15081C   25109.18042020  .00000494  00000-0  18440-3 0  6921
2 41181  46.9999 114.0468 0001150  21.1877 338.9051 14.45160767492320
1 41181U 15081C   25109.38783056  .00000494  00000-0  18458-3 0    17
2 41181  46.9999 113.0874 0001141  22.5135 337.5795 14.45161060492240
1 41181U 15081C   25110.35574474  .00000529  00000-0  19436-3 0  6931
2 41181  46.9999 108.6103 0001100  27.9845 332.1094 14.45162680492496
1 41181U 15081C   25110.35574474  .00000529  00000-0  19436-3 0    14
2 41181  46.9999 108.6103 0001100  27.9845 332.1094 14.45162680492384
1 41181U 15081C   25111.32365822  .00000578  00000-0  20820-3 0    10
2 41181  47.0000 104.1332 0001060  33.8038 326.2910 14.45164286492520
1 41181U 15081C   25111.94588732  .00000623  00000-0  22112-3 0    12
2 41181  47.0001 101.2550 0001034  37.4322 322.6630 14.45165543492614
1 41181U 15081C   25112.15329706  .00000624  00000-0  22138-3 0  6947
2 41181  47.0002 100.2957 0001016  39.0834 321.0119 14.45165859492751
1 41181U 15081C   25112.15329706  .00000624  00000-0  22138-3 0    19
2 41181  47.0002 100.2957 0001016  39.0834 321.0119 14.45165859492649
1 41181U 15081C   25112.91379897  .00000604  00000-0  21564-3 0    19
2 41181  47.0004  96.7781 0000991  43.8922 316.2037 14.45166903492755
1 41181U 15081C   25113.67430012  .00000617  00000-0  21936-3 0  6956
2 41181  47.0007  93.2606 0000952  49.9154 310.1809 14.45168191492972
1 41181U 15081C   25113.88170939  .00000613  00000-0  21810-3 0    16
2 41181  47.0007  92.3012 0000943  51.3760 308.7204 14.45168488492895
1 41181U 15081C   25114.91875450  .00000696  00000-0  24170-3 0    14
2 41181  47.0009  87.5043 0000926  58.4457 301.6514 14.45170787493048
1 41181U 15081C   25115.12616366  .00000675  00000-0  23577-3 0  6964
2 41181  47.0010  86.5450 0000939  60.0751 300.0222 14.45170985493185
1 41181U 15081C   25115.61011760  .00000688  00000-0  23932-3 0    14
2 41181  47.0011  84.3065 0000917  63.5153 296.5821 14.45171888493147
1 41181U 15081C   25115.95579867  .00000709  00000-0  24518-3 0    13
2 41181  47.0011  82.7074 0000909  66.4885 293.6091 14.45172635493197
1 41181U 15081C   25116.16320732  .00000730  00000-0  25131-3 0  6979
2 41181  47.0012  81.7482 0000904  68.1015 291.9962 14.45173126493339
1 41181U 15081C   25116.30147983  .00000720  00000-0  24846-3 0    10
2 41181  47.0012  81.1087 0000904  69.0917 291.0059 14.45173290493245
1 41181U 15081C   25117.06197735  .00000737  00000-0  25316-3 0    15
2 41181  47.0014  77.5910 0000885  75.3824 284.7154 14.45174837493351
1 41181U 15081C   25117.82247440  .00000789  00000-0  26788-3 0  6981
2 41181  47.0014  74.0735 0000880  80.9094 279.1886 14.45176489493573
1 41181U 15081C   25117.82247440  .00000789  00000-0  26788-3 0    19
2 41181  47.0014  74.0735 0000880  80.9094 279.1886 14.45176489493461
1 41181U 15081C   25118.85951424  .00000723  00000-0  24922-3 0  6996
2 41181  47.0016  69.2765 0000888  89.8793 270.2189 14.45178143493720
1 41181U 15081C   25118.85951424  .00000723  00000-0  24922-3 0    13
2 41181  47.0016  69.2765 0000888  89.8793 270.2189 14.45178143493618
1 41181U 15081C   25121.90149085  .00000610  00000-0  21726-3 0  7005
2 41181  47.0023  55.2062 0000938 114.5041 245.5938 14.45183061494162
1 41181U 15081C   25121.55581221  .00000627  00000-0  22212-3 0 88411
2 41181  47.0023  56.8051 0000927 111.6718 248.4260 14.45182564494004
1 41181U 15081C   25122.17803349  .00000669  00000-0  23398-3 0    10
2 41181  47.0024  53.9271 0000944 116.8790 243.2187 14.45183900494098
1 41181U 15081C   25122.86939000  .00000616  00000-0  21905-3 0    14
2 41181  47.0026  50.7293 0000965 121.9813 238.1161 14.45184839494193
1 41181U 15081C   25123.21506808  .00000654  00000-0  22959-3 0  7019
2 41181  47.0026  49.1305 0000981 124.1047 235.9926 14.45185631494354
1 41181U 15081C   25123.49161044  .00000626  00000-0  22175-3 0    10
2 41181  47.0027  47.8515 0000987 126.0256 234.0716 14.45185960494286
1 41181U 15081C   25123.83728841  .00000579  00000-0  20841-3 0    17
2 41181  47.0028  46.2525 0001001 128.6305 231.4665 14.45186233494336
1 41181U 15081C   25124.18296633  .00000569  00000-0  20553-3 0    14
2 41181  47.0028  44.6538 0001023 130.5911 229.5058 14.45186693494380
1 41181U 15081C   25124.80518609  .00000511  00000-0  18914-3 0  7026
2 41181  47.0028  41.7757 0001045 135.2035 224.8929 14.45187325494584
1 41181U 15081C   25124.80518609  .00000511  00000-0  18914-3 0    18
2 41181  47.0028  41.7757 0001045 135.2035 224.8929 14.45187325494472
1 41181U 15081C   25125.49654073  .00000491  00000-0  18364-3 0    16
2 41181  47.0030  38.5782 0001066 139.7083 220.3876 14.45188350494574
1 41181U 15081C   25126.11875982  .00000440  00000-0  16916-3 0  7034
2 41181  47.0029  35.7001 0001131 142.9072 217.1887 14.45188961494778
1 41181U 15081C   25126.74097867  .00000429  00000-0  16601-3 0    10
2 41181  47.0030  32.8222 0001154 146.7094 213.3859 14.45189712494754
1 41181U 15081C   25127.15579104  .00000410  00000-0  16061-3 0  7045
2 41181  47.0030  30.9037 0001180 148.8448 211.2502 14.45190155494926
1 41181U 15081C   25127.91628009  .00000344  00000-0  14186-3 0    10
2 41181  47.0030  27.3861 0001228 153.2000 206.8944 14.45190711494926
1 41181U 15081C   25128.40022745  .00000369  00000-0  14901-3 0  7053
2 41181  47.0030  25.1477 0001245 156.0512 204.0427 14.45191388495101
1 41181U 15081C   25129.09158048  .00000344  00000-0  14192-3 0    19
2 41181  47.0030  21.9499 0001291 159.5594 200.5338 14.45192012495093
1 41181U 15081C   25130.05947435  .00000286  00000-0  12557-3 0  7063
2 41181  47.0029  17.4731 0001351 164.2637 195.8285 14.45192673495346
1 41181U 15081C   25130.40515041  .00000328  00000-0  13740-3 0    16
2 41181  47.0028  15.8742 0001370 166.0075 194.0843 14.45193286495281
1 41181U 15081C   25131.09650271  .00000271  00000-0  12125-3 0  7073
2 41181  47.0029  12.6764 0001413 169.2793 190.8118 14.45193603495496
1 41181U 15081C   25131.37304350  .00000260  00000-0  11804-3 0    16
2 41181  47.0029  11.3973 0001421 170.8866 189.2041 14.45193806495427
1 41181U 15081C   25131.71871936  .00000269  00000-0  12085-3 0    14
2 41181  47.0029   9.7982 0001445 172.7202 187.3700 14.45194175495475
1 41181U 15081C   25132.34093567  .00000292  00000-0  12724-3 0  7080
2 41181  47.0029   6.9204 0001477 175.8013 184.2880 14.45194923495678
1 41181U 15081C   25132.34093567  .00000292  00000-0  12724-3 0    16
2 41181  47.0029   6.9204 0001477 175.8013 184.2880 14.45194923495566
1 41181U 15081C   25132.89401692  .00000256  00000-0  11712-3 0    14
2 41181  47.0030   4.3622 0001518 178.1886 181.9000 14.45195183495640
1 41181U 15081C   25133.58536818  .00000257  00000-0  11730-3 0    11
2 41181  47.0029   1.1643 0001557 181.2699 178.8177 14.45195758495745
1 41181U 15081C   25133.79277335  .00000260  00000-0  11828-3 0  7097
2 41181  47.0030   0.2050 0001570 182.3429 177.7444 14.45196008495886
1 41181U 15081C   25133.86190844  .00000262  00000-0  11860-3 0    17
2 41181  47.0030 359.8853 0001576 182.5419 177.5454 14.45196076495780
1 41181U 15081C   25134.34585385  .00000266  00000-0  11994-3 0    11
2 41181  47.0031 357.6469 0001605 184.3218 175.7649 14.45196598495853
1 41181U 15081C   25134.82979923  .00000244  00000-0  11355-3 0  7158
2 41181  47.0031 355.4084 0001641 186.3125 173.7735 14.45196915496039
1 41181U 15081C   25135.59028462  .00000245  00000-0  11398-3 0    12
2 41181  47.0031 351.8909 0001683 189.5638 170.5211 14.45197555496030
1 41181U 15081C   25136.00509466  .00000238  00000-0  11199-3 0  7161
2 41181  47.0030 349.9723 0001705 191.2057 168.8786 14.45197876496203
1 41181U 15081C   25136.00509466  .00000238  00000-0  11199-3 0    18
2 41181  47.0030 349.9723 0001705 191.2057 168.8786 14.45197876496090
1 41181U 15081C   25136.76557952  .00000241  00000-0  11278-3 0    16
2 41181  47.0030 346.4546 0001758 194.2718 165.8113 14.45198512496202
1 41181U 15081C   25137.52606383  .00000349  00000-0  14340-3 0    16
2 41181  47.0029 342.9370 0001782 197.3477 162.7343 14.45199779496318
1 41181U 15081C   25137.87173856  .00000342  00000-0  14149-3 0    18
2 41181  47.0029 341.3381 0001799 198.6170 161.4645 14.45200017496369
1 41181U 15081C   25138.56308764  .00000307  00000-0  13144-3 0  7183
2 41181  47.0028 338.1402 0001840 201.3462 158.7342 14.45200412496574
1 41181U 15081C   25138.56308764  .00000307  00000-0  13144-3 0    18
2 41181  47.0028 338.1402 0001840 201.3462 158.7342 14.45200412496462
1 41181U 15081C   25138.90876218  .00000299  00000-0  12905-3 0    14
2 41181  47.0028 336.5414 0001861 202.5223 157.5576 14.45200632496514
1 41181U 15081C   25139.53097612  .00000221  00000-0  10708-3 0    11
2 41181  47.0027 333.6633 0001897 204.8748 155.2041 14.45200695496601
1 41181U 15081C   25139.80751552  .00000218  00000-0  10633-3 0  7190
2 41181  47.0027 332.3841 0001920 205.8791 154.1994 14.45200904496758
1 41181U 15081C   25140.56799875  .00000221  00000-0  10712-3 0    11
2 41181  47.0026 328.8665 0001962 208.7343 151.3429 14.45201507496754
1 41181U 15081C   25140.70626842  .00000213  00000-0  10477-3 0    19
2 41181  47.0026 328.2269 0001977 209.0683 151.0087 14.45201574496778
1 41181U 15081C   25140.91367290  .00000234  00000-0  11091-3 0  7205
2 41181  47.0025 327.2675 0001983 209.8260 150.2507 14.45201827496918
1 41181U 15081C   25141.53588607  .00000178  00000-0  94856-4 0    11
2 41181  47.0025 324.3893 0002019 212.1539 147.9218 14.45202024496894
1 41181U 15081C   25142.50377290  .00000204  00000-0  10239-3 0  7214
2 41181  47.0024 319.9123 0002070 215.5879 144.4864 14.45202921497144
1 41181U 15081C   25142.57290765  .00000201  00000-0  10152-3 0    14
2 41181  47.0024 319.5925 0002075 215.7754 144.2987 14.45202966497041
1 41181U 15081C   25143.54079394  .00000173  00000-0  93570-4 0    19
2 41181  47.0024 315.1155 0002147 218.8692 141.2034 14.45203553497181
1 41181U 15081C   25143.74819818  .00000170  00000-0  92781-4 0  7224
2 41181  47.0024 314.1561 0002142 219.8110 140.2613 14.45203665497324
1 41181U 15081C   25143.74819818  .00000170  00000-0  92781-4 0    14
2 41181  47.0024 314.1561 0002142 219.8110 140.2613 14.45203665497212
1 41181U 15081C   25144.57781463  .00000181  00000-0  95879-4 0    13
2 41181  47.0023 310.3186 0002178 222.8541 137.2170 14.45204306497333
1 41181U 15081C   25144.78521860  .00000186  00000-0  97133-4 0  7230
2 41181  47.0023 309.3594 0002190 223.4219 136.6489 14.45204506497470
1 41181U 15081C   25145.54569988  .00000205  00000-0  10252-3 0    15
2 41181  47.0023 305.8417 0002219 226.1397 133.9300 14.45205179497473
1 41181U 15081C   25145.75310381  .00000213  00000-0  10478-3 0    18
2 41181  47.0022 304.8824 0002224 226.9967 133.0727 14.45205377497508
1 41181U 15081C   25147.75800742  .00000211  00000-0  10428-3 0  7240
2 41181  47.0020 295.6085 0002310 233.7550 126.3117 14.45206862497904
1 41181U 15081C   25147.75800742  .00000211  00000-0  10428-3 0    18
2 41181  47.0020 295.6085 0002310 233.7550 126.3117 14.45206862497791
1 41181U 15081C   25148.38021831  .00000240  00000-0  11258-3 0    16
2 41181  47.0019 292.7303 0002336 236.0101 124.0557 14.45207504497883
1 41181U 15081C   25148.72589112  .00000244  00000-0  11351-3 0    13
2 41181  47.0019 291.1314 0002336 237.0837 122.9819 14.45207753497935
1 41181U 15081C   25149.07156376  .00000230  00000-0  10956-3 0  7252
2 41181  47.0018 289.5324 0002358 238.2926 121.7725 14.45207941498092
1 41181U 15081C   25149.55550522  .00000281  00000-0  12413-3 0    19
2 41181  47.0019 287.2939 0002376 239.8065 120.2580 14.45208624498059
1 41181U 15081C   25149.69377423  .00000281  00000-0  12393-3 0    18
2 41181  47.0018 286.6543 0002377 240.2814 119.7830 14.45208720498071
1 41181U 15081C   25150.38511889  .00000274  00000-0  12195-3 0  7268
2 41181  47.0018 283.4563 0002402 242.5860 117.4776 14.45209286498288
1 41181U 15081C   25150.38511889  .00000274  00000-0  12195-3 0    14
2 41181  47.0018 283.4563 0002402 242.5860 117.4776 14.45209286498176
1 41181U 15081C   25150.66165687  .00000239  00000-0  11210-3 0    14
2 41181  47.0018 282.1772 0002408 243.4479 116.6155 14.45209290498218
1 41181U 15081C   25151.62953888  .00000229  00000-0  10933-3 0    19
2 41181  47.0018 277.7001 0002443 246.5828 113.4796 14.45210052498353
1 41181U 15081C   25151.62953888  .00000229  00000-0  10933-3 0  7274
2 41181  47.0018 277.7001 0002443 246.5828 113.4796 14.45210052498465
1 41181U 15081C   25152.59741820  .00000673  00000-0  23503-3 0    17
2 41181  47.0018 273.2230 0002469 249.8905 110.1710 14.45213928498498
1 41181U 15081C   25152.66655246  .00000674  00000-0  23511-3 0  7287
2 41181  47.0017 272.9033 0002471 250.1223 109.9391 14.45214021498615
1 41181U 15081C   25152.66655246  .00000674  00000-0  23511-3 0    11
2 41181  47.0017 272.9033 0002471 250.1223 109.9391 14.45214021498503
1 41181U 15081C   25154.46404545  .00000408  00000-0  15994-3 0  7293
2 41181  47.0016 264.5888 0002520 255.8583 104.2018 14.45214094498877
1 41181U 15081C   25154.60231392  .00000404  00000-0  15891-3 0    12
2 41181  47.0016 263.9492 0002522 256.3721 103.6879 14.45214227498789
1 41181U 15081C   25155.57019365  .00000273  00000-0  12182-3 0  7306
2 41181  47.0015 259.4722 0002545 259.4909 100.5684 14.45214368499036
1 41181U 15081C   25155.57019365  .00000273  00000-0  12182-3 0    17
2 41181  47.0015 259.4722 0002545 259.4909 100.5684 14.45214368498923
1 41181U 15081C   25156.53807238  .00000223  00000-0  10775-3 0    19
2 41181  47.0014 254.9953 0002555 262.6652  97.3938 14.45215040499069
1 41181U 15081C   25156.60720657  .00000223  00000-0  10755-3 0  7314
2 41181  47.0013 254.6756 0002552 262.8931  97.1659 14.45215102499185
1 41181U 15081C   25156.60720657  .00000223  00000-0  10755-3 0    14
2 41181  47.0013 254.6756 0002552 262.8931  97.1659 14.45215102499073
1 41181U 15081C   25157.50595065  .00000186  00000-0  97143-4 0    12
2 41181  47.0012 250.5183 0002563 265.7979  94.2608 14.45215718499207
1 41181U 15081C   25157.57508480  .00000183  00000-0  96400-4 0    16
2 41181  47.0011 250.1985 0002562 266.0359  94.0229 14.45215760499212
1 41181U 15081C   25158.19729199  .00000152  00000-0  87532-4 0  7331
2 41181  47.0010 247.3204 0002571 268.1410  91.9176 14.45216121499415
1 41181U 15081C   25158.54296263  .00000150  00000-0  86963-4 0    14
2 41181  47.0010 245.7215 0002570 269.1768  90.8818 14.45216387499353
1 41181U 15081C   25159.44170597  .00000140  00000-0  84148-4 0  7340
2 41181  47.0009 241.5642 0002568 272.0960  87.9626 14.45217019499596
1 41181U 15081C   25159.44170597  .00000140  00000-0  84148-4 0    17
2 41181  47.0009 241.5642 0002568 272.0960  87.9626 14.45217019499484
1 41181U 15081C   25159.57997430  .00000124  00000-0  79743-4 0    11
2 41181  47.0008 240.9247 0002564 272.6036  87.4551 14.45216977499500
1 41181U 15081C   25160.54785146  .00000112  00000-0  76365-4 0    13
2 41181  47.0007 236.4476 0002570 275.6588  84.3999 14.45217494499647
1 41181U 15081C   25161.51572839  .00000087  00000-0  69294-4 0    18
2 41181  47.0006 231.9704 0002574 278.7387  81.3201 14.45217879499780
1 41181U 15081C   25162.13793475  .00000095  00000-0  71340-4 0  7367
2 41181  47.0005 229.0922 0002579 280.8149  79.2441 14.45218264499987
1 41181U 15081C   25162.48360490  .00000090  00000-0  70034-4 0    11
2 41181  47.0005 227.4933 0002570 281.9181  78.1411 14.45218447499922
1 41181U 15081C   25162.89840902  .00000076  00000-0  66179-4 0    16
2 41181  47.0005 225.5746 0002569 283.3001  76.7593 14.45218625499987
1 41181U 15081C   25163.17494504  .00000109  00000-0  75356-4 0  7371
2 41181  47.0004 224.2953 0002568 284.1830  75.8765 14.45218946500137
1 41181U 15081C   25163.52061506  .00000104  00000-0  74074-4 0    17
2 41181  47.0004 222.6964 0002561 285.3333  74.7264 14.45219126500071
1 41181U 15081C   25164.48849032  .00000198  00000-0  10047-3 0  7380
2 41181  47.0003 218.2193 0002552 288.4628  71.5975 14.45220331500328
1 41181U 15081C   25164.55762427  .00000197  00000-0  10021-3 0    14
2 41181  47.0003 217.8995 0002552 288.7183  71.3420 14.45220374500221
1 41181U 15081C   25164.83416003  .00000196  00000-0  10006-3 0    13
2 41181  47.0002 216.6203 0002549 289.6809  70.3796 14.45220572500269
1 41181U 15081C   25165.45636590  .00000129  00000-0  81118-4 0    16
2 41181  47.0001 213.7422 0002528 291.6448  68.4163 14.45220482500354
1 41181U 15081C   25166.14770512  .00000116  00000-0  77408-4 0  7397
2 41181  47.0001 210.5441 0002517 293.8209  66.2408 14.45220853500560
1 41181U 15081C   25166.42424081  .00000105  00000-0  74399-4 0    11
2 41181  47.0000 209.2648 0002504 294.6205  65.4415 14.45220961500495
1 41181U 15081C   25166.83904422  .00000097  00000-0  71887-4 0    17
2 41181  46.9999 207.3461 0002508 296.1745  63.8877 14.45221185500552
1 41181U 15081C   25167.39211545  .00000079  00000-0  66950-4 0  7401
2 41181  46.9998 204.7876 0002493 297.9602  62.1026 14.45221387500749
1 41181U 15081C   25167.39211545  .00000079  00000-0  66950-4 0    11
2 41181  46.9998 204.7876 0002493 297.9602  62.1026 14.45221387500637
1 41181U 15081C   25167.80691874  .00000083  00000-0  68146-4 0    18
2 41181  46.9998 202.8689 0002488 299.4677  60.5955 14.45221670500695
1 41181U 15081C   25168.42912356  .00000094  00000-0  71160-4 0  7411
2 41181  46.9996 199.9907 0002472 301.5098  58.5540 14.45222063500893
1 41181U 15081C   25168.77479281  .00000091  00000-0  70182-4 0    13
2 41181  46.9996 198.3917 0002467 302.7701  57.2941 14.45222263500832
1 41181U 15081C   25169.25872983  .00000093  00000-0  70962-4 0    11
2 41181  46.9996 196.1530 0002446 304.2693  55.7956 14.45222513500908
1 41181U 15081C   25169.74266677  .00000080  00000-0  67336-4 0  7421
2 41181  46.9995 193.9144 0002442 306.1256  53.9398 14.45222696501087
1 41181U 15081C   25169.74266677  .00000080  00000-0  67336-4 0    19
2 41181  46.9995 193.9144 0002442 306.1256  53.9398 14.45222696500974
1 41181U 15081C   25170.36487129  .00000087  00000-0  69297-4 0    11
2 41181  46.9995 191.0361 0002405 308.1597  51.9066 14.45223030501067
1 41181U 15081C   25171.12534327  .00000062  00000-0  62229-4 0  7433
2 41181  46.9995 187.5182 0002381 310.7465  49.3208 14.45223273501286
1 41181U 15081C   25171.40187854  .00000063  00000-0  62438-4 0    13
2 41181  46.9995 186.2390 0002372 311.8314  48.2364 14.45223391501213
1 41181U 15081C   25171.74754759  .00000052  00000-0  59374-4 0    17
2 41181  46.9995 184.6400 0002376 313.2036  46.8645 14.45223483501261
1 41181U 15081C   25172.30061794  .00000057  00000-0  60651-4 0  7449
2 41181  46.9995 182.0814 0002352 315.0336  45.0354 14.45223725501457
1 41181U 15081C   25172.30061794  .00000057  00000-0  60651-4 0    15
2 41181  46.9995 182.0814 0002352 315.0336  45.0354 14.45223725501345
1 41181U 15081C   25173.19935712  .00000055  00000-0  60219-4 0    11
2 41181  46.9996 177.9240 0002319 318.2420  41.8283 14.45224106501477
1 41181U 15081C   25173.68329342  .00000050  00000-0  58822-4 0  7458
2 41181  46.9996 175.6855 0002298 320.1901  39.8811 14.45224339501658
1 41181U 15081C   25173.68329342  .00000050  00000-0  58822-4 0    13
2 41181  46.9996 175.6855 0002298 320.1901  39.8811 14.45224339501546
1 41181U 15081C   25174.37463101  .00000055  00000-0  60209-4 0    19
2 41181  46.9997 172.4874 0002262 322.7677  37.3046 14.45224663501646
1 41181U 15081C   25174.72029966  .00000040  00000-0  55777-4 0  7469
2 41181  46.9997 170.8884 0002248 323.9218  36.1511 14.45224773501801
1 41181U 15081C   25174.92770087  .00000043  00000-0  56759-4 0    16
2 41181  46.9997 169.9289 0002239 324.6353  35.4378 14.45224871501720
1 41181U 15081C   25175.34250335  .00000048  00000-0  58056-4 0    19
2 41181  46.9998 168.0101 0002218 326.4276  33.6464 14.45225070501789
1 41181U 15081C   25175.96470678  .00000043  00000-0  56762-4 0    18
2 41181  46.9998 165.1318 0002196 328.7963  31.2787 14.45225345501877
1 41181U 15081C   25176.24124156  .00000037  00000-0  55034-4 0  7478
2 41181  46.9999 163.8526 0002171 329.4050  30.6703 14.45225449502026
1 41181U 15081C   25176.24124156  .00000037  00000-0  55034-4 0    11
2 41181  46.9999 163.8526 0002171 329.4050  30.6703 14.45225449501913
1 41181U 15081C   25176.65604373  .00000041  00000-0  56248-4 0    13
2 41181  47.0000 161.9339 0002167 331.5296  28.5466 14.45225705501973
1 41181U 15081C   25177.00171214  .00000052  00000-0  59197-4 0    14
2 41181  46.9999 160.3349 0002148 332.5147  27.5620 14.45225919502022
1 41181U 15081C   25177.96958370  .00000049  00000-0  58585-4 0  7535
2 41181  46.9999 155.8577 0002099 336.7331  23.3454 14.45226349502274
1 41181U 15081C   25178.24611836  .00000056  00000-0  60531-4 0    18
2 41181  46.9999 154.5785 0002082 337.9690  22.1101 14.45226520502204
1 41181U 15081C   25178.93745492  .00000045  00000-0  57436-4 0    18
2 41181  46.9999 151.3804 0002049 340.7687  19.3115 14.45226777502300
1 41181U 15081C   25179.21398951  .00000040  00000-0  55959-4 0  7542
2 41181  47.0000 150.1012 0002029 341.8889  18.1919 14.45226868502453
1 41181U 15081C   25179.28312317  .00000041  00000-0  56274-4 0    18
2 41181  46.9999 149.7814 0002026 342.2648  17.8161 14.45226904502352
1 41181U 15081C   25179.62879134  .00000032  00000-0  53766-4 0    14
2 41181  47.0000 148.1824 0002011 343.5213  16.5602 14.45227023502402
1 41181U 15081C   25180.25099398  .00000047  00000-0  57906-4 0  7553
2 41181  47.0001 145.3042 0001972 345.9320  14.1505 14.45227354502609
1 41181U 15081C   25180.59666203  .00000044  00000-0  57060-4 0    17
2 41181  47.0002 143.7052 0001958 347.5853  12.4979 14.45227514502543
1 41181U 15081C   25180.94233008  .00000057  00000-0  60755-4 0    18
2 41181  47.0002 142.1061 0001935 349.0956  10.9882 14.45227718502599
1 41181U 15081C   25181.91020039  .00000088  00000-0  69456-4 0    15
2 41181  47.0004 137.6289 0001882 353.5016   6.5840 14.45228328502739
1 41181U 15081C   25181.97933395  .00000087  00000-0  69124-4 0  7567
2 41181  47.0005 137.3091 0001876 353.7933   6.2924 14.45228369502859
1 41181U 15081C   25182.60153605  .00000116  00000-0  77291-4 0    16
2 41181  47.0006 134.4310 0001845 356.6749   3.4119 14.45228852502835
1 41181U 15081C   25183.15460441  .00000115  00000-0  76995-4 0  7573
2 41181  47.0005 131.8725 0001808 359.2616   0.8262 14.45229131503029
1 41181U 15081C   25183.56940554  .00000126  00000-0  80336-4 0    14
2 41181  47.0006 129.9539 0001789   0.9568 359.1316 14.45229458502970
1 41181U 15081C   25183.84593959  .00000138  00000-0  83524-4 0    13
2 41181  47.0007 128.6746 0001772   2.1978 357.8910 14.45229668503012
1 41181U 15081C   25184.19160721  .00000132  00000-0  81806-4 0  7583
2 41181  47.0007 127.0757 0001751   3.8502 356.2391 14.45229822503170
1 41181U 15081C   25184.53727465  .00000136  00000-0  83062-4 0    16
2 41181  47.0008 125.4768 0001736   5.4775 354.6124 14.45230078503113
1 41181U 15081C   25184.81380863  .00000136  00000-0  82946-4 0    14
2 41181  47.0008 124.1975 0001718   6.7817 353.3086 14.45230212503157
1 41181U 15081C   25185.09034258  .00000131  00000-0  81638-4 0    11
2 41181  47.0009 122.9183 0001700   8.1929 351.8979 14.45230355503192
1 41181U 15081C   25185.85081071  .00000137  00000-0  83438-4 0  7596
2 41181  47.0010 119.4006 0001657  11.8858 348.2061 14.45230856503415
1 41181U 15081C   25185.85081071  .00000137  00000-0  83438-4 0    16
2 41181  47.0010 119.4006 0001657  11.8858 348.2061 14.45230856503303
1 41181U 15081C   25186.12734442  .00000164  00000-0  90817-4 0    13
2 41181  47.0010 118.1216 0001641  13.6100 346.4824 14.45231212503343
1 41181U 15081C   25186.74954526  .00000145  00000-0  85599-4 0    18
2 41181  47.0011 115.2434 0001609  16.7547 343.3387 14.45231541503432
1 41181U 15081C   25187.16434578  .00000139  00000-0  83935-4 0  7602
2 41181  47.0012 113.3247 0001589  19.0421 341.0518 14.45231791503605
1 41181U 15081C   25187.16434578  .00000139  00000-0  83935-4 0    10
2 41181  47.0012 113.3247 0001589  19.0421 341.0518 14.45231791503492
1 41181U 15081C   25187.92481304  .00000117  00000-0  77806-4 0    19
2 41181  47.0013 109.8069 0001544  23.0818 337.0131 14.45232212503609
1 41181U 15081C   25188.13221311  .00000156  00000-0  88602-4 0    12
2 41181  47.0013 108.8476 0001536  24.3310 335.7642 14.45232569503632
1 41181U 15081C   25188.82354690  .00000117  00000-0  77531-4 0  7614
2 41181  47.0013 105.6496 0001505  28.1436 331.9525 14.45232762503842
1 41181U 15081C   25188.89268026  .00000115  00000-0  77105-4 0    10
2 41181  47.0014 105.3299 0001499  28.5963 331.4999 14.45232806503740
1 41181U 15081C   25189.10008030  .00000124  00000-0  79729-4 0    16
2 41181  47.0014 104.3705 0001488  29.7545 330.3419 14.45232980503779
1 41181U 15081C   25189.86054708  .00000102  00000-0  73371-4 0    15
2 41181  47.0015 100.8528 0001449  34.5528 325.5446 14.45233325503888
1 41181U 15081C   25190.13708042  .00000098  00000-0  72346-4 0  7623
2 41181  47.0015  99.5736 0001439  36.3557 323.7421 14.45233461504036
1 41181U 15081C   25190.48274701  .00000080  00000-0  67169-4 0    15
2 41181  47.0015  97.9746 0001426  38.0950 322.0031 14.45233579503972
1 41181U 15081C   25190.82841357  .00000077  00000-0  66475-4 0    15
2 41181  47.0015  96.3756 0001407  40.5781 319.5203 14.45233761504027
1 41181U 15081C   25191.10494683  .00000072  00000-0  64989-4 0    16
2 41181  47.0015  95.0964 0001398  42.5110 317.5878 14.45233877504069
1 41181U 15081C   25191.72714650  .00000064  00000-0  62647-4 0  7638
2 41181  47.0016  92.2181 0001370  46.4649 313.6345 14.45234152504265
1 41181U 15081C   25191.72714650  .00000064  00000-0  62647-4 0    13
2 41181  47.0016  92.2181 0001370  46.4649 313.6345 14.45234152504153
1 41181U 15081C   25192.41847932  .00000062  00000-0  62251-4 0    19
2 41181  47.0016  89.0204 0001351  50.5503 309.5497 14.45234500504257
1 41181U 15081C   25192.83327888  .00000071  00000-0  64602-4 0  7646
2 41181  47.0017  87.1015 0001335  53.8876 306.2127 14.45234754504422
1 41181U 15081C   25192.97154540  .00000072  00000-0  64973-4 0    10
2 41181  47.0017  86.4619 0001328  54.8039 305.2965 14.45234817504337
1 41181U 15081C   25193.38634486  .00000091  00000-0  70382-4 0    10
2 41181  47.0018  84.5432 0001319  57.3738 302.7270 14.45235148504399
1 41181U 15081C   25193.87027752  .00000094  00000-0  71212-4 0    12
2 41181  47.0018  82.3045 0001304  61.3331 298.7680 14.45235400504461
1 41181U 15081C   25194.07767723  .00000094  00000-0  71172-4 0  7656
2 41181  47.0018  81.3452 0001305  62.7733 297.3280 14.45235496504606
1 41181U 15081C   25194.07767723  .00000094  00000-0  71172-4 0    19
2 41181  47.0018  81.3452 0001305  62.7733 297.3280 14.45235496504493
1 41181U 15081C   25194.97640903  .00000081  00000-0  67593-4 0    16
2 41181  47.0019  77.1878 0001285  69.0331 291.0686 14.45235885504628
1 41181U 15081C   25195.04554225  .00000081  00000-0  67402-4 0    15
2 41181  47.0019  76.8681 0001286  69.4835 290.6183 14.45235916504633
1 41181U 15081C   25195.66774098  .00000081  00000-0  67412-4 0  7664
2 41181  47.0019  73.9899 0001273  73.8844 286.2176 14.45236231504833
1 41181U 15081C   25195.66774098  .00000081  00000-0  67412-4 0    16
2 41181  47.0019  73.9899 0001273  73.8844 286.2176 14.45236231504721
1 41181U 15081C   25196.35907272  .00000090  00000-0  70059-4 0    16
2 41181  47.0020  70.7921 0001267  78.4698 281.6325 14.45236657504823
1 41181U 15081C   25196.91213809  .00000075  00000-0  65656-4 0  7673
2 41181  47.0021  68.2336 0001264  82.7676 277.3348 14.45236816505013
1 41181U 15081C   25196.91213809  .00000075  00000-0  65656-4 0    14
2 41181  47.0021  68.2336 0001264  82.7676 277.3348 14.45236816504900
1 41181U 15081C   25197.32693698  .00000077  00000-0  66337-4 0    17
2 41181  47.0021  66.3150 0001268  85.7534 274.3491 14.45237053504969
1 41181U 15081C   25197.88000201  .00000082  00000-0  67885-4 0    15
2 41181  47.0021  63.7565 0001271  90.2318 269.8708 14.45237372505049
1 41181U 15081C   25197.94913514  .00000084  00000-0  68198-4 0  7682
2 41181  47.0021  63.4368 0001275  90.7466 269.3560 14.45237414505161
1 41181U 15081C   25198.57133307  .00000087  00000-0  69043-4 0    19
2 41181  47.0021  60.5585 0001276  95.2331 264.8695 14.45237791505147
1 41181U 15081C   25198.77873234  .00000083  00000-0  67947-4 0    18
2 41181  47.0022  59.5992 0001280  96.8692 263.2334 14.45237909505177
1 41181U 15081C   25199.05526472  .00000089  00000-0  69796-4 0  7690
2 41181  47.0021  58.3200 0001283  98.5272 261.5754 14.45238090505327
1 41181U 15081C   25199.60832939  .00000092  00000-0  70519-4 0    17
2 41181  47.0021  55.7615 0001275 101.9821 258.1203 14.45238388505295
1 41181U 15081C   25199.88486163  .00000101  00000-0  73192-4 0    12
2 41181  47.0021  54.4823 0001280 103.7528 256.3495 14.45238609505336
1 41181U 15081C   25200.57619222  .00000100  00000-0  72926-4 0  7701
2 41181  47.0022  51.2842 0001288 108.3977 251.7043 14.45238953505543
1 41181U 15081C   25200.85272434  .00000108  00000-0  75138-4 0    15
2 41181  47.0022  50.0050 0001299 110.5618 249.5402 14.45239160505477
1 41181U 15081C   25201.54405466  .00000104  00000-0  73930-4 0    19
2 41181  47.0022  46.8070 0001309 115.1910 244.9106 14.45239484505570
1 41181U 15081C   25201.82058674  .00000099  00000-0  72667-4 0  7718
2 41181  47.0023  45.5278 0001322 117.2028 242.8987 14.45239610505727
1 41181U 15081C   25201.82058674  .00000099  00000-0  72667-4 0    14
2 41181  47.0023  45.5278 0001322 117.2028 242.8987 14.45239610505615
1 41181U 15081C   25202.51191674  .00000122  00000-0  79007-4 0    11
2 41181  47.0023  42.3297 0001335 121.6222 238.4789 14.45240104505712
1 41181U 15081C   25202.85758163  .00000117  00000-0  77645-4 0  7725
2 41181  47.0023  40.7307 0001354 124.0274 236.0734 14.45240293505871
1 41181U 15081C   25202.85758163  .00000117  00000-0  77645-4 0    10
2 41181  47.0023  40.7307 0001354 124.0274 236.0734 14.45240293505769
1 41181U 15081C   25203.61804413  .00000154  00000-0  88147-4 0    15
2 41181  47.0024  37.2128 0001376 128.8232 231.2771 14.45240968505871
1 41181U 15081C   25203.96370880  .00000160  00000-0  89884-4 0  7731
2 41181  47.0024  35.6139 0001389 130.7614 229.3387 14.45241230506038
1 41181U 15081C   25204.51677211  .00000191  00000-0  98537-4 0    14
2 41181  47.0025  33.0554 0001404 134.3643 225.7352 14.45241753506001
1 41181U 15081C   25205.55376552  .00000184  00000-0  96515-4 0    19
2 41181  47.0025  28.2585 0001452 140.8615 219.2370 14.45242399506156
1 41181U 15081C   25205.76116398  .00000192  00000-0  98859-4 0  7741
2 41181  47.0026  27.2991 0001471 142.2876 217.8107 14.45242635506293
1 41181U 15081C   25205.89942965  .00000200  00000-0  10120-3 0    19
2 41181  47.0026  26.6596 0001476 142.9447 217.1536 14.45242798506203
1 41181U 15081C   25206.52162525  .00000194  00000-0  99532-4 0    13
2 41181  47.0026  23.7813 0001510 146.9624 213.1351 14.45243210506293
1 41181U 15081C   25207.48948456  .00000200  00000-0  10110-3 0  7754
2 41181  47.0026  19.3042 0001555 152.4031 207.6932 14.45244004506544
1 41181U 15081C   25207.83514840  .00000222  00000-0  10727-3 0    19
2 41181  47.0027  17.7053 0001576 154.2849 205.8110 14.45244425506487
1 41181U 15081C   25208.18081228  .00000197  00000-0  10037-3 0    12
2 41181  47.0027  16.1064 0001596 156.4871 203.6083 14.45244564506538
1 41181U 15081C   25208.73387423  .00000216  00000-0  10569-3 0  7760
2 41181  47.0027  13.5479 0001626 159.5028 200.5917 14.45245108506729
1 41181U 15081C   25208.87213970  .00000221  00000-0  10707-3 0    11
2 41181  47.0028  12.9084 0001631 160.1543 199.9401 14.45245250506638
1 41181U 15081C   25209.56346692  .00000210  00000-0  10379-3 0    19
2 41181  47.0028   9.7103 0001671 164.0121 196.0812 14.45245724506734
1 41181U 15081C   25209.77086504  .00000209  00000-0  10370-3 0  7774
2 41181  47.0028   8.7510 0001683 164.9583 195.1348 14.45245882506873
1 41181U 15081C   25210.53132441  .00000230  00000-0  10945-3 0    14
2 41181  47.0028   5.2332 0001725 168.8900 191.2019 14.45246652506878
1 41181U 15081C   25210.66958973  .00000229  00000-0  10920-3 0    15
2 41181  47.0029   4.5936 0001734 169.5374 190.5542 14.45246764506893
1 41181U 15081C   25211.49918131  .00000242  00000-0  11287-3 0  7782
2 41181  47.0029   0.7560 0001783 173.7030 186.3873 14.45247557507122
1 41181U 15081C   25211.56831393  .00000241  00000-0  11257-3 0    19
2 41181  47.0030   0.4362 0001788 174.0208 186.0694 14.45247614507028
1 41181U 15081C   25211.70657920  .00000239  00000-0  11210-3 0    13
2 41181  47.0029 359.7967 0001793 174.7139 185.3761 14.45247704507042
1 41181U 15081C   25212.53617026  .00000263  00000-0  11883-3 0    11
2 41181  47.0031 355.9592 0001839 178.5947 181.4939 14.45248553507167
1 41181U 15081C   25212.67443538  .00000264  00000-0  11918-3 0  7793
2 41181  47.0031 355.3197 0001858 179.4824 180.6059 14.45248674507299
1 41181U 15081C   25212.67443538  .00000264  00000-0  11918-3 0    11
2 41181  47.0031 355.3197 0001858 179.4824 180.6059 14.45248674507187
1 41181U 15081C   25213.57315842  .00000276  00000-0  12256-3 0    16
2 41181  47.0032 351.1623 0001911 183.6430 176.4436 14.45249534507319
1 41181U 15081C   25213.71142347  .00000278  00000-0  12300-3 0  7806
2 41181  47.0032 350.5228 0001919 184.2148 175.8716 14.45249661507443
1 41181U 15081C   25213.71142347  .00000278  00000-0  12300-3 0    12
2 41181  47.0032 350.5228 0001919 184.2148 175.8716 14.45249661507331
1 41181U 15081C   25214.54101350  .00000243  00000-0  11312-3 0    17
2 41181  47.0032 346.6852 0001972 187.8991 172.1858 14.45250218507454
1 41181U 15081C   25215.50886809  .00000215  00000-0  10541-3 0  7810
2 41181  47.0032 342.2081 0002032 192.0430 168.0402 14.45250918507708
1 41181U 15081C   25215.57800056  .00000212  00000-0  10453-3 0    11
2 41181  47.0032 341.8883 0002037 192.3408 167.7423 14.45250950507600
1 41181U 15081C   25215.64713301  .00000212  00000-0  10458-3 0    10
2 41181  47.0032 341.5686 0002040 192.5863 167.4967 14.45251009507616
1 41181U 15081C   25216.61498697  .00000221  00000-0  10694-3 0    18
2 41181  47.0031 337.0915 0002090 196.4782 163.6030 14.45251884507753
1 41181U 15081C   25216.75325181  .00000218  00000-0  10627-3 0  7828
2 41181  47.0031 336.4521 0002095 196.9812 163.0998 14.45251985507886
1 41181U 15081C   25216.75325181  .00000218  00000-0  10627-3 0    12
2 41181  47.0031 336.4521 0002095 196.9812 163.0998 14.45251985507774
1 41181U 15081C   25217.51370820  .00000192  00000-0  98823-4 0    13
2 41181  47.0031 332.9343 0002139 200.1030 159.9767 14.45252429507880
1 41181U 15081C   25217.65197300  .00000189  00000-0  98092-4 0    12
2 41181  47.0030 332.2948 0002143 200.6252 159.4542 14.45252508507906
1 41181U 15081C   25218.61982601  .00000150  00000-0  87048-4 0 93216
2 41181  47.0029 327.8177 0002197 204.5273 155.5503 14.45253045508040
1 41181U 15081C   25219.58767871  .00000151  00000-0  87093-4 0 93236
2 41181  47.0027 323.3406 0002247 208.3303 151.7455 14.45253726508181
1 41181U 15081C   25218.61982601  .00000150  00000-0  87048-4 0    12
2 41181  47.0029 327.8177 0002197 204.5273 155.5503 14.45253045508040
1 41181U 15081C   25218.61982601  .00000150  00000-0  87048-4 0  7862
2 41181  47.0029 327.8177 0002197 204.5273 155.5503 14.45253045508152
1 41181U 15081C   25220.55553113  .00000142  00000-0  84570-4 0  7879
2 41181  47.0027 318.8635 0002300 212.0912 147.9829 14.45254273508430
1 41181U 15081C   25220.62466344  .00000142  00000-0  84623-4 0    14
2 41181  47.0026 318.5437 0002302 212.3197 147.7542 14.45254313508330
1 41181U 15081C   25221.52338277  .00000216  00000-0  10549-3 0    14
2 41181  47.0025 314.3863 0002353 215.9027 144.1695 14.45255342508460
1 41181U 15081C   25221.59251504  .00000215  00000-0  10538-3 0  7887
2 41181  47.0025 314.0666 0002355 216.1406 143.9315 14.45255383508588
1 41181U 15081C   25222.56036631  .00000209  00000-0  10362-3 0    13
2 41181  47.0024 309.5894 0002404 219.8774 140.1930 14.45256015508611
1 41181U 15081C   25223.18255613  .00000208  00000-0  10332-3 0  7894
2 41181  47.0023 306.7112 0002432 222.3159 137.7534 14.45256459508815
1 41181U 15081C   25223.25168835  .00000202  00000-0  10169-3 0    10
2 41181  47.0023 306.3914 0002436 222.4881 137.5811 14.45256478508714
1 41181U 15081C   25223.52821711  .00000206  00000-0  10276-3 0    12
2 41181  47.0023 305.1122 0002446 223.4667 136.6021 14.45256697508756
1 41181U 15081C   25224.21953879  .00000192  00000-0  98730-4 0  7901
2 41181  47.0022 301.9142 0002478 226.0523 134.0153 14.45257128508967
1 41181U 15081C   25224.49606745  .00000185  00000-0  96831-4 0    15
2 41181  47.0021 300.6350 0002484 227.0551 133.0121 14.45257289508896
1 41181U 15081C   25225.46391729  .00000172  00000-0  93199-4 0    16
2 41181  47.0019 296.1578 0002533 230.8185 129.2471 14.45257914509031
1 41181U 15081C   25225.87871001  .00000159  00000-0  89608-4 0    12
2 41181  47.0018 294.2391 0002541 232.2032 127.8618 14.45258150509094
1 41181U 15081C   25226.50089895  .00000168  00000-0  91946-4 0    13
2 41181  47.0017 291.3609 0002562 234.3826 125.6816 14.45258608509184
1 41181U 15081C   25227.53788002  .00000140  00000-0  84213-4 0    12
2 41181  47.0015 286.5639 0002596 238.0752 121.9876 14.45259207509335
1 41181U 15081C   25225.46391729  .00000172  00000-0  93199-4 0  7912
2 41181  47.0019 296.1578 0002533 230.8185 129.2471 14.45257914509143
1 41181U 15081C   25227.53788002  .00000140  00000-0  84213-4 0  7930
2 41181  47.0015 286.5639 0002596 238.0752 121.9876 14.45259207509447
1 41181U 15081C   25226.50089895  .00000168  00000-0  91946-4 0  7920
2 41181  47.0017 291.3609 0002562 234.3826 125.6816 14.45258608509296
1 41181U 15081C   25227.88354027  .00000128  00000-0  80746-4 0    19
2 41181  47.0014 284.9648 0002609 239.3623 120.7001 14.45259386509382
1 41181U 15081C   25228.50572876  .00000130  00000-0  81386-4 0    17
2 41181  47.0012 282.0866 0002622 241.5296 118.5321 14.45259751509473
1 41181U 15081C   25229.12791701  .00000128  00000-0  80664-4 0  7940
2 41181  47.0011 279.2082 0002645 243.7801 116.2808 14.45260088509673
1 41181U 15081C   25229.40444519  .00000133  00000-0  82239-4 0    10
2 41181  47.0011 277.9290 0002649 244.6217 115.4389 14.45260251509604
1 41181U 15081C   25229.81923725  .00000124  00000-0  79511-4 0    15
2 41181  47.0010 276.0101 0002662 246.2919 113.7682 14.45260439509667
1 41181U 15081C   25230.16489732  .00000133  00000-0  82194-4 0  7951
2 41181  47.0009 274.4110 0002674 247.4831 112.5766 14.45260640509828
1 41181U 15081C   25230.44142532  .00000134  00000-0  82408-4 0    15
2 41181  47.0008 273.1317 0002675 248.3525 111.7070 14.45260794509754
1 41181U 15081C   25231.27100908  .00000117  00000-0  77567-4 0  7960
2 41181  47.0007 269.2939 0002697 251.2520 108.8068 14.45261171509980
1 41181U 15081C   25231.27100908  .00000117  00000-0  77567-4 0    19
2 41181  47.0007 269.2939 0002697 251.2520 108.8068 14.45261171509878
1 41181U 15081C   25232.44625230  .00000113  00000-0  76540-4 0  7977
2 41181  47.0005 263.8571 0002713 255.3192 104.7388 14.45261805510154
1 41181U 15081C   25232.44625230  .00000113  00000-0  76540-4 0    15
2 41181  47.0005 263.8571 0002713 255.3192 104.7388 14.45261805510042
1 41181U 15081C   25232.79191202  .00000105  00000-0  74087-4 0    15
2 41181  47.0005 262.2580 0002720 256.5753 103.4824 14.45261939510093
1 41181U 15081C   25234.38194613  .00000102  00000-0  73412-4 0 93965
2 41181  47.0003 254.9021 0002738 262.0142  98.0428 14.45262744510322
1 41181U 15081C   25235.21152873  .00000101  00000-0  73055-4 0 94008
2 41181  47.0002 251.0642 0002748 265.0558  95.0009 14.45263216510443
1 41181U 15081C   25235.76458364  .00000090  00000-0  69898-4 0 94043
2 41181  47.0002 248.5058 0002743 266.8072  93.2494 14.45263501510524
1 41181U 15081C   25236.38677045  .00000114  00000-0  76641-4 0 94109
2 41181  47.0001 245.6275 0002742 268.9556  91.1011 14.45263937510616
1 41181U 15081C   25236.73242963  .00000105  00000-0  74200-4 0 94115
2 41181  47.0001 244.0284 0002743 270.1208  89.9358 14.45264102510668
1 41181U 15081C   25237.28548427  .00000133  00000-0  82009-4 0 94162
2 41181  47.0001 241.4698 0002745 271.8665  88.1901 14.45264543510748
1 41181U 15081C   25237.70027513  .00000129  00000-0  81038-4 0 94174
2 41181  47.0001 239.5510 0002741 273.5106  86.5461 14.45264779510805
1 41181U 15081C   25238.25332955  .00000160  00000-0  89739-4 0 94210
2 41181  47.0000 236.9923 0002740 275.1535  84.9033 14.45265238510882
1 41181U 15081C   25238.66812014  .00000175  00000-0  93877-4 0 94229
2 41181  47.0000 235.0735 0002739 276.5977  83.4592 14.45265610510941
1 41181U 15081C   25239.29030608  .00000229  00000-0  10934-3 0 94266
2 41181  47.0000 232.1950 0002731 278.6493  81.4077 14.45266261511036
1 41181U 15081C   25239.70509648  .00000236  00000-0  11117-3 0 94270
2 41181  47.0000 230.2762 0002729 280.1226  79.9346 14.45266604511093
1 41181U 15081C   25240.32728194  .00000296  00000-0  12818-3 0 94331
2 41181  47.0000 227.3978 0002720 282.1360  77.9215 14.45267363511187
1 41181U 15081C   25241.22599381  .00000335  00000-0  13918-3 0 94375
2 41181  47.0000 223.2401 0002707 285.2909  74.7672 14.45268269511314
1 41181U 15081C   25241.91731019  .00000383  00000-0  15262-3 0 94419
2 41181  47.0001 220.0419 0002696 287.8489  72.2097 14.45269120511419
1 41181U 15081C   25242.19383655  .00000456  00000-0  17332-3 0 94443
2 41181  47.0001 218.7626 0002688 288.7033  71.3555 14.45269803511450
1 41181U 15081C   25242.95428369  .00000505  00000-0  18716-3 0 94463
2 41181  47.0002 215.2445 0002674 291.3114  68.7481 14.45270912511560
1 41181U 15081C   25243.23080981  .00000519  00000-0  19102-3 0 94486
2 41181  47.0002 213.9653 0002664 292.2917  67.7681 14.45271313511608
1 41181U 15081C   25243.85299316  .00000613  00000-0  21774-3 0 94504
2 41181  47.0003 211.0869 0002654 294.3969  65.6634 14.45272620511692
1 41181U 15081C   25244.26778212  .00000671  00000-0  23410-3 0 94533
2 41181  47.0004 209.1681 0002634 295.9547  64.1061 14.45273407511759
1 41181U 15081C   25244.33691356  .00000673  00000-0  23462-3 0 94544
2 41181  47.0004 208.8483 0002631 296.2241  63.8368 14.45273515511764
1 41181U 15081C   25245.23562122  .00000807  00000-0  27253-3 0 94565
2 41181  47.0005 204.6907 0002605 299.3566  60.7053 14.45275666511895
1 41181U 15081C   25245.58127816  .00000790  00000-0  26754-3 0 94577
2 41181  47.0005 203.0916 0002600 300.5608  59.5016 14.45276024511945
1 41181U 15081C   25245.92693461  .00000745  00000-0  25499-3 0 94596
2 41181  47.0006 201.4925 0002586 301.6852  58.3776 14.45276361511993
1 41181U 15081C   25246.20345961  .00000781  00000-0  26498-3 0 94621
2 41181  47.0006 200.2133 0002572 302.7070  57.3562 14.45277039512031
1 41181U 15081C   25246.54911628  .00000724  00000-0  24911-3 0 94644
2 41181  47.0006 198.6143 0002565 303.9727  56.0909 14.45277192512082
1 41181U 15081C   25247.17129746  .00000610  00000-0  21667-3 0 94656
2 41181  47.0006 195.7359 0002540 306.0985  53.9660 14.45277556512176
1 41181U 15081C   25248.55392071  .00000602  00000-0  21458-3 0 94662
2 41181  47.0006 189.3398 0002486 311.0736  48.9929 14.45279758512377
1 41181U 15081C   25248.89957620  .00000534  00000-0  19524-3 0 94683
2 41181  47.0007 187.7406 0002472 312.1491  47.9179 14.45279933512422
1 41181U 15081C   25249.24523164  .00000559  00000-0  20237-3 0 94731
2 41181  47.0007 186.1416 0002459 313.3025  46.7650 14.45280594512478
1 41181U 15081C   25249.52175597  .00000553  00000-0  20073-3 0 94759
2 41181  47.0007 184.8624 0002451 314.2828  45.7851 14.45280960512511
1 41181U 15081C   25250.21306641  .00000452  00000-0  17227-3 0 94804
2 41181  47.0007 181.6643 0002416 316.7622  43.3068 14.45281414512617
1 41181U 15081C   25250.90437659  .00000384  00000-0  15301-3 0 94832
2 41181  47.0007 178.4661 0002381 319.3598  40.7104 14.45281971512714
1 41181U 15081C   25251.18090047  .00000387  00000-0  15381-3 0 94874
2 41181  47.0007 177.1869 0002374 320.2742  39.7964 14.45282367512750
1 41181U 15081C   25251.52655528  .00000364  00000-0  14730-3 0 94909
2 41181  47.0008 175.5878 0002360 321.4862  38.5849 14.45282708512808
1 41181U 15081C   25252.21786496  .00000280  00000-0  12368-3 0 94941
2 41181  47.0008 172.3897 0002320 324.0988  35.9736 14.45283030512904
1 41181U 15081C   25252.90917431  .00000223  00000-0  10754-3 0 94968
2 41181  47.0009 169.1914 0002283 326.5815  33.4921 14.45283439513007
1 41181U 15081C   25253.18569783  .00000272  00000-0  12141-3 0 95004
2 41181  47.0009 167.9123 0002273 327.5890  32.4850 14.45284012513040
1 41181U 15081C   25253.25482872  .00000273  00000-0  12157-3 0 95014
2 41181  47.0009 167.5925 0002268 327.9302  32.1440 14.45284091513052
1 41181U 15081C   25253.46222150  .00000231  00000-0  10969-3 0 95022
2 41181  47.0010 166.6331 0002262 328.6423  31.4322 14.45284048513087
1 41181U 15081C   25254.22266123  .00000208  00000-0  10340-3 0 95077
2 41181  47.0010 163.1152 0002217 331.7029  28.3731 14.45284632513197
1 41181U 15081C   25254.43005381  .00000199  00000-0  10069-3 0 95085
2 41181  47.0010 162.1557 0002209 332.4658  27.6105 14.45284785513222
1 41181U 15081C   25255.19049326  .00000179  00000-0  95102-4 0 95110
2 41181  47.0010 158.6379 0002160 335.6155  24.4623 14.45285309513332
1 41181U 15081C   25256.08919401  .00000139  00000-0  83732-4 0 95133
2 41181  47.0010 154.4803 0002109 339.2435  20.8359 14.45285830513461
1 41181U 15081C   25256.43484803  .00000149  00000-0  86596-4 0 95148
2 41181  47.0011 152.8813 0002095 340.6145  19.4656 14.45286159513518
1 41181U 15081C   25257.05702523  .00000147  00000-0  86023-4 0 95164
2 41181  47.0010 150.0030 0002057 343.3272  16.7541 14.45286578513605
1 41181U 15081C   25257.40267922  .00000139  00000-0  83801-4 0 95175
2 41181  47.0010 148.4040 0002040 344.6273  15.4545 14.45286750513651
1 41181U 15081C   25257.95572538  .00000141  00000-0  84287-4 0 95203
2 41181  47.0009 145.8454 0002000 346.9754  13.1075 14.45287110513737
1 41181U 15081C   25258.37050906  .00000282  00000-0  12412-3 0 95217
2 41181  47.0009 143.9266 0001980 348.6279  11.4556 14.45288403513791
1 41181U 15081C   25258.99268646  .00000158  00000-0  89078-4 0    16
2 41181  47.0008 141.0482 0001932 351.6386   8.4462 14.45287902513884
1 41181U 15081C   25259.40747073  .00000175  00000-0  93963-4 0    16
2 41181  47.0008 139.1293 0001913 353.3801   6.7054 14.45288295513943
1 41181U 15081C   25260.09877782  .00000158  00000-0  89105-4 0    18
2 41181  47.0007 135.9312 0001867 356.6010   3.4858 14.45288632514047
1 41181U 15081C   25260.92834601  .00000162  00000-0  90241-4 0    11
2 41181  47.0007 132.0932 0001818   0.3377 359.7505 14.45289159514162
1 41181U 15081C   25262.03443645  .00000181  00000-0  95777-4 0    19
2 41181  47.0006 126.9761 0001752   5.6191 354.4709 14.45289927514321
1 41181U 15081C   25262.58748133  .00000188  00000-0  97600-4 0    13
2 41181  47.0006 124.4174 0001718   8.1622 351.9286 14.45290332514404
1 41181U 15081C   25262.65661193  .00000185  00000-0  96918-4 0    19
2 41181  47.0006 124.0976 0001713   8.4892 351.6017 14.45290367514415
1 41181U 15081C   25263.34791779  .00000254  00000-0  11639-3 0    13
2 41181  47.0006 120.8994 0001679  11.7646 348.3274 14.45291238514511
1 41181U 15081C   25264.03922337  .00000298  00000-0  12881-3 0    14
2 41181  47.0005 117.7011 0001639  15.3694 344.7236 14.45291977514613
1 41181U 15081C   25264.31574559  .00000333  00000-0  13847-3 0    17
2 41181  47.0006 116.4218 0001625  16.6339 343.4594 14.45292354514651
1 41181U 15081C   25265.00705059  .00000405  00000-0  15897-3 0    12
2 41181  47.0006 113.2236 0001585  20.3170 339.7773 14.45293330514759
1 41181U 15081C   25265.28357261  .00000393  00000-0  15548-3 0    19
2 41181  47.0007 111.9443 0001570  21.6468 338.4479 14.45293475514796
1 41181U 15081C   25265.83661610  .00000393  00000-0  15551-3 0    10
2 41181  47.0007 109.3857 0001535  24.8150 335.2804 14.45294023514876
1 41181U 15081C   25266.25139861  .00000530  00000-0  19421-3 0    18
2 41181  47.0007 107.4668 0001520  26.7737 333.3221 14.45295159514931
1 41181U 15081C   25266.94270238  .00000516  00000-0  19031-3 0  5441
2 41181  47.0007 104.2686 0001483  30.7245 329.3722 14.45295842515035
1 41181U 15081C   25267.49574515  .00000502  00000-0  18635-3 0  5452
2 41181  47.0007 101.7099 0001454  33.5661 326.5311 14.45296384515110
1 41181U 15081C   25268.25617820  .00000567  00000-0  20460-3 0  5476
2 41181  47.0008  98.1919 0001415  38.3205 321.7776 14.45297741515227
1 41181U 15081C   25268.87835020  .00000582  00000-0  20879-3 0  5514
2 41181  47.0010  95.3135 0001387  41.8922 318.2064 14.45298693515310
1 41181U 15081C   25268.94748042  .00000580  00000-0  20818-3 0    10
2 41181  47.0010  94.9937 0001388  42.3135 317.7852 14.45298777515321
1 41181U 15081C   25269.84617282  .00000568  00000-0  20498-3 0    11
2 41181  47.0011  90.8359 0001342  48.0389 312.0606 14.45299924515453
1 41181U 15081C   25270.88312424  .00000603  00000-0  21479-3 0    17
2 41181  47.0011  86.0384 0001304  54.6161 305.4841 14.45301643515603
1 41181U 15081C   25271.85094399  .00000658  00000-0  23029-3 0    16
2 41181  47.0013  81.5607 0001267  61.0451 299.0556 14.45303577515749
1 41181U 15081C   25271.85094399  .00000658  00000-0  23029-3 0  5640
2 41181  47.0013  81.5607 0001267  61.0451 299.0556 14.45303577515749
1 41181U 15081C   25273.51006019  .00000791  00000-0  26764-3 0  9244
2 41181  47.0015  73.8846 0001203  72.8009 287.3003 14.45307367515983
1 41181U 15081C   25273.51006019  .00000791  00000-0  26764-3 0  5688
2 41181  47.0015  73.8846 0001203  72.8009 287.3003 14.45307367515983
1 41181U 15081C   25273.71744954  .00000786  00000-0  26623-3 0  9252
2 41181  47.0016  72.9252 0001202  74.2757 285.8256 14.45307715516015
1 41181U 15081C   25273.71744954  .00000786  00000-0  26623-3 0  5696
2 41181  47.0016  72.9252 0001202  74.2757 285.8256 14.45307715516015
1 41181U 15081C   25274.68526515  .00000898  00000-0  29785-3 0  9267
2 41181  47.0017  68.4476 0001192  80.9135 279.1880 14.45310252516150
1 41181U 15081C   25274.89265392  .00000897  00000-0  29762-3 0  5724
2 41181  47.0017  67.4881 0001192  82.2347 277.8669 14.45310715516186
1 41181U 15081C   25274.89265391  .00000897  00000-0  29762-3 0  9277
2 41181  47.0017  67.4881 0001192  82.2347 277.8669 14.45310715516186
1 41181U 15081C   25275.44569052  .00000862  00000-0  28790-3 0  5739
2 41181  47.0018  64.9294 0001183  86.2450 273.8566 14.45311728516262
1 41181U 15081C   25275.44569051  .00000862  00000-0  28790-3 0  9282
2 41181  47.0018  64.9294 0001183  86.2450 273.8566 14.45311728516262
1 41181U 15081C   25276.41350345  .00000910  00000-0  30141-3 0  5748
2 41181  47.0020  60.4519 0001178  93.1393 266.9622 14.45314135516400
1 41181U 15081C   25277.79609176  .00000757  00000-0  25806-3 0  9317
2 41181  47.0022  54.0555 0001185 102.5672 257.5340 14.45316163516602
1 41181U 15081C   25278.07260894  .00000692  00000-0  23976-3 0  9324
2 41181  47.0023  52.7762 0001179 104.7430 255.3581 14.45316441516643
1 41181U 15081C   25278.48738501  .00000653  00000-0  22888-3 0  9333
2 41181  47.0023  50.8572 0001183 107.8717 252.2293 14.45316960516707
1 41181U 15081C   25279.04041902  .00000578  00000-0  20774-3 0  9358
2 41181  47.0024  48.2987 0001182 112.1795 247.9211 14.45317683516785
1 41181U 15081C   25279.38606530  .00000565  00000-0  20387-3 0  9366
2 41181  47.0024  46.6995 0001188 114.8407 245.2597 14.45318188516836
1 41181U 15081C   25279.38606531  .00000565  00000-0  20387-3 0  5868
2 41181  47.0024  46.6995 0001188 114.8407 245.2597 14.45318188516836
1 41181U 15081C   25279.73171139  .00000558  00000-0  20186-3 0  5878
2 41181  47.0024  45.1005 0001197 117.1649 242.9353 14.45318767516888
1 41181U 15081C   25280.07735722  .00000522  00000-0  19192-3 0  5888
2 41181  47.0025  43.5014 0001201 119.6645 240.4355 14.45319223516939
1 41181U 15081C   25280.35387401  .00000501  00000-0  18589-3 0  5893
2 41181  47.0025  42.2220 0001206 121.7208 238.3790 14.45319512516972
1 41181U 15081C   25281.04516522  .00000493  00000-0  18370-3 0  9407
2 41181  47.0027  39.0239 0001227 126.5007 233.5986 14.45320641517072
1 41181U 15081C   25281.32168180  .00000455  00000-0  17288-3 0  5918
2 41181  47.0027  37.7445 0001231 128.5858 231.5133 14.45320786517114
1 41181U 15081C   25281.39081089  .00000451  00000-0  17166-3 0  9417
2 41181  47.0027  37.4247 0001235 129.1157 230.9833 14.45320871517120
1 41181U 15081C   25281.39081090  .00000451  00000-0  17166-3 0  5921
2 41181  47.0027  37.4247 0001235 129.1157 230.9833 14.45320871517120
1 41181U 15081C   25281.66732735  .00000445  00000-0  17013-3 0  9423
2 41181  47.0028  36.1455 0001246 130.8355 229.2634 14.45321221517163
1 41181U 15081C   25281.66732735  .00000445  00000-0  17013-3 0  5935
2 41181  47.0028  36.1455 0001246 130.8355 229.2634 14.45321221517163
1 41181U 15081C   25282.01297265  .00000419  00000-0  16282-3 0  9436
2 41181  47.0028  34.5465 0001251 133.0989 226.9996 14.45321601517213
1 41181U 15081C   25282.01297266  .00000419  00000-0  16282-3 0  5949
2 41181  47.0028  34.5465 0001251 133.0989 226.9996 14.45321601517213
1 41181U 15081C   25282.63513436  .00000388  00000-0  15390-3 0  5963
2 41181  47.0028  31.6680 0001279 137.4267 222.6713 14.45322161517309
1 41181U 15081C   25282.70426338  .00000388  00000-0  15387-3 0  9448
2 41181  47.0028  31.3482 0001284 137.8965 222.2014 14.45322248517318
1 41181U 15081C   25282.70426338  .00000388  00000-0  15387-3 0  5972
2 41181  47.0028  31.3482 0001284 137.8965 222.2014 14.45322249517319
1 41181U 15081C   25283.32642444  .00000408  00000-0  15965-3 0  5985
2 41181  47.0028  28.4697 0001301 142.3102 217.7869 14.45323158517405
1 41181U 15081C   25283.32642443  .00000408  00000-0  15965-3 0  9450
2 41181  47.0028  28.4697 0001301 142.3102 217.7869 14.45323158517405
1 41181U 15081C   25283.67206944  .00000383  00000-0  15268-3 0  9469
2 41181  47.0028  26.8706 0001321 144.2372 215.8597 14.45323445517451
1 41181U 15081C   25283.67206945  .00000383  00000-0  15268-3 0  6007
2 41181  47.0028  26.8706 0001321 144.2372 215.8597 14.45323445517451
1 41181U 15081C   25284.29423016  .00000396  00000-0  15638-3 0  6012
2 41181  47.0029  23.9922 0001341 148.1687 211.9275 14.45324255517544
1 41181U 15081C   25284.70900355  .00000436  00000-0  16748-3 0  6045
2 41181  47.0029  22.0734 0001351 150.7148 209.3808 14.45325040517600
1 41181U 15081C   25284.98551920  .00000415  00000-0  16171-3 0  6053
2 41181  47.0030  20.7942 0001370 152.2661 207.8292 14.45325279517644
1 41181U 15081C   25285.95332320  .00000448  00000-0  17089-3 0  6079
2 41181  47.0032  16.3169 0001413 157.6951 202.3991 14.45326701517789
1 41181U 15081C   25286.92112666  .00000413  00000-0  16099-3 0  6089
2 41181  47.0032  11.8395 0001459 162.9198 197.1732 14.45327682517921
1 41181U 15081C   25287.26677076  .00000431  00000-0  16619-3 0  6097
2 41181  47.0032  10.2404 0001490 163.7048 196.3880 14.45328141517974
1 41181U 15081C   25288.51108796  .00000424  00000-0  16417-3 0  6126
2 41181  47.0031   4.4838 0001557 169.9652 190.1260 14.45329600518158
1 41181U 15081C   25288.51108795  .00000424  00000-0  16417-3 0  9566
2 41181  47.0031   4.4838 0001557 169.9652 190.1260 14.45329600518158
1 41181U 15081C   25288.92586009  .00000492  00000-0  18341-3 0  6132
2 41181  47.0031   2.5650 0001574 172.0028 188.0878 14.45330458518211
1 41181U 15081C   25288.92586008  .00000492  00000-0  18341-3 0  9572
2 41181  47.0031   2.5650 0001574 172.0028 188.0878 14.45330458518211
1 41181U 15081C   25289.47888934  .00000408  00000-0  15973-3 0  6141
2 41181  47.0031   0.0064 0001607 174.9554 185.1343 14.45330653518295
1 41181U 15081C   25289.47888933  .00000408  00000-0  15973-3 0  9581
2 41181  47.0031   0.0064 0001607 174.9553 185.1343 14.45330653518294
1 41181U 15081C   25290.23930425  .00000455  00000-0  17298-3 0  6155
2 41181  47.0030 356.4884 0001649 178.4742 181.6143 14.45331757518404
1 41181U 15081C   25290.58494709  .00000454  00000-0  17261-3 0  9593
2 41181  47.0029 354.8894 0001667 179.9307 180.1574 14.45332191518458
1 41181U 15081C   25290.58494710  .00000454  00000-0  17261-3 0  6176
2 41181  47.0029 354.8894 0001667 179.9307 180.1574 14.45332191518458
1 41181U 15081C   25291.20710430  .00000464  00000-0  17547-3 0  6185
2 41181  47.0029 352.0109 0001700 182.9512 177.1359 14.45332918518541
1 41181U 15081C   25291.55274686  .00000471  00000-0  17742-3 0  6209
2 41181  47.0029 350.4119 0001718 184.4916 175.5949 14.45333399518594
1 41181U 15081C   25292.86618769  .00000530  00000-0  19393-3 0  6231
2 41181  47.0026 344.3352 0001772 191.1690 168.9151 14.45335352518789
1 41181U 15081C   25292.86618769  .00000530  00000-0  19393-3 0  9649
2 41181  47.0026 344.3352 0001772 191.1690 168.9151 14.45335352518789
1 41181U 15081C   25293.55747193  .00000512  00000-0  18879-3 0  6241
2 41181  47.0026 341.1371 0001808 193.9533 166.1297 14.45336074518885
1 41181U 15081C   25293.83398554  .00000501  00000-0  18574-3 0  6256
2 41181  47.0026 339.8578 0001822 195.1830 164.8996 14.45336341518921
1 41181U 15081C   25294.45614082  .00000498  00000-0  18497-3 0  6273
2 41181  47.0026 336.9794 0001855 197.5952 162.4864 14.45337081519017
1 41181U 15081C   25295.07829565  .00000466  00000-0  17598-3 0  9680
2 41181  47.0025 334.1008 0001884 200.4227 159.6578 14.45337705519108
1 41181U 15081C   25295.42393722  .00000432  00000-0  16640-3 0  9691
2 41181  47.0024 332.5017 0001901 201.5352 158.5448 14.45337937519156
1 41181U 15081C   25295.07829565  .00000466  00000-0  17598-3 0  6283
2 41181  47.0025 334.1008 0001884 200.4227 159.6578 14.45337705519108
1 41181U 15081C   25295.42393723  .00000432  00000-0  16640-3 0  6295
2 41181  47.0024 332.5017 0001901 201.5352 158.5448 14.45337937519156
1 41181U 15081C   25296.11521986  .00000411  00000-0  16054-3 0  9701
2 41181  47.0024 329.3035 0001935 204.3511 155.7278 14.45338713519259
1 41181U 15081C   25296.46086108  .00000424  00000-0  16405-3 0  6319
2 41181  47.0023 327.7044 0001949 205.5999 154.4785 14.45339214519300
1 41181U 15081C   25296.46086108  .00000424  00000-0  16405-3 0  9716
2 41181  47.0023 327.7044 0001949 205.5999 154.4785 14.45339214519300
1 41181U 15081C   25297.15214306  .00000415  00000-0  16164-3 0  6322
2 41181  47.0024 324.5061 0001971 208.9483 151.1288 14.45340058519406
1 41181U 15081C   25297.49778381  .00000403  00000-0  15805-3 0  9733
2 41181  47.0023 322.9071 0001993 209.8308 150.2459 14.45340452519451
1 41181U 15081C   25297.77429638  .00000399  00000-0  15702-3 0  9743
2 41181  47.0023 321.6278 0002002 211.0199 149.0563 14.45340800519494
1 41181U 15081C   25297.77429638  .00000399  00000-0  15702-3 0  6368
2 41181  47.0023 321.6278 0002002 211.0200 149.0563 14.45340800519497
1 41181U 15081C   25298.11993706  .00000398  00000-0  15687-3 0  9756
2 41181  47.0022 320.0285 0002021 212.3487 147.7270 14.45341194519542
1 41181U 15081C   25298.32732147  .00000413  00000-0  16084-3 0  6396
2 41181  47.0022 319.0691 0002029 213.0409 147.0345 14.45341508519579
1 41181U 15081C   25298.39644961  .00000413  00000-0  16096-3 0  9766
2 41181  47.0022 318.7493 0002029 213.3310 146.7443 14.45341592519588
1 41181U 15081C   25298.74209009  .00000381  00000-0  15197-3 0  9771
2 41181  47.0023 317.1503 0002043 214.6892 145.3855 14.45341860519635
1 41181U 15081C   25298.74209010  .00000381  00000-0  15197-3 0  6411
2 41181  47.0023 317.1503 0002043 214.6892 145.3855 14.45341860519635
1 41181U 15081C   25299.08773068  .00000367  00000-0  14806-3 0  9781
2 41181  47.0023 315.5511 0002062 215.7884 144.2859 14.45342127519684
1 41181U 15081C   25299.08773069  .00000367  00000-0  14806-3 0  6431
2 41181  47.0023 315.5511 0002062 215.7884 144.2859 14.45342127519684
1 41181U 15081C   25299.43337127  .00000396  00000-0  15615-3 0  9794
2 41181  47.0022 313.9520 0002073 216.9030 143.1708 14.45342602519738
1 41181U 15081C   25299.43337128  .00000396  00000-0  15615-3 0  6444
2 41181  47.0022 313.9520 0002073 216.9030 143.1708 14.45342602519738
1 41181U 15081C   25300.05552356  .00000401  00000-0  15749-3 0  9805
2 41181  47.0021 311.0734 0002104 219.0057 141.0672 14.45343372519823
1 41181U 15081C   25300.05552357  .00000401  00000-0  15749-3 0  6454
2 41181  47.0021 311.0734 0002104 219.0057 141.0672 14.45343372519823
1 41181U 15081C   25300.40116387  .00000428  00000-0  16507-3 0  9817
2 41181  47.0020 309.4743 0002112 220.2225 139.8499 14.45343842519872
1 41181U 15081C   25300.40116387  .00000428  00000-0  16507-3 0  6465
2 41181  47.0020 309.4743 0002112 220.2225 139.8499 14.45343842519872
1 41181U 15081C   25301.29982765  .00000428  00000-0  16506-3 0  6485
2 41181  47.0019 305.3163 0002155 223.2516 136.8196 14.45344859520001
1 41181U 15081C   25302.26761882  .00000438  00000-0  16795-3 0  9842
2 41181  47.0019 300.8386 0002184 226.8657 133.2041 14.45345973520148
1 41181U 15081C   25302.26761882  .00000438  00000-0  16795-3 0  6502
2 41181  47.0019 300.8386 0002184 226.8657 133.2041 14.45345973520148
1 41181U 15081C   25302.68238626  .00000434  00000-0  16700-3 0  6516
2 41181  47.0019 298.9197 0002190 228.5632 131.5060 14.45346425520206
1 41181U 15081C   25303.02802552  .00000432  00000-0  16638-3 0  6529
2 41181  47.0019 297.3204 0002208 229.6713 130.3974 14.45346830520256
1 41181U 15081C   25304.06494314  .00000427  00000-0  16491-3 0  6540
2 41181  47.0019 292.5228 0002231 233.2027 126.8649 14.45348017520409
1 41181U 15081C   25304.41058233  .00000404  00000-0  15837-3 0  9883
2 41181  47.0019 290.9238 0002234 234.4051 125.6622 14.45348254520451
1 41181U 15081C   25304.68709346  .00000397  00000-0  15647-3 0  9891
2 41181  47.0019 289.6444 0002242 235.4907 124.5761 14.45348555520495
1 41181U 15081C   25305.44749896  .00000376  00000-0  15058-3 0  6586
2 41181  47.0018 286.1262 0002269 237.7857 122.2804 14.45349282520606
1 41181U 15081C   25306.34615953  .00000336  00000-0  13921-3 0  9926
2 41181  47.0018 281.9683 0002296 240.5884 119.4767 14.45350024520734
1 41181U 15081C   25305.93139302  .00000363  00000-0  14692-3 0  6595
2 41181  47.0018 283.8872 0002283 239.5145 120.5510 14.45349771520678
1 41181U 15081C   25307.38307472  .00000307  00000-0  13113-3 0  6642
2 41181  47.0017 277.1708 0002316 244.0225 116.0417 14.45351031520889
1 41181U 15081C   25308.21260625  .00000310  00000-0  13203-3 0  6658
2 41181  47.0017 273.3327 0002333 246.7250 113.3385 14.45351982521004
1 41181U 15081C   25308.21260625  .00000310  00000-0  13203-3 0  9965
2 41181  47.0017 273.3327 0002333 246.7250 113.3385 14.45351982521004
1 41181U 15081C   25308.62737183  .00000297  00000-0  12815-3 0  6664
2 41181  47.0015 271.4137 0002338 248.0092 112.0540 14.45352381521063
1 41181U 15081C   25308.62737183  .00000297  00000-0  12815-3 0  9971
2 41181  47.0015 271.4137 0002338 248.0092 112.0540 14.45352381521063
1 41181U 15081C   25309.87166791  .00000336  00000-0  13926-3 0  6683
2 41181  47.0014 265.6565 0002364 251.9189 108.1434 14.45353893521248
1 41181U 15081C   25310.14817793  .00000376  00000-0  15040-3 0  6694
2 41181  47.0014 264.3771 0002373 252.3949 107.6672 14.45354404521283
1 41181U 15081C   25310.56294260  .00000469  00000-0  17669-3 0    10
2 41181  47.0013 262.4582 0002368 253.9353 106.1266 14.45355452521345
1 41181U 15081C   25310.56294261  .00000469  00000-0  17669-3 0  6714
2 41181  47.0013 262.4582 0002368 253.9353 106.1266 14.45355452521345
1 41181U 15081C   25312.15287312  .00000485  00000-0  18123-3 0    22
2 41181  47.0013 255.1019 0002385 258.9898 101.0714 14.45357492521570
1 41181U 15081C   25312.15287313  .00000485  00000-0  18123-3 0  6737
2 41181  47.0013 255.1019 0002385 258.9898 101.0714 14.45357492521570
1 41181U 15081C   25312.84414617  .00000530  00000-0  19397-3 0    34
2 41181  47.0014 251.9035 0002394 261.1697  98.8913 14.45358762521672
1 41181U 15081C   25314.50320049  .00000584  00000-0  20902-3 0  6808
2 41181  47.0015 244.2275 0002388 266.6897  93.3710 14.45361307521910
1 41181U 15081C   25315.05621797  .00000528  00000-0  19345-3 0  6811
2 41181  47.0014 241.6687 0002381 268.3712  91.6895 14.45361787521990
1 41181U 15081C   25316.23137790  .00000820  00000-0  27567-3 0  6840
2 41181  47.0015 236.2318 0002373 272.2519  87.8090 14.45365432522167
1 41181U 15081C   25316.50788576  .00000727  00000-0  24944-3 0   121
2 41181  47.0015 234.9525 0002372 273.1522  86.9087 14.45365492522202
1 41181U 15081C   25316.50788577  .00000727  00000-0  24944-3 0  6858
2 41181  47.0015 234.9525 0002372 273.1522  86.9087 14.45365492522202
1 41181U 15081C   25317.06090109  .00000837  00000-0  28044-3 0   140
2 41181  47.0014 232.3938 0002363 274.8266  85.2344 14.45367178522283
1 41181U 15081C   25317.06090109  .00000837  00000-0  28044-3 0  6865
2 41181  47.0014 232.3938 0002363 274.8266  85.2344 14.45367178522283
1 41181U 15081C   25318.16693043  .00000773  00000-0  26244-3 0  6873
2 41181  47.0013 227.2766 0002344 278.3587  81.7028 14.45369139522445
1 41181U 15081C   25318.44343777  .00000744  00000-0  25414-3 0   162
2 41181  47.0012 225.9972 0002342 279.2437  80.8178 14.45369479522487
1 41181U 15081C   25319.75684569  .00000687  00000-0  23814-3 0   184
2 41181  47.0009 219.9202 0002316 283.3785  76.6837 14.45371733522677
1 41181U 15081C   25320.03335224  .00000620  00000-0  21908-3 0  6914
2 41181  47.0009 218.6409 0002307 284.2640  75.7984 14.45371963522715
1 41181U 15081C   25320.72461834  .00000620  00000-0  21929-3 0   206
2 41181  47.0008 215.4425 0002296 286.4587  73.6040 14.45373359522810
1 41181U 15081C   25320.72461835  .00000620  00000-0  21929-3 0  6922
2 41181  47.0008 215.4425 0002296 286.4587  73.6040 14.45373359522810
1 41181U 15081C   25321.69239016  .00000507  00000-0  18748-3 0   218
2 41181  47.0007 210.9648 0002271 289.5783  70.4852 14.45374576522954
1 41181U 15081C   25321.69239017  .00000507  00000-0  18748-3 0  6934
2 41181  47.0007 210.9648 0002271 289.5783  70.4852 14.45374576522954
1 41181U 15081C   25322.93666736  .00000339  00000-0  13991-3 0  6943
2 41181  47.0006 205.2077 0002236 293.5061  66.5585 14.45375631523134
1 41181U 15081C   25323.35142619  .00000346  00000-0  14197-3 0  6957
2 41181  47.0004 203.2887 0002243 294.7330  65.3316 14.45376219523197
1 41181U 15081C   25323.69705848  .00000313  00000-0  13274-3 0   259
2 41181  47.0004 201.6893 0002234 295.7220  64.3429 14.45376449523240
1 41181U 15081C   25323.97356431  .00000283  00000-0  12421-3 0  6974
2 41181  47.0003 200.4099 0002214 296.5928  63.4726 14.45376603523282
1 41181U 15081C   25324.66482860  .00000274  00000-0  12159-3 0   272
2 41181  47.0003 197.2115 0002196 298.8184  61.2476 14.45377323523381
1 41181U 15081C   25324.66482861  .00000274  00000-0  12159-3 0  6998
2 41181  47.0003 197.2115 0002196 298.8184  61.2476 14.45377323523381
1 41181U 15081C   25325.01046075  .00000243  00000-0  11306-3 0   297
2 41181  47.0003 195.6125 0002180 299.8782  60.1882 14.45377512523437
1 41181U 15081C   25325.97823001  .00000237  00000-0  11113-3 0   305
2 41181  47.0003 191.1348 0002144 302.9794  57.0880 14.45378484523571
1 41181U 15081C   25325.97823002  .00000237  00000-0  11113-3 0  7011
2 41181  47.0003 191.1348 0002144 302.9794  57.0880 14.45378484523571
1 41181U 15081C   25326.94599887  .00000229  00000-0  10896-3 0   314
2 41181  47.0002 186.6569 0002108 306.1299  53.9386 14.45379331523714
1 41181U 15081C   25326.94599887  .00000229  00000-0  10896-3 0  7029
2 41181  47.0002 186.6569 0002108 306.1299  53.9386 14.45379331523714
1 41181U 15081C   25327.98289338  .00000255  00000-0  11642-3 0   326
2 41181  46.9999 181.8592 0002066 309.5103  50.5594 14.45380410523864
1 41181U 15081C   25327.98289339  .00000255  00000-0  11642-3 0  7032
2 41181  46.9999 181.8592 0002066 309.5103  50.5594 14.45380410523864
1 41181U 15081C   25328.88153489  .00000261  00000-0  11794-3 0  7044
2 41181  46.9997 177.7010 0002024 312.3956  47.6753 14.45381202523991
1 41181U 15081C   25329.01978749  .00000255  00000-0  11620-3 0   330
2 41181  46.9997 177.0615 0002030 312.9373  47.1337 14.45381265524017
1 41181U 15081C   25329.29629244  .00000262  00000-0  11824-3 0   348
2 41181  46.9997 175.7821 0002021 313.8266  46.2447 14.45381545524059
1 41181U 15081C   25329.29629245  .00000262  00000-0  11824-3 0  7076
2 41181  46.9997 175.7821 0002021 313.8266  46.2447 14.45381545524059
1 41181U 15081C   25329.57279731  .00000256  00000-0  11672-3 0   356
2 41181  46.9996 174.5026 0002013 314.5221  45.5495 14.45381739524096
1 41181U 15081C   25329.98755463  .00000256  00000-0  11656-3 0   376
2 41181  46.9996 172.5836 0001991 315.9831  44.0890 14.45382087524156
1 41181U 15081C   25329.98755463  .00000256  00000-0  11656-3 0  7092
2 41181  46.9996 172.5836 0001991 315.9831  44.0890 14.45382087524156
1 41181U 15081C   25330.26405957  .00000248  00000-0  11429-3 0   389
2 41181  46.9996 171.3042 0001985 316.9897  43.0828 14.45382235524197
1 41181U 15081C   25330.26405958  .00000248  00000-0  11429-3 0  7107
2 41181  46.9996 171.3042 0001985 316.9897  43.0828 14.45382235524197
1 41181U 15081C   25331.85396162  .00000216  00000-0  10538-3 0  7126
2 41181  46.9994 163.9475 0001913 322.4139  37.6608 14.45383303524422
1 41181U 15081C   25332.82172731  .00000202  00000-0  10152-3 0   421
2 41181  46.9994 159.4694 0001857 325.8142  34.2619 14.45384023524563
1 41181U 15081C   25333.23648388  .00000202  00000-0  10126-3 0  7140
2 41181  46.9994 157.5504 0001829 327.3709  32.7058 14.45384383524623
1 41181U 15081C   25333.78949241  .00000206  00000-0  10250-3 0   440
2 41181  46.9995 154.9914 0001796 328.9321  31.1453 14.45384851524701
1 41181U 15081C   25334.20424860  .00000243  00000-0  11289-3 0   458
2 41181  46.9996 153.0724 0001780 330.5436  29.5343 14.45385447524767
1 41181U 15081C   25334.54987883  .00000233  00000-0  11014-3 0  7186
2 41181  46.9996 151.4730 0001759 331.6494  28.4291 14.45385656524816
1 41181U 15081C   25334.82638291  .00000235  00000-0  11057-3 0   466
2 41181  46.9996 150.1937 0001743 332.6308  27.4480 14.45385902524856
1 41181U 15081C   25334.89550890  .00000263  00000-0  11845-3 0  7217
2 41181  46.9996 149.8739 0001740 332.9320  27.1470 14.45386115524869
1 41181U 15081C   25335.51764270  .00000305  00000-0  13033-3 0   486
2 41181  46.9996 146.9950 0001712 334.8562  25.2234 14.45386920524951
1 41181U 15081C   25335.51764270  .00000305  00000-0  13033-3 0  7236
2 41181  46.9996 146.9950 0001712 334.8562  25.2234 14.45386920524951
1 41181U 15081C   25336.48540609  .00000375  00000-0  15020-3 0   497
2 41181  46.9998 142.5171 0001663 338.4570  21.6240 14.45388190525098
1 41181U 15081C   25336.76190950  .00000373  00000-0  14951-3 0   500
2 41181  46.9997 141.2377 0001637 339.3583  20.7231 14.45388533525132
1 41181U 15081C   25336.48540609  .00000375  00000-0  15020-3 0  7247
2 41181  46.9998 142.5171 0001663 338.4570  21.6240 14.45388190525098
1 41181U 15081C   25337.17666473  .00000387  00000-0  15343-3 0   516
2 41181  46.9998 139.3186 0001618 340.8174  19.2645 14.45389074525190
1 41181U 15081C   25337.17666474  .00000387  00000-0  15343-3 0  7266
2 41181  46.9998 139.3186 0001618 340.8174  19.2645 14.45389074525190
1 41181U 15081C   25337.45316829  .00000449  00000-0  17105-3 0   522
2 41181  46.9998 138.0391 0001603 341.7543  18.3279 14.45389658525234
1 41181U 15081C   25337.45316829  .00000449  00000-0  17105-3 0  7271
2 41181  46.9998 138.0391 0001603 341.7543  18.3279 14.45389658525234
1 41181U 15081C   25338.14442593  .00000615  00000-0  21759-3 0   533
2 41181  46.9999 134.8407 0001579 344.5836  15.4996 14.45391537525339
1 41181U 15081C   25338.14442593  .00000615  00000-0  21759-3 0  7282
2 41181  46.9999 134.8407 0001579 344.5836  15.4996 14.45391537525339
1 41181U 15081C   25338.49005451  .00000655  00000-0  22906-3 0  7298
2 41181  46.9999 133.2413 0001556 345.8101  14.2735 14.45392272525383
1 41181U 15081C   25338.49005450  .00000655  00000-0  22906-3 0   548
2 41181  46.9999 133.2413 0001556 345.8101  14.2735 14.45392272525383
1 41181U 15081C   25339.73431748  .00000629  00000-0  22162-3 0  7327
2 41181  47.0000 127.4840 0001488 350.6077   9.4776 14.45393788525561
1 41181U 15081C   25340.14907144  .00000604  00000-0  21463-3 0  7339
2 41181  47.0002 125.5650 0001467 352.3851   7.7007 14.45394263525621
1 41181U 15081C   25340.42557379  .00000679  00000-0  23572-3 0  7347
2 41181  47.0002 124.2855 0001451 353.4085   6.6776 14.45395098525660
1 41181U 15081C   25340.84032720  .00000658  00000-0  22984-3 0  7377
2 41181  47.0000 122.3662 0001429 355.5399   4.5469 14.45395649525724
1 41181U 15081C   25341.11682952  .00000615  00000-0  21777-3 0  7389
2 41181  47.0000 121.0868 0001420 357.0227   3.0644 14.45395845525767
1 41181U 15081C   25341.80808477  .00000653  00000-0  22846-3 0  7433
2 41181  47.0002 117.8883 0001388   0.5621 359.5261 14.45397148525863
1 41181U 15081C   25342.08458705  .00000540  00000-0  19648-3 0  7441
2 41181  47.0003 116.6089 0001374   1.8201 358.2684 14.45396888525902
1 41181U 15081C   25342.63759060  .00000736  00000-0  25177-3 0  7474
2 41181  47.0004 114.0500 0001340   3.8487 356.2403 14.45398812525988
1 41181U 15081C   25342.70671602  .00000740  00000-0  25287-3 0   635
2 41181  47.0005 113.7302 0001338   4.2380 355.8512 14.45398949525997
1 41181U 15081C   25342.70671603  .00000740  00000-0  25287-3 0  7486
2 41181  47.0005 113.7302 0001338   4.2380 355.8512 14.45398949525997
1 41181U 15081C   25343.74359703  .00000655  00000-0  22884-3 0   641
2 41181  47.0006 108.9324 0001280   9.2217 350.8687 14.45400112526140
1 41181U 15081C   25344.29659978  .00000601  00000-0  21385-3 0  7507
2 41181  47.0008 106.3736 0001251  11.6798 348.4111 14.45400677526220
1 41181U 15081C   25344.36572506  .00000599  00000-0  21326-3 0   656
2 41181  47.0008 106.0537 0001246  11.9240 348.1670 14.45400784526232
1 41181U 15081C   25344.64222605  .00000615  00000-0  21755-3 0  7527
2 41181  47.0008 104.7743 0001231  13.3782 346.7131 14.45401371526270
1 41181U 15081C   25344.71135132  .00000613  00000-0  21700-3 0   669
2 41181  47.0008 104.4545 0001227  13.6606 346.4307 14.45401469526281
1 41181U 15081C   25344.71135133  .00000613  00000-0  21700-3 0  7533
2 41181  47.0008 104.4545 0001227  13.6606 346.4307 14.45401469526281
1 41181U 15081C   25345.60997945  .00000605  00000-0  21490-3 0  7569
2 41181  47.0010 100.2964 0001179  18.2170 341.8753 14.45402858526418
1 41181U 15081C   25345.74822984  .00000605  00000-0  21485-3 0  7580
2 41181  47.0010  99.6568 0001171  18.5933 341.4990 14.45403078526437
1 41181U 15081C   25346.30123121  .00000591  00000-0  21098-3 0  7595
2 41181  47.0011  97.0980 0001141  21.3063 338.7865 14.45403875526515
1 41181U 15081C   25346.64685694  .00000606  00000-0  21511-3 0  7610
2 41181  47.0012  95.4989 0001122  23.0742 337.0188 14.45404501526561
1 41181U 15081C   25347.33810776  .00000591  00000-0  21078-3 0  7631
2 41181  47.0011  92.3003 0001080  25.0477 335.0456 14.45405552526667
1 41181U 15081C   25348.30585873  .00000464  00000-0  17504-3 0  7656
2 41181  47.0013  87.8225 0001032  31.0615 329.0326 14.45406318526808
1 41181U 15081C   25348.65148402  .00000388  00000-0  15370-3 0  7662
2 41181  47.0014  86.2235 0001017  33.6877 326.4068 14.45406394526857
1 41181U 15081C   25349.27360913  .00000307  00000-0  13082-3 0  7685
2 41181  47.0014  83.3448 0000983  36.6495 323.4453 14.45406787526942
1 41181U 15081C   25349.68835907  .00000271  00000-0  12088-3 0  7719
2 41181  47.0015  81.4259 0000969  39.4860 320.6091 14.45407150527003
1 41181U 15081C   25350.93260807  .00000226  00000-0  10810-3 0  7733
2 41181  47.0017  75.6687 0000914  47.0850 313.0107 14.45408390527189
1 41181U 15081C   25351.27823268  .00000219  00000-0  10622-3 0  7752
2 41181  47.0018  74.0694 0000896  49.3610 310.7348 14.45408685527233
1 41181U 15081C   25351.62385725  .00000200  00000-0  10082-3 0  7763
2 41181  47.0017  72.4703 0000890  52.1410 307.9551 14.45408923527283
1 41181U 15081C   25352.24598123  .00000187  00000-0  97197-4 0  7778
2 41181  47.0018  69.5915 0000865  56.2476 303.8487 14.45409427527378
1 41181U 15081C   25352.52248076  .00000177  00000-0  94254-4 0  7789
2 41181  47.0018  68.3121 0000859  58.7637 301.3327 14.45409601527418
1 41181U 15081C   25353.21372951  .00000143  00000-0  84777-4 0  7799
2 41181  47.0018  65.1136 0000841  64.4657 295.6310 14.45409942527512
1 41181U 15081C   25353.49022897  .00000136  00000-0  82886-4 0  7803
2 41181  47.0019  63.8343 0000832  65.8366 294.2601 14.45410098527556
1 41181U 15081C   25353.49022897  .00000136  00000-0  82886-4 0   828
2 41181  47.0019  63.8343 0000832  65.8366 294.2601 14.45410098527556
1 41181U 15081C   25354.18147737  .00000135  00000-0  82428-4 0   838
2 41181  47.0019  60.6359 0000813  70.9617 289.1351 14.45410551527653
1 41181U 15081C   25354.18147738  .00000135  00000-0  82428-4 0  7814
2 41181  47.0019  60.6359 0000813  70.9617 289.1351 14.45410551527653
1 41181U 15081C   25354.87272554  .00000141  00000-0  84187-4 0  7827
2 41181  47.0020  57.4375 0000808  77.0191 283.0779 14.45411057527756
1 41181U 15081C   25355.14922477  .00000142  00000-0  84423-4 0   843
2 41181  47.0020  56.1580 0000802  79.3344 280.7627 14.45411216527796
1 41181U 15081C   25355.21834955  .00000183  00000-0  95880-4 0  7845
2 41181  47.0020  55.8381 0000803  80.1759 279.9212 14.45411487527804
1 41181U 15081C   25355.21834955  .00000183  00000-0  95880-4 0   859
2 41181  47.0020  55.8381 0000803  80.1759 279.9212 14.45411487527804
1 41181U 15081C   25356.87734354  .00000241  00000-0  11227-3 0  7858
2 41181  47.0020  48.1619 0000789  92.7673 267.3298 14.45413058528048
1 41181U 15081C   25357.15384245  .00000239  00000-0  11183-3 0   862
2 41181  47.0020  46.8825 0000797  95.7482 264.3489 14.45413242528080
1 41181U 15081C   25357.15384246  .00000239  00000-0  11183-3 0  7860
2 41181  47.0020  46.8825 0000797  95.7482 264.3489 14.45413242528080
1 41181U 15081C   25357.49946596  .00000228  00000-0  10869-3 0   871
2 41181  47.0021  45.2834 0000796  98.2099 261.8871 14.45413455528134
1 41181U 15081C   25357.84508944  .00000233  00000-0  11013-3 0  7887
2 41181  47.0021  43.6842 0000797 101.0754 259.0216 14.45413748528189
1 41181U 15081C   25357.84508943  .00000233  00000-0  11013-3 0   889
2 41181  47.0021  43.6842 0000797 101.0754 259.0216 14.45413748528189
1 41181U 15081C   25358.19071277  .00000245  00000-0  11343-3 0  7890
2 41181  47.0021  42.0848 0000804 104.3467 255.7503 14.45414078528239
1 41181U 15081C   25358.53633610  .00000248  00000-0  11419-3 0   905
2 41181  47.0021  40.4857 0000811 107.0083 253.0886 14.45414357528283
1 41181U 15081C   25358.53633610  .00000248  00000-0  11419-3 0  7902
2 41181  47.0021  40.4857 0000811 107.0083 253.0886 14.45414357528283
1 41181U 15081C   25359.15845778  .00000267  00000-0  11950-3 0  7913
2 41181  47.0020  37.6070 0000818 112.2235 247.8732 14.45414963528375
1 41181U 15081C   25359.15845778  .00000267  00000-0  11950-3 0   916
2 41181  47.0020  37.6070 0000818 112.2235 247.8732 14.45414963528375
1 41181U 15081C   25360.12620214  .00000246  00000-0  11386-3 0   922
2 41181  47.0020  33.1290 0000847 119.8914 240.2051 14.45415702528518
1 41181U 15081C   25360.12620215  .00000246  00000-0  11386-3 0  7920
2 41181  47.0020  33.1290 0000847 119.8914 240.2051 14.45415702528518
1 41181U 15081C   25360.47182508  .00000276  00000-0  12216-3 0  7933
2 41181  47.0020  31.5299 0000859 122.2245 237.8719 14.45416146528568
1 41181U 15081C   25360.47182507  .00000276  00000-0  12216-3 0   935
2 41181  47.0020  31.5299 0000859 122.2245 237.8719 14.45416146528568
1 41181U 15081C   25360.81744771  .00000281  00000-0  12365-3 0   942
2 41181  47.0021  29.9307 0000867 124.8324 235.2638 14.45416547528618
1 41181U 15081C   25360.81744771  .00000281  00000-0  12365-3 0  7949
2 41181  47.0021  29.9307 0000867 124.8324 235.2638 14.45416547528618
1 41181U 15081C   25361.09394569  .00000327  00000-0  13641-3 0   959
2 41181  47.0020  28.6511 0000880 127.0440 233.0521 14.45417075528657
1 41181U 15081C   25361.09394570  .00000327  00000-0  13641-3 0  7958
2 41181  47.0020  28.6511 0000880 127.0440 233.0521 14.45417075528657
1 41181U 15081C   25361.43956832  .00000326  00000-0  13617-3 0   967
2 41181  47.0021  27.0520 0000889 129.2214 230.8746 14.45417388528700
1 41181U 15081C   25361.43956833  .00000326  00000-0  13617-3 0  7965
2 41181  47.0021  27.0520 0000889 129.2214 230.8746 14.45417388528700
1 41181U 15081C   25362.06168845  .00000389  00000-0  15407-3 0  7972
2 41181  47.0020  24.1732 0000901 133.6708 226.4247 14.45418398528792
1 41181U 15081C   25362.06168845  .00000389  00000-0  15407-3 0   975
2 41181  47.0020  24.1732 0000901 133.6708 226.4247 14.45418397528791
1 41181U 15081C   25362.75293299  .00000373  00000-0  14955-3 0   984
2 41181  47.0021  20.9746 0000936 138.4875 221.6077 14.45419000528898
1 41181U 15081C   25362.75293299  .00000373  00000-0  14955-3 0  7981
2 41181  47.0021  20.9746 0000936 138.4875 221.6077 14.45419000528898
1 41181U 15081C   25363.09855489  .00000457  00000-0  17314-3 0  8003
2 41181  47.0020  19.3752 0000956 140.5941 219.5009 14.45419847528942
1 41181U 15081C   25363.72067428  .00000440  00000-0  16832-3 0  1000
2 41181  47.0021  16.4967 0000980 144.9765 215.1180 14.45420452529035
1 41181U 15081C   25364.06629598  .00000487  00000-0  18154-3 0  1011
2 41181  47.0021  14.8972 0000997 147.2842 212.8101 14.45421088529081
1 41181U 15081C   25364.06629599  .00000487  00000-0  18154-3 0  8031
2 41181  47.0021  14.8972 0000997 147.2842 212.8101 14.45421088529081
1 41181U 15081C   25364.34279324  .00000538  00000-0  19602-3 0  8046
2 41181  47.0022  13.6180 0000989 148.8833 211.2106 14.45421705529127
1 41181U 15081C   25365.03403587  .00000590  00000-0  21045-3 0  1037
2 41181  47.0024  10.4195 0001015 152.7355 207.3579 14.45422933529229
1 41181U 15081C   25365.31053308  .00000609  00000-0  21593-3 0  8069
2 41181  47.0024   9.1402 0001017 153.7189 206.3743 14.45423340529262
1 41181U 15081C   25365.44878154  .00000612  00000-0  21664-3 0  1041
2 41181  47.0025   8.5006 0001024 154.5085 205.5846 14.45423542529289
1 41181U 15081C   25365.44878155  .00000612  00000-0  21664-3 0  8072
2 41181  47.0025   8.5006 0001024 154.5085 205.5846 14.45423542529289
