1 00538U 61015FX  21365.91678782  .00000805  00000-0  24685-3 0    19\
2 00538  67.8095 229.5153 0012792 176.0304 184.0915 14.46174437126897
1 00538U 61015FX  22001.05510978  .00000795  00000-0  24405-3 0    12\
2 00538  67.8095 229.1608 0012777 175.8659 184.2565 14.46174650126914
1 00538U 61015FX  22001.74671877  .00000834  00000-0  25489-3 0    11\
2 00538  67.8094 227.3878 0012713 175.0921 185.0321 14.46176307127018
1 00538U 61015FX  22002.92245303  .00000736  00000-0  22750-3 0    12\
2 00538  67.8094 224.3737 0012597 173.7871 186.3403 14.46178020127185
1 00538U 61015FX  22002.99161381  .00000737  00000-0  22785-3 0    11\
2 00538  67.8094 224.1964 0012579 173.6612 186.4665 14.46178169127193
1   538U 61015FX  21364.81021157  .00000947  00000-0  28635-3 0  9975\
2   538  67.8095 232.3520 0012910 177.3020 182.8167 14.46172925127434
1 00538U 61015FX  22003.68322126  .00000712  00000-0  22081-3 0    16\
2 00538  67.8093 222.4234 0012522 172.8684 187.2612 14.46179353127299
1   538U 61015FX  22002.78413146  .00000716  00000-0  22202-3 0  9994\
2   538  67.8094 224.7283 0012611 173.9411 186.1860 14.46177661127864
1   538U 61015FX  22001.05510978  .00000795  00000-0  24405-3 0  9987\
2   538  67.8095 229.1608 0012777 175.8659 184.2565 14.46174650127612
1   538U 61015FX  22004.23650690  .00000688  00000-0  21426-3 0    01\
2   538  67.8093 221.0050 0012471 172.1638 187.9675 14.46180213128075
1 00538U 61015FX  22004.23650690  .00000688  00000-0  21426-3 0    12\
2 00538  67.8093 221.0050 0012471 172.1638 187.9675 14.46180213127377
1 00538U 61015FX  22004.85895286  .00000625  00000-0  19653-3 0    12\
2 00538  67.8093 219.4095 0012428 171.4735 188.6594 14.46180939127462
1 00538U 61015FX  22004.99727412  .00000622  00000-0  19570-3 0    17\
2 00538  67.8092 219.0548 0012411 171.3055 188.8278 14.46181165127481
1   538U 61015FX  22005.68888014  .00000606  00000-0  19123-3 0    16\
2   538  67.8092 217.2820 0012357 170.5248 189.6103 14.46182261128281
1 00538U 61015FX  22005.96552240  .00000604  00000-0  19078-3 0    13\
2 00538  67.8092 216.5728 0012329 170.2025 189.9333 14.46182695127625
1   538U 61015FX  22006.72628842  .00000571  00000-0  18152-3 0    26\
2   538  67.8091 214.6225 0012263 169.3381 190.7996 14.46183688128434
1 00538U 61015FX  22006.86460953  .00000549  00000-0  17526-3 0    16\
2 00538  67.8091 214.2680 0012249 169.1928 190.9453 14.46183737127753
1 00538U 61015FX  22007.55621446  .00000576  00000-0  18275-3 0    11\
2 00538  67.8090 212.4951 0012211 168.3806 191.7594 14.46184891127856
1 00538U 61015FX  22007.90201675  .00000528  00000-0  16938-3 0    19\
2 00538  67.8090 211.6086 0012176 167.9817 192.1591 14.46185119127905
1   538U 61015FX  22007.97117720  .00000525  00000-0  16875-3 0    32\
2   538  67.8090 211.4312 0012163 167.9325 192.2085 14.46185200128614
1 00538U 61015FX  22008.59362110  .00000617  00000-0  19419-3 0    13\
2 00538  67.8089 209.8355 0012117 167.2311 192.9114 14.46186531128008
1 00538U 61015FX  22008.87026256  .00000632  00000-0  19845-3 0    12\
2 00538  67.8089 209.1264 0012090 166.9544 193.1886 14.46187005128044
1   538U 61015FX  22009.00858332  .00000632  00000-0  19855-3 0    40\
2   538  67.8089 208.7717 0012074 166.7990 193.3443 14.46187195128767
1 00538U 61015FX  22009.00858332  .00000632  00000-0  19855-3 0    17\
2 00538  67.8089 208.7717 0012074 166.7990 193.3443 14.46187195128060
1 00538U 61015FX  22009.90766777  .00000630  00000-0  19806-3 0    11\
2 00538  67.8089 206.4668 0011996 165.8117 194.3338 14.46188388128196
1   538U 61015FX  22010.25346921  .00000721  00000-0  22322-3 0    58\
2   538  67.8089 205.5803 0011970 165.3982 194.7481 14.46189354128944
1 00538U 61015FX  22010.59927063  .00000688  00000-0  21399-3 0    18\
2 00538  67.8089 204.6938 0011947 165.0406 195.1065 14.46189647128291
1 00538U 61015FX  22010.80675138  .00000698  00000-0  21677-3 0    15\
2 00538  67.8089 204.1619 0011923 164.8271 195.3204 14.46189963128325
1   538U 61015FX  22011.49835335  .00000735  00000-0  22720-3 0    65\
2   538  67.8089 202.3889 0011877 164.0483 196.1009 14.46191224129123
1 00538U 61015FX  22011.49835335  .00000735  00000-0  22720-3 0    10\
2 00538  67.8089 202.3889 0011877 164.0483 196.1009 14.46191224128425
1 00538U 61015FX  22011.91331415  .00000758  00000-0  23362-3 0    15\
2 00538  67.8090 201.3251 0011841 163.5970 196.5531 14.46192008128486
1 00538U 61015FX  22012.60491528  .00000773  00000-0  23766-3 0    19\
2 00538  67.8090 199.5520 0011762 162.8853 197.2662 14.46193183128586
1   538U 61015FX  22012.88155553  .00000757  00000-0  23344-3 0    74\
2   538  67.8090 198.8428 0011733 162.5924 197.5595 14.46193538129324
1 00538U 61015FX  22013.57315573  .00000833  00000-0  25463-3 0    14\
2 00538  67.8091 197.0697 0011670 161.8245 198.3290 14.46195130128726
1 00538U 61015FX  22013.91895554  .00000800  00000-0  24539-3 0    11\
2 00538  67.8091 196.1833 0011660 161.4120 198.7424 14.46195558128777
1   538U 61015FX  22013.98811553  .00000803  00000-0  24621-3 0    87\
2   538  67.8091 196.0060 0011648 161.2621 198.8925 14.46195700129483
1 00538U 61015FX  22014.54139476  .00000976  00000-0  29439-3 0    13\
2 00538  67.8092 194.5876 0011600 160.7086 199.4471 14.46197675128866
1 00538U 61015FX  22014.88719388  .00001011  00000-0  30425-3 0    14\
2 00538  67.8092 193.7012 0011568 160.3568 199.7996 14.46198568128916
1 00538U 61015FX  22015.57879116  .00001171  00000-0  34872-3 0    14\
2 00538  67.8093 191.9282 0011469 160.0321 200.1245 14.46200985129013
1   538U 61015FX  22015.78627027  .00001186  00000-0  35281-3 0    98\
2   538  67.8093 191.3964 0011447 159.8454 200.3115 14.46201510129746
1 00538U 61015FX  22015.85542952  .00001228  00000-0  36461-3 0    19\
2 00538  67.8093 191.2191 0011447 159.6917 200.4656 14.46202038129050
1 00538U 61015FX  22016.54702557  .00001319  00000-0  39001-3 0    19\
2 00538  67.8094 189.4460 0011369 159.0937 201.0645 14.46204231129151
1   538U 61015FX  22016.82366373  .00001349  00000-0  39828-3 0   102\
2   538  67.8094 188.7368 0011359 158.6410 201.5182 14.46205092129898
1 00538U 61015FX  22016.82366373  .00001349  00000-0  39828-3 0    12\
2 00538  67.8094 188.7368 0011359 158.6410 201.5182 14.46205092129191
1 00538U 61015FX  22017.58441810  .00001287  00000-0  38108-3 0    17\
2 00538  67.8095 186.7866 0011297 157.7239 202.4369 14.46206751129306
1 00538U 61015FX  22017.86105564  .00001360  00000-0  40134-3 0    15\
2 00538  67.8095 186.0773 0011266 157.3972 202.7642 14.46207890129348
1   538U 61015FX  22017.86105564  .00001360  00000-0  40134-3 0   116\
2   538  67.8095 186.0773 0011266 157.3972 202.7642 14.46207890130047
1 00538U 61015FX  22018.55264888  .00001313  00000-0  38836-3 0    11\
2 00538  67.8096 184.3044 0011212 156.6314 203.5313 14.46209612129443
1 00538U 61015FX  22018.82928593  .00001312  00000-0  38806-3 0    17\
2 00538  67.8096 183.5952 0011180 156.3494 203.8138 14.46210370129487
1   538U 61015FX  22019.52087722  .00001489  00000-0  43716-3 0   128\
2   538  67.8097 181.8222 0011140 155.4852 204.6795 14.46213537130289
1 00538U 61015FX  22019.52087722  .00001489  00000-0  43716-3 0    16\
2 00538  67.8097 181.8222 0011140 155.4852 204.6795 14.46213537129580
1 00538U 61015FX  22019.72835446  .00001490  00000-0  43747-3 0    18\
2 00538  67.8097 181.2903 0011120 155.2895 204.8755 14.46214166129614
1 00538U 61015FX  22020.48910459  .00001315  00000-0  38883-3 0    12\
2 00538  67.8098 179.3400 0011070 154.3537 205.8130 14.46215373129723
1   538U 61015FX  22020.62742286  .00001244  00000-0  36886-3 0   134\
2   538  67.8099 178.9854 0011056 154.2074 205.9595 14.46215303130441
1 00538U 61015FX  22020.83489997  .00001161  00000-0  34584-3 0    12\
2 00538  67.8098 178.4533 0011003 154.2251 205.9414 14.46215365129770
1 00538U 61015FX  22021.52648952  .00001144  00000-0  34102-3 0    14\
2 00538  67.8098 176.6804 0010941 153.4410 206.7268 14.46217189129872
1   538U 61015FX  22021.80312511  .00001129  00000-0  33681-3 0   142\
2   538  67.8099 175.9712 0010907 153.1671 207.0010 14.46217830130617
1 00538U 61015FX  22021.80312511  .00001129  00000-0  33681-3 0    18\
2 00538  67.8099 175.9712 0010907 153.1671 207.0010 14.46217830129918
1 00538U 61015FX  22022.56387222  .00001086  00000-0  32484-3 0    15\
2 00538  67.8099 174.0208 0010832 152.2813 207.8882 14.46219613130023
1 00538U 61015FX  22022.84050736  .00001035  00000-0  31075-3 0    12\
2 00538  67.8098 173.3114 0010796 151.9860 208.1839 14.46220012130062
1   538U 61015FX  22023.04798362  .00001020  00000-0  30667-3 0   154\
2   538  67.8099 172.7795 0010774 151.7774 208.3927 14.46220455130790
1 00538U 61015FX  22023.60125333  .00001028  00000-0  30863-3 0    19\
2 00538  67.8099 171.3611 0010728 151.1639 209.0071 14.46221844130178
1 00538U 61015FX  22023.80872929  .00001015  00000-0  30516-3 0    12\
2 00538  67.8100 170.8292 0010710 151.0219 209.1493 14.46222275130206
1   538U 61015FX  22024.43115716  .00000955  00000-0  28837-3 0   167\
2   538  67.8100 169.2334 0010647 150.3691 209.8029 14.46223388130994
1 00538U 61015FX  22024.56947429  .00000929  00000-0  28117-3 0    11\
2 00538  67.8101 168.8788 0010638 150.2342 209.9381 14.46223579130315
1 00538U 61015FX  22024.84610864  .00000877  00000-0  26653-3 0    17\
2 00538  67.8100 168.1695 0010603 149.9454 210.2272 14.46223901130352
1   538U 61015FX  22025.46853543  .00000952  00000-0  28760-3 0   171\
2   538  67.8101 166.5738 0010544 149.3042 210.8693 14.46225700131144
1 00538U 61015FX  22025.53769358  .00000985  00000-0  29680-3 0    10\
2 00538  67.8101 166.3965 0010536 149.2377 210.9358 14.46226132130457
1 00538U 61015FX  22025.74516892  .00000987  00000-0  29738-3 0    12\
2 00538  67.8102 165.8647 0010518 149.0036 211.1702 14.46226617130486
1 00538U 61015FX  22026.57506934  .00001008  00000-0  30302-3 0    14\
2 00538  67.8103 163.7371 0010421 148.2245 211.9501 14.46228745130607
1   538U 61015FX  22026.78254431  .00001007  00000-0  30280-3 0   181\
2   538  67.8103 163.2052 0010401 147.9641 212.2108 14.46229235131335
1 00538U 61015FX  22026.78254431  .00001007  00000-0  30280-3 0    13\
2 00538  67.8103 163.2052 0010401 147.9641 212.2108 14.46229235130637
1 00538U 61015FX  22027.54328543  .00000986  00000-0  29705-3 0    19\
2 00538  67.8103 161.2549 0010308 147.2606 212.9151 14.46230896130748
1 00538U 61015FX  22027.75076007  .00000992  00000-0  29859-3 0    14\
2 00538  67.8104 160.7230 0010292 146.9540 213.2221 14.46231431130776
1   538U 61015FX  22028.44234147  .00001048  00000-0  31439-3 0   191\
2   538  67.8105 158.9500 0010232 146.2262 213.9507 14.46233494131578
1 00538U 61015FX  22028.58065777  .00001009  00000-0  30338-3 0    12\
2 00538  67.8105 158.5954 0010215 146.0908 214.0862 14.46233576130894
1 00538U 61015FX  22028.71897395  .00001009  00000-0  30337-3 0    15\
2 00538  67.8105 158.2408 0010202 145.9181 214.2591 14.46233914130912
1   538U 61015FX  22029.47971162  .00001145  00000-0  34130-3 0   201\
2   538  67.8105 156.2906 0010123 145.1154 215.0627 14.46236765131723
1 00538U 61015FX  22029.54886950  .00001222  00000-0  36264-3 0    14\
2 00538  67.8105 156.1133 0010116 145.0437 215.1345 14.46237366131039
1 00538U 61015FX  22029.75634333  .00001222  00000-0  36271-3 0    11\
2 00538  67.8105 155.5814 0010088 144.7304 215.4481 14.46237915131062
1 00538U 61015FX  22030.51708016  .00001334  00000-0  39401-3 0    19\
2 00538  67.8106 153.6311 0010030 143.8652 216.3143 14.46240490131176
1   538U 61015FX  22030.72455364  .00001323  00000-0  39085-3 0   215\
2   538  67.8106 153.0992 0009994 143.6703 216.5092 14.46240955131909
1 00538U 61015FX  22030.72455364  .00001323  00000-0  39085-3 0    13\
2 00538  67.8106 153.0992 0009994 143.6703 216.5092 14.46240955131202
1 00538U 61015FX  22031.34697279  .00001645  00000-0  48051-3 0    15\
2 00538  67.8106 151.5035 0009935 142.9282 217.2521 14.46244576131299
1 00538U 61015FX  22031.69276101  .00001643  00000-0  48000-3 0    12\
2 00538  67.8106 150.6169 0009887 142.5600 217.6206 14.46245550131346
1   538U 61015FX  22032.45349507  .00001671  00000-0  48788-3 0   225\
2   538  67.8106 148.6666 0009825 141.6063 218.5753 14.46247717132154
1 00538U 61015FX  22032.45349507  .00001671  00000-0  48788-3 0    12\
2 00538  67.8106 148.6666 0009825 141.6063 218.5753 14.46247717131456
1 00538U 61015FX  22032.73012543  .00001589  00000-0  46488-3 0    13\
2 00538  67.8106 147.9574 0009789 141.2714 218.9105 14.46247965131498
1   538U 61015FX  22033.49085781  .00001481  00000-0  43471-3 0   235\
2   538  67.8106 146.0070 0009712 140.3798 219.8029 14.46249467132302
1 00538U 61015FX  22033.49085781  .00001481  00000-0  43471-3 0    11\
2 00538  67.8106 146.0070 0009712 140.3798 219.8029 14.46249467131604
1 00538U 61015FX  22033.69833048  .00001381  00000-0  40687-3 0    15\
2 00538  67.8106 145.4751 0009677 140.1593 220.0235 14.46249357131638
1   538U 61015FX  22034.52821759  .00001513  00000-0  44359-3 0   246\
2   538  67.8106 143.3475 0009588 139.2109 220.9726 14.46252683132452
1 00538U 61015FX  22034.52821759  .00001513  00000-0  44359-3 0    11\
2 00538  67.8106 143.3475 0009588 139.2109 220.9726 14.46252683131754
1 00538U 61015FX  22035.56557540  .00001566  00000-0  45842-3 0    16\
2 00538  67.8106 140.6880 0009486 137.9127 222.2719 14.46256006131903
1   538U 61015FX  22035.70388958  .00001549  00000-0  45366-3 0   255\
2   538  67.8106 140.3333 0009452 137.7862 222.3983 14.46256321132624
1 00538U 61015FX  22035.70388958  .00001549  00000-0  45366-3 0    19\
2 00538  67.8106 140.3333 0009452 137.7862 222.3983 14.46256321131926
1 00538U 61015FX  22036.53377279  .00001692  00000-0  49337-3 0    16\
2 00538  67.8107 138.2056 0009380 136.7974 223.3878 14.46259919132042
1   538U 61015FX  22037.50196795  .00001624  00000-0  47458-3 0   260\
2   538  67.8107 135.7233 0009242 135.5461 224.6398 14.46262904132887
1 00538U 61015FX  22037.57112475  .00001619  00000-0  47307-3 0    10\
2 00538  67.8107 135.5460 0009237 135.4599 224.7261 14.46263083132195
1 00538U 61015FX  22037.70943809  .00001612  00000-0  47111-3 0    14\
2 00538  67.8107 135.1914 0009220 135.2825 224.9036 14.46263544132214
1   538U 61015FX  22038.53931801  .00001501  00000-0  44033-3 0   270\
2   538  67.8107 133.0639 0009122 134.2716 225.9149 14.46265685133039
1 00538U 61015FX  22038.53931801  .00001501  00000-0  44033-3 0    12\
2 00538  67.8107 133.0639 0009122 134.2716 225.9149 14.46265685132331
1 00538U 61015FX  22038.60847452  .00001503  00000-0  44082-3 0    14\
2 00538  67.8107 132.8866 0009122 134.1584 226.0283 14.46265951132340
1 00538U 61015FX  22039.57666521  .00001510  00000-0  44275-3 0    19\
2 00538  67.8107 130.4044 0009038 132.8798 227.3078 14.46269337132483
1   538U 61015FX  22039.64582160  .00001505  00000-0  44149-3 0   286\
2   538  67.8107 130.2271 0009027 132.7758 227.4118 14.46269555133193
1 00538U 61015FX  22039.64582160  .00001505  00000-0  44149-3 0    17\
2 00538  67.8107 130.2271 0009027 132.7758 227.4118 14.46269555132495
1 00538U 61015FX  22040.54485389  .00001571  00000-0  45982-3 0    12\
2 00538  67.8107 127.9221 0008946 131.6396 228.5487 14.46272918132621
1   538U 61015FX  22041.51304056  .00001462  00000-0  42929-3 0   298\
2   538  67.8106 125.4397 0008845 130.3617 229.8272 14.46275498133462
1 00538U 61015FX  22041.58219670  .00001486  00000-0  43592-3 0    15\
2 00538  67.8106 125.2624 0008829 130.2934 229.8954 14.46275829132774
1 00538U 61015FX  22041.65135280  .00001483  00000-0  43506-3 0    19\
2 00538  67.8106 125.0851 0008821 130.1888 230.0001 14.46276038132784
1 00538U 61015FX  22042.55038074  .00001514  00000-0  44377-3 0    14\
2 00538  67.8104 122.7801 0008744 128.9889 231.2006 14.46279186132911
1   538U 61015FX  22042.61953676  .00001497  00000-0  43914-3 0   303\
2   538  67.8104 122.6027 0008723 128.9197 231.2697 14.46279284133623
1 00538U 61015FX  22042.61953676  .00001497  00000-0  43914-3 0    11\
2 00538  67.8104 122.6027 0008723 128.9197 231.2697 14.46279284132925
1 00538U 61015FX  22043.51856325  .00001458  00000-0  42827-3 0    13\
2 00538  67.8104 120.2977 0008623 127.7046 232.4852 14.46281839133052
1 00538U 61015FX  22043.58771902  .00001464  00000-0  42992-3 0    17\
2 00538  67.8104 120.1203 0008625 127.5889 232.6011 14.46282102133062
1   538U 61015FX  22044.48674318  .00001429  00000-0  41997-3 0   318\
2   538  67.8103 117.8151 0008527 126.3333 233.8571 14.46284819133890
1 00538U 61015FX  22044.55589903  .00001400  00000-0  41209-3 0    13\
2 00538  67.8103 117.6378 0008520 126.2343 233.9561 14.46284820133209
1 00538U 61015FX  22045.59323292  .00001298  00000-0  38348-3 0    10\
2 00538  67.8102 114.9781 0008432 124.7420 235.4490 14.46287477133352
1 00538U 61015FX  22046.56140919  .00001188  00000-0  35292-3 0    14\
2 00538  67.8101 112.4956 0008346 123.3006 236.8910 14.46289888133492
1   538U 61015FX  22047.18380746  .00001097  00000-0  32756-3 0   333\
2   538  67.8100 110.8997 0008295 122.4027 237.7892 14.46291237134282
1 00538U 61015FX  22047.52958387  .00001162  00000-0  34581-3 0    19\
2 00538  67.8101 110.0131 0008262 121.9200 238.2720 14.46292580133632
1   538U 61015FX  22048.49775621  .00001150  00000-0  34242-3 0   341\
2   538  67.8100 107.5306 0008191 120.4661 239.7265 14.46295455134479
1 00538U 61015FX  22048.56691162  .00001092  00000-0  32628-3 0    11\
2 00538  67.8100 107.3533 0008185 120.3631 239.8295 14.46295251133789
1 00538U 61015FX  22049.53508288  .00001046  00000-0  31331-3 0    14\
2 00538  67.8100 104.8708 0008105 118.8632 241.3298 14.46297556133927
1   538U 61015FX  22049.60423791  .00001041  00000-0  31207-3 0   351\
2   538  67.8100 104.6935 0008098 118.7472 241.4458 14.46297709134637
1 00538U 61015FX  22049.88085794  .00001009  00000-0  30304-3 0    12\
2 00538  67.8100 103.9842 0008072 118.2947 241.8983 14.46298245133979
1 00538U 61015FX  22050.50325267  .00001082  00000-0  32339-3 0    16\
2 00538  67.8100 102.3884 0008020 117.3311 242.8622 14.46300133134068
1   538U 61015FX  22051.47142070  .00001105  00000-0  32991-3 0   360\
2   538  67.8099  99.9058 0007960 115.7973 244.3965 14.46302669134903
1 00538U 61015FX  22051.54057570  .00001069  00000-0  31968-3 0    12\
2 00538  67.8099  99.7285 0007945 115.6494 244.5443 14.46302577134218
1   538U 61015FX  22052.50874271  .00000980  00000-0  29487-3 0   377\
2   538  67.8098  97.2458 0007872 114.0892 246.1047 14.46304286135056
1 00538U 61015FX  22052.50874271  .00000980  00000-0  29487-3 0    18\
2 00538  67.8098  97.2458 0007872 114.0892 246.1047 14.46304286134358
1 00538U 61015FX  22053.47690806  .00000993  00000-0  29864-3 0    18\
2 00538  67.8097  94.7631 0007794 112.4583 247.7358 14.46306563134491
1   538U 61015FX  22054.09929971  .00000932  00000-0  28151-3 0   386\
2   538  67.8097  93.1672 0007757 111.4058 248.7886 14.46307538135282
1 00538U 61015FX  22054.51422703  .00000912  00000-0  27608-3 0    18\
2 00538  67.8096  92.1031 0007739 110.7006 249.4940 14.46308314134645
1   538U 61015FX  22055.20577176  .00000957  00000-0  28864-3 0   395\
2   538  67.8096  90.3298 0007692 109.5218 250.6729 14.46310115135449
1 00538U 61015FX  22055.48238953  .00000946  00000-0  28540-3 0    10\
2 00538  67.8096  89.6206 0007662 108.9496 251.2450 14.46310627134789
1   538U 61015FX  22056.45055050  .00000976  00000-0  29389-3 0   401\
2   538  67.8095  87.1378 0007606 107.2221 252.9727 14.46312945135621
1 00538U 61015FX  22056.45055050  .00000976  00000-0  29389-3 0    18\
2 00538  67.8095  87.1378 0007606 107.2221 252.9727 14.46312945134923
1   538U 61015FX  22057.48786449  .00001010  00000-0  30315-3 0   410\
2   538  67.8095  84.4778 0007572 105.4311 254.7641 14.46315366135778
1 00538U 61015FX  22057.48786449  .00001010  00000-0  30315-3 0    16\
2 00538  67.8095  84.4778 0007572 105.4311 254.7641 14.46315366135071
1 00538U 61015FX  22058.45602267  .00001061  00000-0  31743-3 0    11\
2 00538  67.8096  81.9950 0007523 103.5675 256.6279 14.46317759135216
1   538U 61015FX  22059.14756285  .00001139  00000-0  33906-3 0   422\
2   538  67.8096  80.2217 0007497 102.3784 257.8171 14.46319870136011
1 00538U 61015FX  22059.42417906  .00001172  00000-0  34819-3 0    13\
2 00538  67.8096  79.5124 0007489 101.9030 258.2925 14.46320573135359
1   538U 61015FX  22060.46148784  .00001140  00000-0  33940-3 0   439\
2   538  67.8096  76.8523 0007472 100.1991 259.9968 14.46322822136200
1 00538U 61015FX  22060.46148784  .00001140  00000-0  33940-3 0    13\
2 00538  67.8096  76.8523 0007472 100.1991 259.9968 14.46322822135502
1 00538U 61015FX  22061.42964139  .00001111  00000-0  33118-3 0    15\
2 00538  67.8097  74.3698 0007455  98.3469 261.8492 14.46324866135647
1   538U 61015FX  22062.12117851  .00001087  00000-0  32456-3 0   447\
2   538  67.8098  72.5965 0007446  97.0949 263.1013 14.46326400136443
1 00538U 61015FX  22062.46694693  .00001196  00000-0  35481-3 0    13\
2 00538  67.8098  71.7097 0007445  96.7141 263.4822 14.46327726135799
1 00538U 61015FX  22062.74356123  .00001159  00000-0  34451-3 0    12\
2 00538  67.8098  71.0003 0007428  96.2255 263.9707 14.46328255135831
1   538U 61015FX  22063.43509702  .00001282  00000-0  37882-3 0   458\
2   538  67.8099  69.2270 0007440  94.9927 265.2038 14.46330496136633
1 00538U 61015FX  22063.43509702  .00001282  00000-0  37882-3 0    10\
2 00538  67.8099  69.2270 0007440  94.9927 265.2038 14.46330496135935
1 00538U 61015FX  22064.26493808  .00001463  00000-0  42916-3 0    16\
2 00538  67.8100  67.0991 0007446  93.4707 266.7260 14.46333666136059
1 00538U 61015FX  22064.40324484  .00001467  00000-0  43015-3 0    10\
2 00538  67.8100  66.7444 0007439  93.1761 267.0206 14.46334044136074
1   538U 61015FX  22064.74901148  .00001510  00000-0  44235-3 0   468\
2   538  67.8101  65.8579 0007434  92.7974 267.3992 14.46335222136827
1 00538U 61015FX  22064.74901148  .00001510  00000-0  44235-3 0    19\
2 00538  67.8101  65.8579 0007434  92.7974 267.3992 14.46335222136120
1 00538U 61015FX  22065.37138993  .00001764  00000-0  51284-3 0    12\
2 00538  67.8102  64.2619 0007426  91.7684 268.4282 14.46338544136211
1 00538U 61015FX  22065.71715615  .00001707  00000-0  49702-3 0    11\
2 00538  67.8102  63.3753 0007444  90.7783 269.4185 14.46339131136260
1   538U 61015FX  22066.06292193  .00001608  00000-0  46953-3 0   476\
2   538  67.8101  62.4886 0007449  90.1693 270.0276 14.46339588137014
1 00538U 61015FX  22066.40868739  .00001667  00000-0  48587-3 0    19\
2 00538  67.8102  61.6019 0007448  89.5342 270.6627 14.46340857136360
1   538U 61015FX  22067.23852305  .00001637  00000-0  47750-3 0   482\
2   538  67.8103  59.4740 0007464  88.0501 272.1469 14.46343263137182
1 00538U 61015FX  22067.37682885  .00001638  00000-0  47760-3 0    12\
2 00538  67.8103  59.1193 0007470  87.9056 272.2915 14.46343688136504
1   538U 61015FX  22068.34496802  .00001747  00000-0  50811-3 0   496\
2   538  67.8104  56.6366 0007482  86.1726 274.0245 14.46347405137347
1 00538U 61015FX  22068.34496802  .00001747  00000-0  50811-3 0    14\
2 00538  67.8104  56.6366 0007482  86.1726 274.0245 14.46347405136649
1 00538U 61015FX  22069.38225766  .00001709  00000-0  49731-3 0    15\
2 00538  67.8105  53.9766 0007512  84.3433 275.8538 14.46350633136790
1   538U 61015FX  22069.38225766  .00001709  00000-0  49731-3 0   509\
2   538  67.8105  53.9766 0007512  84.3433 275.8538 14.46350633137498
1 00538U 61015FX  22070.35039159  .00001746  00000-0  50756-3 0    13\
2 00538  67.8106  51.4940 0007571  82.5236 277.6739 14.46354354136937
1   538U 61015FX  22071.11106602  .00001914  00000-0  55438-3 0   510\
2   538  67.8108  49.5433 0007596  81.2463 278.9513 14.46358228137747
1 00538U 61015FX  22071.31852191  .00002136  00000-0  61601-3 0    14\
2 00538  67.8108  49.0111 0007606  80.8745 279.3230 14.46360353137074
1 00538U 61015FX  22071.94089129  .00001800  00000-0  52261-3 0    15\
2 00538  67.8109  47.4152 0007643  79.7019 280.4958 14.46360761137167
1   538U 61015FX  22072.35580255  .00002149  00000-0  61954-3 0   529\
2   538  67.8109  46.3511 0007649  79.0610 281.1366 14.46364354137927
1 00538U 61015FX  22072.35580255  .00002149  00000-0  61954-3 0    13\
2 00538  67.8109  46.3511 0007649  79.0610 281.1366 14.46364354137220
1 00538U 61015FX  22072.90901626  .00002334  00000-0  67097-3 0    13\
2 00538  67.8110  44.9325 0007657  78.1983 281.9990 14.46367944137309
1 00538U 61015FX  22073.32392676  .00002797  00000-0  79949-3 0    11\
2 00538  67.8119  43.8687 0007681  77.0388 283.1585 14.46370807137363
1   538U 61015FX  22073.94629087  .00002501  00000-0  71723-3 0   530\
2   538  67.8120  42.2727 0007726  76.0865 284.1110 14.46373060138159
1 00538U 61015FX  22074.01544230  .00002507  00000-0  71879-3 0    16\
2 00538  67.8121  42.0954 0007732  75.9327 284.2648 14.46373438137467
1 00538U 61015FX  22074.22289664  .00002189  00000-0  63045-3 0    18\
2 00538  67.8121  41.5633 0007741  75.6139 284.5835 14.46373446137496
1   538U 61015FX  22075.12186337  .00002115  00000-0  60990-3 0   544\
2   538  67.8123  39.2579 0007777  74.1368 286.0605 14.46377809138320
1 00538U 61015FX  22075.32931694  .00002053  00000-0  59257-3 0    17\
2 00538  67.8124  38.7260 0007788  73.8308 286.3664 14.46378615137653
1   538U 61015FX  22076.15913023  .00001868  00000-0  54126-3 0   557\
2   538  67.8126  36.5980 0007833  72.5076 287.6895 14.46381738138470
1 00538U 61015FX  22076.29743229  .00001843  00000-0  53419-3 0    19\
2 00538  67.8126  36.2432 0007826  72.2792 287.9177 14.46382235137796
1 00538U 61015FX  22076.91979106  .00001618  00000-0  47189-3 0    10\
2 00538  67.8128  34.6472 0007865  71.3609 288.8359 14.46384030137881
1   538U 61015FX  22077.19639463  .00001615  00000-0  47098-3 0   566\
2   538  67.8129  33.9379 0007873  70.8959 289.3008 14.46384968138621
1 00538U 61015FX  22077.33469640  .00001611  00000-0  46985-3 0    10\
2 00538  67.8129  33.5832 0007879  70.6988 289.4979 14.46385435137949
1   538U 61015FX  22078.30280776  .00001537  00000-0  44934-3 0   579\
2   538  67.8131  31.1007 0007938  69.2364 290.9601 14.46388276138786
1 00538U 61015FX  22078.57941098  .00001604  00000-0  46794-3 0    19\
2 00538  67.8119  30.3917 0007959  69.0742 291.1225 14.46389003138126
1 00538U 61015FX  22078.92516428  .00001539  00000-0  44963-3 0    16\
2 00538  67.8119  29.5051 0007999  68.6192 291.5777 14.46389931138174
1 00538U 61015FX  22079.27091721  .00001543  00000-0  45091-3 0    17\
2 00538  67.8120  28.6184 0008018  68.0225 292.1741 14.46391191138222
1   538U 61015FX  22079.82412148  .00001496  00000-0  43788-3 0   588\
2   538  67.8120  27.1999 0008057  67.2120 292.9845 14.46392860139002
1 00538U 61015FX  22079.89327207  .00001478  00000-0  43272-3 0    12\
2 00538  67.8120  27.0225 0008070  67.1239 293.0728 14.46392974138319
1   538U 61015FX  22080.86137832  .00001406  00000-0  41264-3 0   597\
2   538  67.8122  24.5399 0008173  65.7184 294.4784 14.46395606139157
1 00538U 61015FX  22080.23902451  .00001447  00000-0  42415-3 0    16\
2 00538  67.8120  26.1358 0008110  66.6063 293.5905 14.46393893138368
1 00538U 61015FX  22080.86137832  .00001406  00000-0  41264-3 0    14\
2 00538  67.8122  24.5399 0008173  65.7184 294.4784 14.46395606138459
1 00538U 61015FX  22081.55288147  .00001468  00000-0  42997-3 0    19\
2 00538  67.8123  22.7665 0008237  64.7211 295.4757 14.46398059138554
1 00538U 61015FX  22081.89863261  .00001439  00000-0  42195-3 0    10\
2 00538  67.8123  21.8799 0008262  64.3420 295.8548 14.46398995138605
1   538U 61015FX  22082.17523312  .00001560  00000-0  45540-3 0   609\
2   538  67.8123  21.1706 0008263  63.9749 296.2217 14.46400519139342
1 00538U 61015FX  22082.24438332  .00001548  00000-0  45212-3 0    11\
2 00538  67.8123  20.9932 0008264  63.8765 296.3200 14.46400658138658
1 00538U 61015FX  22082.93588421  .00001537  00000-0  44914-3 0    18\
2 00538  67.8123  19.2200 0008314  62.9549 297.2414 14.46402807138759
1   538U 61015FX  22083.21248445  .00001544  00000-0  45100-3 0   611\
2   538  67.8124  18.5107 0008324  62.4857 297.7104 14.46403629139492
1 00538U 61015FX  22083.21248445  .00001544  00000-0  45100-3 0    15\
2 00538  67.8124  18.5107 0008324  62.4857 297.7104 14.46403629138794
1 00538U 61015FX  22083.83483357  .00001619  00000-0  47183-3 0    12\
2 00538  67.8124  16.9148 0008360  61.6089 298.5868 14.46406156138883
1 00538U 61015FX  22084.52633221  .00001649  00000-0  47999-3 0    14\
2 00538  67.8125  15.1416 0008432  60.6772 299.5185 14.46408452138986
1   538U 61015FX  22084.87208105  .00001636  00000-0  47644-3 0   621\
2   538  67.8125  14.2550 0008460  60.2466 299.9490 14.46409513139738
1 00538U 61015FX  22084.87208105  .00001636  00000-0  47644-3 0    14\
2 00538  67.8125  14.2550 0008460  60.2466 299.9490 14.46409513139031
1 00538U 61015FX  22085.21782981  .00001727  00000-0  50186-3 0    18\
2 00538  67.8125  13.3683 0008488  59.7722 300.4233 14.46411021139081
1 00538U 61015FX  22085.90932577  .00001606  00000-0  46813-3 0    10\
2 00538  67.8125  11.5951 0008549  58.9166 301.2787 14.46412769139184
1   538U 61015FX  22086.18592384  .00001575  00000-0  45960-3 0   634\
2   538  67.8124  10.8857 0008560  58.4362 301.7588 14.46413530139929
1 00538U 61015FX  22086.18592384  .00001575  00000-0  45960-3 0    16\
2 00538  67.8124  10.8857 0008560  58.4362 301.7588 14.46413530139222
1 00538U 61015FX  22086.87741805  .00001715  00000-0  49828-3 0    19\
2 00538  67.8124   9.1125 0008607  57.5594 302.6353 14.46416712139326
1 00538U 61015FX  22087.15401500  .00001801  00000-0  52210-3 0    11\
2 00538  67.8124   8.4031 0008617  57.1167 303.0777 14.46418241139365
1   538U 61015FX  22087.84550780  .00001809  00000-0  52439-3 0   642\
2   538  67.8123   6.6297 0008680  56.2052 303.9889 14.46420696140161
1 00538U 61015FX  22087.91465698  .00001810  00000-0  52452-3 0    11\
2 00538  67.8123   6.4524 0008684  56.1070 304.0870 14.46420943139474
1 00538U 61015FX  22088.19125348  .00001999  00000-0  57711-3 0    18\
2 00538  67.8123   5.7431 0008714  55.7546 304.4394 14.46422972139514
1 00538U 61015FX  22088.88274316  .00002148  00000-0  61847-3 0    16\
2 00538  67.8123   3.9698 0008752  54.7773 305.4161 14.46426625139615
1   538U 61015FX  22089.02104101  .00002152  00000-0  61955-3 0   652\
2   538  67.8123   3.6151 0008762  54.5542 305.6390 14.46427181140334
1 00538U 61015FX  22089.36678595  .00002614  00000-0  74752-3 0    14\
2 00538  67.8138   2.7284 0008844  54.0393 306.1541 14.46429418139682
1 00538U 61015FX  22089.85082689  .00002957  00000-0  84270-3 0    17\
2 00538  67.8138   1.4871 0008846  53.4137 306.7791 14.46432854139750
1   538U 61015FX  22090.12742096  .00003045  00000-0  86699-3 0   661\
2   538  67.8139   0.7781 0008885  52.7336 307.4588 14.46434732140491
1 00538U 61015FX  22090.12742096  .00003045  00000-0  86699-3 0    10\
2 00538  67.8139   0.7781 0008885  52.7336 307.4588 14.46434732139792
1 00538U 61015FX  22090.88805374  .00003440  00000-0  97666-3 0    17\
2 00538  67.8138 358.8277 0008939  51.8622 308.3298 14.46440170139900
1 00538U 61015FX  22091.09549833  .00003595  00000-0  10195-2 0    18\
2 00538  67.8139 358.2959 0008965  51.6033 308.5887 14.46441973139936
1   538U 61015FX  22091.78697958  .00003377  00000-0  95905-3 0   679\
2   538  67.8138 356.5228 0009042  50.8043 309.3874 14.46445696140735
1 00538U 61015FX  22091.92527549  .00003406  00000-0  96699-3 0    15\
2 00538  67.8138 356.1681 0009052  50.6688 309.5228 14.46446656140055
1   538U 61015FX  22092.82419634  .00003699  00000-0  10481-2 0   681\
2   538  67.8140 353.8626 0009128  50.1615 310.0303 14.46453962140880
1 00538U 61015FX  22092.89334416  .00003490  00000-0  99019-3 0    13\
2 00538  67.8140 353.6851 0009159  49.8102 310.3814 14.46453821140196
1   538U 61015FX  22093.86140822  .00003040  00000-0  86516-3 0   690\
2   538  67.8137 351.2026 0009211  48.9424 311.2486 14.46459730141030
1 00538U 61015FX  22093.86140822  .00003040  00000-0  86516-3 0    16\
2 00538  67.8137 351.2026 0009211  48.9424 311.2486 14.46459730140332
1 00538U 61015FX  22094.06884994  .00002991  00000-0  85160-3 0    12\
2 00538  67.8136 350.6705 0009189  48.6275 311.5629 14.46460933140365
1 00538U 61015FX  22094.89861530  .00002709  00000-0  77351-3 0    14\
2 00538  67.8133 348.5423 0009258  47.6683 312.5215 14.46465251140487
1   538U 61015FX  22095.10605619  .00002659  00000-0  75942-3 0   707\
2   538  67.8131 348.0106 0009259  47.5469 312.6428 14.46466415141212
1 00538U 61015FX  22095.10605619  .00002659  00000-0  75942-3 0    11\
2 00538  67.8131 348.0106 0009259  47.5469 312.6428 14.46466415140514
1 00538U 61015FX  22095.86667172  .00002636  00000-0  75317-3 0    17\
2 00538  67.8130 346.0599 0009313  46.7003 313.4888 14.46470845140626
1 00538U 61015FX  22096.07411205  .00002588  00000-0  73974-3 0    18\
2 00538  67.8130 345.5281 0009327  46.4693 313.7196 14.46471801140656
1   538U 61015FX  22096.83472506  .00002458  00000-0  70377-3 0   710\
2   538  67.8130 343.5773 0009384  45.5331 314.6551 14.46475470141463
1 00538U 61015FX  22096.90387159  .00002472  00000-0  70762-3 0    14\
2 00538  67.8130 343.4000 0009396  45.5051 314.6831 14.46475867140771
1 00538U 61015FX  22097.38789710  .00002267  00000-0  65068-3 0    11\
2 00538  67.8129 342.1585 0009434  44.8251 315.3625 14.46477623140849
1 00538U 61015FX  22097.80277498  .00002343  00000-0  67165-3 0    18\
2 00538  67.8128 341.0944 0009464  44.2924 315.8948 14.46480154140902
1   538U 61015FX  22098.07936013  .00002348  00000-0  67296-3 0   721\
2   538  67.8128 340.3850 0009492  44.0020 316.1850 14.46481534141647
1 00538U 61015FX  22098.07936013  .00002348  00000-0  67296-3 0    13\
2 00538  67.8128 340.3850 0009492  44.0020 316.1850 14.46481534140949
1 00538U 61015FX  22098.90911424  .00002122  00000-0  61032-3 0    16\
2 00538  67.8127 338.2568 0009551  43.0499 317.1362 14.46484816141064
1   538U 61015FX  22099.39313633  .00002113  00000-0  60796-3 0   733\
2   538  67.8127 337.0153 0009596  42.5293 317.6565 14.46487174141831
1 00538U 61015FX  22099.39313633  .00002113  00000-0  60796-3 0    14\
2 00538  67.8127 337.0153 0009596  42.5293 317.6565 14.46487174141134
1 00538U 61015FX  22099.73886587  .00002142  00000-0  61592-3 0    12\
2 00538  67.8127 336.1286 0009613  42.2260 317.9594 14.46488981141189
1 00538U 61015FX  22100.01544921  .00002100  00000-0  60431-3 0    14\
2 00538  67.8127 335.4193 0009636  41.9473 318.2379 14.46490168141225
1   538U 61015FX  22100.77605197  .00002100  00000-0  60411-3 0   748\
2   538  67.8126 333.4683 0009704  40.9955 319.1889 14.46494003142034
1 00538U 61015FX  22100.77605197  .00002100  00000-0  60411-3 0    18\
2 00538  67.8126 333.4683 0009704  40.9955 319.1889 14.46494003141336
1 00538U 61015FX  22101.05263441  .00002049  00000-0  58991-3 0    14\
2 00538  67.8126 332.7589 0009728  40.7386 319.4455 14.46495152141377
1 00538U 61015FX  22101.88238018  .00001828  00000-0  52869-3 0    19\
2 00538  67.8125 330.6306 0009780  39.7178 320.4652 14.46498420141490
1   538U 61015FX  22102.02067092  .00001806  00000-0  52264-3 0   754\
2   538  67.8124 330.2758 0009779  39.8160 320.3671 14.46499029142213
1 00538U 61015FX  22102.85041399  .00002137  00000-0  61432-3 0    11\
2 00538  67.8123 328.1476 0009827  38.7717 321.4102 14.46503936141634
1 00538U 61015FX  22102.98870429  .00002120  00000-0  60963-3 0    19\
2 00538  67.8126 327.7927 0009821  38.7611 321.4208 14.46504529141658
1   538U 61015FX  22103.81844662  .00001824  00000-0  52763-3 0   763\
2   538  67.8123 325.6645 0009886  37.7749 322.4059 14.46506535142476
1 00538U 61015FX  22103.88759169  .00001826  00000-0  52798-3 0    15\
2 00538  67.8123 325.4872 0009891  37.6998 322.4809 14.46506783141788
1 00538U 61015FX  22104.02588174  .00001827  00000-0  52836-3 0    12\
2 00538  67.8123 325.1325 0009906  37.5492 322.6313 14.46507345141803
1 00538U 61015FX  22104.71733124  .00001824  00000-0  52750-3 0    17\
2 00538  67.8120 323.3590 0009954  36.7758 323.4038 14.46510035141907
1   538U 61015FX  22104.99391049  .00001901  00000-0  54887-3 0   775\
2   538  67.8119 322.6496 0009975  36.5027 323.6766 14.46511400142641
1 00538U 61015FX  22104.99391049  .00001901  00000-0  54887-3 0    12\
2 00538  67.8119 322.6496 0009975  36.5027 323.6766 14.46511400141943
1 00538U 61015FX  22105.89279177  .00001949  00000-0  56210-3 0    13\
2 00538  67.8116 320.3438 0010033  35.3671 324.8108 14.46515206142076
1   538U 61015FX  22106.03108097  .00001950  00000-0  56237-3 0   787\
2   538  67.8116 319.9891 0010043  35.2570 324.9208 14.46515817142790
1 00538U 61015FX  22106.03108097  .00001950  00000-0  56237-3 0    13\
2 00538  67.8116 319.9891 0010043  35.2570 324.9208 14.46515817142093
1 00538U 61015FX  22106.92995940  .00001813  00000-0  52431-3 0    12\
2 00538  67.8105 317.6832 0010079  34.2034 325.9729 14.46518839142225
1 00538U 61015FX  22107.55225891  .00001834  00000-0  53010-3 0    10\
2 00538  67.8105 316.0870 0010091  33.7024 326.4731 14.46521433142310
1   538U 61015FX  22107.82883601  .00001828  00000-0  52848-3 0   795\
2   538  67.8105 315.3777 0010116  33.3631 326.8120 14.46522538143051
1 00538U 61015FX  22107.89798028  .00001835  00000-0  53047-3 0    15\
2 00538  67.8105 315.2004 0010128  33.2687 326.9063 14.46522838142369
1 00538U 61015FX  22107.96712450  .00001801  00000-0  52097-3 0    15\
2 00538  67.8113 315.0231 0010170  33.1519 327.0232 14.46523482142375
1 00538U 61015FX  22108.86599851  .00001885  00000-0  54417-3 0    13\
2 00538  67.8111 312.7174 0010231  32.0402 328.1333 14.46527213142505
1   538U 61015FX  22108.93514262  .00001889  00000-0  54527-3 0   807\
2   538  67.8111 312.5400 0010240  31.9202 328.2532 14.46527453143218
1 00538U 61015FX  22109.28086270  .00002021  00000-0  58188-3 0    18\
2 00538  67.8111 311.6531 0010270  31.4541 328.7187 14.46529176142569
1   538U 61015FX  22109.97230216  .00002065  00000-0  59384-3 0   810\
2   538  67.8111 309.8796 0010328  30.6178 329.5538 14.46531809143366
1 00538U 61015FX  22110.52545233  .00001927  00000-0  55570-3 0    12\
2 00538  67.8100 308.4609 0010327  30.1089 330.0618 14.46533893142749
1   538U 61015FX  22112.25404127  .00002269  00000-0  65041-3 0   823\
2   538  67.8099 304.0267 0010425  28.1005 332.0671 14.46542716143692
1 00538U 61015FX  22112.25404127  .00002269  00000-0  65041-3 0    14\
2 00538  67.8099 304.0267 0010425  28.1005 332.0671 14.46542716142994
1   538U 61015FX  22113.49862014  .00002444  00000-0  69869-3 0   831\
2   538  67.8111 300.8338 0010534  26.6110 333.5544 14.46548008143876
1 00538U 61015FX  22113.49862014  .00002444  00000-0  69869-3 0    11\
2 00538  67.8111 300.8338 0010534  26.6110 333.5544 14.46548008143179
1 00538U 61015FX  22114.46662147  .00002372  00000-0  67861-3 0    14\
2 00538  67.8110 298.3507 0010598  25.4391 334.7244 14.46552624143310
1   538U 61015FX  22115.50376201  .00002263  00000-0  64844-3 0   841\
2   538  67.8108 295.6901 0010617  24.3360 335.8255 14.46557595144161
1 00538U 61015FX  22115.50376201  .00002263  00000-0  64844-3 0    10\
2 00538  67.8108 295.6901 0010617  24.3360 335.8255 14.46557595143463
1 00538U 61015FX  22116.47175628  .00002230  00000-0  63909-3 0    12\
2 00538  67.8107 293.2070 0010677  23.1579 337.0016 14.46562559143609
1 00538U 61015FX  22116.88660983  .00002718  00000-0  77419-3 0    12\
2 00538  67.8106 292.1427 0010693  22.7523 337.4064 14.46566203143667
1   538U 61015FX  22116.88660983  .00002718  00000-0  77419-3 0   854\
2   538  67.8106 292.1427 0010693  22.7523 337.4064 14.46566203144365
1   538U 61015FX  22117.92373993  .00003440  00000-0  97365-3 0   868\
2   538  67.8103 289.4815 0010751  21.5192 338.6374 14.46574487144513
1 00538U 61015FX  22118.54601602  .00003209  00000-0  90984-3 0    18\
2 00538  67.8102 287.8853 0010739  20.7175 339.4374 14.46577481143902
1   538U 61015FX  22119.51399610  .00003333  00000-0  94398-3 0   874\
2   538  67.8103 285.4020 0010772  19.5539 340.5988 14.46584619144748
1 00538U 61015FX  22119.58313736  .00003341  00000-0  94617-3 0    15\
2 00538  67.8103 285.2246 0010778  19.4733 340.6793 14.46585119144052
1 00538U 61015FX  22119.85970210  .00003482  00000-0  98500-3 0    12\
2 00538  67.8104 284.5152 0010809  19.1648 340.9872 14.46587550144094
1   538U 61015FX  22120.82767589  .00003041  00000-0  86296-3 0   889\
2   538  67.8107 282.0316 0010847  17.8978 342.2517 14.46593858144937
1 00538U 61015FX  22120.89681671  .00003009  00000-0  85401-3 0    19\
2 00538  67.8107 281.8542 0010851  17.8110 342.3384 14.46594294144240
1 00538U 61015FX  22121.58822423  .00002993  00000-0  84951-3 0    18\
2 00538  67.8110 280.0802 0010950  17.1594 342.9889 14.46598826144345
1 00538U 61015FX  22121.79564613  .00002857  00000-0  81208-3 0    16\
2 00538  67.8112 279.5482 0010966  16.8917 343.2562 14.46599736144372
1   538U 61015FX  22121.86478670  .00002850  00000-0  81001-3 0   891\
2   538  67.8112 279.3708 0010972  16.8160 343.3317 14.46600172145083
1 00538U 61015FX  22122.55619174  .00002464  00000-0  70327-3 0    18\
2 00538  67.8110 277.5972 0011013  15.9994 344.1468 14.46602844144483
1 00538U 61015FX  22122.83275333  .00002380  00000-0  68021-3 0    19\
2 00538  67.8111 276.8878 0011036  15.5998 344.5456 14.46604115144525
1   538U 61015FX  22123.45501586  .00002113  00000-0  60638-3 0   908\
2   538  67.8112 275.2913 0011070  14.8846 345.2593 14.46606724145317
1 00538U 61015FX  22123.80071674  .00002067  00000-0  59358-3 0    14\
2 00538  67.8112 274.4042 0011064  14.3804 345.7624 14.46608233144667
1   538U 61015FX  22124.49211758  .00002032  00000-0  58370-3 0   913\
2   538  67.8113 272.6304 0011110  13.5441 346.5971 14.46611415145468
1 00538U 61015FX  22124.49211758  .00002032  00000-0  58370-3 0    14\
2 00538  67.8113 272.6304 0011110  13.5441 346.5971 14.46611415144760
1 00538U 61015FX  22125.46007647  .00002683  00000-0  76354-3 0    16\
2 00538  67.8114 270.1474 0011170  12.3328 347.8059 14.46617642144904
1   538U 61015FX  22125.80577561  .00003354  00000-0  94899-3 0   921\
2   538  67.8114 269.2606 0011201  11.9001 348.2377 14.46621001145653
1 00538U 61015FX  22125.80577561  .00003354  00000-0  94899-3 0    11\
2 00538  67.8114 269.2606 0011201  11.9001 348.2377 14.46621001144955
1 00538U 61015FX  22126.49717228  .00002989  00000-0  84813-3 0    11\
2 00538  67.8114 267.4869 0011235  11.0525 349.0836 14.46623061145054
1   538U 61015FX  22127.53426511  .00002273  00000-0  65025-3 0   930\
2   538  67.8114 264.8266 0011280   9.7255 350.4077 14.46625219145904
1 00538U 61015FX  22127.53426511  .00002273  00000-0  65025-3 0    19\
2 00538  67.8114 264.8266 0011280   9.7255 350.4077 14.46625219145207
1 00538U 61015FX  22127.81082324  .00001910  00000-0  54979-3 0    13\
2 00538  67.8112 264.1167 0011315   9.4654 350.6673 14.46624935145249
1 00538U 61015FX  22128.57135587  .00001873  00000-0  53952-3 0    15\
2 00538  67.8111 262.1656 0011386   8.6059 351.5249 14.46627777145355
1   538U 61015FX  22128.77877356  .00001857  00000-0  53517-3 0   945\
2   538  67.8111 261.6335 0011404   8.3569 351.7734 14.46628544146082
1 00538U 61015FX  22128.77877356  .00001857  00000-0  53517-3 0    13\
2 00538  67.8111 261.6335 0011404   8.3569 351.7734 14.46628544145384
1 00538U 61015FX  22129.53930481  .00001674  00000-0  48476-3 0    12\
2 00538  67.8104 259.6823 0011451   7.6304 352.4984 14.46630203145498
1 00538U 61015FX  22129.74672206  .00001643  00000-0  47595-3 0    10\
2 00538  67.8102 259.1500 0011449   7.2714 352.8565 14.46630798145523
1   538U 61015FX  22130.36897337  .00001525  00000-0  44355-3 0   957\
2   538  67.8103 257.5537 0011488   6.5391 353.5872 14.46632486146315
1 00538U 61015FX  22130.57639023  .00001583  00000-0  45957-3 0    16\
2 00538  67.8103 257.0216 0011500   6.2769 353.8488 14.46633544145642
1 00538U 61015FX  22130.64552917  .00001574  00000-0  45706-3 0    12\
2 00538  67.8103 256.8442 0011505   6.1905 353.9350 14.46633742145656
1   538U 61015FX  22131.47519509  .00001553  00000-0  45123-3 0   968\
2   538  67.8103 254.7157 0011543   5.1868 354.9365 14.46636745146479
1 00538U 61015FX  22131.47519509  .00001553  00000-0  45123-3 0    14\
2 00538  67.8103 254.7157 0011543   5.1868 354.9365 14.46636745145771
1   538U 61015FX  22132.65055186  .00001751  00000-0  50589-3 0   978\
2   538  67.8104 251.7004 0011631   3.7938 356.3263 14.46642237146643
1 00538U 61015FX  22132.58141330  .00001752  00000-0  50614-3 0    12\
2 00538  67.8104 251.8778 0011623   3.8797 356.2407 14.46641989145930
1 00538U 61015FX  22132.65055186  .00001751  00000-0  50589-3 0    13\
2 00538  67.8104 251.7004 0011631   3.7938 356.3263 14.46642237145945
1 00538U 61015FX  22133.48021332  .00001875  00000-0  53989-3 0    15\
2 00538  67.8104 249.5720 0011698   2.8893 357.2288 14.46646051146067
1   538U 61015FX  22133.75676670  .00001881  00000-0  54173-3 0   985\
2   538  67.8104 248.8626 0011720   2.4914 357.6258 14.46647127146808
1 00538U 61015FX  22133.75676670  .00001881  00000-0  54173-3 0    19\
2 00538  67.8104 248.8626 0011720   2.4914 357.6258 14.46647127146101
1 00538U 61015FX  22134.58642563  .00002303  00000-0  65805-3 0    19\
2 00538  67.8116 246.7340 0011819   1.4966 358.6183 14.46651623146226
1 00538U 61015FX  22134.72470185  .00002319  00000-0  66242-3 0    17\
2 00538  67.8116 246.3792 0011829   1.2888 358.8256 14.46652265146243
1   538U 61015FX  22135.48521929  .00002737  00000-0  77776-3 0   999\
2   538  67.8117 244.4283 0011872   0.3660 359.7462 14.46657293147059
1 00538U 61015FX  22135.55435714  .00002750  00000-0  78129-3 0    14\
2 00538  67.8117 244.2510 0011875   0.2850 359.8270 14.46657653146364
1 00538U 61015FX  22135.69263279  .00002773  00000-0  78772-3 0    13\
2 00538  67.8118 243.8963 0011889   0.1724 359.9393 14.46658460146382
1 00538U 61015FX  22136.38401038  .00002466  00000-0  70303-3 0    18\
2 00538  67.8118 242.1225 0011948 359.3367   0.7731 14.46660959146487
1   538U 61015FX  22137.00624835  .00002805  00000-0  79649-3 0  1009\
2   538  67.8118 240.5262 0011987 358.5262   1.5816 14.46665225147270
1 00538U 61015FX  22137.35193528  .00002782  00000-0  79005-3 0    17\
2 00538  67.8118 239.6394 0012026 358.2174   1.8897 14.46667222146628
1   538U 61015FX  22138.38899251  .00003376  00000-0  95382-3 0  1014\
2   538  67.8117 236.9791 0012105 357.0753   3.0290 14.46675492147479
1 00538U 61015FX  22138.38899251  .00003376  00000-0  95382-3 0    13\
2 00538  67.8117 236.9791 0012105 357.0753   3.0290 14.46675492146771
1 00538U 61015FX  22139.49518210  .00003723  00000-0  10494-2 0    15\
2 00538  67.8116 234.1411 0012176 355.6782   4.4226 14.46683364146932
1   538U 61015FX  22139.49518210  .00003723  00000-0  10494-2 0  1027\
2   538  67.8116 234.1411 0012176 355.6782   4.4226 14.46683364147630
1 00538U 61015FX  22140.39395756  .00003109  00000-0  87997-3 0    15\
2 00538  67.8115 231.8354 0012257 354.5446   5.5534 14.46687034147063
1   538U 61015FX  22140.67050303  .00003269  00000-0  92402-3 0  1039\
2   538  67.8114 231.1257 0012301 354.1701   5.9269 14.46689270147802
1 00538U 61015FX  22140.67050303  .00003269  00000-0  92402-3 0    16\
2 00538  67.8114 231.1257 0012301 354.1701   5.9269 14.46689270147105
1 00538U 61015FX  22141.22359282  .00003390  00000-0  95711-3 0    17\
2 00538  67.8115 229.7069 0012334 353.5331   6.5623 14.46693309147185
1 00538U 61015FX  22141.56927300  .00003328  00000-0  94019-3 0    17\
2 00538  67.8113 228.8198 0012374 353.3567   6.7383 14.46695492147235
1 00538U 61015FX  22141.63840900  .00003321  00000-0  93814-3 0    10\
2 00538  67.8113 228.6424 0012388 353.2546   6.8401 14.46695947147244
1   538U 61015FX  22142.39890370  .00003083  00000-0  87246-3 0  1041\
2   538  67.8112 226.6912 0012418 352.1880   7.9040 14.46700195148059
1 00538U 61015FX  22142.53717491  .00003266  00000-0  92298-3 0    11\
2 00538  67.8111 226.3364 0012436 352.0698   8.0219 14.46701803147373
1 00538U 61015FX  22142.60631049  .00003326  00000-0  93925-3 0    18\
2 00538  67.8111 226.1593 0012447 352.1256   7.9663 14.46702583147386
1   538U 61015FX  22143.50507278  .00003049  00000-0  86278-3 0  1054\
2   538  67.8114 223.8530 0012534 351.2679   8.8217 14.46707866148217
1 00538U 61015FX  22143.50507278  .00003049  00000-0  86278-3 0    19\
2 00538  67.8114 223.8530 0012534 351.2679   8.8217 14.46707866147519
1 00538U 61015FX  22143.57420820  .00003034  00000-0  85868-3 0    11\
2 00538  67.8114 223.6757 0012544 351.1626   8.9266 14.46708273147529
1   538U 61015FX  22144.54210259  .00002478  00000-0  70530-3 0  1069\
2   538  67.8113 221.1925 0012627 350.0466  10.0398 14.46712158148360
1 00538U 61015FX  22144.54210259  .00002478  00000-0  70530-3 0    13\
2 00538  67.8113 221.1925 0012627 350.0466  10.0398 14.46712158147662
1 00538U 61015FX  22144.61123778  .00002451  00000-0  69789-3 0    15\
2 00538  67.8113 221.0151 0012638 349.9004  10.1855 14.46712464147679
1 00538U 61015FX  22145.57912912  .00002324  00000-0  66295-3 0    15\
2 00538  67.8113 218.5320 0012735 349.0421  11.0415 14.46717106147816
1   538U 61015FX  22145.57912912  .00002324  00000-0  66295-3 0  1072\
2   538  67.8113 218.5320 0012735 349.0421  11.0415 14.46717106148514
1 00538U 61015FX  22146.47788266  .00001996  00000-0  57241-3 0    13\
2 00538  67.8112 216.2255 0012877 348.1578  11.9232 14.46720381147946
1 00538U 61015FX  22146.54701740  .00002014  00000-0  57742-3 0    11\
2 00538  67.8112 216.0481 0012879 348.0781  12.0028 14.46720771147951
1   538U 61015FX  22147.51490376  .00001813  00000-0  52187-3 0  1081\
2   538  67.8112 213.5650 0012915 347.3523  12.7267 14.46724112148796
1 00538U 61015FX  22147.58403840  .00001787  00000-0  51481-3 0    16\
2 00538  67.8112 213.3875 0012932 347.1182  12.9601 14.46724281148107
1 00538U 61015FX  22148.55192128  .00001925  00000-0  55268-3 0    19\
2 00538  67.8110 210.9043 0013027 346.0908  13.9847 14.46728782148243
1   538U 61015FX  22148.62105577  .00001898  00000-0  54539-3 0  1097\
2   538  67.8110 210.7270 0013039 346.0059  14.0693 14.46728923148959
1 00538U 61015FX  22148.62105577  .00001898  00000-0  54539-3 0    18\
2 00538  67.8110 210.7270 0013039 346.0059  14.0693 14.46728923148252
1 00538U 61015FX  22149.51980242  .00001578  00000-0  45716-3 0    19\
2 00538  67.8107 208.4211 0013126 345.0143  15.0582 14.46731229148382
1 00538U 61015FX  22149.58893663  .00001586  00000-0  45933-3 0    16\
2 00538  67.8108 208.2435 0013142 344.9750  15.0974 14.46731584148399
1   538U 61015FX  22150.14201015  .00001473  00000-0  42805-3 0  1105\
2   538  67.8106 206.8245 0013173 344.2689  15.8015 14.46733353149175
1 00538U 61015FX  22150.55681510  .00001412  00000-0  41117-3 0    19\
2 00538  67.8101 205.7603 0013197 343.9005  16.1690 14.46733638148538
1   538U 61015FX  22151.59382586  .00001304  00000-0  38138-3 0  1116\
2   538  67.8099 203.0995 0013288 342.8759  17.1907 14.46736727149382
1 00538U 61015FX  22151.59382586  .00001304  00000-0  38138-3 0    14\
2 00538  67.8099 203.0995 0013288 342.8759  17.1907 14.46736727148684
1 00538U 61015FX  22152.14689717  .00001258  00000-0  36867-3 0    17\
2 00538  67.8099 201.6803 0013347 342.1811  17.8834 14.46738392148769
1   538U 61015FX  22153.11477124  .00001099  00000-0  32484-3 0  1129\
2   538  67.8097 199.1968 0013415 341.3984  18.6639 14.46740528149608
1 00538U 61015FX  22153.52957383  .00001075  00000-0  31837-3 0    16\
2 00538  67.8097 198.1325 0013459 340.9797  19.0815 14.46741646148960
1   538U 61015FX  22154.15177728  .00001024  00000-0  30427-3 0  1135\
2   538  67.8095 196.5360 0013524 340.3518  19.7075 14.46743148149759
1 00538U 61015FX  22154.42831206  .00000997  00000-0  29689-3 0    15\
2 00538  67.8095 195.8264 0013551 340.0521  20.0063 14.46743694149090
1   538U 61015FX  22155.18878196  .00000951  00000-0  28406-3 0  1149\
2   538  67.8094 193.8752 0013623 339.3322  20.7241 14.46745380149908
1 00538U 61015FX  22155.46531634  .00000968  00000-0  28874-3 0    15\
2 00538  67.8092 193.1656 0013657 339.0557  20.9998 14.46746080149242
1 00538U 61015FX  22155.81098412  .00000953  00000-0  28472-3 0    14\
2 00538  67.8092 192.2786 0013700 338.6654  21.3888 14.46746794149298
1   538U 61015FX  22156.43318600  .00000899  00000-0  26978-3 0  1151\
2   538  67.8091 190.6821 0013750 338.1210  21.9317 14.46747784150089
1 00538U 61015FX  22156.43318600  .00000899  00000-0  26978-3 0    15\
2 00538  67.8091 190.6821 0013750 338.1210  21.9317 14.46747784149380
1 00538U 61015FX  22157.40105427  .00000862  00000-0  25960-3 0    14\
2 00538  67.8090 188.1985 0013831 337.2181  22.8319 14.46749591149525
1   538U 61015FX  22158.16152101  .00000861  00000-0  25928-3 0  1169\
2   538  67.8089 186.2473 0013897 336.4973  23.5506 14.46751227150332
1 00538U 61015FX  22158.43805425  .00000866  00000-0  26075-3 0    15\
2 00538  67.8090 185.5378 0013920 336.2542  23.7929 14.46751795149673
1   538U 61015FX  22159.47505263  .00001000  00000-0  29767-3 0  1177\
2   538  67.8088 182.8768 0013995 335.3761  24.6685 14.46754685150524
1 00538U 61015FX  22159.47505263  .00001000  00000-0  29767-3 0    19\
2 00538  67.8088 182.8768 0013995 335.3761  24.6685 14.46754685149825
1 00538U 61015FX  22160.44291634  .00001046  00000-0  31007-3 0    12\
2 00538  67.8088 180.3932 0014075 334.6283  25.4140 14.46757015149962
1   538U 61015FX  22161.06511356  .00001063  00000-0  31475-3 0  1184\
2   538  67.8088 178.7967 0014122 334.0517  25.9889 14.46758509150751
1 00538U 61015FX  22161.47991134  .00001125  00000-0  33188-3 0    18\
2 00538  67.8087 177.7321 0014157 333.6824  26.3571 14.46759737150114
1   538U 61015FX  22162.17124021  .00001176  00000-0  34585-3 0  1197\
2   538  67.8086 175.9582 0014235 333.0689  26.9687 14.46761673150916
1 00538U 61015FX  22162.44777128  .00001207  00000-0  35440-3 0    15\
2 00538  67.8086 175.2487 0014266 332.7509  27.2856 14.46762561150250
1   538U 61015FX  22163.41562945  .00001234  00000-0  36201-3 0  1200\
2   538  67.8089 172.7653 0014344 332.0087  28.0255 14.46765262151097
1 00538U 61015FX  22163.41562945  .00001234  00000-0  36201-3 0    18\
2 00538  67.8089 172.7653 0014344 332.0087  28.0255 14.46765262150399
1   538U 61015FX  22164.45261702  .00001586  00000-0  45881-3 0  1217\
2   538  67.8090 170.1044 0014387 331.2032  28.8288 14.46770323151248
1 00538U 61015FX  22165.42047035  .00002035  00000-0  58225-3 0    19\
2 00538  67.8090 167.6208 0014435 330.3822  29.6475 14.46775654150688
1   538U 61015FX  22166.11179191  .00002088  00000-0  59676-3 0  1228\
2   538  67.8090 165.8469 0014479 329.7839  30.2441 14.46778453151485
1 00538U 61015FX  22166.38832075  .00001961  00000-0  56200-3 0    19\
2 00538  67.8090 165.1373 0014510 329.5487  30.4785 14.46778599150826
1 00538U 61015FX  22167.01050764  .00002270  00000-0  64695-3 0    18\
2 00538  67.8090 163.5408 0014516 329.1310  30.8951 14.46782963150913
1 00538U 61015FX  22170.32882561  .00002196  00000-0  62646-3 0    15\
2 00538  67.8100 155.0257 0014833 326.4423  33.5752 14.46795553151391
1   538U 61015FX  22171.36579333  .00001925  00000-0  55163-3 0  1285\
2   538  67.8100 152.3646 0014892 325.6720  34.3432 14.46798933152243
1 00538U 61015FX  22171.36579333  .00001925  00000-0  55163-3 0    15\
2 00538  67.8100 152.3646 0014892 325.6720  34.3432 14.46798933151545
1 00538U 61015FX  22172.33362626  .00001978  00000-0  56628-3 0    13\
2 00538  67.8101 149.8810 0014945 324.9509  35.0622 14.46803485151689
1 00538U 61015FX  22172.88667263  .00001907  00000-0  54676-3 0    11\
2 00538  67.8100 148.4617 0014973 324.5458  35.4661 14.46805672151764
1   538U 61015FX  22173.02493410  .00001883  00000-0  54019-3 0  1294\
2   538  67.8100 148.1069 0014975 324.4665  35.5452 14.46806192152480
1 00538U 61015FX  22173.37058752  .00001985  00000-0  56816-3 0    17\
2 00538  67.8100 147.2199 0014982 324.2754  35.7358 14.46807919151832
1 00538U 61015FX  22173.64710991  .00001958  00000-0  56080-3 0    10\
2 00538  67.8101 146.5103 0015011 324.0247  35.9857 14.46809023151877
1   538U 61015FX  22175.02971926  .00001617  00000-0  46679-3 0  1309\
2   538  67.8100 142.9621 0015048 323.1386  36.8694 14.46813637152770
1 00538U 61015FX  22175.30624056  .00001682  00000-0  48485-3 0    15\
2 00538  67.8100 142.2525 0015070 322.8605  37.1467 14.46814818152113
1   538U 61015FX  22176.06667404  .00001554  00000-0  44960-3 0  1319\
2   538  67.8094 140.3011 0015064 322.3035  37.7024 14.46816224152926
1 00538U 61015FX  22176.27406441  .00001625  00000-0  46913-3 0    19\
2 00538  67.8095 139.7690 0015074 322.1642  37.8413 14.46817430152254
1   538U 61015FX  22177.17275496  .00001742  00000-0  50115-3 0  1327\
2   538  67.8095 137.4628 0015082 321.6289  38.3753 14.46821596153083
1 00538U 61015FX  22177.31101491  .00001726  00000-0  49674-3 0    11\
2 00538  67.8096 137.1080 0015092 321.5204  38.4834 14.46822032152402
1 00538U 61015FX  22177.93318489  .00001517  00000-0  43932-3 0    15\
2 00538  67.8096 135.5114 0015136 321.0577  38.9448 14.46823021152493
1   538U 61015FX  22178.27883446  .00001495  00000-0  43324-3 0  1339\
2   538  67.8097 134.6242 0015177 320.8207  39.1809 14.46824029153245
1 00538U 61015FX  22178.27883446  .00001495  00000-0  43324-3 0    13\
2 00538  67.8097 134.6242 0015177 320.8207  39.1809 14.46824029152547
1 00538U 61015FX  22178.90100327  .00001267  00000-0  37038-3 0    15\
2 00538  67.8098 133.0276 0015193 320.3889  39.6116 14.46824788152635
1 00538U 61015FX  22179.24665239  .00001223  00000-0  35826-3 0    16\
2 00538  67.8098 132.1407 0015194 320.1080  39.8918 14.46825532152688
1   538U 61015FX  22179.86881992  .00001152  00000-0  33898-3 0  1345\
2   538  67.8098 130.5440 0015213 319.6819  40.3167 14.46827040153479
1 00538U 61015FX  22179.86881992  .00001152  00000-0  33898-3 0    18\
2 00538  67.8098 130.5440 0015213 319.6819  40.3167 14.46827040152771
1 00538U 61015FX  22180.56011665  .00001079  00000-0  31864-3 0    18\
2 00538  67.8098 128.7699 0015243 319.2265  40.7709 14.46828553152877
1 00538U 61015FX  22180.90576475  .00001039  00000-0  30780-3 0    13\
2 00538  67.8098 127.8828 0015248 318.9782  41.0186 14.46829268152929
1 00538U 61015FX  22181.25141271  .00000931  00000-0  27803-3 0    16\
2 00538  67.8099 126.9958 0015265 318.7667  41.2295 14.46829568152974
1 00538U 61015FX  22181.87357846  .00000886  00000-0  26561-3 0    10\
2 00538  67.8099 125.3992 0015285 318.3242  41.6708 14.46830922153062
1   538U 61015FX  22182.21922598  .00000904  00000-0  27072-3 0  1369\
2   538  67.8099 124.5121 0015298 318.0969  41.8975 14.46831814153816
1 00538U 61015FX  22182.21922598  .00000904  00000-0  27072-3 0    10\
2 00538  67.8099 124.5121 0015298 318.0969  41.8975 14.46831814153119
1 00538U 61015FX  22182.91052039  .00000845  00000-0  25452-3 0    15\
2 00538  67.8100 122.7381 0015317 317.6194  42.3737 14.46833110153211
1 00538U 61015FX  22183.25616713  .00000905  00000-0  27083-3 0    17\
2 00538  67.8100 121.8510 0015315 317.4181  42.5746 14.46834251153261
1 00538U 61015FX  22183.87833063  .00000962  00000-0  28664-3 0    13\
2 00538  67.8100 120.2544 0015331 316.9659  43.0257 14.46836099153358
1 00538U 61015FX  22184.22397688  .00001015  00000-0  30101-3 0    10\
2 00538  67.8100 119.3673 0015322 316.7980  43.1933 14.46837175153409
1 00538U 61015FX  22184.91526869  .00001051  00000-0  31111-3 0    13\
2 00538  67.8101 117.5932 0015335 316.2686  43.7214 14.46839002153500
1 00538U 61015FX  22185.19178524  .00001138  00000-0  33479-3 0    10\
2 00538  67.8101 116.8835 0015346 316.0866  43.9029 14.46840070153541
1 00538U 61015FX  22185.95220467  .00001183  00000-0  34719-3 0    16\
2 00538  67.8101 114.9320 0015374 315.6048  44.3834 14.46842240153659
1   538U 61015FX  22186.15959161  .00001278  00000-0  37342-3 0  1391\
2   538  67.8102 114.3998 0015379 315.4626  44.5252 14.46843255154384
1 00538U 61015FX  22186.43610764  .00001253  00000-0  36638-3 0    13\
2 00538  67.8102 113.6902 0015374 315.2640  44.7234 14.46843765153725
1 00538U 61015FX  22186.78175224  .00001263  00000-0  36934-3 0    18\
2 00538  67.8102 112.8033 0015392 315.0620  44.9249 14.46844727153779
1   538U 61015FX  22187.19652550  .00001294  00000-0  37767-3 0  1409\
2   538  67.8103 111.7389 0015415 314.7882  45.1979 14.46845941154531
1 00538U 61015FX  22187.19652550  .00001294  00000-0  37767-3 0    15\
2 00538  67.8103 111.7389 0015415 314.7882  45.1979 14.46845941153833
1 00538U 61015FX  22187.81868440  .00001325  00000-0  38633-3 0    19\
2 00538  67.8103 110.1423 0015423 314.3427  45.6423 14.46847888153926
1   538U 61015FX  22188.23345717  .00001269  00000-0  37078-3 0  1417\
2   538  67.8104 109.0779 0015445 314.0709  45.9134 14.46848567154683
1 00538U 61015FX  22188.23345717  .00001269  00000-0  37078-3 0    12\
2 00538  67.8104 109.0779 0015445 314.0709  45.9134 14.46848567153985
1 00538U 61015FX  22188.85561405  .00001572  00000-0  45416-3 0    16\
2 00538  67.8104 107.4813 0015453 313.5904  46.3928 14.46852231154076
1   538U 61015FX  22189.40864234  .00001427  00000-0  41436-3 0  1427\
2   538  67.8104 106.0621 0015465 313.2079  46.7744 14.46853093154854
1 00538U 61015FX  22189.40864234  .00001427  00000-0  41436-3 0    11\
2 00538  67.8104 106.0621 0015465 313.2079  46.7744 14.46853093154157
1 00538U 61015FX  22189.89254097  .00001456  00000-0  42228-3 0    16\
2 00538  67.8104 104.8202 0015465 312.9072  47.0745 14.46854908154226
1 00538U 61015FX  22190.16905467  .00001445  00000-0  41931-3 0    10\
2 00538  67.8105 104.1106 0015465 312.7121  47.2692 14.46855638154264
1   538U 61015FX  22191.13685066  .00001537  00000-0  44456-3 0  1432\
2   538  67.8105 101.6270 0015486 312.0435  47.9362 14.46859161155102
1 00538U 61015FX  22191.13685066  .00001537  00000-0  44456-3 0    15\
2 00538  67.8105 101.6270 0015486 312.0435  47.9362 14.46859161154404
1 00538U 61015FX  22191.89725979  .00001621  00000-0  46744-3 0    12\
2 00538  67.8104  99.6756 0015502 311.4834  48.4950 14.46862200154512
1   538U 61015FX  22192.17377231  .00001646  00000-0  47446-3 0  1443\
2   538  67.8105  98.9659 0015520 311.2780  48.6999 14.46863123155257
1 00538U 61015FX  22192.17377231  .00001646  00000-0  47446-3 0    15\
2 00538  67.8105  98.9659 0015520 311.2780  48.6999 14.46863123154559
1 00538U 61015FX  22192.86505145  .00001738  00000-0  49951-3 0    13\
2 00538  67.8105  97.1918 0015520 310.7706  49.2062 14.46866110154658
1 00538U 61015FX  22193.14156257  .00001897  00000-0  54319-3 0    11\
2 00538  67.8106  96.4821 0015545 310.5449  49.4312 14.46867989154692
1   538U 61015FX  22193.83283975  .00001990  00000-0  56886-3 0  1459\
2   538  67.8106  94.7079 0015558 310.0418  49.9332 14.46871156155490
1 00538U 61015FX  22193.83283975  .00001990  00000-0  56886-3 0    10\
2 00538  67.8106  94.7079 0015558 310.0418  49.9332 14.46871156154792
1 00538U 61015FX  22194.10935115  .00001818  00000-0  52151-3 0    11\
2 00538  67.8105  93.9983 0015554 309.8684  50.1063 14.46871024154837
1 00538U 61015FX  22194.86975466  .00001804  00000-0  51768-3 0    15\
2 00538  67.8105  92.0467 0015575 309.3032  50.6702 14.46873732154944
1   538U 61015FX  22195.07713718  .00001792  00000-0  51430-3 0  1461\
2   538  67.8105  91.5145 0015581 309.1579  50.8152 14.46874412155670
1 00538U 61015FX  22195.07713718  .00001792  00000-0  51430-3 0    11\
2 00538  67.8105  91.5145 0015581 309.1579  50.8152 14.46874412154972
1 00538U 61015FX  22195.83753928  .00001672  00000-0  48124-3 0    15\
2 00538  67.8105  89.5630 0015601 308.6037  51.3681 14.46876410155080
1 00538U 61015FX  22196.04492132  .00001707  00000-0  49108-3 0    18\
2 00538  67.8106  89.0308 0015598 308.4750  51.4966 14.46877332155118
1   538U 61015FX  22196.80532113  .00001676  00000-0  48250-3 0  1479\
2   538  67.8106  87.0792 0015592 307.9308  52.0397 14.46879973155927
1 00538U 61015FX  22196.87444830  .00001679  00000-0  48325-3 0    19\
2 00538  67.8106  86.9018 0015584 307.8786  52.0919 14.46880239155237
1 00538U 61015FX  22197.42746514  .00001739  00000-0  49963-3 0    11\
2 00538  67.8107  85.4824 0015598 307.5258  52.4439 14.46882664155317
1 00538U 61015FX  22197.77310045  .00001699  00000-0  48864-3 0    19\
2 00538  67.8106  84.5954 0015590 307.2690  52.7004 14.46883731155361
1   538U 61015FX  22197.98048145  .00001696  00000-0  48789-3 0  1486\
2   538  67.8107  84.0631 0015600 307.1407  52.8283 14.46884460156097
1 00538U 61015FX  22198.39524311  .00001705  00000-0  49040-3 0    16\
2 00538  67.8107  82.9986 0015604 306.8602  53.1083 14.46886070155454
1 00538U 61015FX  22198.74087711  .00001699  00000-0  48859-3 0    12\
2 00538  67.8106  82.1116 0015608 306.5720  53.3959 14.46887450155505
1   538U 61015FX  22199.01738436  .00001706  00000-0  49046-3 0  1491\
2   538  67.8106  81.4019 0015618 306.3735  53.5940 14.46888497156240
1 00538U 61015FX  22199.08651113  .00001701  00000-0  48911-3 0    16\
2 00538  67.8106  81.2244 0015619 306.3281  53.6392 14.46888739155559
1 00538U 61015FX  22199.77777798  .00001741  00000-0  50020-3 0    18\
2 00538  67.8106  79.4503 0015617 305.8044  54.1620 14.46891675155659
1   538U 61015FX  22200.05428428  .00001784  00000-0  51182-3 0  1507\
2   538  67.8107  78.7407 0015626 305.6231  54.3428 14.46892983156394
1 00538U 61015FX  22200.05428428  .00001784  00000-0  51182-3 0    12\
2 00538  67.8107  78.7407 0015626 305.6231  54.3428 14.46892983155696
1 00538U 61015FX  22200.74554880  .00001899  00000-0  54336-3 0    11\
2 00538  67.8106  76.9665 0015626 305.0943  54.8707 14.46896475155791
1 00538U 61015FX  22201.02205437  .00001891  00000-0  54118-3 0    14\
2 00538  67.8107  76.2568 0015620 304.8889  55.0758 14.46897517155839
1   538U 61015FX  22201.85157028  .00001955  00000-0  55882-3 0  1513\
2   538  67.8117  74.1275 0015620 304.3853  55.5785 14.46901036156656
1 00538U 61015FX  22201.85157028  .00001955  00000-0  55882-3 0    17\
2 00538  67.8117  74.1275 0015620 304.3853  55.5785 14.46901036155958
1 00538U 61015FX  22202.05894889  .00001944  00000-0  55577-3 0    12\
2 00538  67.8117  73.5952 0015632 304.2502  55.7132 14.46901816155983
1 00538U 61015FX  22202.88846180  .00001795  00000-0  51495-3 0    13\
2 00538  67.8105  71.4663 0015675 303.5209  56.4408 14.46904398156106
1   538U 61015FX  22203.02671406  .00001866  00000-0  53441-3 0  1526\
2   538  67.8117  71.1113 0015685 303.5270  56.4347 14.46905468156825
1 00538U 61015FX  22203.02671406  .00001866  00000-0  53441-3 0    19\
2 00538  67.8117  71.1113 0015685 303.5270  56.4347 14.46905468156128
1   538U 61015FX  22204.82398706  .00001405  00000-0  40765-3 0  1539\
2   538  67.8105  66.4985 0015715 302.1093  57.8496 14.46909486157081
1 00538U 61015FX  22204.89311281  .00001397  00000-0  40562-3 0    16\
2 00538  67.8104  66.3210 0015718 302.0619  57.8970 14.46909683156395
1 00538U 61015FX  22205.03136420  .00001383  00000-0  40157-3 0    18\
2 00538  67.8104  65.9661 0015704 301.9552  58.0036 14.46910129156415
1 00538U 61015FX  22205.86087231  .00001219  00000-0  35661-3 0    16\
2 00538  67.8104  63.8370 0015719 301.2897  58.6679 14.46912047156533
1 00538U 61015FX  22205.99912352  .00001198  00000-0  35098-3 0    11\
2 00538  67.8104  63.4822 0015722 301.2177  58.7397 14.46912407156556
1   538U 61015FX  22207.03600686  .00001072  00000-0  31626-3 0  1556\
2   538  67.8104  60.8207 0015745 300.4334  59.5226 14.46914883157400
1 00538U 61015FX  22207.03600686  .00001072  00000-0  31626-3 0    16\
2 00538  67.8104  60.8207 0015745 300.4334  59.5226 14.46914883156702
1 00538U 61015FX  22207.86551204  .00001003  00000-0  29728-3 0    12\
2 00538  67.8103  58.6916 0015753 299.7895  60.1654 14.46916878156826
1 00538U 61015FX  22208.00376279  .00000994  00000-0  29497-3 0    17\
2 00538  67.8103  58.3367 0015751 299.6901  60.2647 14.46917221156846
1   538U 61015FX  22208.83326695  .00000931  00000-0  27757-3 0  1564\
2   538  67.8104  56.2077 0015761 299.0323  60.9213 14.46919017157667
1 00538U 61015FX  22208.83326695  .00000931  00000-0  27757-3 0    13\
2 00538  67.8104  56.2077 0015761 299.0323  60.9213 14.46919017156969
1 00538U 61015FX  22208.97151755  .00000923  00000-0  27523-3 0    13\
2 00538  67.8104  55.8528 0015760 298.9319  61.0216 14.46919322156983
1 00538U 61015FX  22209.73189535  .00000893  00000-0  26716-3 0    14\
2 00538  67.8104  53.9011 0015783 298.3453  61.6071 14.46920990157098
1   538U 61015FX  22209.93927097  .00000889  00000-0  26607-3 0  1575\
2   538  67.8104  53.3688 0015778 298.1756  61.7766 14.46921440157824
1 00538U 61015FX  22210.56139769  .00000833  00000-0  25068-3 0    14\
2 00538  67.8104  51.7719 0015793 297.7320  62.2193 14.46922476157213
1   538U 61015FX  22210.97614855  .00000831  00000-0  25009-3 0  1589\
2   538  67.8104  50.7074 0015802 297.4491  62.5017 14.46923311157973
1 00538U 61015FX  22210.97614855  .00000831  00000-0  25009-3 0    16\
2 00538  67.8104  50.7074 0015802 297.4491  62.5017 14.46923311157276
1   538U 61015FX  22212.49690004  .00000729  00000-0  22196-3 0  1599\
2   538  67.8104  46.8039 0015820 296.1953  63.7536 14.46925716158194
1 00538U 61015FX  22212.56602504  .00000723  00000-0  22055-3 0    19\
2 00538  67.8104  46.6265 0015818 296.1197  63.8290 14.46925826157504
1   538U 61015FX  22213.53377445  .00000740  00000-0  22519-3 0  1600\
2   538  67.8105  44.1425 0015829 295.3129  64.6347 14.46927681158340
1 00538U 61015FX  22213.53377445  .00000740  00000-0  22519-3 0    14\
2 00538  67.8105  44.1425 0015829 295.3129  64.6347 14.46927681157642
1 00538U 61015FX  22213.87939930  .00000715  00000-0  21818-3 0    17\
2 00538  67.8105  43.2554 0015854 295.1390  64.8080 14.46928044157696
1 00538U 61015FX  22214.50152320  .00000748  00000-0  22717-3 0    13\
2 00538  67.8105  41.6584 0015874 294.6809  65.2653 14.46929308157787
1 00538U 61015FX  22214.91627224  .00000733  00000-0  22310-3 0    11\
2 00538  67.8105  40.5938 0015886 294.3546  65.5911 14.46929914157846
1   538U 61015FX  22214.91627224  .00000733  00000-0  22310-3 0  1618\
2   538  67.8105  40.5938 0015886 294.3546  65.5911 14.46929914158544
1 00538U 61015FX  22215.53839554  .00000754  00000-0  22884-3 0    10\
2 00538  67.8104  38.9968 0015907 293.8753  66.0695 14.46931042157937
1   538U 61015FX  22215.95314427  .00000735  00000-0  22361-3 0  1620\
2   538  67.8105  37.9321 0015930 293.5727  66.3715 14.46931548158695
1 00538U 61015FX  22216.50614208  .00000750  00000-0  22775-3 0    10\
2 00538  67.8105  36.5127 0015932 293.0829  66.8607 14.46932533158076
1 00538U 61015FX  22216.92089008  .00000787  00000-0  23790-3 0    18\
2 00538  67.8105  35.4480 0015948 292.7568  67.1862 14.46933420158139
1   538U 61015FX  22217.47388732  .00000830  00000-0  24983-3 0  1638\
2   538  67.8105  34.0286 0015957 292.2979  67.6445 14.46934559158911
1 00538U 61015FX  22217.47388732  .00000830  00000-0  24983-3 0    19\
2 00538  67.8105  34.0286 0015957 292.2979  67.6445 14.46934559158214
1 00538U 61015FX  22217.88863542  .00000846  00000-0  25414-3 0    18\
2 00538  67.8106  32.9639 0015988 292.1982  67.7438 14.46935194158276
1 00538U 61015FX  22218.51075647  .00000902  00000-0  26955-3 0    14\
2 00538  67.8106  31.3670 0015992 291.6198  68.3214 14.46936573158363
1   538U 61015FX  22218.51075647  .00000902  00000-0  26955-3 0  1644\
2   538  67.8106  31.3670 0015992 291.6198  68.3214 14.46936573159061
1 00538U 61015FX  22218.85637904  .00000946  00000-0  28143-3 0    10\
2 00538  67.8107  30.4798 0016008 291.3337  68.6070 14.46937382158414
1   538U 61015FX  22219.75499700  .00001094  00000-0  32216-3 0  1652\
2   538  67.8108  28.1731 0016026 290.7162  69.2235 14.46939787159248
1 00538U 61015FX  22219.89324555  .00001173  00000-0  34387-3 0    10\
2 00538  67.8108  27.8183 0016044 290.5991  69.3404 14.46940548158563
1 00538U 61015FX  22220.44623969  .00001311  00000-0  38172-3 0    14\
2 00538  67.8109  26.3989 0016054 290.0624  69.8763 14.46942605158649
1 00538U 61015FX  22220.86098540  .00001253  00000-0  36578-3 0    14\
2 00538  67.8110  25.3344 0016074 289.7535  70.1847 14.46943158158702
1   538U 61015FX  22220.86098540  .00001253  00000-0  36578-3 0  1666\
2   538  67.8110  25.3344 0016074 289.7535  70.1847 14.46943158159400
1 00538U 61015FX  22221.82872316  .00001338  00000-0  38913-3 0    11\
2 00538  67.8111  22.8505 0016113 289.0090  70.9280 14.46946092158841
1 00538U 61015FX  22222.86558325  .00001302  00000-0  37923-3 0    18\
2 00538  67.8112  20.1889 0016160 288.2551  71.6806 14.46948662158996
1   538U 61015FX  22223.07295482  .00001276  00000-0  37203-3 0  1678\
2   538  67.8112  19.6566 0016176 287.9834  71.9518 14.46949135159729
1 00538U 61015FX  22223.55682185  .00001268  00000-0  36986-3 0    16\
2 00538  67.8112  18.4146 0016199 287.5630  72.3715 14.46950473159096
1   538U 61015FX  22224.52455390  .00001316  00000-0  38283-3 0  1680\
2   538  67.8113  15.9306 0016249 286.8595  73.0738 14.46953737159937
1 00538U 61015FX  22224.52455390  .00001316  00000-0  38283-3 0    16\
2 00538  67.8113  15.9306 0016249 286.8595  73.0738 14.46953737159230
1 00538U 61015FX  22224.80104834  .00001363  00000-0  39570-3 0    13\
2 00538  67.8113  15.2208 0016252 286.7012  73.2320 14.46954871159274
1 00538U 61015FX  22225.56140730  .00001354  00000-0  39321-3 0    16\
2 00538  67.8113  13.2692 0016296 286.0140  73.9180 14.46957262159382
1 00538U 61015FX  22225.76877781  .00001356  00000-0  39396-3 0    15\
2 00538  67.8114  12.7370 0016306 285.8834  74.0485 14.46957911159414
1 00538U 61015FX  22226.52913541  .00001324  00000-0  38496-3 0    10\
2 00538  67.8115  10.7853 0016342 285.3107  74.6202 14.46960129159527
1 00538U 61015FX  22226.80562884  .00001311  00000-0  38141-3 0    14\
2 00538  67.8115  10.0755 0016357 285.1045  74.8261 14.46960878159568
1   538U 61015FX  22226.80562884  .00001311  00000-0  38141-3 0  1701\
2   538  67.8115  10.0755 0016357 285.1045  74.8261 14.46960878160267
1 00538U 61015FX  22227.77335453  .00001402  00000-0  40646-3 0    15\
2 00538  67.8116   7.5915 0016411 284.3353  75.5940 14.46964254159702
1   538U 61015FX  22228.46458625  .00001493  00000-0  43120-3 0  1717\
2   538  67.8117   5.8172 0016433 283.8302  76.0985 14.46966715160500
1 00538U 61015FX  22228.46458625  .00001493  00000-0  43120-3 0    19\
2 00538  67.8117   5.8172 0016433 283.8302  76.0985 14.46966715159801
1   538U 61015FX  22229.50143167  .00001629  00000-0  46848-3 0  1727\
2   538  67.8118   3.1558 0016485 283.0516  76.8760 14.46970486160651
1 00538U 61015FX  22229.50143167  .00001629  00000-0  46848-3 0    18\
2 00538  67.8118   3.1558 0016485 283.0516  76.8760 14.46970486159952
1 00538U 61015FX  22230.46915082  .00001809  00000-0  51784-3 0    13\
2 00538  67.8119   0.6718 0016529 282.3257  77.6008 14.46974715160096
1   538U 61015FX  22231.50599227  .00001547  00000-0  44592-3 0  1736\
2   538  67.8120 358.0104 0016564 281.6145  78.3112 14.46976297160949
1 00538U 61015FX  22231.50599227  .00001547  00000-0  44592-3 0    16\
2 00538  67.8120 358.0104 0016564 281.6145  78.3112 14.46976297160242
1 00538U 61015FX  22232.47370834  .00001372  00000-0  39811-3 0    18\
2 00538  67.8121 355.5264 0016600 280.9194  79.0054 14.46978363160383
1   538U 61015FX  22232.75019831  .00001350  00000-0  39201-3 0  1746\
2   538  67.8121 354.8168 0016627 280.6926  79.2317 14.46979069161128
1 00538U 61015FX  22232.75019831  .00001350  00000-0  39201-3 0    15\
2 00538  67.8121 354.8168 0016627 280.6926  79.2317 14.46979069160420
1 00538U 61015FX  22233.44142258  .00001322  00000-0  38426-3 0    19\
2 00538  67.8122 353.0426 0016651 280.1943  79.7295 14.46981062160527
1 00538U 61015FX  22233.71791224  .00001270  00000-0  37011-3 0    13\
2 00538  67.8122 352.3329 0016667 280.0134  79.9100 14.46981536160566
1   538U 61015FX  22234.34001316  .00001129  00000-0  33147-3 0  1750\
2   538  67.8122 350.7361 0016696 279.5570  80.3659 14.46982610161350
1 00538U 61015FX  22234.34001316  .00001129  00000-0  33147-3 0    18\
2 00538  67.8122 350.7361 0016696 279.5570  80.3659 14.46982610160652
1 00538U 61015FX  22234.40913543  .00001096  00000-0  32235-3 0    19\
2 00538  67.8122 350.5586 0016701 279.4980  80.4248 14.46982639160667
1   538U 61015FX  22235.44596894  .00000826  00000-0  24850-3 0  1767\
2   538  67.8121 347.8972 0016763 278.7281  81.1936 14.46984004161513
1 00538U 61015FX  22235.44596894  .00000826  00000-0  24850-3 0    14\
2 00538  67.8121 347.8972 0016763 278.7281  81.1936 14.46984004160815
1 00538U 61015FX  22235.58421326  .00000816  00000-0  24552-3 0    14\
2 00538  67.8121 347.5424 0016790 278.5728  81.3485 14.46984277160833
1   538U 61015FX  22236.48280115  .00000802  00000-0  24181-3 0  1770\
2   538  67.8120 345.2358 0016849 277.9031  82.0172 14.46986347161661
1 00538U 61015FX  22236.48280115  .00000802  00000-0  24181-3 0    16\
2 00538  67.8120 345.2358 0016849 277.9031  82.0172 14.46986347160963
1 00538U 61015FX  22236.69016747  .00000788  00000-0  23808-3 0    15\
2 00538  67.8120 344.7036 0016856 277.7679  82.1523 14.46986718160990
1 00538U 61015FX  22237.45051027  .00000751  00000-0  22788-3 0    16\
2 00538  67.8120 342.7519 0016895 277.2174  82.7021 14.46988073161101
1   538U 61015FX  22238.41821855  .00000716  00000-0  21816-3 0  1784\
2   538  67.8119 340.2680 0016940 276.5234  83.3953 14.46989606161947
1 00538U 61015FX  22238.41821855  .00000716  00000-0  21816-3 0    19\
2 00538  67.8119 340.2680 0016940 276.5234  83.3953 14.46989606161240
1 00538U 61015FX  22238.69470642  .00000727  00000-0  22111-3 0    14\
2 00538  67.8119 339.5583 0016946 276.3463  83.5723 14.46990126161281
1 00538U 61015FX  22239.45504735  .00000829  00000-0  24925-3 0    18\
2 00538  67.8119 337.6066 0016984 275.7843  84.1336 14.46992031161399
1 00538U 61015FX  22239.66241296  .00000842  00000-0  25271-3 0    11\
2 00538  67.8119 337.0744 0016973 275.6652  84.2528 14.46992460161425
1   538U 61015FX  22240.49187477  .00000967  00000-0  28682-3 0  1809\
2   538  67.8119 334.9454 0017010 274.9740  84.9434 14.46994569162248
1 00538U 61015FX  22240.56099654  .00000976  00000-0  28937-3 0    11\
2 00538  67.8119 334.7680 0017012 274.9300  84.9874 14.46994739161551
1 00538U 61015FX  22240.69924005  .00000984  00000-0  29168-3 0    18\
2 00538  67.8119 334.4131 0017017 274.8434  85.0739 14.46995034161574
1 00538U 61015FX  22241.39045770  .00000917  00000-0  27317-3 0    19\
2 00538  67.8119 332.6389 0017043 274.3416  85.5752 14.46995829161676
1   538U 61015FX  22242.49640401  .00000944  00000-0  28053-3 0  1810\
2   538  67.8118 329.8000 0017103 273.5786  86.3373 14.46998035162537
1 00538U 61015FX  22243.46410582  .00000913  00000-0  27224-3 0    19\
2 00538  67.8116 327.3160 0017140 272.9366  86.9788 14.46999729161977
1   538U 61015FX  22244.43180591  .00001194  00000-0  34895-3 0  1825\
2   538  67.8115 324.8321 0017176 272.2477  87.6672 14.47003241162812
1 00538U 61015FX  22244.43180591  .00001194  00000-0  34895-3 0    15\
2 00538  67.8115 324.8321 0017176 272.2477  87.6672 14.47003241162115
1   538U 61015FX  22245.46862652  .00001069  00000-0  31494-3 0  1838\
2   538  67.8114 322.1707 0017212 271.6021  88.3123 14.47004639162966
1 00538U 61015FX  22245.46862652  .00001069  00000-0  31494-3 0    17\
2 00538  67.8114 322.1707 0017212 271.6021  88.3123 14.47004639162269
1   538U 61015FX  22246.50544539  .00001096  00000-0  32219-3 0  1842\
2   538  67.8112 319.5092 0017251 270.9244  88.9895 14.47006897163111
1 00538U 61015FX  22246.50544539  .00001096  00000-0  32219-3 0    10\
2 00538  67.8112 319.5092 0017251 270.9244  88.9895 14.47006897162413
1 00538U 61015FX  22246.57456657  .00001098  00000-0  32266-3 0    14\
2 00538  67.8112 319.3318 0017256 270.8902  89.0237 14.47007058162420
1 00538U 61015FX  22247.54226154  .00001283  00000-0  37351-3 0    15\
2 00538  67.8110 316.8477 0017314 270.1993  89.7139 14.47010363162560
1   538U 61015FX  22247.61138256  .00001285  00000-0  37389-3 0  1854\
2   538  67.8109 316.6703 0017324 270.1643  89.7487 14.47010534163276
1 00538U 61015FX  22247.61138256  .00001285  00000-0  37389-3 0    11\
2 00538  67.8109 316.6703 0017324 270.1643  89.7487 14.47010534162578
1 00538U 61015FX  22248.30259138  .00001405  00000-0  40674-3 0    16\
2 00538  67.8108 314.8959 0017361 269.7152  90.1974 14.47013176162673
1 00538U 61015FX  22248.57907489  .00001419  00000-0  41069-3 0    18\
2 00538  67.8108 314.1861 0017366 269.5367  90.3759 14.47013968162716
1   538U 61015FX  22249.13204118  .00001455  00000-0  42049-3 0  1863\
2   538  67.8107 312.7666 0017383 269.1607  90.7518 14.47015756163494
1 00538U 61015FX  22249.40852395  .00001465  00000-0  42307-3 0    13\
2 00538  67.8106 312.0568 0017398 268.9845  90.9277 14.47016640162838
1 00538U 61015FX  22249.61588611  .00001464  00000-0  42275-3 0    16\
2 00538  67.8105 311.5245 0017409 268.8669  91.0452 14.47017209162861
1   538U 61015FX  22250.16885116  .00001446  00000-0  41781-3 0  1874\
2   538  67.8104 310.1050 0017424 268.4653  91.4467 14.47018799163647
1 00538U 61015FX  22250.23797158  .00001450  00000-0  41906-3 0    19\
2 00538  67.8104 309.9275 0017434 268.3922  91.5197 14.47019078162956
1 00538U 61015FX  22250.51445391  .00001434  00000-0  41459-3 0    14\
2 00538  67.8104 309.2177 0017433 268.2025  91.7094 14.47019795162990
1 00538U 61015FX  22251.55126015  .00001482  00000-0  42770-3 0    18\
2 00538  67.8102 306.5560 0017476 267.4854  92.4261 14.47023514163148
1   538U 61015FX  22251.55126015  .00001482  00000-0  42770-3 0  1884\
2   538  67.8102 306.5560 0017476 267.4854  92.4261 14.47023514163845
1 00538U 61015FX  22252.51894375  .00001458  00000-0  42106-3 0    12\
2 00538  67.8101 304.0718 0017500 266.8411  93.0702 14.47026726163285
1   538U 61015FX  22252.58806395  .00001448  00000-0  41837-3 0  1890\
2   538  67.8101 303.8944 0017506 266.8115  93.0998 14.47026908163997
1 00538U 61015FX  22252.58806395  .00001448  00000-0  41837-3 0    13\
2 00538  67.8101 303.8944 0017506 266.8115  93.0998 14.47026908163290
1 00538U 61015FX  22253.55574522  .00001424  00000-0  41187-3 0    17\
2 00538  67.8100 301.4102 0017520 266.1417  93.7696 14.47030117163438
1   538U 61015FX  22254.17782461  .00001459  00000-0  42135-3 0  1900\
2   538  67.8099 299.8132 0017531 265.7145  94.1968 14.47032525164223
1 00538U 61015FX  22254.52342415  .00001441  00000-0  41655-3 0    18\
2 00538  67.8098 298.9259 0017531 265.5074  94.4039 14.47033545163573
1   538U 61015FX  22255.49110020  .00001716  00000-0  49154-3 0  1917\
2   538  67.8097 296.4416 0017553 264.8850  95.0262 14.47038493164414
1 00538U 61015FX  22255.49110020  .00001716  00000-0  49154-3 0    17\
2 00538  67.8097 296.4416 0017553 264.8850  95.0262 14.47038493163716
1 00538U 61015FX  22256.38965489  .00001737  00000-0  49747-3 0    14\
2 00538  67.8096 294.1349 0017559 264.3047  95.6067 14.47041763163841
1   538U 61015FX  22257.14996876  .00001831  00000-0  52294-3 0  1920\
2   538  67.8094 292.1829 0017565 263.8182  96.0932 14.47044999164651
1 00538U 61015FX  22257.49556524  .00001864  00000-0  53215-3 0    19\
2 00538  67.8093 291.2956 0017569 263.5961  96.3154 14.47046490164003
1   538U 61015FX  22258.18675670  .00002159  00000-0  61262-3 0  1931\
2   538  67.8092 289.5211 0017573 263.1116  96.8001 14.47050927164803
1 00538U 61015FX  22258.39411394  .00002172  00000-0  61615-3 0    10\
2 00538  67.8091 288.9887 0017577 262.9893  96.9224 14.47051818164131
1   538U 61015FX  22259.50001929  .00001924  00000-0  54826-3 0  1946\
2   538  67.8090 286.1494 0017581 262.3179  97.5940 14.47054417164994
1 00538U 61015FX  22259.50001929  .00001924  00000-0  54826-3 0    13\
2 00538  67.8090 286.1494 0017581 262.3179  97.5940 14.47054417164297
1 00538U 61015FX  22260.46768369  .00001659  00000-0  47576-3 0    17\
2 00538  67.8088 283.6649 0017581 261.7157  98.1965 14.47056510164433
1   538U 61015FX  22261.15887113  .00001603  00000-0  46058-3 0  1950\
2   538  67.8088 281.8902 0017579 261.2510  98.6615 14.47058700165239
1 00538U 61015FX  22261.43534578  .00001596  00000-0  45872-3 0    15\
2 00538  67.8088 281.1804 0017578 261.0927  98.8199 14.47059625164574
1   538U 61015FX  22262.40300523  .00001543  00000-0  44418-3 0  1966\
2   538  67.8087 278.6959 0017590 260.5703  99.3425 14.47062827165415
1 00538U 61015FX  22262.40300523  .00001543  00000-0  44418-3 0    11\
2 00538  67.8087 278.6959 0017590 260.5703  99.3425 14.47062827164717
1   538U 61015FX  22263.43978095  .00001553  00000-0  44688-3 0  1976\
2   538  67.8087 276.0339 0017579 259.9593  99.9539 14.47066516165562
1 00538U 61015FX  22263.43978095  .00001553  00000-0  44688-3 0    10\
2 00538  67.8087 276.0339 0017579 259.9593  99.9539 14.47066516164864
1   538U 61015FX  22264.47655405  .00001637  00000-0  46972-3 0  1980\
2   538  67.8087 273.3719 0017570 259.1562 100.7577 14.47070551165717
1 00538U 61015FX  22264.47655405  .00001637  00000-0  46972-3 0    13\
2 00538  67.8087 273.3719 0017570 259.1562 100.7577 14.47070551165010
1   538U 61015FX  22266.06626807  .00001750  00000-0  50062-3 0  1993\
2   538  67.8087 269.2904 0017541 258.3692 101.5455 14.47076598165946
1 00538U 61015FX  22266.41185733  .00001781  00000-0  50908-3 0    15\
2 00538  67.8086 268.4030 0017526 258.1155 101.7995 14.47077926165296
1   538U 61015FX  22267.10303452  .00001777  00000-0  50784-3 0  2000\
2   538  67.8086 266.6284 0017507 257.5971 102.3185 14.47080449166096
1 00538U 61015FX  22267.37950547  .00001829  00000-0  52208-3 0    12\
2 00538  67.8086 265.9186 0017504 257.3161 102.5998 14.47081584165437
1   538U 61015FX  22268.13979822  .00001880  00000-0  53602-3 0  2012\
2   538  67.8086 263.9665 0017479 256.8650 103.0516 14.47084741166245
1 00538U 61015FX  22268.34715054  .00001896  00000-0  54037-3 0    18\
2 00538  67.8086 263.4341 0017474 256.7183 103.1984 14.47085593165577
1   538U 61015FX  22269.24567649  .00001808  00000-0  51619-3 0  2022\
2   538  67.8085 261.1271 0017476 255.9474 103.9699 14.47088370166409
1 00538U 61015FX  22269.38391117  .00001852  00000-0  52832-3 0    16\
2 00538  67.8085 260.7722 0017466 255.8692 104.0483 14.47089076165726
1   538U 61015FX  22270.35155058  .00002121  00000-0  60169-3 0  2033\
2   538  67.8085 258.2877 0017414 255.2779 104.6407 14.47094453166562
1 00538U 61015FX  22270.35155058  .00002121  00000-0  60169-3 0    19\
2 00538  67.8085 258.2877 0017414 255.2779 104.6407 14.47094453165864
1 00538U 61015FX  22271.31918810  .00002423  00000-0  68417-3 0    18\
2 00538  67.8095 255.8029 0017375 254.8810 105.0384 14.47098944166009
1   538U 61015FX  22271.59565544  .00002297  00000-0  64982-3 0  2047\
2   538  67.8096 255.0930 0017351 254.6958 105.2240 14.47099720166745
1 00538U 61015FX  22271.59565544  .00002297  00000-0  64982-3 0    12\
2 00538  67.8096 255.0930 0017351 254.6958 105.2240 14.47099720166048
1 00538U 61015FX  22272.35593887  .00002540  00000-0  71620-3 0    16\
2 00538  67.8097 253.1403 0017326 254.2087 105.7119 14.47103859166155
1   538U 61015FX  22273.11622002  .00002814  00000-0  79104-3 0  2058\
2   538  67.8098 251.1884 0017290 253.7277 106.1937 14.47108470166968
1 00538U 61015FX  22273.39268542  .00002981  00000-0  83650-3 0    13\
2 00538  67.8099 250.4788 0017269 253.5699 106.3518 14.47110363166305
1   538U 61015FX  22274.15296284  .00003144  00000-0  88087-3 0  2060\
2   538  67.8100 248.5268 0017239 252.9960 106.9267 14.47115180167119
1 00538U 61015FX  22274.36031097  .00003233  00000-0  90524-3 0    13\
2 00538  67.8100 247.9945 0017236 252.8574 107.0655 14.47116572166445
1   538U 61015FX  22275.18970127  .00003258  00000-0  91193-3 0  2078\
2   538  67.8101 245.8651 0017192 252.2654 107.6585 14.47121496167261
1 00538U 61015FX  22275.32793275  .00003307  00000-0  92546-3 0    11\
2 00538  67.8101 245.5102 0017166 252.1767 107.7477 14.47122483166586
1   538U 61015FX  22276.36466467  .00004379  00000-0  12178-2 0  2087\
2   538  67.8101 242.8484 0017110 251.4717 108.4540 14.47132817167431
1 00538U 61015FX  22276.36466467  .00004379  00000-0  12178-2 0    18\
2 00538  67.8101 242.8484 0017110 251.4717 108.4540 14.47132817166733
1 00538U 61015FX  22277.33227608  .00005024  00000-0  13935-2 0    18\
2 00538  67.8104 240.3642 0017048 250.7913 109.1358 14.47140793166877
1   538U 61015FX  22278.02342330  .00004887  00000-0  13560-2 0  2095\
2   538  67.8102 238.5897 0017004 250.3872 109.5409 14.47146590167679
1 00538U 61015FX  22278.29988116  .00004724  00000-0  13116-2 0    19\
2 00538  67.8102 237.8797 0017007 250.2104 109.7178 14.47148751167014
1   538U 61015FX  22279.06013815  .00004672  00000-0  12972-2 0  2103\
2   538  67.8103 235.9275 0016959 249.6502 110.2792 14.47155659167827
1 00538U 61015FX  22279.26748018  .00005062  00000-0  14033-2 0    17\
2 00538  67.8102 235.3951 0016956 249.5312 110.3984 14.47158471167151
1   538U 61015FX  22280.09684546  .00005390  00000-0  14926-2 0  2113\
2   538  67.8103 233.2654 0016893 248.7083 111.2229 14.47167277167971
1 00538U 61015FX  22280.30418606  .00005406  00000-0  14969-2 0    11\
2 00538  67.8104 232.7330 0016902 248.5217 111.4097 14.47169324167302
1   538U 61015FX  22281.13354563  .00004643  00000-0  12886-2 0  2126\
2   538  67.8106 230.6030 0016823 247.8827 112.0503 14.47175873168125
1 00538U 61015FX  22281.27177179  .00004519  00000-0  12548-2 0    10\
2 00538  67.8107 230.2479 0016833 247.7803 112.1528 14.47176941167442
1 00538U 61015FX  22281.89378826  .00005128  00000-0  14207-2 0    11\
2 00538  67.8109 228.6507 0016782 247.2568 112.6775 14.47184278167534
1   538U 61015FX  22282.17023875  .00004990  00000-0  13830-2 0  2136\
2   538  67.8110 227.9408 0016766 247.0771 112.8576 14.47186785168272
1 00538U 61015FX  22282.23935135  .00004962  00000-0  13754-2 0    13\
2 00538  67.8110 227.7633 0016765 247.0353 112.8994 14.47187410167588
1 00538U 61015FX  22282.58491376  .00005061  00000-0  14022-2 0    15\
2 00538  67.8111 226.8763 0016770 246.6558 113.2794 14.47191100167631
1   538U 61015FX  22283.27603591  .00004748  00000-0  13167-2 0  2142\
2   538  67.8115 225.1018 0016710 246.1464 113.7901 14.47197880168430
1 00538U 61015FX  22283.27603591  .00004748  00000-0  13167-2 0    16\
2 00538  67.8115 225.1018 0016710 246.1464 113.7901 14.47197880167732
1 00538U 61015FX  22283.82893136  .00004821  00000-0  13366-2 0    16\
2 00538  67.8116 223.6820 0016671 245.7051 114.2324 14.47203611167814
1 00538U 61015FX  22284.24360162  .00004750  00000-0  13170-2 0    15\
2 00538  67.8117 222.6172 0016620 245.4119 114.5266 14.47207789167874
1   538U 61015FX  22284.79649377  .00004401  00000-0  12218-2 0  2155\
2   538  67.8118 221.1976 0016551 244.9848 114.9550 14.47212258168651
1 00538U 61015FX  22284.79649377  .00004401  00000-0  12218-2 0    18\
2 00538  67.8118 221.1976 0016551 244.9848 114.9550 14.47212258167953
1 00538U 61015FX  22285.55671734  .00004204  00000-0  11681-2 0    19\
2 00538  67.8116 219.2456 0016460 244.3773 115.5643 14.47218672168061
1 00538U 61015FX  22285.83316175  .00003702  00000-0  10312-2 0    17\
2 00538  67.8116 218.5357 0016453 244.1197 115.8223 14.47219747168109
1 00538U 61015FX  22286.52427075  .00003429  00000-0  95673-3 0    16\
2 00538  67.8116 216.7611 0016381 243.5915 116.3520 14.47224524168209
1   538U 61015FX  22287.21537710  .00003413  00000-0  95227-3 0  2178\
2   538  67.8113 214.9865 0016355 243.0844 116.8601 14.47229791169009
1 00538U 61015FX  22287.21537710  .00003413  00000-0  95227-3 0    19\
2 00538  67.8113 214.9865 0016355 243.0844 116.8601 14.47229791168301
1 00538U 61015FX  22287.90648059  .00003733  00000-0  10394-2 0    10\
2 00538  67.8112 213.2118 0016297 242.5166 117.4294 14.47236151168403
1 00538U 61015FX  22288.18292150  .00003739  00000-0  10409-2 0    11\
2 00538  67.8112 212.5020 0016248 242.2949 117.6518 14.47238202168443
1   538U 61015FX  22288.87402178  .00003285  00000-0  91713-3 0  2184\
2   538  67.8111 210.7273 0016224 241.7642 118.1836 14.47242536169243
1 00538U 61015FX  22288.87402178  .00003285  00000-0  91713-3 0    14\
2 00538  67.8111 210.7273 0016224 241.7642 118.1836 14.47242536168545
1 00538U 61015FX  22289.84155851  .00003107  00000-0  86852-3 0    16\
2 00538  67.8109 208.2427 0016154 240.9435 119.0063 14.47249212168683
1   538U 61015FX  22290.18710655  .00002840  00000-0  79575-3 0  2192\
2   538  67.8108 207.3553 0016137 240.7331 119.2172 14.47250744169435
1 00538U 61015FX  22290.18710655  .00002840  00000-0  79575-3 0    11\
2 00538  67.8108 207.3553 0016137 240.7331 119.2172 14.47250744168737
1 00538U 61015FX  22290.80909163  .00002607  00000-0  73247-3 0    15\
2 00538  67.8108 205.7581 0016076 240.2515 119.7002 14.47254237168829
1 00538U 61015FX  22291.15463837  .00002326  00000-0  65576-3 0    11\
2 00538  67.8111 204.8705 0016051 240.0016 119.9508 14.47255453168877
1   538U 61015FX  22291.77662164  .00002343  00000-0  66050-3 0  2203\
2   538  67.8110 203.2733 0016017 239.5087 120.4448 14.47258445169665
1 00538U 61015FX  22291.77662164  .00002343  00000-0  66050-3 0    10\
2 00538  67.8110 203.2733 0016017 239.5087 120.4448 14.47258445168967
1 00538U 61015FX  22292.12216747  .00002308  00000-0  65095-3 0    11\
2 00538  67.8110 202.3863 0015962 239.2469 120.7076 14.47260038169018
1   538U 61015FX  22293.15880246  .00002018  00000-0  57181-3 0  2215\
2   538  67.8111 199.7241 0015852 238.3801 121.5769 14.47264189169868
1 00538U 61015FX  22293.15880246  .00002018  00000-0  57181-3 0    11\
2 00538  67.8111 199.7241 0015852 238.3801 121.5769 14.47264189169161
1 00538U 61015FX  22293.71167317  .00001999  00000-0  56650-3 0    17\
2 00538  67.8112 198.3044 0015785 237.9347 122.0237 14.47266715169245
1   538U 61015FX  22294.19543406  .00001934  00000-0  54884-3 0  2228\
2   538  67.8112 197.0623 0015778 237.6379 122.3210 14.47268681170013
1 00538U 61015FX  22294.19543406  .00001934  00000-0  54884-3 0    13\
2 00538  67.8112 197.0623 0015778 237.6379 122.3210 14.47268681169314
1 00538U 61015FX  22294.88652030  .00001761  00000-0  50163-3 0    17\
2 00538  67.8113 195.2876 0015728 237.1449 122.8154 14.47271061169412
1 00538U 61015FX  22295.16295455  .00001949  00000-0  55297-3 0    14\
2 00538  67.8113 194.5777 0015710 236.9507 123.0101 14.47272649169459
1   538U 61015FX  22295.78493004  .00002225  00000-0  62797-3 0  2239\
2   538  67.8113 192.9804 0015662 236.4451 123.5170 14.47276342170245
1 00538U 61015FX  22295.85403833  .00002235  00000-0  63084-3 0    13\
2 00538  67.8113 192.8030 0015660 236.4030 123.5592 14.47276676169556
1 00538U 61015FX  22296.13047137  .00002385  00000-0  67166-3 0    17\
2 00538  67.8113 192.0932 0015613 236.0817 123.8815 14.47278435169596
1 00538U 61015FX  22296.75244480  .00002333  00000-0  65740-3 0    14\
2 00538  67.8113 190.4960 0015565 235.5359 124.4287 14.47281323169680
1   538U 61015FX  22296.89066090  .00002345  00000-0  66073-3 0  2248\
2   538  67.8113 190.1411 0015567 235.4319 124.5328 14.47282002170409
1 00538U 61015FX  22296.89066090  .00002345  00000-0  66073-3 0    11\
2 00538  67.8113 190.1411 0015567 235.4319 124.5328 14.47282002169700
1 00538U 61015FX  22297.71995672  .00002177  00000-0  61483-3 0    13\
2 00538  67.8112 188.0114 0015497 234.8404 125.1260 14.47285456169826
1   538U 61015FX  22297.99638820  .00001890  00000-0  53663-3 0  2252\
2   538  67.8111 187.3015 0015475 234.6334 125.3337 14.47285818170565
1 00538U 61015FX  22298.41103511  .00001828  00000-0  51967-3 0    12\
2 00538  67.8110 186.2366 0015448 234.3542 125.6136 14.47287484169928
1 00538U 61015FX  22298.82568146  .00001738  00000-0  49520-3 0    18\
2 00538  67.8110 185.1718 0015418 233.9659 126.0029 14.47289067169989
1   538U 61015FX  22299.10211224  .00001672  00000-0  47722-3 0  2260\
2   538  67.8109 184.4620 0015399 233.7835 126.1858 14.47289960170720
1 00538U 61015FX  22299.10211224  .00001672  00000-0  47722-3 0    11\
2 00538  67.8109 184.4620 0015399 233.7835 126.1858 14.47289960170023
1 00538U 61015FX  22299.79318813  .00001688  00000-0  48161-3 0    13\
2 00538  67.8108 182.6871 0015343 233.2035 126.7674 14.47292822170120
1 00538U 61015FX  22300.06961821  .00001687  00000-0  48144-3 0    19\
2 00538  67.8107 181.9772 0015322 233.0133 126.9582 14.47293793170167
1   538U 61015FX  22300.82979952  .00001962  00000-0  55607-3 0  2275\
2   538  67.8106 180.0249 0015269 232.4288 127.5442 14.47297594170973
1 00538U 61015FX  22300.82979952  .00001962  00000-0  55607-3 0    15\
2 00538  67.8106 180.0249 0015269 232.4288 127.5442 14.47297594170276
1 00538U 61015FX  22301.03712147  .00001988  00000-0  56339-3 0    11\
2 00538  67.8106 179.4925 0015257 232.2882 127.6852 14.47298419170301
1 00538U 61015FX  22301.79730093  .00002211  00000-0  62390-3 0    18\
2 00538  67.8105 177.5402 0015175 231.6183 128.3571 14.47302065170416
1   538U 61015FX  22302.07372888  .00002104  00000-0  59470-3 0  2281\
2   538  67.8099 176.8301 0015170 231.3142 128.6618 14.47303562171155
1 00538U 61015FX  22302.07372888  .00002104  00000-0  59470-3 0    10\
2 00538  67.8099 176.8301 0015170 231.3142 128.6618 14.47303562170457
1 00538U 61015FX  22302.62658397  .00002076  00000-0  58721-3 0    19\
2 00538  67.8098 175.4103 0015132 230.8626 129.1146 14.47306014170536
1 00538U 61015FX  22303.04122583  .00002808  00000-0  78645-3 0    19\
2 00538  67.8103 174.3455 0015017 230.5766 129.4021 14.47309777170595
1 00538U 61015FX  22304.07782582  .00002561  00000-0  71909-3 0    16\
2 00538  67.8104 171.6834 0014904 229.7594 130.2219 14.47314325170741
1   538U 61015FX  22304.07782582  .00002561  00000-0  71909-3 0  2300\
2   538  67.8104 171.6834 0014904 229.7594 130.2219 14.47314325171449
1   538U 61015FX  22305.59816420  .00002702  00000-0  75727-3 0  2317\
2   538  67.8103 167.7789 0014775 228.4174 131.5676 14.47323339171669
1 00538U 61015FX  22305.04531510  .00002681  00000-0  75152-3 0    14\
2 00538  67.8104 169.1986 0014776 228.9081 131.0759 14.47320065170881
1 00538U 61015FX  22305.59816420  .00002702  00000-0  75727-3 0    12\
2 00538  67.8103 167.7789 0014775 228.4174 131.5676 14.47323339170961
1 00538U 61015FX  22306.01280053  .00002566  00000-0  72014-3 0    11\
2 00538  67.8102 166.7140 0014746 228.0661 131.9199 14.47325112171028
1   538U 61015FX  22306.98028249  .00002704  00000-0  75762-3 0  2327\
2   538  67.8101 164.2291 0014688 227.3246 132.6633 14.47330824171862
1 00538U 61015FX  22306.98028249  .00002704  00000-0  75762-3 0    11\
2 00538  67.8101 164.2291 0014688 227.3246 132.6633 14.47330824171165
1 00538U 61015FX  22307.60223325  .00002814  00000-0  78773-3 0    10\
2 00538  67.8099 162.6317 0014684 226.9079 133.0809 14.47334581171251
1   538U 61015FX  22308.01686544  .00003064  00000-0  85557-3 0  2335\
2   538  67.8099 161.5665 0014653 226.5456 133.4442 14.47338062172016
1 00538U 61015FX  22308.56970768  .00003398  00000-0  94640-3 0    15\
2 00538  67.8097 160.1466 0014613 226.0803 133.9107 14.47342627171390
1 00538U 61015FX  22309.53717819  .00003154  00000-0  87999-3 0    18\
2 00538  67.8093 157.6619 0014454 225.0949 134.8994 14.47348424171531
1   538U 61015FX  22309.53717819  .00003154  00000-0  87999-3 0  2346\
2   538  67.8093 157.6619 0014454 225.0949 134.8994 14.47348424172239
1 00538U 61015FX  22309.95180672  .00003125  00000-0  87179-3 0    13\
2 00538  67.8092 156.5969 0014429 224.8106 135.1846 14.47351244171590
1   538U 61015FX  22310.78106211  .00002706  00000-0  75804-3 0  2358\
2   538  67.8092 154.4667 0014465 224.2499 135.7461 14.47355309172418
1 00538U 61015FX  22310.98837570  .00002458  00000-0  69047-3 0    16\
2 00538  67.8092 153.9343 0014409 224.0548 135.9421 14.47355907171741
1 00538U 61015FX  22313.61432718  .00003405  00000-0  94765-3 0    12\
2 00538  67.8088 147.1891 0014209 221.9421 138.0608 14.47376593172121
1   538U 61015FX  22313.82163772  .00003354  00000-0  93376-3 0  2366\
2   538  67.8090 146.6566 0014201 221.9117 138.0913 14.47377881172851
1 00538U 61015FX  22313.89074117  .00003201  00000-0  89205-3 0    14\
2 00538  67.8090 146.4792 0014172 221.6183 138.3855 14.47378098172160
1 00538U 61015FX  22314.51267171  .00002838  00000-0  79356-3 0    19\
2 00538  67.8089 144.8817 0014144 221.2052 138.7998 14.47380912172258
1 00538U 61015FX  22314.85818771  .00002828  00000-0  79078-3 0    14\
2 00538  67.8091 143.9943 0014130 221.0324 138.9730 14.47383298172308
1   538U 61015FX  22314.92729087  .00002808  00000-0  78518-3 0  2370\
2   538  67.8091 143.8168 0014126 221.0174 138.9881 14.47383714173013
1 00538U 61015FX  22314.92729087  .00002808  00000-0  78518-3 0    19\
2 00538  67.8091 143.8168 0014126 221.0174 138.9881 14.47383714172315
1 00538U 61015FX  22315.89473334  .00002650  00000-0  74209-3 0    15\
2 00538  67.8093 141.3317 0014042 220.3005 139.7071 14.47389377172454
1   538U 61015FX  22315.96383623  .00002640  00000-0  73963-3 0  2381\
2   538  67.8093 141.1541 0014040 220.2395 139.7682 14.47389762173165
1 00538U 61015FX  22316.58576161  .00002565  00000-0  71904-3 0    18\
2 00538  67.8095 139.5565 0013996 219.7551 140.2541 14.47393089172550
1 00538U 61015FX  22316.86217229  .00002459  00000-0  69035-3 0    10\
2 00538  67.8096 138.8467 0013972 219.5371 140.4727 14.47394302172597
1   538U 61015FX  22317.48409546  .00002644  00000-0  74041-3 0  2396\
2   538  67.8096 137.2490 0013923 219.0864 140.9247 14.47398399173384
1 00538U 61015FX  22317.55319785  .00002656  00000-0  74367-3 0    10\
2 00538  67.8096 137.0715 0013919 219.0205 140.9907 14.47398875172691
1 00538U 61015FX  22317.82960771  .00002617  00000-0  73311-3 0    12\
2 00538  67.8097 136.3616 0013881 218.8935 141.1183 14.47400198172735
1 00538U 61015FX  22317.89871014  .00002597  00000-0  72755-3 0    18\
2 00538  67.8096 136.1840 0013879 218.8756 141.1363 14.47400504172741
1   538U 61015FX  22318.72793750  .00002576  00000-0  72197-3 0  2403\
2   538  67.8097 134.0538 0013822 218.3224 141.6911 14.47405058173560
1 00538U 61015FX  22318.79703956  .00002316  00000-0  65137-3 0    12\
2 00538  67.8097 133.8762 0013839 218.3043 141.7091 14.47404690172877
1 00538U 61015FX  22319.55716238  .00002463  00000-0  69127-3 0    10\
2 00538  67.8097 131.9236 0013772 217.6773 142.3380 14.47409252172989
1   538U 61015FX  22319.76446827  .00002491  00000-0  69880-3 0  2410\
2   538  67.8097 131.3912 0013754 217.5312 142.4845 14.47410345173716
1 00538U 61015FX  22319.83357003  .00002191  00000-0  61714-3 0    14\
2 00538  67.8097 131.2136 0013752 217.4699 142.5459 14.47409887173023
1 00538U 61015FX  22320.59369001  .00002328  00000-0  65448-3 0    10\
2 00538  67.8095 129.2611 0013690 216.9561 143.0613 14.47414253173132
1   538U 61015FX  22320.80099514  .00002372  00000-0  66624-3 0  2426\
2   538  67.8097 128.7286 0013672 216.6760 143.3421 14.47415395173862
1 00538U 61015FX  22320.80099514  .00002372  00000-0  66624-3 0    19\
2 00538  67.8097 128.7286 0013672 216.6760 143.3421 14.47415395173165
1 00538U 61015FX  22321.42290967  .00002417  00000-0  67858-3 0    13\
2 00538  67.8096 127.1311 0013634 216.3893 143.6298 14.47418658173258
1 00538U 61015FX  22321.49201132  .00002350  00000-0  66036-3 0    19\
2 00538  67.8096 126.9532 0013620 216.3137 143.7056 14.47418751173264
1   538U 61015FX  22321.83751867  .00002158  00000-0  60819-3 0  2439\
2   538  67.8096 126.0657 0013604 216.1449 143.8749 14.47419830174012
1 00538U 61015FX  22322.45943111  .00002073  00000-0  58513-3 0    19\
2 00538  67.8096 124.4681 0013608 215.7021 144.3187 14.47422539173400
1   538U 61015FX  22323.42684823  .00002655  00000-0  74297-3 0  2441\
2   538  67.8096 121.9826 0013526 214.9862 145.0367 14.47428757174245
1 00538U 61015FX  22323.42684823  .00002655  00000-0  74297-3 0    12\
2 00538  67.8096 121.9826 0013526 214.9862 145.0367 14.47428757173547
1   538U 61015FX  22324.46336372  .00002410  00000-0  67648-3 0  2451\
2   538  67.8097 119.3199 0013477 214.3424 145.6822 14.47432536174391
1 00538U 61015FX  22324.53246465  .00002312  00000-0  64985-3 0    14\
2 00538  67.8097 119.1424 0013464 214.2453 145.7796 14.47432534173700
1 00538U 61015FX  22324.80886792  .00002132  00000-0  60092-3 0    12\
2 00538  67.8097 118.4323 0013445 214.0937 145.9317 14.47433281173749
1 00538U 61015FX  22325.49987549  .00002278  00000-0  64042-3 0    10\
2 00538  67.8098 116.6572 0013406 213.6254 146.4012 14.47436856173840
1   538U 61015FX  22325.63807689  .00002285  00000-0  64245-3 0  2466\
2   538  67.8098 116.3022 0013388 213.4890 146.5381 14.47437424174562
1 00538U 61015FX  22325.84537872  .00002298  00000-0  64609-3 0    10\
2 00538  67.8098 115.7696 0013372 213.3324 146.6951 14.47438428173890
1 00538U 61015FX  22326.53638415  .00002095  00000-0  59086-3 0    10\
2 00538  67.8099 113.9945 0013327 212.8214 147.2075 14.47440926173991
1   538U 61015FX  22326.67458510  .00002106  00000-0  59371-3 0  2473\
2   538  67.8100 113.6395 0013319 212.7347 147.2945 14.47441499174710
1 00538U 61015FX  22326.81278588  .00001846  00000-0  52332-3 0    12\
2 00538  67.8099 113.2843 0013307 212.7117 147.3176 14.47441368174030
1   538U 61015FX  22327.71109037  .00001937  00000-0  54791-3 0  2489\
2   538  67.8102 110.9767 0013255 212.2188 147.8119 14.47445353174860
1 00538U 61015FX  22327.78019043  .00001805  00000-0  51212-3 0    19\
2 00538  67.8103 110.7992 0013249 212.1660 147.8649 14.47445360174176
1 00538U 61015FX  22328.47119221  .00002027  00000-0  57236-3 0    14\
2 00538  67.8104 109.0241 0013212 211.7733 148.2587 14.47448847174271
1 00538U 61015FX  22328.74759249  .00001835  00000-0  52005-3 0    19\
2 00538  67.8104 108.3143 0013198 211.5910 148.4415 14.47449345174313
1   538U 61015FX  22328.74759249  .00001835  00000-0  52005-3 0  2493\
2   538  67.8104 108.3143 0013198 211.5910 148.4415 14.47449345175011
1 00538U 61015FX  22329.50769201  .00002168  00000-0  61043-3 0    15\
2 00538  67.8105 106.3617 0013162 211.2244 148.8091 14.47453539174422
1   538U 61015FX  22329.78409138  .00002233  00000-0  62806-3 0  2502\
2   538  67.8105 105.6515 0013126 211.0547 148.9794 14.47454896175165
1 00538U 61015FX  22329.78409138  .00002233  00000-0  62806-3 0    16\
2 00538  67.8105 105.6515 0013126 211.0547 148.9794 14.47454896174467
1 00538U 61015FX  22330.47508867  .00002215  00000-0  62309-3 0    11\
2 00538  67.8106 103.8763 0013087 210.6271 149.4082 14.47457962174562
1 00538U 61015FX  22330.82058673  .00002238  00000-0  62950-3 0    12\
2 00538  67.8106 102.9887 0013057 210.3533 149.6828 14.47459580174618
1   538U 61015FX  22330.82058673  .00002238  00000-0  62950-3 0  2519\
2   538  67.8106 102.9887 0013057 210.3533 149.6828 14.47459580175316
1 00538U 61015FX  22331.64978045  .00002334  00000-0  65537-3 0    18\
2 00538  67.8108 100.8587 0012996 209.8021 150.2356 14.47463753174734
1   538U 61015FX  22332.34077322  .00002401  00000-0  67367-3 0  2520\
2   538  67.8108  99.0835 0012944 209.3636 150.6754 14.47467495175531
1 00538U 61015FX  22332.54807085  .00002266  00000-0  63705-3 0    12\
2 00538  67.8107  98.5510 0012926 209.1908 150.8487 14.47468042174863
1 00538U 61015FX  22333.30816062  .00002363  00000-0  66317-3 0    12\
2 00538  67.8107  96.5981 0012853 208.7819 151.2589 14.47472184174970
1   538U 61015FX  22333.44635870  .00002292  00000-0  64387-3 0  2538\
2   538  67.8107  96.2431 0012845 208.7099 151.3312 14.47472566175697
1 00538U 61015FX  22333.51545775  .00002462  00000-0  69016-3 0    14\
2 00538  67.8107  96.0656 0012842 208.6554 151.3857 14.47473324175008
1 00538U 61015FX  22334.34464414  .00002193  00000-0  61694-3 0    11\
2 00538  67.8107  93.9356 0012799 208.1301 151.9125 14.47476412175125
1   538U 61015FX  22334.69013793  .00002200  00000-0  61887-3 0  2542\
2   538  67.8107  93.0480 0012766 208.0041 152.0390 14.47477905175874
1 00538U 61015FX  22334.69013793  .00002200  00000-0  61887-3 0    12\
2 00538  67.8107  93.0480 0012766 208.0041 152.0390 14.47477905175177
1 00538U 61015FX  22335.31202549  .00002246  00000-0  63123-3 0    16\
2 00538  67.8107  91.4502 0012714 207.6198 152.4244 14.47481053175266
1 00538U 61015FX  22335.65751797  .00002284  00000-0  64170-3 0    12\
2 00538  67.8108  90.5625 0012696 207.5344 152.5101 14.47482752175310
1 00538U 61015FX  22335.72661648  .00002278  00000-0  64000-3 0    10\
2 00538  67.8107  90.3848 0012678 207.4419 152.6029 14.47483068175328
1   538U 61015FX  22335.72661648  .00002278  00000-0  64000-3 0  2551\
2   538  67.8107  90.3848 0012678 207.4419 152.6029 14.47483068176026
1   538U 61015FX  22337.38497528  .00002099  00000-0  59145-3 0  2565\
2   538  67.8110  86.1243 0012551 206.4016 153.6462 14.47490299176266
1 00538U 61015FX  22337.45407342  .00002042  00000-0  57590-3 0    16\
2 00538  67.8110  85.9468 0012545 206.4226 153.6252 14.47490382175571
1 00538U 61015FX  22337.66136766  .00002024  00000-0  57087-3 0    19\
2 00538  67.8111  85.4143 0012528 206.3063 153.7418 14.47491226175603
1 00538U 61015FX  22338.42144518  .00001948  00000-0  55022-3 0    19\
2 00538  67.8113  83.4618 0012475 205.7659 154.2837 14.47494581175715
1   538U 61015FX  22338.62873883  .00001922  00000-0  54329-3 0  2579\
2   538  67.8113  82.9293 0012456 205.6644 154.3855 14.47495365176443
1 00538U 61015FX  21197.70022217  .00000358  00000-0  12272-3 0    17\
2 00538  67.8114 300.6473 0018963 308.5663  51.3752 14.45912852102575
1 00538U 61015FX  22339.38881325  .00002315  00000-0  64994-3 0    16\
2 00538  67.8115  80.9767 0012387 205.2603 154.7908 14.47500530175851
1   538U 61015FX  22339.66520364  .00002390  00000-0  67008-3 0  2586\
2   538  67.8116  80.2667 0012353 205.0947 154.9570 14.47502060176595
1 00538U 61015FX  22340.42527529  .00002669  00000-0  74581-3 0    11\
2 00538  67.8118  78.3142 0012300 204.7403 155.3125 14.47506871176009
1 00538U 61015FX  22340.56346996  .00002696  00000-0  75303-3 0    16\
2 00538  67.8118  77.9592 0012287 204.6450 155.4080 14.47507632176027
1   538U 61015FX  22341.39263603  .00002730  00000-0  76218-3 0  2591\
2   538  67.8118  75.8291 0012206 204.2634 155.7909 14.47512353176840
1 00538U 61015FX  22341.66902402  .00002931  00000-0  81669-3 0    12\
2 00538  67.8118  75.1191 0012164 204.1379 155.9168 14.47514563176181
1 00538U 61015FX  22342.01450790  .00003562  00000-0  98768-3 0    19\
2 00538  67.8119  74.2314 0012134 203.9390 156.1163 14.47518891176238
1 00538U 61015FX  22342.35999150  .00003028  00000-0  84276-3 0    10\
2 00538  67.8119  73.3437 0012107 203.6948 156.3613 14.47519616176283
1   538U 61015FX  22343.05095763  .00002973  00000-0  82796-3 0  2605\
2   538  67.8120  71.5688 0012071 203.1329 156.9245 14.47523759177080
1 00538U 61015FX  22343.39643967  .00002945  00000-0  82026-3 0    15\
2 00538  67.8119  70.6811 0012048 202.9880 157.0699 14.47525957176434
1   538U 61015FX  22344.43288325  .00002749  00000-0  76714-3 0  2611\
2   538  67.8119  68.0184 0011951 202.2965 157.7633 14.47532025177280
1 00538U 61015FX  22344.57107522  .00002818  00000-0  78582-3 0    19\
2 00538  67.8119  67.6634 0011936 202.2026 157.8575 14.47533199176600
1 00538U 61015FX  22344.64017125  .00002803  00000-0  78155-3 0    16\
2 00538  67.8119  67.4859 0011927 202.1404 157.9198 14.47533613176610
1   538U 61015FX  22345.53841757  .00002754  00000-0  76824-3 0  2626\
2   538  67.8119  65.1781 0011859 201.6582 158.4034 14.47539210177440
1 00538U 61015FX  22346.50575636  .00002608  00000-0  72858-3 0    16\
2 00538  67.8118  62.6928 0011766 201.0657 158.9976 14.47544545176882
1   538U 61015FX  22346.92032880  .00002560  00000-0  71562-3 0  2639\
2   538  67.8117  61.6276 0011725 200.7327 159.3315 14.47546980177643
1 00538U 61015FX  22347.33490064  .00002687  00000-0  74989-3 0    13\
2 00538  67.8116  60.5623 0011673 200.3656 159.6996 14.47549889177008
1   538U 61015FX  22348.30223212  .00002570  00000-0  71825-3 0  2648\
2   538  67.8116  58.0770 0011584 199.6179 160.4493 14.47555384177845
1 00538U 61015FX  22348.44042206  .00002671  00000-0  74546-3 0    19\
2 00538  67.8116  57.7219 0011569 199.5481 160.5194 14.47556436177160
1 00538U 61015FX  22348.57861194  .00002646  00000-0  73881-3 0    11\
2 00538  67.8116  57.3670 0011556 199.5433 160.5242 14.47557137177185
1 00538U 61015FX  22349.54593809  .00002930  00000-0  81575-3 0    19\
2 00538  67.8117  54.8816 0011471 198.8353 161.2340 14.47563957177329
1   538U 61015FX  22349.82231632  .00002734  00000-0  76261-3 0  2653\
2   538  67.8115  54.1718 0011460 198.7856 161.2839 14.47565024178068
1 00538U 61015FX  22350.51326020  .00002802  00000-0  78081-3 0    13\
2 00538  67.8116  52.3959 0011358 198.4620 161.6086 14.47569526177460
1 00538U 61015FX  22350.58235448  .00002791  00000-0  77783-3 0    18\
2 00538  67.8117  52.2184 0011346 198.4324 161.6383 14.47569950177470
1   538U 61015FX  22351.13510804  .00002716  00000-0  75750-3 0  2664\
2   538  67.8116  50.7978 0011291 198.0765 161.9951 14.47573223178256
1 00538U 61015FX  22351.54967228  .00002761  00000-0  76958-3 0    13\
2 00538  67.8117  49.7327 0011235 197.8767 162.1955 14.47575957177612
1   538U 61015FX  22352.17151752  .00002716  00000-0  75739-3 0  2670\
2   538  67.8118  48.1349 0011192 197.4408 162.6325 14.47579659178407
1 00538U 61015FX  22352.51698692  .00002701  00000-0  75346-3 0    11\
2 00538  67.8118  47.2473 0011154 197.1453 162.9288 14.47581386177758
1 00538U 61015FX  22352.65517440  .00002694  00000-0  75141-3 0    11\
2 00538  67.8118  46.8922 0011137 197.0581 163.0162 14.47582183177775
1   538U 61015FX  22353.27701694  .00002879  00000-0  80150-3 0  2682\
2   538  67.8119  45.2945 0011078 196.6225 163.4529 14.47586416178560
1 00538U 61015FX  22353.27701694  .00002879  00000-0  80150-3 0    17\
2 00538  67.8119  45.2945 0011078 196.6225 163.4529 14.47586416177862
1 00538U 61015FX  22353.55339074  .00002965  00000-0  82469-3 0    18\
2 00538  67.8119  44.5844 0011041 196.3959 163.6802 14.47588368177902
1   538U 61015FX  22354.52069745  .00002952  00000-0  82115-3 0  2691\
2   538  67.8120  42.0991 0010941 195.5972 164.4808 14.47593840178743
1 00538U 61015FX  22354.52069745  .00002952  00000-0  82115-3 0    15\
2 00538  67.8120  42.0991 0010941 195.5972 164.4808 14.47593840178046
1 00538U 61015FX  22355.55709334  .00002750  00000-0  76649-3 0    15\
2 00538  67.8119  39.4365 0010840 194.8644 165.2155 14.47599133178196
1   538U 61015FX  22355.55709334  .00002750  00000-0  76649-3 0  2703\
2   538  67.8119  39.4365 0010840 194.8644 165.2155 14.47599133178893
1 00538U 61015FX  22356.52439269  .00002320  00000-0  64990-3 0    19\
2 00538  67.8117  36.9510 0010722 194.2920 165.7894 14.47603190178338
1   538U 61015FX  22357.14622599  .00002407  00000-0  67350-3 0  2716\
2   538  67.8117  35.3532 0010646 193.8980 166.1844 14.47607005179128
1 00538U 61015FX  22357.56078115  .00002224  00000-0  62380-3 0    17\
2 00538  67.8116  34.2880 0010592 193.6551 166.4280 14.47608437178488
1   538U 61015FX  22358.38988935  .00002353  00000-0  65876-3 0  2724\
2   538  67.8115  32.1575 0010500 193.0689 167.0156 14.47612951179307
1 00538U 61015FX  22358.52807383  .00002313  00000-0  64800-3 0    19\
2 00538  67.8115  31.8023 0010477 192.9753 167.1095 14.47613516178629
1   538U 61015FX  22359.49536386  .00002035  00000-0  57267-3 0  2739\
2   538  67.8114  29.3166 0010372 192.2176 167.8691 14.47617186179463
1 00538U 61015FX  22359.49536386  .00002035  00000-0  57267-3 0    18\
2 00538  67.8114  29.3166 0010372 192.2176 167.8691 14.47617186178765
1 00538U 61015FX  22360.04809962  .00001752  00000-0  49591-3 0    10\
2 00538  67.8114  27.8962 0010310 191.8246 168.2630 14.47618950178844
1 00538U 61015FX  22360.32446711  .00002483  00000-0  69392-3 0    13\
2 00538  67.8114  27.1859 0010293 191.5700 168.5182 14.47622392178888
1   538U 61015FX  22361.08447627  .00002564  00000-0  71575-3 0  2742\
2   538  67.8115  25.2329 0010204 190.9509 169.1386 14.47626348179690
1 00538U 61015FX  22361.42993456  .00002237  00000-0  62713-3 0    15\
2 00538  67.8116  24.3451 0010164 190.7335 169.3566 14.47626821179044
1 00538U 61015FX  22362.46630621  .00002256  00000-0  63218-3 0    14\
2 00538  67.8117  21.6817 0010090 189.7582 170.3340 14.47632009179194
1   538U 61015FX  22362.46630621  .00002256  00000-0  63218-3 0  2757\
2   538  67.8117  21.6817 0010090 189.7582 170.3340 14.47632009179891
1 00538U 61015FX  22363.01903647  .00002035  00000-0  57239-3 0    18\
2 00538  67.8118  20.2613 0010030 189.2958 170.7974 14.47634069179274
1   538U 61015FX  22364.12449434  .00002403  00000-0  67192-3 0  2762\
2   538  67.8118  17.4205 0009868 188.4270 171.6682 14.47640332180137
1 00538U 61015FX  22364.40085790  .00002694  00000-0  75049-3 0    12\
2 00538  67.8119  16.7105 0009802 188.2797 171.8159 14.47642605179470
1   538U 61015FX  22365.36812904  .00002585  00000-0  72121-3 0  2775\
2   538  67.8119  14.2249 0009684 187.3934 172.7041 14.47646901180311
1 00538U 61015FX  22365.43721972  .00002597  00000-0  72423-3 0    10\
2 00538  67.8119  14.0473 0009683 187.3261 172.7716 14.47647262179622
1   538U 61015FX  23001.40448713  .00002521  00000-0  70366-3 0  2781
2   538  67.8118  11.5618 0009577 186.4944 173.6049 14.47651871180468
1 00538U 61015FX  23001.40448713  .00002521  00000-0  70366-3 0    15
2 00538  67.8118  11.5618 0009577 186.4944 173.6049 14.47651871179769
1 00538U 61015FX  23002.50993131  .00002333  00000-0  65292-3 0    19
2 00538  67.8117   8.7210 0009438 185.3963 174.7053 14.47657208179924
1   538U 61015FX  23002.64811138  .00002334  00000-0  65315-3 0  2794
2   538  67.8116   8.3659 0009446 185.2529 174.8490 14.47658028180640
1 00538U 61015FX  23002.64811138  .00002334  00000-0  65315-3 0    17
2 00538  67.8116   8.3659 0009446 185.2529 174.8490 14.47658028179941
1 00538U 61015FX  23003.26992121  .00002648  00000-0  73786-3 0    17
2 00538  67.8115   6.7680 0009469 184.7311 175.3717 14.47662321180035
1   538U 61015FX  23004.37535627  .00003159  00000-0  87586-3 0  2804
2   538  67.8115   3.9269 0009211 183.7428 176.3621 14.47670513180891
1 00538U 61015FX  23004.37535627  .00003159  00000-0  87586-3 0    15
2 00538  67.8115   3.9269 0009211 183.7428 176.3621 14.47670513180194
1 00538U 61015FX  23005.48078504  .00003338  00000-0  92424-3 0    10
2 00538  67.8115   1.0862 0009087 182.5890 177.5180 14.47678451180353
1   538U 61015FX  23005.48078504  .00003338  00000-0  92424-3 0  2810
2   538  67.8115   1.0862 0009087 182.5890 177.5180 14.47678451181051
1 00538U 61015FX  23006.93165023  .00003607  00000-0  99664-3 0    16
2 00538  67.8118 357.3574 0008945 181.0420 179.0679 14.47690426180567
1   538U 61015FX  23006.93165023  .00003607  00000-0  99664-3 0  2827
2   538  67.8118 357.3574 0008945 181.0420 179.0679 14.47690426181265
1 00538U 61015FX  23007.69162272  .00003875  00000-0  10689-2 0    19
2 00538  67.8121 355.4042 0008901 180.2593 179.8520 14.47696899180679
1   538U 61015FX  23007.96797564  .00003813  00000-0  10522-2 0  2837
2   538  67.8121 354.6939 0008880 179.9392 180.1727 14.47698957181417
1 00538U 61015FX  23007.96797564  .00003813  00000-0  10522-2 0    15
2 00538  67.8121 354.6939 0008880 179.9392 180.1727 14.47698957180719
1   538U 61015FX  23009.21155908  .00003730  00000-0  10295-2 0  2843
2   538  67.8123 351.4982 0008718 178.4886 181.6258 14.47707964181597
1 00538U 61015FX  23009.21155908  .00003730  00000-0  10295-2 0    10
2 00538  67.8123 351.4982 0008718 178.4886 181.6258 14.47707964180899
1 00538U 61015FX  23009.90243532  .00003736  00000-0  10310-2 0    11
2 00538  67.8124 349.7225 0008675 177.6645 182.4513 14.47713177180993
1   538U 61015FX  23010.31696004  .00003747  00000-0  10339-2 0  2851
2   538  67.8125 348.6572 0008656 177.2207 182.8959 14.47716039181759
1 00538U 61015FX  23010.31696004  .00003747  00000-0  10339-2 0    17
2 00538  67.8125 348.6572 0008656 177.2207 182.8959 14.47716039181052
1 00538U 61015FX  23011.56052769  .00004387  00000-0  12064-2 0    17
2 00538  67.8126 345.4612 0008508 175.7616 184.3573 14.47727387181233
1   538U 61015FX  23011.56052769  .00004387  00000-0  12064-2 0  2862
2   538  67.8126 345.4612 0008508 175.7616 184.3573 14.47727387181930
1 00538U 61015FX  23011.90596137  .00004472  00000-0  12293-2 0    16
2 00538  67.8127 344.5735 0008521 175.3870 184.7327 14.47730626181289
1   538U 61015FX  23012.94225772  .00004725  00000-0  12973-2 0  2877
2   538  67.8127 341.9102 0008454 174.1796 185.9420 14.47740659182136
1 00538U 61015FX  23012.94225772  .00004725  00000-0  12973-2 0    11
2 00538  67.8127 341.9102 0008454 174.1796 185.9420 14.47740659181438
1 00538U 61015FX  23013.28768805  .00004952  00000-0  13586-2 0    11
2 00538  67.8126 341.0224 0008413 173.7792 186.3430 14.47744469181483
1   538U 61015FX  23014.18580346  .00005601  00000-0  15333-2 0  2884
2   538  67.8124 338.7145 0008277 172.2387 187.8859 14.47754783182312
1 00538U 61015FX  23014.32397390  .00006094  00000-0  16661-2 0    10
2 00538  67.8124 338.3592 0008250 172.1104 188.0144 14.47757597181631
1   538U 61015FX  23015.29116632  .00006112  00000-0  16706-2 0  2894
2   538  67.8122 335.8736 0008178 170.9875 189.1390 14.47768528182475
1 00538U 61015FX  23015.29116632  .00006112  00000-0  16706-2 0    16
2 00538  67.8122 335.8736 0008178 170.9875 189.1390 14.47768528181777
1 00538U 61015FX  23015.91292867  .00007508  00000-0  20463-2 0    15
2 00538  67.8123 334.2754 0008112 169.8096 190.3186 14.47778516181866
1 00538U 61015FX  23016.60377054  .00006561  00000-0  17910-2 0    15
2 00538  67.8122 332.4999 0008062 169.3585 190.7704 14.47786069181961
1   538U 61015FX  23016.60377054  .00006561  00000-0  17910-2 0  2905
2   538  67.8122 332.4999 0008062 169.3585 190.7704 14.47786069182669
1 00538U 61015FX  23016.88010635  .00006547  00000-0  17871-2 0    14
2 00538  67.8121 331.7895 0008040 169.0119 191.1174 14.47789718182009
1 00538U 61015FX  23017.57094322  .00005596  00000-0  15306-2 0    10
2 00538  67.8121 330.0137 0007962 168.1439 191.9866 14.47796613182106
1   538U 61015FX  23017.84727725  .00005493  00000-0  15028-2 0  2918
2   538  67.8123 329.3036 0007925 167.3952 192.7364 14.47799534182845
1 00538U 61015FX  23017.91636077  .00004582  00000-0  12573-2 0    14
2 00538  67.8122 329.1260 0007916 167.3466 192.7850 14.47798493182158
1 00538U 61015FX  23018.26177676  .00006164  00000-0  16832-2 0    18
2 00538  67.8122 328.2380 0007911 166.6387 193.4941 14.47805573182203
1 00538U 61015FX  23018.60719165  .00006185  00000-0  16888-2 0    15
2 00538  67.8124 327.3502 0007905 166.6270 193.5058 14.47809481182252
1   538U 61015FX  23019.09077124  .00006385  00000-0  17425-2 0  2923
2   538  67.8125 326.1071 0007872 165.9263 194.2074 14.47815359183021
1 00538U 61015FX  23019.29801907  .00005745  00000-0  15701-2 0    11
2 00538  67.8124 325.5743 0007852 165.3877 194.7468 14.47816695182353
1   538U 61015FX  23020.12700583  .00006410  00000-0  17487-2 0  2939
2   538  67.8127 323.4438 0007794 164.1236 196.0126 14.47828444183177
1 00538U 61015FX  23020.47241539  .00006148  00000-0  16782-2 0    10
2 00538  67.8128 322.5558 0007777 163.4077 196.7296 14.47832335182524
1 00538U 61015FX  23020.61057881  .00006233  00000-0  17009-2 0    19
2 00538  67.8128 322.2008 0007758 163.5499 196.5870 14.47834130182542
1   538U 61015FX  23023.78829043  .00006112  00000-0  16670-2 0  2940
2   538  67.8127 314.0329 0007566 159.0207 201.1221 14.47875594183701
1   538U 61015FX  23024.82448212  .00005816  00000-0  15869-2 0  2951
2   538  67.8124 311.3695 0007499 157.7566 202.3877 14.47887488183853
1 00538U 61015FX  23025.16987797  .00005637  00000-0  15388-2 0    17
2 00538  67.8122 310.4816 0007478 156.9227 203.2227 14.47890861183205
1 00538U 61015FX  23025.92974545  .00005168  00000-0  14123-2 0    13
2 00538  67.8119 308.5283 0007433 155.8082 204.3385 14.47897923183310
1   538U 61015FX  23026.06790281  .00005197  00000-0  14202-2 0  2968
2   538  67.8119 308.1731 0007424 155.6040 204.5429 14.47899315184034
1 00538U 61015FX  23026.41329574  .00004551  00000-0  12462-2 0    13
2 00538  67.8118 307.2852 0007419 155.1780 204.9694 14.47901368183384
1   538U 61015FX  23027.17315773  .00004422  00000-0  12114-2 0  2971
2   538  67.8116 305.3318 0007391 153.7345 206.4147 14.47907909184195
1 00538U 61015FX  23027.17315773  .00004422  00000-0  12114-2 0    14
2 00538  67.8116 305.3318 0007391 153.7345 206.4147 14.47907909183497
1 00538U 61015FX  23027.86393849  .00003885  00000-0  10670-2 0    17
2 00538  67.8115 303.5559 0007341 152.5109 207.6397 14.47912783183590
1 00538U 61015FX  23028.14024995  .00003667  00000-0  10083-2 0    18
2 00538  67.8115 302.8455 0007333 152.1932 207.9577 14.47914576183638
1   538U 61015FX  23028.76194996  .00003178  00000-0  87661-3 0  2987
2   538  67.8114 301.2472 0007304 151.0579 209.0944 14.47918312184423
1 00538U 61015FX  23028.90010541  .00003028  00000-0  83645-3 0    10
2 00538  67.8115 300.8920 0007284 150.7956 209.3569 14.47918825183748
1 00538U 61015FX  23029.86719035  .00002625  00000-0  72796-3 0    17
2 00538  67.8115 298.4056 0007262 148.6140 211.5411 14.47924588183886
1   538U 61015FX  23030.14349982  .00002526  00000-0  70111-3 0  2998
2   538  67.8115 297.6950 0007202 148.1454 212.0099 14.47925923184622
1 00538U 61015FX  23030.14349982  .00002526  00000-0  70111-3 0    19
2 00538  67.8115 297.6950 0007202 148.1454 212.0099 14.47925923183924
1 00538U 61015FX  23030.90334902  .00002290  00000-0  63756-3 0    14
2 00538  67.8116 295.7415 0007157 146.7442 213.4125 14.47929826184034
1 00538U 61015FX  23031.11058027  .00002583  00000-0  71638-3 0    12
2 00538  67.8115 295.2087 0007137 146.6009 213.5559 14.47931409184064
1   538U 61015FX  23031.73227295  .00002548  00000-0  70705-3 0  3002
2   538  67.8114 293.6104 0007111 145.5600 214.5978 14.47934899184851
1 00538U 61015FX  23031.73227295  .00002548  00000-0  70705-3 0    10
2 00538  67.8114 293.6104 0007111 145.5600 214.5978 14.47934899184154
1 00538U 61015FX  23032.35396441  .00002526  00000-0  70100-3 0    14
2 00538  67.8115 292.0121 0007117 144.2090 215.9504 14.47938160184247
1   538U 61015FX  23033.04473092  .00002456  00000-0  68216-3 0  3019
2   538  67.8114 290.2363 0007084 143.1635 216.9969 14.47941579185043
1 00538U 61015FX  23033.04473092  .00002456  00000-0  68216-3 0    16
2 00538  67.8114 290.2363 0007084 143.1635 216.9969 14.47941579184345
1   538U 61015FX  23034.70256237  .00002652  00000-0  73482-3 0  3023
2   538  67.8113 285.9744 0007015 140.1823 219.9809 14.47951659185288
1 00538U 61015FX  23034.70256237  .00002652  00000-0  73482-3 0    19
2 00538  67.8113 285.9744 0007015 140.1823 219.9809 14.47951659184580
1 00538U 61015FX  23035.53147560  .00002670  00000-0  73945-3 0    13
2 00538  67.8108 283.8436 0006962 139.0947 221.0693 14.47955637184702
1   538U 61015FX  23035.87685513  .00002388  00000-0  66363-3 0  3032
2   538  67.8111 282.9560 0006957 138.5824 221.5821 14.47956493185458
1 00538U 61015FX  23035.87685513  .00002388  00000-0  66363-3 0    17
2 00538  67.8111 282.9560 0006957 138.5824 221.5821 14.47956493184750
1 00538U 61015FX  23036.56761310  .00002439  00000-0  67746-3 0    17
2 00538  67.8109 281.1803 0006934 137.4214 222.7441 14.47960079184851
1 00538U 61015FX  23036.91299134  .00002297  00000-0  63926-3 0    14
2 00538  67.8107 280.2922 0006881 136.9261 223.2395 14.47961328184906
1   538U 61015FX  23036.98206695  .00002287  00000-0  63651-3 0  3041
2   538  67.8106 280.1146 0006868 136.8520 223.3135 14.47961629185610
1 00538U 61015FX  23037.53467097  .00002863  00000-0  79125-3 0    15
2 00538  67.8105 278.6940 0006844 135.9822 224.1840 14.47966291184994
1 00538U 61015FX  23037.88004790  .00002888  00000-0  79780-3 0    14
2 00538  67.8104 277.8059 0006826 135.5447 224.6218 14.47968187185041
1   538U 61015FX  23038.01819856  .00002853  00000-0  78860-3 0  3054
2   538  67.8104 277.4508 0006828 135.3227 224.8440 14.47968830185765
1 00538U 61015FX  23038.43264941  .00003196  00000-0  88049-3 0    13
2 00538  67.8103 276.3851 0006821 134.6475 225.5199 14.47972443185127
1 00538U 61015FX  23038.91617446  .00003542  00000-0  97337-3 0    13
2 00538  67.8102 275.1417 0006807 134.1195 226.0483 14.47976472185194
1   538U 61015FX  23039.39969795  .00003633  00000-0  99785-3 0  3061
2   538  67.8101 273.8986 0006783 133.4015 226.7667 14.47980208185963
1 00538U 61015FX  23039.39969795  .00003633  00000-0  99785-3 0    13
2 00538  67.8101 273.8986 0006783 133.4015 226.7667 14.47980208185266
1 00538U 61015FX  23039.88321986  .00004703  00000-0  12849-2 0    15
2 00538  67.8102 272.6551 0006758 132.7146 227.4540 14.47986534185335
1 00538U 61015FX  23040.43581456  .00004591  00000-0  12549-2 0    10
2 00538  67.8101 271.2346 0006740 131.3478 228.8219 14.47991387185414
1   538U 61015FX  23040.78118503  .00004830  00000-0  13188-2 0  3072
2   538  67.8100 270.3465 0006710 130.8406 229.3293 14.47995229186167
1 00538U 61015FX  23040.91933320  .00005278  00000-0  14389-2 0    11
2 00538  67.8100 269.9914 0006691 130.5601 229.6099 14.47997373185485
1 00538U 61015FX  23041.05748100  .00005347  00000-0  14574-2 0    10
2 00538  67.8099 269.6361 0006682 130.2784 229.8918 14.47998935185504
1 00538U 61015FX  23041.74821772  .00005141  00000-0  14021-2 0    12
2 00538  67.8099 267.8602 0006643 129.2279 230.9428 14.48005700185606
1   538U 61015FX  23041.88636477  .00005344  00000-0  14565-2 0  3081
2   538  67.8100 267.5050 0006623 128.9643 231.2064 14.48007338186321
1 00538U 61015FX  23042.50802421  .00005210  00000-0  14204-2 0    17
2 00538  67.8100 265.9064 0006609 127.8111 232.3604 14.48013751185710
1 00538U 61015FX  23042.78431619  .00005381  00000-0  14661-2 0    10
2 00538  67.8101 265.1958 0006610 127.1376 233.0345 14.48017339185753
1   538U 61015FX  23043.40597112  .00005408  00000-0  14731-2 0  3090
2   538  67.8102 263.5973 0006594 126.0598 234.1130 14.48024375186548
1 00538U 61015FX  23043.54411609  .00005790  00000-0  15755-2 0    11
2 00538  67.8102 263.2420 0006586 125.7859 234.3870 14.48026851185867
1   538U 61015FX  23044.44205573  .00005422  00000-0  14764-2 0  3106
2   538  67.8104 260.9329 0006539 124.1438 236.0299 14.48036381186690
1 00538U 61015FX  23044.51112786  .00005213  00000-0  14204-2 0    11
2 00538  67.8104 260.7553 0006529 123.9615 236.2123 14.48036698186004
1 00538U 61015FX  23045.47813284  .00005337  00000-0  14533-2 0    10
2 00538  67.8103 258.2688 0006563 122.3035 237.8718 14.48047226186142
1   538U 61015FX  23045.75441879  .00005429  00000-0  14780-2 0  3118
2   538  67.8103 257.5582 0006540 121.6112 238.5643 14.48050321186886
1 00538U 61015FX  23045.75441879  .00005429  00000-0  14780-2 0    14
2 00538  67.8103 257.5582 0006540 121.6112 238.5643 14.48050321186189
1 00538U 61015FX  23046.51420208  .00006182  00000-0  16793-2 0    15
2 00538  67.8103 255.6046 0006525 120.4141 239.7621 14.48059674186296
1 00538U 61015FX  23046.85955675  .00006450  00000-0  17511-2 0    10
2 00538  67.8102 254.7165 0006492 119.7962 240.3801 14.48063825186349
1   538U 61015FX  23046.92862753  .00006490  00000-0  17617-2 0  3128
2   538  67.8102 254.5389 0006485 119.6941 240.4821 14.48064701187059
1 00538U 61015FX  23047.55026240  .00006465  00000-0  17547-2 0    10
2 00538  67.8099 252.9403 0006461 118.7206 241.4560 14.48072141186441
1 00538U 61015FX  23047.68840306  .00006445  00000-0  17495-2 0    11
2 00538  67.8098 252.5850 0006455 118.5372 241.6395 14.48073808186468
1   538U 61015FX  23048.44817442  .00004998  00000-0  13616-2 0  3139
2   538  67.8096 250.6313 0006444 117.2718 242.9056 14.48079951187270
1 00538U 61015FX  23048.51724430  .00004976  00000-0  13557-2 0    15
2 00538  67.8095 250.4537 0006445 117.1726 243.0048 14.48080743186581
1 00538U 61015FX  23048.86259344  .00004155  00000-0  11355-2 0    13
2 00538  67.8094 249.5655 0006455 116.7391 243.4387 14.48083009186638
1 00538U 61015FX  23049.55329040  .00003605  00000-0  98818-3 0    10
2 00538  67.8093 247.7890 0006488 115.9242 244.2544 14.48088024186737
1   538U 61015FX  23049.82956881  .00003682  00000-0  10086-2 0  3141
2   538  67.8092 247.0786 0006452 115.3753 244.8032 14.48089835187476
1 00538U 61015FX  23050.52026287  .00003029  00000-0  83355-3 0    16
2 00538  67.8089 245.3024 0006414 114.2691 245.9095 14.48093419186872
1   538U 61015FX  23050.93467822  .00002842  00000-0  78354-3 0  3158
2   538  67.8090 244.2367 0006402 113.5316 246.6473 14.48095703187636
1 00538U 61015FX  23051.55630006  .00003189  00000-0  87635-3 0    12
2 00538  67.8089 242.6379 0006373 112.5216 247.6575 14.48100421187025
1   538U 61015FX  23051.97071330  .00003151  00000-0  86609-3 0  3165
2   538  67.8090 241.5720 0006348 112.3493 247.8296 14.48103105187789
1 00538U 61015FX  23052.52326310  .00003415  00000-0  93692-3 0    12
2 00538  67.8090 240.1510 0006336 110.8298 249.3497 14.48107740187165
1 00538U 61015FX  23052.86860606  .00003901  00000-0  10670-2 0    14
2 00538  67.8092 239.2628 0006322 110.1589 250.0208 14.48111000187216
1   538U 61015FX  23053.49022165  .00003542  00000-0  97075-3 0  3170
2   538  67.8093 237.6641 0006301 109.1121 251.0678 14.48114872188001
1 00538U 61015FX  23053.55928992  .00003370  00000-0  92470-3 0    13
2 00538  67.8093 237.4864 0006299 108.9791 251.2008 14.48115013187312
1 00538U 61015FX  23053.90463085  .00003638  00000-0  99631-3 0    12
2 00538  67.8093 236.5983 0006281 108.2884 251.8916 14.48118131187364
1 00538U 61015FX  23054.24997113  .00003778  00000-0  10338-2 0    15
2 00538  67.8094 235.7101 0006270 107.6609 252.5193 14.48121143187412
1   538U 61015FX  23054.80251472  .00003875  00000-0  10596-2 0  3183
2   538  67.8096 234.2890 0006236 106.9530 253.2271 14.48125232188194
1 00538U 61015FX  23054.80251472  .00003875  00000-0  10596-2 0    12
2 00538  67.8096 234.2890 0006236 106.9530 253.2271 14.48125232187496
1 00538U 61015FX  23055.49319208  .00003129  00000-0  85980-3 0    12
2 00538  67.8097 232.5127 0006217 105.5260 254.6543 14.48128567187597
1   538U 61015FX  23055.83852983  .00003029  00000-0  83311-3 0  3199
2   538  67.8098 231.6244 0006190 105.0839 255.0963 14.48130657188343
1 00538U 61015FX  23056.52920444  .00003080  00000-0  84649-3 0    14
2 00538  67.8095 229.8481 0006178 103.9058 256.2746 14.48135011187742
1 00538U 61015FX  23056.87454055  .00003469  00000-0  95061-3 0    13
2 00538  67.8096 228.9601 0006163 103.3373 256.8430 14.48138538187793
1   538U 61015FX  23056.87454055  .00003469  00000-0  95061-3 0  3207
2   538  67.8096 228.9601 0006163 103.3373 256.8430 14.48138538188491
1 00538U 61015FX  23057.49614446  .00003653  00000-0  99974-3 0    16
2 00538  67.8101 227.3613 0006139 102.2120 257.9684 14.48142925187885
1 00538U 61015FX  23057.70334527  .00003587  00000-0  98228-3 0    16
2 00538  67.8098 226.8285 0006120 101.9231 258.2572 14.48144442187918
1   538U 61015FX  23058.25587858  .00004827  00000-0  13139-2 0  3214
2   538  67.8098 225.4075 0006077 101.1802 258.9998 14.48152558188699
1 00538U 61015FX  23058.25587858  .00004827  00000-0  13139-2 0    19
2 00538  67.8098 225.4075 0006077 101.1802 258.9998 14.48152558187991
1   538U 61015FX  23058.73933928  .00010623  00000-0  28619-2 0  3221
2   538  67.8100 224.1640 0006039 100.2458 259.9339 14.48172338188768
1 00538U 61015FX  23058.73933928  .00010623  00000-0  28619-2 0    15
2 00538  67.8100 224.1640 0006039 100.2458 259.9339 14.48172338188061
1   538U 61015FX  23058.80840998  .00006279  00000-0  17020-2 0  3230
2   538  67.8101 223.9864 0006040 100.1504 260.0294 14.48159309188774
1 00538U 61015FX  23059.56813576  .00005641  00000-0  15310-2 0    11
2 00538  67.8101 222.0325 0005982  98.7489 261.4305 14.48167180188183
1 00538U 61015FX  23059.84439856  .00005009  00000-0  13619-2 0    15
2 00538  67.8101 221.3219 0005987  98.1470 262.0325 14.48169434188224
1   538U 61015FX  23060.18972582  .00005253  00000-0  14272-2 0  3247
2   538  67.8100 220.4338 0005945  97.6399 262.5393 14.48174247188973
1 00538U 61015FX  23060.88037837  .00004412  00000-0  12020-2 0    16
2 00538  67.8099 218.6574 0005946  96.2706 263.9088 14.48180801188372
1   538U 61015FX  23061.70915688  .00004697  00000-0  12781-2 0  3255
2   538  67.8098 216.5258 0005871  94.9136 265.2651 14.48189745189194
1 00538U 61015FX  23061.70915688  .00004697  00000-0  12781-2 0    16
2 00538  67.8098 216.5258 0005871  94.9136 265.2651 14.48189745188496
1 00538U 61015FX  23062.46886489  .00006388  00000-0  17296-2 0    11
2 00538  67.8098 214.5718 0005804  93.6045 266.5735 14.48201908188602
1 00538U 61015FX  23062.67605701  .00006486  00000-0  17556-2 0    18
2 00538  67.8098 214.0389 0005777  93.3897 266.7880 14.48204698188637
1   538U 61015FX  23063.43575751  .00008249  00000-0  22259-2 0  3269
2   538  67.8099 212.0849 0005764  91.7722 268.4054 14.48218788189449
1 00538U 61015FX  23063.43575751  .00008249  00000-0  22259-2 0    19
2 00538  67.8099 212.0849 0005764  91.7722 268.4054 14.48218788188741
1 00538U 61015FX  23063.71201080  .00007641  00000-0  20633-2 0    10
2 00538  67.8099 211.3743 0005693  91.2292 268.9477 14.48221577188782
1   538U 61015FX  23064.47170205  .00008080  00000-0  21800-2 0  3274
2   538  67.8101 209.4204 0005633  89.6696 270.5066 14.48235115189595
1 00538U 61015FX  23064.54076466  .00008095  00000-0  21840-2 0    15
2 00538  67.8101 209.2428 0005655  89.4368 270.7397 14.48236158188900
1 00538U 61015FX  23064.88607627  .00009014  00000-0  24286-2 0    10
2 00538  67.8103 208.3548 0005633  88.4462 271.7299 14.48243501188952
1   538U 61015FX  23065.50763356  .00009217  00000-0  24823-2 0  3286
2   538  67.8105 206.7559 0005665  86.8924 273.2840 14.48254827189748
1 00538U 61015FX  23065.50763356  .00009217  00000-0  24823-2 0    14
2 00538  67.8105 206.7559 0005665  86.8924 273.2840 14.48254827189041
1 00538U 61015FX  23066.33636917  .00009388  00000-0  25271-2 0    15
2 00538  67.8108 204.6243 0005633  85.5282 274.6478 14.48269932189167
1   538U 61015FX  23067.78663647  .00010272  00000-0  27609-2 0  3299
2   538  67.8113 200.8935 0005608  81.7490 278.4262 14.48297074190073
1 00538U 61015FX  23067.78663647  .00010272  00000-0  27609-2 0    16
2 00538  67.8113 200.8935 0005608  81.7490 278.4262 14.48297074189374
1 00538U 61015FX  23068.54629117  .00010174  00000-0  27343-2 0    11
2 00538  67.8114 198.9394 0005681  79.9854 280.1904 14.48309500189488
1   538U 61015FX  23069.44405583  .00009207  00000-0  24761-2 0  3301
2   538  67.8110 196.6310 0005340  75.6396 284.5313 14.48322752190313
1 00538U 61015FX  23069.51311447  .00007936  00000-0  21376-2 0    15
2 00538  67.8111 196.4530 0005498  76.6146 283.5583 14.48321826189625
1 00538U 61015FX  23070.41086987  .00007033  00000-0  18965-2 0    12
2 00538  67.8121 194.1445 0005744  76.0769 284.0986 14.48335359189758
1   538U 61015FX  23070.61804313  .00006770  00000-0  18263-2 0  3319
2   538  67.8118 193.6102 0005707  75.7936 284.3814 14.48337538190485
1 00538U 61015FX  23070.68710087  .00006267  00000-0  16925-2 0    18
2 00538  67.8117 193.4327 0005597  74.7429 285.4305 14.48337686189797
1 00538U 61015FX  23070.75615852  .00006196  00000-0  16734-2 0    19
2 00538  67.8116 193.2550 0005540  74.2187 285.9541 14.48338461189807
1 00538U 61015FX  23071.58484736  .00005858  00000-0  15830-2 0    16
2 00538  67.8115 191.1237 0005652  72.5878 287.5856 14.48348486189925
1   538U 61015FX  23072.13730379  .00005115  00000-0  13851-2 0  3329
2   538  67.8113 189.7023 0005621  71.3638 288.8089 14.48353448190700
1 00538U 61015FX  23072.13730379  .00005115  00000-0  13851-2 0    12
2 00538  67.8113 189.7023 0005621  71.3638 288.8089 14.48353448190003
1   538U 61015FX  23073.51843601  .00005023  00000-0  13601-2 0  3337
2   538  67.8109 186.1494 0005683  68.0000 292.1720 14.48367233190901
1 00538U 61015FX  23073.51843601  .00005023  00000-0  13601-2 0    19
2 00538  67.8109 186.1494 0005683  68.0000 292.1720 14.48367233190204
1 00538U 61015FX  23074.41616424  .00005284  00000-0  14294-2 0    18
2 00538  67.8108 183.8402 0005709  66.6249 293.5467 14.48376934190339
1   538U 61015FX  23075.17577429  .00005914  00000-0  15967-2 0  3340
2   538  67.8108 181.8857 0005673  64.2228 295.9474 14.48387511191149
1 00538U 61015FX  23075.45199476  .00005889  00000-0  15901-2 0    13
2 00538  67.8106 181.1744 0005666  64.1880 295.9820 14.48391132190485
1   538U 61015FX  23076.55687317  .00004007  00000-0  10889-2 0  3352
2   538  67.8108 178.3320 0005642  62.3351 297.8338 14.48399561191347
1   538U 61015FX  23077.66174439  .00003708  00000-0  10091-2 0  3364
2   538  67.8109 175.4896 0005685  60.1568 300.0113 14.48408657191500
1 00538U 61015FX  23077.66174439  .00003708  00000-0  10091-2 0    13
2 00538  67.8109 175.4896 0005685  60.1568 300.0113 14.48408657190802
1 00538U 61015FX  23078.55944726  .00004028  00000-0  10940-2 0    15
2 00538  67.8111 173.1802 0005718  58.4534 301.7140 14.48416758190930
1   538U 61015FX  23078.69755502  .00004042  00000-0  10978-2 0  3371
2   538  67.8111 172.8249 0005726  58.1759 301.9914 14.48417936191656
1 00538U 61015FX  23078.69755502  .00004042  00000-0  10978-2 0    19
2 00538  67.8111 172.8249 0005726  58.1759 301.9914 14.48417936190958
1 00538U 61015FX  23079.45714547  .00003950  00000-0  10731-2 0    12
2 00538  67.8111 170.8706 0005760  56.7236 303.4432 14.48424065191062
1 00538U 61015FX  23079.66430585  .00004144  00000-0  11247-2 0    11
2 00538  67.8111 170.3377 0005772  56.2981 303.8685 14.48426305191092
1   538U 61015FX  23080.14767886  .00004154  00000-0  11271-2 0  3384
2   538  67.8111 169.0940 0005783  55.2740 304.8920 14.48430742191865
1 00538U 61015FX  23080.49294480  .00003913  00000-0  10629-2 0    12
2 00538  67.8111 168.2058 0005779  54.5341 305.6314 14.48432935191211
1 00538U 61015FX  23080.56199790  .00003905  00000-0  10610-2 0    19
2 00538  67.8111 168.0281 0005781  54.3768 305.7887 14.48433488191222
1   538U 61015FX  23081.18347432  .00003938  00000-0  10695-2 0  3399
2   538  67.8110 166.4291 0005811  53.2048 306.9601 14.48438976192019
1 00538U 61015FX  23081.59779074  .00004013  00000-0  10894-2 0    17
2 00538  67.8108 165.3630 0005806  52.3065 307.8577 14.48442489191378
1   538U 61015FX  23082.35736872  .00003794  00000-0  10311-2 0  3406
2   538  67.8107 163.4085 0005830  50.9316 309.2318 14.48448085192187
1 00538U 61015FX  23082.56452570  .00004113  00000-0  11157-2 0    18
2 00538  67.8106 162.8755 0005825  50.4039 309.7591 14.48450409191511
1 00538U 61015FX  23082.63357792  .00004159  00000-0  11281-2 0    14
2 00538  67.8106 162.6978 0005839  50.4460 309.7172 14.48451157191526
1   538U 61015FX  23083.11693775  .00016990  00000-0  45297-2 0  3419
2   538  67.8104 161.4540 0005884  49.7127 310.4503 14.48488125192294
1   538U 61015FX  23083.53125142  .00007659  00000-0  20576-2 0  3429
2   538  67.8105 160.3883 0005864  48.8846 311.2776 14.48467255192358
1 00538U 61015FX  23083.53125142  .00007659  00000-0  20576-2 0    11
2 00538  67.8105 160.3883 0005864  48.8846 311.2776 14.48467255191650
1   538U 61015FX  23084.56702123  .00005167  00000-0  13953-2 0  3437
2   538  67.8102 157.7232 0005943  46.7485 313.4126 14.48475897192508
1 00538U 61015FX  23084.91227610  .00004476  00000-0  12117-2 0    13
2 00538  67.8102 156.8349 0005956  46.0605 314.1002 14.48478530191853
1   538U 61015FX  23085.60278425  .00003638  00000-0  98883-3 0  3444
2   538  67.8100 155.0582 0006007  44.6895 315.4705 14.48483514192655
1 00538U 61015FX  23085.60278425  .00003638  00000-0  98883-3 0    14
2 00538  67.8100 155.0582 0006007  44.6895 315.4705 14.48483514191957
1 00538U 61015FX  23086.56949204  .00003214  00000-0  87599-3 0    12
2 00538  67.8099 152.5707 0006065  43.0017 317.1572 14.48489495192099
1   538U 61015FX  23087.05284435  .00003332  00000-0  90717-3 0  3453
2   538  67.8098 151.3270 0006093  42.0853 318.0730 14.48493068192860
1 00538U 61015FX  23087.53619549  .00003326  00000-0  90556-3 0    17
2 00538  67.8098 150.0830 0006136  41.3609 318.7972 14.48496319192235
1   538U 61015FX  23088.50289428  .00004076  00000-0  11048-2 0  3467
2   538  67.8098 147.5955 0006199  39.8349 320.3222 14.48504777193074
1 00538U 61015FX  23088.57194396  .00004127  00000-0  11181-2 0    16
2 00538  67.8098 147.4177 0006197  39.7037 320.4532 14.48505421192385
1   538U 61015FX  23089.53863666  .00004396  00000-0  11895-2 0  3479
2   538  67.8099 144.9302 0006241  38.2936 321.8623 14.48513709193228
1 00538U 61015FX  23089.53863666  .00004396  00000-0  11895-2 0    16
2 00538  67.8099 144.9302 0006241  38.2936 321.8623 14.48513709192520
1   538U 61015FX  23091.12676179  .00004657  00000-0  12585-2 0  3486
2   538  67.8099 140.8438 0006338  35.5706 324.5832 14.48528529193458
1 00538U 61015FX  23091.54105309  .00003889  00000-0  10544-2 0    19
2 00538  67.8099 139.7777 0006366  34.9504 325.2029 14.48530217192813
1 00538U 61015FX  23091.88629480  .00004034  00000-0  10928-2 0    16
2 00538  67.8098 138.8892 0006390  34.3756 325.7773 14.48533670192862
1   538U 61015FX  23092.23153600  .00003935  00000-0  10665-2 0  3494
2   538  67.8098 138.0008 0006406  33.8280 326.3244 14.48536408193613
1 00538U 61015FX  23092.50772869  .00003661  00000-0  99389-3 0    10
2 00538  67.8097 137.2899 0006423  33.3689 326.7831 14.48537835192955
1   538U 61015FX  23093.47440012  .00003187  00000-0  86770-3 0  3509
2   538  67.8095 134.8021 0006498  31.7192 328.4315 14.48543823193799
1 00538U 61015FX  23093.47440012  .00003187  00000-0  86770-3 0    12
2 00538  67.8095 134.8021 0006498  31.7192 328.4315 14.48543823193092
1 00538U 61015FX  23093.88868631  .00003415  00000-0  92833-3 0    19
2 00538  67.8094 133.7359 0006527  31.0964 329.0538 14.48547435193150
1 00538U 61015FX  23094.44106676  .00003514  00000-0  95434-3 0    16
2 00538  67.8092 132.3143 0006564  30.1968 329.9526 14.48551549193235
1   538U 61015FX  23095.20058766  .00003132  00000-0  85297-3 0  3517
2   538  67.8091 130.3595 0006626  28.8807 331.2675 14.48555965194045
1 00538U 61015FX  23095.47677670  .00003032  00000-0  82650-3 0    18
2 00538  67.8088 129.6486 0006643  28.5408 331.6071 14.48557143193384
1   538U 61015FX  23096.44343501  .00002787  00000-0  76137-3 0  3527
2   538  67.8086 127.1606 0006712  26.8730 333.2733 14.48562692194227
1 00538U 61015FX  23096.44343501  .00002787  00000-0  76137-3 0    18
2 00538  67.8086 127.1606 0006712  26.8730 333.2733 14.48562692193529
1 00538U 61015FX  23096.85771615  .00002704  00000-0  73930-3 0    11
2 00538  67.8085 126.0945 0006749  26.1321 334.0135 14.48564959193580
1   538U 61015FX  23097.47913637  .00002811  00000-0  76755-3 0  3539
2   538  67.8085 124.4950 0006794  25.2268 334.9179 14.48569063194374
1 00538U 61015FX  23097.47913637  .00002811  00000-0  76755-3 0    19
2 00538  67.8085 124.4950 0006794  25.2268 334.9179 14.48569063193676
1 00538U 61015FX  23098.44578743  .00002582  00000-0  70667-3 0    13
2 00538  67.8084 122.0070 0006869  23.7019 336.4412 14.48573857193811
1   538U 61015FX  23098.79101906  .00002526  00000-0  69179-3 0  3549
2   538  67.8085 121.1185 0006905  23.1509 336.9917 14.48575680194562
1 00538U 61015FX  23099.41243526  .00002289  00000-0  62880-3 0    11
2 00538  67.8085 119.5192 0006962  22.2434 337.8983 14.48578213193951
1   538U 61015FX  23099.82671188  .00002420  00000-0  66356-3 0  3556
2   538  67.8086 118.4529 0006999  21.6638 338.4774 14.48580766194719
1 00538U 61015FX  23099.89575792  .00002427  00000-0  66562-3 0    11
2 00538  67.8086 118.2752 0007004  21.5681 338.5730 14.48581147194021
1 00538U 61015FX  23100.44812578  .00002594  00000-0  70979-3 0    13
2 00538  67.8086 116.8535 0007061  20.8179 339.3224 14.48584420194104
1 00538U 61015FX  23100.79335478  .00002566  00000-0  70236-3 0    15
2 00538  67.8087 115.9650 0007087  20.3822 339.7576 14.48586309194158
1   538U 61015FX  23101.13858361  .00002537  00000-0  69458-3 0  3560
2   538  67.8087 115.0764 0007119  19.8737 340.2656 14.48588023194903
1 00538U 61015FX  23101.41476636  .00002609  00000-0  71370-3 0    15
2 00538  67.8087 114.3656 0007135  19.5547 340.5842 14.48589611194240
1 00538U 61015FX  23101.89808504  .00002777  00000-0  75819-3 0    18
2 00538  67.8087 113.1217 0007181  18.9214 341.2168 14.48592909194316
1 00538U 61015FX  23102.38140310  .00002614  00000-0  71492-3 0    10
2 00538  67.8088 111.8777 0007232  18.3114 341.8262 14.48594990194383
1 00538U 61015FX  23103.41708093  .00002839  00000-0  77451-3 0    13
2 00538  67.8088 109.2118 0007327  17.0418 343.0944 14.48601788194533
1   538U 61015FX  23103.41708093  .00002839  00000-0  77451-3 0  3588
2   538  67.8088 109.2118 0007327  17.0418 343.0944 14.48601788195231
1 00538U 61015FX  23104.52179848  .00003381  00000-0  91788-3 0    18
2 00538  67.8087 106.3684 0007443  15.8372 344.2976 14.48610415194694
1 00538U 61015FX  23105.35033167  .00004163  00000-0  11250-2 0    17
2 00538  67.8090 104.2360 0007512  14.7986 345.3349 14.48618379194819
1   538U 61015FX  23106.10981624  .00004680  00000-0  12619-2 0  3603
2   538  67.8089 102.2806 0007627  14.1024 346.0304 14.48626567195621
1 00538U 61015FX  23106.38599160  .00004668  00000-0  12586-2 0    14
2 00538  67.8089 101.5700 0007617  13.9848 346.1478 14.48629024194966
1 00538U 61015FX  23107.49068647  .00005173  00000-0  13920-2 0    13
2 00538  67.8088  98.7266 0007729  13.0698 347.0618 14.48641732195122
1 00538U 61015FX  23107.69781582  .00005263  00000-0  14157-2 0    18
2 00538  67.8088  98.1935 0007760  12.9601 347.1714 14.48643947195157
1   538U 61015FX  23108.25015835  .00005278  00000-0  14195-2 0  3620
2   538  67.8089  96.7713 0007742  11.9432 348.1867 14.48650422195939
1 00538U 61015FX  23108.31920104  .00005310  00000-0  14279-2 0    11
2 00538  67.8088  96.5936 0007749  11.8909 348.2389 14.48651288195243
1   538U 61015FX  23109.35483744  .00005481  00000-0  14728-2 0  3639
2   538  67.8090  93.9274 0007861  11.2558 348.8733 14.48663063196098
1 00538U 61015FX  23110.39046456  .00005314  00000-0  14282-2 0    19
2 00538  67.8093  91.2613 0007947  10.2483 349.8794 14.48675042195547
1 00538U 61015FX  23111.28800150  .00004927  00000-0  13256-2 0    16
2 00538  67.8096  88.9512 0008042   9.5988 350.5281 14.48684619195673
1 00538U 61015FX  23111.35704228  .00004891  00000-0  13159-2 0    15
2 00538  67.8098  88.7737 0007999   9.5687 350.5580 14.48685563195680
1   538U 61015FX  23111.90936926  .00005359  00000-0  14396-2 0  3655
2   538  67.8099  87.3519 0008031   8.6849 351.4405 14.48692392196463
1 00538U 61015FX  23112.25457272  .00005216  00000-0  14016-2 0    14
2 00538  67.8101  86.4638 0008092   8.7705 351.3552 14.48695819195815
1 00538U 61015FX  23112.87593618  .00005126  00000-0  13776-2 0    19
2 00538  67.8099  84.8632 0008164   8.0741 352.0505 14.48702470195908
1   538U 61015FX  23113.35921719  .00005197  00000-0  13962-2 0  3669
2   538  67.8100  83.6189 0008208   7.8688 352.2556 14.48707857196678
1 00538U 61015FX  23113.35921719  .00005197  00000-0  13962-2 0    15
2 00538  67.8100  83.6189 0008208   7.8688 352.2556 14.48707857195970
1 00538U 61015FX  23114.25672637  .00024336  00000-0  64337-2 0    15
2 00538  67.8104  81.3092 0008141   7.1019 353.0211 14.48760096196106
1   538U 61015FX  23115.15423554  .00006938  00000-0  18552-2 0  3689
2   538  67.8106  78.9990 0008279   6.3383 353.7837 14.48738730196936
1 00538U 61015FX  23115.29231237  .00006686  00000-0  17886-2 0    12
2 00538  67.8106  78.6435 0008291   6.4124 353.7097 14.48740857196251
1 00538U 61015FX  23116.25884694  .00004043  00000-0  10902-2 0    17
2 00538  67.8107  76.1557 0008334   5.7587 354.3624 14.48749519196395
1   538U 61015FX  23117.36345179  .00004414  00000-0  11879-2 0  3705
2   538  67.8105  73.3121 0008412   4.6740 355.4454 14.48759578197250
1 00538U 61015FX  23117.36345179  .00004414  00000-0  11879-2 0    16
2 00538  67.8105  73.3121 0008412   4.6740 355.4454 14.48759578196552
1 00538U 61015FX  23118.60612273  .00004551  00000-0  12238-2 0    18
2 00538  67.8104  70.1126 0008514   3.6071 356.5105 14.48770988196733
1   538U 61015FX  23118.60612273  .00004551  00000-0  12238-2 0  3718
2   538  67.8104  70.1126 0008514   3.6071 356.5105 14.48770988197431
1 00538U 61015FX  23119.22745458  .00004326  00000-0  11644-2 0    19
2 00538  67.8105  68.5129 0008554   3.2378 356.8793 14.48776225196824
1   538U 61015FX  23120.05589298  .00004357  00000-0  11724-2 0  3724
2   538  67.8105  66.3800 0008617   2.7343 357.3819 14.48784212197643
1 00538U 61015FX  23120.33203820  .00004207  00000-0  11326-2 0    10
2 00538  67.8104  65.6690 0008636   1.9434 358.1715 14.48786301196985
1   538U 61015FX  23121.16047179  .00004303  00000-0  11578-2 0  3733
2   538  67.8106  63.5361 0008697   1.2506 358.8630 14.48793469197807
1 00538U 61015FX  23121.22950771  .00004323  00000-0  11632-2 0    12
2 00538  67.8106  63.3584 0008699   1.2267 358.8869 14.48794124197115
1 00538U 61015FX  23121.91986553  .00003991  00000-0  10752-2 0    17
2 00538  67.8109  61.5808 0008728   0.6260 359.4866 14.48799220197213
1   538U 61015FX  23122.19600786  .00004236  00000-0  11398-2 0  3742
2   538  67.8109  60.8699 0008751   0.3335 359.7786 14.48801994197956
1 00538U 61015FX  23122.26504345  .00004217  00000-0  11349-2 0    16
2 00538  67.8110  60.6918 0008768   0.3405 359.7716 14.48802510197268
1 00538U 61015FX  23122.81732687  .00004100  00000-0  11039-2 0    16
2 00538  67.8111  59.2701 0008795 359.8594   0.2519 14.48806750197342
1 00538U 61015FX  23123.16250355  .00003644  00000-0  98343-3 0    18
2 00538  67.8113  58.3815 0008837 359.6360   0.4748 14.48808134197395
1   538U 61015FX  23123.85285440  .00003588  00000-0  96869-3 0  3759
2   538  67.8115  56.6042 0008883 359.0831   1.0268 14.48813540198198
1 00538U 61015FX  23123.92188937  .00003568  00000-0  96334-3 0    11
2 00538  67.8115  56.4264 0008890 359.0315   1.0783 14.48813981197502
1 00538U 61015FX  23124.26706373  .00003485  00000-0  94141-3 0    11
2 00538  67.8117  55.5380 0008894 358.7478   1.3615 14.48816423197559
1   538U 61015FX  23124.88837595  .00003715  00000-0  10019-2 0  3762
2   538  67.8119  53.9386 0008920 358.3964   1.7123 14.48821864198346
1 00538U 61015FX  23125.92389221  .00004024  00000-0  10833-2 0    19
2 00538  67.8120  51.2727 0009024 357.3269   2.7798 14.48830244197790
1   538U 61015FX  23126.20002886  .00004401  00000-0  11826-2 0  3778
2   538  67.8120  50.5618 0009046 357.0806   3.0256 14.48833167198532
1 00538U 61015FX  23126.20002886  .00004401  00000-0  11826-2 0    12
2 00538  67.8120  50.5618 0009046 357.0806   3.0256 14.48833167197834
1 00538U 61015FX  23127.16650337  .00004364  00000-0  11727-2 0    16
2 00538  67.8120  48.0738 0009101 356.1976   3.9070 14.48840854197978
1   538U 61015FX  23127.85683904  .00004721  00000-0  12667-2 0  3786
2   538  67.8120  46.2964 0009144 355.8602   4.2438 14.48847509198773
1 00538U 61015FX  23127.92587254  .00004729  00000-0  12688-2 0    19
2 00538  67.8120  46.1186 0009171 355.9192   4.1848 14.48848054198087
1 00538U 61015FX  23128.89233791  .00004287  00000-0  11520-2 0    13
2 00538  67.8120  43.6303 0009218 355.1676   4.9350 14.48854877198223
1   538U 61015FX  23129.16846971  .00003958  00000-0  10652-2 0  3791
2   538  67.8120  42.9194 0009232 354.9352   5.1669 14.48856459198962
1 00538U 61015FX  23129.16846971  .00003958  00000-0  10652-2 0    13
2 00538  67.8120  42.9194 0009232 354.9352   5.1669 14.48856459198265
1 00538U 61015FX  23130.13492885  .00004233  00000-0  11375-2 0    13
2 00538  67.8119  40.4309 0009280 354.1582   5.9425 14.48864340198406
1 00538U 61015FX  23130.82525319  .00004639  00000-0  12443-2 0    15
2 00538  67.8119  38.6534 0009296 353.7695   6.3304 14.48871016198502
1   538U 61015FX  23131.10138269  .00003925  00000-0  10563-2 0  3809
2   538  67.8119  37.9424 0009335 353.4497   6.6496 14.48871198199241
1 00538U 61015FX  23131.10138269  .00003925  00000-0  10563-2 0    19
2 00538  67.8119  37.9424 0009335 353.4497   6.6496 14.48871198198543
1 00538U 61015FX  23132.13686375  .00003546  00000-0  95614-3 0    19
2 00538  67.8119  35.2761 0009408 352.5032   7.5942 14.48878187198691
1   538U 61015FX  23132.82718122  .00003953  00000-0  10633-2 0  3811
2   538  67.8120  33.4990 0009400 352.0288   8.0678 14.48884477199497
1 00538U 61015FX  23132.82718122  .00003953  00000-0  10633-2 0    10
2 00538  67.8120  33.4990 0009400 352.0288   8.0678 14.48884477198799
1 00538U 61015FX  23133.51749705  .00003078  00000-0  83278-3 0    12
2 00538  67.8121  31.7212 0009495 351.3073   8.7878 14.48887052198898
1 00538U 61015FX  23133.86265421  .00002885  00000-0  78180-3 0    19
2 00538  67.8122  30.8325 0009548 351.0111   9.0833 14.48888854198945
1   538U 61015FX  23134.06974828  .00002876  00000-0  77935-3 0  3829
2   538  67.8122  30.2996 0009569 350.8529   9.2412 14.48890122199673
1 00538U 61015FX  23134.55296703  .00002617  00000-0  71126-3 0    19
2 00538  67.8119  29.0555 0009598 350.4294   9.6639 14.48892152199044
1 00538U 61015FX  23134.89812254  .00002576  00000-0  70026-3 0    13
2 00538  67.8120  28.1668 0009624 350.1567   9.9360 14.48894285199099
1   538U 61015FX  23135.10521584  .00002576  00000-0  70035-3 0  3834
2   538  67.8120  27.6336 0009636 350.0141  10.0783 14.48895484199820
1 00538U 61015FX  23135.10521584  .00002576  00000-0  70035-3 0    11
2 00538  67.8120  27.6336 0009636 350.0141  10.0783 14.48895484199123
1 00538U 61015FX  23135.72649438  .00002502  00000-0  68079-3 0    12
2 00538  67.8120  26.0339 0009672 349.5311  10.5602 14.48899042199210
1 00538U 61015FX  23136.00261777  .00002449  00000-0  66667-3 0    11
2 00538  67.8121  25.3229 0009692 349.2927  10.7981 14.48900407199257
1   538U 61015FX  23137.03807843  .00002062  00000-0  56462-3 0  3842
2   538  67.8121  22.6568 0009756 348.5095  11.5798 14.48904681200102
1 00538U 61015FX  23137.93547493  .00001898  00000-0  52141-3 0    15
2 00538  67.8120  20.3462 0009820 347.6923  12.3952 14.48908494199532
1   538U 61015FX  23138.07353574  .00001884  00000-0  51784-3 0  3858
2   538  67.8120  19.9907 0009832 347.6151  12.4723 14.48909106200256
1 00538U 61015FX  23138.07353574  .00001884  00000-0  51784-3 0    13
2 00538  67.8120  19.9907 0009832 347.6151  12.4723 14.48909106199556
1   538U 61015FX  23139.86832112  .00002001  00000-0  54858-3 0  3864
2   538  67.8118  15.3691 0009935 346.1815  13.9028 14.48917292200516
1 00538U 61015FX  23139.93735102  .00002017  00000-0  55269-3 0    11
2 00538  67.8117  15.1913 0009942 346.0804  14.0037 14.48917670199828
1 00538U 61015FX  23140.83473790  .00002885  00000-0  78126-3 0    14
2 00538  67.8116  12.8804 0010034 345.2326  14.8496 14.48925184199954
1   538U 61015FX  23141.04182667  .00002974  00000-0  80472-3 0  3871
2   538  67.8116  12.3474 0009999 345.2787  14.8038 14.48926726200689
1 00538U 61015FX  23141.45600406  .00002990  00000-0  80884-3 0    10
2 00538  67.8115  11.2808 0010020 344.9229  15.1587 14.48929087200047
1 00538U 61015FX  23141.80115097  .00003100  00000-0  83763-3 0    19
2 00538  67.8115  10.3920 0010034 344.6381  15.4429 14.48931598200096
1   538U 61015FX  23142.07726827  .00003090  00000-0  83496-3 0  3887
2   538  67.8114   9.6810 0010067 344.3741  15.7064 14.48933228200839
1 00538U 61015FX  23142.07726827  .00003090  00000-0  83496-3 0    19
2 00538  67.8114   9.6810 0010067 344.3741  15.7064 14.48933228200132
1 00538U 61015FX  23142.69853107  .00003088  00000-0  83446-3 0    11
2 00538  67.8114   8.0810 0010107 343.9102  16.1692 14.48937119200221
1   538U 61015FX  23143.66493617  .00002883  00000-0  78037-3 0  3896
2   538  67.8112   5.5925 0010150 343.0857  16.9920 14.48942746201061
1 00538U 61015FX  23143.80299391  .00002731  00000-0  74028-3 0    14
2 00538  67.8113   5.2369 0010169 342.9469  17.1304 14.48943012200388
1   538U 61015FX  23144.76939502  .00002568  00000-0  69729-3 0  3906
2   538  67.8114   2.7485 0010193 342.0955  17.9801 14.48948228201226
1 00538U 61015FX  23144.90745202  .00002571  00000-0  69817-3 0    15
2 00538  67.8113   2.3929 0010214 341.9264  18.1488 14.48948963200543
1 00538U 61015FX  23144.97648042  .00002593  00000-0  70393-3 0    11
2 00538  67.8113   2.2151 0010230 341.8939  18.1812 14.48949484200556
1   538U 61015FX  23145.87384960  .00002400  00000-0  65319-3 0  3918
2   538  67.8114 359.9043 0010316 341.2373  18.8362 14.48953665201385
1 00538U 61015FX  23145.94287788  .00002390  00000-0  65036-3 0    18
2 00538  67.8114 359.7265 0010315 341.1900  18.8834 14.48953991200692
1 00538U 61015FX  23146.90927249  .00002083  00000-0  56951-3 0    13
2 00538  67.8114 357.2376 0010449 340.4471  19.6244 14.48957792200834
1   538U 61015FX  23146.97830054  .00002079  00000-0  56851-3 0  3924
2   538  67.8114 357.0599 0010457 340.3882  19.6831 14.48958119201548
1 00538U 61015FX  23147.87566419  .00002029  00000-0  55524-3 0    13
2 00538  67.8114 354.7489 0010549 339.5984  20.4710 14.48962078200976
1   538U 61015FX  23148.01371987  .00002044  00000-0  55933-3 0  3939
2   538  67.8114 354.3933 0010563 339.4863  20.5828 14.48962784201692
1 00538U 61015FX  23148.01371987  .00002044  00000-0  55933-3 0    15
2 00538  67.8114 354.3933 0010563 339.4863  20.5828 14.48962784200994
1 00538U 61015FX  23148.91108014  .00002507  00000-0  68098-3 0    13
2 00538  67.8114 352.0826 0010566 338.7579  21.3098 14.48968470201121
1 00538U 61015FX  23149.60135574  .00002305  00000-0  62787-3 0    16
2 00538  67.8113 350.3050 0010579 338.1761  21.8904 14.48971085201229
1   538U 61015FX  23149.73941072  .00002305  00000-0  62780-3 0  3946
2   538  67.8112 349.9494 0010614 337.9823  22.0837 14.48971600201940
1 00538U 61015FX  23149.87746556  .00002325  00000-0  63308-3 0    15
2 00538  67.8112 349.5939 0010630 337.8716  22.1941 14.48972291201267
1 00538U 61015FX  23149.94649296  .00002328  00000-0  63377-3 0    15
2 00538  67.8112 349.4162 0010636 337.8217  22.2438 14.48972635201271
1 00538U 61015FX  23150.91287492  .00002366  00000-0  64380-3 0    17
2 00538  67.8110 346.9274 0010697 337.0132  23.0505 14.48977350201419
1   538U 61015FX  23150.91287492  .00002366  00000-0  64380-3 0  3953
2   538  67.8110 346.9274 0010697 337.0132  23.0505 14.48977350202117
1 00538U 61015FX  23151.60314564  .00002515  00000-0  68308-3 0    15
2 00538  67.8109 345.1497 0010754 336.4733  23.5890 14.48981299201519
1 00538U 61015FX  23151.87925343  .00002529  00000-0  68657-3 0    19
2 00538  67.8108 344.4386 0010764 336.2438  23.8180 14.48982696201559
1   538U 61015FX  23151.94828027  .00002524  00000-0  68536-3 0  3966
2   538  67.8108 344.2608 0010735 336.1356  23.9262 14.48983084202263
1 00538U 61015FX  23151.94828027  .00002524  00000-0  68536-3 0    19
2 00538  67.8108 344.2608 0010735 336.1356  23.9262 14.48983084201565
1 00538U 61015FX  23152.91465496  .00002770  00000-0  75002-3 0    13
2 00538  67.8106 341.7718 0010799 335.3308  24.7291 14.48988932201709
1 00538U 61015FX  23153.60492056  .00002773  00000-0  75051-3 0    19
2 00538  67.8105 339.9940 0010828 334.7052  25.3533 14.48992642201806
1   538U 61015FX  23153.74297339  .00002773  00000-0  75067-3 0  3976
2   538  67.8105 339.6382 0010789 334.5193  25.5390 14.48993410202520
1 00538U 61015FX  23153.81199985  .00002750  00000-0  74453-3 0    17
2 00538  67.8105 339.4605 0010793 334.4596  25.5986 14.48993680201830
1 00538U 61015FX  23154.57128981  .00002500  00000-0  67889-3 0    17
2 00538  67.8105 337.5047 0010912 334.0417  26.0151 14.48996808201947
1   538U 61015FX  23154.77836854  .00002496  00000-0  67767-3 0  3982
2   538  67.8104 336.9714 0010936 333.8999  26.1565 14.48997759202675
1 00538U 61015FX  23154.91642082  .00002557  00000-0  69361-3 0    17
2 00538  67.8104 336.6159 0010951 333.8000  26.2561 14.48998711201995
1 00538U 61015FX  23155.60668186  .00002283  00000-0  62154-3 0    16
2 00538  67.8104 334.8382 0010966 333.1486  26.9061 14.49001313202098
1 00538U 61015FX  23155.88278586  .00002271  00000-0  61854-3 0    10
2 00538  67.8104 334.1269 0011025 333.0118  27.0424 14.49002544202130
1   538U 61015FX  23155.88278586  .00002271  00000-0  61854-3 0  3990
2   538  67.8104 334.1269 0011025 333.0118  27.0424 14.49002544202837
1 00538U 61015FX  23156.57304478  .00002274  00000-0  61919-3 0    12
2 00538  67.8105 332.3491 0011084 332.4471  27.6057 14.49005825202232
1 00538U 61015FX  23156.84914771  .00002370  00000-0  64455-3 0    10
2 00538  67.8105 331.6379 0011096 332.0327  28.0193 14.49007446202279
1   538U 61015FX  23157.12525063  .00002350  00000-0  63926-3 0  4007
2   538  67.8105 330.9268 0011125 331.8555  28.1959 14.49008675203010
1 00538U 61015FX  23157.47037880  .00002333  00000-0  63461-3 0    12
2 00538  67.8105 330.0379 0011118 331.4275  28.6232 14.49010296202369
1 00538U 61015FX  23157.88453207  .00002478  00000-0  67272-3 0    16
2 00538  67.8106 328.9713 0011155 331.0881  28.9617 14.49012699202424
1   538U 61015FX  23158.43673552  .00002521  00000-0  68393-3 0  4013
2   538  67.8106 327.5491 0011174 330.5013  29.5472 14.49015575203203
1 00538U 61015FX  23158.57478616  .00002517  00000-0  68289-3 0    17
2 00538  67.8106 327.1935 0011184 330.3438  29.7043 14.49016264202528
1 00538U 61015FX  23158.78186207  .00002561  00000-0  69437-3 0    17
2 00538  67.8106 326.6602 0011200 330.1414  29.9063 14.49017384202555
1   538U 61015FX  23159.47211380  .00002565  00000-0  69562-3 0  4023
2   538  67.8107 324.8824 0011240 329.4779  30.5682 14.49021057203357
1 00538U 61015FX  23159.54113895  .00002505  00000-0  67981-3 0    15
2 00538  67.8107 324.7046 0011241 329.3659  30.6800 14.49021179202660
1 00538U 61015FX  23160.09333885  .00002660  00000-0  72034-3 0    17
2 00538  67.8106 323.2825 0011293 328.9712  31.0737 14.49024563202743
1   538U 61015FX  23160.57651333  .00002482  00000-0  67373-3 0  4039
2   538  67.8106 322.0380 0011326 328.6389  31.4052 14.49026384203513
1 00538U 61015FX  23160.57651333  .00002482  00000-0  67373-3 0    13
2 00538  67.8106 322.0380 0011326 328.6389  31.4052 14.49026384202815
1 00538U 61015FX  23161.54285928  .00002527  00000-0  68524-3 0    13
2 00538  67.8105 319.5490 0011389 327.7359  32.3060 14.49031495202956
1   538U 61015FX  23161.61188387  .00002534  00000-0  68726-3 0  4041
2   538  67.8105 319.3713 0011395 327.6692  32.3725 14.49031848203667
1 00538U 61015FX  23161.61188387  .00002534  00000-0  68726-3 0    14
2 00538  67.8105 319.3713 0011395 327.6692  32.3725 14.49031848202969
1 00538U 61015FX  23162.50920140  .00002806  00000-0  75841-3 0    12
2 00538  67.8104 317.0603 0011430 326.6383  33.4012 14.49037547203095
1   538U 61015FX  23162.71627424  .00002841  00000-0  76763-3 0  4055
2   538  67.8104 316.5270 0011432 326.3693  33.6697 14.49038732203821
1 00538U 61015FX  23162.71627424  .00002841  00000-0  76763-3 0    17
2 00538  67.8104 316.5270 0011432 326.3693  33.6697 14.49038732203124
1 00538U 61015FX  23163.06139521  .00002925  00000-0  78970-3 0    17
2 00538  67.8103 315.6381 0011447 326.0557  33.9826 14.49040942203176
1   538U 61015FX  23164.16577959  .00002597  00000-0  70343-3 0  4060
2   538  67.8102 312.7933 0011552 324.9161  35.1193 14.49046041204034
1 00538U 61015FX  23164.16577959  .00002597  00000-0  70343-3 0    11
2 00538  67.8102 312.7933 0011552 324.9161  35.1193 14.49046041203336
1 00538U 61015FX  23164.78699338  .00002709  00000-0  73290-3 0    14
2 00538  67.8102 311.1931 0011599 324.3938  35.6404 14.49050030203427
1   538U 61015FX  23165.47722937  .00002625  00000-0  71078-3 0  4072
2   538  67.8102 309.4152 0011647 323.8827  36.1502 14.49053780204226
1 00538U 61015FX  23165.54625288  .00002629  00000-0  71191-3 0    11
2 00538  67.8102 309.2374 0011653 323.8458  36.1870 14.49054159203539
1 00538U 61015FX  23166.58160246  .00002772  00000-0  74930-3 0    17
2 00538  67.8102 306.5707 0011708 322.5713  37.4588 14.49060732203680
1   538U 61015FX  23166.71964882  .00002779  00000-0  75092-3 0  4088
2   538  67.8102 306.2151 0011720 322.4422  37.5875 14.49061520204407
1 00538U 61015FX  23166.78867157  .00003019  00000-0  81394-3 0    11
2 00538  67.8102 306.0373 0011726 322.3861  37.6434 14.49062875203712
1 00538U 61015FX  23167.47890046  .00003551  00000-0  95354-3 0    13
2 00538  67.8103 304.2593 0011781 321.6492  38.3786 14.49069294203811
1 00538U 61015FX  23167.75499174  .00003684  00000-0  98829-3 0    18
2 00538  67.8106 303.5481 0011806 321.4485  38.5787 14.49071063203854
1   538U 61015FX  23167.75499174  .00003684  00000-0  98829-3 0  4090
2   538  67.8106 303.5481 0011806 321.4485  38.5787 14.49071063204552
1 00538U 61015FX  23168.51423993  .00003364  00000-0  90441-3 0    16
2 00538  67.8108 301.5924 0011867 320.6992  39.3262 14.49076086203966
1 00538U 61015FX  23168.79032942  .00003435  00000-0  92288-3 0    16
2 00538  67.8108 300.8814 0011891 320.4445  39.5803 14.49078357204006
1   538U 61015FX  23168.79032942  .00003435  00000-0  92288-3 0  4100
2   538  67.8108 300.8814 0011891 320.4445  39.5803 14.49078357204703
1 00538U 61015FX  23169.75663953  .00003122  00000-0  84072-3 0    10
2 00538  67.8109 298.3924 0011975 319.5043  40.5181 14.49085148204148
1   538U 61015FX  23170.10174897  .00003297  00000-0  88643-3 0  4111
2   538  67.8109 297.5035 0012007 319.1330  40.8885 14.49088204204896
1 00538U 61015FX  23170.51587971  .00003372  00000-0  90601-3 0    13
2 00538  67.8110 296.4369 0012036 318.6991  41.3214 14.49091320204250
1   538U 61015FX  23171.13707424  .00003589  00000-0  96284-3 0  4128
2   538  67.8110 294.8370 0012095 318.1624  41.8568 14.49096230205047
1 00538U 61015FX  23171.48218144  .00003568  00000-0  95733-3 0    11
2 00538  67.8110 293.9481 0012118 317.8340  42.1844 14.49098725204396
1 00538U 61015FX  23171.68924551  .00003608  00000-0  96771-3 0    17
2 00538  67.8110 293.4149 0012139 317.6653  42.3526 14.49100263204424
1   538U 61015FX  23172.51749915  .00003742  00000-0  10028-2 0  4135
2   538  67.8109 291.2816 0012214 316.9544  43.0616 14.49106977205241
1 00538U 61015FX  23172.58652014  .00003761  00000-0  10078-2 0    14
2 00538  67.8109 291.1039 0012221 316.9175  43.0985 14.49107518204559
1   538U 61015FX  23173.55281070  .00004126  00000-0  11031-2 0  4146
2   538  67.8108 288.6148 0012314 316.2685  43.7455 14.49116123205396
1 00538U 61015FX  23172.72456202  .00003806  00000-0  10196-2 0    12
2 00538  67.8110 290.7482 0012222 317.0145  43.0016 14.49108758204572
1   538U 61015FX  23174.72615592  .00004361  00000-0  11644-2 0  4158
2   538  67.8105 285.5926 0012425 315.3738  44.6378 14.49126626205567
1   538U 61015FX  23176.03753143  .00004332  00000-0  11567-2 0  4162
2   538  67.8102 282.2146 0012543 314.4034  45.6055 14.49138411205751
1   538U 61015FX  23177.07282030  .00004342  00000-0  11591-2 0  4178
2   538  67.8101 279.5476 0012629 313.6030  46.4038 14.49147877205900
1   538U 61015FX  23178.45319625  .00003449  00000-0  92483-3 0  4180
2   538  67.8101 275.9915 0012746 312.5594  47.4446 14.49157558206105
1   538U 61015FX  23179.62650905  .00002882  00000-0  77625-3 0  4191
2   538  67.8102 272.9689 0012828 311.6614  48.3404 14.49164456206272
1   538U 61015FX  23180.66178075  .00002554  00000-0  69033-3 0  4202
2   538  67.8099 270.3020 0012912 310.7667  49.2328 14.49169595206421
1   538U 61015FX  23182.04213692  .00002227  00000-0  60466-3 0  4210
2   538  67.8100 266.7460 0013037 309.6037  50.3928 14.49176378206626
1   538U 61015FX  23183.49150523  .00002005  00000-0  54628-3 0  4221
2   538  67.8099 263.0124 0013172 308.4020  51.5914 14.49182420206835
1   538U 61015FX  23184.59578198  .00001878  00000-0  51311-3 0  4239
2   538  67.8097 260.1677 0013261 307.4725  52.5185 14.49186650206991
1   538U 61015FX  23185.97612316  .00001915  00000-0  52279-3 0  4240
2   538  67.8085 256.6116 0013353 306.3106  53.6778 14.49192219207190
1   538U 61015FX  23187.21842664  .00001900  00000-0  51865-3 0  4255
2   538  67.8085 253.4112 0013458 305.2754  54.7103 14.49196901207370
1   538U 61015FX  23188.32269227  .00002099  00000-0  57066-3 0  4266
2   538  67.8084 250.5664 0013550 304.3373  55.6461 14.49202290207533
1   538U 61015FX  23189.42695450  .00002054  00000-0  55882-3 0  4275
2   538  67.8082 247.7215 0013648 303.4656  56.5155 14.49206419207697
1   538U 61015FX  23190.53121417  .00001802  00000-0  49285-3 0  4287
2   538  67.8081 244.8768 0013733 302.5460  57.4329 14.49209259207851
1   538U 61015FX  23192.18759724  .00001777  00000-0  48627-3 0  4299
2   538  67.8080 240.6096 0013852 301.2163  58.7596 14.49215494208091
1   538U 61015FX  23194.46511167  .00002027  00000-0  55152-3 0  4301
2   538  67.8076 234.7415 0014051 299.5931  60.3786 14.49225678208421
1   538U 61015FX  23195.50034005  .00002237  00000-0  60643-3 0  4313
2   538  67.8076 232.0743 0014096 298.8193  61.1508 14.49231087208575
1   538U 61015FX  23197.50177289  .00002208  00000-0  59874-3 0  4320
2   538  67.8082 226.9177 0014283 297.5639  62.4026 14.49239422208866
1   538U 61015FX  23198.81304830  .00002539  00000-0  68515-3 0  4339
2   538  67.8081 223.5394 0014344 296.6275  63.3372 14.49247044209058
1   538U 61015FX  23200.19332985  .00002874  00000-0  77255-3 0  4340
2   538  67.8080 219.9829 0014434 295.5817  64.3807 14.49255949209258
1 00538U 61015FX  23205.16227712  .00003431  00000-0  91747-3 0    15
2 00538  67.8088 207.1800 0014580 292.2623  67.6947 14.49289032209278
1 00538U 61015FX  23206.40449509  .00003569  00000-0  95341-3 0    19
2 00538  67.8089 203.9791 0014560 291.6202  68.3364 14.49298468209450
1 00538U 61015FX  23207.37065845  .00004306  00000-0  11453-2 0    14
2 00538  67.8089 201.4897 0014588 290.9041  69.0514 14.49307633209598
1 00538U 61015FX  23207.78472643  .00004562  00000-0  12121-2 0    14
2 00538  67.8089 200.4227 0014572 290.6028  69.3525 14.49311880209650
1   538U 61015FX  23208.12978229  .00004432  00000-0  11781-2 0  4408
2   538  67.8088 199.5335 0014575 290.3750  69.5801 14.49314702210409
1 00538U 61015FX  23208.81989194  .00004294  00000-0  11419-2 0    14
2 00538  67.8087 197.7553 0014604 289.8967  70.0576 14.49320627209807
1   538U 61015FX  23209.37197772  .00003770  00000-0  10051-2 0  4416
2   538  67.8087 196.3328 0014600 289.5768  70.3773 14.49324409210585
1 00538U 61015FX  23209.37197772  .00003770  00000-0  10051-2 0    18
2 00538  67.8087 196.3328 0014600 289.5768  70.3773 14.49324409209886
1   538U 61015FX  23210.82119400  .00004523  00000-0  12013-2 0  4428
2   538  67.8086 192.5986 0014578 288.6305  71.3229 14.49338781210791
1   538U 61015FX  23212.06336930  .00004609  00000-0  12235-2 0  4437
2   538  67.8086 189.3977 0014574 287.7740  72.1786 14.49349868210979
1   538U 61015FX  23213.16751616  .00004754  00000-0  12610-2 0  4440
2   538  67.8089 186.5524 0014553 287.0102  72.9420 14.49360687211135
1   538U 61015FX  23214.27165498  .00004789  00000-0  12696-2 0  4453
2   538  67.8092 183.7071 0014551 286.2729  73.6787 14.49371456211296
1   538U 61015FX  23215.30677669  .00005352  00000-0  14161-2 0  4463
2   538  67.8096 181.0396 0014527 285.5540  74.3973 14.49383431211445
1   538U 61015FX  23216.68692762  .00005113  00000-0  13534-2 0  4475
2   538  67.8100 177.4833 0014487 284.6289  75.3222 14.49397086211642
1   538U 61015FX  23217.72203041  .00006269  00000-0  16539-2 0  4481
2   538  67.8101 174.8158 0014477 283.8622  76.0884 14.49411005211791
1   538U 61015FX  23218.75712441  .00005681  00000-0  15005-2 0  4499
2   538  67.8100 172.1483 0014438 283.1721  76.7785 14.49422472211946
1   538U 61015FX  23219.79221166  .00005219  00000-0  13799-2 0  4500
2   538  67.8098 169.4807 0014407 282.4712  77.4793 14.49432298212090
1   538U 61015FX  23220.96530144  .00005675  00000-0  14982-2 0  4512
2   538  67.8097 166.4574 0014390 281.6198  78.3303 14.49445047212269
1   538U 61015FX  23222.20738694  .00004525  00000-0  11990-2 0  4521
2   538  67.8097 163.2564 0014355 280.7984  79.1517 14.49454318212444
1   538U 61015FX  23223.24245099  .00003949  00000-0  10490-2 0  4532
2   538  67.8098 160.5889 0014310 280.1041  79.8461 14.49462545212596
1   538U 61015FX  23224.76053327  .00004208  00000-0  11159-2 0  4544
2   538  67.8100 156.6765 0014259 279.0061  80.9442 14.49476504212817
1   538U 61015FX  23225.93358828  .00003880  00000-0  10306-2 0  4557
2   538  67.8103 153.6531 0014219 278.2125  81.7379 14.49485333212982
1   538U 61015FX  23227.24464130  .00003940  00000-0  10460-2 0  4566
2   538  67.8106 150.2742 0014155 277.2932  82.6576 14.49495529213175
1   538U 61015FX  23228.41768115  .00003909  00000-0  10376-2 0  4578
2   538  67.8107 147.2511 0014106 276.4885  83.4626 14.49504268213345
1   538U 61015FX  23229.72871558  .00004358  00000-0  11539-2 0  4581
2   538  67.8106 143.8721 0014085 275.5139  84.4372 14.49516335213535
1   538U 61015FX  23230.76373589  .00004177  00000-0  11068-2 0  4595
2   538  67.8104 141.2041 0014029 274.7321  85.2194 14.49524775213686
1   538U 61015FX  23232.14375381  .00003916  00000-0  10387-2 0  4606
2   538  67.8101 137.6470 0013998 273.8319  86.1198 14.49535450213887
1   538U 61015FX  23233.17876068  .00003598  00000-0  95608-3 0  4615
2   538  67.8100 134.9791 0013946 273.1274  86.8247 14.49542755214034
1   538U 61015FX  23234.69676117  .00003529  00000-0  93802-3 0  4625
2   538  67.8098 131.0662 0013898 272.0260  87.9266 14.49553725214250
1 00538U 61015FX  23236.14575195  .00003065  00000-0  81731-3 0    13
2 00538  67.8098 127.3313 0013913 271.2996  88.6528 14.49562300213769
1   538U 61015FX  23237.04274154  .00003247  00000-0  86458-3 0  4640
2   538  67.8097 125.0191 0013887 270.5742  89.3784 14.49568573214590
1 00538U 61015FX  23237.52573506  .00002947  00000-0  78646-3 0    19
2 00538  67.8098 123.7741 0013837 270.2474  89.7057 14.49570550213966
1 00538U 61015FX  23237.87072937  .00003016  00000-0  80436-3 0    17
2 00538  67.8098 122.8849 0013800 269.8910  90.0626 14.49573023214016
1   538U 61015FX  23238.07772586  .00003013  00000-0  80357-3 0  4650
2   538  67.8098 122.3512 0013790 269.7503  90.2034 14.49574259214740
1 00538U 61015FX  23238.07772598  .00002964  00000-0  79080-3 0    14
2 00538  67.8098 122.3512 0013792 269.7467  90.2069 14.49574035214044
1 00538U 61015FX  23238.83671131  .00003019  00000-0  80505-3 0    15
2 00538  67.8098 120.3946 0013762 269.2179  90.7361 14.49578936214151
1 00538U 61015FX  23239.04370695  .00003042  00000-0  81115-3 0    14
2 00538  67.8098 119.8611 0013758 269.1032  90.8509 14.49580230214183
1   538U 61015FX  23239.73369097  .00003013  00000-0  80358-3 0  4665
2   538  67.8098 118.0824 0013750 268.5699  91.3843 14.49584385214984
1 00538U 61015FX  23239.87168769  .00002874  00000-0  76748-3 0    10
2 00538  67.8097 117.7266 0013758 268.4876  91.4665 14.49584661214309
1 00538U 61015FX  23240.83766167  .00002739  00000-0  73236-3 0    13
2 00538  67.8096 115.2366 0013724 267.8158  92.1388 14.49590055214440
1   538U 61015FX  23241.04465565  .00002730  00000-0  72980-3 0  4677
2   538  67.8096 114.7030 0013715 267.6924  92.2622 14.49591251215173
1 00538U 61015FX  23241.80363227  .00002686  00000-0  71841-3 0    12
2 00538  67.8095 112.7463 0013686 267.1674  92.7877 14.49595434214582
1   538U 61015FX  23242.70060187  .00002597  00000-0  69535-3 0  4686
2   538  67.8093 110.4339 0013650 266.5023  93.4533 14.49600178215411
1 00538U 61015FX  23242.76959933  .00002637  00000-0  70568-3 0    14
2 00538  67.8093 110.2560 0013651 266.4453  93.5103 14.49600688214725
1   538U 61015FX  23243.73556307  .00002673  00000-0  71482-3 0  4694
2   538  67.8090 107.7657 0013629 265.7983  94.1577 14.49605971215560
1 00538U 61015FX  23243.80456041  .00002596  00000-0  69497-3 0    15
2 00538  67.8090 107.5879 0013624 265.7280  94.2280 14.49606054214877
1 00538U 61015FX  23244.56352935  .00002842  00000-0  75868-3 0    19
2 00538  67.8089 105.6311 0013601 265.1614  94.7950 14.49610816214987
1   538U 61015FX  23244.77052046  .00002849  00000-0  76047-3 0  4709
2   538  67.8089 105.0976 0013608 265.1140  94.8423 14.49611920215714
1 00538U 61015FX  23244.77052046  .00002849  00000-0  76047-3 0    19
2 00538  67.8089 105.0976 0013608 265.1140  94.8423 14.49611920215017
1 00538U 61015FX  23245.52948645  .00002936  00000-0  78289-3 0    19
2 00538  67.8089 103.1409 0013583 264.5436  95.4132 14.49616316215120
1 00538U 61015FX  23245.87446778  .00004560  00000-0  12039-2 0    12
2 00538  67.8089 102.2514 0013578 264.2815  95.6754 14.49624489215176
1   538U 61015FX  23246.01246275  .00003128  00000-0  83260-3 0  4714
2   538  67.8089 101.8956 0013565 264.2148  95.7422 14.49620034215890
1 00538U 61015FX  23246.56443493  .00003426  00000-0  90991-3 0    14
2 00538  67.8089 100.4726 0013551 263.8165  96.1409 14.49624429215273
1   538U 61015FX  23247.39239107  .00003095  00000-0  82396-3 0  4725
2   538  67.8090  98.3380 0013527 263.2454  96.7124 14.49628497216094
1 00538U 61015FX  23247.53038362  .00002795  00000-0  74620-3 0    16
2 00538  67.8089  97.9823 0013525 263.1638  96.7940 14.49628382215414
1   538U 61015FX  23248.42733259  .00002554  00000-0  68376-3 0  4739
2   538  67.8091  95.6695 0013510 262.5539  97.4043 14.49632966216243
1 00538U 61015FX  23248.42733259  .00002554  00000-0  68376-3 0    16
2 00538  67.8091  95.6695 0013510 262.5539  97.4043 14.49632966215545
1   538U 61015FX  23249.46227018  .00002864  00000-0  76408-3 0  4745
2   538  67.8092  93.0014 0013488 261.8084  98.1503 14.49639633216395
1 00538U 61015FX  23249.53126585  .00002880  00000-0  76806-3 0    16
2 00538  67.8091  92.8235 0013486 261.7392  98.2196 14.49640075215700
1 00538U 61015FX  23249.73825277  .00002961  00000-0  78894-3 0    11
2 00538  67.8092  92.2899 0013483 261.5932  98.3657 14.49641418215734
1 00538U 61015FX  23250.56619867  .00002904  00000-0  77435-3 0    17
2 00538  67.8093  90.1553 0013464 260.9970  98.9623 14.49645916215852
1   538U 61015FX  23250.70418941  .00002938  00000-0  78307-3 0  4754
2   538  67.8093  89.7994 0013465 260.9129  99.0464 14.49646720216571
1 00538U 61015FX  23250.70418941  .00002938  00000-0  78307-3 0    19
2 00538  67.8093  89.7994 0013465 260.9129  99.0464 14.49646720215873
1 00538U 61015FX  23251.60112807  .00002929  00000-0  78066-3 0    13
2 00538  67.8092  87.4869 0013459 260.3548  99.6049 14.49651402216004
1   538U 61015FX  23251.80811339  .00003010  00000-0  80170-3 0  4768
2   538  67.8092  86.9532 0013456 260.2591  99.7007 14.49652721216739
1 00538U 61015FX  23251.80811339  .00003010  00000-0  80170-3 0    12
2 00538  67.8092  86.9532 0013456 260.2591  99.7007 14.49652721216032
1 00538U 61015FX  23252.56705737  .00003348  00000-0  88908-3 0    11
2 00538  67.8092  84.9964 0013440 259.8588 100.1013 14.49658486216142
1   538U 61015FX  23252.98102533  .00003752  00000-0  99376-3 0  4779
2   538  67.8092  83.9291 0013441 259.5320 100.4283 14.49662532216909
1 00538U 61015FX  23253.60197685  .00003548  00000-0  94063-3 0    15
2 00538  67.8091  82.3280 0013436 259.0623 100.8983 14.49665719216297
1   538U 61015FX  23254.36091440  .00003779  00000-0  10004-2 0  4787
2   538  67.8094  80.3713 0013426 258.5965 101.3645 14.49671231217109
1 00538U 61015FX  23254.36091440  .00003779  00000-0  10004-2 0    19
2 00538  67.8094  80.3713 0013426 258.5965 101.3645 14.49671231216401
1   538U 61015FX  23255.39582397  .00004226  00000-0  11159-2 0  4798
2   538  67.8093  77.7029 0013401 257.9995 101.9620 14.49680107217254
1 00538U 61015FX  23255.60280508  .00004333  00000-0  11438-2 0    11
2 00538  67.8093  77.1691 0013398 257.8319 102.1298 14.49682055216580
1 00538U 61015FX  23255.87877870  .00005603  00000-0  14722-2 0    14
2 00538  67.8093  76.4576 0013398 257.7273 102.2344 14.49687714216627
1   538U 61015FX  23256.49971823  .00005652  00000-0  14848-2 0  4800
2   538  67.8092  74.8565 0013393 257.3525 102.6095 14.49694117217417
1 00538U 61015FX  23256.56871120  .00005718  00000-0  15017-2 0    18
2 00538  67.8092  74.6785 0013397 257.2996 102.6624 14.49695039216729
1 00538U 61015FX  23256.91367618  .00005568  00000-0  14629-2 0    10
2 00538  67.8092  73.7889 0013415 256.9765 102.9854 14.49698329216773
1 00538U 61015FX  23257.60360342  .00005227  00000-0  13744-2 0    13
2 00538  67.8092  72.0096 0013433 256.5566 103.4055 14.49705268216871
1   538U 61015FX  23257.81058109  .00004558  00000-0  12012-2 0  4816
2   538  67.8093  71.4759 0013427 256.4126 103.5496 14.49706096217607
1 00538U 61015FX  23257.87957358  .00004500  00000-0  11863-2 0    14
2 00538  67.8093  71.2980 0013432 256.3408 103.6213 14.49706706216918
1 00538U 61015FX  23258.56949667  .00004062  00000-0  10729-2 0    18
2 00538  67.8094  69.5189 0013431 255.8377 104.1248 14.49712442217018
1   538U 61015FX  23258.84546512  .00004243  00000-0  11197-2 0  4825
2   538  67.8094  68.8073 0013433 255.6514 104.3112 14.49715139217754
1 00538U 61015FX  23259.60437669  .00004225  00000-0  11148-2 0    15
2 00538  67.8096  66.8502 0013414 255.1968 104.7663 14.49721389217162
1   538U 61015FX  23259.88034363  .00004738  00000-0  12473-2 0  4834
2   538  67.8097  66.1387 0013424 255.0323 104.9309 14.49724795217907
1 00538U 61015FX  23260.57025737  .00006392  00000-0  16746-2 0    18
2 00538  67.8099  64.3596 0013411 254.6843 105.2792 14.49735589217306
1   538U 61015FX  23261.32916056  .00005428  00000-0  14255-2 0  4842
2   538  67.8101  62.4028 0013432 254.1621 105.8016 14.49739923218112
1 00538U 61015FX  23261.60512385  .00005606  00000-0  14713-2 0    12
2 00538  67.8102  61.6912 0013429 253.9942 105.9696 14.49743186217452
1 00538U 61015FX  23261.81209585  .00006166  00000-0  16160-2 0    10
2 00538  67.8103  61.1576 0013430 253.9152 106.0487 14.49746671217484
1   538U 61015FX  23262.50199865  .00006900  00000-0  18052-2 0  4850
2   538  67.8106  59.3787 0013405 253.5948 106.3696 14.49757198218281
1   538U 61015FX  23263.53684447  .00006301  00000-0  16499-2 0  4868
2   538  67.8109  56.7103 0013403 253.0092 106.9556 14.49771596218436
1 00538U 61015FX  23263.60583381  .00006250  00000-0  16367-2 0    11
2 00538  67.8109  56.5325 0013406 252.9468 107.0181 14.49772401217743
1 00538U 61015FX  23263.81280175  .00005743  00000-0  15057-2 0    10
2 00538  67.8109  55.9988 0013410 252.9257 107.0392 14.49774342217775
1 00538U 61015FX  23264.57168086  .00005237  00000-0  13748-2 0    13
2 00538  67.8109  54.0421 0013456 252.4793 107.4854 14.49783034217884
1   538U 61015FX  23264.77864729  .00005340  00000-0  14012-2 0  4870
2   538  67.8109  53.5084 0013463 252.4544 107.5103 14.49785337218613
1 00538U 61015FX  23264.84763606  .00005676  00000-0  14880-2 0    17
2 00538  67.8107  53.3305 0013458 252.4276 107.5372 14.49786721217920
1 00538U 61015FX  23265.53752100  .00006037  00000-0  15809-2 0    15
2 00538  67.8107  51.5515 0013478 252.0217 107.9431 14.49795119218029
1 00538U 61015FX  23265.81347385  .00006338  00000-0  16584-2 0    16
2 00538  67.8107  50.8400 0013476 251.8263 108.1387 14.49798890218066
1   538U 61015FX  23265.81347385  .00006338  00000-0  16584-2 0  4885
2   538  67.8107  50.8400 0013476 251.8263 108.1387 14.49798890218763
1 00538U 61015FX  23266.57234078  .00006266  00000-0  16396-2 0    15
2 00538  67.8107  48.8830 0013500 251.4570 108.5081 14.49807738218174
1   538U 61015FX  23267.53816382  .00006649  00000-0  17379-2 0  4893
2   538  67.8107  46.3918 0013446 251.1663 108.7996 14.49820973219010
1 00538U 61015FX  23267.74512483  .00006746  00000-0  17628-2 0    16
2 00538  67.8107  45.8582 0013441 251.0412 108.9248 14.49823868218340
1 00538U 61015FX  23268.50397672  .00008497  00000-0  22138-2 0    19
2 00538  67.8109  43.9008 0013436 250.5124 109.4542 14.49838102218454
1   538U 61015FX  23268.77992137  .00008668  00000-0  22577-2 0  4904
2   538  67.8109  43.1891 0013446 250.3670 109.5996 14.49842571219192
1 00538U 61015FX  23268.77992137  .00008668  00000-0  22577-2 0    12
2 00538  67.8109  43.1891 0013446 250.3670 109.5996 14.49842571218494
1 00538U 61015FX  23269.60774925  .00008832  00000-0  22991-2 0    11
2 00538  67.8111  41.0539 0013434 249.9760 109.9911 14.49857397218611
1 00538U 61015FX  23269.74571970  .00008759  00000-0  22801-2 0    19
2 00538  67.8111  40.6979 0013423 249.8966 110.0707 14.49859883218639
1   538U 61015FX  23270.50455347  .00007022  00000-0  18322-2 0  4912
2   538  67.8113  38.7408 0013473 249.4679 110.4993 14.49870512219441
1 00538U 61015FX  23271.47033434  .00005675  00000-0  14848-2 0    16
2 00538  67.8116  36.2498 0013443 249.0746 110.8932 14.49882796218885
1   538U 61015FX  23271.74627016  .00006261  00000-0  16356-2 0  4923
2   538  67.8118  35.5380 0013445 249.0875 110.8804 14.49887217219628
1 00538U 61015FX  23271.74627016  .00006261  00000-0  16356-2 0    19
2 00538  67.8118  35.5380 0013445 249.0875 110.8804 14.49887217218920
1 00538U 61015FX  23272.57407367  .00006872  00000-0  17926-2 0    18
2 00538  67.8121  33.4032 0013442 248.6439 111.3244 14.49898824219047
1   538U 61015FX  23273.47085333  .00006298  00000-0  16444-2 0  4934
2   538  67.8125  31.0908 0013471 248.1310 111.8376 14.49910399219876
1 00538U 61015FX  23272.71204032  .00006917  00000-0  18041-2 0    17
2 00538  67.8122  33.0475 0013449 248.6054 111.3629 14.49900721219064
1 00538U 61015FX  23274.57456992  .00007732  00000-0  20128-2 0    12
2 00538  67.8125  28.2447 0013453 248.0072 111.9617 14.49929642219337
1   538U 61015FX  23274.71253362  .00007696  00000-0  20033-2 0  4944
2   538  67.8125  27.8889 0013409 247.9244 112.0450 14.49931817220057
1 00538U 61015FX  23274.71253362  .00007696  00000-0  20033-2 0    18
2 00538  67.8125  27.8889 0013409 247.9244 112.0450 14.49931817219358
1 00538U 61015FX  23275.67827245  .00007689  00000-0  20008-2 0    15
2 00538  67.8123  25.3977 0013448 247.3038 112.6658 14.49947806219491
1   538U 61015FX  23276.43706029  .00007047  00000-0  18353-2 0  4951
2   538  67.8122  23.4405 0013463 246.9304 113.0394 14.49958959220308
1 00538U 61015FX  23276.43706029  .00007047  00000-0  18353-2 0    14
2 00538  67.8122  23.4405 0013463 246.9304 113.0394 14.49958959219609
1 00538U 61015FX  23276.71298164  .00007423  00000-0  19319-2 0    12
2 00538  67.8123  22.7289 0013416 246.7421 113.2285 14.49963812219647
1 00538U 61015FX  23277.40278090  .00008121  00000-0  21107-2 0    19
2 00538  67.8121  20.9497 0013394 246.4204 113.5507 14.49976227219742
1   538U 61015FX  23277.67869906  .00008893  00000-0  23089-2 0  4965
2   538  67.8121  20.2378 0013402 246.4642 113.5068 14.49981801220488
1 00538U 61015FX  23277.67869906  .00008893  00000-0  23089-2 0    17
2 00538  67.8121  20.2378 0013402 246.4642 113.5068 14.49981801219789
1 00538U 61015FX  23278.57542551  .00009784  00000-0  25367-2 0    12
2 00538  67.8120  17.9252 0013410 245.6970 114.2747 14.49999851219917
1 00538U 61015FX  23278.64440408  .00009737  00000-0  25247-2 0    13
2 00538  67.8120  17.7472 0013419 245.7267 114.2449 14.50001039219922
1   538U 61015FX  23279.40316427  .00008540  00000-0  22167-2 0  4979
2   538  67.8117  15.7898 0013490 245.5392 114.4319 14.50013229220737
1 00538U 61015FX  23279.61009754  .00009054  00000-0  23485-2 0    10
2 00538  67.8117  15.2560 0013462 245.4285 114.5430 14.50017760220062
1 00538U 61015FX  23279.67907520  .00009107  00000-0  23619-2 0    12
2 00538  67.8118  15.0781 0013455 245.3916 114.5800 14.50019122220074
1 00538U 61015FX  23280.36884887  .00008220  00000-0  21337-2 0    10
2 00538  67.8119  13.2987 0013405 244.9572 115.0154 14.50030088220174
1   538U 61015FX  23280.64475700  .00008333  00000-0  21626-2 0  4987
2   538  67.8119  12.5869 0013394 244.8435 115.1293 14.50034578220914
1 00538U 61015FX  23280.64475700  .00008333  00000-0  21626-2 0    17
2 00538  67.8119  12.5869 0013394 244.8435 115.1293 14.50034578220217
1 00538U 61015FX  23281.40349895  .00008331  00000-0  21614-2 0    12
2 00538  67.8120  10.6296 0013390 244.4935 115.4798 14.50047847220327
1 00538U 61015FX  23281.61042743  .00008646  00000-0  22422-2 0    14
2 00538  67.8120  10.0958 0013382 244.4203 115.5532 14.50051816220356
1   538U 61015FX  23282.50711156  .00008019  00000-0  20807-2 0  4994
2   538  67.8121   7.7825 0013373 243.9662 116.0078 14.50066366221185
1 00538U 61015FX  23282.57608692  .00008029  00000-0  20832-2 0    19
2 00538  67.8122   7.6046 0013378 243.9935 115.9805 14.50067510220499
1 00538U 61015FX  23282.64506219  .00008055  00000-0  20897-2 0    19
2 00538  67.8122   7.4266 0013365 243.9747 115.9995 14.50068781220501
1   538U 61015FX  23283.54173401  .00009031  00000-0  23391-2 0  5003
2   538  67.8122   5.1133 0013352 243.5046 116.4702 14.50086953221338
1 00538U 61015FX  23283.61070838  .00009009  00000-0  23335-2 0    10
2 00538  67.8122   4.9354 0013345 243.4664 116.5086 14.50088227220642
1 00538U 61015FX  23284.57634365  .00007893  00000-0  20467-2 0    19
2 00538  67.8125   2.4444 0013322 243.0406 116.9351 14.50103792220782
1   538U 61015FX  23284.57634365  .00007893  00000-0  20467-2 0  5014
2   538  67.8125   2.4444 0013322 243.0406 116.9351 14.50103792221480
1 00538U 61015FX  23285.61094135  .00007814  00000-0  20256-2 0    19
2 00538  67.8125 359.7755 0013309 242.6048 117.3716 14.50120368220932
1   538U 61015FX  23285.61094135  .00007814  00000-0  20256-2 0  5025
2   538  67.8125 359.7755 0013309 242.6048 117.3716 14.50120368221630
1 00538U 61015FX  23286.57655588  .00008433  00000-0  21837-2 0    14
2 00538  67.8124 357.2843 0013284 242.1134 117.8638 14.50136113221074
1   538U 61015FX  23287.19730201  .00008327  00000-0  21559-2 0  5039
2   538  67.8123 355.6831 0013273 241.8812 118.0965 14.50146776221868
1 00538U 61015FX  23287.54215950  .00007691  00000-0  19928-2 0    10
2 00538  67.8122 354.7932 0013292 241.8378 118.1397 14.50150933221216
1   538U 61015FX  23288.43878333  .00006579  00000-0  17078-2 0  5045
2   538  67.8121 352.4797 0013281 241.2952 118.6831 14.50162727222043
1 00538U 61015FX  23288.57672506  .00005932  00000-0  15419-2 0    15
2 00538  67.8120 352.1237 0013279 241.2311 118.7473 14.50163358221362
1   538U 61015FX  23289.47334211  .00005289  00000-0  13770-2 0  5055
2   538  67.8117 349.8102 0013262 240.7878 119.1914 14.50172553222190
1 00538U 61015FX  23289.54231237  .00005349  00000-0  13923-2 0    15
2 00538  67.8116 349.6323 0013243 240.7847 119.1946 14.50173510221500
1   538U 61015FX  23290.50789302  .00005483  00000-0  14264-2 0  5062
2   538  67.8113 347.1410 0013197 240.1878 119.7928 14.50184174222340
1 00538U 61015FX  23290.50789302  .00005483  00000-0  14264-2 0    12
2 00538  67.8113 347.1410 0013197 240.1878 119.7928 14.50184174221642
1 00538U 61015FX  23290.99068066  .00005570  00000-0  14484-2 0    13
2 00538  67.8111 345.8952 0013173 239.7431 120.2383 14.50189411221718
1   538U 61015FX  23291.54243643  .00005443  00000-0  14159-2 0  5070
2   538  67.8109 344.4715 0013162 239.6317 120.3499 14.50194606222494
1 00538U 61015FX  23291.54243643  .00005443  00000-0  14159-2 0    19
2 00538  67.8109 344.4715 0013162 239.6317 120.3499 14.50194606221796
1 00538U 61015FX  23292.50800242  .00006623  00000-0  17174-2 0    11
2 00538  67.8108 341.9799 0013123 239.2920 120.6905 14.50207526221939
1   538U 61015FX  23293.19768750  .00005963  00000-0  15482-2 0  5082
2   538  67.8107 340.1997 0013064 238.9210 121.0626 14.50214763222736
1 00538U 61015FX  23293.54252880  .00005937  00000-0  15415-2 0    18
2 00538  67.8107 339.3096 0013056 238.8284 121.1554 14.50218821222085
1   538U 61015FX  23294.23220787  .00006156  00000-0  15971-2 0  5090
2   538  67.8107 337.5299 0013057 238.6739 121.3101 14.50227723222883
1 00538U 61015FX  23294.43911087  .00006212  00000-0  16114-2 0    12
2 00538  67.8108 336.9960 0013046 238.5947 121.3896 14.50230301222214
1   538U 61015FX  23295.40465452  .00004345  00000-0  11336-2 0  5101
2   538  67.8108 334.5043 0013012 238.1522 121.8330 14.50237467223059
1 00538U 61015FX  23295.40465452  .00004345  00000-0  11336-2 0    16
2 00538  67.8108 334.5043 0013012 238.1522 121.8330 14.50237467222351
1   538U 61015FX  23296.50812479  .00003839  00000-0  10038-2 0  5114
2   538  67.8107 331.6564 0012939 237.6292 122.3574 14.50248234223217
1 00538U 61015FX  23296.50812479  .00003839  00000-0  10038-2 0    18
2 00538  67.8107 331.6564 0012939 237.6292 122.3574 14.50248234222519
1 00538U 61015FX  23297.40468990  .00003799  00000-0  99364-3 0    18
2 00538  67.8105 329.3427 0012906 236.9604 123.0274 14.50255324222649
1   538U 61015FX  23298.50814942  .00003370  00000-0  88362-3 0  5120
2   538  67.8105 326.4955 0012864 236.6159 123.3728 14.50262517223503
1 00538U 61015FX  23298.50814942  .00003370  00000-0  88362-3 0    13
2 00538  67.8105 326.4955 0012864 236.6159 123.3728 14.50262517222805
1 00538U 61015FX  23299.47367085  .00003974  00000-0  10379-2 0    13
2 00538  67.8101 324.0039 0012810 236.1593 123.8306 14.50271325222945
1   538U 61015FX  23300.16332450  .00005417  00000-0  14067-2 0  5130
2   538  67.8100 322.2240 0012768 235.7671 124.2238 14.50281132223747
1 00538U 61015FX  23300.37021995  .00005535  00000-0  14367-2 0    18
2 00538  67.8098 321.6900 0012760 235.6294 124.3617 14.50283324223074
1   538U 61015FX  23301.19779964  .00004808  00000-0  12507-2 0  5140
2   538  67.8097 319.5541 0012691 234.9698 125.0229 14.50289712223897
1 00538U 61015FX  23301.40469387  .00004772  00000-0  12416-2 0    19
2 00538  67.8096 319.0201 0012681 234.9688 125.0240 14.50291549223223
1   538U 61015FX  23302.43915775  .00006378  00000-0  16515-2 0  5158
2   538  67.8095 316.3498 0012596 234.5723 125.4219 14.50307090224074
1 00538U 61015FX  23302.43915775  .00006378  00000-0  16515-2 0    18
2 00538  67.8095 316.3498 0012596 234.5723 125.4219 14.50307090223376
1 00538U 61015FX  23303.40464948  .00006336  00000-0  16402-2 0    16
2 00538  67.8094 313.8571 0012497 234.1380 125.8577 14.50318783223512
1   538U 61015FX  23304.16324505  .00005260  00000-0  13654-2 0  5166
2   538  67.8094 311.8988 0012455 233.6230 126.3739 14.50325761224324
1 00538U 61015FX  23304.43909685  .00005201  00000-0  13501-2 0    19
2 00538  67.8094 311.1867 0012453 233.2645 126.7330 14.50328852223668
1   538U 61015FX  23305.33561153  .00005183  00000-0  13452-2 0  5179
2   538  67.8096 308.8729 0012377 232.9596 127.0391 14.50338436224498
1 00538U 61015FX  23305.33561153  .00005183  00000-0  13452-2 0    17
2 00538  67.8096 308.8729 0012377 232.9596 127.0391 14.50338436223790
1   538U 61015FX  23306.37004326  .00005575  00000-0  14449-2 0  5181
2   538  67.8098 306.2032 0012280 232.4219 127.5784 14.50350979224643
1 00538U 61015FX  23306.37004326  .00005575  00000-0  14449-2 0    18
2 00538  67.8098 306.2032 0012280 232.4219 127.5784 14.50350979223945
1   538U 61015FX  23307.40446591  .00005652  00000-0  14644-2 0  5194
2   538  67.8098 303.5332 0012219 231.6018 128.4003 14.50363830224796
1 00538U 61015FX  23307.40446591  .00005652  00000-0  14644-2 0    10
2 00538  67.8098 303.5332 0012219 231.6018 128.4003 14.50363830224099
1 00538U 61015FX  23308.30095786  .00006416  00000-0  16587-2 0    13
2 00538  67.8098 301.2194 0012167 230.8891 129.1145 14.50376530224223
1   538U 61015FX  23309.05952130  .00008121  00000-0  20928-2 0  5206
2   538  67.8101 299.2622 0012103 230.1547 129.8507 14.50390186225033
1 00538U 61015FX  23309.33536067  .00009464  00000-0  24346-2 0    17
2 00538  67.8101 298.5501 0012086 229.9067 130.0992 14.50396578224373
1   538U 61015FX  23310.09391053  .00016405  00000-0  41980-2 0  5219
2   538  67.8099 296.5924 0012011 229.4176 130.5897 14.50424623225182
1 00538U 61015FX  23310.36974494  .00016213  00000-0  41488-2 0    18
2 00538  67.8099 295.8802 0011938 229.4672 130.5407 14.50430282224529
1   538U 61015FX  23311.12828140  .00009827  00000-0  25248-2 0  5226
2   538  67.8099 293.9224 0011825 228.8679 131.1418 14.50442819225339
1 00538U 61015FX  23311.33515304  .00010309  00000-0  26471-2 0    12
2 00538  67.8097 293.3883 0011809 228.8194 131.1906 14.50448662224665
1 00538U 61015FX  23312.09367963  .00007620  00000-0  19624-2 0    16
2 00538  67.8096 291.4299 0011728 228.3200 131.6915 14.50459318224774
1   538U 61015FX  23313.19698048  .00007133  00000-0  18378-2 0  5232
2   538  67.8091 288.5807 0011737 227.2500 132.7630 14.50475146225631
1 00538U 61015FX  23313.33489208  .00007530  00000-0  19389-2 0    19
2 00538  67.8090 288.2243 0011730 227.1787 132.8345 14.50478064224950
1   538U 61015FX  23314.30026981  .00006473  00000-0  16695-2 0  5244
2   538  67.8090 285.7320 0011644 226.4451 133.5700 14.50489749225790
1 00538U 61015FX  23314.30026981  .00006473  00000-0  16695-2 0    14
2 00538  67.8090 285.7320 0011644 226.4451 133.5700 14.50489749225093
1 00538U 61015FX  23315.12773004  .00005543  00000-0  14325-2 0    15
2 00538  67.8090 283.5949 0011568 225.7188 134.2981 14.50498953225210
1   538U 61015FX  23316.16204844  .00004952  00000-0  12818-2 0  5250
2   538  67.8091 280.9251 0011420 225.1862 134.8329 14.50509503226068
1 00538U 61015FX  23316.29995708  .00005207  00000-0  13468-2 0    15
2 00538  67.8093 280.5688 0011433 224.9474 135.0719 14.50511373225388
1   538U 61015FX  23317.26531252  .00006082  00000-0  15689-2 0  5264
2   538  67.8095 278.0762 0011326 224.2391 135.7822 14.50523510226229
1 00538U 61015FX  23317.26531252  .00006082  00000-0  15689-2 0    12
2 00538  67.8095 278.0762 0011326 224.2391 135.7822 14.50523510225521
1 00538U 61015FX  23317.61008093  .00005451  00000-0  14083-2 0    19
2 00538  67.8096 277.1860 0011268 224.0960 135.9260 14.50525793225574
1   538U 61015FX  23318.29961492  .00004816  00000-0  12468-2 0  5277
2   538  67.8099 275.4058 0011200 223.5744 136.4489 14.50532057226376
1 00538U 61015FX  23318.29961492  .00004816  00000-0  12468-2 0    14
2 00538  67.8099 275.4058 0011200 223.5744 136.4489 14.50532057225678
1 00538U 61015FX  23319.26495710  .00004614  00000-0  11950-2 0    18
2 00538  67.8100 272.9134 0011082 222.8368 137.1887 14.50541468225812
1   538U 61015FX  23319.95448352  .00004821  00000-0  12475-2 0  5281
2   538  67.8101 271.1332 0011001 222.3142 137.7128 14.50548492226617
1 00538U 61015FX  23320.50610273  .00004200  00000-0  10897-2 0    10
2 00538  67.8101 269.7089 0010922 221.9037 138.1246 14.50552213225990
1   538U 61015FX  23321.26457651  .00003820  00000-0  99275-3 0  5293
2   538  67.8100 267.7506 0010820 221.3786 138.6513 14.50557837226803
1 00538U 61015FX  23321.26457651  .00003820  00000-0  99275-3 0    18
2 00538  67.8100 267.7506 0010820 221.3786 138.6513 14.50557837226106
1 00538U 61015FX  23321.95409571  .00003405  00000-0  88724-3 0    18
2 00538  67.8099 265.9704 0010724 220.7905 139.2411 14.50562338226209
1 00538U 61015FX  23322.22990301  .00003338  00000-0  87017-3 0    14
2 00538  67.8098 265.2582 0010680 220.6330 139.3992 14.50563950226247
1   538U 61015FX  23322.85046770  .00003445  00000-0  89743-3 0  5309
2   538  67.8098 263.6560 0010618 220.0820 139.9515 14.50568583227036
1 00538U 61015FX  23322.85046770  .00003445  00000-0  89743-3 0    12
2 00538  67.8098 263.6560 0010618 220.0820 139.9515 14.50568583226338
1 00538U 61015FX  23323.19522487  .00003449  00000-0  89826-3 0    10
2 00538  67.8097 262.7660 0010643 219.7929 140.2409 14.50570824226384
1 00538U 61015FX  23323.88473808  .00002946  00000-0  77040-3 0    14
2 00538  67.8096 260.9854 0010551 219.3135 140.7217 14.50574386226481
1   538U 61015FX  23324.16054271  .00002953  00000-0  77202-3 0  5311
2   538  67.8093 260.2740 0010587 218.8539 141.1818 14.50576000227226
1 00538U 61015FX  23324.22949348  .00003587  00000-0  93315-3 0    15
2 00538  67.8094 260.0957 0010570 218.8435 141.1924 14.50578194226539
1 00538U 61015FX  23324.91900286  .00003595  00000-0  93519-3 0    14
2 00538  67.8094 258.3154 0010504 218.2228 141.8146 14.50583253226635
1   538U 61015FX  23325.19480593  .00004015  00000-0  10419-2 0  5323
2   538  67.8094 257.6033 0010479 217.9732 142.0648 14.50586142227372
1 00538U 61015FX  23325.19480593  .00004015  00000-0  10419-2 0    14
2 00538  67.8094 257.6033 0010479 217.9732 142.0648 14.50586142226674
1 00538U 61015FX  23325.88431053  .00005536  00000-0  14281-2 0    17
2 00538  67.8093 255.8227 0010426 217.4120 142.6272 14.50595816226774
1 00538U 61015FX  23326.16011142  .00005730  00000-0  14772-2 0    13
2 00538  67.8094 255.1106 0010394 217.1308 142.9092 14.50598822226811
1 00538U 61015FX  23326.84960916  .00007068  00000-0  18166-2 0    17
2 00538  67.8095 253.3301 0010330 216.5058 143.5357 14.50610473226913
1   538U 61015FX  23327.12540729  .00007391  00000-0  18983-2 0  5331
2   538  67.8096 252.6178 0010298 216.1850 143.8572 14.50614165227653
1 00538U 61015FX  23327.19435616  .00007481  00000-0  19211-2 0    11
2 00538  67.8096 252.4399 0010264 216.1240 143.9185 14.50615866226965
1 00538U 61015FX  23327.88384668  .00006511  00000-0  16746-2 0    10
2 00538  67.8097 250.6594 0010173 215.5182 144.5260 14.50624340227060
1   538U 61015FX  23328.15964151  .00006251  00000-0  16087-2 0  5342
2   538  67.8097 249.9470 0010129 215.6070 144.4373 14.50628035227803
1 00538U 61015FX  23328.15964151  .00006251  00000-0  16087-2 0    11
2 00538  67.8097 249.9470 0010129 215.6070 144.4373 14.50628035227106
1 00538U 61015FX  23328.84912508  .00006889  00000-0  17701-2 0    17
2 00538  67.8098 248.1665 0010063 214.9298 145.1161 14.50639529227209
1 00538U 61015FX  23329.19386486  .00007843  00000-0  20118-2 0    13
2 00538  67.8101 247.2768 0010114 214.1122 145.9347 14.50645947227253
1 00538U 61015FX  23329.88333874  .00014956  00000-0  38112-2 0    18
2 00538  67.8101 245.4963 0010067 213.2793 146.7693 14.50669593227358
1   538U 61015FX  23330.09017878  .00015352  00000-0  39110-2 0  5369
2   538  67.8102 244.9624 0010062 212.9921 147.0570 14.50675165228082
1   538U 61015FX  23330.15912779  .00009199  00000-0  23544-2 0  5377
2   538  67.8102 244.7843 0010029 212.9148 147.1346 14.50665040228091
1 00538U 61015FX  23330.15912779  .00009199  00000-0  23544-2 0    13
2 00538  67.8102 244.7843 0010029 212.9148 147.1346 14.50665040227393
1 00538U 61015FX  23330.91753946  .00006811  00000-0  17489-2 0    15
2 00538  67.8102 242.8258 0009925 212.1552 147.8961 14.50677120227501
1 00538U 61015FX  23331.12437780  .00006314  00000-0  16229-2 0    13
2 00538  67.8102 242.2918 0009911 212.0281 148.0236 14.50680268227539
1   538U 61015FX  23331.81383569  .00006326  00000-0  16255-2 0  5381
2   538  67.8101 240.5110 0009812 211.4611 148.5921 14.50692366228330
1 00538U 61015FX  23331.88278112  .00006685  00000-0  17163-2 0    17
2 00538  67.8101 240.3329 0009808 211.4918 148.5614 14.50694000227644
1 00538U 61015FX  23332.15856294  .00006811  00000-0  17481-2 0    15
2 00538  67.8102 239.6211 0009796 211.2460 148.8076 14.50698026227683
1   538U 61015FX  23332.84801362  .00006946  00000-0  17819-2 0  5397
2   538  67.8099 237.8404 0009736 210.8755 149.1791 14.50708608228483
1 00538U 61015FX  23332.84801362  .00006946  00000-0  17819-2 0    11
2 00538  67.8099 237.8404 0009736 210.8755 149.1791 14.50708608227785
1   538U 61015FX  23334.08901196  .00007669  00000-0  19642-2 0  5402
2   538  67.8094 234.6358 0009577 209.8093 150.2481 14.50729005228660
1   538U 61015FX  23335.12316602  .00006690  00000-0  17159-2 0  5415
2   538  67.8094 231.9652 0009482 208.5657 151.4943 14.50742153228816
1 00538U 61015FX  23335.88153784  .00008755  00000-0  22379-2 0    13
2 00538  67.8093 230.0067 0009379 207.5595 152.5027 14.50757194228221
1   538U 61015FX  23336.08836385  .00019140  00000-0  48577-2 0  5429
2   538  67.8093 229.4724 0009354 207.3863 152.6763 14.50777775228957
1 00538U 61015FX  23336.08836385  .00019140  00000-0  48577-2 0    19
2 00538  67.8093 229.4724 0009354 207.3863 152.6763 14.50777775228250
1   538U 61015FX  23336.84672537  .00007310  00000-0  18717-2 0  5430
2   538  67.8091 227.5146 0009409 206.2749 153.7893 14.50774660229063
1 00538U 61015FX  23336.91566667  .00006636  00000-0  17012-2 0    10
2 00538  67.8092 227.3364 0009382 206.2462 153.8182 14.50775296228377
1 00538U 61015FX  23337.12249113  .00005980  00000-0  15351-2 0    13
2 00538  67.8092 226.8025 0009386 205.8433 154.2217 14.50778210228409
1   538U 61015FX  23338.08766767  .00004496  00000-0  11593-2 0  5445
2   538  67.8092 224.3097 0009339 205.0536 155.0130 14.50789354229242
1 00538U 61015FX  23338.08766767  .00004496  00000-0  11593-2 0    13
2 00538  67.8092 224.3097 0009339 205.0536 155.0130 14.50789354228544
1 00538U 61015FX  23338.98389876  .00004031  00000-0  10414-2 0    10
2 00538  67.8091 221.9952 0009387 204.1362 155.9317 14.50796182228673
1   538U 61015FX  23340.08694712  .00003776  00000-0  97685-3 0  5456
2   538  67.8092 219.1451 0009046 203.1977 156.8734 14.50804752229532
1 00538U 61015FX  23340.91422968  .00003243  00000-0  84179-3 0    10
2 00538  67.8094 217.0081 0008833 201.7626 158.3117 14.50809853228952
1 00538U 61015FX  23341.60362881  .00002707  00000-0  70624-3 0    18
2 00538  67.8092 215.2276 0008858 201.7483 158.3260 14.50813210229057
1   538U 61015FX  23341.60362881  .00002707  00000-0  70624-3 0  5462
2   538  67.8092 215.2276 0008858 201.7483 158.3260 14.50813210229754
1   538U 61015FX  23343.05136274  .00002324  00000-0  60913-3 0  5474
2   538  67.8090 211.4881 0008713 200.5301 159.5468 14.50820306229968
1 00538U 61015FX  23343.05136274  .00002324  00000-0  60913-3 0    19
2 00538  67.8090 211.4881 0008713 200.5301 159.5468 14.50820306229261
1 00538U 61015FX  23343.80969728  .00002071  00000-0  54503-3 0    17
2 00538  67.8086 209.5293 0008645 199.5063 160.5725 14.50822977229373
1   538U 61015FX  23344.77484773  .00002172  00000-0  57060-3 0  5485
2   538  67.8084 207.0364 0008559 198.7396 161.3408 14.50827612230210
1 00538U 61015FX  23344.91272602  .00001957  00000-0  51603-3 0    18
2 00538  67.8083 206.6803 0008566 198.7846 161.2956 14.50827558229539
1 00538U 61015FX  23344.98166522  .00001951  00000-0  51467-3 0    10
2 00538  67.8084 206.5023 0008551 198.7790 161.3014 14.50827845229541
1   538U 61015FX  23345.80893475  .00002212  00000-0  58073-3 0  5494
2   538  67.8082 204.3653 0008451 197.9191 162.1630 14.50832007230360
1 00538U 61015FX  23345.94681264  .00001898  00000-0  50109-3 0    14
2 00538  67.8081 204.0091 0008435 197.6231 162.4595 14.50831693229682
1 00538U 61015FX  23346.01575162  .00001902  00000-0  50227-3 0    19
2 00538  67.8081 203.8311 0008421 197.4080 162.6750 14.50832031229692
1   538U 61015FX  23346.84301833  .00002265  00000-0  59407-3 0  5503
2   538  67.8080 201.6942 0008349 196.6831 163.4014 14.50836586230515
1 00538U 61015FX  23346.91195686  .00002603  00000-0  67944-3 0    10
2 00538  67.8078 201.5160 0008353 196.4989 163.5858 14.50838033229828
1 00538U 61015FX  23346.98089568  .00002601  00000-0  67888-3 0    13
2 00538  67.8078 201.3380 0008322 196.5783 163.5064 14.50838303229839
1 00538U 61015FX  23347.94603696  .00002242  00000-0  58803-3 0    12
2 00538  67.8076 198.8449 0008239 195.6856 164.4008 14.50841414229971
1   538U 61015FX  23347.94603696  .00002242  00000-0  58803-3 0  5512
2   538  67.8076 198.8449 0008239 195.6856 164.4008 14.50841414230670
1 00538U 61015FX  23348.91117425  .00002428  00000-0  63519-3 0    16
2 00538  67.8075 196.3517 0008160 194.8866 165.2013 14.50846838230112
1   538U 61015FX  23348.98011254  .00002431  00000-0  63575-3 0  5523
2   538  67.8075 196.1736 0008126 194.8748 165.2132 14.50847216230825
1 00538U 61015FX  23349.39374128  .00002552  00000-0  66650-3 0    11
2 00538  67.8075 195.1052 0008070 194.3869 165.7020 14.50850024230183
1 00538U 61015FX  23349.87630685  .00002831  00000-0  73686-3 0    14
2 00538  67.8074 193.8584 0007989 194.3065 165.7828 14.50853948230255
1   538U 61015FX  23350.70355967  .00003467  00000-0  89761-3 0  5534
2   538  67.8074 191.7214 0007911 193.4345 166.6563 14.50861443231074
1 00538U 61015FX  23350.91037246  .00002997  00000-0  77889-3 0    17
2 00538  67.8074 191.1872 0007888 193.4168 166.6741 14.50861353230408
1 00538U 61015FX  23350.97930993  .00003002  00000-0  78015-3 0    14
2 00538  67.8075 191.0093 0007902 192.9913 167.1002 14.50861897230412
1   538U 61015FX  23351.80655816  .00003933  00000-0  10153-2 0  5549
2   538  67.8076 188.8717 0007734 192.1258 167.9675 14.50870308231239
1 00538U 61015FX  23351.94443206  .00004660  00000-0  11988-2 0    14
2 00538  67.8076 188.5156 0007721 191.9601 168.1335 14.50873307230550
1   538U 61015FX  23352.84061055  .00004736  00000-0  12179-2 0  5553
2   538  67.8077 186.2011 0007676 191.2140 168.8808 14.50881827231386
1 00538U 61015FX  23352.90954747  .00004599  00000-0  11832-2 0    17
2 00538  67.8077 186.0231 0007666 191.1712 168.9236 14.50881955230692
1 00538U 61015FX  23353.59891094  .00004880  00000-0  12541-2 0    19
2 00538  67.8078 184.2422 0007604 190.4242 169.6720 14.50890104230790
1   538U 61015FX  23353.94359148  .00004615  00000-0  11871-2 0  5563
2   538  67.8080 183.3516 0007572 190.1493 169.9473 14.50893148231549
1 00538U 61015FX  23354.56401362  .00005307  00000-0  13614-2 0    19
2 00538  67.8080 181.7489 0007498 189.5855 170.5121 14.50901966230939
1 00538U 61015FX  23354.83975600  .00005324  00000-0  13656-2 0    15
2 00538  67.8082 181.0367 0007451 189.3050 170.7931 14.50905068230975
1 00538U 61015FX  23355.59804332  .00005556  00000-0  14239-2 0    17
2 00538  67.8081 179.0775 0007421 188.6791 171.4199 14.50914758231088
1 00538U 61015FX  23355.87378243  .00005860  00000-0  15005-2 0    15
2 00538  67.8083 178.3652 0007416 188.2228 171.8769 14.50919264231120
1 00538U 61015FX  23356.56312797  .00006823  00000-0  17430-2 0    18
2 00538  67.8081 176.5844 0007347 187.7581 172.3424 14.50930279231224
1   538U 61015FX  23356.83886491  .00006985  00000-0  17837-2 0  5582
2   538  67.8082 175.8719 0007290 187.5915 172.5093 14.50934342231964
1 00538U 61015FX  23356.90779891  .00006460  00000-0  16515-2 0    18
2 00538  67.8082 175.6939 0007269 187.5305 172.5704 14.50934489231270
1 00538U 61015FX  23357.59713790  .00007293  00000-0  18610-2 0    13
2 00538  67.8081 173.9132 0007195 187.0083 173.0936 14.50945163231376
1 00538U 61015FX  23357.87287224  .00007228  00000-0  18446-2 0    17
2 00538  67.8080 173.2007 0007161 186.7353 173.3670 14.50948430231411
1   538U 61015FX  23357.87287224  .00007228  00000-0  18446-2 0  5595
2   538  67.8080 173.2007 0007161 186.7353 173.3670 14.50948430232119
1 00538U 61015FX  23358.56220452  .00007394  00000-0  18861-2 0    19
2 00538  67.8080 171.4197 0007085 186.2558 173.8473 14.50958676231518
1 00538U 61015FX  23358.90686913  .00007267  00000-0  18537-2 0    14
2 00538  67.8080 170.5293 0006997 185.8316 174.2722 14.50963161231565
1   538U 61015FX  23358.90686913  .00007267  00000-0  18537-2 0  5604
2   538  67.8080 170.5293 0006997 185.8316 174.2722 14.50963161232263
1 00538U 61015FX  23359.59619434  .00007049  00000-0  17986-2 0    19
2 00538  67.8080 168.7482 0006926 185.1923 174.9124 14.50973000231660
1 00538U 61015FX  23359.87192339  .00006677  00000-0  17048-2 0    15
2 00538  67.8079 168.0357 0006917 185.1470 174.9578 14.50975887231702
1 00538U 61015FX  23360.56124240  .00006734  00000-0  17188-2 0    18
2 00538  67.8079 166.2548 0006831 184.7859 175.3194 14.50985771231808
1   538U 61015FX  23360.83696891  .00006784  00000-0  17312-2 0  5619
2   538  67.8080 165.5424 0006775 184.4599 175.6460 14.50989374232544
1 00538U 61015FX  23360.90590055  .00006291  00000-0  16071-2 0    15
2 00538  67.8080 165.3642 0006760 184.3800 175.7260 14.50989466231856
1 00538U 61015FX  23361.59521324  .00006484  00000-0  16554-2 0    14
2 00538  67.8081 163.5838 0006648 184.1171 175.9894 14.50998958231950
1 00538U 61015FX  23361.80200624  .00006796  00000-0  17338-2 0    12
2 00538  67.8082 163.0495 0006611 184.0375 176.0690 14.51001998231989
1   538U 61015FX  23362.49131380  .00005756  00000-0  14717-2 0  5625
2   538  67.8083 161.2684 0006559 183.6903 176.4168 14.51009063232787
1 00538U 61015FX  23362.62917487  .00006029  00000-0  15402-2 0    14
2 00538  67.8083 160.9122 0006541 183.6525 176.4546 14.51011008232109
1 00538U 61015FX  23362.83596610  .00005317  00000-0  13609-2 0    14
2 00538  67.8084 160.3780 0006502 183.5033 176.6040 14.51012312232137
1 00538U 61015FX  23363.59419852  .00005394  00000-0  13802-2 0    10
2 00538  67.8087 158.4192 0006401 182.9148 177.1933 14.51020887232248
1   538U 61015FX  23363.80098834  .00005470  00000-0  13991-2 0  5634
2   538  67.8088 157.8848 0006345 182.7331 177.3753 14.51023448232977
1 00538U 61015FX  23363.80098834  .00005470  00000-0  13991-2 0    11
2 00538  67.8088 157.8848 0006345 182.7331 177.3753 14.51023448232270
1 00538U 61015FX  23364.62814478  .00005158  00000-0  13203-2 0    11
2 00538  67.8090 155.7476 0006265 182.0557 178.0537 14.51031709232391
1   538U 61015FX  23364.83493309  .00005180  00000-0  13259-2 0  5640
2   538  67.8090 155.2129 0006285 181.5806 178.5293 14.51034003233120
1 00538U 61015FX  23364.83493309  .00005180  00000-0  13259-2 0    16
2 00538  67.8090 155.2129 0006285 181.5806 178.5293 14.51034003232422
1 00538U 61015FX  23365.79994182  .00004916  00000-0  12591-2 0    11\
2 00538  67.8092 152.7195 0006138 181.0556 179.0550 14.51043065232568
1   538U 61015FX  24001.48923022  .00004653  00000-0  11929-2 0  5657\
2   538  67.8090 150.9384 0006083 180.6070 179.5042 14.51048996233369
1 00538U 61015FX  24001.62708739  .00004798  00000-0  12292-2 0    18\
2 00538  67.8090 150.5821 0006060 180.5147 179.5966 14.51050627232683
1 00538U 61015FX  24001.76494463  .00004776  00000-0  12238-2 0    15\
2 00538  67.8090 150.2260 0006058 180.6819 179.4292 14.51051744232706
1   538U 61015FX  24002.52315620  .00005468  00000-0  13976-2 0  5662\
2   538  67.8089 148.2669 0005959 180.4128 179.6986 14.51060937233510
1 00538U 61015FX  24002.59208469  .00005026  00000-0  12864-2 0    10\
2 00538  67.8088 148.0888 0005955 180.5866 179.5246 14.51060274232821
1 00538U 61015FX  24002.79886894  .00005151  00000-0  13178-2 0    14\
2 00538  67.8089 147.5545 0005936 180.0738 180.0380 14.51062674232853
1 00538U 61015FX  24003.55707567  .00004682  00000-0  11995-2 0    11\
2 00538  67.8089 145.5951 0005839 179.1808 180.9321 14.51069129232969
1   538U 61015FX  24003.76385872  .00004673  00000-0  11973-2 0  5678\
2   538  67.8089 145.0608 0005799 179.1097 181.0032 14.51071066233693
1 00538U 61015FX  24003.76385872  .00004673  00000-0  11973-2 0    11\
2 00538  67.8089 145.0608 0005799 179.1097 181.0032 14.51071066232995
1 00538U 61015FX  24004.52206040  .00004778  00000-0  12235-2 0    13\
2 00538  67.8088 143.1016 0005722 178.5158 181.5978 14.51078870233101
1 00538U 61015FX  24004.72884222  .00004549  00000-0  11660-2 0    16\
2 00538  67.8088 142.5672 0005690 178.6582 181.4552 14.51080134233134
1   538U 61015FX  24005.48703914  .00004649  00000-0  11908-2 0  5682\
2   538  67.8088 140.6079 0005603 178.1287 181.9853 14.51087813233944
1 00538U 61015FX  24005.55596615  .00004412  00000-0  11313-2 0    18\
2 00538  67.8087 140.4298 0005612 178.0821 182.0319 14.51087719233255
1 00538U 61015FX  24005.76274651  .00004411  00000-0  11309-2 0    18\
2 00538  67.8087 139.8952 0005564 177.9482 182.1660 14.51089624233281
1   538U 61015FX  24006.52093823  .00004532  00000-0  11612-2 0  5693\
2   538  67.8087 137.9358 0005469 177.7070 182.4074 14.51097223234091
1 00538U 61015FX  24006.52093823  .00004532  00000-0  11612-2 0    14\
2 00538  67.8087 137.9358 0005469 177.7070 182.4074 14.51097223233393
1 00538U 61015FX  24006.72771719  .00004646  00000-0  11898-2 0    15\
2 00538  67.8087 137.4014 0005459 177.5577 182.5568 14.51099380233425
1 00538U 61015FX  24007.62375588  .00005094  00000-0  13022-2 0    18\
2 00538  67.8087 135.0860 0005349 176.8132 183.3021 14.51109068233557
1   538U 61015FX  24007.76160756  .00005101  00000-0  13039-2 0  5700\
2   538  67.8088 134.7298 0005334 176.5807 183.5348 14.51110445234274
1 00538U 61015FX  24007.76160756  .00005101  00000-0  13039-2 0    19\
2 00538  67.8088 134.7298 0005334 176.5807 183.5348 14.51110445233576
1 00538U 61015FX  24008.58871413  .00005294  00000-0  13521-2 0    18\
2 00538  67.8089 132.5927 0005191 176.4503 183.6653 14.51119292233697
1 00538U 61015FX  24008.72656478  .00005386  00000-0  13754-2 0    16\
2 00538  67.8090 132.2363 0005166 176.4819 183.6337 14.51120771233718
1   538U 61015FX  24009.48474021  .00005794  00000-0  14775-2 0  5711\
2   538  67.8093 130.2774 0005073 175.8992 184.2168 14.51130013234526
1 00538U 61015FX  24009.55366502  .00006097  00000-0  15536-2 0    14\
2 00538  67.8093 130.0991 0005069 175.8108 184.3053 14.51131339233838
1 00538U 61015FX  24009.69151463  .00006075  00000-0  15481-2 0    12\
2 00538  67.8093 129.7430 0005052 175.9277 184.1883 14.51132802233858
1 00538U 61015FX  24010.44968419  .00005941  00000-0  15141-2 0    18\
2 00538  67.8096 127.7834 0004932 175.4866 184.6297 14.51141523233968
1   538U 61015FX  24010.72538082  .00006312  00000-0  16072-2 0  5728\
2   538  67.8097 127.0710 0004893 175.3609 184.7556 14.51145731234702
1 00538U 61015FX  24011.62138882  .00007615  00000-0  19337-2 0    13\
2 00538  67.8099 124.7556 0004748 174.7939 185.3229 14.51160904234134
1 00538U 61015FX  24011.69031220  .00007587  00000-0  19267-2 0    18\
2 00538  67.8099 124.5774 0004735 174.7413 185.3756 14.51161889234146
1   538U 61015FX  24012.44846572  .00007468  00000-0  18962-2 0  5739\
2   538  67.8101 122.6181 0004626 173.7766 186.3411 14.51173539234953
1 00538U 61015FX  24012.58631116  .00007535  00000-0  19131-2 0    10\
2 00538  67.8102 122.2618 0004602 173.7318 186.3858 14.51175649234276
1 00538U 61015FX  24012.65523387  .00007456  00000-0  18933-2 0    19\
2 00538  67.8101 122.0837 0004592 173.7342 186.3834 14.51176531234287
1   538U 61015FX  24013.48230119  .00007586  00000-0  19252-2 0  5743\
2   538  67.8102 119.9464 0004445 173.1302 186.9877 14.51189851235100
1 00538U 61015FX  24013.62014518  .00007925  00000-0  20101-2 0    19\
2 00538  67.8101 119.5898 0004485 172.7421 187.3762 14.51192245234420
1 00538U 61015FX  24014.58504602  .00008648  00000-0  21906-2 0    10\
2 00538  67.8100 117.0959 0004369 171.3597 188.7597 14.51208908234560
1   538U 61015FX  24014.65396701  .00008683  00000-0  21994-2 0  5759\
2   538  67.8099 116.9178 0004346 171.5294 188.5898 14.51210179235273
1 00538U 61015FX  24014.65396701  .00008683  00000-0  21994-2 0    13\
2 00538  67.8099 116.9178 0004346 171.5294 188.5898 14.51210179234575
1 00538U 61015FX  24015.61885494  .00008682  00000-0  21984-2 0    10\
2 00538  67.8096 114.4241 0004208 171.7288 188.3900 14.51227480234719
1   538U 61015FX  24016.37697356  .00008349  00000-0  21144-2 0  5767\
2   538  67.8093 112.4642 0004053 171.5712 188.5475 14.51240552235521
1 00538U 61015FX  24016.37697356  .00008349  00000-0  21144-2 0    10\
2 00538  67.8093 112.4642 0004053 171.5712 188.5475 14.51240552234823
1 00538U 61015FX  24016.65265150  .00007904  00000-0  20028-2 0    10\
2 00538  67.8093 111.7516 0004032 171.1702 188.9487 14.51244405234869
1   538U 61015FX  24017.41076150  .00007399  00000-0  18758-2 0  5778\
2   538  67.8092 109.7921 0003939 170.1945 189.9250 14.51256076235674
1 00538U 61015FX  24017.61751777  .00007518  00000-0  19055-2 0    11\
2 00538  67.8091 109.2578 0003941 169.6319 190.4881 14.51259433235001
1   538U 61015FX  24018.51345621  .00006923  00000-0  17559-2 0  5783\
2   538  67.8094 106.9417 0003803 169.0763 191.0439 14.51272215235834
1 00538U 61015FX  24018.58237411  .00007306  00000-0  18518-2 0    10\
2 00538  67.8094 106.7636 0003796 169.0492 191.0709 14.51273939235143
1 00538U 61015FX  24018.65129215  .00007301  00000-0  18505-2 0    11\
2 00538  67.8093 106.5852 0003744 169.2320 190.8879 14.51274886235153
1 00538U 61015FX  24019.61613867  .00007347  00000-0  18615-2 0    11\
2 00538  67.8094 104.0913 0003632 168.4596 191.6606 14.51289046235293
1   538U 61015FX  24019.61613867  .00007347  00000-0  18615-2 0  5791\
2   538  67.8094 104.0913 0003632 168.4596 191.6606 14.51289046235990
1 00538U 61015FX  24020.58097648  .00006505  00000-0  16503-2 0    11\
2 00538  67.8097 101.5974 0003530 167.2291 192.8917 14.51301399235431
1   538U 61015FX  24021.33905711  .00006538  00000-0  16583-2 0  5800\
2   538  67.8098  99.6377 0003422 166.3524 193.7687 14.51311924236244
1 00538U 61015FX  24021.27014089  .00006505  00000-0  16499-2 0    10\
2 00538  67.8098  99.8159 0003432 166.4362 193.6849 14.51311056235532
1 00538U 61015FX  24021.61472156  .00006923  00000-0  17544-2 0    17\
2 00538  67.8099  98.9253 0003373 166.1766 193.9445 14.51315968235583
1   538U 61015FX  24022.37279551  .00006192  00000-0  15712-2 0  5811\
2   538  67.8099  96.9656 0003266 165.5735 194.5477 14.51324530236395
1 00538U 61015FX  24022.30387988  .00006132  00000-0  15562-2 0    12\
2 00538  67.8099  97.1437 0003281 165.6096 194.5116 14.51323705235687
1 00538U 61015FX  24022.57954194  .00006487  00000-0  16449-2 0    18\
2 00538  67.8099  96.4310 0003248 165.1610 194.9604 14.51327684235720
1 00538U 61015FX  24023.26869368  .00006693  00000-0  16960-2 0    10\
2 00538  67.8099  94.6494 0003150 164.2348 195.8869 14.51337743235824
1   538U 61015FX  24023.54435340  .00006864  00000-0  17387-2 0  5828\
2   538  67.8100  93.9370 0003085 164.1702 195.9513 14.51341293236566
1 00538U 61015FX  24023.54435340  .00006864  00000-0  17387-2 0    14\
2 00538  67.8100  93.9370 0003085 164.1702 195.9513 14.51341293235868
1 00538U 61015FX  24024.57807062  .00006709  00000-0  16994-2 0    13\
2 00538  67.8098  91.2644 0002992 163.1804 196.9414 14.51354708236011
1   538U 61015FX  24024.57807062  .00006709  00000-0  16994-2 0  5838\
2   538  67.8098  91.2644 0002992 163.1804 196.9414 14.51354708236718
1 00538U 61015FX  24025.54286607  .00006720  00000-0  17017-2 0    17\
2 00538  67.8094  88.7701 0002868 161.8535 198.2686 14.51366335236150
1   538U 61015FX  24026.36982713  .00006524  00000-0  16526-2 0  5841\
2   538  67.8093  86.6322 0002767 160.9382 199.1840 14.51375740236975
1 00538U 61015FX  24026.57656734  .00005838  00000-0  14810-2 0    10\
2 00538  67.8092  86.0978 0002735 160.4634 199.6590 14.51376264236301
1 00538U 61015FX  24027.54134829  .00005553  00000-0  14096-2 0    14\
2 00538  67.8089  83.6032 0002619 158.9257 201.1969 14.51385932236441
1   538U 61015FX  24027.54134829  .00005553  00000-0  14096-2 0  5851\
2   538  67.8089  83.6032 0002619 158.9257 201.1969 14.51385932237149
1 00538U 61015FX  24028.57503504  .00005004  00000-0  12720-2 0    11\
2 00538  67.8088  80.9305 0002489 157.3088 202.8141 14.51395601236593
1   538U 61015FX  24028.57503504  .00005004  00000-0  12720-2 0  5869\
2   538  67.8088  80.9305 0002489 157.3088 202.8141 14.51395601237291
1 00538U 61015FX  24029.47089094  .00005454  00000-0  13841-2 0    18\
2 00538  67.8087  78.6142 0002384 156.1065 204.0164 14.51405399236721
1   538U 61015FX  24030.16000766  .00004976  00000-0  12647-2 0  5875\
2   538  67.8087  76.8323 0002313 154.7887 205.3344 14.51410983237528
1 00538U 61015FX  24030.50456484  .00005109  00000-0  12978-2 0    12\
2 00538  67.8086  75.9414 0002269 154.1672 205.9560 14.51414606236873
1   538U 61015FX  24031.46932096  .00004578  00000-0  11650-2 0  5881\
2   538  67.8086  73.4467 0002182 152.1823 207.9412 14.51422387237711
1 00538U 61015FX  24031.46932096  .00004578  00000-0  11650-2 0    11\
2 00538  67.8086  73.4467 0002182 152.1823 207.9412 14.51422387237014
1   538U 61015FX  24032.50298214  .00003904  00000-0  99645-3 0  5898\
2   538  67.8087  70.7738 0002089 150.1004 210.0233 14.51430058237864
1 00538U 61015FX  24032.50298214  .00003904  00000-0  99645-3 0    17\
2 00538  67.8087  70.7738 0002089 150.1004 210.0233 14.51430058237167
1 00538U 61015FX  24032.91644480  .00004227  00000-0  10770-2 0    12\
2 00538  67.8086  69.7045 0002018 149.1305 210.9932 14.51434421237229
1 00538U 61015FX  24033.46772712  .00003948  00000-0  10072-2 0    17\
2 00538  67.8088  68.2790 0001956 147.7961 212.3277 14.51438213237304
1   538U 61015FX  24034.15682742  .00004000  00000-0  10200-2 0  5903\
2   538  67.8089  66.4975 0001866 146.0172 214.1066 14.51444119238103
1 00538U 61015FX  24034.43246721  .00004211  00000-0  10727-2 0    12\
2 00538  67.8092  65.7851 0001861 144.9561 215.1680 14.51446523237446
1   538U 61015FX  24035.46611071  .00005079  00000-0  12892-2 0  5912\
2   538  67.8092  63.1125 0001769 141.6674 218.4571 14.51457336238291
1 00538U 61015FX  24035.46611071  .00005079  00000-0  12892-2 0    18\
2 00538  67.8092  63.1125 0001769 141.6674 218.4571 14.51457336237593
1 00538U 61015FX  24036.43083783  .00005648  00000-0  14308-2 0    15\
2 00538  67.8092  60.6179 0001676 138.2094 221.9153 14.51467763237735
1   538U 61015FX  24036.77538162  .00005868  00000-0  14855-2 0  5924\
2   538  67.8092  59.7269 0001635 136.5462 223.5785 14.51471752238484
1 00538U 61015FX  24036.77538162  .00005868  00000-0  14855-2 0    19\
2 00538  67.8092  59.7269 0001635 136.5462 223.5785 14.51471752237786
1 00538U 61015FX  24037.46446607  .00006343  00000-0  16038-2 0    12\
2 00538  67.8094  57.9453 0001575 133.6311 226.4938 14.51480178237882
1   538U 61015FX  24038.15354626  .00006775  00000-0  17112-2 0  5937\
2   538  67.8093  56.1632 0001570 131.8490 228.2762 14.51489351238680
1 00538U 61015FX  24038.42917730  .00006283  00000-0  15885-2 0    11\
2 00538  67.8092  55.4503 0001559 130.8292 229.2961 14.51491776238028
1   538U 61015FX  24039.18715841  .00006797  00000-0  17161-2 0  5940\
2   538  67.8090  53.4900 0001493 126.9786 233.1469 14.51502770238839
1 00538U 61015FX  24039.39387972  .00006918  00000-0  17463-2 0    16\
2 00538  67.8090  52.9553 0001498 126.2870 233.8386 14.51505698238162
1   538U 61015FX  24040.42747930  .00007179  00000-0  18108-2 0  5951\
2   538  67.8090  50.2821 0001393 119.3285 240.7973 14.51520256239019
1 00538U 61015FX  24040.42747930  .00007179  00000-0  18108-2 0    13\
2 00538  67.8090  50.2821 0001393 119.3285 240.7973 14.51520256238311
1 00538U 61015FX  24041.39216322  .00008738  00000-0  21982-2 0    12\
2 00538  67.8090  47.7872 0001343 110.2323 249.8939 14.51535950238450
1   538U 61015FX  24042.08121699  .00010721  00000-0  26909-2 0  5969\
2   538  67.8092  46.0047 0001385 113.4920 246.6344 14.51549057239259
1 00538U 61015FX  24042.35683645  .00007712  00000-0  19422-2 0    12\
2 00538  67.8092  45.2920 0001360 110.6826 249.4438 14.51549319238599
1   538U 61015FX  24043.39040344  .00008860  00000-0  22271-2 0  5971\
2   538  67.8096  42.6189 0001353 106.6389 253.4878 14.51568126239447
1 00538U 61015FX  24043.39040344  .00008860  00000-0  22271-2 0    11\
2 00538  67.8096  42.6189 0001353 106.6389 253.4878 14.51568126238749
1 00538U 61015FX  24044.35505395  .00008869  00000-0  22285-2 0    14\
2 00538  67.8100  40.1239 0001370 102.9105 257.2166 14.51585398238885
1   538U 61015FX  24044.69956933  .00009854  00000-0  24730-2 0  5982\
2   538  67.8101  39.2331 0001385  98.7408 261.3867 14.51593034239636
1 00538U 61015FX  24044.69956933  .00009854  00000-0  24730-2 0    11\
2 00538  67.8101  39.2331 0001385  98.7408 261.3867 14.51593034238938
1 00538U 61015FX  24045.38859477  .00010233  00000-0  25665-2 0    14\
2 00538  67.8102  37.4508 0001397  96.1982 263.9296 14.51606537239036
1   538U 61015FX  24046.07761489  .00010090  00000-0  25303-2 0  5998\
2   538  67.8102  35.6689 0001420  92.8349 267.2932 14.51618871239839
1 00538U 61015FX  24046.35322112  .00008711  00000-0  21876-2 0    11\
2 00538  67.8101  34.9563 0001419  91.5283 268.5997 14.51621792239170
1 00538U 61015FX  24046.69772813  .00009126  00000-0  22902-2 0    17\
2 00538  67.8101  34.0654 0001427  90.7077 269.4205 14.51628163239220
1   538U 61015FX  24047.31783620  .00009602  00000-0  24079-2 0  6006\
2   538  67.8102  32.4614 0001445  88.6679 271.4604 14.51640086240016
1 00538U 61015FX  24047.59343861  .00008544  00000-0  21451-2 0    15\
2 00538  67.8103  31.7485 0001443  87.4814 272.6470 14.51643216239358
1   538U 61015FX  24048.35134134  .00008193  00000-0  20573-2 0  6011\
2   538  67.8104  29.7885 0001502  83.3053 276.8236 14.51654705240168
1 00538U 61015FX  24048.35134134  .00008193  00000-0  20573-2 0    15\
2 00538  67.8104  29.7885 0001502  83.3053 276.8236 14.51654705239469
1 00538U 61015FX  24049.04033790  .00008171  00000-0  20514-2 0    19\
2 00538  67.8103  28.0063 0001540  81.3562 278.7730 14.51666092239566
1   538U 61015FX  24050.00492393  .00007879  00000-0  19783-2 0  6022\
2   538  67.8102  25.5111 0001611  77.2733 282.8565 14.51681708240402
1 00538U 61015FX  24050.34941676  .00007545  00000-0  18951-2 0    11\
2 00538  67.8102  24.6199 0001621  75.8780 284.2518 14.51686318239757
1   538U 61015FX  24051.17619455  .00006176  00000-0  15551-2 0  6030\
2   538  67.8102  22.4812 0001648  73.2514 286.8785 14.51696373240579
1 00538U 61015FX  24051.31399036  .00006217  00000-0  15651-2 0    15\
2 00538  67.8103  22.1245 0001647  73.1721 286.9578 14.51698184239891
1 00538U 61015FX  24051.93406910  .00006369  00000-0  16026-2 0    18\
2 00538  67.8104  20.5205 0001676  72.4208 287.7093 14.51706710239980
1   538U 61015FX  24052.27855594  .00006447  00000-0  16217-2 0  6040\
2   538  67.8104  19.6296 0001726  71.0744 289.0561 14.51711009240732
1 00538U 61015FX  24052.27855594  .00006447  00000-0  16217-2 0    11\
2 00538  67.8104  19.6296 0001726  71.0744 289.0561 14.51711009240035
1 00538U 61015FX  24052.62304192  .00005501  00000-0  13869-2 0    13\
2 00538  67.8105  18.7385 0001747  69.4230 290.7075 14.51713850240089
1   538U 61015FX  24053.31201075  .00005701  00000-0  14363-2 0  6058\
2   538  67.8104  16.9560 0001795  66.9892 293.1416 14.51722461240884
1 00538U 61015FX  24053.31201075  .00005701  00000-0  14363-2 0    18\
2 00538  67.8104  16.9560 0001795  66.9892 293.1416 14.51722461240187
1 00538U 61015FX  24053.93207955  .00005360  00000-0  13515-2 0    18\
2 00538  67.8106  15.3519 0001842  65.1799 294.9510 14.51729060240272
1 00538U 61015FX  24054.27656087  .00005117  00000-0  12911-2 0    19\
2 00538  67.8107  14.4608 0001865  64.1747 295.9563 14.51732621240321
1   538U 61015FX  24055.03441602  .00005938  00000-0  14945-2 0  6060\
2   538  67.8110  12.5005 0001900  62.4582 297.6729 14.51743195241134
1 00538U 61015FX  24055.24110315  .00006227  00000-0  15660-2 0    13\
2 00538  67.8110  11.9659 0001920  61.9953 298.1359 14.51746095240462
1   538U 61015FX  24056.27453270  .00006795  00000-0  17064-2 0  6079\
2   538  67.8113   9.2924 0001958  59.0496 301.0814 14.51759652241319
1 00538U 61015FX  24056.27453270  .00006795  00000-0  17064-2 0    17\
2 00538  67.8113   9.2924 0001958  59.0496 301.0814 14.51759652240611
1 00538U 61015FX  24056.96348051  .00007328  00000-0  18381-2 0    19\
2 00538  67.8115   7.5105 0002074  57.0398 303.0919 14.51769428240715
1 00538U 61015FX  24057.23905828  .00007249  00000-0  18183-2 0    13\
2 00538  67.8116   6.7979 0002076  57.8824 302.2495 14.51772898240759
1   538U 61015FX  24057.65242348  .00007247  00000-0  18176-2 0  6083\
2   538  67.8116   5.7287 0002104  56.6394 303.4925 14.51778524241519
1 00538U 61015FX  24057.92799961  .00006930  00000-0  17391-2 0    14\
2 00538  67.8117   5.0158 0002141  55.7197 304.4124 14.51781734240857
1 00538U 61015FX  24058.89251083  .00005486  00000-0  13808-2 0    13\
2 00538  67.8117   2.5208 0002226  53.3762 306.7561 14.51791553240996
1   538U 61015FX  24059.16808414  .00005444  00000-0  13704-2 0  6093\
2   538  67.8117   1.8079 0002264  53.0250 307.1076 14.51794781241730
1 00538U 61015FX  24059.23697725  .00005481  00000-0  13795-2 0    19\
2 00538  67.8117   1.6297 0002266  52.9734 307.1591 14.51795824241042
1 00538U 61015FX  24059.92590810  .00004682  00000-0  11815-2 0    15\
2 00538  67.8116 359.8473 0002343  51.5201 308.6127 14.51801685241140
1   538U 61015FX  24060.20147961  .00004765  00000-0  12020-2 0  6100\
2   538  67.8115 359.1344 0002373  51.1746 308.9584 14.51804613241887
1 00538U 61015FX  24060.20147961  .00004765  00000-0  12020-2 0    14\
2 00538  67.8115 359.1344 0002373  51.1746 308.9584 14.51804613241180
1 00538U 61015FX  24060.89040606  .00004637  00000-0  11700-2 0    19\
2 00538  67.8114 357.3521 0002402  50.2837 309.8493 14.51811033241284
1   538U 61015FX  24061.23486835  .00004864  00000-0  12261-2 0  6118\
2   538  67.8114 356.4608 0002442  49.5930 310.5401 14.51814627242033
1 00538U 61015FX  24061.23486835  .00004864  00000-0  12261-2 0    11\
2 00538  67.8114 356.4608 0002442  49.5930 310.5401 14.51814627241335
1 00538U 61015FX  24061.85489808  .00005221  00000-0  13143-2 0    10\
2 00538  67.8114 354.8566 0002509  48.7183 311.4151 14.51821249241425
1 00538U 61015FX  24062.19935792  .00005266  00000-0  13255-2 0    19\
2 00538  67.8112 353.9653 0002525  47.7425 312.3908 14.51824837241477
1 00538U 61015FX  24062.95716635  .00005065  00000-0  12754-2 0    16\
2 00538  67.8111 352.0048 0002574  46.2725 313.8606 14.51832090241588
1   538U 61015FX  24063.16384067  .00005148  00000-0  12961-2 0  6120\
2   538  67.8110 351.4702 0002605  46.2017 313.9316 14.51834402242316
1 00538U 61015FX  24063.16384067  .00005148  00000-0  12961-2 0    12\
2 00538  67.8110 351.4702 0002605  46.2017 313.9316 14.51834402241618
1 00538U 61015FX  24063.85275256  .00005358  00000-0  13477-2 0    13\
2 00538  67.8109 349.6883 0002623  45.2096 314.9235 14.51842267241711
1   538U 61015FX  24064.12831213  .00010461  00000-0  26090-2 0  6130\
2   538  67.8110 348.9751 0002653  45.0440 315.0893 14.51858660242451
1   538U 61015FX  24064.19720578  .00007131  00000-0  17862-2 0  6146\
2   538  67.8111 348.7967 0002699  44.3119 315.8215 14.51850197242468
1 00538U 61015FX  24064.19720578  .00007131  00000-0  17862-2 0    16\
2 00538  67.8111 348.7967 0002699  44.3119 315.8215 14.51850197241760
1 00538U 61015FX  24064.95500000  .00005582  00000-0  14026-2 0    13\
2 00538  67.8111 346.8360 0002774  43.5754 316.5583 14.51858231241871
1 00538U 61015FX  24065.09278034  .00005408  00000-0  13596-2 0    16\
2 00538  67.8111 346.4796 0002773  43.6452 316.4885 14.51859694241895
1   538U 61015FX  24065.85056768  .00005662  00000-0  14222-2 0  6158\
2   538  67.8111 344.5190 0002810  42.6026 317.5310 14.51871288242709
1 00538U 61015FX  24066.40168282  .00005440  00000-0  13670-2 0    14\
2 00538  67.8114 343.0930 0002848  41.6647 318.4687 14.51878606242086
1   538U 61015FX  24067.15946289  .00004983  00000-0  12538-2 0  6163\
2   538  67.8114 341.1323 0002918  40.6706 319.4630 14.51886225242898
1 00538U 61015FX  24067.57279557  .00005411  00000-0  13595-2 0    15\
2 00538  67.8114 340.0630 0002955  40.3409 319.7928 14.51891539242252
1   538U 61015FX  24069.15722647  .00004683  00000-0  11790-2 0  6172\
2   538  67.8115 335.9635 0003087  38.0546 322.0789 14.51907041243185
1 00538U 61015FX  24069.15722647  .00004683  00000-0  11790-2 0    19\
2 00538  67.8115 335.9635 0003087  38.0546 322.0789 14.51907041242487
1 00538U 61015FX  24069.84610335  .00004916  00000-0  12364-2 0    12\
2 00538  67.8112 334.1812 0003131  36.6658 323.4674 14.51914935242589
1 00538U 61015FX  24070.12165342  .00004873  00000-0  12256-2 0    10\
2 00538  67.8111 333.4683 0003170  36.6190 323.5145 14.51917669242626
1   538U 61015FX  24070.87941321  .00004339  00000-0  10935-2 0  6184\
2   538  67.8110 331.5075 0003205  35.2522 324.8808 14.51924159243434
1 00538U 61015FX  24071.43050906  .00004159  00000-0  10490-2 0    19\
2 00538  67.8109 330.0817 0003307  35.6235 324.5103 14.51929247242817
1   538U 61015FX  24072.11937620  .00004133  00000-0  10424-2 0  6196\
2   538  67.8104 328.2991 0003376  34.4167 325.7170 14.51935382243614
1 00538U 61015FX  24072.87712674  .00003958  00000-0  99911-3 0    17\
2 00538  67.8102 326.3385 0003400  33.7491 326.3844 14.51941682243028
1   538U 61015FX  24073.42821650  .00003601  00000-0  91066-3 0  6209\
2   538  67.8100 324.9121 0003483  34.3303 325.8040 14.51945350243802
1 00538U 61015FX  24073.42821650  .00003601  00000-0  91066-3 0    12\
2 00538  67.8100 324.9121 0003483  34.3303 325.8040 14.51945350243105
1 00538U 61015FX  24074.04818939  .00004168  00000-0  10508-2 0    17\
2 00538  67.8098 323.3081 0003488  31.8756 328.2572 14.51951967243195
1   538U 61015FX  24074.80593143  .00004138  00000-0  10431-2 0  6218\
2   538  67.8097 321.3471 0003552  31.0152 329.1175 14.51958515244005
1 00538U 61015FX  24074.80593143  .00004138  00000-0  10431-2 0    10\
2 00538  67.8097 321.3471 0003552  31.0152 329.1175 14.51958515243307
1 00538U 61015FX  24075.90809531  .00003991  00000-0  10065-2 0    12\
2 00538  67.8097 318.4946 0003641  30.3746 329.7582 14.51967851243469
1   538U 61015FX  24076.11475028  .00003989  00000-0  10061-2 0  6228\
2   538  67.8097 317.9598 0003662  30.0030 330.1297 14.51969627244195
1 00538U 61015FX  24076.11475028  .00003989  00000-0  10061-2 0    19\
2 00538  67.8097 317.9598 0003662  30.0030 330.1297 14.51969627243497
1 00538U 61015FX  24076.80359876  .00003703  00000-0  93537-3 0    11\
2 00538  67.8097 316.1771 0003732  29.3450 330.7877 14.51974648243596
1   538U 61015FX  24077.76798228  .00003332  00000-0  84360-3 0  6237\
2   538  67.8097 313.6814 0003814  28.6624 331.4703 14.51981438244437
1 00538U 61015FX  24077.76798228  .00003332  00000-0  84360-3 0    17\
2 00538  67.8097 313.6814 0003814  28.6624 331.4703 14.51981438243739
1 00538U 61015FX  24078.04351960  .00003425  00000-0  86651-3 0    15\
2 00538  67.8096 312.9682 0003818  27.6945 332.4376 14.51983567243778
1 00538U 61015FX  24078.93901303  .00003814  00000-0  96253-3 0    16\
2 00538  67.8095 310.6510 0003856  26.7662 333.3655 14.51991137243907
1   538U 61015FX  24079.00789713  .00003802  00000-0  95942-3 0  6246\
2   538  67.8096 310.4728 0003874  26.7838 333.3480 14.51991564244611
1 00538U 61015FX  24079.00789713  .00003802  00000-0  95942-3 0    15\
2 00538  67.8096 310.4728 0003874  26.7838 333.3480 14.51991564243913
1   538U 61015FX  24080.04115075  .00005457  00000-0  13674-2 0  6256\
2   538  67.8095 307.7986 0003953  25.6019 334.5295 14.52004987244760
1 00538U 61015FX  24080.04115075  .00005457  00000-0  13674-2 0    14\
2 00538  67.8095 307.7986 0003953  25.6019 334.5295 14.52004987244063
1 00538U 61015FX  24080.93663028  .00006460  00000-0  16145-2 0    19\
2 00538  67.8095 305.4810 0004037  23.9115 336.2190 14.52017034244190
1 00538U 61015FX  24081.62545576  .00006660  00000-0  16634-2 0    18\
2 00538  67.8094 303.6983 0004102  23.1426 336.9876 14.52026017244290
1   538U 61015FX  24081.76322046  .00006801  00000-0  16982-2 0  6264\
2   538  67.8096 303.3416 0004148  22.6474 337.4827 14.52027616245016
1 00538U 61015FX  24081.76322046  .00006801  00000-0  16982-2 0    11\
2 00538  67.8096 303.3416 0004148  22.6474 337.4827 14.52027616244318
1 00538U 61015FX  24081.96986616  .00007849  00000-0  19561-2 0    11\
2 00538  67.8095 302.8067 0004148  22.6721 337.4580 14.52032969244344
1   538U 61015FX  24082.86532802  .00006853  00000-0  17104-2 0  6274\
2   538  67.8093 300.4891 0004212  22.0026 338.1273 14.52044412245170
1 00538U 61015FX  24082.86532802  .00006853  00000-0  17104-2 0    10\
2 00538  67.8093 300.4891 0004212  22.0026 338.1273 14.52044412244472
1 00538U 61015FX  24083.89854058  .00008599  00000-0  21394-2 0    19\
2 00538  67.8087 297.8152 0004321  20.6424 339.4868 14.52065388244627
1   538U 61015FX  24083.96742091  .00008608  00000-0  21416-2 0  6281\
2   538  67.8087 297.6369 0004317  20.7669 339.3624 14.52066686245332
1 00538U 61015FX  24083.96742091  .00008608  00000-0  21416-2 0    16\
2 00538  67.8087 297.6369 0004317  20.7669 339.3624 14.52066686244634
1 00538U 61015FX  24084.93173553  .00027558  00000-0  67842-2 0    13\
2 00538  67.8082 295.1407 0004377  18.2585 341.8689 14.52116404244778
1   538U 61015FX  24084.93173553  .00027558  00000-0  67842-2 0  6299\
2   538  67.8082 295.1407 0004377  18.2585 341.8689 14.52116404245476
1   538U 61015FX  24085.82715808  .00013857  00000-0  34285-2 0  6307\
2   538  67.8083 292.8226 0004478  18.6569 341.4713 14.52116493245605
1 00538U 61015FX  24085.89603621  .00014294  00000-0  35357-2 0    12\
2 00538  67.8082 292.6442 0004497  17.8905 342.2371 14.52118445244919
1 00538U 61015FX  24085.96491411  .00014717  00000-0  36394-2 0    14\
2 00538  67.8082 292.4661 0004439  18.2029 341.9247 14.52120705244929
1   538U 61015FX  24086.86032546  .00006970  00000-0  17361-2 0  6318\
2   538  67.8082 290.1482 0004480  17.8830 342.2445 14.52126413245754
1 00538U 61015FX  24086.92920313  .00006920  00000-0  17237-2 0    11\
2 00538  67.8082 289.9697 0004559  16.5332 343.5934 14.52127167245066
1 00538U 61015FX  24087.54909880  .00005588  00000-0  13960-2 0    14\
2 00538  67.8084 288.3655 0004509  16.9557 343.1712 14.52133794245156
1 00538U 61015FX  24087.89348380  .00005790  00000-0  14456-2 0    10\
2 00538  67.8084 287.4736 0004552  15.4022 344.7234 14.52138211245206
1   538U 61015FX  24087.96236073  .00005775  00000-0  14418-2 0  6324\
2   538  67.8084 287.2952 0004563  15.1896 344.9358 14.52139041245911
1 00538U 61015FX  24087.96236073  .00005775  00000-0  14418-2 0    14\
2 00538  67.8084 287.2952 0004563  15.1896 344.9358 14.52139041245214
1   538U 61015FX  24089.27101383  .00005943  00000-0  14827-2 0  6337\
2   538  67.8085 283.9072 0004684  13.3910 346.7332 14.52156128246108
1 00538U 61015FX  24089.27101383  .00005943  00000-0  14827-2 0    16\
2 00538  67.8085 283.9072 0004684  13.3910 346.7332 14.52156128245400
1 00538U 61015FX  24089.89089703  .00006508  00000-0  16212-2 0    13\
2 00538  67.8084 282.3024 0004733  12.3650 347.7583 14.52164836245497
1 00538U 61015FX  24090.57965234  .00005879  00000-0  14663-2 0    10\
2 00538  67.8085 280.5193 0004801  11.2669 348.8556 14.52172155245595
1   538U 61015FX  24090.85515414  .00008540  00000-0  21196-2 0  6341\
2   538  67.8084 279.8062 0004798  10.8983 349.2238 14.52179669246331
1 00538U 61015FX  24090.92402926  .00008773  00000-0  21769-2 0    14\
2 00538  67.8085 279.6279 0004808  10.8740 349.2481 14.52181031245642
1 00538U 61015FX  24091.61277814  .00005794  00000-0  14451-2 0    17\
2 00538  67.8087 277.8447 0004881   9.8835 350.2378 14.52184302245747
1 00538U 61015FX  24091.88827682  .00005859  00000-0  14609-2 0    17\
2 00538  67.8085 277.1313 0004882   9.6529 350.4683 14.52187746245789
1   538U 61015FX  24091.88827682  .00005859  00000-0  14609-2 0  6350\
2   538  67.8085 277.1313 0004882   9.6529 350.4683 14.52187746246487
1 00538U 61015FX  24092.57702113  .00005713  00000-0  14248-2 0    13\
2 00538  67.8085 275.3483 0004938   8.6667 351.4535 14.52195462245883
1 00538U 61015FX  24092.85251785  .00005571  00000-0  13899-2 0    11\
2 00538  67.8085 274.6351 0004955   8.3691 351.7509 14.52198384245927
1   538U 61015FX  24093.81675263  .00004776  00000-0  11944-2 0  6368\
2   538  67.8084 272.1384 0005058   7.3099 352.8093 14.52207047246761
1 00538U 61015FX  24093.88562635  .00004745  00000-0  11868-2 0    10\
2 00538  67.8084 271.9601 0005063   7.2279 352.8911 14.52207676246076
1 00538U 61015FX  24094.84985522  .00004352  00000-0  10900-2 0    11\
2 00538  67.8081 269.4636 0005130   6.0546 354.0634 14.52215572246218
1   538U 61015FX  24094.84985522  .00004352  00000-0  10900-2 0  6376\
2   538  67.8081 269.4636 0005130   6.0546 354.0634 14.52215572246915
1 00538U 61015FX  24095.60746013  .00003953  00000-0  99197-3 0    18\
2 00538  67.8080 267.5022 0005190   5.1665 354.9506 14.52221048246327
1 00538U 61015FX  24095.88295186  .00004185  00000-0  10488-2 0    11\
2 00538  67.8079 266.7891 0005193   4.8062 355.3105 14.52223870246369
1   538U 61015FX  24095.88295186  .00004185  00000-0  10488-2 0  6387\
2   538  67.8079 266.7891 0005193   4.8062 355.3105 14.52223870247067
1 00538U 61015FX  24096.57167959  .00004019  00000-0  10078-2 0    15\
2 00538  67.8079 265.0059 0005267   4.0703 356.0457 14.52229225246462
1 00538U 61015FX  24096.84716992  .00004125  00000-0  10339-2 0    10\
2 00538  67.8078 264.2922 0005307   3.5611 356.5544 14.52231633246501
1   538U 61015FX  24097.39814912  .00004193  00000-0  10505-2 0  6399\
2   538  67.8077 262.8656 0005339   2.7940 357.3207 14.52236517247286
1 00538U 61015FX  24097.39814912  .00004193  00000-0  10505-2 0    12\
2 00538  67.8077 262.8656 0005339   2.7940 357.3207 14.52236517246588
1 00538U 61015FX  24097.74251028  .00004236  00000-0  10609-2 0    17\
2 00538  67.8077 261.9741 0005406   2.2054 357.9087 14.52239455246631
1   538U 61015FX  24098.43123035  .00004185  00000-0  10483-2 0  6402\
2   538  67.8077 260.1908 0005461   1.4545 358.6588 14.52245510247436
1 00538U 61015FX  24098.43123035  .00004185  00000-0  10483-2 0    13\
2 00538  67.8077 260.1908 0005461   1.4545 358.6588 14.52245510246738
1 00538U 61015FX  24098.84446104  .00004245  00000-0  10629-2 0    12\
2 00538  67.8078 259.1208 0005485   0.8866 359.2261 14.52249187246790
1 00538U 61015FX  24099.39543367  .00004549  00000-0  11375-2 0    18\
2 00538  67.8078 257.6942 0005512   0.0312   0.0806 14.52254761246876
1   538U 61015FX  24100.84172833  .00004739  00000-0  11838-2 0  6412\
2   538  67.8082 253.9494 0005626 358.0906   2.0190 14.52267532247782
1 00538U 61015FX  24101.39269397  .00004800  00000-0  11986-2 0    18\
2 00538  67.8083 252.5226 0005674 357.2983   2.8104 14.52272881247168
1 00538U 61015FX  24101.80591726  .00004303  00000-0  10766-2 0    11\
2 00538  67.8084 251.4527 0005725 356.9733   3.1350 14.52275348247222
1   538U 61015FX  24102.49461960  .00004636  00000-0  11581-2 0  6429\
2   538  67.8086 249.6695 0005778 356.1310   3.9763 14.52282808248024
1 00538U 61015FX  24102.56348971  .00004641  00000-0  11594-2 0    12\
2 00538  67.8086 249.4912 0005783 356.0485   4.0587 14.52283403247333
1 00538U 61015FX  24102.70122978  .00004666  00000-0  11655-2 0    10\
2 00538  67.8088 249.1346 0005784 355.7567   4.3501 14.52284703247356
1   538U 61015FX  24103.52766704  .00005172  00000-0  12893-2 0  6432\
2   538  67.8089 246.9945 0005883 355.3616   4.7447 14.52294330248179
1 00538U 61015FX  24103.59653661  .00005190  00000-0  12937-2 0    13\
2 00538  67.8089 246.8163 0005890 355.2869   4.8193 14.52295010247485
1 00538U 61015FX  24104.62957502  .00005637  00000-0  14028-2 0    18\
2 00538  67.8089 244.1415 0006031 354.2623   5.8425 14.52307193247633
1   538U 61015FX  24104.76731284  .00005611  00000-0  13963-2 0  6442\
2   538  67.8090 243.7847 0006041 354.1423   5.9624 14.52308755248354
1 00538U 61015FX  24104.76731284  .00005611  00000-0  13963-2 0    19\
2 00538  67.8090 243.7847 0006041 354.1423   5.9624 14.52308755247656
1 00538U 61015FX  24105.73147226  .00007154  00000-0  17739-2 0    13\
2 00538  67.8088 241.2884 0006157 352.7369   7.3659 14.52323563247791
1   538U 61015FX  24106.55788610  .00008268  00000-0  20458-2 0  6455\
2   538  67.8088 239.1486 0006263 351.5757   8.5255 14.52337565248615
1 00538U 61015FX  24106.76448838  .00009039  00000-0  22344-2 0    12\
2 00538  67.8087 238.6138 0006299 351.4584   8.6426 14.52342086247948
1 00538U 61015FX  24107.45315793  .00010627  00000-0  26217-2 0    10\
2 00538  67.8085 236.8310 0006334 350.3733   9.7263 14.52357185248041
1   538U 61015FX  24107.65975706  .00012265  00000-0  30215-2 0  6466\
2   538  67.8085 236.2960 0006360 350.2441   9.8553 14.52363995248779
1 00538U 61015FX  24107.65975706  .00012265  00000-0  30215-2 0    11\
2 00538  67.8085 236.2960 0006360 350.2441   9.8553 14.52363995248072
1 00538U 61015FX  24108.62387687  .00010600  00000-0  26136-2 0    12\
2 00538  67.8087 233.7993 0006473 349.5870  10.5113 14.52385936248210
1   538U 61015FX  24108.69274188  .00010533  00000-0  25970-2 0  6476\
2   538  67.8087 233.6209 0006477 349.6002  10.4982 14.52387751248929
1 00538U 61015FX  24108.69274188  .00010533  00000-0  25970-2 0    10\
2 00538  67.8087 233.6209 0006477 349.6002  10.4982 14.52387751248222
1 00538U 61015FX  24109.51911624  .00010040  00000-0  24756-2 0    19\
2 00538  67.8087 231.4806 0006557 348.1845  11.9119 14.52407090248349
1   538U 61015FX  24109.72570833  .00011020  00000-0  27145-2 0  6486\
2   538  67.8087 230.9453 0006617 347.8898  12.2060 14.52412962249076
1 00538U 61015FX  24109.72570833  .00011020  00000-0  27145-2 0    19\
2 00538  67.8087 230.9453 0006617 347.8898  12.2060 14.52412962248378
1 00538U 61015FX  24110.62093219  .00013090  00000-0  32179-2 0    10\
2 00538  67.8087 228.6268 0006759 346.3856  13.7079 14.52436175248504
1 00538U 61015FX  24110.68979469  .00013313  00000-0  32722-2 0    18\
2 00538  67.8088 228.4485 0006777 346.6185  13.4752 14.52438669248518
1   538U 61015FX  24111.51613720  .00012774  00000-0  31390-2 0  6494\
2   538  67.8092 226.3079 0006895 345.8651  14.2274 14.52465378249335
1 00538U 61015FX  24111.58499853  .00012413  00000-0  30508-2 0    12\
2 00538  67.8092 226.1294 0006911 345.7746  14.3177 14.52467121248649
1 00538U 61015FX  24111.72272118  .00011619  00000-0  28572-2 0    16\
2 00538  67.8093 225.7733 0006946 346.2954  13.7975 14.52470663248664
1 00538U 61015FX  24112.41132657  .00009973  00000-0  24550-2 0    18\
2 00538  67.8094 223.9897 0007004 345.1566  14.9346 14.52488787248761
1   538U 61015FX  24112.68676606  .00013095  00000-0  32147-2 0  6505\
2   538  67.8096 223.2762 0007007 345.2393  14.8520 14.52500260249506
1 00538U 61015FX  24112.68676606  .00013095  00000-0  32147-2 0    15\
2 00538  67.8096 223.2762 0007007 345.2393  14.8520 14.52500260248808
1 00538U 61015FX  24113.44421717  .00013297  00000-0  32623-2 0    14\
2 00538  67.8096 221.3147 0007108 344.1903  15.8993 14.52522185248918
1 00538U 61015FX  24113.65079296  .00012484  00000-0  30643-2 0    15\
2 00538  67.8097 220.7798 0007085 343.7023  16.3866 14.52527000248945
1   538U 61015FX  24114.54594699  .00010427  00000-0  25625-2 0  6513\
2   538  67.8098 218.4611 0007179 343.0480  17.0397 14.52547022249773
1 00538U 61015FX  24114.61480427  .00010420  00000-0  25607-2 0    16\
2 00538  67.8098 218.2826 0007187 342.8909  17.1966 14.52548861249080
1 00538U 61015FX  24114.68366160  .00010293  00000-0  25296-2 0    12\
2 00538  67.8098 218.1044 0007189 342.7645  17.3229 14.52550503249090
1 00538U 61015FX  24115.57879959  .00010408  00000-0  25563-2 0    11\
2 00538  67.8098 215.7857 0007331 341.4792  18.6059 14.52572529249225
1   538U 61015FX  24115.64765588  .00010303  00000-0  25308-2 0  6524\
2   538  67.8098 215.6074 0007334 341.4121  18.6729 14.52574113249937
1 00538U 61015FX  24115.64765588  .00010303  00000-0  25308-2 0    12\
2 00538  67.8098 215.6074 0007334 341.4121  18.6729 14.52574113249230
1 00538U 61015FX  24116.61163618  .00009310  00000-0  22881-2 0    15\
2 00538  67.8097 213.1108 0007486 340.2791  19.8037 14.52594389249375
1   538U 61015FX  24116.68049150  .00009252  00000-0  22738-2 0  6535\
2   538  67.8098 212.9322 0007546 340.2867  19.7959 14.52595871250081
1 00538U 61015FX  24116.68049150  .00009252  00000-0  22738-2 0    12\
2 00538  67.8098 212.9322 0007546 340.2867  19.7959 14.52595871249382
1 00538U 61015FX  24117.36904058  .00009502  00000-0  23339-2 0    11\
2 00538  67.8095 211.1491 0007691 339.5581  20.5229 14.52609676249482
1 00538U 61015FX  24117.64445814  .00010581  00000-0  25959-2 0    11\
2 00538  67.8095 210.4357 0007702 339.4854  20.5954 14.52616895249521
1   538U 61015FX  24118.53955733  .00008908  00000-0  21883-2 0  6542\
2   538  67.8090 208.1165 0007721 338.7281  21.3516 14.52634559250357
1 00538U 61015FX  24118.60841041  .00008870  00000-0  21790-2 0    17\
2 00538  67.8090 207.9386 0007781 338.6655  21.4138 14.52636421249662
1 00538U 61015FX  24118.67726361  .00008616  00000-0  21172-2 0    13\
2 00538  67.8089 207.7602 0007783 338.5993  21.4799 14.52637870249678
1 00538U 61015FX  24119.57235138  .00006182  00000-0  15251-2 0    17\
2 00538  67.8084 205.4411 0007841 337.5438  22.5337 14.52649585249805
1   538U 61015FX  24119.64120397  .00006098  00000-0  15045-2 0  6557\
2   538  67.8085 205.2628 0007857 337.6117  22.4658 14.52650637250511
1 00538U 61015FX  24119.64120397  .00006098  00000-0  15045-2 0    12\
2 00538  67.8085 205.2628 0007857 337.6117  22.4658 14.52650637249812
1 00538U 61015FX  24120.60513711  .00004602  00000-0  11404-2 0    10\
2 00538  67.8083 202.7656 0007961 336.5552  23.5203 14.52660530249956
1   538U 61015FX  24121.50021336  .00004206  00000-0  10440-2 0  6562\
2   538  67.8083 200.4468 0008054 335.6627  24.4110 14.52667960250783
1 00538U 61015FX  24121.56906524  .00004210  00000-0  10449-2 0    17\
2 00538  67.8083 200.2684 0008063 335.5568  24.5167 14.52668535250090
1 00538U 61015FX  24122.25758189  .00004812  00000-0  11912-2 0    10\
2 00538  67.8083 198.4845 0008139 334.7913  25.2808 14.52675542250193
1   538U 61015FX  24123.42805496  .00004161  00000-0  10327-2 0  6577\
2   538  67.8086 195.4529 0008263 333.2322  26.8369 14.52683400251066
1 00538U 61015FX  24123.56575737  .00003924  00000-0  97507-3 0    19\
2 00538  67.8086 195.0957 0008248 333.5581  26.5116 14.52683873250385
1   538U 61015FX  24124.52966796  .00004310  00000-0  10686-2 0  6585\
2   538  67.8084 192.5982 0008376 332.8284  27.2396 14.52693839251222
1 00538U 61015FX  24124.59851854  .00004326  00000-0  10725-2 0    13\
2 00538  67.8084 192.4198 0008384 332.8040  27.2638 14.52694544250535
1   538U 61015FX  24125.63127408  .00004093  00000-0  10156-2 0  6598\
2   538  67.8084 189.7442 0008486 331.8179  28.2479 14.52703097251383
1 00538U 61015FX  24126.52632452  .00004081  00000-0  10125-2 0    11\
2 00538  67.8084 187.4254 0008585 330.8999  29.1640 14.52710135250816
1   538U 61015FX  24127.21482165  .00004826  00000-0  11933-2 0  6608\
2   538  67.8083 185.6416 0008647 330.3667  29.6961 14.52717306251618
1 00538U 61015FX  24127.49022033  .00004824  00000-0  11929-2 0    14\
2 00538  67.8083 184.9282 0008674 330.1751  29.8872 14.52718933250959
1   538U 61015FX  24128.52295885  .00004551  00000-0  11264-2 0  6617\
2   538  67.8080 182.2523 0008776 329.3360  30.7244 14.52727299251808
1 00538U 61015FX  24128.52295885  .00004551  00000-0  11264-2 0    15\
2 00538  67.8080 182.2523 0008776 329.3360  30.7244 14.52727299251101
1 00538U 61015FX  24129.55569025  .00005276  00000-0  13022-2 0    18\
2 00538  67.8077 179.5766 0008892 328.3231  31.7351 14.52738789251252
1   538U 61015FX  24129.55569025  .00005276  00000-0  13022-2 0  6621\
2   538  67.8077 179.5766 0008892 328.3231  31.7351 14.52738789251959
1 00538U 61015FX  24130.51956634  .00005704  00000-0  14057-2 0    17\
2 00538  67.8073 177.0789 0009007 327.5139  32.5425 14.52749196251393
1   538U 61015FX  24131.07034968  .00007651  00000-0  18775-2 0  6634\
2   538  67.8072 175.6520 0009056 327.0755  32.9798 14.52759196252177
1 00538U 61015FX  24131.48343583  .00007141  00000-0  17538-2 0    11\
2 00538  67.8072 174.5816 0009095 326.7296  33.3250 14.52762109251537
1   538U 61015FX  24132.17190404  .00008922  00000-0  21850-2 0  6645\
2   538  67.8071 172.7978 0009183 325.4116  34.6404 14.52776863252336
1   538U 61015FX  24132.51612545  .00028680  00000-0  69503-2 0  6659\
2   538  67.8075 171.9064 0009076 326.1721  33.8818 14.52825289252380
1 00538U 61015FX  24132.51612545  .00028680  00000-0  69503-2 0    13\
2 00538  67.8075 171.9064 0009076 326.1721  33.8818 14.52825289251682
1 00538U 61015FX  24133.47992867  .00012803  00000-0  31187-2 0    14\
2 00538  67.8076 169.4085 0009319 325.7589  34.2928 14.52866240251820
1   538U 61015FX  24133.47992867  .00012803  00000-0  31187-2 0  6661\
2   538  67.8076 169.4085 0009319 325.7589  34.2928 14.52866240252528
1 00538U 61015FX  24134.44371606  .00008692  00000-0  21242-2 0    16\
2 00538  67.8077 166.9113 0009394 325.1282  34.9220 14.52884272251964
1   538U 61015FX  24135.20097122  .00006674  00000-0  16360-2 0  6670\
2   538  67.8077 164.9483 0009372 324.2824  35.7666 14.52892978252775
1 00538U 61015FX  24135.47633557  .00007260  00000-0  17774-2 0    11\
2 00538  67.8075 164.2343 0009435 323.9512  36.0970 14.52897505252112
1 00538U 61015FX  24135.88938039  .00008141  00000-0  19901-2 0    12\
2 00538  67.8076 163.1642 0009456 323.5820  36.4655 14.52904321252179
1   538U 61015FX  24136.44010390  .00010366  00000-0  25270-2 0  6683\
2   538  67.8074 161.7363 0009494 323.1925  36.8541 14.52916573252951
1 00538U 61015FX  24136.44010390  .00010366  00000-0  25270-2 0    14\
2 00538  67.8074 161.7363 0009494 323.1925  36.8541 14.52916573252254
1   538U 61015FX  24137.47270045  .00012232  00000-0  29762-2 0  6697\
2   538  67.8075 159.0601 0009531 322.4438  37.6014 14.52937145253100
1 00538U 61015FX  24137.47270045  .00012232  00000-0  29762-2 0    17\
2 00538  67.8075 159.0601 0009531 322.4438  37.6014 14.52937145252402
1 00538U 61015FX  24138.36760436  .00009633  00000-0  23482-2 0    18\
2 00538  67.8073 156.7404 0009613 321.7780  38.2656 14.52952176252532
1   538U 61015FX  24138.78063216  .00009565  00000-0  23314-2 0  6706\
2   538  67.8072 155.6690 0009575 321.3495  38.6938 14.52961864253297
1 00538U 61015FX  24138.78063216  .00009565  00000-0  23314-2 0    14\
2 00538  67.8072 155.6690 0009575 321.3495  38.6938 14.52961864252599
1   538U 61015FX  24139.40016660  .00012602  00000-0  30624-2 0  6716\
2   538  67.8070 154.0635 0009611 320.8463  39.1959 14.52983221253387
1 00538U 61015FX  24139.40016660  .00012602  00000-0  30624-2 0    13\
2 00538  67.8070 154.0635 0009611 320.8463  39.1959 14.52983221252689
1 00538U 61015FX  24139.74434932  .00011678  00000-0  28393-2 0    18\
2 00538  67.8070 153.1717 0009656 320.8266  39.2153 14.52992003252731
1 00538U 61015FX  24140.43270826  .00009412  00000-0  22921-2 0    10\
2 00538  67.8067 151.3866 0009702 319.9798  40.0605 14.53008874252831
1 00538U 61015FX  24141.39639860  .00009758  00000-0  23745-2 0    11\
2 00538  67.8064 148.8883 0009774 319.2626  40.7761 14.53031628252978
1   538U 61015FX  24142.08474094  .00009998  00000-0  24314-2 0  6738\
2   538  67.8062 147.1038 0009832 318.7683  41.2693 14.53046317253772
1 00538U 61015FX  24142.36007606  .00009200  00000-0  22390-2 0    13\
2 00538  67.8064 146.3899 0009831 318.5600  41.4772 14.53051055253119
1   538U 61015FX  24143.18607628  .00008357  00000-0  20354-2 0  6740\
2   538  67.8063 144.2485 0009852 317.9768  42.0594 14.53064998253936
1 00538U 61015FX  24143.18607628  .00008357  00000-0  20354-2 0    14\
2 00538  67.8063 144.2485 0009852 317.9768  42.0594 14.53064998253239
1   538U 61015FX  24144.35622892  .00007592  00000-0  18503-2 0  6754\
2   538  67.8064 141.2149 0009862 317.0624  42.9724 14.53084459254102
1 00538U 61015FX  24144.35622892  .00007592  00000-0  18503-2 0    17\
2 00538  67.8064 141.2149 0009862 317.0624  42.9724 14.53084459253404
1   538U 61015FX  24145.38870217  .00008769  00000-0  21327-2 0  6760\
2   538  67.8065 138.5380 0009981 316.3690  43.6639 14.53104988254255
1 00538U 61015FX  24145.38870217  .00008769  00000-0  21327-2 0    12\
2 00538  67.8065 138.5380 0009981 316.3690  43.6639 14.53104988253557
1 00538U 61015FX  24146.35233254  .00007126  00000-0  17368-2 0    10\
2 00538  67.8067 136.0395 0009997 315.9243  44.1078 14.53119688253695
1   538U 61015FX  24146.69648408  .00006788  00000-0  16553-2 0  6775\
2   538  67.8069 135.1472 0009989 315.6468  44.3850 14.53124590254442
1 00538U 61015FX  24147.38478346  .00006375  00000-0  15556-2 0    19\
2 00538  67.8071 133.3621 0010018 314.9510  45.0795 14.53133917253848
1   538U 61015FX  24148.07307958  .00005852  00000-0  14296-2 0  6785\
2   538  67.8073 131.5776 0010030 314.5893  45.4407 14.53141626254644
1 00538U 61015FX  24148.34839721  .00005457  00000-0  13345-2 0    18\
2 00538  67.8073 130.8638 0010083 314.1792  45.8498 14.53143680253987
1   538U 61015FX  24149.31200406  .00005295  00000-0  12952-2 0  6792\
2   538  67.8076 128.3659 0010073 313.3214  46.7064 14.53153922254827
1 00538U 61015FX  24149.31200406  .00005295  00000-0  12952-2 0    11\
2 00538  67.8076 128.3659 0010073 313.3214  46.7064 14.53153922254120
1 00538U 61015FX  24149.93146294  .00004658  00000-0  11418-2 0    11\
2 00538  67.8076 126.7595 0010088 313.0818  46.9456 14.53158767254213
1   538U 61015FX  24150.34443398  .00004330  00000-0  10627-2 0  6804\
2   538  67.8076 125.6885 0010093 312.8562  47.1708 14.53162201254976
1 00538U 61015FX  24150.34443398  .00004330  00000-0  10627-2 0    11\
2 00538  67.8076 125.6885 0010093 312.8562  47.1708 14.53162201254279
1 00538U 61015FX  24151.30802869  .00005506  00000-0  13454-2 0    17\
2 00538  67.8076 123.1901 0010096 311.9447  48.0810 14.53173305254413
1 00538U 61015FX  24151.92747832  .00009079  00000-0  22034-2 0    16\
2 00538  67.8076 121.5837 0010151 311.7465  48.2785 14.53186728254509
1   538U 61015FX  24151.99630577  .00009247  00000-0  22438-2 0  6819\
2   538  67.8076 121.4053 0010142 311.7650  48.2601 14.53187953255211
1 00538U 61015FX  24152.54692558  .00008882  00000-0  21559-2 0    11\
2 00538  67.8075 119.9774 0010167 311.4608  48.5637 14.53192959254593
1   538U 61015FX  24152.89106231  .00006185  00000-0  15080-2 0  6828\
2   538  67.8074 119.0851 0010203 311.2024  48.8215 14.53191013255349
1 00538U 61015FX  24152.95988940  .00006239  00000-0  15209-2 0    18\
2 00538  67.8075 118.9065 0010209 311.2089  48.8149 14.53191945254655
1 00538U 61015FX  24153.30402420  .00005851  00000-0  14275-2 0    13\
2 00538  67.8074 118.0141 0010206 310.9725  49.0510 14.53195247254700
1   538U 61015FX  24154.19877086  .00005396  00000-0  13181-2 0  6830\
2   538  67.8075 115.6938 0010257 310.5318  49.4907 14.53204405255531
1 00538U 61015FX  24154.26759739  .00005437  00000-0  13278-2 0    19\
2 00538  67.8076 115.5152 0010285 310.4437  49.5784 14.53205138254842
1   538U 61015FX  24155.29998943  .00006431  00000-0  15662-2 0  6846\
2   538  67.8075 112.8377 0010323 309.7994  50.2216 14.53218379255696
1 00538U 61015FX  24155.29998943  .00006431  00000-0  15662-2 0    19\
2 00538  67.8075 112.8377 0010323 309.7994  50.2216 14.53218379254998
1 00538U 61015FX  24156.26354714  .00007815  00000-0  18980-2 0    12\
2 00538  67.8077 110.3396 0010317 309.2322  50.7881 14.53232455255138
1   538U 61015FX  24157.02062139  .00008141  00000-0  19756-2 0  6857\
2   538  67.8079 108.3761 0010336 308.8010  51.2185 14.53243520255940
1 00538U 61015FX  24157.50239277  .00007534  00000-0  18299-2 0    17\
2 00538  67.8081 107.1265 0010365 308.5189  51.5000 14.53249512255312
1   538U 61015FX  24158.19063319  .00007737  00000-0  18781-2 0  6865\
2   538  67.8083 105.3416 0010359 308.1474  51.8711 14.53260551256115
1 00538U 61015FX  24158.25945693  .00007811  00000-0  18957-2 0    15\
2 00538  67.8084 105.1631 0010377 308.0597  51.9585 14.53261573255426
1 00538U 61015FX  24158.94769196  .00007505  00000-0  18219-2 0    14\
2 00538  67.8087 103.3783 0010383 307.6506  52.3670 14.53271822255528
1 00538U 61015FX  24159.91121144  .00009669  00000-0  23397-2 0    13\
2 00538  67.8091 100.8799 0010398 307.2255  52.7914 14.53291459255663
1   538U 61015FX  24160.18650100  .00009261  00000-0  22419-2 0  6875\
2   538  67.8091 100.1656 0010437 306.9666  53.0497 14.53294928256401
1 00538U 61015FX  24160.18650100  .00009261  00000-0  22419-2 0    15\
2 00538  67.8091 100.1656 0010437 306.9666  53.0497 14.53294928255703
1 00538U 61015FX  24160.94354166  .00008621  00000-0  20879-2 0    19\
2 00538  67.8084  98.2033 0010375 305.8862  54.1293 14.53307422255810
1   538U 61015FX  24161.21882785  .00008051  00000-0  19513-2 0  6884\
2   538  67.8084  97.4886 0010464 305.9316  54.0831 14.53310912256558
1 00538U 61015FX  24161.90703920  .00008147  00000-0  19739-2 0    18\
2 00538  67.8086  95.7038 0010447 305.4244  54.5899 14.53322518255953
1   538U 61015FX  24162.52642548  .00007125  00000-0  17287-2 0  6898\
2   538  67.8086  94.0974 0010455 305.0814  54.9324 14.53330108256741
1 00538U 61015FX  24162.93934726  .00008127  00000-0  19683-2 0    18\
2 00538  67.8086  93.0266 0010448 304.7109  55.3025 14.53337925256106
1 00538U 61015FX  24163.21462761  .00007929  00000-0  19207-2 0    16\
2 00538  67.8087  92.3128 0010468 304.4884  55.5246 14.53341485256142
1   538U 61015FX  24163.90282545  .00006968  00000-0  16905-2 0  6900\
2   538  67.8085  90.5278 0010444 303.9517  56.0609 14.53349912256947
1 00538U 61015FX  24163.90282545  .00006968  00000-0  16905-2 0    16\
2 00538  67.8085  90.5278 0010444 303.9517  56.0609 14.53349912256240
1 00538U 61015FX  24164.86629562  .00005771  00000-0  14034-2 0    18\
2 00538  67.8086  88.0287 0010452 303.3230  56.6888 14.53360962256386
1   538U 61015FX  24165.14157148  .00005749  00000-0  13980-2 0  6915\
2   538  67.8086  87.3149 0010496 303.1041  56.9070 14.53364031257121
1 00538U 61015FX  24165.48566565  .00005089  00000-0  12400-2 0    17\
2 00538  67.8086  86.4226 0010462 302.8861  57.1251 14.53366625256478
1 00538U 61015FX  24165.89857727  .00005077  00000-0  12368-2 0    15\
2 00538  67.8086  85.3516 0010482 302.6009  57.4097 14.53371380256534
1 00538U 61015FX  24166.51794264  .00005148  00000-0  12536-2 0    17\
2 00538  67.8087  83.7452 0010502 302.1600  57.8499 14.53378017256625
1 00538U 61015FX  24166.86203324  .00005187  00000-0  12629-2 0    13\
2 00538  67.8087  82.8527 0010531 301.9700  58.0395 14.53381813256679
1 00538U 61015FX  24167.55021186  .00005695  00000-0  13843-2 0    17\
2 00538  67.8090  81.0677 0010519 301.3217  58.6872 14.53389910256776
1 00538U 61015FX  24167.89429953  .00006251  00000-0  15173-2 0    15\
2 00538  67.8090  80.1752 0010525 301.1839  58.8247 14.53395076256829
1 00538U 61015FX  24168.51365579  .00005588  00000-0  13583-2 0    13\
2 00538  67.8091  78.5687 0010521 300.8082  59.2001 14.53400418256910
1 00538U 61015FX  24168.92655803  .00005626  00000-0  13673-2 0    13\
2 00538  67.8093  77.4978 0010536 300.5493  59.4585 14.53405278256976
1   538U 61015FX  24169.82117604  .00004916  00000-0  11972-2 0  6955\
2   538  67.8095  75.1773 0010557 299.9939  60.0132 14.53413304257803
1 00538U 61015FX  24169.88999257  .00004903  00000-0  11941-2 0    16\
2 00538  67.8095  74.9988 0010573 299.9614  60.0455 14.53413956257111
1 00538U 61015FX  24170.16525846  .00004605  00000-0  11228-2 0    15\
2 00538  67.8095  74.2848 0010573 299.7955  60.2113 14.53416222257151
1   538U 61015FX  24170.85342099  .00004379  00000-0  10685-2 0  6962\
2   538  67.8095  72.4999 0010589 299.3398  60.6663 14.53422254257956
1 00538U 61015FX  24171.12868519  .00004379  00000-0  10686-2 0    14\
2 00538  67.8096  71.7859 0010574 299.2081  60.7980 14.53424857257297
1 00538U 61015FX  24171.88565924  .00003784  00000-0  92593-3 0    18\
2 00538  67.8097  69.8224 0010593 298.7820  61.2235 14.53430624257409
1   538U 61015FX  24172.16092162  .00004002  00000-0  97815-3 0  6976\
2   538  67.8097  69.1084 0010613 298.6268  61.3784 14.53433642258149
1 00538U 61015FX  24172.57381427  .00004221  00000-0  10303-2 0    14\
2 00538  67.8097  68.0374 0010618 298.2967  61.7080 14.53437965257500
1 00538U 61015FX  24172.91789068  .00004193  00000-0  10236-2 0    18\
2 00538  67.8097  67.1450 0010612 298.0388  61.9657 14.53441027257555
1   538U 61015FX  24173.46841136  .00004588  00000-0  11180-2 0  6983\
2   538  67.8096  65.7169 0010623 297.6293  62.3747 14.53447000258336
1 00538U 61015FX  24173.53722632  .00004599  00000-0  11206-2 0    19\
2 00538  67.8096  65.5384 0010623 297.5670  62.4370 14.53447653257641
1 00538U 61015FX  24173.88130074  .00004493  00000-0  10951-2 0    19\
2 00538  67.8096  64.6458 0010629 297.3464  62.6573 14.53450477257698
1   538U 61015FX  24174.50063278  .00004522  00000-0  11020-2 0  6994\
2   538  67.8095  63.0392 0010665 296.9967  63.0063 14.53456054258484
1 00538U 61015FX  24174.56944733  .00004533  00000-0  11045-2 0    10\
2 00538  67.8095  62.8607 0010663 296.9476  63.0553 14.53456703257791
1 00538U 61015FX  24174.84470518  .00004536  00000-0  11052-2 0    17\
2 00538  67.8094  62.1467 0010663 296.7438  63.2590 14.53459111257837
1 00538U 61015FX  24175.53284773  .00004472  00000-0  10899-2 0    17\
2 00538  67.8093  60.3615 0010683 296.2647  63.7374 14.53465053257938
1   538U 61015FX  24175.80810388  .00004487  00000-0  10933-2 0  7005\
2   538  67.8093  59.6474 0010688 296.1073  63.8946 14.53467607258674
1 00538U 61015FX  24175.80810388  .00004487  00000-0  10933-2 0    19\
2 00538  67.8093  59.6474 0010688 296.1073  63.8946 14.53467607257976
1 00538U 61015FX  24176.42742840  .00004575  00000-0  11142-2 0    16\
2 00538  67.8092  58.0407 0010684 295.6725  64.3290 14.53473502258068
1   538U 61015FX  24176.84031000  .00004549  00000-0  11079-2 0  7018\
2   538  67.8091  56.9696 0010688 295.3638  64.6374 14.53477332258823
1 00538U 61015FX  24176.84031000  .00004549  00000-0  11079-2 0    11\
2 00538  67.8091  56.9696 0010688 295.3638  64.6374 14.53477332258126
1 00538U 61015FX  24177.04675042  .00004575  00000-0  11140-2 0    12\
2 00538  67.8091  56.4341 0010690 295.2489  64.7522 14.53479308258158
1 00538U 61015FX  24177.73488234  .00004838  00000-0  11767-2 0    10\
2 00538  67.8090  54.6487 0010727 294.7905  65.2098 14.53487018258258
1   538U 61015FX  24178.01013385  .00005253  00000-0  12757-2 0  7023\
2   538  67.8090  53.9347 0010725 294.6166  65.3835 14.53491002258990
1 00538U 61015FX  24178.01013385  .00005253  00000-0  12757-2 0    15\
2 00538  67.8090  53.9347 0010725 294.6166  65.3835 14.53491002258293
1 00538U 61015FX  24178.62944776  .00005939  00000-0  14394-2 0    19\
2 00538  67.8091  52.3279 0010715 294.0996  65.9002 14.53499505258383
1   538U 61015FX  24179.04232155  .00006099  00000-0  14774-2 0  7036\
2   538  67.8092  51.2567 0010715 293.8478  66.1517 14.53505177259146
1 00538U 61015FX  24179.79925353  .00006466  00000-0  15646-2 0    15\
2 00538  67.8094  49.2927 0010717 293.3530  66.6461 14.53515233258552
1   538U 61015FX  24180.34974549  .00007558  00000-0  18249-2 0  7044\
2   538  67.8094  47.8643 0010767 293.0284  66.9699 14.53524850259337
1 00538U 61015FX  24180.34974549  .00007558  00000-0  18249-2 0    14\
2 00538  67.8094  47.8643 0010767 293.0284  66.9699 14.53524850258639
1 00538U 61015FX  24180.83142249  .00009005  00000-0  21693-2 0    18\
2 00538  67.8095  46.6143 0010825 292.8006  67.1970 14.53534800258705
1 00538U 61015FX  24181.58833763  .00008863  00000-0  21349-2 0    18\
2 00538  67.8097  44.6504 0010797 292.1708  67.8265 14.53548700258816
1   538U 61015FX  24181.72595777  .00008806  00000-0  21211-2 0  7050\
2   538  67.8097  44.2930 0010819 292.3358  67.6614 14.53551206259534
1 00538U 61015FX  24181.93238779  .00008397  00000-0  20236-2 0    19\
2 00538  67.8099  43.7578 0010837 292.0627  67.9341 14.53553909258861
1 00538U 61015FX  24182.00119768  .00008365  00000-0  20159-2 0    13\
2 00538  67.8100  43.5797 0010843 291.9354  68.0612 14.53555078258870
1   538U 61015FX  24182.89572137  .00007730  00000-0  18640-2 0  7062\
2   538  67.8099  41.2588 0010878 291.2739  68.7218 14.53568750259701
1 00538U 61015FX  24182.96453062  .00007707  00000-0  18585-2 0    15\
2 00538  67.8100  41.0805 0010847 291.1057  68.8903 14.53569737259014
1   538U 61015FX  24183.99666327  .00006893  00000-0  16640-2 0  7077\
2   538  67.8100  38.4025 0010927 290.6080  69.3867 14.53583322259861
1 00538U 61015FX  24183.79023765  .00006720  00000-0  16229-2 0    17\
2 00538  67.8100  38.9379 0010939 290.8160  69.1788 14.53580066259134
1 00538U 61015FX  24184.61593809  .00006169  00000-0  14913-2 0    15\
2 00538  67.8099  36.7957 0010915 290.0909  69.9035 14.53591036259251
1 00538U 61015FX  24184.82236238  .00006194  00000-0  14972-2 0    11\
2 00538  67.8098  36.2600 0010944 290.0454  69.9487 14.53593414259283
1   538U 61015FX  24185.02878608  .00006459  00000-0  15602-2 0  7086\
2   538  67.8097  35.7244 0010924 289.8455  70.1486 14.53596728260012
1 00538U 61015FX  24185.92328455  .00005742  00000-0  13890-2 0    12\
2 00538  67.8095  33.4035 0010970 289.1305  70.8626 14.53607426259447
1 00538U 61015FX  24186.61135564  .00005671  00000-0  13718-2 0    16\
2 00538  67.8094  31.6181 0010976 288.6720  71.3208 14.53616384259545
1   538U 61015FX  24186.68016254  .00005690  00000-0  13764-2 0  7094\
2   538  67.8094  31.4394 0010978 288.6146  71.3780 14.53616958260255
1 00538U 61015FX  24186.68016254  .00005690  00000-0  13764-2 0    19\
2 00538  67.8094  31.4394 0010978 288.6146  71.3780 14.53616958259556
1   538U 61015FX  24187.84987270  .00006322  00000-0  15263-2 0  7109\
2   538  67.8092  28.4039 0011052 288.0437  71.9477 14.53633384260426
1 00538U 61015FX  24187.91867885  .00006277  00000-0  15157-2 0    10\
2 00538  67.8092  28.2252 0011068 288.0796  71.9117 14.53634187259731
1 00538U 61015FX  24188.60673808  .00004951  00000-0  11997-2 0    12\
2 00538  67.8090  26.4398 0011090 287.5406  72.4502 14.53640323259831
1 00538U 61015FX  24188.88196041  .00005159  00000-0  12491-2 0    12\
2 00538  67.8091  25.7256 0011095 287.3070  72.6835 14.53644342259877
1   538U 61015FX  24188.95076591  .00005102  00000-0  12357-2 0  7114\
2   538  67.8091  25.5469 0011097 287.2611  72.7294 14.53645178260581
1 00538U 61015FX  24188.95076591  .00005102  00000-0  12357-2 0    16\
2 00538  67.8091  25.5469 0011097 287.2611  72.7294 14.53645178259882
1   538U 61015FX  24190.53328261  .00005581  00000-0  13490-2 0  7126\
2   538  67.8092  21.4401 0011173 286.3625  73.6266 14.53664672260818
1 00538U 61015FX  24190.60208721  .00005573  00000-0  13470-2 0    12\
2 00538  67.8092  21.2615 0011177 286.3418  73.6472 14.53665502260123
1 00538U 61015FX  24190.94610932  .00006016  00000-0  14524-2 0    14\
2 00538  67.8093  20.3687 0011175 285.9349  74.0539 14.53670750260174
1   538U 61015FX  24191.56534738  .00005493  00000-0  13277-2 0  7134\
2   538  67.8095  18.7616 0011192 285.5275  74.4608 14.53677033260961
1 00538U 61015FX  24191.90936704  .00005441  00000-0  13152-2 0    16\
2 00538  67.8096  17.8688 0011207 285.2643  74.7237 14.53681144260312
1 00538U 61015FX  24192.52860026  .00005592  00000-0  13509-2 0    11\
2 00538  67.8097  16.2618 0011235 284.9224  75.0651 14.53688588260404
1   538U 61015FX  24192.87261716  .00005814  00000-0  14037-2 0  7145\
2   538  67.8097  15.3691 0011241 284.6078  75.3795 14.53693211261150
1 00538U 61015FX  24192.94142043  .00005798  00000-0  13997-2 0    18\
2 00538  67.8097  15.1905 0011243 284.5634  75.4238 14.53694064260468
1 00538U 61015FX  24193.76705664  .00005933  00000-0  14316-2 0    10\
2 00538  67.8099  13.0479 0011279 284.1204  75.8661 14.53704220260584
1   538U 61015FX  24194.45508225  .00006764  00000-0  16287-2 0  7155\
2   538  67.8100  11.2624 0011315 283.7560  76.2299 14.53714287261385
1 00538U 61015FX  24194.59268685  .00006776  00000-0  16315-2 0    16\
2 00538  67.8100  10.9053 0011321 283.6478  76.3380 14.53716132260709
1 00538U 61015FX  24194.93669762  .00006854  00000-0  16499-2 0    15\
2 00538  67.8100  10.0126 0011336 283.3959  76.5896 14.53720752260750
1   538U 61015FX  24195.55591422  .00007137  00000-0  17167-2 0  7162\
2   538  67.8100   8.4057 0011369 283.0201  76.9649 14.53729326261541
1 00538U 61015FX  24195.89992160  .00008500  00000-0  20400-2 0    19\
2 00538  67.8102   7.5129 0011397 282.8341  77.1504 14.53735911260893
1 00538U 61015FX  24196.51913223  .00007753  00000-0  18625-2 0    17\
2 00538  67.8101   5.9058 0011420 282.5623  77.4219 14.53743733260989
1   538U 61015FX  24196.86313608  .00008848  00000-0  21219-2 0  7179\
2   538  67.8101   5.0130 0011436 282.4761  77.5079 14.53750553261737
1 00538U 61015FX  24196.86313608  .00008848  00000-0  21219-2 0    15\
2 00538  67.8101   5.0130 0011436 282.4761  77.5079 14.53750553261030
1 00538U 61015FX  24197.55113991  .00008371  00000-0  20083-2 0    14\
2 00538  67.8100   3.2273 0011462 282.0882  77.8953 14.53761141261136
1 00538U 61015FX  24197.82633994  .00007753  00000-0  18617-2 0    17\
2 00538  67.8100   2.5131 0011473 282.0080  77.9753 14.53764607261176
1   538U 61015FX  24198.51433511  .00008781  00000-0  21048-2 0  7186\
2   538  67.8100   0.7274 0011521 281.2999  78.6825 14.53778915261971
1 00538U 61015FX  24198.51433511  .00008781  00000-0  21048-2 0    11\
2 00538  67.8100   0.7274 0011521 281.2999  78.6825 14.53778915261274
1 00538U 61015FX  24198.85833022  .00009468  00000-0  22674-2 0    18\
2 00538  67.8098 359.8345 0011568 281.0239  78.9578 14.53786349261327
1   538U 61015FX  24199.54631597  .00010964  00000-0  26210-2 0  7197\
2   538  67.8098 358.0487 0011614 280.5427  79.4384 14.53802135262122
1 00538U 61015FX  24199.61511415  .00011107  00000-0  26546-2 0    17\
2 00538  67.8098 357.8702 0011616 280.5934  79.3876 14.53803669261435
1 00538U 61015FX  24199.82150823  .00011408  00000-0  27256-2 0    15\
2 00538  67.8098 357.3345 0011613 280.6017  79.3794 14.53808430261466
1 00538U 61015FX  24200.57828151  .00010730  00000-0  25644-2 0    12\
2 00538  67.8098 355.3701 0011643 280.3643  79.6164 14.53823180261570
1   538U 61015FX  24200.57828151  .00010730  00000-0  25644-2 0  7200\
2   538  67.8098 355.3701 0011643 280.3643  79.6164 14.53823180262278
1 00538U 61015FX  24201.54143592  .00008580  00000-0  20544-2 0    13\
2 00538  67.8098 352.8699 0011699 280.0727  79.9073 14.53839620261713
1   538U 61015FX  24201.81662049  .00009441  00000-0  22579-2 0  7212\
2   538  67.8099 352.1556 0011741 279.7175  80.2618 14.53846266262455
1 00538U 61015FX  24201.81662049  .00009441  00000-0  22579-2 0    13\
2 00538  67.8099 352.1556 0011741 279.7175  80.2618 14.53846266261757
1 00538U 61015FX  24202.36698667  .00009068  00000-0  21692-2 0    19\
2 00538  67.8101 350.7267 0011751 279.3715  80.6076 14.53857095261834
1 00538U 61015FX  24202.71096354  .00009835  00000-0  23503-2 0    18\
2 00538  67.8103 349.8337 0011797 279.3007  80.6778 14.53864730261885
1   538U 61015FX  24203.53650153  .00009765  00000-0  23328-2 0  7229\
2   538  67.8104 347.6906 0011859 278.7669  81.2108 14.53880672262709
1 00538U 61015FX  24203.81167887  .00010167  00000-0  24277-2 0    19\
2 00538  67.8105 346.9764 0011897 278.7042  81.2729 14.53886412262045
1 00538U 61015FX  24204.56841176  .00010285  00000-0  24547-2 0    13\
2 00538  67.8106 345.0120 0011904 278.1974  81.7795 14.53900635262153
1   538U 61015FX  24204.56841176  .00010285  00000-0  24547-2 0  7234\
2   538  67.8106 345.0120 0011904 278.1974  81.7795 14.53900635262850
1   538U 61015FX  24206.15064902  .00008507  00000-0  20334-2 0  7240\
2   538  67.8108 340.9048 0011988 277.4159  82.5598 14.53926219263086
1 00538U 61015FX  24206.42581809  .00008733  00000-0  20866-2 0    19\
2 00538  67.8107 340.1903 0011995 277.2538  82.7217 14.53930948262425
1 00538U 61015FX  24206.76977865  .00008667  00000-0  20707-2 0    17\
2 00538  67.8107 339.2974 0012023 277.0518  82.9234 14.53935293262475
1   538U 61015FX  24207.18252999  .00007093  00000-0  16987-2 0  7258\
2   538  67.8107 338.2259 0012000 276.7461  83.2292 14.53938449263237
1 00538U 61015FX  24207.18252999  .00007093  00000-0  16987-2 0    15\
2 00538  67.8107 338.2259 0012000 276.7461  83.2292 14.53938449262539
1   538U 61015FX  24208.42077506  .00007039  00000-0  16853-2 0  7268\
2   538  67.8104 335.0116 0012010 276.0236  83.9515 14.53954463263414
1 00538U 61015FX  24208.42077506  .00007039  00000-0  16853-2 0    14\
2 00538  67.8104 335.0116 0012010 276.0236  83.9515 14.53954463262716
1 00538U 61015FX  24209.10868270  .00006468  00000-0  15500-2 0    19\
2 00538  67.8103 333.2259 0012074 275.7705  84.2038 14.53962781262817
1   538U 61015FX  24209.45263495  .00006406  00000-0  15351-2 0  7276\
2   538  67.8101 332.3329 0012136 275.5478  84.4257 14.53967361263564
1 00538U 61015FX  24209.45263495  .00006406  00000-0  15351-2 0    11\
2 00538  67.8101 332.3329 0012136 275.5478  84.4257 14.53967361262866
1   538U 61015FX  24210.55327571  .00005454  00000-0  13098-2 0  7284\
2   538  67.8096 329.4750 0012151 274.9495  85.0237 14.53979384263722
1 00538U 61015FX  24210.69085521  .00005444  00000-0  13075-2 0    13\
2 00538  67.8098 329.1179 0012164 274.8865  85.0865 14.53980985263041
1 00538U 61015FX  24211.37875057  .00005678  00000-0  13624-2 0    19\
2 00538  67.8099 327.3319 0012211 274.5099  85.4625 14.53988971263149
1   538U 61015FX  24211.72269674  .00006040  00000-0  14478-2 0  7299\
2   538  67.8098 326.4388 0012225 274.2666  85.7056 14.53993485263895
1 00538U 61015FX  24211.72269674  .00006040  00000-0  14478-2 0    12\
2 00538  67.8098 326.4388 0012225 274.2666  85.7056 14.53993485263198
1 00538U 61015FX  24212.47937556  .00007787  00000-0  18599-2 0    13\
2 00538  67.8098 324.4741 0012261 273.9086  86.0631 14.54004597263305
1 00538U 61015FX  24213.57999084  .00006226  00000-0  14911-2 0    10\
2 00538  67.8099 321.6164 0012332 273.2516  86.7193 14.54014264263463
1 00538U 61015FX  24213.71756707  .00006327  00000-0  15150-2 0    17\
2 00538  67.8099 321.2591 0012340 273.1852  86.7855 14.54016131263486
1   538U 61015FX  24214.47423220  .00008634  00000-0  20587-2 0  7315\
2   538  67.8100 319.2946 0012362 272.7503  87.2202 14.54030610264292
1 00538U 61015FX  24214.47423220  .00008634  00000-0  20587-2 0    15\
2 00538  67.8100 319.2946 0012362 272.7503  87.2202 14.54030610263594
1 00538U 61015FX  24214.68059516  .00006391  00000-0  15297-2 0    11\
2 00538  67.8101 318.7587 0012378 272.6311  87.3392 14.54028705263620
1   538U 61015FX  24215.50604188  .00006283  00000-0  15037-2 0  7327\
2   538  67.8102 316.6156 0012415 272.2002  87.7696 14.54038740264447
1 00538U 61015FX  24215.57482884  .00006324  00000-0  15134-2 0    14\
2 00538  67.8102 316.4370 0012418 272.1576  87.8121 14.54039690263753
1 00538U 61015FX  24215.64361577  .00006335  00000-0  15159-2 0    16\
2 00538  67.8102 316.2584 0012422 272.1193  87.8503 14.54040604263760
1   538U 61015FX  24216.53784143  .00006101  00000-0  14605-2 0  7331\
2   538  67.8102 313.9368 0012473 271.7245  88.2445 14.54051806264591
1 00538U 61015FX  24216.60662779  .00006101  00000-0  14603-2 0    15\
2 00538  67.8102 313.7582 0012472 271.6613  88.3077 14.54052636263902
1 00538U 61015FX  24216.67541410  .00006085  00000-0  14565-2 0    18\
2 00538  67.8102 313.5796 0012473 271.5957  88.3734 14.54053472263918
1 00538U 61015FX  24217.43205990  .00007307  00000-0  17443-2 0    19\
2 00538  67.8101 311.6150 0012498 271.1956  88.7732 14.54065620264025
1   538U 61015FX  24217.70720264  .00007596  00000-0  18122-2 0  7343\
2   538  67.8102 310.9005 0012514 271.0691  88.8995 14.54069285264765
1 00538U 61015FX  24217.70720264  .00007596  00000-0  18122-2 0    10\
2 00538  67.8102 310.9005 0012514 271.0691  88.8995 14.54069285264068
1 00538U 61015FX  24218.60140997  .00006741  00000-0  16102-2 0    16\
2 00538  67.8100 308.5788 0012540 270.5748  89.3935 14.54081949264198
1   538U 61015FX  24219.49561007  .00005313  00000-0  12734-2 0  7358\
2   538  67.8098 306.2569 0012566 270.1742  89.7937 14.54092463265026
1 00538U 61015FX  24219.56439446  .00005297  00000-0  12696-2 0    11\
2 00538  67.8097 306.0783 0012568 270.1551  89.8128 14.54093270264334
1   538U 61015FX  24220.52737179  .00005533  00000-0  13249-2 0  7366\
2   538  67.8094 303.5776 0012598 269.6161  90.3514 14.54104772265177
1 00538U 61015FX  24220.87129053  .00005618  00000-0  13447-2 0    19\
2 00538  67.8093 302.6845 0012626 269.3673  90.5999 14.54108814264528
1 00538U 61015FX  24221.55912521  .00006773  00000-0  16166-2 0    19\
2 00538  67.8091 300.8987 0012634 269.0349  90.9323 14.54118858264624
1   538U 61015FX  24221.55912521  .00006773  00000-0  16166-2 0  7375\
2   538  67.8091 300.8987 0012634 269.0349  90.9323 14.54118858265322
1 00538U 61015FX  24222.59086818  .00006836  00000-0  16309-2 0    14\
2 00538  67.8090 298.2193 0012687 268.5625  91.4041 14.54132560264776
1   538U 61015FX  24222.59086818  .00006836  00000-0  16309-2 0  7381\
2   538  67.8090 298.2193 0012687 268.5625  91.4041 14.54132560265474
1 00538U 61015FX  24223.55381759  .00007705  00000-0  18348-2 0    14\
2 00538  67.8088 295.7185 0012711 268.1176  91.8487 14.54148791264918
1   538U 61015FX  24223.62259936  .00007723  00000-0  18390-2 0  7398\
2   538  67.8088 295.5399 0012716 268.1522  91.8141 14.54149880265629
1 00538U 61015FX  24223.62259936  .00007723  00000-0  18390-2 0    10\
2 00538  67.8088 295.5399 0012716 268.1522  91.8141 14.54149880264921
1 00538U 61015FX  24224.51675493  .00010522  00000-0  24960-2 0    10\
2 00538  67.8087 293.2174 0012766 267.7218  92.2440 14.54170351265057
1   538U 61015FX  24224.51675493  .00010522  00000-0  24960-2 0  7400\
2   538  67.8087 293.2174 0012766 267.7218  92.2440 14.54170351265754
1   538U 61015FX  24225.54845499  .00017409  00000-0  41093-2 0  7417\
2   538  67.8085 290.5378 0012796 267.2768  92.6887 14.54205939265903
1 00538U 61015FX  24225.61723462  .00019299  00000-0  45518-2 0    14\
2 00538  67.8085 290.3589 0012778 267.1518  92.8139 14.54208377265212
1 00538U 61015FX  24225.82357101  .00025670  00000-0  60402-2 0    19\
2 00538  67.8086 289.8230 0012747 266.9018  93.0643 14.54222510265248
1   538U 61015FX  24226.37379816  .00009371  00000-0  22231-2 0  7427\
2   538  67.8087 288.3942 0012774 266.8138  93.1520 14.54222405266020
1 00538U 61015FX  24226.37379816  .00009371  00000-0  22231-2 0    15\
2 00538  67.8087 288.3942 0012774 266.8138  93.1520 14.54222405265322
1   538U 61015FX  24227.26790427  .00010841  00000-0  25668-2 0  7433\
2   538  67.8085 286.0714 0012758 266.0641  93.9020 14.54249506266151
1 00538U 61015FX  24227.47423570  .00007752  00000-0  18420-2 0    10\
2 00538  67.8086 285.5356 0012775 265.9554  94.0105 14.54249432265487
1 00538U 61015FX  24228.50588481  .00006963  00000-0  16561-2 0    15\
2 00538  67.8087 282.8557 0012850 265.4087  94.5565 14.54265100265633
1   538U 61015FX  24228.50588481  .00006963  00000-0  16561-2 0  7449\
2   538  67.8087 282.8557 0012850 265.4087  94.5565 14.54265100266331
1 00538U 61015FX  24229.46874839  .00007929  00000-0  18823-2 0    12\
2 00538  67.8083 280.3546 0012875 265.3568  94.6081 14.54279759265774
1   538U 61015FX  24230.29405233  .00006676  00000-0  15879-2 0  7454\
2   538  67.8080 278.2110 0012863 264.7272  95.2379 14.54290002266598
1 00538U 61015FX  24230.29405233  .00006676  00000-0  15879-2 0    19\
2 00538  67.8080 278.2110 0012863 264.7272  95.2379 14.54290002265890
1   538U 61015FX  24231.53199487  .00007519  00000-0  17848-2 0  7469\
2   538  67.8077 274.9956 0012855 264.0697  95.8958 14.54309936266776
1 00538U 61015FX  24231.25689786  .00008028  00000-0  19043-2 0    13\
2 00538  67.8077 275.7100 0012862 264.2218  95.7436 14.54306718266039
1 00538U 61015FX  24232.42605383  .00006564  00000-0  15605-2 0    17\
2 00538  67.8073 272.6728 0012868 263.6472  96.3182 14.54322854266201
1   538U 61015FX  24233.18255883  .00006942  00000-0  16488-2 0  7474\
2   538  67.8069 270.7075 0012861 263.1062  96.8594 14.54335268267018
1 00538U 61015FX  24233.45765016  .00007074  00000-0  16795-2 0    19\
2 00538  67.8070 269.9929 0012843 262.9054  97.0605 14.54339335266357
1   538U 61015FX  24234.21414742  .00007455  00000-0  17683-2 0  7489\
2   538  67.8068 268.0275 0012833 262.4343  97.5319 14.54351108267162
1 00538U 61015FX  24234.42046392  .00007604  00000-0  18031-2 0    10\
2 00538  67.8068 267.4916 0012836 262.3565  97.6096 14.54354131266492
1 00538U 61015FX  24235.52081211  .00006919  00000-0  16422-2 0    11\
2 00538  67.8069 264.6329 0012759 261.1519  98.8156 14.54368103266652
1   538U 61015FX  24235.52081211  .00006919  00000-0  16422-2 0  7490\
2   538  67.8069 264.6329 0012759 261.1519  98.8156 14.54368103267350
1 00538U 61015FX  24235.79589736  .00007053  00000-0  16734-2 0    11\
2 00538  67.8070 263.9185 0012749 261.1534  98.8142 14.54372128266693
1 00538U 61015FX  24236.48360699  .00006406  00000-0  15217-2 0    19\
2 00538  67.8068 262.1313 0012841 260.9320  99.0346 14.54380681266790
1   538U 61015FX  24237.17131290  .00006194  00000-0  14716-2 0  7507\
2   538  67.8069 260.3443 0012844 260.6036  99.3631 14.54389348267597
1 00538U 61015FX  24237.44639414  .00006612  00000-0  15693-2 0    17\
2 00538  67.8069 259.6294 0012823 260.4468  99.5202 14.54393285266934
1 00538U 61015FX  24237.79024445  .00006811  00000-0  16158-2 0    15\
2 00538  67.8069 258.7359 0012822 260.2390  99.7281 14.54398448266987
1   538U 61015FX  24238.20286354  .00006506  00000-0  15443-2 0  7510\
2   538  67.8071 257.6639 0012829 260.0259  99.9413 14.54403351267742
1 00538U 61015FX  24238.34040280  .00006658  00000-0  15797-2 0    19\
2 00538  67.8070 257.3065 0012846 259.9679  99.9991 14.54405360267061
1 00538U 61015FX  24239.09686616  .00006027  00000-0  14318-2 0    19\
2 00538  67.8070 255.3412 0012822 259.4488 100.5188 14.54414812267173
1   538U 61015FX  24239.78455649  .00006366  00000-0  15108-2 0  7522\
2   538  67.8068 253.5543 0012803 258.9603 101.0076 14.54423372267978
1 00538U 61015FX  24239.78455649  .00006366  00000-0  15108-2 0    19\
2 00538  67.8068 253.5543 0012803 258.9603 101.0076 14.54423372267271
1 00538U 61015FX  24240.33470440  .00006859  00000-0  16258-2 0    12\
2 00538  67.8069 252.1248 0012827 259.0364 100.9313 14.54432012267353
1 00538U 61015FX  24240.74731360  .00007632  00000-0  18064-2 0    15\
2 00538  67.8068 251.0524 0012760 258.4795 101.4892 14.54439194267417
1   538U 61015FX  24241.15992077  .00009499  00000-0  22424-2 0  7537\
2   538  67.8069 249.9804 0012764 258.2563 101.7125 14.54448085268175
1 00538U 61015FX  24241.36622300  .00010218  00000-0  24100-2 0    19\
2 00538  67.8065 249.4441 0012805 258.2501 101.7183 14.54452919267502
1   538U 61015FX  24242.74155645  .00011470  00000-0  27007-2 0  7540\
2   538  67.8061 245.8707 0012731 257.4991 102.4705 14.54483925268404
1 00538U 61015FX  24242.74155645  .00011470  00000-0  27007-2 0    15\
2 00538  67.8061 245.8707 0012731 257.4991 102.4705 14.54483925267706
1 00538U 61015FX  24243.36044800  .00009366  00000-0  22093-2 0    15\
2 00538  67.8058 244.2624 0012723 256.9550 103.0150 14.54493345267796
1   538U 61015FX  24244.04809803  .00012067  00000-0  28383-2 0  7559\
2   538  67.8055 242.4753 0012723 256.3348 103.6355 14.54512154268597
1   538U 61015FX  24244.39191716  .00027474  00000-0  64177-2 0  7564\
2   538  67.8055 241.5814 0012710 256.2153 103.7552 14.54541532268642
1 00538U 61015FX  24244.39191716  .00027474  00000-0  64177-2 0    17\
2 00538  67.8055 241.5814 0012710 256.2153 103.7552 14.54541532267944
1   538U 61015FX  24244.73573877  .00014320  00000-0  33620-2 0  7570\
2   538  67.8059 240.6875 0012660 255.3488 104.6228 14.54532368268690
1 00538U 61015FX  24244.73573877  .00014320  00000-0  33620-2 0    12\
2 00538  67.8059 240.6875 0012660 255.3488 104.6228 14.54532368267992
1 00538U 61015FX  24245.42337079  .00013715  00000-0  32196-2 0    15\
2 00538  67.8063 238.9008 0012593 255.1773 104.7952 14.54551601268093
1 00538U 61015FX  24245.69842086  .00014781  00000-0  34672-2 0    18\
2 00538  67.8059 238.1865 0012557 255.3681 104.6047 14.54560373268136
1   538U 61015FX  24246.04223188  .00014186  00000-0  33281-2 0  7587\
2   538  67.8061 237.2931 0012490 255.2814 104.6922 14.54569177268881
1 00538U 61015FX  24246.38604091  .00012780  00000-0  30005-2 0    10\
2 00538  67.8064 236.3993 0012528 254.7501 105.2234 14.54576113268231
1   538U 61015FX  24247.07365236  .00014768  00000-0  34617-2 0  7593\
2   538  67.8065 234.6122 0012486 254.2941 105.6801 14.54596120269036
1 00538U 61015FX  24247.21117381  .00013764  00000-0  32279-2 0    12\
2 00538  67.8066 234.2548 0012480 254.2214 105.7530 14.54598254268356
1 00538U 61015FX  24247.69249517  .00015447  00000-0  36182-2 0    18\
2 00538  67.8067 233.0038 0012496 253.8146 106.1599 14.54613184268422
1 00538U 61015FX  24248.31133022  .00017335  00000-0  40551-2 0    14\
2 00538  67.8069 231.3953 0012491 253.3115 106.6634 14.54633036268510
1   538U 61015FX  24249.13642870  .00017972  00000-0  42004-2 0  7616\
2   538  67.8070 229.2504 0012473 252.6742 107.3013 14.54661364269333
1 00538U 61015FX  24249.34270092  .00018228  00000-0  42592-2 0    16\
2 00538  67.8071 228.7143 0012413 252.5061 107.4703 14.54669015268667
1   538U 61015FX  24250.37404501  .00017775  00000-0  41506-2 0  7629\
2   538  67.8070 226.0336 0012469 251.7529 108.2234 14.54706830269512
1 00538U 61015FX  24250.37404501  .00017775  00000-0  41506-2 0    15\
2 00538  67.8070 226.0336 0012469 251.7529 108.2234 14.54706830268814
1 00538U 61015FX  24251.33661010  .00019143  00000-0  44644-2 0    19\
2 00538  67.8073 223.5314 0012305 250.9740 109.0047 14.54742242268953
1 00538U 61015FX  24251.95538946  .00020916  00000-0  48723-2 0    10\
2 00538  67.8071 221.9231 0012214 250.4554 109.5247 14.54766672269049
1   538U 61015FX  24252.16164692  .00019733  00000-0  45979-2 0  7637\
2   538  67.8076 221.3868 0012255 250.1145 109.8655 14.54772902269771
1 00538U 61015FX  24252.29915134  .00019898  00000-0  46356-2 0    13\
2 00538  67.8077 221.0296 0012304 249.7650 110.2147 14.54778220269090
1 00538U 61015FX  24252.64291068  .00018197  00000-0  42411-2 0    14\
2 00538  67.8078 220.1354 0012203 249.6037 110.3772 14.54788529269146
1 00538U 61015FX  24253.12416794  .00019340  00000-0  45038-2 0    12\
2 00538  67.8079 218.8843 0012173 249.1718 110.8099 14.54808283269216
1 00538U 61015FX  24253.94916608  .00019612  00000-0  45634-2 0    15\
2 00538  67.8078 216.7397 0012085 248.4703 111.5129 14.54840575269339
1   538U 61015FX  24254.15541253  .00019961  00000-0  46433-2 0  7640\
2   538  67.8078 216.2035 0012011 248.2000 111.7842 14.54849441270067
1 00538U 61015FX  24254.29290968  .00020002  00000-0  46521-2 0    19\
2 00538  67.8077 215.8461 0012090 248.2629 111.7205 14.54854983269381
1   538U 61015FX  24255.32412310  .00016352  00000-0  38061-2 0  7651\
2   538  67.8077 213.1648 0012067 247.2495 112.7350 14.54889568270238
1 00538U 61015FX  24255.59910946  .00016165  00000-0  37622-2 0    15\
2 00538  67.8076 212.4499 0012031 247.0403 112.9448 14.54897989269572
1 00538U 61015FX  24256.28656757  .00016640  00000-0  38700-2 0    15\
2 00538  67.8075 210.6628 0011951 246.3847 113.6018 14.54921586269672
1   538U 61015FX  24257.59269292  .00025902  00000-0  59953-2 0  7666\
2   538  67.8072 207.2666 0011890 245.0816 114.9069 14.54994204270564
1 00538U 61015FX  24258.14262359  .00024894  00000-0  57607-2 0    10\
2 00538  67.8074 205.8357 0011875 244.4610 115.5282 14.55018326269942
1   538U 61015FX  24258.83002826  .00014902  00000-0  34604-2 0  7677\
2   538  67.8078 204.0479 0011913 243.7396 116.2500 14.55034098270743
1 00538U 61015FX  24258.89876819  .00015073  00000-0  34998-2 0    11\
2 00538  67.8077 203.8691 0011933 243.7777 116.2116 14.55036067270055
1 00538U 61015FX  24259.92985657  .00016257  00000-0  37699-2 0    13\
2 00538  67.8083 201.1875 0011863 243.0343 116.9566 14.55066230270209
1   538U 61015FX  24260.20481021  .00013536  00000-0  31434-2 0  7680\
2   538  67.8074 200.4723 0011893 242.7580 117.2329 14.55070420270943
1 00538U 61015FX  24260.54850027  .00013787  00000-0  32005-2 0    16\
2 00538  67.8073 199.5783 0011853 242.4120 117.5797 14.55079624270294
1 00538U 61015FX  24260.89218858  .00013967  00000-0  32413-2 0    17\
2 00538  67.8079 198.6844 0011765 242.0669 117.9261 14.55088982270347
1   538U 61015FX  24261.16713697  .00039256  00000-0  90324-2 0  7694\
2   538  67.8081 197.9693 0011774 241.7741 118.2191 14.55124852271086
1 00538U 61015FX  24261.23587304  .00041307  00000-0  94992-2 0    10\
2 00538  67.8080 197.7905 0011771 241.7080 118.2853 14.55130518270396
1   538U 61015FX  24261.85450036  .00018489  00000-0  42783-2 0  7708\
2   538  67.8082 196.1816 0011705 241.2901 118.7043 14.55124211271183
1 00538U 61015FX  24261.92323593  .00018402  00000-0  42581-2 0    11\
2 00538  67.8083 196.0029 0011731 241.3104 118.6837 14.55126661270498
1 00538U 61015FX  24262.26691324  .00016067  00000-0  37207-2 0    13\
2 00538  67.8085 195.1091 0011695 240.9343 119.0606 14.55135749270540
1   538U 61015FX  24262.88552813  .00009785  00000-0  22755-2 0  7715\
2   538  67.8086 193.5000 0011666 240.4604 119.5354 14.55144871271335
1 00538U 61015FX  24262.88552813  .00009785  00000-0  22755-2 0    11\
2 00538  67.8086 193.5000 0011666 240.4604 119.5354 14.55144871270637
1 00538U 61015FX  24263.77907354  .00012451  00000-0  28875-2 0    17\
2 00538  67.8086 191.1760 0011628 239.7674 120.2295 14.55165885270765
1 00538U 61015FX  24263.91654102  .00010534  00000-0  24467-2 0    16\
2 00538  67.8087 190.8182 0011584 239.6426 120.3549 14.55166859270782
1   538U 61015FX  24264.81007402  .00009952  00000-0  23121-2 0  7735\
2   538  67.8085 188.4940 0011474 238.7958 121.2038 14.55183972271614
1 00538U 61015FX  24264.81007402  .00009952  00000-0  23121-2 0    19\
2 00538  67.8085 188.4940 0011474 238.7958 121.2038 14.55183972270916
1 00538U 61015FX  24265.49740056  .00008432  00000-0  19619-2 0    12\
2 00538  67.8084 186.7064 0011438 238.4022 121.5983 14.55194138271012
1   538U 61015FX  24266.18472194  .00008822  00000-0  20512-2 0  7748\
2   538  67.8081 184.9187 0011407 237.9148 122.0866 14.55206135271819
1 00538U 61015FX  24266.18472194  .00008822  00000-0  20512-2 0    11\
2 00538  67.8081 184.9187 0011407 237.9148 122.0866 14.55206135271112
1 00538U 61015FX  24266.73457540  .00008657  00000-0  20128-2 0    19\
2 00538  67.8080 183.4883 0011344 237.4418 122.5607 14.55214897271193
1   538U 61015FX  24267.49061859  .00012470  00000-0  28881-2 0  7757\
2   538  67.8078 181.5213 0011269 236.7620 123.2421 14.55232172272008
1 00538U 61015FX  24267.49061859  .00012470  00000-0  28881-2 0    19\
2 00538  67.8078 181.5213 0011269 236.7620 123.2421 14.55232172271300
1 00538U 61015FX  24267.76554079  .00013665  00000-0  31617-2 0    18\
2 00538  67.8078 180.8062 0011263 236.4325 123.5720 14.55239730271343
1 00538U 61015FX  24268.10919042  .00017438  00000-0  40258-2 0    15\
2 00538  67.8076 179.9119 0011219 236.2732 123.7319 14.55254133271399
1   538U 61015FX  24268.10919042  .00017438  00000-0  40258-2 0  7764\
2   538  67.8076 179.9119 0011219 236.2732 123.7319 14.55254133272097
1   538U 61015FX  24269.14013551  .00013670  00000-0  31610-2 0  7776\
2   538  67.8081 177.2294 0011296 235.6391 124.3661 14.55268846272247
1 00538U 61015FX  24269.48377928  .00013892  00000-0  32114-2 0    10\
2 00538  67.8078 176.3356 0011212 234.9235 125.0834 14.55277757271597
1   538U 61015FX  24270.44596756  .00015440  00000-0  35638-2 0  7786\
2   538  67.8081 173.8326 0011003 233.8299 126.1804 14.55308277272431
1 00538U 61015FX  24270.44596756  .00015440  00000-0  35638-2 0    15\
2 00538  67.8081 173.8326 0011003 233.8299 126.1804 14.55308277271733
1 00538U 61015FX  24271.13323425  .00012241  00000-0  28300-2 0    17\
2 00538  67.8084 172.0451 0010873 233.0924 126.9200 14.55324675271836
1   538U 61015FX  24271.13323425  .00012241  00000-0  28300-2 0  7799\
2   538  67.8084 172.0451 0010873 233.0924 126.9200 14.55324675272534
1 00538U 61015FX  24271.95794190  .00012406  00000-0  28664-2 0    14\
2 00538  67.8086 169.8994 0010881 232.6192 127.3938 14.55346643271950
1   538U 61015FX  24272.85136124  .00013689  00000-0  31585-2 0  7805\
2   538  67.8086 167.5747 0010952 232.3117 127.7010 14.55371878272789
1 00538U 61015FX  24272.85136124  .00013689  00000-0  31585-2 0    11\
2 00538  67.8086 167.5747 0010952 232.3117 127.7010 14.55371878272082
1 00538U 61015FX  24273.12625631  .00013722  00000-0  31656-2 0    15\
2 00538  67.8087 166.8591 0010956 231.6466 128.3671 14.55379801272124
1   538U 61015FX  24274.08837616  .00016052  00000-0  36958-2 0  7813\
2   538  67.8088 164.3555 0010945 231.0550 128.9595 14.55412116272964
1 00538U 61015FX  24274.08837616  .00016052  00000-0  36958-2 0    18\
2 00538  67.8088 164.3555 0010945 231.0550 128.9595 14.55412116272267
1 00538U 61015FX  24274.84431184  .00016932  00000-0  38945-2 0    17\
2 00538  67.8085 162.3886 0010866 230.2389 129.7775 14.55439363272376
1 00538U 61015FX  24275.05047355  .00016715  00000-0  38445-2 0    18\
2 00538  67.8085 161.8520 0010868 230.1191 129.8974 14.55446549272407
1   538U 61015FX  24275.80639144  .00017157  00000-0  39431-2 0  7827\
2   538  67.8083 159.8848 0010816 229.4866 130.5312 14.55473593273212
1 00538U 61015FX  24275.80639144  .00017157  00000-0  39431-2 0    11\
2 00538  67.8083 159.8848 0010816 229.4866 130.5312 14.55473593272514
1 00538U 61015FX  24276.08126712  .00017108  00000-0  39310-2 0    16\
2 00538  67.8082 159.1697 0010855 229.4158 130.6019 14.55483333272557
1 00538U 61015FX  24276.63101377  .00022977  00000-0  52653-2 0    12\
2 00538  67.8079 157.7390 0010844 229.0595 130.9587 14.55508048272639
1   538U 61015FX  24277.86791160  .00024302  00000-0  55609-2 0  7838\
2   538  67.8077 154.5195 0010711 228.0097 132.0111 14.55558196273517
1 00538U 61015FX  24277.93662685  .00024919  00000-0  57005-2 0    14\
2 00538  67.8077 154.3407 0010727 227.8350 132.1860 14.55561740272821
1 00538U 61015FX  24278.00534208  .00025910  00000-0  59252-2 0    10\
2 00538  67.8076 154.1617 0010737 227.9688 132.0519 14.55565419272835
1 00538U 61015FX  24278.82991246  .00026840  00000-0  61318-2 0    18\
2 00538  67.8076 152.0148 0010659 227.1771 132.8454 14.55599931272954
1   538U 61015FX  24279.03605181  .00029046  00000-0  66305-2 0  7842\
2   538  67.8073 151.4780 0010641 227.2690 132.7535 14.55610335273680
1 00538U 61015FX  24279.03605181  .00029046  00000-0  66305-2 0    14\
2 00538  67.8073 151.4780 0010641 227.2690 132.7535 14.55610335272982
1   538U 61015FX  24279.79188379  .00023855  00000-0  54497-2 0  7852\
2   538  67.8071 149.5102 0010645 226.7101 133.3132 14.55641876273795
1 00538U 61015FX  24279.79188379  .00023855  00000-0  54497-2 0    13\
2 00538  67.8071 149.5102 0010645 226.7101 133.3132 14.55641876273098
1 00538U 61015FX  24280.34156977  .00019201  00000-0  43915-2 0    18\
2 00538  67.8069 148.0787 0010600 226.4041 133.6201 14.55661706273172
1   538U 61015FX  24280.68512090  .00021011  00000-0  48010-2 0  7860\
2   538  67.8072 147.1854 0010575 225.4893 134.5364 14.55674940273923
1 00538U 61015FX  24281.02866769  .00027355  00000-0  62362-2 0    17\
2 00538  67.8070 146.2914 0010655 225.3848 134.6404 14.55691980273273
1   538U 61015FX  24281.02866769  .00027355  00000-0  62362-2 0  7878\
2   538  67.8070 146.2914 0010655 225.3848 134.6404 14.55691980273970
1   538U 61015FX  24282.33410495  .00124159  00000-0  27735-1 0  7889\
2   538  67.8064 142.8918 0010397 222.8630 137.1680 14.55833917274167
1 00538U 61015FX  24282.33410495  .00124159  00000-0  27735-1 0    17\
2 00538  67.8064 142.8918 0010397 222.8630 137.1680 14.55833917273469
1   538U 61015FX  24282.74633054  .00055540  00000-0  12553-1 0  7892\
2   538  67.8060 141.8198 0010376 222.6619 137.3696 14.55819449274224
1 00538U 61015FX  24282.74633054  .00055540  00000-0  12553-1 0    19\
2 00538  67.8060 141.8198 0010376 222.6619 137.3696 14.55819449273526
1   538U 61015FX  24283.02115094  .00020636  00000-0  47035-2 0  7907\
2   538  67.8065 141.1030 0010468 223.7375 136.2916 14.55796846274262
1 00538U 61015FX  24283.02115094  .00020636  00000-0  47035-2 0    12\
2 00538  67.8065 141.1030 0010468 223.7375 136.2916 14.55796846273564
1 00538U 61015FX  24283.84559147  .00017395  00000-0  39677-2 0    14\
2 00538  67.8069 138.9558 0010403 222.1258 137.9064 14.55823243273686
1   538U 61015FX  24283.98299743  .00018307  00000-0  41738-2 0  7913\
2   538  67.8068 138.5996 0010366 223.1327 136.8982 14.55826897274409
1 00538U 61015FX  24284.32650954  .00022619  00000-0  51475-2 0    11\
2 00538  67.8068 137.7047 0010305 222.9514 137.0803 14.55839553273750
1   538U 61015FX  24285.01352386  .00079997  00000-0  17971-1 0  7926\
2   538  67.8074 135.9145 0010213 222.3336 137.6997 14.55907106274559
1 00538U 61015FX  24285.01352386  .00079997  00000-0  17971-1 0    19\
2 00538  67.8074 135.9145 0010213 222.3336 137.6997 14.55907106273851
1   538U 61015FX  24285.70051073  .00038272  00000-0  86579-2 0  7934\
2   538  67.8073 134.1251 0010425 221.4859 138.5471 14.55933829274651
1 00538U 61015FX  24285.70051073  .00038272  00000-0  86579-2 0    16\
2 00538  67.8073 134.1251 0010425 221.4859 138.5471 14.55933829273953
1   538U 61015FX  24285.97530110  .00025617  00000-0  58117-2 0  7944\
2   538  67.8072 133.4090 0010235 221.7503 138.2837 14.55942816274694
1   538U 61015FX  24286.52487767  .00013917  00000-0  31713-2 0  7959\
2   538  67.8074 131.9783 0010208 220.5342 139.5019 14.55952272274778
1 00538U 61015FX  24286.52487767  .00013917  00000-0  31713-2 0    19\
2 00538  67.8074 131.9783 0010208 220.5342 139.5019 14.55952272274071
1 00538U 61015FX  24286.79966387  .00016913  00000-0  38473-2 0    17\
2 00538  67.8070 131.2622 0010205 219.4076 140.6303 14.55959473274114
1 00538U 61015FX  24287.55532216  .00012548  00000-0  28608-2 0    11\
2 00538  67.8071 129.2925 0010052 219.9690 140.0692 14.55970958274223
1   538U 61015FX  24287.83010482  .00010155  00000-0  23195-2 0  7967\
2   538  67.8069 128.5772 0009984 219.9578 140.0809 14.55974859274964
1 00538U 61015FX  24287.83010482  .00010155  00000-0  23195-2 0    16\
2 00538  67.8069 128.5772 0009984 219.9578 140.0809 14.55974859274267
1 00538U 61015FX  24287.96749633  .00010022  00000-0  22894-2 0    15\
2 00538  67.8067 128.2208 0009974 220.7313 139.3063 14.55976514274287
1   538U 61015FX  24290.02833810  .00011130  00000-0  25379-2 0  7971\
2   538  67.8058 122.8525 0009903 219.1706 140.8698 14.56013674275281
1 00538U 61015FX  24290.23441936  .00010728  00000-0  24469-2 0    17\
2 00538  67.8055 122.3156 0009883 219.0297 141.0111 14.56017164274611
1 00538U 61015FX  24290.92135130  .00011234  00000-0  25604-2 0    14\
2 00538  67.8055 120.5256 0009845 218.4400 141.6020 14.56032251274719
1 00538U 61015FX  24292.77603522  .00016914  00000-0  38380-2 0    19\
2 00538  67.8060 115.6936 0009716 217.2581 142.7866 14.56078682274986
1   538U 61015FX  24292.77603522  .00016914  00000-0  38380-2 0  7982\
2   538  67.8060 115.6936 0009716 217.2581 142.7866 14.56078682275684
1   538U 61015FX  24294.56197778  .00023209  00000-0  52486-2 0  7991\
2   538  67.8076 111.0410 0009639 215.9434 144.1039 14.56128973275940
1 00538U 61015FX  24294.56197778  .00023209  00000-0  52486-2 0    17\
2 00538  67.8076 111.0410 0009639 215.9434 144.1039 14.56128973275243
1   538U 61015FX  24294.83673570  .00016719  00000-0  37907-2 0  8002\
2   538  67.8067 110.3249 0009632 215.7312 144.3165 14.56120595275986
1 00538U 61015FX  24294.83673570  .00016719  00000-0  37907-2 0    15\
2 00538  67.8067 110.3249 0009632 215.7312 144.3165 14.56120595275289
1 00538U 61015FX  24296.55394126  .00009546  00000-0  21740-2 0  8019\
2 00538  67.8065 105.8499 0009356 214.7190 145.3321 14.56146532276239
1 00538U 61015FX  24296.89737728  .00010843  00000-0  24656-2 0    18\
2 00538  67.8072 104.9551 0009416 214.8011 145.2494 14.56155644275587
1 00538U 61015FX  24297.58424346  .00010816  00000-0  24587-2 0    17\
2 00538  67.8071 103.1657 0009258 214.4733 145.5788 14.56171564275684
1 00538U 61015FX  24297.85898752  .00011339  00000-0  25762-2 0    10\
2 00538  67.8072 102.4499 0009236 214.3066 145.7459 14.56179156275722
1   538U 61015FX  24297.85898752  .00011339  00000-0  25762-2 0  8029\
2   538  67.8072 102.4499 0009236 214.3066 145.7459 14.56179156276420
1 00538U 61015FX  24298.54584187  .00014187  00000-0  32154-2 0    18\
2 00538  67.8070 100.6602 0009167 214.0015 146.0519 14.56199653275826
1 00538U 61015FX  24298.82058115  .00013445  00000-0  30482-2 0    14\
2 00538  67.8071  99.9443 0009136 213.8917 146.1621 14.56206108275867
1   538U 61015FX  24299.85084104  .00013117  00000-0  29728-2 0  8032\
2   538  67.8071  97.2595 0009030 213.6009 146.4540 14.56233208276718
1 00538U 61015FX  24299.85084104  .00013117  00000-0  29728-2 0    12\
2 00538  67.8071  97.2595 0009030 213.6009 146.4540 14.56233208276011
1 00538U 61015FX  24300.46898741  .00013773  00000-0  31192-2 0    18\
2 00538  67.8070  95.6485 0008966 213.3647 146.6909 14.56250468276100
1 00538U 61015FX  24300.74371691  .00013977  00000-0  31644-2 0    17\
2 00538  67.8071  94.9327 0008942 213.3036 146.7523 14.56258080276149
1   538U 61015FX  24301.15580543  .00020785  00000-0  46891-2 0  8047\
2   538  67.8072  93.8582 0008971 213.6374 146.4178 14.56280814276908
1 00538U 61015FX  24301.49921085  .00019582  00000-0  44187-2 0    12\
2 00538  67.8071  92.9637 0008843 213.1676 146.8891 14.56291837276257
1 00538U 61015FX  24302.11733020  .00021934  00000-0  49424-2 0    15\
2 00538  67.8070  91.3527 0008812 213.5037 146.5528 14.56319709276341
1   538U 61015FX  24302.52940446  .00021267  00000-0  47915-2 0  8056\
2   538  67.8070  90.2790 0008755 213.2081 146.8491 14.56335507277104
1 00538U 61015FX  24302.52940446  .00021267  00000-0  47915-2 0    14\
2 00538  67.8070  90.2790 0008755 213.2081 146.8491 14.56335507276406
1 00538U 61015FX  24302.80411767  .00021826  00000-0  49154-2 0    12\
2 00538  67.8071  89.5631 0008743 212.8400 147.2178 14.56347340276448
1 00538U 61015FX  24303.76559675  .00020606  00000-0  46388-2 0    10\
2 00538  67.8074  87.0571 0008568 212.3883 147.6713 14.56386259276588
1   538U 61015FX  24304.10897562  .00020766  00000-0  46731-2 0  8061\
2   538  67.8075  86.1621 0008524 212.2571 147.8029 14.56400495277335
1 00538U 61015FX  24304.10897562  .00020766  00000-0  46731-2 0    18\
2 00538  67.8075  86.1621 0008524 212.2571 147.8029 14.56400495276637
1 00538U 61015FX  24305.34510812  .00019690  00000-0  44273-2 0    18\
2 00538  67.8075  82.9389 0008368 212.3797 147.6811 14.56457100276811
1   538U 61015FX  24305.75714203  .00019572  00000-0  43993-2 0  8074\
2   538  67.8078  81.8649 0008251 212.1639 147.8980 14.56474416277577
1 00538U 61015FX  24305.75714203  .00019572  00000-0  43993-2 0    10\
2 00538  67.8078  81.8649 0008251 212.1639 147.8980 14.56474416276879
1   538U 61015FX  24306.44385108  .00025526  00000-0  57216-2 0  8089\
2   538  67.8078  80.0741 0008111 212.0000 148.0629 14.56515644277670
1 00538U 61015FX  24306.44385108  .00025526  00000-0  57216-2 0    14\
2 00538  67.8078  80.0741 0008111 212.0000 148.0629 14.56515644276972
1 00538U 61015FX  24306.64986147  .00020607  00000-0  46259-2 0    16\
2 00538  67.8081  79.5374 0008105 212.3823 147.6801 14.56519311277007
1 00538U 61015FX  24307.40521895  .00019117  00000-0  42905-2 0    14\
2 00538  67.8085  77.5682 0008001 211.6705 148.3935 14.56555450277119
1   538U 61015FX  24308.43521840  .00025102  00000-0  56152-2 0  8106\
2   538  67.8087  74.8832 0007843 211.4238 148.6415 14.56616039277960
1 00538U 61015FX  24308.64121422  .00021539  00000-0  48229-2 0    19\
2 00538  67.8091  74.3463 0007789 211.5142 148.5513 14.56622100277294
1   538U 61015FX  24309.46518048  .00027970  00000-0  62448-2 0  8117\
2   538  67.8092  72.1981 0007694 212.1389 147.9264 14.56669628278115
1 00538U 61015FX  24309.46518048  .00027970  00000-0  62448-2 0    18\
2 00538  67.8092  72.1981 0007694 212.1389 147.9264 14.56669628277417
1   538U 61015FX  24310.42644660  .00021593  00000-0  48259-2 0  8125\
2   538  67.8089  69.6909 0007563 212.3191 147.7468 14.56710941278254
1 00538U 61015FX  24310.63242854  .00020201  00000-0  45163-2 0    13\
2 00538  67.8091  69.1543 0007514 212.6353 147.4304 14.56718326277581
1 00538U 61015FX  24311.59365901  .00022471  00000-0  50149-2 0    19\
2 00538  67.8090  66.6478 0007396 211.6249 148.4428 14.56764660277726
1   538U 61015FX  24311.59365901  .00022471  00000-0  50149-2 0  8130\
2   538  67.8090  66.6478 0007396 211.6249 148.4428 14.56764660278424
1 00538U 61015FX  24312.34889051  .00018652  00000-0  41653-2 0    16\
2 00538  67.8091  64.6779 0007269 211.2390 148.8299 14.56797830277838
1   538U 61015FX  24313.37872474  .00021530  00000-0  47982-2 0  8143\
2   538  67.8096  61.9924 0007159 211.6704 148.3987 14.56843885278681
1 00538U 61015FX  24313.58468821  .00020602  00000-0  45924-2 0    14\
2 00538  67.8090  61.4549 0007171 212.4543 147.6137 14.56849882278016
1 00538U 61015FX  24314.27122356  .00025853  00000-0  57492-2 0    17\
2 00538  67.8088  59.6640 0007137 212.4039 147.6645 14.56883633278113
1   538U 61015FX  24314.40852913  .00040830  00000-0  90446-2 0  8152\
2   538  67.8087  59.3058 0007092 212.4725 147.5960 14.56899810278836
1 00538U 61015FX  24314.40852913  .00040830  00000-0  90446-2 0    19\
2 00538  67.8087  59.3058 0007092 212.4725 147.5960 14.56899810278139
1 00538U 61015FX  24315.57559556  .00019372  00000-0  43116-2 0    14\
2 00538  67.8087  56.2608 0006886 211.0044 149.0671 14.56942988278305
1   538U 61015FX  24315.57559556  .00019372  00000-0  43116-2 0  8168\
2   538  67.8087  56.2608 0006886 211.0044 149.0671 14.56942988279003
1 00538U 61015FX  24316.53668079  .00018005  00000-0  40063-2 0    12\
2 00538  67.8089  53.7533 0006752 210.6579 149.4149 14.56979600278446
1   538U 61015FX  24318.39015129  .00011987  00000-0  26734-2 0  8176\
2   538  67.8092  48.9179 0006598 211.2772 148.7957 14.57025418279419
1 00538U 61015FX  24318.39015129  .00011987  00000-0  26734-2 0    11\
2 00538  67.8092  48.9179 0006598 211.2772 148.7957 14.57025418278711
1 00538U 61015FX  24319.28254383  .00010233  00000-0  22848-2 0    12\
2 00538  67.8093  46.5895 0006482 209.8791 150.1961 14.57043449278847
1   538U 61015FX  24320.31221265  .00011968  00000-0  26668-2 0  8187\
2   538  67.8093  43.9031 0006394 210.3592 149.7160 14.57068164279698
1 00538U 61015FX  24320.31221265  .00011968  00000-0  26668-2 0    11\
2 00538  67.8093  43.9031 0006394 210.3592 149.7160 14.57068164278990
1 00538U 61015FX  24320.65543248  .00012136  00000-0  27035-2 0    13\
2 00538  67.8094  43.0078 0006365 210.4203 149.6550 14.57075431279045
1   538U 61015FX  24321.34186520  .00011009  00000-0  24540-2 0  8199\
2   538  67.8094  41.2164 0006344 210.4228 149.6526 14.57090042279841
1 00538U 61015FX  24321.20457917  .00011181  00000-0  24921-2 0    12\
2 00538  67.8095  41.5747 0006354 210.7159 149.3591 14.57087032279124
1 00538U 61015FX  24322.57743044  .00007614  00000-0  17033-2 0    14\
2 00538  67.8092  37.9928 0006230 210.8714 149.2041 14.57109359279320
1   538U 61015FX  24323.46977332  .00007047  00000-0  15776-2 0  8214\
2   538  67.8089  35.6644 0006161 210.8738 149.2022 14.57121682280150
1 00538U 61015FX  24323.53841483  .00007251  00000-0  16226-2 0    17\
2 00538  67.8089  35.4852 0006161 210.8591 149.2169 14.57122892279464
1 00538U 61015FX  24324.29346672  .00008559  00000-0  19109-2 0    16\
2 00538  67.8086  33.5150 0006087 210.8210 149.2555 14.57136986279576
1 00538U 61015FX  24324.36210749  .00008616  00000-0  19234-2 0    12\
2 00538  67.8086  33.3359 0006083 210.8479 149.2285 14.57138052279585
1   538U 61015FX  24324.56802940  .00010518  00000-0  23428-2 0  8229\
2   538  67.8085  32.7985 0006052 210.6971 149.3796 14.57144255280316
1 00538U 61015FX  24325.18579123  .00009200  00000-0  20516-2 0    12\
2 00538  67.8084  31.1862 0006003 210.6874 149.3897 14.57154029279703
1   538U 61015FX  24326.14674343  .00009723  00000-0  21661-2 0  8233\
2   538  67.8083  28.6781 0005906 210.9862 149.0912 14.57174157280547
1 00538U 61015FX  24326.48993761  .00010077  00000-0  22438-2 0    13\
2 00538  67.8085  27.7827 0005850 211.0211 149.0565 14.57181460279893
1   538U 61015FX  24327.31359659  .00011323  00000-0  25173-2 0  8245\
2   538  67.8086  25.6332 0005781 210.2391 149.8398 14.57200395280719
1 00538U 61015FX  24327.31359659  .00011323  00000-0  25173-2 0    12\
2 00538  67.8086  25.6332 0005781 210.2391 149.8398 14.57200395280012
1 00538U 61015FX  24327.51951025  .00012026  00000-0  26719-2 0    17\
2 00538  67.8086  25.0957 0005704 211.1365 148.9419 14.57205077280044
1 00538U 61015FX  24328.27451952  .00012471  00000-0  27688-2 0    15\
2 00538  67.8089  23.1246 0005660 210.8688 149.2101 14.57221993280151
1   538U 61015FX  24328.54906634  .00012002  00000-0  26654-2 0  8253\
2   538  67.8090  22.4084 0005616 210.4471 149.6325 14.57227879280894
1 00538U 61015FX  24328.54906634  .00012002  00000-0  26654-2 0    19\
2 00538  67.8090  22.4084 0005616 210.4471 149.6325 14.57227879280197
1   538U 61015FX  24330.33358830  .00013816  00000-0  30614-2 0  8268\
2   538  67.8092  17.7508 0005414 209.9366 150.1446 14.57273341281152
1 00538U 61015FX  24330.53949115  .00012280  00000-0  27236-2 0    17\
2 00538  67.8090  17.2131 0005384 209.2342 150.8479 14.57276985280485
1 00538U 61015FX  24330.95129416  .00014351  00000-0  31780-2 0    17\
2 00538  67.8092  16.1388 0005325 209.3865 150.6958 14.57290259280542
1   538U 61015FX  24332.39258065  .00012172  00000-0  26972-2 0  8272\
2   538  67.8089  12.3768 0005161 209.7782 150.3046 14.57326354281450
1 00538U 61015FX  24332.39258065  .00012172  00000-0  26972-2 0    16\
2 00538  67.8089  12.3768 0005161 209.7782 150.3046 14.57326354280752
1   538U 61015FX  24333.49067931  .00013759  00000-0  30437-2 0  8288\
2   538  67.8086   9.5108 0005074 210.3443 149.7385 14.57356164281616
1 00538U 61015FX  24333.49067931  .00013759  00000-0  30437-2 0    11\
2 00538  67.8086   9.5108 0005074 210.3443 149.7385 14.57356164280918
1 00538U 61015FX  24334.38286820  .00013059  00000-0  28887-2 0    19\
2 00538  67.8088   7.1814 0004936 209.1330 150.9516 14.57379087281049
1   538U 61015FX  24335.06915750  .00013266  00000-0  29328-2 0  8295\
2   538  67.8090   5.3904 0004865 208.0943 151.9916 14.57397572281843
1 00538U 61015FX  24335.06915750  .00013266  00000-0  29328-2 0    17\
2 00538  67.8090   5.3904 0004865 208.0943 151.9916 14.57397572281146
1   538U 61015FX  24336.44171169  .00011575  00000-0  25602-2 0  8300\
2   538  67.8081   1.8058 0004632 208.8477 151.2388 14.57430980282046
1 00538U 61015FX  24336.44171169  .00011575  00000-0  25602-2 0    10\
2 00538  67.8081   1.8058 0004632 208.8477 151.2388 14.57430980281348
1 00538U 61015FX  24336.78484499  .00011839  00000-0  26176-2 0    10\
2 00538  67.8081   0.9098 0004618 208.6657 151.4211 14.57439522281397
1 00538U 61015FX  24337.33385507  .00011727  00000-0  25925-2 0    19\
2 00538  67.8086 359.4766 0004441 209.2128 150.8745 14.57452215281478
1   538U 61015FX  24338.43186315  .00010954  00000-0  24219-2 0  8314\
2   538  67.8082 356.6103 0004503 206.8489 153.2400 14.57473947282336
1 00538U 61015FX  24338.43186315  .00010954  00000-0  24219-2 0    13\
2 00538  67.8082 356.6103 0004503 206.8489 153.2400 14.57473947281638
1   538U 61015FX  24339.46122991  .00009980  00000-0  22076-2 0  8325\
2   538  67.8080 353.9215 0004380 206.1511 153.9390 14.57494370282484
1 00538U 61015FX  24339.46122991  .00009980  00000-0  22076-2 0    13\
2 00538  67.8080 353.9215 0004380 206.1511 153.9390 14.57494370281786
1 00538U 61015FX  24340.42195927  .00009864  00000-0  21813-2 0    19\
2 00538  67.8084 351.4127 0004303 204.7628 155.3287 14.57513030281925
1   538U 61015FX  24341.17680966  .00008130  00000-0  18012-2 0  8339\
2   538  67.8084 349.4415 0004253 204.1801 155.9121 14.57524671282739
1 00538U 61015FX  24341.38267700  .00008363  00000-0  18521-2 0    19\
2 00538  67.8085 348.9039 0004189 204.3268 155.7656 14.57528513282069
1   538U 61015FX  24342.41200572  .00008111  00000-0  17962-2 0  8341\
2   538  67.8087 346.2160 0004065 203.2763 156.8175 14.57545699282914
1 00538U 61015FX  24342.41200572  .00008111  00000-0  17962-2 0    17\
2 00538  67.8087 346.2160 0004065 203.2763 156.8175 14.57545699282217
1 00538U 61015FX  24343.37270094  .00008361  00000-0  18503-2 0    18\
2 00538  67.8087 343.7080 0004067 201.8471 158.2477 14.57562552282355
1   538U 61015FX  24343.64718368  .00008221  00000-0  18195-2 0  8356\
2   538  67.8087 342.9906 0003920 202.6645 157.4304 14.57566850283099
1 00538U 61015FX  24343.64718368  .00008221  00000-0  18195-2 0    11\
2 00538  67.8087 342.9906 0003920 202.6645 157.4304 14.57566850282391
1 00538U 61015FX  24344.40200591  .00008653  00000-0  19134-2 0    13\
2 00538  67.8085 341.0194 0003852 202.2240 157.8715 14.57580324282504
1   538U 61015FX  24345.08820188  .00009167  00000-0  20252-2 0  8368\
2   538  67.8083 339.2278 0003860 201.3300 158.7661 14.57593121283308
1 00538U 61015FX  24345.36267875  .00008963  00000-0  19805-2 0    16\
2 00538  67.8083 338.5110 0003845 201.1408 158.9555 14.57597414282644
1 00538U 61015FX  24345.70577408  .00007641  00000-0  16915-2 0    11\
2 00538  67.8081 337.6148 0003786 201.2709 158.8255 14.57600944282696
1   538U 61015FX  24346.11748699  .00006602  00000-0  14640-2 0  8375\
2   538  67.8080 336.5397 0003706 200.8906 159.2064 14.57605656283458
1 00538U 61015FX  24346.39196101  .00007038  00000-0  15593-2 0    15\
2 00538  67.8080 335.8228 0003690 200.6027 159.4946 14.57610479282793
1 00538U 61015FX  24346.94090719  .00006261  00000-0  13891-2 0    10\
2 00538  67.8078 334.3891 0003656 200.2167 159.8810 14.57617450282872
1   538U 61015FX  24347.21537952  .00006227  00000-0  13816-2 0  8383\
2   538  67.8077 333.6720 0003625 200.1944 159.9035 14.57620634283613
1 00538U 61015FX  24347.35261543  .00005644  00000-0  12540-2 0    15\
2 00538  67.8077 333.3136 0003600 199.9879 160.1102 14.57621530282935
1 00538U 61015FX  24348.03879256  .00005570  00000-0  12376-2 0    12\
2 00538  67.8075 331.5213 0003555 199.4018 160.6968 14.57630098283034
1   538U 61015FX  24348.93081754  .00005847  00000-0  12980-2 0  8396\
2   538  67.8074 329.1913 0003416 198.6644 161.4352 14.57640715283869
1 00538U 61015FX  24348.93081754  .00005847  00000-0  12980-2 0    17\
2 00538  67.8074 329.1913 0003416 198.6644 161.4352 14.57640715283162
1 00538U 61015FX  24348.99943468  .00006279  00000-0  13923-2 0    10\
2 00538  67.8074 329.0119 0003407 198.5287 161.5710 14.57642264283172
1 00538U 61015FX  24349.27390252  .00006582  00000-0  14585-2 0    11\
2 00538  67.8074 328.2950 0003349 198.3586 161.7415 14.57645961283217
1   538U 61015FX  24351.19515629  .00007507  00000-0  16595-2 0  8404\
2   538  67.8077 323.2765 0003244 196.5689 163.5327 14.57672958284193
1 00538U 61015FX  24351.33238748  .00006939  00000-0  15356-2 0    15\
2 00538  67.8080 322.9183 0003259 196.2577 163.8440 14.57673759283510
1   538U 61015FX  24352.29299955  .00007690  00000-0  16989-2 0  8418\
2   538  67.8083 320.4096 0003156 195.3101 164.7926 14.57688686284355
1 00538U 61015FX  24352.29299955  .00007690  00000-0  16989-2 0    16\
2 00538  67.8083 320.4096 0003156 195.3101 164.7926 14.57688686283657
1 00538U 61015FX  24352.91053044  .00008170  00000-0  18033-2 0    18\
2 00538  67.8083 318.7970 0003113 195.0488 165.0541 14.57699219283747
1 00538U 61015FX  24353.25360125  .00008143  00000-0  17972-2 0    18\
2 00538  67.8083 317.9009 0003052 194.9228 165.1803 14.57704567283793
1   538U 61015FX  24353.66528498  .00007140  00000-0  15783-2 0  8429\
2   538  67.8083 316.8257 0003000 194.3682 165.7355 14.57709446284551
1 00538U 61015FX  24354.14558047  .00007301  00000-0  16130-2 0    19\
2 00538  67.8083 315.5712 0002959 193.7565 166.3476 14.57716794283923
1 00538U 61015FX  24354.35142058  .00006948  00000-0  15359-2 0    11\
2 00538  67.8083 315.0336 0002893 192.7437 167.3611 14.57719551283953
1   538U 61015FX  24355.03755164  .00006294  00000-0  13931-2 0  8437\
2   538  67.8082 313.2416 0002829 191.8189 168.2866 14.57728300284757
1 00538U 61015FX  24355.24339001  .00007228  00000-0  15966-2 0    12\
2 00538  67.8081 312.7040 0002813 191.3722 168.7336 14.57732554284083
1 00538U 61015FX  24355.86090241  .00007400  00000-0  16338-2 0    16\
2 00538  67.8081 311.0908 0002804 190.8033 169.3029 14.57742080284178
1   538U 61015FX  24356.27257516  .00007407  00000-0  16352-2 0  8440\
2   538  67.8080 310.0153 0002773 190.9292 169.1770 14.57747971284930
1 00538U 61015FX  24356.27257516  .00007407  00000-0  16352-2 0    15\
2 00538  67.8080 310.0153 0002773 190.9292 169.1770 14.57747971284233
1   538U 61015FX  24357.30174842  .00008445  00000-0  18605-2 0  8452\
2   538  67.8077 307.3269 0002703 189.1066 171.0007 14.57766287285088
1 00538U 61015FX  24357.30174842  .00008445  00000-0  18605-2 0    16\
2 00538  67.8077 307.3269 0002703 189.1066 171.0007 14.57766287284380
1 00538U 61015FX  24358.26229743  .00010199  00000-0  22416-2 0    17\
2 00538  67.8076 304.8179 0002663 186.9690 173.1394 14.57786828284525
1   538U 61015FX  24359.01700560  .00009791  00000-0  21521-2 0  8461\
2   538  67.8074 302.8463 0002619 185.7958 174.3134 14.57801269285334
1 00538U 61015FX  24359.56587908  .00010157  00000-0  22310-2 0    18\
2 00538  67.8073 301.4123 0002493 184.2765 175.8336 14.57813333284717
1   538U 61015FX  24360.11474757  .00010577  00000-0  23217-2 0  8479\
2   538  67.8075 299.9786 0002497 183.9163 176.1939 14.57825896285493
1 00538U 61015FX  24360.25196376  .00011609  00000-0  25459-2 0    11\
2 00538  67.8074 299.6200 0002455 183.5137 176.5967 14.57830795284815
1   538U 61015FX  24361.14386292  .00010475  00000-0  22985-2 0  8488\
2   538  67.8075 297.2896 0002366 180.4002 179.7118 14.57850038285646
1 00538U 61015FX  24361.28107687  .00010436  00000-0  22897-2 0    12\
2 00538  67.8075 296.9312 0002354 179.7749 180.3374 14.57853777284960
1 00538U 61015FX  24361.55550428  .00011220  00000-0  24597-2 0    18\
2 00538  67.8075 296.2141 0002323 178.9725 181.1401 14.57860366285002
1 00538U 61015FX  24362.10435488  .00010936  00000-0  23973-2 0    18\
2 00538  67.8074 294.7803 0002285 179.2984 180.8141 14.57873234285080
1   538U 61015FX  24362.92762250  .00011269  00000-0  24687-2 0  8491\
2   538  67.8075 292.6287 0002248 177.8305 182.2827 14.57892323285902
1 00538U 61015FX  24363.54506586  .00011986  00000-0  26233-2 0    13\
2 00538  67.8079 291.0162 0002184 175.0473 185.0670 14.57907704285295
1   538U 61015FX  24364.43691579  .00012251  00000-0  26795-2 0  8500\
2   538  67.8078 288.6861 0002109 173.7336 186.3812 14.57931711286122
1 00538U 61015FX  24364.43691579  .00012251  00000-0  26795-2 0    18\
2 00538  67.8078 288.6861 0002109 173.7336 186.3812 14.57931711285424
1 00538U 61015FX  24365.05434129  .00013966  00000-0  30499-2 0    13\
2 00538  67.8079 287.0725 0002106 172.0687 188.0468 14.57951037285514
1   538U 61015FX  24366.22056760  .00013527  00000-0  29526-2 0  8520\
2   538  67.8081 284.0250 0002085 167.0440 193.0735 14.57986229286384
1 00538U 61015FX  24366.49497021  .00014195  00000-0  30965-2 0    15\
2 00538  67.8081 283.3080 0002053 164.6101 195.5083 14.57994185285729
1 00538U 61015FX  25001.18096767  .00018297  00000-0  39811-2 0    16
2 00538  67.8080 281.5155 0002068 164.1213 195.9973 14.58021105285823
1   538U 61015FX  25003.10168361  .00014044  00000-0  30568-2 0  8553
2   538  67.8075 276.4958 0001988 152.8214 207.3012 14.58100801286808
1 00538U 61015FX  25003.10168361  .00014044  00000-0  30568-2 0    16
2 00538  67.8075 276.4958 0001988 152.8214 207.3012 14.58100801286101
1   538U 61015FX  25004.13060267  .00008893  00000-0  19431-2 0  8565
2   538  67.8074 273.8064 0001916 149.2972 210.8262 14.58125266286952
1 00538U 61015FX  25004.13060267  .00008893  00000-0  19431-2 0    17
2 00538  67.8074 273.8064 0001916 149.2972 210.8262 14.58125266286255
1   538U 61015FX  25005.09090820  .00013210  00000-0  28733-2 0  8574
2   538  67.8065 271.2964 0001846 150.7360 209.3865 14.58157883287091
1 00538U 61015FX  25005.43386957  .00013021  00000-0  28318-2 0    11
2 00538  67.8063 270.4006 0001919 151.5813 208.5413 14.58168336286443
1 00538U 61015FX  25005.70823772  .00011273  00000-0  24546-2 0    18
2 00538  67.8064 269.6835 0001915 150.9529 209.1699 14.58174098286486
1   538U 61015FX  25006.11978623  .00011583  00000-0  25208-2 0  8580
2   538  67.8065 268.6063 0001722 147.1526 212.9702 14.58187207287248
1 00538U 61015FX  25006.11978623  .00011583  00000-0  25208-2 0    10
2 00538  67.8065 268.6063 0001722 147.1526 212.9702 14.58187207286540
1 00538U 61015FX  25006.87428540  .00009977  00000-0  21735-2 0    16
2 00538  67.8065 266.6343 0001771 144.4297 215.6943 14.58204401286653
1   538U 61015FX  25007.42300725  .00008502  00000-0  18550-2 0  8597
2   538  67.8067 265.1999 0001817 139.7620 220.3636 14.58214481287432
1 00538U 61015FX  25007.42300725  .00008502  00000-0  18550-2 0    16
2 00538  67.8067 265.1999 0001817 139.7620 220.3636 14.58214481286734
1 00538U 61015FX  25007.69736650  .00009134  00000-0  19911-2 0    19
2 00538  67.8066 264.4828 0001814 139.9448 220.1808 14.58220719286777
1 00538U 61015FX  25008.10890354  .00009007  00000-0  19632-2 0    17
2 00538  67.8065 263.4069 0001773 141.0690 219.0559 14.58228511286834
1   538U 61015FX  25008.79479527  .00006754  00000-0  14771-2 0  8605
2   538  67.8067 261.6135 0001759 138.1205 222.0051 14.58237249287631
1 00538U 61015FX  25008.79479527  .00006754  00000-0  14771-2 0    12
2 00538  67.8067 261.6135 0001759 138.1205 222.0051 14.58237249286933
1 00538U 61015FX  25009.06915062  .00006771  00000-0  14807-2 0    11
2 00538  67.8066 260.8962 0001781 136.3926 223.7337 14.58241027286974
1 00538U 61015FX  25009.75503560  .00006458  00000-0  14128-2 0    11
2 00538  67.8065 259.1030 0001734 135.4801 224.6460 14.58251044287079
1   538U 61015FX  25010.09797626  .00007814  00000-0  17049-2 0  8614
2   538  67.8065 258.2063 0001724 133.3737 226.7529 14.58258043287827
1 00538U 61015FX  25010.09797626  .00007814  00000-0  17049-2 0    10
2 00538  67.8065 258.2063 0001724 133.3737 226.7529 14.58258043287120
1   538U 61015FX  25011.81265927  .00006083  00000-0  13310-2 0  8624
2   538  67.8062 253.7239 0001655 128.4694 231.6576 14.58283133288072
1 00538U 61015FX  25011.81265927  .00006083  00000-0  13310-2 0    19
2 00538  67.8062 253.7239 0001655 128.4694 231.6576 14.58283133287374
1 00538U 61015FX  25012.36135141  .00006202  00000-0  13564-2 0    18
2 00538  67.8061 252.2898 0001655 124.2432 235.8847 14.58291827287457
1 00538U 61015FX  25012.70428272  .00006031  00000-0  13195-2 0    16
2 00538  67.8061 251.3932 0001676 122.5319 237.5964 14.58296577287506
1   538U 61015FX  25013.04721297  .00006106  00000-0  13354-2 0  8633
2   538  67.8060 250.4966 0001676 120.7145 239.4142 14.58301085288252
1 00538U 61015FX  25013.04721297  .00006106  00000-0  13354-2 0    17
2 00538  67.8060 250.4966 0001676 120.7145 239.4142 14.58301085287554
1   538U 61015FX  25014.35033717  .00006693  00000-0  14612-2 0  8641
2   538  67.8056 247.0897 0001733 113.3190 246.8114 14.58320377288441
1 00538U 61015FX  25014.62467678  .00006371  00000-0  13919-2 0    13
2 00538  67.8056 246.3725 0001703 112.9059 247.2242 14.58324061287786
1 00538U 61015FX  25014.89901548  .00006576  00000-0  14358-2 0    16
2 00538  67.8055 245.6551 0001657 112.8972 247.2324 14.58328168287823
1 00538U 61015FX  25015.03618470  .00006599  00000-0  14407-2 0    12
2 00538  67.8053 245.2964 0001668 112.2055 247.9244 14.58330253287841
1   538U 61015FX  25015.72202638  .00006765  00000-0  14761-2 0  8659
2   538  67.8051 243.5030 0001692 109.5846 250.5458 14.58342217288647
1 00538U 61015FX  25015.72202638  .00006765  00000-0  14761-2 0    11
2 00538  67.8051 243.5030 0001692 109.5846 250.5458 14.58342217287949
1 00538U 61015FX  25016.06494596  .00006884  00000-0  15015-2 0    10
2 00538  67.8050 242.6062 0001662 107.2623 252.8681 14.58347298287990
1   538U 61015FX  25017.02511186  .00008021  00000-0  17454-2 0  8665
2   538  67.8049 240.0956 0001628 104.2400 255.8903 14.58365312288835
1 00538U 61015FX  25017.02511186  .00008021  00000-0  17454-2 0    16
2 00538  67.8049 240.0956 0001628 104.2400 255.8903 14.58365312288138
1 00538U 61015FX  25017.71093799  .00008779  00000-0  19080-2 0    14
2 00538  67.8050 238.3022 0001648 101.5911 258.5396 14.58378543288230
1 00538U 61015FX  25018.60250237  .00009330  00000-0  20255-2 0    15
2 00538  67.8050 235.9705 0001673  98.5118 261.6193 14.58396426288367
1   538U 61015FX  25018.67108370  .00009285  00000-0  20159-2 0  8674
2   538  67.8050 235.7911 0001663  98.1023 262.0287 14.58397764289078
1 00538U 61015FX  25018.94540879  .00009495  00000-0  20606-2 0    18
2 00538  67.8048 235.0736 0001685  97.6000 262.5314 14.58403262288410
1 00538U 61015FX  25019.01398992  .00009470  00000-0  20553-2 0    18
2 00538  67.8049 234.8943 0001688  97.5263 262.6050 14.58404576288429
1   538U 61015FX  25019.76837810  .00010270  00000-0  22262-2 0  8687
2   538  67.8054 232.9212 0001695  93.6480 266.4835 14.58420577289231
1 00538U 61015FX  25019.90553874  .00011010  00000-0  23848-2 0    11
2 00538  67.8055 232.5625 0001686  93.1107 267.0207 14.58424295288552
1 00538U 61015FX  25019.97411908  .00010961  00000-0  23742-2 0    16
2 00538  67.8057 232.3827 0001692  91.2899 268.8416 14.58425466288563
1 00538U 61015FX  25020.93423332  .00012505  00000-0  27040-2 0    19
2 00538  67.8058 229.8719 0001686  87.6773 272.4542 14.58449000288705
1   538U 61015FX  25020.93423332  .00012505  00000-0  27040-2 0  8691
2   538  67.8058 229.8719 0001686  87.6773 272.4542 14.58449000289403
1 00538U 61015FX  25021.62001944  .00011406  00000-0  24676-2 0    18
2 00538  67.8060 228.0786 0001750  84.6978 275.4344 14.58465011288803
1 00538U 61015FX  25021.89433187  .00011502  00000-0  24878-2 0    16
2 00538  67.8061 227.3612 0001744  83.2830 276.8490 14.58471541288845
1 00538U 61015FX  25023.60875686  .00010392  00000-0  22480-2 0    14
2 00538  67.8059 222.8782 0001843  77.4849 282.6479 14.58510501289095
1   538U 61015FX  25023.60875686  .00010392  00000-0  22480-2 0  8708
2   538  67.8059 222.8782 0001843  77.4849 282.6479 14.58510501289792
1 00538U 61015FX  25023.95163626  .00012009  00000-0  25937-2 0    13
2 00538  67.8058 221.9811 0001802  75.3233 284.8088 14.58520239289141
1 00538U 61015FX  25024.50023892  .00012431  00000-0  26833-2 0    10
2 00538  67.8058 220.5464 0001806  71.7148 288.4170 14.58533792289228
1   538U 61015FX  25024.63738867  .00012410  00000-0  26786-2 0  8718
2   538  67.8057 220.1876 0001804  70.4298 289.7018 14.58537428289944
1 00538U 61015FX  25024.63738867  .00012410  00000-0  26786-2 0    13
2 00538  67.8057 220.1876 0001804  70.4298 289.7018 14.58537428289247
1 00538U 61015FX  25025.52885563  .00011206  00000-0  24200-2 0    19
2 00538  67.8054 217.8559 0001857  66.7764 293.3553 14.58557186289371
1 00538U 61015FX  25025.87172406  .00010262  00000-0  22176-2 0    13
2 00538  67.8054 216.9592 0001872  65.6991 294.4326 14.58564219289426
1   538U 61015FX  25025.87172406  .00010262  00000-0  22176-2 0  8729
2   538  67.8054 216.9592 0001872  65.6991 294.4326 14.58564219290125
1 00538U 61015FX  25026.62602991  .00009437  00000-0  20405-2 0    19
2 00538  67.8052 214.9862 0001910  62.3876 297.7440 14.58578446289533
1 00538U 61015FX  25026.90032090  .00009382  00000-0  20284-2 0    11
2 00538  67.8051 214.2687 0001909  61.9297 298.2018 14.58584030289577
1   538U 61015FX  25026.90032090  .00009382  00000-0  20284-2 0  8738
2   538  67.8051 214.2687 0001909  61.9297 298.2018 14.58584030290276
1 00538U 61015FX  25027.58604427  .00009605  00000-0  20756-2 0    17
2 00538  67.8049 212.4749 0001945  58.4850 301.6461 14.58597502289679
1 00538U 61015FX  25027.86033190  .00009961  00000-0  21513-2 0    18
2 00538  67.8049 211.7571 0001966  57.5276 302.6035 14.58603228289715
1   538U 61015FX  25028.75175797  .00010136  00000-0  21879-2 0  8746
2   538  67.8049 209.4252 0001917  53.1251 307.0046 14.58622532290549
1 00538U 61015FX  25028.88889909  .00012179  00000-0  26239-2 0    13
2 00538  67.8049 209.0665 0002001  53.0114 307.1191 14.58628808289862
1   538U 61015FX  25028.88889909  .00012179  00000-0  26239-2 0  8752
2   538  67.8049 209.0665 0002001  53.0114 307.1191 14.58628808290561
1 00538U 61015FX  25030.53456977  .00010225  00000-0  22047-2 0    16
2 00538  67.8054 204.7614 0002141  46.9649 313.1652 14.58666356290101
1   538U 61015FX  25030.53456977  .00010225  00000-0  22047-2 0  8766
2   538  67.8054 204.7614 0002141  46.9649 313.1652 14.58666356290808
1 00538U 61015FX  25031.49452645  .00011095  00000-0  23895-2 0    18
2 00538  67.8060 202.2500 0002246  43.5133 316.6166 14.58687088290240
1   538U 61015FX  25032.52303619  .00012821  00000-0  27561-2 0  8772
2   538  67.8059 199.5588 0002321  39.8501 320.2791 14.58711202291098
1 00538U 61015FX  25032.59160277  .00013392  00000-0  28776-2 0    12
2 00538  67.8060 199.3794 0002316  39.4528 320.6762 14.58713590290404
1 00538U 61015FX  25033.48296099  .00014711  00000-0  31569-2 0    13
2 00538  67.8070 197.0481 0002361  35.6512 324.4767 14.58738988290533
1   538U 61015FX  25034.51143385  .00011648  00000-0  25033-2 0  8784
2   538  67.8070 194.3572 0002507  31.6836 328.4437 14.58762547291381
1 00538U 61015FX  25034.51143385  .00011648  00000-0  25033-2 0    12
2 00538  67.8070 194.3572 0002507  31.6836 328.4437 14.58762547290683
1 00538U 61015FX  25035.53988925  .00011880  00000-0  25513-2 0    13
2 00538  67.8062 191.6653 0002616  28.1121 332.0141 14.58786884290833
1   538U 61015FX  25035.74557838  .00012245  00000-0  26288-2 0  8790
2   538  67.8060 191.1269 0002635  27.4592 332.6669 14.58791828291560
1 00538U 61015FX  25036.49976683  .00010809  00000-0  23223-2 0    13
2 00538  67.8060 189.1538 0002715  25.9194 334.2063 14.58806693290973
1 00538U 61015FX  25036.91113857  .00011761  00000-0  25243-2 0    18
2 00538  67.8057 188.0776 0002769  24.7904 335.3350 14.58817042291035
1   538U 61015FX  25036.91113857  .00011761  00000-0  25243-2 0  8803
2   538  67.8057 188.0776 0002769  24.7904 335.3350 14.58817042291732
1 00538U 61015FX  25037.59675321  .00010946  00000-0  23503-2 0    13
2 00538  67.8057 186.2835 0002852  23.4725 336.6526 14.58830106291137
1 00538U 61015FX  25037.80243626  .00011185  00000-0  24009-2 0    14
2 00538  67.8057 185.7454 0002867  22.7476 337.3772 14.58834816291165
1   538U 61015FX  25038.41948157  .00010296  00000-0  22112-2 0  8825
2   538  67.8056 184.1307 0002932  21.3506 338.7738 14.58846867291959
1 00538U 61015FX  25038.89940253  .00009177  00000-0  19728-2 0    14
2 00538  67.8056 182.8750 0003003  20.1240 340.0000 14.58855333291325
1   538U 61015FX  25039.44788023  .00009135  00000-0  19636-2 0  8831
2   538  67.8056 181.4397 0003058  18.8414 341.2820 14.58864962292102
1 00538U 61015FX  25039.44788023  .00009135  00000-0  19636-2 0    13
2 00538  67.8056 181.4397 0003058  18.8414 341.2820 14.58864962291404
1 00538U 61015FX  25039.79067641  .00010514  00000-0  22563-2 0    13
2 00538  67.8057 180.5428 0003123  17.9073 342.2158 14.58873553291450
1 00538U 61015FX  25040.54482342  .00009612  00000-0  20639-2 0    16
2 00538  67.8060 178.5690 0003235  16.6624 343.4604 14.58886182291567
1   538U 61015FX  25040.75049869  .00009901  00000-0  21253-2 0  8845
2   538  67.8061 178.0309 0003278  15.9379 344.1845 14.58890263292297
1 00538U 61015FX  25040.75049869  .00009901  00000-0  21253-2 0    16
2 00538  67.8061 178.0309 0003278  15.9379 344.1845 14.58890263291599
1 00538U 61015FX  25041.57319140  .00011589  00000-0  24827-2 0    14
2 00538  67.8064 175.8781 0003400  14.2250 345.8967 14.58910897291711
1   538U 61015FX  25041.77886312  .00011411  00000-0  24447-2 0  8858
2   538  67.8063 175.3398 0003407  11.9278 348.1924 14.58915329292445
1 00538U 61015FX  25041.77886312  .00011411  00000-0  24447-2 0    18
2 00538  67.8063 175.3398 0003407  11.9278 348.1924 14.58915329291747
1 00538U 61015FX  25042.46443148  .00010310  00000-0  22102-2 0    14
2 00538  67.8069 173.5456 0003483  12.1363 347.9842 14.58928491291841
1 00538U 61015FX  25042.73865696  .00009629  00000-0  20655-2 0    12
2 00538  67.8069 172.8282 0003485  11.0424 349.0773 14.58933152291888
1   538U 61015FX  25043.42421667  .00008749  00000-0  18782-2 0  8866
2   538  67.8072 171.0342 0003525   9.9891 350.1300 14.58944965292681
1 00538U 61015FX  25043.62988342  .00009063  00000-0  19447-2 0    14
2 00538  67.8071 170.4955 0003546   9.4089 350.7099 14.58948822292014
1   538U 61015FX  25044.45254549  .00008730  00000-0  18735-2 0  8872
2   538  67.8073 168.3429 0003613   8.1819 351.9361 14.58963297292838
1 00538U 61015FX  25044.45254549  .00008730  00000-0  18735-2 0    10
2 00538  67.8073 168.3429 0003613   8.1819 351.9361 14.58963297292131
1   538U 61015FX  25045.48086022  .00010699  00000-0  22900-2 0  8882
2   538  67.8075 165.6518 0003716   6.3769 353.7400 14.58985739292982
1 00538U 61015FX  25045.48086022  .00010699  00000-0  22900-2 0    19
2 00538  67.8075 165.6518 0003716   6.3769 353.7400 14.58985739292285
1 00538U 61015FX  25046.57771091  .00011612  00000-0  24820-2 0    16
2 00538  67.8075 162.7808 0003890   3.7290 356.3860 14.59011622292447
1   538U 61015FX  25046.71481583  .00011504  00000-0  24589-2 0  8892
2   538  67.8073 162.4219 0003900   4.0652 356.0500 14.59014994293169
1 00538U 61015FX  25046.71481583  .00011504  00000-0  24589-2 0    18
2 00538  67.8073 162.4219 0003900   4.0652 356.0500 14.59014994292461
1 00538U 61015FX  25047.60598959  .00011323  00000-0  24195-2 0    15
2 00538  67.8069 160.0890 0004028   1.9818 358.1319 14.59036840292596
1 00538U 61015FX  25047.81164312  .00011839  00000-0  25284-2 0    12
2 00538  67.8070 159.5505 0004031   1.7787 358.3348 14.59042948292625
1   538U 61015FX  25048.01729601  .00011837  00000-0  25276-2 0  8908
2   538  67.8068 159.0126 0004103   1.4046 358.7087 14.59047686293350
1 00538U 61015FX  25048.42859912  .00012609  00000-0  26902-2 0    11
2 00538  67.8067 157.9359 0004156   0.4342 359.6783 14.59059461292716
1 00538U 61015FX  25048.70279985  .00011141  00000-0  23794-2 0    14
2 00538  67.8067 157.2181 0004165 359.9999   0.1122 14.59064633292758
1   538U 61015FX  25049.31974571  .00013117  00000-0  27962-2 0  8918
2   538  67.8064 155.6031 0004271 358.6751   1.4359 14.59083202293548
1 00538U 61015FX  25049.31974571  .00013117  00000-0  27962-2 0    11
2 00538  67.8064 155.6031 0004271 358.6751   1.4359 14.59083202292840
1   538U 61015FX  25050.41652147  .00015373  00000-0  32705-2 0  8921
2   538  67.8065 152.7320 0004457 358.7745   1.3365 14.59115601293701
1 00538U 61015FX  25050.62216463  .00012715  00000-0  27092-2 0    13
2 00538  67.8065 152.1936 0004471 357.3851   2.7247 14.59117716293036
1 00538U 61015FX  25051.44472917  .00013183  00000-0  28066-2 0    14
2 00538  67.8065 150.0405 0004563 356.8910   3.2183 14.59140155293157
1   538U 61015FX  25051.71891511  .00010374  00000-0  22133-2 0  8936
2   538  67.8063 149.3225 0004613 355.7933   4.3150 14.59143649293893
1 00538U 61015FX  25051.71891511  .00010374  00000-0  22133-2 0    17
2 00538  67.8063 149.3225 0004613 355.7933   4.3150 14.59143649293196
1 00538U 61015FX  25052.61001153  .00009193  00000-0  19631-2 0    18
2 00538  67.8065 146.9904 0004734 354.4812   5.6257 14.59161696293320
1   538U 61015FX  25053.36400650  .00010752  00000-0  22913-2 0  8946
2   538  67.8066 145.0159 0004845 353.8692   6.2370 14.59180274294131
1 00538U 61015FX  25053.50109571  .00009847  00000-0  21002-2 0    11
2 00538  67.8067 144.6573 0004850 353.9301   6.1761 14.59182096293452
1   538U 61015FX  25054.46070995  .00011726  00000-0  24953-2 0  8952
2   538  67.8067 142.1444 0005023 352.8267   7.2782 14.59207590294299
1 00538U 61015FX  25054.59779664  .00010941  00000-0  23298-2 0    13
2 00538  67.8068 141.7857 0005014 352.4511   7.6535 14.59209848293614
1   538U 61015FX  25055.48885071  .00013280  00000-0  28213-2 0  8965
2   538  67.8071 139.4527 0005127 351.8513   8.2525 14.59235149294447
1 00538U 61015FX  25055.62593500  .00012154  00000-0  25839-2 0    12
2 00538  67.8072 139.0939 0005117 351.7119   8.3918 14.59237101293762
1 00538U 61015FX  25055.62593484  .00014150  00000-0  30042-2 0    13
2 00538  67.8072 139.0938 0005125 351.3771   8.7262 14.59239499293768
1 00538U 61015FX  25056.92821386  .00012490  00000-0  26526-2 0    19
2 00538  67.8072 135.6841 0005319 349.6804  10.4208 14.59274138293955
1   538U 61015FX  25056.92821386  .00012490  00000-0  26526-2 0  8972
2   538  67.8072 135.6840 0005319 349.6791  10.4220 14.59274137294650
1 00538U 61015FX  25057.47653276  .00013219  00000-0  28050-2 0    15
2 00538  67.8070 134.2483 0005388 349.6763  10.4248 14.59289671294032
1   538U 61015FX  25058.36753909  .00013500  00000-0  28626-2 0  8984
2   538  67.8068 131.9147 0005492 348.5967  11.5029 14.59313503294862
1 00538U 61015FX  25058.36753909  .00013500  00000-0  28626-2 0    10
2 00538  67.8068 131.9147 0005492 348.5967  11.5029 14.59313503294165
1   538U 61015FX  25059.39560373  .00014310  00000-0  30309-2 0  8991
2   538  67.8064 129.2222 0005604 348.0182  12.0806 14.59344001295015
1 00538U 61015FX  25059.60121461  .00012668  00000-0  26856-2 0    17
2 00538  67.8065 128.6836 0005630 347.6967  12.4017 14.59347598294342
1   538U 61015FX  25060.49218618  .00010161  00000-0  21577-2 0  9006
2   538  67.8059 126.3497 0005773 346.4097  13.6869 14.59366828295179
1 00538U 61015FX  25060.49218618  .00010161  00000-0  21577-2 0    18
2 00538  67.8059 126.3497 0005773 346.4097  13.6869 14.59366828294471
1 00538U 61015FX  25061.52021761  .00007190  00000-0  15323-2 0    14
2 00538  67.8055 123.6568 0005941 345.1472  14.9475 14.59383515294622
1   538U 61015FX  25061.52021761  .00007190  00000-0  15323-2 0  9013
2   538  67.8055 123.6568 0005941 345.1472  14.9475 14.59383515295320
1 00538U 61015FX  25062.47970531  .00006384  00000-0  13625-2 0    14
2 00538  67.8052 121.1438 0006003 344.3933  15.7003 14.59395104294769
1   538U 61015FX  25062.54823988  .00006357  00000-0  13567-2 0  9020
2   538  67.8052 120.9643 0006026 344.2270  15.8663 14.59395890295476
1 00538U 61015FX  25063.50771966  .00006368  00000-0  13586-2 0    18
2 00538  67.8052 118.4497 0006255 343.2376  16.8538 14.59406989294917
1   538U 61015FX  25064.46719082  .00007549  00000-0  16065-2 0  9033
2   538  67.8052 115.9381 0006169 342.7125  17.3786 14.59422047295758
1 00538U 61015FX  25064.53572432  .00006822  00000-0  14537-2 0    11
2 00538  67.8052 115.7586 0006171 342.6265  17.4645 14.59421490295060
1   538U 61015FX  25065.49518769  .00005797  00000-0  12379-2 0  9044
2   538  67.8054 113.2458 0006281 341.7494  18.3401 14.59431430295907
1 00538U 61015FX  25065.56372029  .00005967  00000-0  12737-2 0    14
2 00538  67.8055 113.0662 0006283 341.6256  18.4638 14.59432808295217
1 00538U 61015FX  25066.38611143  .00005453  00000-0  11655-2 0    16
2 00538  67.8055 110.9122 0006393 341.1577  18.9308 14.59441388295332
1   538U 61015FX  25067.41409293  .00005425  00000-0  11592-2 0  9054
2   538  67.8057 108.2196 0006513 340.2085  19.8783 14.59452645296182
1 00538U 61015FX  25067.20849715  .00005339  00000-0  11412-2 0    10
2 00538  67.8057 108.7581 0006487 340.3934  19.6938 14.59450375295456
1 00538U 61015FX  25067.55115618  .00006189  00000-0  13196-2 0    11
2 00538  67.8057 107.8606 0006567 339.8436  20.2426 14.59455940295502
1   538U 61015FX  25068.51059559  .00007837  00000-0  16652-2 0  9064
2   538  67.8057 105.3475 0006575 339.5730  20.5128 14.59471245296343
1 00538U 61015FX  25068.51059559  .00007837  00000-0  16652-2 0    10
2 00538  67.8057 105.3475 0006575 339.5730  20.5128 14.59471245295645
1 00538U 61015FX  25068.57912670  .00007768  00000-0  16506-2 0    19
2 00538  67.8057 105.1679 0006665 339.1339  20.9510 14.59471952295655
1 00538U 61015FX  25069.47002587  .00006930  00000-0  14743-2 0    17
2 00538  67.8055 102.8342 0006776 338.4235  21.6600 14.59482972295780
1   538U 61015FX  25070.08679815  .00006277  00000-0  13370-2 0  9074
2   538  67.8054 101.2184 0006842 337.9297  22.1529 14.59490184296570
1 00538U 61015FX  25070.49797776  .00006185  00000-0  13177-2 0    14
2 00538  67.8052 100.1409 0006844 337.8085  22.2740 14.59495615295931
1   538U 61015FX  25071.11474456  .00006773  00000-0  14407-2 0  9087
2   538  67.8052  98.5250 0006889 337.4308  22.6510 14.59504197296721
1 00538U 61015FX  25071.45739127  .00006944  00000-0  14764-2 0    13
2 00538  67.8050  97.6274 0006971 337.0130  23.0679 14.59509007296070
1   538U 61015FX  25072.21120801  .00010287  00000-0  21764-2 0  9091
2   538  67.8049  95.6523 0006976 336.5459  23.5344 14.59526203296886
1 00538U 61015FX  25072.48532124  .00009708  00000-0  20549-2 0    14
2 00538  67.8049  94.9341 0007023 336.4182  23.6617 14.59530463296227
1 00538U 61015FX  25073.44470966  .00010105  00000-0  21371-2 0    13
2 00538  67.8048  92.4204 0007103 336.0060  24.0730 14.59550154296362
1   538U 61015FX  25074.47261031  .00009695  00000-0  20503-2 0  9116
2   538  67.8047  89.7267 0007181 335.1190  24.9585 14.59571691297210
1 00538U 61015FX  25074.47261031  .00009695  00000-0  20503-2 0    16
2 00538  67.8047  89.7267 0007181 335.1190  24.9585 14.59571691296512
1 00538U 61015FX  25075.43196997  .00008744  00000-0  18506-2 0    15
2 00538  67.8048  87.2135 0007203 334.2660  25.8103 14.59591515296655
1 00538U 61015FX  25075.98016960  .00010121  00000-0  21380-2 0    12
2 00538  67.8049  85.7762 0007459 334.6512  25.4244 14.59604892296732
1   538U 61015FX  25076.18574269  .00011318  00000-0  23878-2 0  9120
2   538  67.8049  85.2377 0007390 334.1494  25.9258 14.59611373297460
1 00538U 61015FX  25076.39131552  .00011352  00000-0  23946-2 0    10
2 00538  67.8050  84.6991 0007436 334.2643  25.8108 14.59616339296790
1 00538U 61015FX  25076.73393466  .00011599  00000-0  24458-2 0    14
2 00538  67.8051  83.8014 0007335 333.5663  26.5084 14.59625036296841
1   538U 61015FX  25077.41916608  .00013472  00000-0  28356-2 0  9134
2   538  67.8052  82.0061 0007357 332.8132  27.2604 14.59646636297646
1 00538U 61015FX  25077.41916608  .00013472  00000-0  28356-2 0    12
2 00538  67.8052  82.0061 0007357 332.8132  27.2604 14.59646636296948
1 00538U 61015FX  25077.76177832  .00013199  00000-0  27781-2 0    15
2 00538  67.8053  81.1086 0007379 332.4254  27.6476 14.59655887296995
1 00538U 61015FX  25078.37847452  .00013180  00000-0  27730-2 0    19
2 00538  67.8055  79.4925 0007447 332.6799  27.3931 14.59674389297083
1   538U 61015FX  25079.13220129  .00015833  00000-0  33242-2 0  9145
2   538  67.8057  77.5179 0007426 331.8894  28.1826 14.59702693297890
1 00538U 61015FX  25079.40628088  .00015428  00000-0  32391-2 0    12
2 00538  67.8057  76.7996 0007433 331.6901  28.3817 14.59711405297234
1   538U 61015FX  25080.15999239  .00013357  00000-0  28065-2 0  9151
2   538  67.8058  74.8244 0007455 331.5566  28.5148 14.59731412298049
1 00538U 61015FX  25080.36554790  .00013264  00000-0  27867-2 0    15
2 00538  67.8057  74.2860 0007452 331.0600  29.0108 14.59737456297378
1   538U 61015FX  25081.11924402  .00021229  00000-0  44405-2 0  9162
2   538  67.8058  72.3112 0007454 330.8028  29.2677 14.59769443298185
1 00538U 61015FX  25081.32479428  .00022266  00000-0  46550-2 0    18
2 00538  67.8058  71.7712 0007408 330.8454  29.2254 14.59778787297514
1   538U 61015FX  25082.14698381  .00019843  00000-0  41490-2 0  9171
2   538  67.8058  69.6169 0007371 330.3101  29.7602 14.59810813298339
1 00538U 61015FX  25082.14698381  .00019843  00000-0  41490-2 0    15
2 00538  67.8058  69.6169 0007371 330.3101  29.7602 14.59810813297631
1   538U 61015FX  25083.38023670  .00014689  00000-0  30758-2 0  9180
2   538  67.8053  66.3835 0007482 330.2203  29.8493 14.59850002298516
1 00538U 61015FX  25083.38023670  .00014689  00000-0  30758-2 0    13
2 00538  67.8053  66.3835 0007482 330.2203  29.8493 14.59850002297818
1 00538U 61015FX  25084.06536199  .00017524  00000-0  36625-2 0    14
2 00538  67.8055  64.5885 0007357 329.2992  30.7699 14.59875812297915
1   538U 61015FX  25084.68196618  .00015919  00000-0  33282-2 0  9190
2   538  67.8054  62.9717 0007449 328.8083  31.2596 14.59894058298701
1 00538U 61015FX  25084.68196618  .00015919  00000-0  33282-2 0    12
2 00538  67.8054  62.9717 0007449 328.8083  31.2596 14.59894058298004
1 00538U 61015FX  25085.29856152  .00017721  00000-0  36999-2 0    17
2 00538  67.8051  61.3553 0007453 328.7143  31.3535 14.59916951298093
1   538U 61015FX  25086.18918339  .00019081  00000-0  39788-2 0  9202
2   538  67.8053  59.0202 0007476 328.3805  31.6867 14.59949049298923
1 00538U 61015FX  25086.32620025  .00019157  00000-0  39940-2 0    14
2 00538  67.8052  58.6609 0007469 328.3651  31.7022 14.59954526298244
1   538U 61015FX  25087.28530755  .00013125  00000-0  27431-2 0  9212
2   538  67.8056  56.1464 0007514 328.0598  32.0068 14.59980347299085
1 00538U 61015FX  25087.28530755  .00013125  00000-0  27431-2 0    11
2 00538  67.8056  56.1464 0007514 328.0598  32.0068 14.59980347298387
1 00538U 61015FX  25087.97037345  .00012949  00000-0  27056-2 0    10
2 00538  67.8059  54.3501 0007534 327.3803  32.6853 14.59999232298487
1   538U 61015FX  25088.31290329  .00012954  00000-0  27061-2 0  9226
2   538  67.8061  53.4522 0007470 327.3870  32.6790 14.60008509299230
1 00538U 61015FX  25088.31290329  .00012954  00000-0  27061-2 0    14
2 00538  67.8061  53.4522 0007470 327.3870  32.6790 14.60008509298532
1 00538U 61015FX  25088.92945255  .00011162  00000-0  23342-2 0    14
2 00538  67.8063  51.8358 0007490 327.1783  32.8873 14.60021359298628
1 00538U 61015FX  25089.27197707  .00010901  00000-0  22797-2 0    17
2 00538  67.8067  50.9374 0007485 326.8398  33.2254 14.60029483298671
1   538U 61015FX  25090.09402923  .00010481  00000-0  21919-2 0  9239
2   538  67.8070  48.7822 0007478 326.6824  33.3827 14.60047364299498
1 00538U 61015FX  25090.29954079  .00010347  00000-0  21639-2 0    12
2 00538  67.8071  48.2433 0007483 326.4728  33.5920 14.60051792298821
1   538U 61015FX  25091.12158016  .00011298  00000-0  23598-2 0  9248
2   538  67.8074  46.0881 0007475 325.8404  34.2236 14.60070701299642
1 00538U 61015FX  25091.32708828  .00010811  00000-0  22589-2 0    17
2 00538  67.8074  45.5494 0007468 326.0123  34.0520 14.60075397298974
1 00538U 61015FX  25091.94360905  .00010530  00000-0  22002-2 0    13
2 00538  67.8075  43.9331 0007493 325.6651  34.3986 14.60088658299060
1   538U 61015FX  25092.28611787  .00012084  00000-0  25209-2 0  9251
2   538  67.8075  43.0352 0007497 325.5609  34.5027 14.60098460299813
1 00538U 61015FX  25092.28611787  .00012084  00000-0  25209-2 0    16
2 00538  67.8075  43.0352 0007497 325.5609  34.5027 14.60098460299116
1 00538U 61015FX  25093.17663003  .00015442  00000-0  32129-2 0    13
2 00538  67.8072  40.7007 0007489 325.1770  34.8861 14.60125717299249
1   538U 61015FX  25093.17663003  .00015442  00000-0  32129-2 0  9269
2   538  67.8072  40.7007 0007489 325.1770  34.8861 14.60125717299946
1   538U 61015FX  25094.54661765  .00013776  00000-0  28666-2 0  9274
2   538  67.8072  37.1077 0007437 325.3133  34.7504 14.60163505300146
1   538U 61015FX  25095.23159543  .00018065  00000-0  37485-2 0  9283
2   538  67.8067  35.3106 0007534 325.2710  34.7920 14.60191524300246
1 00538U 61015FX  25095.91656252  .00015520  00000-0  32228-2 0    12
2 00538  67.8068  33.5143 0007504 325.0395  35.0234 14.60212200299640
1   538U 61015FX  25096.87549929  .00013088  00000-0  27200-2 0  9290
2   538  67.8071  30.9993 0007530 324.2550  35.8068 14.60239883300485
1 00538U 61015FX  25096.94399417  .00012978  00000-0  26972-2 0    16
2 00538  67.8071  30.8196 0007525 324.2742  35.7877 14.60241652299791
1 00538U 61015FX  25097.21797261  .00013378  00000-0  27791-2 0    11
2 00538  67.8073  30.1011 0007511 324.1787  35.8831 14.60250004299832
1 00538U 61015FX  25097.90291426  .00011129  00000-0  23152-2 0    18
2 00538  67.8074  28.3048 0007520 323.9455  36.1160 14.60263722299932
1   538U 61015FX  25097.90291426  .00011129  00000-0  23152-2 0  9309
2   538  67.8074  28.3048 0007520 323.9455  36.1160 14.60263722300632
1 00538U 61015FX  25098.24538206  .00012432  00000-0  25829-2 0    17
2 00538  67.8075  27.4069 0007534 323.6395  36.4215 14.60273618299985
1   538U 61015FX  25099.20428134  .00014034  00000-0  29112-2 0  9313
2   538  67.8078  24.8915 0007537 323.3189  36.7417 14.60299226300826
1 00538U 61015FX  25099.20428134  .00014034  00000-0  29112-2 0    11
2 00538  67.8078  24.8915 0007537 323.3189  36.7417 14.60299226300129
1 00538U 61015FX  25099.88919842  .00013369  00000-0  27732-2 0    12
2 00538  67.8080  23.0952 0007534 323.1065  36.9539 14.60317294300226
1   538U 61015FX  25100.50561593  .00013533  00000-0  28060-2 0  9321
2   538  67.8081  21.4778 0007487 323.1618  36.8989 14.60335047301018
1 00538U 61015FX  25100.50561593  .00013533  00000-0  28060-2 0    18
2 00538  67.8081  21.4778 0007487 323.1618  36.8989 14.60335047300310
1 00538U 61015FX  25100.84806713  .00012098  00000-0  25104-2 0    12
2 00538  67.8082  20.5796 0007506 322.9172  37.1431 14.60342991300362
1 00538U 61015FX  25101.19051616  .00013310  00000-0  27590-2 0    14
2 00538  67.8083  19.6813 0007505 322.6766  37.3834 14.60353648300413
1   538U 61015FX  25101.80692010  .00011696  00000-0  24265-2 0  9336
2   538  67.8083  18.0645 0007487 322.6258  37.4343 14.60366622301204
1 00538U 61015FX  25102.14936403  .00012224  00000-0  25346-2 0    16
2 00538  67.8083  17.1664 0007474 322.5086  37.5514 14.60375471300559
1 00538U 61015FX  25102.76575816  .00012061  00000-0  25002-2 0    19
2 00538  67.8082  15.5496 0007506 322.0568  38.0025 14.60389795300646
1   538U 61015FX  25103.17668334  .00014256  00000-0  29501-2 0  9344
2   538  67.8081  14.4719 0007495 321.9824  38.0769 14.60403701301405
1 00538U 61015FX  25103.72457962  .00011626  00000-0  24095-2 0    14
2 00538  67.8082  13.0347 0007497 321.7708  38.2883 14.60414321300788
1   538U 61015FX  25104.13549861  .00010572  00000-0  21927-2 0  9356
2   538  67.8081  11.9567 0007530 321.3643  38.6940 14.60423153301546
1 00538U 61015FX  25104.88884427  .00009648  00000-0  20023-2 0    10
2 00538  67.8079   9.9804 0007584 320.8756  39.1817 14.60437669300952
1   538U 61015FX  25105.43672716  .00010329  00000-0  21415-2 0  9369
2   538  67.8076   8.5428 0007557 320.8242  39.2333 14.60449444301731
1 00538U 61015FX  25105.43672716  .00010329  00000-0  21415-2 0    12
2 00538  67.8076   8.5428 0007557 320.8242  39.2333 14.60449444301034
1 00538U 61015FX  25105.84763728  .00010053  00000-0  20846-2 0    12
2 00538  67.8075   7.4647 0007560 320.6624  39.3949 14.60456658301095
1 00538U 61015FX  25106.12157590  .00010827  00000-0  22432-2 0    10
2 00538  67.8075   6.7461 0007542 320.6098  39.4475 14.60462887301137
1   538U 61015FX  25107.08034755  .00035564  00000-0  72903-2 0  9374
2   538  67.8073   4.2302 0007496 319.9014  40.1554 14.60517419301970
1 00538U 61015FX  25107.08034755  .00035564  00000-0  72903-2 0    16
2 00538  67.8073   4.2302 0007496 319.9014  40.1554 14.60517419301273
1   538U 61015FX  25107.90214604  .00009190  00000-0  19056-2 0  9408
2   538  67.8072   2.0741 0007521 319.6182  40.4382 14.60502405302099
1 00538U 61015FX  25107.90214604  .00009190  00000-0  19056-2 0    16
2 00538  67.8072   2.0741 0007521 319.6182  40.4382 14.60502405301391
1   538U 61015FX  25108.99786112  .00007675  00000-0  15942-2 0  9413
2   538  67.8074 359.1996 0007555 318.9606  41.0947 14.60519564302255
1 00538U 61015FX  25109.68267600  .00007698  00000-0  15985-2 0    15
2 00538  67.8074 357.4027 0007537 318.7401  41.3151 14.60531194301658
1   538U 61015FX  25110.09356230  .00007696  00000-0  15979-2 0  9425
2   538  67.8074 356.3242 0007503 318.6148  41.4405 14.60538009302415
1 00538U 61015FX  25110.09356230  .00007696  00000-0  15979-2 0    11
2 00538  67.8074 356.3242 0007503 318.6148  41.4405 14.60538009301717
1 00538U 61015FX  25111.05228953  .00007013  00000-0  14573-2 0    10
2 00538  67.8075 353.8085 0007510 318.2092  41.8456 14.60553109301850
1   538U 61015FX  25111.66860805  .00009027  00000-0  18695-2 0  9436
2   538  67.8075 352.1914 0007507 318.0330  42.0217 14.60567375302648
1 00538U 61015FX  25111.66860805  .00009027  00000-0  18695-2 0    11
2 00538  67.8075 352.1914 0007507 318.0330  42.0217 14.60567375301940
1 00538U 61015FX  25112.07948403  .00009838  00000-0  20351-2 0    10
2 00538  67.8077 351.1127 0007555 317.9674  42.0869 14.60576184302008
1 00538U 61015FX  25113.03818752  .00008241  00000-0  17077-2 0    18
2 00538  67.8073 348.5974 0007493 317.6363  42.4181 14.60591249302142
1   538U 61015FX  25114.75012997  .00009449  00000-0  19535-2 0  9454
2   538  67.8076 344.1040 0007648 316.0733  43.9781 14.60622849303095
1   538U 61015FX  25113.03818752  .00008241  00000-0  17077-2 0  9444
2   538  67.8073 348.5974 0007493 317.6363  42.4181 14.60591249302849
1 00538U 61015FX  25114.75012997  .00009449  00000-0  19535-2 0    17
2 00538  67.8076 344.1040 0007648 316.0733  43.9781 14.60622849302397
1   538U 61015FX  25116.25661013  .00008231  00000-0  17035-2 0  9462
2   538  67.8068 340.1502 0007670 315.2774  44.7729 14.60648262303319
1 00538U 61015FX  25116.94136496  .00008973  00000-0  18546-2 0    13
2 00538  67.8072 338.3548 0007727 315.0413  45.0084 14.60661186302715
1   538U 61015FX  25117.42069010  .00008205  00000-0  16973-2 0  9473
2   538  67.8068 337.0966 0007715 314.5052  45.5440 14.60668039303480
1 00538U 61015FX  25117.42069010  .00008205  00000-0  16973-2 0    14
2 00538  67.8068 337.0966 0007715 314.5052  45.5440 14.60668039302782
1   538U 61015FX  25118.99559636  .00007648  00000-0  15825-2 0  9480
2   538  67.8063 332.9624 0007776 313.4784  46.5692 14.60693937303718
1   538U 61015FX  25121.73450484  .00007203  00000-0  14904-2 0  9504
2   538  67.8064 325.7724 0007847 311.7398  48.3054 14.60733038304115
1 00538U 61015FX  25121.73450484  .00007203  00000-0  14904-2 0 13150
2 00538  67.8064 325.7724 0007847 311.7398  48.3054 14.60733038303417
1 00538U 61015FX  25122.62463358  .00007847  00000-0  16214-2 0    14
2 00538  67.8066 323.4357 0007827 311.0426  49.0019 14.60747914303540
1 00538U 61015FX  25122.69310468  .00007796  00000-0  16108-2 0    19
2 00538  67.8066 323.2561 0007835 311.0196  49.0249 14.60748815303555
1   538U 61015FX  25122.96698808  .00008197  00000-0  16925-2 0  9513
2   538  67.8067 322.5372 0007839 310.8457  49.1985 14.60754210304295
1 00538U 61015FX  25123.58322305  .00007660  00000-0  15827-2 0    18
2 00538  67.8067 320.9197 0007834 310.3111  49.7326 14.60764099303682
1 00538U 61015FX  25123.85710419  .00006687  00000-0  13841-2 0    17
2 00538  67.8067 320.2007 0007865 310.2214  49.8220 14.60766628303721
1   538U 61015FX  25124.26792452  .00006329  00000-0  13107-2 0  9523
2   538  67.8067 319.1223 0007868 309.8942  50.1488 14.60772262304489
1 00538U 61015FX  25124.26792452  .00006329  00000-0  13107-2 0    18
2 00538  67.8067 319.1223 0007868 309.8942  50.1488 14.60772262303781
1 00538U 61015FX  25124.67874355  .00005635  00000-0  11690-2 0    10
2 00538  67.8066 318.0440 0007882 309.4879  50.5546 14.60776638303847
1   538U 61015FX  25125.50037709  .00006132  00000-0  12702-2 0  9531
2   538  67.8066 315.8873 0007916 308.8940  51.1476 14.60787811304667
1 00538U 61015FX  25125.84272281  .00006116  00000-0  12668-2 0    11
2 00538  67.8065 314.9886 0007944 308.6762  51.3649 14.60791691304015
1   538U 61015FX  25126.86975465  .00005589  00000-0  11589-2 0  9549
2   538  67.8061 312.2926 0008027 308.0963  51.9435 14.60802904304869
1 00538U 61015FX  25126.86975465  .00005589  00000-0  11589-2 0    12
2 00538  67.8061 312.2926 0008027 308.0963  51.9435 14.60802904304162
1 00538U 61015FX  25127.89677770  .00004809  00000-0  99971-3 0    10
2 00538  67.8058 309.5963 0008056 307.1005  52.9381 14.60813472304317
1   538U 61015FX  25127.89677770  .00004809  00000-0  99971-3 0  9558
2   538  67.8058 309.5963 0008056 307.1005  52.9381 14.60813472305015
1 00538U 61015FX  25128.64992349  .00005584  00000-0  11574-2 0    19
2 00538  67.8056 307.6190 0008141 306.4841  53.5531 14.60822801304423
1   538U 61015FX  25129.53999966  .00005067  00000-0  10518-2 0  9562
2   538  67.8054 305.2822 0008217 306.1816  53.8546 14.60831130305256
1 00538U 61015FX  25128.85532613  .00005820  00000-0  12055-2 0    14
2 00538  67.8056 307.0798 0008145 306.3016  53.7354 14.60825434304451
1 00538U 61015FX  25129.81386799  .00005281  00000-0  10953-2 0    19
2 00538  67.8055 304.5633 0008235 306.0015  54.0344 14.60834489304594
1 00538U 61015FX  25130.22466891  .00006493  00000-0  13421-2 0    17
2 00538  67.8055 303.4851 0008199 305.1293  54.9061 14.60841519304655
1 00538U 61015FX  25130.63546952  .00005229  00000-0  10846-2 0    13
2 00538  67.8055 302.4065 0008223 304.9855  55.0495 14.60843381304719
1 00538U 61015FX  25131.45706621  .00004860  00000-0  10093-2 0    19
2 00538  67.8054 300.2491 0008246 303.8827  56.1511 14.60851528304835
1 00538U 61015FX  25131.79939654  .00004988  00000-0  10351-2 0    18
2 00538  67.8055 299.3503 0008266 303.4897  56.5436 14.60855638304884
1   538U 61015FX  25131.86786246  .00004984  00000-0  10343-2 0  9581
2   538  67.8057 299.1706 0008264 303.3913  56.6419 14.60856519305595
1 00538U 61015FX  25132.55252075  .00004990  00000-0  10354-2 0    14
2 00538  67.8058 297.3732 0008317 302.8267  57.2054 14.60863632304999
1 00538U 61015FX  25132.82638319  .00005072  00000-0  10521-2 0    11
2 00538  67.8057 296.6540 0008325 302.7427  57.2893 14.60866564305037
1   538U 61015FX  25133.51103692  .00004828  00000-0  10022-2 0  9595
2   538  67.8058 294.8564 0008379 302.3082  57.7229 14.60873070305832
1 00538U 61015FX  25133.51103692  .00004828  00000-0  10022-2 0    13
2 00538  67.8058 294.8564 0008379 302.3082  57.7229 14.60873070305135
1 00538U 61015FX  25133.85336245  .00005059  00000-0  10492-2 0    10
2 00538  67.8059 293.9576 0008403 302.0856  57.9451 14.60877143305182
1   538U 61015FX  25134.74340539  .00004770  00000-0  99005-3 0  9656
2   538  67.8060 291.6206 0008458 301.3718  58.6577 14.60885405306018
1 00538U 61015FX  25134.74340539  .00004770  00000-0  99005-3 0    17
2 00538  67.8060 291.6206 0008458 301.3718  58.6577 14.60885405305310
1 00538U 61015FX  25135.42804982  .00005040  00000-0  10449-2 0    15
2 00538  67.8060 289.8234 0008515 300.9382  59.0903 14.60893009305414
1   538U 61015FX  25135.83883488  .00005003  00000-0  10372-2 0  9662
2   538  67.8060 288.7446 0008549 300.6891  59.3389 14.60897336306178
1 00538U 61015FX  25136.52347387  .00004932  00000-0  10226-2 0    10
2 00538  67.8061 286.9472 0008612 299.9087  60.1180 14.60904351305574
1 00538U 61015FX  25136.79732855  .00005010  00000-0  10384-2 0    10
2 00538  67.8062 286.2283 0008631 299.7645  60.2619 14.60907431305612
1   538U 61015FX  25137.48196210  .00007187  00000-0  14810-2 0  9672
2   538  67.8062 284.4307 0008696 299.2461  60.7792 14.60919321306418
1 00538U 61015FX  25137.55042522  .00007418  00000-0  15279-2 0    12
2 00538  67.8062 284.2508 0008700 299.2680  60.7572 14.60920575305720
1 00538U 61015FX  25137.82427722  .00007572  00000-0  15590-2 0    18
2 00538  67.8062 283.5318 0008724 299.1049  60.9200 14.60924383305760
1   538U 61015FX  25138.50890468  .00006914  00000-0  14251-2 0  9689
2   538  67.8061 281.7343 0008775 298.6504  61.3736 14.60931687306566
1 00538U 61015FX  25138.57736717  .00006962  00000-0  14347-2 0    19
2 00538  67.8061 281.5546 0008776 298.6252  61.3988 14.60932656305879
1 00538U 61015FX  25138.78275431  .00007139  00000-0  14707-2 0    10
2 00538  67.8060 281.0153 0008790 298.4439  61.5798 14.60935810305908
1   538U 61015FX  25139.74122407  .00005210  00000-0  10783-2 0  9692
2   538  67.8057 278.4987 0008876 297.5276  62.4945 14.60943784306749
1 00538U 61015FX  25140.49430310  .00005063  00000-0  10482-2 0    10
2 00538  67.8054 276.5212 0008940 296.9135  63.1074 14.60951465306156
1   538U 61015FX  25140.76814894  .00005206  00000-0  10773-2 0  9700
2   538  67.8054 275.8021 0008951 296.8258  63.1949 14.60954703306893
1 00538U 61015FX  25140.76814894  .00005206  00000-0  10773-2 0    15
2 00538  67.8054 275.8021 0008951 296.8258  63.1949 14.60954703306196
1   538U 61015FX  25142.06890948  .00004459  00000-0  92518-3 0  9717
2   538  67.8053 272.3864 0009049 295.9416  64.0774 14.60966863307082
1 00538U 61015FX  25142.41121311  .00005134  00000-0  10622-2 0    17
2 00538  67.8052 271.4876 0009062 295.7689  64.2498 14.60971640306431
1   538U 61015FX  25143.43811860  .00004482  00000-0  92947-3 0  9728
2   538  67.8054 268.7909 0009151 294.9251  65.0920 14.60980907307283
1 00538U 61015FX  25143.43811860  .00004482  00000-0  92947-3 0    11
2 00538  67.8054 268.7909 0009151 294.9251  65.0920 14.60980907306585
1 00538U 61015FX  25143.78041901  .00004401  00000-0  91304-3 0    17
2 00538  67.8054 267.8920 0009183 294.4455  65.5710 14.60984002306632
1 00538U 61015FX  25144.39655791  .00004342  00000-0  90074-3 0    10
2 00538  67.8055 266.2740 0009246 294.0911  65.9244 14.60989561306720
1   538U 61015FX  25144.73885635  .00004393  00000-0  91120-3 0  9737
2   538  67.8056 265.3751 0009277 293.9697  66.0454 14.60992728307473
1 00538U 61015FX  25144.73885635  .00004393  00000-0  91120-3 0    19
2 00538  67.8056 265.3751 0009277 293.9697  66.0454 14.60992728306775
1 00538U 61015FX  25145.42345049  .00004576  00000-0  94810-3 0    18
2 00538  67.8058 263.5774 0009343 293.4536  66.5604 14.60999796306878
1   538U 61015FX  25147.40875707  .00004664  00000-0  96556-3 0  9743
2   538  67.8060 258.3639 0009543 291.9863  68.0245 14.61018632307861
1 00538U 61015FX  25147.40875707  .00004664  00000-0  96556-3 0    14
2 00538  67.8060 258.3639 0009543 291.9863  68.0245 14.61018632307164
1   538U 61015FX  25148.57254493  .00005369  00000-0  11083-2 0  9750
2   538  67.8060 255.3079 0009646 291.2094  68.7999 14.61031604308036
1 00538U 61015FX  25148.57254493  .00005369  00000-0  11083-2 0    10
2 00538  67.8060 255.3079 0009646 291.2094  68.7999 14.61031604307338
1 00538U 61015FX  25149.25712110  .00005545  00000-0  11439-2 0    12
2 00538  67.8060 253.5102 0009683 290.8490  69.1595 14.61039345307439
1   538U 61015FX  25150.55780343  .00005682  00000-0  11712-2 0  9778
2   538  67.8057 250.0946 0009785 290.0321  69.9749 14.61056386308323
1 00538U 61015FX  25150.62626001  .00005584  00000-0  11513-2 0    14
2 00538  67.8056 249.9149 0009804 289.9571  70.0495 14.61057089307635
1 00538U 61015FX  25151.58464803  .00004800  00000-0  99212-3 0    13
2 00538  67.8055 247.3980 0009878 289.3792  70.6263 14.61067600307773
1   538U 61015FX  25151.65310408  .00004756  00000-0  98320-3 0  9784
2   538  67.8055 247.2183 0009878 289.3534  70.6520 14.61068353308482
1 00538U 61015FX  25151.65310408  .00004756  00000-0  98320-3 0    11
2 00538  67.8055 247.2183 0009878 289.3534  70.6520 14.61068353307784
1 00538U 61015FX  25152.26920677  .00005631  00000-0  11604-2 0    16
2 00538  67.8054 245.6003 0009941 288.9399  71.0646 14.61076787307875
1   538U 61015FX  25153.29603360  .00007363  00000-0  15106-2 0  9796
2   538  67.8054 242.9035 0010038 288.2418  71.7612 14.61095510308724
1   538U 61015FX  25154.32284746  .00008767  00000-0  17941-2 0  9804
2   538  67.8054 240.2066 0010109 287.6613  72.3406 14.61116474308875
1 00538U 61015FX  25154.32284746  .00008767  00000-0  17941-2 0    18
2 00538  67.8054 240.2066 0010109 287.6613  72.3406 14.61116474308178
1   538U 61015FX  25155.28119869  .00003902  00000-0  80909-3 0  9815
2   538  67.8056 237.6895 0010217 287.0544  72.9460 14.61122843309014
1 00538U 61015FX  25155.55501213  .00004361  00000-0  90195-3 0    14
2 00538  67.8056 236.9702 0010239 286.9040  73.0960 14.61126524308359
1 00538U 61015FX  25155.62346539  .00004368  00000-0  90336-3 0    14
2 00538  67.8055 236.7904 0010236 286.9021  73.0980 14.61127358308365
1 00538U 61015FX  25156.44490230  .00003558  00000-0  73907-3 0    18
2 00538  67.8056 234.6327 0010313 286.1412  73.8575 14.61134200308489
1   538U 61015FX  25156.58180820  .00003598  00000-0  74730-3 0  9821
2   538  67.8055 234.2731 0010318 286.0808  73.9178 14.61135361309206
1 00538U 61015FX  25156.58180820  .00003598  00000-0  74730-3 0    13
2 00538  67.8055 234.2731 0010318 286.0808  73.9178 14.61135361308508
1 00538U 61015FX  25157.60859911  .00003408  00000-0  70868-3 0    19
2 00538  67.8055 231.5762 0010406 285.3637  74.6336 14.61143119308652
1   538U 61015FX  25157.60859911  .00003408  00000-0  70868-3 0  9849
2   538  67.8055 231.5762 0010406 285.3637  74.6336 14.61143119309350
1 00538U 61015FX  25158.15621887  .00003431  00000-0  71320-3 0    19
2 00538  67.8054 230.1379 0010450 285.0040  74.9926 14.61147104308739
1 00538U 61015FX  25158.56693262  .00003551  00000-0  73742-3 0    13
2 00538  67.8055 229.0592 0010485 284.7407  75.2554 14.61150358308797
1   538U 61015FX  25159.18300133  .00004054  00000-0  83910-3 0  9852
2   538  67.8054 227.4411 0010533 284.3624  75.6329 14.61156395309588
1 00538U 61015FX  25159.31990529  .00004035  00000-0  83519-3 0    14
2 00538  67.8054 227.0814 0010543 284.2857  75.7095 14.61157306308908
1 00538U 61015FX  25159.59371342  .00003468  00000-0  72058-3 0    15
2 00538  67.8054 226.3622 0010572 284.1125  75.8823 14.61157648308949
1 00538U 61015FX  25160.55203673  .00003567  00000-0  74046-3 0  9865
2 00538  67.8051 223.8451 0010621 283.5792  76.4147 14.61165443309787
1 00538U 61015FX  25161.57880718  .00002903  00000-0  60589-3 0    17
2 00538  67.8049 221.1485 0010682 283.0817  76.9114 14.61171520309234
1   538U 61015FX  25161.57880718  .00002903  00000-0  60589-3 0  9870
2   538  67.8049 221.1485 0010682 283.0817  76.9114 14.61171520309931
1 00538U 61015FX  25162.46867098  .00002752  00000-0  57534-3 0    10
2 00538  67.8048 218.8114 0010746 282.6171  77.3750 14.61177301309362
1   538U 61015FX  25163.15317931  .00002850  00000-0  59499-3 0  9888
2   538  67.8046 217.0135 0010790 282.2628  77.7287 14.61182059310161
1 00538U 61015FX  25163.56388278  .00003505  00000-0  72751-3 0    15
2 00538  67.8046 215.9347 0010810 282.0210  77.9701 14.61186433309522
1   538U 61015FX  25164.52218492  .00006793  00000-0  13917-2 0  9897
2   538  67.8044 213.4175 0010896 281.4127  78.5772 14.61203074310366
1 00538U 61015FX  25164.52218492  .00006793  00000-0  13917-2 0    12
2 00538  67.8044 213.4175 0010896 281.4127  78.5772 14.61203074309667
1 00538U 61015FX  25164.86443447  .00006667  00000-0  13663-2 0    17
2 00538  67.8044 212.5184 0010931 281.2797  78.7097 14.61206236309719
1   538U 61015FX  25165.54893292  .00004225  00000-0  87271-3 0  9902
2   538  67.8043 210.7202 0010990 280.7738  79.2148 14.61206425310516
1 00538U 61015FX  25166.50722399  .00003264  00000-0  67843-3 0    16
2 00538  67.8043 208.2030 0011016 280.1611  79.8269 14.61213591309959
1   538U 61015FX  25167.05481704  .00003256  00000-0  67668-3 0  9913
2   538  67.8042 206.7645 0010987 279.9177  80.0706 14.61218202310734
1 00538U 61015FX  25167.05481704  .00003256  00000-0  67668-3 0    15
2 00538  67.8042 206.7645 0010987 279.9177  80.0706 14.61218202310037
1 00538U 61015FX  25167.80775547  .00002955  00000-0  61574-3 0    14
2 00538  67.8043 204.7866 0011087 279.3834  80.6035 14.61222537310146
1   538U 61015FX  25168.49224316  .00002954  00000-0  61549-3 0  9923
2   538  67.8045 202.9886 0011138 278.8332  81.1529 14.61226540310944
1 00538U 61015FX  25168.49224316  .00002954  00000-0  61549-3 0    14
2 00538  67.8045 202.9886 0011138 278.8332  81.1529 14.61226540310247
1 00538U 61015FX  25169.45052317  .00002854  00000-0  59517-3 0    12
2 00538  67.8042 200.4713 0011195 278.1748  81.8105 14.61231742310385
1   538U 61015FX  25169.79276512  .00002955  00000-0  61550-3 0  9936
2   538  67.8042 199.5722 0011219 277.9483  82.0366 14.61233997311133
1 00538U 61015FX  25169.79276512  .00002955  00000-0  61550-3 0    16
2 00538  67.8042 199.5722 0011219 277.9483  82.0366 14.61233997310435
1 00538U 61015FX  25170.34035141  .00003050  00000-0  63472-3 0    12
2 00538  67.8043 198.1337 0011255 277.6972  82.2873 14.61237334310516
1   538U 61015FX  25171.02483290  .00002810  00000-0  58622-3 0  9945
2   538  67.8042 196.3357 0011290 277.3117  82.6722 14.61240361311314
1 00538U 61015FX  25171.02483290  .00002810  00000-0  58622-3 0    14
2 00538  67.8042 196.3357 0011290 277.3117  82.6722 14.61240361310616
1   538U 61015FX  25172.05155176  .00002543  00000-0  53215-3 0  9955
2   538  67.8041 193.6385 0011328 276.6935  83.2899 14.61245143311467
1 00538U 61015FX  25172.32534326  .00002417  00000-0  50674-3 0    17
2 00538  67.8041 192.9193 0011353 276.5443  83.4388 14.61245901310801
1   538U 61015FX  25173.07826734  .00002500  00000-0  52340-3 0  9965
2   538  67.8039 190.9413 0011356 276.1341  83.8488 14.61250238311611
1 00538U 61015FX  25173.48895274  .00002398  00000-0  50275-3 0    12
2 00538  67.8038 189.8624 0011362 275.9507  84.0321 14.61251838310973
1   538U 61015FX  25174.44721673  .00002338  00000-0  49073-3 0  9972
2   538  67.8037 187.3450 0011395 275.3748  84.6075 14.61256038311812
1 00538U 61015FX  25174.44721673  .00002338  00000-0  49073-3 0    18
2 00538  67.8037 187.3450 0011395 275.3748  84.6075 14.61256038311115
1 00538U 61015FX  25174.99479475  .00002311  00000-0  48516-3 0    10
2 00538  67.8036 185.9066 0011413 275.0682  84.9139 14.61258522311198
1   538U 61015FX  25176.15839544  .00002110  00000-0  44440-3 0  9981
2   538  67.8036 182.8495 0011416 274.3569  85.6250 14.61262964312063
1 00538U 61015FX  25176.36373640  .00002330  00000-0  48884-3 0    19
2 00538  67.8035 182.3101 0011443 274.2489  85.7326 14.61264427311397
1   538U 61015FX  25177.39043877  .00002412  00000-0  50544-3 0    50
2   538  67.8037 179.6127 0011431 273.6597  86.3219 14.61269193312244
1 00538U 61015FX  25177.39043877  .00002412  00000-0  50544-3 0    16
2 00538  67.8037 179.6127 0011431 273.6597  86.3219 14.61269193311546
1 00538U 61015FX  25178.28024449  .00002531  00000-0  52932-3 0    14
2 00538  67.8038 177.2753 0011413 273.1018  86.8799 14.61273761311677
1 00538U 61015FX  25178.96470902  .00002356  00000-0  49409-3 0    18
2 00538  67.8039 175.4772 0011315 272.5817  87.4011 14.61276518311778
1   538U 61015FX  25179.17004806  .00002224  00000-0  46730-3 0    61
2   538  67.8040 174.9376 0011303 272.4584  87.5245 14.61277053312508
1 00538U 61015FX  25179.30694068  .00002196  00000-0  46167-3 0    18
2 00538  67.8039 174.5779 0011380 272.4720  87.5100 14.61277493311828
1   538U 61015FX  25180.19674116  .00002072  00000-0  43656-3 0    78
2   538  67.8039 172.2401 0011411 271.9396  88.0420 14.61281319312658
1 00538U 61015FX  25180.33363335  .00002048  00000-0  43184-3 0    15
2 00538  67.8039 171.8806 0011452 271.9109  88.0703 14.61281861311979
1   538U 61015FX  25181.22343075  .00002219  00000-0  46625-3 0    83
2   538  67.8041 169.5430 0011396 271.2807  88.7010 14.61286717312800
1 00538U 61015FX  25181.36032245  .00002209  00000-0  46433-3 0    11
2 00538  67.8041 169.1834 0011388 271.1956  88.7863 14.61287339312121
1   538U 61015FX  25182.38700779  .00002797  00000-0  58283-3 0    94
2   538  67.8042 166.4863 0011384 270.4725  89.5093 14.61294096312971
1 00538U 61015FX  25182.59234457  .00002661  00000-0  55548-3 0    15
2 00538  67.8042 165.9468 0011385 270.3810  89.6009 14.61294654312306
1 00538U 61015FX  25183.34524423  .00002573  00000-0  53754-3 0    13
2 00538  67.8043 163.9687 0011371 269.8911  90.0909 14.61298216312413
1   538U 61015FX  25183.89280583  .00002935  00000-0  61072-3 0   103
2   538  67.8043 162.5301 0011354 269.4880  90.4942 14.61302494313194
1 00538U 61015FX  25184.37192178  .00002705  00000-0  56416-3 0    10
2 00538  67.8042 161.2713 0011350 269.2905  90.6918 14.61304290312569
1 00538U 61015FX  25184.91948119  .00002837  00000-0  59074-3 0    13
2 00538  67.8042 159.8328 0011351 268.9271  91.0551 14.61307966312647
1   538U 61015FX  25185.12481571  .00002848  00000-0  59307-3 0   113
2   538  67.8043 159.2934 0011346 268.8061  91.1762 14.61309156313374
1 00538U 61015FX  25185.33014986  .00003055  00000-0  63465-3 0    18
2 00538  67.8042 158.7540 0011299 268.5575  91.4254 14.61311108312709
1   538U 61015FX  25186.21992962  .00003264  00000-0  67676-3 0   127
2   538  67.8042 156.4163 0011243 268.0160  91.9675 14.61317263313531
1 00538U 61015FX  25186.90437284  .00003036  00000-0  63066-3 0    18
2 00538  67.8041 154.6181 0011218 267.5417  92.4422 14.61321214312931
1   538U 61015FX  25187.31503777  .00003166  00000-0  65699-3 0   136
2   538  67.8041 153.5391 0011194 267.3667  92.6174 14.61324360313695
1 00538U 61015FX  25187.31503777  .00003166  00000-0  65699-3 0    13
2 00538  67.8041 153.5391 0011194 267.3667  92.6174 14.61324360312997
1 00538U 61015FX  25187.93103351  .00002966  00000-0  61647-3 0    11
2 00538  67.8042 151.9204 0011171 267.0668  92.9176 14.61328527313081
1 00538U 61015FX  25188.13636490  .00003557  00000-0  73565-3 0    18
2 00538  67.8042 151.3809 0011159 266.8495  93.1351 14.61331278313116
1   538U 61015FX  25188.88924558  .00002924  00000-0  60804-3 0   148
2   538  67.8043 149.4035 0011087 266.2787  93.7069 14.61335186313927
1 00538U 61015FX  25189.29990668  .00002910  00000-0  60506-3 0    19
2 00538  67.8043 148.3243 0011064 266.0027  93.9831 14.61337819313289
1 00538U 61015FX  25190.94254412  .00002531  00000-0  52870-3 0    17
2 00538  67.8045 144.0086 0010990 264.9409  95.0460 14.61346975313528
1   538U 61015FX  25191.14787303  .00002519  00000-0  52623-3 0   157
2   538  67.8046 143.4691 0010997 264.7904  95.1964 14.61348104314256
1 00538U 61015FX  25191.28475900  .00002486  00000-0  51950-3 0    19
2 00538  67.8045 143.1093 0010984 264.7356  95.2514 14.61348794313576
1   538U 61015FX  25192.17451596  .00002357  00000-0  49341-3 0   167
2   538  67.8047 140.7718 0010942 264.1508  95.8368 14.61353269314401
1 00538U 61015FX  25192.31140138  .00002374  00000-0  49684-3 0    13
2 00538  67.8048 140.4122 0010916 264.0260  95.9619 14.61354093313723
1   538U 61015FX  25193.20115384  .00003140  00000-0  65125-3 0   174
2   538  67.8049 138.0745 0010857 263.3435  96.6452 14.61361718314555
1 00538U 61015FX  25193.26959623  .00003137  00000-0  65059-3 0    17
2 00538  67.8049 137.8947 0010859 263.3216  96.6672 14.61362106313864
1   538U 61015FX  25194.22778748  .00003325  00000-0  68833-3 0   181
2   538  67.8050 135.3771 0010797 262.6511  97.3385 14.61368430314704
1 00538U 61015FX  25194.22778748  .00003325  00000-0  68833-3 0    13
2 00538  67.8050 135.3771 0010797 262.6511  97.3385 14.61368430314007
1 00538U 61015FX  25194.84376518  .00003286  00000-0  68047-3 0    13
2 00538  67.8050 133.7586 0010747 262.1636  97.8267 14.61372399314093
1   538U 61015FX  25195.25441647  .00003071  00000-0  63715-3 0   193
2   538  67.8049 132.6798 0010726 261.8905  98.1002 14.61374186314857
1 00538U 61015FX  25195.25441647  .00003071  00000-0  63715-3 0    14
2 00538  67.8049 132.6798 0010726 261.8905  98.1002 14.61374186314150
1 00538U 61015FX  25195.93883323  .00002910  00000-0  60459-3 0    13
2 00538  67.8049 130.8813 0010676 261.4533  98.5381 14.61378201314252
1 00538U 61015FX  25196.21259890  .00003277  00000-0  67845-3 0    14
2 00538  67.8048 130.1621 0010625 261.1840  98.8080 14.61381341314295
1   538U 61015FX  25196.82857108  .00003097  00000-0  64216-3 0   207
2   538  67.8050 128.5435 0010559 260.8042  99.1887 14.61385287315088
1 00538U 61015FX  25196.96545359  .00003058  00000-0  63439-3 0    16
2 00538  67.8050 128.1838 0010550 260.6995  99.2935 14.61386010314402
1 00538U 61015FX  25197.44454152  .00003025  00000-0  62759-3 0    18
2 00538  67.8049 126.9249 0010533 260.3701  99.6233 14.61389095314473
1   538U 61015FX  25197.85518728  .00003188  00000-0  66053-3 0   216
2   538  67.8048 125.8458 0010510 260.1160  99.8777 14.61392406315234
1 00538U 61015FX  25197.92362817  .00003196  00000-0  66197-3 0    16
2 00538  67.8048 125.6659 0010509 260.0879  99.9058 14.61392864314543
1 00538U 61015FX  25198.19739130  .00003752  00000-0  77404-3 0    13
2 00538  67.8048 124.9466 0010491 259.8801 100.1139 14.61396151314584
1 00538U 61015FX  25198.81335721  .00003444  00000-0  71185-3 0    18
2 00538  67.8047 123.3280 0010452 259.3911 100.6036 14.61400139314677
1   538U 61015FX  25199.15555977  .00003425  00000-0  70802-3 0   220
2   538  67.8047 122.4288 0010433 259.1480 100.8469 14.61402455315422
1 00538U 61015FX  25199.49776154  .00003529  00000-0  72890-3 0    10
2 00538  67.8047 121.5296 0010419 258.9308 101.0644 14.61405328314778
1 00538U 61015FX  25199.77152256  .00003487  00000-0  72042-3 0    14
2 00538  67.8047 120.8103 0010406 258.7223 101.2731 14.61407380314811
1   538U 61015FX  25200.18216313  .00003312  00000-0  68517-3 0   230
2   538  67.8048 119.7313 0010392 258.4481 101.5475 14.61410189315572
1 00538U 61015FX  25200.18216313  .00003312  00000-0  68517-3 0    16
2 00538  67.8048 119.7313 0010392 258.4481 101.5475 14.61410189314874
1   538U 61015FX  25201.20876079  .00003477  00000-0  71825-3 0   244
2   538  67.8051 117.0339 0010330 257.7007 102.2959 14.61418761315729
1 00538U 61015FX  25201.20876079  .00003477  00000-0  71825-3 0    19
2 00538  67.8051 117.0339 0010330 257.7007 102.2959 14.61418761315022
1 00538U 61015FX  25201.96159538  .00003561  00000-0  73512-3 0    15
2 00538  67.8052 115.0557 0010322 257.2231 102.7739 14.61424850315137
1 00538U 61015FX  25202.16691411  .00003379  00000-0  69852-3 0    18
2 00538  67.8053 114.5162 0010234 257.0506 102.9474 14.61425744315163
1   538U 61015FX  25203.19350150  .00003704  00000-0  76370-3 0   255
2   538  67.8056 111.8188 0010167 256.3196 103.6796 14.61434190316011
1 00538U 61015FX  25204.15164373  .00004979  00000-0  10200-2 0    10
2 00538  67.8057 109.3013 0010093 255.5085 104.4919 14.61445036315451
1   538U 61015FX  25204.83602693  .00005195  00000-0  10633-2 0   265
2   538  67.8057 107.5029 0010041 254.8766 105.1247 14.61452160316256
1 00538U 61015FX  25204.83602693  .00005195  00000-0  10633-2 0    18
2 00538  67.8057 107.5029 0010041 254.8766 105.1247 14.61452160315558
1 00538U 61015FX  25205.45196897  .00005243  00000-0  10728-2 0    10
2 00538  67.8057 105.8843 0009978 254.3963 105.6059 14.61458545315643
1 00538U 61015FX  25205.93103294  .00005024  00000-0  10287-2 0    19
2 00538  67.8056 104.6253 0009959 253.9694 106.0332 14.61463164315719
1   538U 61015FX  25206.13634541  .00004636  00000-0  95063-3 0   278
2   538  67.8056 104.0859 0009927 253.7845 106.2186 14.61465215316445
1 00538U 61015FX  25206.13634541  .00004636  00000-0  95063-3 0    10
2 00538  67.8056 104.0859 0009927 253.7845 106.2186 14.61465215315747
1 00538U 61015FX  25206.95759323  .00004134  00000-0  84955-3 0    17
2 00538  67.8055 101.9277 0009859 253.0400 106.9643 14.61472629315865
1   538U 61015FX  25207.43665229  .00004305  00000-0  88373-3 0   289
2   538  67.8053 100.6683 0009854 252.6893 107.3152 14.61477517316633
1 00538U 61015FX  25207.91570957  .00004921  00000-0  10074-2 0    12
2 00538  67.8052  99.4093 0009849 252.4636 107.5411 14.61483515316005
1 00538U 61015FX  25208.39476561  .00004402  00000-0  90317-3 0    14
2 00538  67.8051  98.1503 0009825 252.0927 107.9125 14.61487073316075
1   538U 61015FX  25208.73694772  .00004512  00000-0  92513-3 0   290
2   538  67.8049  97.2510 0009799 251.7507 108.2550 14.61490504316822
1 00538U 61015FX  25208.73694772  .00004512  00000-0  92513-3 0    10
2 00538  67.8049  97.2510 0009799 251.7507 108.2550 14.61490504316125
1 00538U 61015FX  25209.14756514  .00004544  00000-0  93152-3 0    14
2 00538  67.8049  96.1720 0009772 251.5901 108.4160 14.61494412316180
1   538U 61015FX  25209.83192536  .00004238  00000-0  86997-3 0   309
2   538  67.8048  94.3734 0009748 251.2734 108.7331 14.61499994316989
1 00538U 61015FX  25210.37941119  .00004604  00000-0  94342-3 0    17
2 00538  67.8047  92.9344 0009713 250.6538 109.3535 14.61505902316368
1 00538U 61015FX  25210.72158919  .00004450  00000-0  91235-3 0    11
2 00538  67.8047  92.0350 0009687 250.2745 109.7333 14.61508593316417
1   538U 61015FX  25211.06376635  .00004456  00000-0  91342-3 0   314
2   538  67.8047  91.1357 0009662 250.0344 109.9739 14.61511551317163
1 00538U 61015FX  25211.06376635  .00004456  00000-0  91342-3 0    11
2 00538  67.8047  91.1357 0009662 250.0344 109.9739 14.61511551316465
1 00538U 61015FX  25211.95342239  .00005119  00000-0  10464-2 0    14
2 00538  67.8048  88.7975 0009627 249.3399 110.6692 14.61521811316597
1   538U 61015FX  25212.36403149  .00004825  00000-0  98725-3 0   322
2   538  67.8048  87.7184 0009580 249.1544 110.8554 14.61525140317359
1 00538U 61015FX  25212.36403149  .00004825  00000-0  98725-3 0    18
2 00538  67.8048  87.7184 0009580 249.1544 110.8554 14.61525140316651
1 00538U 61015FX  25212.84307328  .00004933  00000-0  10088-2 0    18
2 00538  67.8050  86.4593 0009560 248.8084 111.2018 14.61530443316727
1 00538U 61015FX  25213.04837660  .00004805  00000-0  98318-3 0    19
2 00538  67.8050  85.9197 0009551 248.6059 111.4045 14.61532199316756
1   538U 61015FX  25213.66428457  .00004826  00000-0  98721-3 0   333
2   538  67.8050  84.3011 0009523 247.9480 112.0632 14.61538678317548
1 00538U 61015FX  25213.66428457  .00004826  00000-0  98721-3 0    18
2 00538  67.8050  84.3011 0009523 247.9480 112.0632 14.61538678316840
1 00538U 61015FX  25214.62235852  .00004326  00000-0  88668-3 0    14
2 00538  67.8052  81.7828 0009487 247.1967 112.8154 14.61547157316984
1   538U 61015FX  25215.03295993  .00004112  00000-0  84379-3 0   346
2   538  67.8053  80.7037 0009471 246.9685 113.0440 14.61550516317742
1 00538U 61015FX  25215.03295993  .00004112  00000-0  84379-3 0    10
2 00538  67.8053  80.7037 0009471 246.9685 113.0440 14.61550516317045
1 00538U 61015FX  25216.60692319  .00004165  00000-0  85418-3 0    10
2 00538  67.8053  76.5669 0009410 245.9248 114.0891 14.61564563317279
1   538U 61015FX  25216.88065457  .00004000  00000-0  82095-3 0   350
2   538  67.8053  75.8474 0009405 245.8345 114.1795 14.61566299318011
1 00538U 61015FX  25216.88065457  .00004000  00000-0  82095-3 0    13
2 00538  67.8053  75.8474 0009405 245.8345 114.1795 14.61566299317313
1 00538U 61015FX  25217.56498103  .00003969  00000-0  81467-3 0    12
2 00538  67.8053  74.0487 0009371 245.4361 114.5786 14.61571988317410
1 00538U 61015FX  25218.93362659  .00004118  00000-0  84433-3 0 17088
2 00538  67.8047  70.4508 0009291 244.1372 115.8793 14.61583106317615
1 00538U 61015FX  25219.00205858  .00004135  00000-0  84768-3 0 17095
2 00538  67.8048  70.2708 0009285 244.0785 115.9382 14.61583716317629
1 00538U 61015FX  25219.96010443  .00004006  00000-0  82165-3 0    14
2 00538  67.8047  67.7524 0009248 243.4097 116.6079 14.61590669317764
1   538U 61015FX  25219.96010443  .00004006  00000-0  82165-3 0   373
2   538  67.8047  67.7524 0009248 243.4097 116.6079 14.61590669318462
1 00538U 61015FX  25220.57598896  .00003788  00000-0  77795-3 0    15
2 00538  67.8046  66.1334 0009222 242.8430 117.1754 14.61594591317855
1 00538U 61015FX  25220.91814575  .00004954  00000-0  10116-2 0    17
2 00538  67.8045  65.2340 0009213 242.5978 117.4209 14.61599792317907
1   538U 61015FX  25221.05500825  .00005076  00000-0  10360-2 0   380
2   538  67.8045  64.8741 0009207 242.6639 117.3548 14.61601210318629
1 00538U 61015FX  25221.53402563  .00005567  00000-0  11342-2 0    19
2 00538  67.8045  63.6149 0009185 242.2830 117.7362 14.61606857317991
1 00538U 61015FX  25222.62891687  .00005159  00000-0  10523-2 0    16
2 00538  67.8043  60.7366 0009151 241.6080 118.4121 14.61616752318156
1   538U 61015FX  25222.83420793  .00005502  00000-0  11210-2 0   392
2   538  67.8044  60.1969 0009144 241.5268 118.4935 14.61619645318886
1 00538U 61015FX  25222.97106847  .00005502  00000-0  11209-2 0    15
2 00538  67.8044  59.8371 0009139 241.4173 118.6031 14.61621147318201
1 00538U 61015FX  25223.58693967  .00005049  00000-0  10300-2 0    14
2 00538  67.8045  58.2179 0009114 241.0464 118.9746 14.61626596318291
1   538U 61015FX  25223.86065890  .00004892  00000-0  99856-3 0   405
2   538  67.8044  57.4982 0009107 241.0206 119.0005 14.61629255319037
1 00538U 61015FX  25223.92908860  .00004915  00000-0  10031-2 0    15
2 00538  67.8044  57.3184 0009102 240.9004 119.1209 14.61630122318344
1 00538U 61015FX  25224.61338591  .00005060  00000-0  10321-2 0    14
2 00538  67.8047  55.5194 0009091 240.3473 119.6746 14.61636390318444
1 00538U 61015FX  25225.57139649  .00004105  00000-0  84069-3 0    13
2 00538  67.8048  53.0009 0009075 239.6833 120.3393 14.61643471318586
1 00538U 61015FX  25225.91354163  .00004394  00000-0  89849-3 0    12
2 00538  67.8050  52.1015 0009062 239.3765 120.6465 14.61647309318636
1 00538U 61015FX  25227.48740113  .00004361  00000-0  89160-3 0   436
2 00538  67.8054  47.9642 0009049 238.2563 121.7679 14.61661438319568
1   538U 61015FX  25224.88710360  .00004308  00000-0  88141-3 0   415
2   538  67.8047  54.7999 0009094 240.0359 119.9862 14.61637729319182
1   538U 61015FX  25225.91354163  .00004394  00000-0  89849-3 0   427
2   538  67.8050  52.1015 0009062 239.3765 120.6465 14.61647309319334
1 00538U 61015FX  25227.89797068  .00004274  00000-0  87411-3 0    16
2 00538  67.8054  46.8848 0009026 238.1316 121.8930 14.61664850318925
1   538U 61015FX  25228.51382327  .00003994  00000-0  81791-3 0   444
2   538  67.8055  45.2658 0009016 237.6932 122.3318 14.61669625319714
1 00538U 61015FX  25228.51382327  .00003994  00000-0  81791-3 0    17
2 00538  67.8055  45.2658 0009016 237.6932 122.3318 14.61669625319017
1   538U 61015FX  25229.54023991  .00003968  00000-0  81262-3 0   452
2   538  67.8056  42.5676 0008982 237.1009 122.9251 14.61677771319865
1 00538U 61015FX  25229.60866749  .00003995  00000-0  81804-3 0    19
2 00538  67.8056  42.3877 0008981 237.0776 122.9484 14.61678318319175
1 00538U 61015FX  25229.88237753  .00004102  00000-0  83929-3 0    17
2 00538  67.8057  41.6683 0008975 236.9206 123.1056 14.61680652319219
1 00538U 61015FX  25230.56665134  .00003912  00000-0  80124-3 0    14
2 00538  67.8056  39.8693 0008967 236.5536 123.4731 14.61685258319312
1   538U 61015FX  25230.63507854  .00003979  00000-0  81461-3 0   463
2   538  67.8057  39.6895 0008965 236.5375 123.4892 14.61685890320024
1 00538U 61015FX  25230.63507854  .00003979  00000-0  81461-3 0    14
2 00538  67.8057  39.6895 0008965 236.5375 123.4892 14.61685890319325
1 00538U 61015FX  25231.59305687  .00004195  00000-0  85767-3 0    14
2 00538  67.8056  37.1708 0008957 235.9776 124.0497 14.61693744319469
1   538U 61015FX  25231.86676359  .00004805  00000-0  97958-3 0   474
2   538  67.8055  36.4512 0008944 235.8615 124.1661 14.61697562320200
1 00538U 61015FX  25231.86676359  .00004805  00000-0  97958-3 0    14
2 00538  67.8055  36.4512 0008944 235.8615 124.1661 14.61697562319501
1 00538U 61015FX  25232.48260267  .00004540  00000-0  92649-3 0    18
2 00538  67.8055  34.8319 0008930 235.5366 124.4914 14.61702370319590
1 00538U 61015FX  25232.82473457  .00004466  00000-0  91180-3 0    19
2 00538  67.8054  33.9322 0008947 235.3201 124.7080 14.61705006319649
1 00538U 61015FX  25235.15121418  .00003928  00000-0  80370-3 0 17676
2 00538  67.8060  27.8151 0008908 234.0734 125.9564 14.61723268319989
1 00538U 61015FX  25235.90389290  .00003880  00000-0  79415-3 0 17724
2 00538  67.8061  25.8368 0008874 233.9269 126.1033 14.61728857320098
1 00538U 61015FX  25236.58814338  .00004026  00000-0  82321-3 0 17762
2 00538  67.8065  24.0378 0008864 233.6460 126.3846 14.61734573320190
1 00538U 61015FX  25236.72499316  .00004127  00000-0  84329-3 0 17776
2 00538  67.8066  23.6780 0008858 233.5768 126.4539 14.61735864320213
1 00538U 61015FX  25237.54608893  .00004659  00000-0  94943-3 0 17806
2 00538  67.8068  21.5195 0008852 233.2730 126.7581 14.61744257320331
1 00538U 61015FX  25237.75136219  .00004811  00000-0  97974-3 0 17826
2 00538  67.8069  20.9798 0008840 233.1856 126.8458 14.61746415320364
1 00538U 61015FX  25238.50402791  .00005191  00000-0  10555-2 0 17855
2 00538  67.8072  19.0012 0008846 232.8987 127.1329 14.61754752320479
1 00538U 61015FX  25238.70929911  .00005717  00000-0  11604-2 0 17866
2 00538  67.8071  18.4615 0008828 232.8325 127.1993 14.61758389320507
1 00538U 61015FX  25239.46195807  .00006713  00000-0  13590-2 0 17884
2 00538  67.8074  16.4827 0008823 232.6925 127.3395 14.61769368320611
1 00538U 61015FX  25239.73565062  .00007019  00000-0  14199-2 0 17895
2 00538  67.8074  15.7632 0008804 232.5282 127.5042 14.61773825320659
1 00538U 61015FX  25240.48830115  .00007662  00000-0  15479-2 0 17923
2 00538  67.8074  13.7846 0008777 232.2258 127.8071 14.61786203320764
1 00538U 61015FX  25241.65147414  .00008523  00000-0  17187-2 0 17976
2 00538  67.8075  10.7263 0008761 231.9824 128.0509 14.61807665320937
1 00538U 61015FX  25242.74620921  .00009700  00000-0  19523-2 0 18016
2 00538  67.8074   7.8478 0008726 231.7705 128.2633 14.61830172321095
1 00538U 61015FX  25243.49882981  .00010528  00000-0  21163-2 0 18030
2 00538  67.8073   5.8688 0008694 231.6428 128.3915 14.61846584321201
1 00538U 61015FX  25243.70408867  .00010721  00000-0  21546-2 0 18053
2 00538  67.8073   5.3291 0008664 231.6234 128.4112 14.61850953321236
1 00538U 61015FX  25244.04618511  .00011743  00000-0  23574-2 0 18069
2 00538  67.8073   4.4295 0008675 231.5494 128.4852 14.61859718321283
1 00538U 61015FX  25244.45669903  .00010323  00000-0  20748-2 0 18091
2 00538  67.8074   3.3500 0008665 231.4819 128.5528 14.61865868321341
1 00538U 61015FX  25244.66195531  .00010388  00000-0  20875-2 0 18109
2 00538  67.8074   2.8102 0008666 231.4223 128.6125 14.61869665321379
1 00538U 61015FX  25244.73037401  .00011530  00000-0  23145-2 0 18112
2 00538  67.8074   2.6303 0008657 231.3273 128.7077 14.61872755321386
1 00538U 61015FX  25245.48297273  .00013241  00000-0  26536-2 0 18129
2 00538  67.8073   0.6512 0008635 231.2251 128.8102 14.61891840321494
1 00538U 61015FX  25245.68822548  .00014175  00000-0  28386-2 0 18133
2 00538  67.8073   0.1114 0008627 231.2569 128.7784 14.61896717321527
1 00538U 61015FX  25246.71447488  .00012422  00000-0  24890-2 0 18166
2 00538  67.8073 357.4125 0008631 231.0744 128.9610 14.61923979321672
1 00538U 61015FX  25247.67229490  .00008286  00000-0  16666-2 0 18203
2 00538  67.8074 354.8936 0008592 230.8430 129.1930 14.61938883321813
1 00538U 61015FX  25248.56168981  .00008207  00000-0  16506-2 0 18249
2 00538  67.8075 352.5545 0008502 230.6035 129.4336 14.61953758321940
1 00538U 61015FX  25248.69851913  .00008069  00000-0  16230-2 0 18269
2 00538  67.8077 352.1949 0008538 230.7551 129.2816 14.61955816321969
1 00538U 61015FX  25249.65631752  .00008786  00000-0  17647-2 0 18307
2 00538  67.8077 349.6762 0008498 230.5377 129.4995 14.61972672322108
1 00538U 61015FX  25250.54569149  .00007077  00000-0  14250-2 0 18339
2 00538  67.8079 347.3374 0008503 230.4396 129.5977 14.61985838322234
1 00538U 61015FX  25251.22982059  .00005850  00000-0  11811-2 0 18342
2 00538  67.8079 345.5382 0008493 230.3236 129.7139 14.61994516322339
1 00538U 61015FX  25251.36664597  .00005632  00000-0  11376-2 0 18367
2 00538  67.8078 345.1783 0008494 230.3180 129.7195 14.61995944322358
1 00538U 61015FX  25252.59806972  .00004446  00000-0  90184-3 0 18411
2 00538  67.8074 341.9398 0008433 229.7020 130.3367 14.62006686322534
1 00538U 61015FX  25253.21377777  .00004752  00000-0  96250-3 0 18428
2 00538  67.8073 340.3204 0008431 229.6012 130.4377 14.62013236322621
1 00538U 61015FX  25253.55583705  .00003891  00000-0  79133-3 0 18430
2 00538  67.8071 339.4207 0008428 229.5989 130.4400 14.62014673322677
1 00538U 61015FX  25254.23995369  .00003671  00000-0  74764-3 0 18463
2 00538  67.8070 337.6212 0008383 229.2682 130.7714 14.62020001322773
1 00538U 61015FX  25254.58201111  .00003501  00000-0  71371-3 0 18481
2 00538  67.8069 336.7215 0008350 229.0960 130.9441 14.62022480322823
1 00538U 61015FX  25256.22387841  .00003222  00000-0  65822-3 0 18494
2 00538  67.8065 332.4026 0008311 228.6236 131.4174 14.62034155323068
1 00538U 61015FX  25256.90798606  .00003352  00000-0  68401-3 0 18539
2 00538  67.8065 330.6030 0008301 228.5848 131.4563 14.62039107323165
1 00538U 61015FX  25257.59209155  .00003501  00000-0  71342-3 0 18568
2 00538  67.8064 328.8035 0008275 228.3303 131.7113 14.62044102323268
1 00538U 61015FX  25258.20778204  .00007095  00000-0  14262-2 0 18584
2 00538  67.8065 327.1839 0008247 228.1224 131.9197 14.62058570323350
1 00538U 61015FX  25259.57598154  .00004405  00000-0  89260-3 0    11
2 00538  67.8065 323.5851 0008223 227.9945 132.0479 14.62062216323554
1 00538U 61015FX  25260.19166700  .00003666  00000-0  74590-3 0    17
2 00538  67.8063 321.9655 0008199 227.6993 132.3437 14.62065951323644
1 00538U 61015FX  25260.53371336  .00003802  00000-0  77277-3 0    15
2 00538  67.8062 321.0658 0008188 227.6382 132.4049 14.62069214323698
1 00538U 61015FX  25261.55984945  .00003316  00000-0  67629-3 0    14
2 00538  67.8060 318.3666 0008129 227.2418 132.8022 14.62076243323847
1 00538U 61015FX  25262.10711976  .00003629  00000-0  73828-3 0    13
2 00538  67.8059 316.9270 0008109 226.8169 133.2278 14.62081137323921
1 00538U 61015FX  25262.58598022  .00003476  00000-0  70790-3 0    15
2 00538  67.8058 315.6673 0008101 226.8752 133.1695 14.62084067323997
1 00538U 61015FX  25263.13324794  .00003774  00000-0  76696-3 0    12
2 00538  67.8056 314.2277 0008074 226.7176 133.3275 14.62088733324078
1 00538U 61015FX  25263.47528931  .00004314  00000-0  87391-3 0    13
2 00538  67.8055 313.3280 0008055 226.6141 133.4313 14.62092420324129
1 00538U 61015FX  25264.22777822  .00004853  00000-0  98066-3 0    11
2 00538  67.8052 311.3485 0008021 226.3545 133.6914 14.62099464324235
1 00538U 61015FX  25264.43300179  .00005174  00000-0  10443-2 0    10
2 00538  67.8053 310.8088 0007995 226.1916 133.8547 14.62101820324265
1 00538U 61015FX  25265.25389253  .00005958  00000-0  11995-2 0    14
2 00538  67.8050 308.6493 0007942 225.8850 134.1621 14.62111395324380
1 00538U 61015FX  25265.52752135  .00006528  00000-0  13121-2 0    14
2 00538  67.8049 307.9295 0007912 225.7946 134.2529 14.62115653324426
1 00538U 61015FX  25266.07477614  .00008386  00000-0  16797-2 0    17
2 00538  67.8047 306.4898 0007889 225.5362 134.5117 14.62127071324502
1 00538U 61015FX  25266.48521599  .00008174  00000-0  16376-2 0    12
2 00538  67.8048 305.4098 0007853 225.4032 134.6452 14.62131145324564
1 00538U 61015FX  25267.23768337  .00007598  00000-0  15234-2 0  8951
2 00538  67.8046 303.4299 0007779 225.3188 134.7302 14.62142025324677
1 00538U 61015FX  25267.51130627  .00007272  00000-0  14586-2 0  8999
2 00538  67.8045 302.7100 0007782 225.3532 134.6958 14.62145776324713
1 00538U 61015FX  25268.26376539  .00007414  00000-0  14864-2 0  9017
2 00538  67.8045 300.7300 0007738 225.0406 135.0091 14.62157616324822
1 00538U 61015FX  25269.15302796  .00007235  00000-0  14505-2 0    14
2 00538  67.8044 298.3902 0007680 224.9587 135.0915 14.62170643324959
1   538U 61015FX  25269.49505000  .00007094  00000-0  14225-2 0  1343
2   538  67.8044 297.4905 0007645 224.5991 135.4518 14.62175232325007
1 00538U 61015FX  25269.49505000  .00007094  00000-0  14225-2 0    16
2 00538  67.8044 297.4905 0007645 224.5991 135.4518 14.62175232325007
1 00538U 61015FX  25270.24749451  .00006869  00000-0  13777-2 0    11
2 00538  67.8045 295.5106 0007593 223.9242 136.1279 14.62185699325116
1 00538U 61015FX  25270.45270577  .00007014  00000-0  14063-2 0    14
2 00538  67.8045 294.9707 0007580 223.7205 136.3319 14.62188672325143
1 00538U 61015FX  25271.27354629  .00008055  00000-0  16117-2 0    14
2 00538  67.8047 292.8109 0007478 223.5271 136.5263 14.62202115325267
1 00538U 61015FX  25271.41035228  .00008270  00000-0  16540-2 0    10
2 00538  67.8047 292.4510 0007491 223.1727 136.8810 14.62204483325289
1 00538U 61015FX  25272.23118371  .00008655  00000-0  17297-2 0    19
2 00538  67.8047 290.2912 0007414 222.8254 137.2293 14.62218546325406
1 00538U 61015FX  25272.43639033  .00008817  00000-0  17615-2 0  9231
2 00538  67.8048 289.7511 0007349 222.6270 137.4284 14.62222408325435
1   538U 61015FX  25273.39400922  .00010436  00000-0  20801-2 0  1402
2   538  67.8048 287.2313 0007287 222.0909 137.9656 14.62246898325574
1 00538U 61015FX  25273.39400923  .00010436  00000-0  20801-2 0  9254
2 00538  67.8048 287.2313 0007287 222.0909 137.9656 14.62246898325574
1   538U 61015FX  25274.07801093  .00010823  00000-0  21554-2 0  1419
2   538  67.8047 285.4316 0007256 221.9465 138.1103 14.62268613325677
1 00538U 61015FX  25274.07801093  .00010823  00000-0  21554-2 0  9260
2 00538  67.8047 285.4316 0007256 221.9465 138.1103 14.62268613325677
1   538U 61015FX  25274.42000824  .00012571  00000-0  24993-2 0  1424
2   538  67.8045 284.5316 0007246 221.2220 138.8357 14.62281017325723
1 00538U 61015FX  25274.42000825  .00012571  00000-0  24993-2 0  9300
2 00538  67.8045 284.5316 0007246 221.2220 138.8357 14.62281017325723
1   538U 61015FX  25275.10399664  .00011997  00000-0  23851-2 0  1437
2   538  67.8043 282.7320 0007202 220.9857 139.0726 14.62299476325822
1 00538U 61015FX  25275.37758962  .00011713  00000-0  23289-2 0  9356
2 00538  67.8043 282.0123 0007250 220.0850 139.9740 14.62306363325866
1   538U 61015FX  25275.37758962  .00011713  00000-0  23289-2 0  1448
2   538  67.8043 282.0123 0007250 220.0849 139.9740 14.62306363325864
1 00538U 61015FX  25276.26675973  .00012636  00000-0  25095-2 0  9379
2 00538  67.8039 279.6722 0007197 219.6090 140.4509 14.62327963325991
1 00538U 61015FX  25276.40355384  .00012720  00000-0  25257-2 0  9392
2 00538  67.8038 279.3122 0007171 219.5851 140.4750 14.62331681326011
1   538U 61015FX  25278.18186000  .00007537  00000-0  15041-2 0  1477
2   538  67.8031 274.6313 0007046 218.7104 141.3515 14.62358911326279
1   538U 61015FX  25278.38704671  .00007756  00000-0  15471-2 0  1480
2   538  67.8030 274.0912 0007041 218.4492 141.6130 14.62362303326309
1   538U 61015FX  25279.20778948  .00006439  00000-0  12875-2 0  1493
2   538  67.8029 271.9308 0006994 217.9721 142.0910 14.62373409326420
1   538U 61015FX  25279.34457935  .00006566  00000-0  13124-2 0  1509
2   538  67.8029 271.5707 0006978 217.9407 142.1226 14.62375589326446
1 00538U 61015FX  25279.34457936  .00006566  00000-0  13124-2 0  9575
2 00538  67.8029 271.5707 0006978 217.9407 142.1226 14.62375589326446
1 00538U 61015FX  25279.96013144  .00007417  00000-0  14796-2 0  9596
2 00538  67.8029 269.9504 0006926 217.4955 142.5686 14.62385896326534
1 00538U 61015FX  25280.30210333  .00007217  00000-0  14402-2 0  9643
2 00538  67.8030 269.0501 0006897 217.2169 142.8477 14.62390044326583
1 00538U 61015FX  25280.37049773  .00007285  00000-0  14535-2 0  9651
2 00538  67.8030 268.8698 0006828 217.2127 142.8525 14.62390984326593
1   538U 61015FX  25281.19122326  .00008691  00000-0  17296-2 0  1547
2   538  67.8032 266.7095 0006790 216.5630 143.5031 14.62406527326717
1 00538U 61015FX  25281.19122327  .00008691  00000-0  17296-2 0  9681
2 00538  67.8032 266.7095 0006790 216.5630 143.5031 14.62406527326717
1   538U 61015FX  25281.32801013  .00008859  00000-0  17626-2 0  1553
2   538  67.8032 266.3494 0006727 216.5895 143.4770 14.62409230326734
1 00538U 61015FX  25281.32801013  .00008859  00000-0  17626-2 0  9696
2 00538  67.8032 266.3494 0006727 216.5895 143.4770 14.62409230326734
1   538U 61015FX  25282.14872611  .00007296  00000-0  14546-2 0  1569
2   538  67.8034 264.1891 0006588 216.0472 144.0208 14.62421976326851
1 00538U 61015FX  25282.21711894  .00007086  00000-0  14133-2 0  9727
2 00538  67.8035 264.0091 0006595 216.0032 144.0648 14.62422620326869
1 00538U 61015FX  25282.35390429  .00006858  00000-0  13684-2 0  9747
2 00538  67.8035 263.6490 0006574 215.9115 144.1568 14.62424507326884
1   538U 61015FX  25282.35390428  .00006858  00000-0  13684-2 0  1579
2   538  67.8035 263.6490 0006574 215.9115 144.1568 14.62424507326884
1   538U 61015FX  25283.17461203  .00007066  00000-0  14090-2 0  1585
2   538  67.8037 261.4885 0006420 215.4757 144.5940 14.62437403327009
1 00538U 61015FX  25283.31139592  .00007137  00000-0  14228-2 0  9786
2 00538  67.8038 261.1285 0006463 215.0298 145.0401 14.62439467327026
1   538U 61015FX  25283.31139591  .00007137  00000-0  14228-2 0  1596
2   538  67.8038 261.1285 0006463 215.0298 145.0401 14.62439467327026
1   538U 61015FX  25284.20048652  .00007185  00000-0  14319-2 0  1608
2   538  67.8040 258.7889 0006566 213.9523 146.1182 14.62452634327156
1 00538U 61015FX  25284.26887788  .00007139  00000-0  14228-2 0  9825
2 00538  67.8040 258.6089 0006575 213.9660 146.1044 14.62453479327165
1 00538U 61015FX  25284.33726915  .00007213  00000-0  14374-2 0  9833
2 00538  67.8041 258.4291 0006557 213.8156 146.2550 14.62454627327178
1 00538U 61015FX  25285.29473949  .00009869  00000-0  19584-2 0  9898
2 00538  67.8040 255.9087 0006502 212.8851 147.1869 14.62474941327313
1 00538U 61015FX  25285.43151994  .00010141  00000-0  20117-2 0  9908
2 00538  67.8040 255.5485 0006483 212.8217 147.2505 14.62478032327330
1 00538U 61015FX  25285.91024943  .00010479  00000-0  20776-2 0  9943
2 00538  67.8040 254.2882 0006438 212.3736 147.6993 14.62488210327400
1 00538U 61015FX  25286.32058621  .00011207  00000-0  22199-2 0    19
2 00538  67.8040 253.2081 0006382 212.0240 148.0496 14.62497841327464
1 00538U 61015FX  25286.93608711  .00008947  00000-0  17761-2 0    46
2 00538  67.8038 251.5879 0006326 211.4453 148.6293 14.62507871327550
1 00538U 61015FX  25287.27803012  .00008750  00000-0  17371-2 0    88
2 00538  67.8037 250.6878 0006298 210.9731 149.1022 14.62513518327606
1 00538U 61015FX  25287.89352430  .00007796  00000-0  15497-2 0   131
2 00538  67.8035 249.0673 0006258 210.4298 149.6463 14.62523163327698
1 00538U 61015FX  25288.37223901  .00008644  00000-0  17157-2 0   188
2 00538  67.8035 247.8070 0006194 209.9348 150.1423 14.62532224327762
1   538U 61015FX  25288.85095162  .00008885  00000-0  17627-2 0  1738
2   538  67.8035 246.5467 0006155 209.4775 150.6003 14.62540028327832
1 00538U 61015FX  25288.85095163  .00008885  00000-0  17627-2 0   222
2 00538  67.8035 246.5467 0006155 209.4775 150.6003 14.62540028327832
1   538U 61015FX  25289.05611330  .00009394  00000-0  18624-2 0  1747
2   538  67.8035 246.0065 0006146 209.3282 150.7498 14.62543860327862
1 00538U 61015FX  25289.60320890  .00008871  00000-0  17595-2 0   290
2 00538  67.8035 244.5663 0006075 208.6688 151.4103 14.62551775327946
1 00538U 61015FX  25289.94514173  .00012418  00000-0  24541-2 0   343
2 00538  67.8035 243.6660 0006082 208.3238 151.7556 14.62562883327991
1   538U 61015FX  25290.15030073  .00009894  00000-0  19597-2 0  1755
2   538  67.8035 243.1259 0006035 208.1443 151.9356 14.62562492328025
1 00538U 61015FX  25290.28707313  .00010339  00000-0  20467-2 0   402
2 00538  67.8035 242.7658 0006014 207.9373 152.1429 14.62565562328046
1   538U 61015FX  25290.62900330  .00011243  00000-0  22235-2 0  1764
2   538  67.8036 241.8657 0005982 207.5863 152.4944 14.62572802328094
1   538U 61015FX  25290.83416044  .00011926  00000-0  23570-2 0  1773
2   538  67.8036 241.3256 0005972 207.4015 152.6795 14.62577831328128
1 00538U 61015FX  25290.97093132  .00012353  00000-0  24404-2 0   464
2 00538  67.8037 240.9655 0005963 207.2352 152.8460 14.62581305328143
1   538U 61015FX  25291.17608778  .00010824  00000-0  21410-2 0  1786
2   538  67.8037 240.4252 0005930 207.0541 153.0274 14.62582505328175
1 00538U 61015FX  25291.31285828  .00011072  00000-0  21893-2 0   497
2 00538  67.8038 240.0652 0005907 206.8192 153.2627 14.62585625328191
1 00538U 61015FX  25291.92832041  .00014232  00000-0  28067-2 0   513
2 00538  67.8039 238.4447 0005854 206.1463 153.9366 14.62604148328289
1 00538U 61015FX  25292.27024017  .00017240  00000-0  33935-2 0   565
2 00538  67.8040 237.5445 0005804 205.4367 154.6472 14.62617929328332
1 00538U 61015FX  25292.95407271  .00013690  00000-0  26988-2 0   629
2 00538  67.8043 235.7439 0005771 204.7881 155.2967 14.62634445328433
1   538U 61015FX  25293.15922067  .00013584  00000-0  26778-2 0  1841
2   538  67.8043 235.2037 0005766 204.5179 155.5671 14.62640310328460
1 00538U 61015FX  25293.22760304  .00013708  00000-0  27019-2 0   647
2 00538  67.8044 235.0237 0005765 204.4225 155.6627 14.62642739328471
1 00538U 61015FX  25293.56951463  .00012286  00000-0  24235-2 0   650
2 00538  67.8045 234.1233 0005714 203.8826 156.2034 14.62649707328529
1 00538U 61015FX  25294.59523859  .00010984  00000-0  21681-2 0   710
2 00538  67.8048 231.4226 0005596 202.3495 157.7386 14.62672157328675
1   538U 61015FX  25294.80038156  .00011036  00000-0  21781-2 0  1895
2   538  67.8049 230.8823 0005591 202.1763 157.9120 14.62676569328706
1 00538U 61015FX  25294.93714329  .00010023  00000-0  19800-2 0   750
2 00538  67.8049 230.5222 0005585 202.1523 157.9360 14.62678240328729
1   538U 61015FX  25295.14228522  .00009836  00000-0  19432-2 0  1908
2   538  67.8049 229.9821 0005569 201.8645 158.2242 14.62682377328751
1 00538U 61015FX  25295.21066572  .00009862  00000-0  19482-2 0   779
2 00538  67.8049 229.8021 0005565 201.7449 158.3440 14.62684025328763
1   538U 61015FX  25295.82608809  .00009077  00000-0  17944-2 0  1928
2   538  67.8049 228.1816 0005514 201.1624 158.9272 14.62694894328854
1 00538U 61015FX  25295.82608810  .00009077  00000-0  17944-2 0   783
2 00538  67.8049 228.1817 0005514 201.1624 158.9273 14.62694894328856
1   538U 61015FX  25296.16798685  .00009650  00000-0  19061-2 0  1938
2   538  67.8050 227.2813 0005492 200.6948 159.3954 14.62702696328909
1 00538U 61015FX  25296.23636645  .00009562  00000-0  18886-2 0   804
2 00538  67.8050 227.1013 0005488 200.5959 159.4945 14.62704141328915
1   538U 61015FX  25296.23636645  .00009562  00000-0  18886-2 0  1940
2   538  67.8050 227.1013 0005488 200.5959 159.4945 14.62704140328914
1 00538U 61015FX  25297.19367519  .00009881  00000-0  19502-2 0   823
2 00538  67.8048 224.5806 0005302 197.9258 162.1680 14.62722727329052
1 00538U 61015FX  25297.87745918  .00009060  00000-0  17895-2 0   834
2 00538  67.8048 222.7801 0005298 197.6813 162.4127 14.62734832329155
1   538U 61015FX  25298.15097110  .00009414  00000-0  18583-2 0  1963
2   538  67.8046 222.0600 0005316 197.6849 162.4091 14.62740244329191
1 00538U 61015FX  25298.21934898  .00009410  00000-0  18575-2 0   868
2 00538  67.8045 221.8800 0005313 197.5836 162.5105 14.62741544329204
1   538U 61015FX  25298.21934897  .00009410  00000-0  18575-2 0  1970
2   538  67.8045 221.8800 0005313 197.5836 162.5105 14.62741544329204
1 00538U 61015FX  25298.97150182  .00008296  00000-0  16395-2 0   888
2 00538  67.8043 219.8994 0005251 196.4040 163.6915 14.62753714329314
1   538U 61015FX  25299.10825626  .00008322  00000-0  16445-2 0  1984
2   538  67.8043 219.5393 0005229 196.1191 163.9767 14.62756043329331
1 00538U 61015FX  25299.10825627  .00008322  00000-0  16445-2 0   894
2 00538  67.8043 219.5393 0005229 196.1191 163.9767 14.62756044329332
1 00538U 61015FX  25299.92877834  .00007796  00000-0  15414-2 0   913
2 00538  67.8041 217.3786 0005155 194.9750 165.1222 14.62768939329456
1   538U 61015FX  25300.13390757  .00007402  00000-0  14645-2 0  1991
2   538  67.8039 216.8385 0005147 194.8300 165.2674 14.62771642329483
1 00538U 61015FX  25300.13390757  .00007402  00000-0  14645-2 0   934
2 00538  67.8039 216.8385 0005147 194.8300 165.2674 14.62771642329483
1   538U 61015FX  25300.88604514  .00008102  00000-0  16005-2 0  2005
2   538  67.8038 214.8577 0005091 193.7858 166.3128 14.62784169329593
1 00538U 61015FX  25300.88604514  .00008102  00000-0  16005-2 0   946
2 00538  67.8038 214.8578 0005091 193.7858 166.3128 14.62784169329594
1 00538U 61015FX  25301.15954826  .00007941  00000-0  15691-2 0   963
2 00538  67.8038 214.1374 0005043 193.4465 166.6525 14.62787924329630
1 00538U 61015FX  25302.11680287  .00008994  00000-0  17739-2 0   983
2 00538  67.8036 211.6164 0004954 191.9380 168.1628 14.62804179329774
1 00538U 61015FX  25302.86892371  .00008524  00000-0  16818-2 0  1004
2 00538  67.8036 209.6355 0004891 190.7939 169.3081 14.62816488329884
1 00538U 61015FX  25303.14242008  .00009324  00000-0  18374-2 0  1022
2 00538  67.8036 208.9152 0004876 190.5891 169.5131 14.62822778329921
1   538U 61015FX  25303.75778419  .00008656  00000-0  17069-2 0  2061
2   538  67.8036 207.2944 0004828 189.5972 170.5061 14.62833214330010
1 00538U 61015FX  25303.75778419  .00008656  00000-0  17069-2 0  1048
2 00538  67.8036 207.2944 0004828 189.5972 170.5061 14.62833214330010
1 00538U 61015FX  25304.09965037  .00009189  00000-0  18104-2 0  1054
2 00538  67.8036 206.3939 0004786 189.1204 170.9834 14.62840825330064
1   538U 61015FX  25304.85175145  .00008221  00000-0  16213-2 0  2080
2   538  67.8038 204.4129 0004737 187.4663 172.6391 14.62854175330174
1 00538U 61015FX  25305.05686848  .00008026  00000-0  15833-2 0  1113
2 00538  67.8039 203.8726 0004768 187.5313 172.5740 14.62857728330206
1 00538U 61015FX  25306.01407762  .00006272  00000-0  12410-2 0  1126
2 00538  67.8039 201.3513 0004694 186.3033 173.8032 14.62870132330344
1 00538U 61015FX  25307.10802204  .00005961  00000-0  11801-2 0  1146
2 00538  67.8040 198.4700 0004591 185.0104 175.0975 14.62882985330508
1   538U 61015FX  25308.06521420  .00006434  00000-0  12719-2 0  2135
2   538  67.8040 195.9489 0004529 184.1244 175.9844 14.62896124330649
1 00538U 61015FX  25308.06521421  .00006434  00000-0  12719-2 0  1157
2 00538  67.8040 195.9489 0004529 184.1244 175.9844 14.62896124330649
1   538U 61015FX  25308.68054791  .00005561  00000-0  11016-2 0  2145
2   538  67.8038 194.3285 0004450 182.4660 177.6443 14.62903379330734
1 00538U 61015FX  25308.95402873  .00005363  00000-0  10631-2 0  1177
2 00538  67.8039 193.6083 0004401 181.7749 178.3360 14.62906236330774
1 00538U 61015FX  25309.09076890  .00005367  00000-0  10639-2 0  1193
2 00538  67.8038 193.2484 0004383 181.2387 178.8727 14.62907685330799
1 00538U 61015FX  25310.04794444  .00006650  00000-0  13133-2 0  1202
2 00538  67.8032 190.7277 0004264 179.9700 180.1425 14.62922410330936
1   538U 61015FX  25310.66326522  .00008571  00000-0  16865-2 0  2174
2   538  67.8032 189.1070 0004221 178.8680 181.2454 14.62935480331023
1 00538U 61015FX  25310.66326522  .00008571  00000-0  16865-2 0  1229
2 00538  67.8032 189.1070 0004221 178.8680 181.2454 14.62935480331023
1   538U 61015FX  25311.07347703  .00007105  00000-0  14012-2 0  2190
2   538  67.8030 188.0263 0004176 178.2436 181.8704 14.62939929331087
1 00538U 61015FX  25311.07347703  .00007105  00000-0  14012-2 0  1245
2 00538  67.8030 188.0263 0004176 178.2436 181.8704 14.62939929331087
1   538U 61015FX  25311.82552617  .00008339  00000-0  16407-2 0  2207
2   538  67.8030 186.0452 0004117 176.0140 184.1018 14.62955600331198
1   538U 61015FX  25312.03062941  .00007593  00000-0  14956-2 0  2216
2   538  67.8028 185.5049 0004087 174.7286 185.3882 14.62958164331227
1 00538U 61015FX  25312.03062941  .00007593  00000-0  14956-2 0  1282
2 00538  67.8028 185.5049 0004087 174.7286 185.3882 14.62958164331227
1   538U 61015FX  25312.64593488  .00008848  00000-0  17391-2 0  2229
2   538  67.8023 183.8841 0004053 175.2588 184.8575 14.62971385331310
1 00538U 61015FX  25314.35510054  .00006761  00000-0  13328-2 0  1347
2 00538  67.8019 179.3814 0003925 173.4984 186.6192 14.62992446331565
1 00538U 61015FX  25315.03875886  .00006771  00000-0  13345-2 0  1351
2 00538  67.8020 177.5803 0003868 173.2313 186.8863 14.63001787331663
1   538U 61015FX  25316.61115046  .00011989  00000-0  23457-2 0  2297
2   538  67.8022 173.4375 0003741 170.7586 189.3607 14.63038595331894
1 00538U 61015FX  25316.61115047  .00011989  00000-0  23457-2 0  1365
2 00538  67.8022 173.4375 0003741 170.7586 189.3608 14.63038595331895
1   538U 61015FX  25317.02132992  .00014480  00000-0  28273-2 0  2315
2   538  67.8022 172.3569 0003703 169.1192 191.0013 14.63055354331950
1 00538U 61015FX  25317.02132992  .00014480  00000-0  28273-2 0  1370
2 00538  67.8022 172.3569 0003703 169.1192 191.0013 14.63055354331950
1   538U 61015FX  25318.59364845  .00006403  00000-0  12602-2 0  2351
2   538  67.8016 168.2141 0003537 167.7308 192.3903 14.63098378332182
1   538U 61015FX  25319.55069979  .00006363  00000-0  12522-2 0  2376
2   538  67.8025 165.6923 0003436 167.9838 192.1369 14.63111067332320
1 00538U 61015FX  25319.96086225  .00006923  00000-0  13605-2 0  1413
2 00538  67.8029 164.6118 0003419 165.6257 194.4965 14.63117356332380
1   538U 61015FX  25320.57610328  .00007182  00000-0  14105-2 0  2403
2   538  67.8032 162.9903 0003422 162.9563 197.1676 14.63125682332471
1 00538U 61015FX  25320.57610328  .00007182  00000-0  14105-2 0  1424
2 00538  67.8032 162.9903 0003422 162.9563 197.1676 14.63125683332472
1 00538U 61015FX  25320.98626118  .00007645  00000-0  14999-2 0  1440
2 00538  67.8031 161.9095 0003436 162.5167 197.6076 14.63132850332533
1   538U 61015FX  25322.55851838  .00005359  00000-0  10566-2 0  2430
2   538  67.8025 157.7663 0003382 159.0471 201.0792 14.63152866332768
1 00538U 61015FX  25322.55851838  .00005359  00000-0  10566-2 0  1451
2 00538  67.8025 157.7663 0003382 159.0471 201.0792 14.63152866332768
1 00538U 61015FX  25323.51553485  .00004922  00000-0  97161-3 0  1468
2 00538  67.8023 155.2443 0003317 157.2750 202.8522 14.63163249332906
1   538U 61015FX  25324.54090258  .00004635  00000-0  91592-3 0  2460
2   538  67.8021 152.5422 0003229 156.3608 203.7665 14.63173351333055
1 00538U 61015FX  25324.54090259  .00004635  00000-0  91592-3 0  1471
2 00538  67.8021 152.5422 0003229 156.3608 203.7665 14.63173351333055
1   538U 61015FX  25324.88269023  .00004605  00000-0  91001-3 0  2489
2   538  67.8025 151.6417 0003132 157.0669 203.0595 14.63176497333106
1   538U 61015FX  25325.56626128  .00005796  00000-0  11403-2 0  2500
2   538  67.8026 149.8403 0003061 155.7369 204.3899 14.63187342333207
1   538U 61015FX  25325.63461825  .00005804  00000-0  11419-2 0  2517
2   538  67.8026 149.6603 0003048 155.2224 204.9047 14.63188223333218
1   538U 61015FX  25325.90804529  .00005798  00000-0  11407-2 0  2529
2   538  67.8027 148.9397 0003013 154.7547 205.3725 14.63191936333252
1 00538U 61015FX  25326.59160992  .00005603  00000-0  11026-2 0  1525
2 00538  67.8027 147.1382 0002950 153.9843 206.1429 14.63200822333352
1   538U 61015FX  25326.79667875  .00005361  00000-0  10558-2 0  2542
2   538  67.8020 146.5973 0002901 153.9128 206.2143 14.63202885333384
1   538U 61015FX  25326.86503441  .00005617  00000-0  11053-2 0  2554
2   538  67.8019 146.4170 0002903 153.9546 206.1724 14.63204707333396
1 00538U 61015FX  25326.86503441  .00005617  00000-0  11053-2 0  1564
2 00538  67.8019 146.4170 0002903 153.9546 206.1724 14.63204707333396
1   538U 61015FX  25327.75366044  .00005247  00000-0  10335-2 0  2561
2   538  67.8021 144.0747 0002858 154.7425 205.3839 14.63215393333523
1   538U 61015FX  25327.89037125  .00006462  00000-0  12684-2 0  2571
2   538  67.8020 143.7141 0002862 157.1689 202.9563 14.63218601333544
1 00538U 61015FX  25327.89037126  .00006462  00000-0  12684-2 0  1627
2 00538  67.8020 143.7141 0002862 157.1689 202.9563 14.63218601333544
1   538U 61015FX  25328.71063446  .00006265  00000-0  12299-2 0  2582
2   538  67.8021 141.5527 0002686 155.8816 204.2434 14.63229053333668
1 00538U 61015FX  25328.91569908  .00007451  00000-0  14592-2 0  1662
2 00538  67.8022 141.0123 0002722 152.7953 207.3314 14.63234685333696
1   538U 61015FX  25328.91569907  .00007451  00000-0  14592-2 0  2594
2   538  67.8022 141.0123 0002722 152.7953 207.3314 14.63234685333696
1   538U 61015FX  25329.46253559  .00007899  00000-0  15454-2 0  2604
2   538  67.8025 139.5709 0002661 152.7039 207.4225 14.63243304333777
1   538U 61015FX  25329.80430681  .00008134  00000-0  15906-2 0  2611
2   538  67.8025 138.6701 0002629 151.0131 209.1139 14.63249018333825
1   538U 61015FX  25329.87266096  .00007919  00000-0  15490-2 0  2624
2   538  67.8028 138.4903 0002643 149.6319 210.4959 14.63249893333834
1 00538U 61015FX  25329.87266097  .00007919  00000-0  15490-2 0  1714
2 00538  67.8028 138.4903 0002643 149.6319 210.4959 14.63249893333834
1   538U 61015FX  25330.62455228  .00007789  00000-0  15235-2 0  2639
2   538  67.8031 136.5088 0002562 148.6432 211.4845 14.63262016333945
1 00538U 61015FX  25330.82961256  .00007647  00000-0  14961-2 0  1743
2 00538  67.8031 135.9684 0002538 147.9945 212.1333 14.63264962333979
1   538U 61015FX  25331.10302594  .00007389  00000-0  14461-2 0  2647
2   538  67.8030 135.2475 0002516 146.5050 213.6234 14.63268591334011
1 00538U 61015FX  25331.10302594  .00007389  00000-0  14461-2 0  1758
2 00538  67.8030 135.2475 0002516 146.5050 213.6234 14.63268591334011
1 00538U 61015FX  25331.85490825  .00007310  00000-0  14305-2 0  1802
2 00538  67.8032 133.2662 0002437 145.0429 215.0855 14.63279374334123
1   538U 61015FX  25331.85490824  .00007310  00000-0  14305-2 0  2688
2   538  67.8032 133.2662 0002437 145.0429 215.0855 14.63279374334123
1 00538U 61015FX  25332.60678473  .00006786  00000-0  13291-2 0  1835
2 00538  67.8033 131.2843 0002385 143.8629 216.2657 14.63289716334239
1   538U 61015FX  25332.81184111  .00007300  00000-0  14281-2 0  2709
2   538  67.8032 130.7442 0002302 142.9849 217.1434 14.63293366334262
1 00538U 61015FX  25332.81184112  .00007300  00000-0  14281-2 0  1855
2 00538  67.8032 130.7442 0002302 142.9849 217.1434 14.63293366334262
1   538U 61015FX  25333.83711571  .00006732  00000-0  13180-2 0  2725
2   538  67.8031 128.0418 0002206 141.2770 218.8513 14.63308030334410
1 00538U 61015FX  25333.83711571  .00006732  00000-0  13180-2 0  1892
2 00538  67.8031 128.0418 0002206 141.2770 218.8513 14.63308030334410
1   538U 61015FX  25334.79402762  .00007369  00000-0  14405-2 0  2739
2   538  67.8030 125.5194 0002016 140.8303 219.2967 14.63324573334551
1 00538U 61015FX  25334.86237821  .00007596  00000-0  14842-2 0  1926
2 00538  67.8031 125.3394 0002016 140.8192 219.3079 14.63325917334567
1   538U 61015FX  25335.47753001  .00008660  00000-0  16890-2 0  2757
2   538  67.8030 123.7178 0001944 139.3959 220.7311 14.63338074334654
1   538U 61015FX  25335.81927950  .00007467  00000-0  14588-2 0  2768
2   538  67.8032 122.8171 0001935 137.6017 222.5257 14.63341566334700
1 00538U 61015FX  25335.61423005  .00007424  00000-0  14505-2 0  1961
2 00538  67.8031 123.3575 0001924 139.2194 220.9074 14.63338083334670
1 00538U 61015FX  25335.81927951  .00007467  00000-0  14588-2 0  1982
2 00538  67.8032 122.8171 0001935 137.6017 222.5257 14.63341566334700
1   538U 61015FX  25336.50277343  .00009057  00000-0  17647-2 0  2776
2   538  67.8031 121.0152 0001799 135.9825 224.1442 14.63355931334801
1   538U 61015FX  25336.77616907  .00009838  00000-0  19149-2 0  2785
2   538  67.8032 120.2943 0001794 135.8570 224.2698 14.63362072334844
1 00538U 61015FX  25336.50277343  .00009057  00000-0  17647-2 0  2002
2 00538  67.8031 121.0152 0001799 135.9825 224.1442 14.63355932334802
1 00538U 61015FX  25336.77616908  .00009838  00000-0  19149-2 0  2012
2 00538  67.8032 120.2943 0001794 135.8570 224.2698 14.63362072334844
1   538U 61015FX  25337.45965463  .00010133  00000-0  19712-2 0  2792
2   538  67.8034 118.4926 0001718 133.3185 226.8082 14.63375450334947
1 00538U 61015FX  25337.80139443  .00011515  00000-0  22367-2 0  2067
2 00538  67.8037 117.5916 0001808 131.1357 228.9923 14.63384634334992
1 00538U 61015FX  25338.55321025  .00017494  00000-0  33837-2 0  2076
2 00538  67.8038 115.6096 0001669 129.2326 230.8947 14.63415891335102
1   538U 61015FX  25338.55321024  .00017494  00000-0  33837-2 0  2817
2   538  67.8038 115.6096 0001669 129.2326 230.8947 14.63415891335102
1 00538U 61015FX  25339.78343109  .00013518  00000-0  26183-2 0  2124
2 00538  67.8044 112.3670 0001363 121.8251 238.3006 14.63448150335289
1 00538U 61015FX  25340.60356459  .00012759  00000-0  24715-2 0  2135
2 00538  67.8046 110.2054 0001331 116.3596 243.7665 14.63466479335409
1 00538U 61015FX  25340.80859550  .00013124  00000-0  25413-2 0  2152
2 00538  67.8045 109.6649 0001322 114.8406 245.2856 14.63473001335434
1 00538U 61015FX  25341.76540043  .00012411  00000-0  24033-2 0  2180
2 00538  67.8045 107.1425 0001148 108.8680 251.2569 14.63494205335574
1   538U 61015FX  25342.72219323  .00011025  00000-0  21364-2 0  2860
2   538  67.8045 104.6199 0001087 101.6657 258.4589 14.63511529335717
1 00538U 61015FX  25342.72219324  .00011025  00000-0  21364-2 0  2209
2 00538  67.8045 104.6199 0001087 101.6657 258.4589 14.63511529335717
1   538U 61015FX  25343.47395045  .00010496  00000-0  20344-2 0  2878
2   538  67.8044 102.6376 0001036  94.7265 265.3978 14.63525201335825
1 00538U 61015FX  25343.47395046  .00010496  00000-0  20344-2 0  2228
2 00538  67.8044 102.6376 0001036  94.7265 265.3978 14.63525201335825
1   538U 61015FX  25343.74731483  .00011322  00000-0  21925-2 0  2884
2   538  67.8044 101.9169 0001080  93.8577 266.2671 14.63531727335866
1 00538U 61015FX  25344.29403987  .00011356  00000-0  21985-2 0  2243
2 00538  67.8043 100.4753 0001071  89.5017 270.6230 14.63543296335942
1   538U 61015FX  25344.49906080  .00011268  00000-0  21813-2 0  2890
2   538  67.8043  99.9342 0001072  87.5581 272.5666 14.63547493335973
1 00538U 61015FX  25344.49906081  .00011268  00000-0  21813-2 0  2273
2 00538  67.8043  99.9342 0001072  87.5581 272.5666 14.63547493335973
1 00538U 61015FX  25345.31913674  .00014269  00000-0  27551-2 0  2281
2 00538  67.8042  97.7716 0001082  80.6207 279.5040 14.63570626336094
1 00538U 61015FX  25345.59249281  .00011224  00000-0  21716-2 0  2305
2 00538  67.8045  97.0505 0001083  80.0968 280.0279 14.63573974336130
1 00538U 61015FX  25346.68590475  .00009875  00000-0  19121-2 0  2340
2 00538  67.8044  94.1672 0001073  70.9883 289.1357 14.63599169336293
1 00538U 61015FX  25347.64262619  .00007684  00000-0  14917-2 0  2370
2 00538  67.8044  91.6441 0001048  60.0072 300.1156 14.63616392336436
1 00538U 61015FX  25347.71096305  .00007544  00000-0  14646-2 0  2380
2 00538  67.8046  91.4640 0001063  60.4339 299.6891 14.63617713336441
1 00538U 61015FX  25348.25765600  .00007237  00000-0  14056-2 0  2396
2 00538  67.8047  90.0223 0001075  55.6963 304.4262 14.63626443336522
1 00538U 61015FX  25348.39432882  .00007064  00000-0  13724-2 0  2405
2 00538  67.8047  89.6619 0001084  54.4837 305.6389 14.63628430336545
1 00538U 61015FX  25349.35103601  .00004175  00000-0  81834-3 0  2426
2 00538  67.8048  87.1391 0001123  48.4725 311.6495 14.63635383336684
1 00538U 61015FX  25349.69271588  .00004121  00000-0  80794-3 0  2440
2 00538  67.8048  86.2379 0001141  45.1864 314.9353 14.63638272336733
1 00538U 61015FX  25350.30773748  .00004241  00000-0  83084-3 0  2465
2 00538  67.8049  84.6162 0001182  41.5244 318.5970 14.63644508336827
1 00538U 61015FX  25350.64941533  .00004394  00000-0  86013-3 0  2500
2 00538  67.8049  83.7152 0001204  38.6466 321.4744 14.63647564336876
1 00538U 61015FX  25351.33276811  .00004699  00000-0  91853-3 0  2525
2 00538  67.8050  81.9132 0001263  33.2695 326.8509 14.63654771336973
1 00538U 61015FX  25351.53777354  .00004556  00000-0  89101-3 0  2553
2 00538  67.8050  81.3726 0001273  30.7903 329.3295 14.63656288337001
1 00538U 61015FX  25352.28945765  .00004578  00000-0  89514-3 0  2573
2 00538  67.8050  79.3904 0001386  22.8781 337.2405 14.63663338337114
1 00538U 61015FX  25352.35779234  .00004593  00000-0  89803-3 0  2586
2 00538  67.8050  79.2103 0001394  23.1148 337.0039 14.63664039337125
1 00538U 61015FX  25352.63113109  .00004282  00000-0  83829-3 0  2598
2 00538  67.8051  78.4894 0001417  24.4083 335.7109 14.63665814337161
1 00538U 61015FX  25353.24614180  .00003784  00000-0  74285-3 0  2605
2 00538  67.8051  76.8676 0001460  23.0424 337.0765 14.63670166337252
1 00538U 61015FX  25353.38281037  .00003792  00000-0  74439-3 0  2612
2 00538  67.8052  76.5071 0001463  22.2996 337.8192 14.63671397337278
1   538U 61015FX  25353.65614751  .00003692  00000-0  72515-3 0  3045
2   538  67.8051  75.7862 0001495  21.4457 338.6729 14.63673461337318
1 00538U 61015FX  25353.65614752  .00003692  00000-0  72515-3 0  2629
2 00538  67.8051  75.7862 0001495  21.4457 338.6729 14.63673461337318
1   538U 61015FX  25354.27115441  .00003673  00000-0  72144-3 0  3054
2   538  67.8051  74.1642 0001562  19.1160 341.0022 14.63678765337403
1 00538U 61015FX  25354.27115442  .00003673  00000-0  72144-3 0  2638
2 00538  67.8051  74.1642 0001562  19.1160 341.0022 14.63678765337403
1   538U 61015FX  25354.61282440  .00003336  00000-0  65695-3 0  3066
2   538  67.8050  73.2631 0001591  18.7271 341.3911 14.63680522337459
1 00538U 61015FX  25355.29616196  .00003932  00000-0  77103-3 0  2664
2 00538  67.8051  71.4608 0001646  15.4812 344.6362 14.63687296337552
1   538U 61015FX  25355.50116273  .00004035  00000-0  79060-3 0  3074
2   538  67.8050  70.9201 0001664  15.5696 344.5479 14.63689057337583
1 00538U 61015FX  25355.50116274  .00004035  00000-0  79060-3 0  2681
2 00538  67.8050  70.9201 0001664  15.5696 344.5479 14.63689057337583
1   538U 61015FX  25356.18449603  .00005449  00000-0  10612-2 0  3083
2   538  67.8051  69.1178 0001762  10.6922 349.4239 14.63698366337686
1 00538U 61015FX  25356.18449604  .00005449  00000-0  10612-2 0  2702
2 00538  67.8051  69.1178 0001762  10.6922 349.4239 14.63698366337686
1 00538U 61015FX  25356.45782857  .00005345  00000-0  10413-2 0  2728
2 00538  67.8050  68.3968 0001787  11.1427 348.9736 14.63700527337720
1 00538U 61015FX  25357.20949028  .00005190  00000-0  10115-2 0  2735
2 00538  67.8049  66.4143 0001879   9.1236 350.9922 14.63707684337832
1   538U 61015FX  25357.34615549  .00005137  00000-0  10012-2 0  3118
2   538  67.8050  66.0538 0001902   8.5157 351.5999 14.63708978337850
1 00538U 61015FX  25357.34615549  .00005137  00000-0  10012-2 0  2757
2 00538  67.8050  66.0538 0001902   8.5157 351.5999 14.63708978337850
1 00538U 61015FX  25358.16614420  .00005253  00000-0  10232-2 0  2769
2 00538  67.8048  63.8910 0002054   3.7671 356.3469 14.63718054337977
1   538U 61015FX  25358.57613602  .00005185  00000-0  10102-2 0  3137
2   538  67.8046  62.8099 0002080   2.4398 357.6737 14.63722703338039
1 00538U 61015FX  25358.57613602  .00005185  00000-0  10102-2 0  2798
2 00538  67.8046  62.8099 0002080   2.4398 357.6737 14.63722703338039
1 00538U 61015FX  25360.21609337  .00004720  00000-0  92079-3 0  2802
2 00538  67.8047  58.4842 0002267 359.6663   0.4459 14.63739350338272
1 00538U 61015FX  25360.55774852  .00004843  00000-0  94431-3 0  2826
2 00538  67.8048  57.5830 0002285 359.7280   0.3843 14.63743576338323
1   538U 61015FX  25360.55774852  .00004843  00000-0  94431-3 0  3142
2   538  67.8048  57.5830 0002285 359.7280   0.3843 14.63743576338323
1 00538U 61015FX  25361.30938685  .00005111  00000-0  99536-3 0  2837
2 00538  67.8049  55.6001 0002336 358.9308   1.1811 14.63752182338431
1   538U 61015FX  25361.44604780  .00005152  00000-0  10031-2 0  3151
2   538  67.8050  55.2396 0002273   1.2435 358.8694 14.63753913338451
1   538U 61015FX  25361.51437838  .00005567  00000-0  10824-2 0  3168
2   538  67.8052  55.0597 0002334 359.4657   0.6464 14.63755389338463
1 00538U 61015FX  25361.51437839  .00005567  00000-0  10824-2 0  2865
2 00538  67.8052  55.0597 0002334 359.4657   0.6464 14.63755389338463
1 00538U 61015FX  25362.26601127  .00006027  00000-0  11700-2 0  2889
2 00538  67.8053  53.0771 0002421 358.9444   1.1674 14.63764684338570
1   538U 61015FX  25362.47100140  .00005964  00000-0  11581-2 0  3170
2   538  67.8057  52.5364 0002378 359.8060   0.3063 14.63766798338606
1 00538U 61015FX  25362.53933135  .00005669  00000-0  11016-2 0  2911
2 00538  67.8057  52.3561 0002402 359.2500   0.8620 14.63767038338617
1   538U 61015FX  25362.53933134  .00005669  00000-0  11016-2 0  3180
2   538  67.8057  52.3561 0002402 359.2500   0.8620 14.63767038338617
1 00538U 61015FX  25363.22262749  .00007022  00000-0  13597-2 0  2926
2 00538  67.8058  50.5538 0002475 358.5296   1.5821 14.63778449338716
1   538U 61015FX  25363.22262749  .00007022  00000-0  13597-2 0  3196
2   538  67.8058  50.5538 0002475 358.5296   1.5821 14.63778449338716
1   538U 61015FX  25363.49594499  .00006905  00000-0  13374-2 0  3209
2   538  67.8059  49.8332 0002584 357.1702   2.9407 14.63781666338752
1   538U 61015FX  25364.17923524  .00007062  00000-0  13670-2 0  3215
2   538  67.8059  48.0309 0002696 356.1454   3.9649 14.63791248338851
1 00538U 61015FX  25364.24756400  .00007101  00000-0  13745-2 0  2979
2 00538  67.8058  47.8507 0002716 355.8853   4.2249 14.63792291338869
1 00538U 61015FX  25364.52087871  .00007130  00000-0  13798-2 0  3015
2 00538  67.8058  47.1299 0002843 354.1198   5.9892 14.63796070338901
1   538U 61015FX  25364.52087870  .00007130  00000-0  13798-2 0  3238
2   538  67.8058  47.1299 0002843 354.1198   5.9892 14.63796070338901
1   538U 61015FX  25365.13583389  .00007726  00000-0  14933-2 0  3246
2   538  67.8060  45.5076 0002888 353.7532   6.3556 14.63805854338997
1 00538U 61015FX  25365.27249021  .00006827  00000-0  13218-2 0  3047
2 00538  67.8061  45.1471 0002926 353.1480   6.9604 14.63806001339011
1   538U 61015FX  25365.47747426  .00007105  00000-0  13746-2 0  3250
2   538  67.8060  44.6063 0002926 353.3840   6.7245 14.63809169339043
1 00538U 61015FX  25365.47747427  .00007105  00000-0  13746-2 0  3060
2 00538  67.8060  44.6063 0002926 353.3840   6.7245 14.63809169339043
